nohup: ignoring input
/data/zd/TTA_VLM/S2_Corr/train_net.py:16: FutureWarning: In the future `np.bool` will be defined as the corresponding NumPy scalar.
  if not hasattr(np, _name):
/data/zd/TTA_VLM/S2_Corr/train_net.py:16: FutureWarning: In the future `np.object` will be defined as the corresponding NumPy scalar.
  if not hasattr(np, _name):
/data/zd/TTA_VLM/S2_Corr/train_net.py:18: FutureWarning: In the future `np.long` will be defined as the corresponding NumPy scalar.
  if not hasattr(np, "long"):
/data2/anaconda3/envs/DeCLIP_CATSeg/lib/python3.10/site-packages/torchvision/datapoints/__init__.py:12: UserWarning: The torchvision.datapoints and torchvision.transforms.v2 namespaces are still Beta. While we do not expect major breaking changes, some APIs may still change according to user feedback. Please submit any feedback you may have in this issue: https://github.com/pytorch/vision/issues/6753, and you can also check out https://github.com/pytorch/vision/issues/7319 to learn more about the APIs that we suspect might involve future changes. You can silence this warning by calling torchvision.disable_beta_transforms_warning().
  warnings.warn(_BETA_TRANSFORMS_WARNING)
/data2/anaconda3/envs/DeCLIP_CATSeg/lib/python3.10/site-packages/torchvision/transforms/v2/__init__.py:54: UserWarning: The torchvision.datapoints and torchvision.transforms.v2 namespaces are still Beta. While we do not expect major breaking changes, some APIs may still change according to user feedback. Please submit any feedback you may have in this issue: https://github.com/pytorch/vision/issues/6753, and you can also check out https://github.com/pytorch/vision/issues/7319 to learn more about the APIs that we suspect might involve future changes. You can silence this warning by calling torchvision.disable_beta_transforms_warning().
  warnings.warn(_BETA_TRANSFORMS_WARNING)
Please 'pip install apex'
Command Line Args: Namespace(config_file='configs/cs7_catseg.yaml', resume=True, eval_only=False, num_gpus=1, num_machines=1, machine_rank=0, dist_url='auto', opts=['OUTPUT_DIR', 'outputs/cs7_eva_b16_r512'])
[12/09 23:54:11 detectron2]: Rank of current process: 0. World size: 1
[12/09 23:54:12 detectron2]: Environment info:
----------------------  ------------------------------------------------------------------------------------------
sys.platform            linux
Python                  3.10.0 (default, Mar  3 2022, 09:58:08) [GCC 7.5.0]
numpy                   1.26.4
detectron2              0.6 @/data2/anaconda3/envs/DeCLIP_CATSeg/lib/python3.10/site-packages/detectron2
Compiler                GCC 7.5
CUDA compiler           CUDA 11.6
detectron2 arch flags   8.0
DETECTRON2_ENV_MODULE   <not set>
PyTorch                 2.0.0+cu117 @/data2/anaconda3/envs/DeCLIP_CATSeg/lib/python3.10/site-packages/torch
PyTorch debug build     False
GPU available           Yes
GPU 0                   GeForce RTX 3090 (arch=8.6)
Driver version          460.84
CUDA_HOME               /usr/local/cuda-11.6
TORCH_CUDA_ARCH_LIST    8.0
Pillow                  9.1.0
torchvision             0.15.1+cu117 @/data2/anaconda3/envs/DeCLIP_CATSeg/lib/python3.10/site-packages/torchvision
torchvision arch flags  3.5, 5.0, 6.0, 7.0, 7.5, 8.0, 8.6
fvcore                  0.1.5.post20221221
iopath                  0.1.9
cv2                     4.11.0
----------------------  ------------------------------------------------------------------------------------------
PyTorch built with:
  - GCC 9.3
  - C++ Version: 201703
  - Intel(R) oneAPI Math Kernel Library Version 2022.2-Product Build 20220804 for Intel(R) 64 architecture applications
  - Intel(R) MKL-DNN v2.7.3 (Git Hash 6dbeffbae1f23cbbeae17adb7b5b13f1f37c080e)
  - OpenMP 201511 (a.k.a. OpenMP 4.5)
  - LAPACK is enabled (usually provided by MKL)
  - NNPACK is enabled
  - CPU capability usage: AVX2
  - CUDA Runtime 11.7
  - NVCC architecture flags: -gencode;arch=compute_37,code=sm_37;-gencode;arch=compute_50,code=sm_50;-gencode;arch=compute_60,code=sm_60;-gencode;arch=compute_70,code=sm_70;-gencode;arch=compute_75,code=sm_75;-gencode;arch=compute_80,code=sm_80;-gencode;arch=compute_86,code=sm_86
  - CuDNN 8.5
  - Magma 2.6.1
  - Build settings: BLAS_INFO=mkl, BUILD_TYPE=Release, CUDA_VERSION=11.7, CUDNN_VERSION=8.5.0, CXX_COMPILER=/opt/rh/devtoolset-9/root/usr/bin/c++, CXX_FLAGS= -D_GLIBCXX_USE_CXX11_ABI=0 -fabi-version=11 -Wno-deprecated -fvisibility-inlines-hidden -DUSE_PTHREADPOOL -DNDEBUG -DUSE_KINETO -DLIBKINETO_NOROCTRACER -DUSE_FBGEMM -DUSE_QNNPACK -DUSE_PYTORCH_QNNPACK -DUSE_XNNPACK -DSYMBOLICATE_MOBILE_DEBUG_HANDLE -O2 -fPIC -Wall -Wextra -Werror=return-type -Werror=non-virtual-dtor -Werror=bool-operation -Wnarrowing -Wno-missing-field-initializers -Wno-type-limits -Wno-array-bounds -Wno-unknown-pragmas -Wunused-local-typedefs -Wno-unused-parameter -Wno-unused-function -Wno-unused-result -Wno-strict-overflow -Wno-strict-aliasing -Wno-error=deprecated-declarations -Wno-stringop-overflow -Wno-psabi -Wno-error=pedantic -Wno-error=redundant-decls -Wno-error=old-style-cast -fdiagnostics-color=always -faligned-new -Wno-unused-but-set-variable -Wno-maybe-uninitialized -fno-math-errno -fno-trapping-math -Werror=format -Werror=cast-function-type -Wno-stringop-overflow, LAPACK_INFO=mkl, PERF_WITH_AVX=1, PERF_WITH_AVX2=1, PERF_WITH_AVX512=1, TORCH_DISABLE_GPU_ASSERTS=ON, TORCH_VERSION=2.0.0, USE_CUDA=ON, USE_CUDNN=ON, USE_EXCEPTION_PTR=1, USE_GFLAGS=OFF, USE_GLOG=OFF, USE_MKL=ON, USE_MKLDNN=ON, USE_MPI=OFF, USE_NCCL=1, USE_NNPACK=ON, USE_OPENMP=ON, USE_ROCM=OFF, 

[12/09 23:54:12 detectron2]: Command line arguments: Namespace(config_file='configs/cs7_catseg.yaml', resume=True, eval_only=False, num_gpus=1, num_machines=1, machine_rank=0, dist_url='auto', opts=['OUTPUT_DIR', 'outputs/cs7_eva_b16_r512'])
[12/09 23:54:12 detectron2]: Contents of args.config_file=configs/cs7_catseg.yaml:
_BASE_: config.yaml
DATASETS:
  TRAIN: ("cityscapes7_train",)
  TEST:  ("cityscapes19_val",)
MODEL:
  META_ARCHITECTURE: "CATSeg"
  PIXEL_MEAN: [123.675, 116.280, 103.530]
  PIXEL_STD: [58.395, 57.120, 57.375]
  SEM_SEG_HEAD:
    NAME: "CATSegHead"
    IN_FEATURES: [ "res2", "res3", "res4" ]
    IGNORE_VALUE: 255
    NUM_CLASSES: 19
    TRAIN_CLASS_JSON: "datasets/cityscapes_seen_7.json"
    TEST_CLASS_JSON:  "datasets/cityscapes_19.json"
    CLIP_PRETRAINED: "EVA02-CLIP-B-16"
    PROMPT_DEPTH: 0
    PROMPT_LENGTH: 0
    TEXT_GUIDANCE_DIM: 512
    TEXT_GUIDANCE_PROJ_DIM: 128
    APPEARANCE_GUIDANCE_DIM: 512
    APPEARANCE_GUIDANCE_PROJ_DIM: 128
    DECODER_DIMS: [ 64, 32 ]
    DECODER_GUIDANCE_DIMS: [ 256, 128 ]
    DECODER_GUIDANCE_PROJ_DIMS: [ 32, 16 ]
    NUM_LAYERS: 1
    NUM_HEADS: 4
    HIDDEN_DIMS: 128
    POOLING_SIZES: [ 1, 1 ]
    FEATURE_RESOLUTION: [ 32, 32 ]
    WINDOW_SIZES: 16
    ATTENTION_TYPE: "mamba"
    CLIP_FINETUNE: "vision_plus"
    CACHE_DIR: "/data/zd/TTA_VLM/DeCLIP-ZSSS/Pretrain/EVA02_CLIP_B_psz16_s8B.pt"
    ENABLE_HIGH_RES: "False"
  PROMPT_ENSEMBLE_TYPE: "multi_domain"
INPUT:
  MIN_SIZE_TRAIN: (512, 768)
  MIN_SIZE_TRAIN_SAMPLING: "choice"
  MAX_SIZE_TRAIN: 1024
  MIN_SIZE_TEST: 512
  MAX_SIZE_TEST: 1024
  CROP:
    ENABLED: True
    TYPE: "absolute"
    SIZE: (512, 512)
  SIZE_DIVISIBILITY: 32
  FORMAT: "RGB"
  DATASET_MAPPER_NAME: "mask_former_semantic"
SOLVER:
  IMS_PER_BATCH: 4
  LR_SCHEDULER_NAME: "WarmupCosineLR"
  BASE_LR: 0.0002
  MAX_ITER: 20000
  BACKBONE_MULTIPLIER: 0.0
  CLIP_MULTIPLIER: 0.01
TEST:
  EVAL_PERIOD: 40000
  SLIDING_WINDOW: True
  SW_KERNEL: 512
  SW_OVERLAP: 0.333
  SW_OUT_RES: [512, 1024]
[12/09 23:54:12 detectron2]: Running with full config:
CUDNN_BENCHMARK: true
DATALOADER:
  ASPECT_RATIO_GROUPING: true
  FILTER_EMPTY_ANNOTATIONS: true
  NUM_WORKERS: 8
  REPEAT_THRESHOLD: 0.0
  SAMPLER_TRAIN: TrainingSampler
DATASETS:
  PRECOMPUTED_PROPOSAL_TOPK_TEST: 1000
  PRECOMPUTED_PROPOSAL_TOPK_TRAIN: 2000
  PROPOSAL_FILES_TEST: []
  PROPOSAL_FILES_TRAIN: []
  TEST:
  - cityscapes19_val
  TRAIN:
  - cityscapes7_train
  VAL_ALL:
  - coco_2017_val_all_stuff_sem_seg
DDP:
  BROADCAST_BUFFERS: false
  FIND_UNUSED_PARAMETERS: true
GLOBAL:
  HACK: 1.0
INPUT:
  COLOR_AUG_SSD: true
  CROP:
    ENABLED: true
    SINGLE_CATEGORY_MAX_AREA: 1.0
    SIZE:
    - 512
    - 512
    TYPE: absolute
  DATASET_MAPPER_NAME: mask_former_semantic
  FORMAT: RGB
  MASK_FORMAT: polygon
  MAX_SIZE_TEST: 1024
  MAX_SIZE_TRAIN: 1024
  MIN_SIZE_TEST: 512
  MIN_SIZE_TRAIN:
  - 512
  - 768
  MIN_SIZE_TRAIN_SAMPLING: choice
  RANDOM_FLIP: horizontal
  SIZE_DIVISIBILITY: 32
MODEL:
  ANCHOR_GENERATOR:
    ANGLES:
    - - -90
      - 0
      - 90
    ASPECT_RATIOS:
    - - 0.5
      - 1.0
      - 2.0
    NAME: DefaultAnchorGenerator
    OFFSET: 0.0
    SIZES:
    - - 32
      - 64
      - 128
      - 256
      - 512
  BACKBONE:
    FREEZE_AT: 2
    NAME: build_resnet_backbone
  CLIP_PIXEL_MEAN:
  - 122.7709383
  - 116.7460125
  - 104.09373615
  CLIP_PIXEL_STD:
  - 68.5005327
  - 66.6321579
  - 70.323163
  DEVICE: cuda
  FPN:
    FUSE_TYPE: sum
    IN_FEATURES: []
    NORM: ''
    OUT_CHANNELS: 256
  KEYPOINT_ON: false
  LOAD_PROPOSALS: false
  MASK_FORMER:
    SIZE_DIVISIBILITY: 32
  MASK_ON: false
  META_ARCHITECTURE: CATSeg
  PANOPTIC_FPN:
    COMBINE:
      ENABLED: true
      INSTANCES_CONFIDENCE_THRESH: 0.5
      OVERLAP_THRESH: 0.5
      STUFF_AREA_LIMIT: 4096
    INSTANCE_LOSS_WEIGHT: 1.0
  PIXEL_MEAN:
  - 123.675
  - 116.28
  - 103.53
  PIXEL_STD:
  - 58.395
  - 57.12
  - 57.375
  PROMPT_ENSEMBLE: false
  PROMPT_ENSEMBLE_TYPE: multi_domain
  PROPOSAL_GENERATOR:
    MIN_SIZE: 0
    NAME: RPN
  RESNETS:
    DEFORM_MODULATED: false
    DEFORM_NUM_GROUPS: 1
    DEFORM_ON_PER_STAGE:
    - false
    - false
    - false
    - false
    DEPTH: 50
    NORM: FrozenBN
    NUM_GROUPS: 1
    OUT_FEATURES:
    - res4
    RES2_OUT_CHANNELS: 256
    RES4_DILATION: 1
    RES5_DILATION: 1
    RES5_MULTI_GRID:
    - 1
    - 2
    - 4
    STEM_OUT_CHANNELS: 64
    STEM_TYPE: deeplab
    STRIDE_IN_1X1: true
    WIDTH_PER_GROUP: 64
  RETINANET:
    BBOX_REG_LOSS_TYPE: smooth_l1
    BBOX_REG_WEIGHTS: &id002
    - 1.0
    - 1.0
    - 1.0
    - 1.0
    FOCAL_LOSS_ALPHA: 0.25
    FOCAL_LOSS_GAMMA: 2.0
    IN_FEATURES:
    - p3
    - p4
    - p5
    - p6
    - p7
    IOU_LABELS:
    - 0
    - -1
    - 1
    IOU_THRESHOLDS:
    - 0.4
    - 0.5
    NMS_THRESH_TEST: 0.5
    NORM: ''
    NUM_CLASSES: 80
    NUM_CONVS: 4
    PRIOR_PROB: 0.01
    SCORE_THRESH_TEST: 0.05
    SMOOTH_L1_LOSS_BETA: 0.1
    TOPK_CANDIDATES_TEST: 1000
  ROI_BOX_CASCADE_HEAD:
    BBOX_REG_WEIGHTS:
    - &id001
      - 10.0
      - 10.0
      - 5.0
      - 5.0
    - - 20.0
      - 20.0
      - 10.0
      - 10.0
    - - 30.0
      - 30.0
      - 15.0
      - 15.0
    IOUS:
    - 0.5
    - 0.6
    - 0.7
  ROI_BOX_HEAD:
    BBOX_REG_LOSS_TYPE: smooth_l1
    BBOX_REG_LOSS_WEIGHT: 1.0
    BBOX_REG_WEIGHTS: *id001
    CLS_AGNOSTIC_BBOX_REG: false
    CONV_DIM: 256
    FC_DIM: 1024
    NAME: ''
    NORM: ''
    NUM_CONV: 0
    NUM_FC: 0
    POOLER_RESOLUTION: 14
    POOLER_SAMPLING_RATIO: 0
    POOLER_TYPE: ROIAlignV2
    SMOOTH_L1_BETA: 0.0
    TRAIN_ON_PRED_BOXES: false
  ROI_HEADS:
    BATCH_SIZE_PER_IMAGE: 512
    IN_FEATURES:
    - res4
    IOU_LABELS:
    - 0
    - 1
    IOU_THRESHOLDS:
    - 0.5
    NAME: Res5ROIHeads
    NMS_THRESH_TEST: 0.5
    NUM_CLASSES: 80
    POSITIVE_FRACTION: 0.25
    PROPOSAL_APPEND_GT: true
    SCORE_THRESH_TEST: 0.05
  ROI_KEYPOINT_HEAD:
    CONV_DIMS:
    - 512
    - 512
    - 512
    - 512
    - 512
    - 512
    - 512
    - 512
    LOSS_WEIGHT: 1.0
    MIN_KEYPOINTS_PER_IMAGE: 1
    NAME: KRCNNConvDeconvUpsampleHead
    NORMALIZE_LOSS_BY_VISIBLE_KEYPOINTS: true
    NUM_KEYPOINTS: 17
    POOLER_RESOLUTION: 14
    POOLER_SAMPLING_RATIO: 0
    POOLER_TYPE: ROIAlignV2
  ROI_MASK_HEAD:
    CLS_AGNOSTIC_MASK: false
    CONV_DIM: 256
    NAME: MaskRCNNConvUpsampleHead
    NORM: ''
    NUM_CONV: 0
    POOLER_RESOLUTION: 14
    POOLER_SAMPLING_RATIO: 0
    POOLER_TYPE: ROIAlignV2
  RPN:
    BATCH_SIZE_PER_IMAGE: 256
    BBOX_REG_LOSS_TYPE: smooth_l1
    BBOX_REG_LOSS_WEIGHT: 1.0
    BBOX_REG_WEIGHTS: *id002
    BOUNDARY_THRESH: -1
    CONV_DIMS:
    - -1
    HEAD_NAME: StandardRPNHead
    IN_FEATURES:
    - res4
    IOU_LABELS:
    - 0
    - -1
    - 1
    IOU_THRESHOLDS:
    - 0.3
    - 0.7
    LOSS_WEIGHT: 1.0
    NMS_THRESH: 0.7
    POSITIVE_FRACTION: 0.5
    POST_NMS_TOPK_TEST: 1000
    POST_NMS_TOPK_TRAIN: 2000
    PRE_NMS_TOPK_TEST: 6000
    PRE_NMS_TOPK_TRAIN: 12000
    SMOOTH_L1_BETA: 0.0
  SEM_SEG_HEAD:
    APPEARANCE_GUIDANCE_DIM: 512
    APPEARANCE_GUIDANCE_PROJ_DIM: 128
    ASPP_CHANNELS: 256
    ASPP_DILATIONS:
    - 6
    - 12
    - 18
    ASPP_DROPOUT: 0.1
    ATTENTION_TYPE: mamba
    CACHE_DIR: /data/zd/TTA_VLM/DeCLIP-ZSSS/Pretrain/EVA02_CLIP_B_psz16_s8B.pt
    CLIP_FINETUNE: vision_plus
    CLIP_PRETRAINED: EVA02-CLIP-B-16
    COMMON_STRIDE: 4
    CONVS_DIM: 128
    DECODER_DIMS:
    - 64
    - 32
    DECODER_GUIDANCE_DIMS:
    - 256
    - 128
    DECODER_GUIDANCE_PROJ_DIMS:
    - 32
    - 16
    ENABLE_HIGH_RES: false
    FEATURE_RESOLUTION:
    - 32
    - 32
    HIDDEN_DIMS: 128
    IGNORE_VALUE: 255
    IN_FEATURES:
    - res2
    - res3
    - res4
    LOSS_TYPE: hard_pixel_mining
    LOSS_WEIGHT: 1.0
    NAME: CATSegHead
    NORM: GN
    NUM_CLASSES: 19
    NUM_HEADS: 4
    NUM_LAYERS: 1
    POOLING_SIZES:
    - 1
    - 1
    PROJECT_CHANNELS:
    - 48
    PROJECT_FEATURES:
    - res2
    PROMPT_DEPTH: 0
    PROMPT_LENGTH: 0
    TEST_CLASS_INDEXES: datasets/coco/coco_stuff/split/unseen_indexes.json
    TEST_CLASS_JSON: datasets/cityscapes_19.json
    TEXT_GUIDANCE_DIM: 512
    TEXT_GUIDANCE_PROJ_DIM: 128
    TRAIN_CLASS_INDEXES: datasets/coco/coco_stuff/split/seen_indexes.json
    TRAIN_CLASS_JSON: datasets/cityscapes_seen_7.json
    USE_DEPTHWISE_SEPARABLE_CONV: false
    WINDOW_SIZES: 16
  SWIN:
    APE: false
    ATTN_DROP_RATE: 0.0
    DEPTHS:
    - 2
    - 2
    - 6
    - 2
    DROP_PATH_RATE: 0.3
    DROP_RATE: 0.0
    EMBED_DIM: 96
    MLP_RATIO: 4.0
    NUM_HEADS:
    - 3
    - 6
    - 12
    - 24
    OUT_FEATURES:
    - res2
    - res3
    - res4
    - res5
    PATCH_NORM: true
    PATCH_SIZE: 4
    PRETRAIN_IMG_SIZE: 224
    QKV_BIAS: true
    QK_SCALE: null
    WINDOW_SIZE: 7
  WEIGHTS: ''
OUTPUT_DIR: outputs/cs7_eva_b16_r512
SEED: -1
SOLVER:
  AMP:
    ENABLED: false
  BACKBONE_MULTIPLIER: 0.0
  BASE_LR: 0.0002
  BIAS_LR_FACTOR: 1.0
  CHECKPOINT_PERIOD: 5000
  CLIP_GRADIENTS:
    CLIP_TYPE: full_model
    CLIP_VALUE: 0.01
    ENABLED: true
    NORM_TYPE: 2.0
  CLIP_MULTIPLIER: 0.01
  GAMMA: 0.1
  IMS_PER_BATCH: 4
  LR_SCHEDULER_NAME: WarmupCosineLR
  MAX_ITER: 20000
  MOMENTUM: 0.9
  NESTEROV: false
  OPTIMIZER: ADAMW
  POLY_LR_CONSTANT_ENDING: 0.0
  POLY_LR_POWER: 0.9
  REFERENCE_WORLD_SIZE: 0
  STEPS:
  - 30000
  WARMUP_FACTOR: 1.0
  WARMUP_ITERS: 0
  WARMUP_METHOD: linear
  WEIGHT_DECAY: 0.0001
  WEIGHT_DECAY_BIAS: null
  WEIGHT_DECAY_EMBED: 0.0
  WEIGHT_DECAY_NORM: 0.0
TEST:
  AUG:
    ENABLED: false
    FLIP: true
    MAX_SIZE: 4000
    MIN_SIZES:
    - 400
    - 500
    - 600
    - 700
    - 800
    - 900
    - 1000
    - 1100
    - 1200
  DETECTIONS_PER_IMAGE: 100
  EVAL_PERIOD: 40000
  EXPECTED_RESULTS: []
  KEYPOINT_OKS_SIGMAS: []
  PRECISE_BN:
    ENABLED: false
    NUM_ITER: 200
  SLIDING_WINDOW: true
  SW_KERNEL: 512
  SW_OUT_RES:
  - 512
  - 1024
  SW_OVERLAP: 0.333
VERSION: 2
VIS_PERIOD: 0

[12/09 23:54:12 detectron2]: Full config saved to outputs/cs7_eva_b16_r512/config.yaml
[12/09 23:54:12 d2.utils.env]: Using a generated random seed 12538299
Freeze text encoder parameters
[12/09 23:54:17 d2.engine.defaults]: Model:
CATSeg(
  (sem_seg_head): CATSegHead(
    (predictor): CATSegPredictor(
      (clip_model): CustomCLIP(
        (visual): EVAVisionTransformer(
          (patch_embed): PatchEmbed(
            (proj): Conv2d(3, 768, kernel_size=(16, 16), stride=(16, 16))
          )
          (pos_drop): Dropout(p=0.0, inplace=False)
          (rope): VisionRotaryEmbeddingFast()
          (blocks): ModuleList(
            (0-11): 12 x Block(
              (norm1): LayerNorm((768,), eps=1e-06, elementwise_affine=True)
              (attn): Attention(
                (q_proj): Linear(in_features=768, out_features=768, bias=False)
                (k_proj): Linear(in_features=768, out_features=768, bias=False)
                (v_proj): Linear(in_features=768, out_features=768, bias=False)
                (attn_drop): Dropout(p=0.0, inplace=False)
                (inner_attn_ln): LayerNorm((768,), eps=1e-06, elementwise_affine=True)
                (proj): Linear(in_features=768, out_features=768, bias=True)
                (proj_drop): Dropout(p=0.0, inplace=False)
                (rope): VisionRotaryEmbeddingFast()
              )
              (drop_path): Identity()
              (norm2): LayerNorm((768,), eps=1e-06, elementwise_affine=True)
              (mlp): SwiGLU(
                (w1): Linear(in_features=768, out_features=2048, bias=True)
                (w2): Linear(in_features=768, out_features=2048, bias=True)
                (act): SiLU()
                (ffn_ln): LayerNorm((2048,), eps=1e-06, elementwise_affine=True)
                (w3): Linear(in_features=2048, out_features=768, bias=True)
                (drop): Dropout(p=0.0, inplace=False)
              )
            )
          )
          (norm): LayerNorm((768,), eps=1e-06, elementwise_affine=True)
          (head): Linear(in_features=768, out_features=512, bias=True)
          (patch_dropout): Identity()
        )
        (text): TextTransformer(
          (token_embedding): Embedding(49408, 512)
          (transformer): Transformer(
            (resblocks): ModuleList(
              (0-11): 12 x ResidualAttentionBlock(
                (ln_1): LayerNorm((512,), eps=1e-05, elementwise_affine=True)
                (attn): Attention(
                  (attn_drop): Dropout(p=0.0, inplace=False)
                  (out_proj): Linear(in_features=512, out_features=512, bias=True)
                  (out_drop): Dropout(p=0.0, inplace=False)
                )
                (ls_1): Identity()
                (ln_2): LayerNorm((512,), eps=1e-05, elementwise_affine=True)
                (mlp): Sequential(
                  (c_fc): Linear(in_features=512, out_features=2048, bias=True)
                  (gelu): GELU(approximate='none')
                  (c_proj): Linear(in_features=2048, out_features=512, bias=True)
                )
                (ls_2): Identity()
              )
            )
          )
          (ln_final): LayerNorm((512,), eps=1e-05, elementwise_affine=True)
        )
      )
      (transformer): AggregatorMambaLite(
        (layers): ModuleList(
          (0): Sequential(
            (0): AxialMambaBlockLite_v2(
              (film): FiLM2D(
                (pool): AdaptiveAvgPool2d(output_size=1)
                (fc): Conv2d(128, 256, kernel_size=(1, 1), stride=(1, 1))
              )
              (pre_mix): Sequential(
                (0): Conv2d(128, 128, kernel_size=(3, 3), stride=(1, 1), padding=(1, 1), groups=128)
                (1): Conv2d(128, 128, kernel_size=(1, 1), stride=(1, 1))
                (2): GELU(approximate='none')
              )
              (seq_row): Mamba1DWithDecayPrior(
                (out_norm): LayerNorm((128,), eps=1e-05, elementwise_affine=True)
                (gate): Sequential(
                  (0): Linear(in_features=128, out_features=128, bias=True)
                  (1): SiLU()
                )
                (proj_in): Linear(in_features=128, out_features=384, bias=True)
                (drop): Dropout(p=0.0, inplace=False)
              )
              (post_proj): Conv2d(128, 128, kernel_size=(1, 1), stride=(1, 1))
              (norm_tok): LayerNorm((128,), eps=1e-05, elementwise_affine=True)
              (ffn): Sequential(
                (0): Linear(in_features=128, out_features=384, bias=True)
                (1): GELU(approximate='none')
                (2): Linear(in_features=384, out_features=128, bias=True)
              )
              (down): Identity()
            )
            (1): ClassMambaLayerLite(
              (pool): AvgPool2d(kernel_size=[1, 1], stride=[1, 1], padding=0)
              (guid_proj): Linear(in_features=128, out_features=256, bias=True)
              (seq_block): _Mamba1DAdapterLite(
                (blocks): ModuleList(
                  (0): PseudoMamba1D(
                    (gate): Sequential(
                      (0): Linear(in_features=128, out_features=128, bias=True)
                      (1): SiLU()
                    )
                    (proj_in): Linear(in_features=128, out_features=384, bias=True)
                    (out_norm): LayerNorm((128,), eps=1e-05, elementwise_affine=True)
                    (drop): Dropout(p=0.0, inplace=False)
                  )
                )
                (norm): LayerNorm((128,), eps=1e-05, elementwise_affine=True)
              )
              (norm1): LayerNorm((128,), eps=1e-05, elementwise_affine=True)
              (norm2): LayerNorm((128,), eps=1e-05, elementwise_affine=True)
              (ffn): Sequential(
                (0): Linear(in_features=128, out_features=384, bias=True)
                (1): GELU(approximate='none')
                (2): Linear(in_features=384, out_features=128, bias=True)
              )
            )
          )
        )
        (conv1): Conv2d(1, 128, kernel_size=(7, 7), stride=(1, 1), padding=(3, 3))
        (guidance_projection): Sequential(
          (0): Conv2d(512, 128, kernel_size=(3, 3), stride=(1, 1), padding=(1, 1))
          (1): ReLU()
        )
        (text_guidance_projection): Sequential(
          (0): Linear(in_features=512, out_features=128, bias=True)
          (1): ReLU()
        )
        (decoder_guidance_projection): ModuleList(
          (0): Sequential(
            (0): Conv2d(256, 32, kernel_size=(3, 3), stride=(1, 1), padding=(1, 1))
            (1): ReLU()
          )
          (1): Sequential(
            (0): Conv2d(128, 16, kernel_size=(3, 3), stride=(1, 1), padding=(1, 1))
            (1): ReLU()
          )
        )
        (decoder1): UpLite(
          (up): ConvTranspose2d(128, 96, kernel_size=(2, 2), stride=(2, 2))
          (conv): Sequential(
            (0): Conv2d(128, 64, kernel_size=(3, 3), stride=(1, 1), padding=(1, 1), bias=False)
            (1): GroupNorm(4, 64, eps=1e-05, affine=True)
            (2): ReLU()
          )
        )
        (decoder2): UpLite(
          (up): ConvTranspose2d(64, 48, kernel_size=(2, 2), stride=(2, 2))
          (conv): Sequential(
            (0): Conv2d(64, 32, kernel_size=(3, 3), stride=(1, 1), padding=(1, 1), bias=False)
            (1): GroupNorm(2, 32, eps=1e-05, affine=True)
            (2): ReLU()
          )
        )
        (head): Conv2d(32, 1, kernel_size=(3, 3), stride=(1, 1), padding=(1, 1))
      )
    )
  )
  (upsample1): ConvTranspose2d(768, 256, kernel_size=(2, 2), stride=(2, 2))
  (upsample2): ConvTranspose2d(768, 128, kernel_size=(4, 4), stride=(4, 4))
)
[12/09 23:54:17 d2.data.build]: Using training sampler TrainingSampler
[12/09 23:54:17 d2.data.common]: Serializing 2975 elements to byte tensors and concatenating them all ...
[12/09 23:54:17 d2.data.common]: Serialized dataset takes 0.92 MiB
[12/09 23:54:17 fvcore.common.checkpoint]: No checkpoint found. Initializing model from scratch
[12/09 23:54:17 d2.engine.train_loop]: Starting training from iteration 0
Add a new rope freq of shape: torch.Size([1024, 64])
[12/09 23:54:28 d2.utils.events]:  eta: 2:02:39  iter: 19  total_loss: 0.3884  time: 0.3701  data_time: 0.0361  lr: 0.0002  max_mem: 16841M
[12/09 23:54:35 d2.utils.events]:  eta: 2:02:06  iter: 39  total_loss: 0.3014  time: 0.3697  data_time: 0.0092  lr: 0.0002  max_mem: 16841M
[12/09 23:54:43 d2.utils.events]:  eta: 2:00:54  iter: 59  total_loss: 0.2019  time: 0.3664  data_time: 0.0077  lr: 0.0002  max_mem: 16841M
[12/09 23:54:50 d2.utils.events]:  eta: 2:00:34  iter: 79  total_loss: 0.1588  time: 0.3653  data_time: 0.0079  lr: 0.00019999  max_mem: 16841M
[12/09 23:54:57 d2.utils.events]:  eta: 2:00:29  iter: 99  total_loss: 0.126  time: 0.3655  data_time: 0.0076  lr: 0.00019999  max_mem: 16841M
[12/09 23:55:05 d2.utils.events]:  eta: 2:00:18  iter: 119  total_loss: 0.1098  time: 0.3653  data_time: 0.0077  lr: 0.00019998  max_mem: 16841M
[12/09 23:55:12 d2.utils.events]:  eta: 2:00:27  iter: 139  total_loss: 0.1048  time: 0.3658  data_time: 0.0082  lr: 0.00019998  max_mem: 16841M
[12/09 23:55:20 d2.utils.events]:  eta: 2:00:23  iter: 159  total_loss: 0.09385  time: 0.3659  data_time: 0.0073  lr: 0.00019997  max_mem: 16841M
[12/09 23:55:27 d2.utils.events]:  eta: 1:59:59  iter: 179  total_loss: 0.08315  time: 0.3650  data_time: 0.0075  lr: 0.00019996  max_mem: 16841M
[12/09 23:55:35 d2.utils.events]:  eta: 2:00:00  iter: 199  total_loss: 0.0796  time: 0.3651  data_time: 0.0082  lr: 0.00019995  max_mem: 16841M
[12/09 23:55:42 d2.utils.events]:  eta: 1:59:45  iter: 219  total_loss: 0.07456  time: 0.3648  data_time: 0.0078  lr: 0.00019994  max_mem: 16841M
[12/09 23:55:50 d2.utils.events]:  eta: 1:59:27  iter: 239  total_loss: 0.06706  time: 0.3643  data_time: 0.0074  lr: 0.00019993  max_mem: 16841M
[12/09 23:55:57 d2.utils.events]:  eta: 1:59:11  iter: 259  total_loss: 0.0656  time: 0.3639  data_time: 0.0073  lr: 0.00019992  max_mem: 16841M
[12/09 23:56:04 d2.utils.events]:  eta: 1:58:47  iter: 279  total_loss: 0.06622  time: 0.3638  data_time: 0.0073  lr: 0.0001999  max_mem: 16841M
[12/09 23:56:12 d2.utils.events]:  eta: 1:58:40  iter: 299  total_loss: 0.05761  time: 0.3636  data_time: 0.0072  lr: 0.00019989  max_mem: 16841M
[12/09 23:56:19 d2.utils.events]:  eta: 1:58:42  iter: 319  total_loss: 0.06216  time: 0.3638  data_time: 0.0076  lr: 0.00019987  max_mem: 16841M
[12/09 23:56:26 d2.utils.events]:  eta: 1:58:24  iter: 339  total_loss: 0.05565  time: 0.3635  data_time: 0.0073  lr: 0.00019986  max_mem: 16841M
[12/09 23:56:33 d2.utils.events]:  eta: 1:58:14  iter: 359  total_loss: 0.05948  time: 0.3633  data_time: 0.0075  lr: 0.00019984  max_mem: 16841M
[12/09 23:56:41 d2.utils.events]:  eta: 1:58:01  iter: 379  total_loss: 0.05861  time: 0.3631  data_time: 0.0073  lr: 0.00019982  max_mem: 16841M
[12/09 23:56:48 d2.utils.events]:  eta: 1:57:53  iter: 399  total_loss: 0.04999  time: 0.3629  data_time: 0.0075  lr: 0.0001998  max_mem: 16841M
[12/09 23:56:55 d2.utils.events]:  eta: 1:57:52  iter: 419  total_loss: 0.05342  time: 0.3631  data_time: 0.0077  lr: 0.00019978  max_mem: 16841M
[12/09 23:57:03 d2.utils.events]:  eta: 1:57:49  iter: 439  total_loss: 0.04771  time: 0.3634  data_time: 0.0077  lr: 0.00019976  max_mem: 16841M
[12/09 23:57:10 d2.utils.events]:  eta: 1:57:47  iter: 459  total_loss: 0.05109  time: 0.3637  data_time: 0.0079  lr: 0.00019974  max_mem: 16841M
[12/09 23:57:18 d2.utils.events]:  eta: 1:57:34  iter: 479  total_loss: 0.05005  time: 0.3635  data_time: 0.0075  lr: 0.00019972  max_mem: 16841M
[12/09 23:57:25 d2.utils.events]:  eta: 1:57:26  iter: 499  total_loss: 0.0498  time: 0.3635  data_time: 0.0076  lr: 0.00019969  max_mem: 16841M
[12/09 23:57:33 d2.utils.events]:  eta: 1:57:18  iter: 519  total_loss: 0.04776  time: 0.3634  data_time: 0.0072  lr: 0.00019967  max_mem: 16841M
[12/09 23:57:40 d2.utils.events]:  eta: 1:57:10  iter: 539  total_loss: 0.04497  time: 0.3633  data_time: 0.0074  lr: 0.00019964  max_mem: 16841M
[12/09 23:57:47 d2.utils.events]:  eta: 1:57:03  iter: 559  total_loss: 0.04605  time: 0.3632  data_time: 0.0074  lr: 0.00019961  max_mem: 16841M
[12/09 23:57:55 d2.utils.events]:  eta: 1:56:55  iter: 579  total_loss: 0.04555  time: 0.3632  data_time: 0.0075  lr: 0.00019959  max_mem: 16841M
[12/09 23:58:02 d2.utils.events]:  eta: 1:56:48  iter: 599  total_loss: 0.04623  time: 0.3631  data_time: 0.0072  lr: 0.00019956  max_mem: 16841M
[12/09 23:58:09 d2.utils.events]:  eta: 1:56:40  iter: 619  total_loss: 0.04674  time: 0.3630  data_time: 0.0073  lr: 0.00019953  max_mem: 16841M
[12/09 23:58:17 d2.utils.events]:  eta: 1:56:33  iter: 639  total_loss: 0.04464  time: 0.3629  data_time: 0.0074  lr: 0.0001995  max_mem: 16841M
[12/09 23:58:24 d2.utils.events]:  eta: 1:56:24  iter: 659  total_loss: 0.04934  time: 0.3629  data_time: 0.0070  lr: 0.00019946  max_mem: 16841M
[12/09 23:58:31 d2.utils.events]:  eta: 1:56:13  iter: 679  total_loss: 0.0443  time: 0.3628  data_time: 0.0073  lr: 0.00019943  max_mem: 16841M
[12/09 23:58:39 d2.utils.events]:  eta: 1:56:06  iter: 699  total_loss: 0.04538  time: 0.3628  data_time: 0.0077  lr: 0.0001994  max_mem: 16841M
[12/09 23:58:46 d2.utils.events]:  eta: 1:55:57  iter: 719  total_loss: 0.04036  time: 0.3627  data_time: 0.0074  lr: 0.00019936  max_mem: 16841M
[12/09 23:58:54 d2.utils.events]:  eta: 1:55:50  iter: 739  total_loss: 0.04374  time: 0.3627  data_time: 0.0074  lr: 0.00019933  max_mem: 16841M
[12/09 23:59:01 d2.utils.events]:  eta: 1:55:42  iter: 759  total_loss: 0.04474  time: 0.3627  data_time: 0.0075  lr: 0.00019929  max_mem: 16841M
[12/09 23:59:08 d2.utils.events]:  eta: 1:55:34  iter: 779  total_loss: 0.04556  time: 0.3627  data_time: 0.0072  lr: 0.00019925  max_mem: 16841M
[12/09 23:59:16 d2.utils.events]:  eta: 1:55:27  iter: 799  total_loss: 0.04045  time: 0.3626  data_time: 0.0071  lr: 0.00019921  max_mem: 16841M
[12/09 23:59:23 d2.utils.events]:  eta: 1:55:16  iter: 819  total_loss: 0.04193  time: 0.3625  data_time: 0.0076  lr: 0.00019917  max_mem: 16841M
[12/09 23:59:30 d2.utils.events]:  eta: 1:55:08  iter: 839  total_loss: 0.04464  time: 0.3624  data_time: 0.0073  lr: 0.00019913  max_mem: 16841M
[12/09 23:59:37 d2.utils.events]:  eta: 1:55:00  iter: 859  total_loss: 0.04104  time: 0.3624  data_time: 0.0073  lr: 0.00019909  max_mem: 16841M
[12/09 23:59:45 d2.utils.events]:  eta: 1:54:53  iter: 879  total_loss: 0.04212  time: 0.3624  data_time: 0.0079  lr: 0.00019905  max_mem: 16841M
[12/09 23:59:52 d2.utils.events]:  eta: 1:54:44  iter: 899  total_loss: 0.04193  time: 0.3624  data_time: 0.0073  lr: 0.000199  max_mem: 16841M
[12/09 23:59:59 d2.utils.events]:  eta: 1:54:37  iter: 919  total_loss: 0.04039  time: 0.3623  data_time: 0.0072  lr: 0.00019896  max_mem: 16841M
[12/10 00:00:07 d2.utils.events]:  eta: 1:54:29  iter: 939  total_loss: 0.03638  time: 0.3623  data_time: 0.0077  lr: 0.00019891  max_mem: 16841M
[12/10 00:00:14 d2.utils.events]:  eta: 1:54:21  iter: 959  total_loss: 0.04305  time: 0.3623  data_time: 0.0076  lr: 0.00019887  max_mem: 16841M
[12/10 00:00:21 d2.utils.events]:  eta: 1:54:14  iter: 979  total_loss: 0.03852  time: 0.3623  data_time: 0.0074  lr: 0.00019882  max_mem: 16841M
[12/10 00:00:29 d2.utils.events]:  eta: 1:54:08  iter: 999  total_loss: 0.04016  time: 0.3623  data_time: 0.0075  lr: 0.00019877  max_mem: 16841M
[12/10 00:00:36 d2.utils.events]:  eta: 1:54:00  iter: 1019  total_loss: 0.04374  time: 0.3623  data_time: 0.0080  lr: 0.00019872  max_mem: 16841M
[12/10 00:00:43 d2.utils.events]:  eta: 1:53:51  iter: 1039  total_loss: 0.03449  time: 0.3623  data_time: 0.0078  lr: 0.00019867  max_mem: 16841M
[12/10 00:00:51 d2.utils.events]:  eta: 1:53:45  iter: 1059  total_loss: 0.03716  time: 0.3623  data_time: 0.0076  lr: 0.00019862  max_mem: 16841M
[12/10 00:00:58 d2.utils.events]:  eta: 1:53:37  iter: 1079  total_loss: 0.0363  time: 0.3623  data_time: 0.0076  lr: 0.00019857  max_mem: 16841M
[12/10 00:01:05 d2.utils.events]:  eta: 1:53:30  iter: 1099  total_loss: 0.0348  time: 0.3623  data_time: 0.0081  lr: 0.00019851  max_mem: 16841M
[12/10 00:01:13 d2.utils.events]:  eta: 1:53:22  iter: 1119  total_loss: 0.03875  time: 0.3622  data_time: 0.0072  lr: 0.00019846  max_mem: 16841M
[12/10 00:01:20 d2.utils.events]:  eta: 1:53:12  iter: 1139  total_loss: 0.03836  time: 0.3622  data_time: 0.0075  lr: 0.0001984  max_mem: 16841M
[12/10 00:01:28 d2.utils.events]:  eta: 1:53:04  iter: 1159  total_loss: 0.03821  time: 0.3622  data_time: 0.0078  lr: 0.00019835  max_mem: 16841M
[12/10 00:01:35 d2.utils.events]:  eta: 1:52:58  iter: 1179  total_loss: 0.03731  time: 0.3622  data_time: 0.0077  lr: 0.00019829  max_mem: 16841M
[12/10 00:01:42 d2.utils.events]:  eta: 1:52:50  iter: 1199  total_loss: 0.03873  time: 0.3622  data_time: 0.0076  lr: 0.00019823  max_mem: 16841M
[12/10 00:01:50 d2.utils.events]:  eta: 1:52:43  iter: 1219  total_loss: 0.03811  time: 0.3621  data_time: 0.0076  lr: 0.00019817  max_mem: 16841M
[12/10 00:01:57 d2.utils.events]:  eta: 1:52:39  iter: 1239  total_loss: 0.03248  time: 0.3623  data_time: 0.0078  lr: 0.00019811  max_mem: 16841M
[12/10 00:02:05 d2.utils.events]:  eta: 1:52:33  iter: 1259  total_loss: 0.03521  time: 0.3623  data_time: 0.0077  lr: 0.00019805  max_mem: 16841M
[12/10 00:02:12 d2.utils.events]:  eta: 1:52:28  iter: 1279  total_loss: 0.03593  time: 0.3624  data_time: 0.0081  lr: 0.00019799  max_mem: 16841M
[12/10 00:02:19 d2.utils.events]:  eta: 1:52:18  iter: 1299  total_loss: 0.03681  time: 0.3624  data_time: 0.0077  lr: 0.00019793  max_mem: 16841M
[12/10 00:02:27 d2.utils.events]:  eta: 1:52:10  iter: 1319  total_loss: 0.03428  time: 0.3623  data_time: 0.0076  lr: 0.00019786  max_mem: 16841M
[12/10 00:02:34 d2.utils.events]:  eta: 1:52:03  iter: 1339  total_loss: 0.03765  time: 0.3623  data_time: 0.0079  lr: 0.0001978  max_mem: 16841M
[12/10 00:02:41 d2.utils.events]:  eta: 1:51:58  iter: 1359  total_loss: 0.0385  time: 0.3624  data_time: 0.0077  lr: 0.00019773  max_mem: 16841M
[12/10 00:02:49 d2.utils.events]:  eta: 1:51:50  iter: 1379  total_loss: 0.03438  time: 0.3623  data_time: 0.0078  lr: 0.00019766  max_mem: 16841M
[12/10 00:02:56 d2.utils.events]:  eta: 1:51:42  iter: 1399  total_loss: 0.03493  time: 0.3623  data_time: 0.0077  lr: 0.0001976  max_mem: 16841M
[12/10 00:03:04 d2.utils.events]:  eta: 1:51:34  iter: 1419  total_loss: 0.04108  time: 0.3624  data_time: 0.0077  lr: 0.00019753  max_mem: 16841M
[12/10 00:03:11 d2.utils.events]:  eta: 1:51:26  iter: 1439  total_loss: 0.03799  time: 0.3624  data_time: 0.0074  lr: 0.00019746  max_mem: 16841M
[12/10 00:03:18 d2.utils.events]:  eta: 1:51:18  iter: 1459  total_loss: 0.0353  time: 0.3624  data_time: 0.0078  lr: 0.00019739  max_mem: 16841M
[12/10 00:03:26 d2.utils.events]:  eta: 1:51:12  iter: 1479  total_loss: 0.03808  time: 0.3624  data_time: 0.0075  lr: 0.00019731  max_mem: 16841M
[12/10 00:03:33 d2.utils.events]:  eta: 1:51:07  iter: 1499  total_loss: 0.0338  time: 0.3625  data_time: 0.0076  lr: 0.00019724  max_mem: 16841M
[12/10 00:03:40 d2.utils.events]:  eta: 1:51:01  iter: 1519  total_loss: 0.03898  time: 0.3625  data_time: 0.0080  lr: 0.00019717  max_mem: 16841M
[12/10 00:03:48 d2.utils.events]:  eta: 1:50:54  iter: 1539  total_loss: 0.03671  time: 0.3625  data_time: 0.0078  lr: 0.00019709  max_mem: 16841M
[12/10 00:03:55 d2.utils.events]:  eta: 1:50:46  iter: 1559  total_loss: 0.03577  time: 0.3624  data_time: 0.0075  lr: 0.00019702  max_mem: 16841M
[12/10 00:04:03 d2.utils.events]:  eta: 1:50:38  iter: 1579  total_loss: 0.03754  time: 0.3624  data_time: 0.0077  lr: 0.00019694  max_mem: 16841M
[12/10 00:04:10 d2.utils.events]:  eta: 1:50:30  iter: 1599  total_loss: 0.03439  time: 0.3624  data_time: 0.0074  lr: 0.00019686  max_mem: 16841M
[12/10 00:04:17 d2.utils.events]:  eta: 1:50:23  iter: 1619  total_loss: 0.03684  time: 0.3624  data_time: 0.0078  lr: 0.00019678  max_mem: 16841M
[12/10 00:04:25 d2.utils.events]:  eta: 1:50:15  iter: 1639  total_loss: 0.03378  time: 0.3624  data_time: 0.0077  lr: 0.0001967  max_mem: 16841M
[12/10 00:04:32 d2.utils.events]:  eta: 1:50:09  iter: 1659  total_loss: 0.03679  time: 0.3624  data_time: 0.0079  lr: 0.00019662  max_mem: 16841M
[12/10 00:04:40 d2.utils.events]:  eta: 1:50:02  iter: 1679  total_loss: 0.03388  time: 0.3624  data_time: 0.0080  lr: 0.00019654  max_mem: 16841M
[12/10 00:04:47 d2.utils.events]:  eta: 1:49:54  iter: 1699  total_loss: 0.0325  time: 0.3624  data_time: 0.0074  lr: 0.00019646  max_mem: 16841M
[12/10 00:04:54 d2.utils.events]:  eta: 1:49:47  iter: 1719  total_loss: 0.03258  time: 0.3624  data_time: 0.0077  lr: 0.00019638  max_mem: 16841M
[12/10 00:05:02 d2.utils.events]:  eta: 1:49:40  iter: 1739  total_loss: 0.0364  time: 0.3624  data_time: 0.0076  lr: 0.00019629  max_mem: 16841M
[12/10 00:05:09 d2.utils.events]:  eta: 1:49:32  iter: 1759  total_loss: 0.02989  time: 0.3623  data_time: 0.0076  lr: 0.00019621  max_mem: 16841M
[12/10 00:05:16 d2.utils.events]:  eta: 1:49:25  iter: 1779  total_loss: 0.03761  time: 0.3623  data_time: 0.0073  lr: 0.00019612  max_mem: 16841M
[12/10 00:05:23 d2.utils.events]:  eta: 1:49:17  iter: 1799  total_loss: 0.03979  time: 0.3623  data_time: 0.0076  lr: 0.00019603  max_mem: 16841M
[12/10 00:05:31 d2.utils.events]:  eta: 1:49:11  iter: 1819  total_loss: 0.03144  time: 0.3623  data_time: 0.0077  lr: 0.00019595  max_mem: 16841M
[12/10 00:05:38 d2.utils.events]:  eta: 1:49:04  iter: 1839  total_loss: 0.03587  time: 0.3623  data_time: 0.0077  lr: 0.00019586  max_mem: 16841M
[12/10 00:05:45 d2.utils.events]:  eta: 1:48:57  iter: 1859  total_loss: 0.0364  time: 0.3623  data_time: 0.0076  lr: 0.00019577  max_mem: 16841M
[12/10 00:05:52 d2.utils.events]:  eta: 1:48:49  iter: 1879  total_loss: 0.031  time: 0.3622  data_time: 0.0076  lr: 0.00019568  max_mem: 16841M
[12/10 00:06:00 d2.utils.events]:  eta: 1:48:42  iter: 1899  total_loss: 0.03736  time: 0.3622  data_time: 0.0074  lr: 0.00019558  max_mem: 16841M
[12/10 00:06:07 d2.utils.events]:  eta: 1:48:34  iter: 1919  total_loss: 0.03458  time: 0.3622  data_time: 0.0074  lr: 0.00019549  max_mem: 16841M
[12/10 00:06:14 d2.utils.events]:  eta: 1:48:27  iter: 1939  total_loss: 0.03453  time: 0.3622  data_time: 0.0075  lr: 0.0001954  max_mem: 16841M
[12/10 00:06:22 d2.utils.events]:  eta: 1:48:20  iter: 1959  total_loss: 0.03583  time: 0.3622  data_time: 0.0073  lr: 0.0001953  max_mem: 16841M
[12/10 00:06:29 d2.utils.events]:  eta: 1:48:13  iter: 1979  total_loss: 0.03364  time: 0.3622  data_time: 0.0073  lr: 0.00019521  max_mem: 16841M
[12/10 00:06:36 d2.utils.events]:  eta: 1:48:04  iter: 1999  total_loss: 0.03669  time: 0.3621  data_time: 0.0070  lr: 0.00019511  max_mem: 16841M
[12/10 00:06:43 d2.utils.events]:  eta: 1:47:57  iter: 2019  total_loss: 0.02998  time: 0.3621  data_time: 0.0073  lr: 0.00019501  max_mem: 16841M
[12/10 00:06:51 d2.utils.events]:  eta: 1:47:48  iter: 2039  total_loss: 0.03275  time: 0.3621  data_time: 0.0075  lr: 0.00019491  max_mem: 16841M
[12/10 00:06:58 d2.utils.events]:  eta: 1:47:42  iter: 2059  total_loss: 0.03148  time: 0.3622  data_time: 0.0079  lr: 0.00019482  max_mem: 16841M
[12/10 00:07:06 d2.utils.events]:  eta: 1:47:36  iter: 2079  total_loss: 0.03343  time: 0.3622  data_time: 0.0078  lr: 0.00019471  max_mem: 16841M
[12/10 00:07:13 d2.utils.events]:  eta: 1:47:27  iter: 2099  total_loss: 0.03282  time: 0.3622  data_time: 0.0075  lr: 0.00019461  max_mem: 16841M
[12/10 00:07:20 d2.utils.events]:  eta: 1:47:19  iter: 2119  total_loss: 0.03368  time: 0.3621  data_time: 0.0076  lr: 0.00019451  max_mem: 16841M
[12/10 00:07:27 d2.utils.events]:  eta: 1:47:13  iter: 2139  total_loss: 0.03536  time: 0.3622  data_time: 0.0081  lr: 0.00019441  max_mem: 16841M
[12/10 00:07:35 d2.utils.events]:  eta: 1:47:06  iter: 2159  total_loss: 0.03159  time: 0.3622  data_time: 0.0078  lr: 0.0001943  max_mem: 16841M
[12/10 00:07:42 d2.utils.events]:  eta: 1:47:00  iter: 2179  total_loss: 0.032  time: 0.3622  data_time: 0.0075  lr: 0.0001942  max_mem: 16841M
[12/10 00:07:49 d2.utils.events]:  eta: 1:46:53  iter: 2199  total_loss: 0.03398  time: 0.3622  data_time: 0.0075  lr: 0.00019409  max_mem: 16841M
[12/10 00:07:57 d2.utils.events]:  eta: 1:46:46  iter: 2219  total_loss: 0.03731  time: 0.3622  data_time: 0.0076  lr: 0.00019399  max_mem: 16841M
[12/10 00:08:04 d2.utils.events]:  eta: 1:46:39  iter: 2239  total_loss: 0.03489  time: 0.3622  data_time: 0.0077  lr: 0.00019388  max_mem: 16841M
[12/10 00:08:12 d2.utils.events]:  eta: 1:46:33  iter: 2259  total_loss: 0.03529  time: 0.3622  data_time: 0.0076  lr: 0.00019377  max_mem: 16841M
[12/10 00:08:19 d2.utils.events]:  eta: 1:46:25  iter: 2279  total_loss: 0.03497  time: 0.3623  data_time: 0.0077  lr: 0.00019366  max_mem: 16841M
[12/10 00:08:26 d2.utils.events]:  eta: 1:46:20  iter: 2299  total_loss: 0.0315  time: 0.3623  data_time: 0.0078  lr: 0.00019355  max_mem: 16841M
[12/10 00:08:34 d2.utils.events]:  eta: 1:46:13  iter: 2319  total_loss: 0.03436  time: 0.3623  data_time: 0.0075  lr: 0.00019344  max_mem: 16841M
[12/10 00:08:41 d2.utils.events]:  eta: 1:46:06  iter: 2339  total_loss: 0.03058  time: 0.3623  data_time: 0.0074  lr: 0.00019333  max_mem: 16841M
[12/10 00:08:49 d2.utils.events]:  eta: 1:45:58  iter: 2359  total_loss: 0.03106  time: 0.3623  data_time: 0.0075  lr: 0.00019321  max_mem: 16841M
[12/10 00:08:56 d2.utils.events]:  eta: 1:45:53  iter: 2379  total_loss: 0.03203  time: 0.3622  data_time: 0.0074  lr: 0.0001931  max_mem: 16841M
[12/10 00:09:03 d2.utils.events]:  eta: 1:45:48  iter: 2399  total_loss: 0.03362  time: 0.3623  data_time: 0.0074  lr: 0.00019298  max_mem: 16841M
[12/10 00:09:11 d2.utils.events]:  eta: 1:45:40  iter: 2419  total_loss: 0.03222  time: 0.3623  data_time: 0.0075  lr: 0.00019287  max_mem: 16841M
[12/10 00:09:18 d2.utils.events]:  eta: 1:45:31  iter: 2439  total_loss: 0.03725  time: 0.3623  data_time: 0.0074  lr: 0.00019275  max_mem: 16841M
[12/10 00:09:25 d2.utils.events]:  eta: 1:45:24  iter: 2459  total_loss: 0.03229  time: 0.3623  data_time: 0.0078  lr: 0.00019263  max_mem: 16841M
[12/10 00:09:33 d2.utils.events]:  eta: 1:45:19  iter: 2479  total_loss: 0.03217  time: 0.3624  data_time: 0.0075  lr: 0.00019251  max_mem: 16841M
[12/10 00:09:40 d2.utils.events]:  eta: 1:45:10  iter: 2499  total_loss: 0.03509  time: 0.3623  data_time: 0.0070  lr: 0.00019239  max_mem: 16841M
[12/10 00:09:47 d2.utils.events]:  eta: 1:45:02  iter: 2519  total_loss: 0.03212  time: 0.3623  data_time: 0.0071  lr: 0.00019227  max_mem: 16841M
[12/10 00:09:54 d2.utils.events]:  eta: 1:44:52  iter: 2539  total_loss: 0.03198  time: 0.3623  data_time: 0.0075  lr: 0.00019215  max_mem: 16841M
[12/10 00:10:02 d2.utils.events]:  eta: 1:44:47  iter: 2559  total_loss: 0.03298  time: 0.3623  data_time: 0.0072  lr: 0.00019203  max_mem: 16841M
[12/10 00:10:09 d2.utils.events]:  eta: 1:44:42  iter: 2579  total_loss: 0.03137  time: 0.3623  data_time: 0.0080  lr: 0.00019191  max_mem: 16841M
[12/10 00:10:16 d2.utils.events]:  eta: 1:44:36  iter: 2599  total_loss: 0.03302  time: 0.3624  data_time: 0.0075  lr: 0.00019178  max_mem: 16841M
[12/10 00:10:24 d2.utils.events]:  eta: 1:44:31  iter: 2619  total_loss: 0.02953  time: 0.3624  data_time: 0.0080  lr: 0.00019166  max_mem: 16841M
[12/10 00:10:31 d2.utils.events]:  eta: 1:44:25  iter: 2639  total_loss: 0.03087  time: 0.3624  data_time: 0.0075  lr: 0.00019153  max_mem: 16841M
[12/10 00:10:39 d2.utils.events]:  eta: 1:44:19  iter: 2659  total_loss: 0.03094  time: 0.3624  data_time: 0.0078  lr: 0.0001914  max_mem: 16841M
[12/10 00:10:46 d2.utils.events]:  eta: 1:44:11  iter: 2679  total_loss: 0.03161  time: 0.3624  data_time: 0.0080  lr: 0.00019128  max_mem: 16841M
[12/10 00:10:53 d2.utils.events]:  eta: 1:44:07  iter: 2699  total_loss: 0.0313  time: 0.3624  data_time: 0.0075  lr: 0.00019115  max_mem: 16841M
[12/10 00:11:01 d2.utils.events]:  eta: 1:44:01  iter: 2719  total_loss: 0.03145  time: 0.3624  data_time: 0.0077  lr: 0.00019102  max_mem: 16841M
[12/10 00:11:08 d2.utils.events]:  eta: 1:43:54  iter: 2739  total_loss: 0.03034  time: 0.3624  data_time: 0.0075  lr: 0.00019089  max_mem: 16841M
[12/10 00:11:15 d2.utils.events]:  eta: 1:43:49  iter: 2759  total_loss: 0.03213  time: 0.3624  data_time: 0.0074  lr: 0.00019076  max_mem: 16841M
[12/10 00:11:23 d2.utils.events]:  eta: 1:43:43  iter: 2779  total_loss: 0.03754  time: 0.3624  data_time: 0.0076  lr: 0.00019062  max_mem: 16841M
[12/10 00:11:30 d2.utils.events]:  eta: 1:43:39  iter: 2799  total_loss: 0.03146  time: 0.3624  data_time: 0.0078  lr: 0.00019049  max_mem: 16841M
[12/10 00:11:37 d2.utils.events]:  eta: 1:43:35  iter: 2819  total_loss: 0.03497  time: 0.3625  data_time: 0.0079  lr: 0.00019036  max_mem: 16841M
[12/10 00:11:45 d2.utils.events]:  eta: 1:43:29  iter: 2839  total_loss: 0.03033  time: 0.3625  data_time: 0.0081  lr: 0.00019022  max_mem: 16841M
[12/10 00:11:52 d2.utils.events]:  eta: 1:43:24  iter: 2859  total_loss: 0.03367  time: 0.3625  data_time: 0.0078  lr: 0.00019008  max_mem: 16841M
[12/10 00:11:59 d2.utils.events]:  eta: 1:43:17  iter: 2879  total_loss: 0.03222  time: 0.3625  data_time: 0.0074  lr: 0.00018995  max_mem: 16841M
[12/10 00:12:07 d2.utils.events]:  eta: 1:43:12  iter: 2899  total_loss: 0.03218  time: 0.3625  data_time: 0.0076  lr: 0.00018981  max_mem: 16841M
[12/10 00:12:14 d2.utils.events]:  eta: 1:43:07  iter: 2919  total_loss: 0.03424  time: 0.3626  data_time: 0.0078  lr: 0.00018967  max_mem: 16841M
[12/10 00:12:22 d2.utils.events]:  eta: 1:43:01  iter: 2939  total_loss: 0.03122  time: 0.3626  data_time: 0.0074  lr: 0.00018953  max_mem: 16841M
[12/10 00:12:29 d2.utils.events]:  eta: 1:42:56  iter: 2959  total_loss: 0.03315  time: 0.3626  data_time: 0.0079  lr: 0.00018939  max_mem: 16841M
[12/10 00:12:36 d2.utils.events]:  eta: 1:42:48  iter: 2979  total_loss: 0.03055  time: 0.3626  data_time: 0.0075  lr: 0.00018925  max_mem: 16841M
[12/10 00:12:44 d2.utils.events]:  eta: 1:42:41  iter: 2999  total_loss: 0.03519  time: 0.3626  data_time: 0.0072  lr: 0.00018911  max_mem: 16841M
[12/10 00:12:51 d2.utils.events]:  eta: 1:42:35  iter: 3019  total_loss: 0.03444  time: 0.3626  data_time: 0.0076  lr: 0.00018896  max_mem: 16841M
[12/10 00:12:58 d2.utils.events]:  eta: 1:42:28  iter: 3039  total_loss: 0.02844  time: 0.3626  data_time: 0.0077  lr: 0.00018882  max_mem: 16841M
[12/10 00:13:06 d2.utils.events]:  eta: 1:42:21  iter: 3059  total_loss: 0.03407  time: 0.3626  data_time: 0.0078  lr: 0.00018868  max_mem: 16841M
[12/10 00:13:13 d2.utils.events]:  eta: 1:42:12  iter: 3079  total_loss: 0.0326  time: 0.3626  data_time: 0.0075  lr: 0.00018853  max_mem: 16841M
[12/10 00:13:20 d2.utils.events]:  eta: 1:42:05  iter: 3099  total_loss: 0.03093  time: 0.3626  data_time: 0.0074  lr: 0.00018838  max_mem: 16841M
[12/10 00:13:28 d2.utils.events]:  eta: 1:41:59  iter: 3119  total_loss: 0.03234  time: 0.3626  data_time: 0.0081  lr: 0.00018824  max_mem: 16841M
[12/10 00:13:35 d2.utils.events]:  eta: 1:41:52  iter: 3139  total_loss: 0.03163  time: 0.3626  data_time: 0.0078  lr: 0.00018809  max_mem: 16841M
[12/10 00:13:42 d2.utils.events]:  eta: 1:41:44  iter: 3159  total_loss: 0.02981  time: 0.3626  data_time: 0.0077  lr: 0.00018794  max_mem: 16841M
[12/10 00:13:50 d2.utils.events]:  eta: 1:41:36  iter: 3179  total_loss: 0.03362  time: 0.3626  data_time: 0.0077  lr: 0.00018779  max_mem: 16841M
[12/10 00:13:57 d2.utils.events]:  eta: 1:41:29  iter: 3199  total_loss: 0.03532  time: 0.3626  data_time: 0.0078  lr: 0.00018764  max_mem: 16841M
[12/10 00:14:04 d2.utils.events]:  eta: 1:41:23  iter: 3219  total_loss: 0.03079  time: 0.3626  data_time: 0.0078  lr: 0.00018749  max_mem: 16841M
[12/10 00:14:11 d2.utils.events]:  eta: 1:41:13  iter: 3239  total_loss: 0.02915  time: 0.3626  data_time: 0.0073  lr: 0.00018733  max_mem: 16841M
[12/10 00:14:19 d2.utils.events]:  eta: 1:41:06  iter: 3259  total_loss: 0.03129  time: 0.3626  data_time: 0.0073  lr: 0.00018718  max_mem: 16841M
[12/10 00:14:26 d2.utils.events]:  eta: 1:40:59  iter: 3279  total_loss: 0.03267  time: 0.3626  data_time: 0.0078  lr: 0.00018703  max_mem: 16841M
[12/10 00:14:34 d2.utils.events]:  eta: 1:40:51  iter: 3299  total_loss: 0.03452  time: 0.3626  data_time: 0.0074  lr: 0.00018687  max_mem: 16841M
[12/10 00:14:41 d2.utils.events]:  eta: 1:40:44  iter: 3319  total_loss: 0.03017  time: 0.3626  data_time: 0.0075  lr: 0.00018671  max_mem: 16841M
[12/10 00:14:48 d2.utils.events]:  eta: 1:40:38  iter: 3339  total_loss: 0.0307  time: 0.3626  data_time: 0.0075  lr: 0.00018656  max_mem: 16841M
[12/10 00:14:55 d2.utils.events]:  eta: 1:40:30  iter: 3359  total_loss: 0.03089  time: 0.3626  data_time: 0.0074  lr: 0.0001864  max_mem: 16841M
[12/10 00:15:03 d2.utils.events]:  eta: 1:40:23  iter: 3379  total_loss: 0.0298  time: 0.3626  data_time: 0.0075  lr: 0.00018624  max_mem: 16841M
[12/10 00:15:10 d2.utils.events]:  eta: 1:40:15  iter: 3399  total_loss: 0.03473  time: 0.3626  data_time: 0.0074  lr: 0.00018608  max_mem: 16841M
[12/10 00:15:17 d2.utils.events]:  eta: 1:40:07  iter: 3419  total_loss: 0.03215  time: 0.3626  data_time: 0.0075  lr: 0.00018592  max_mem: 16841M
[12/10 00:15:25 d2.utils.events]:  eta: 1:39:59  iter: 3439  total_loss: 0.0312  time: 0.3626  data_time: 0.0071  lr: 0.00018576  max_mem: 16841M
[12/10 00:15:32 d2.utils.events]:  eta: 1:39:49  iter: 3459  total_loss: 0.03027  time: 0.3626  data_time: 0.0073  lr: 0.0001856  max_mem: 16841M
[12/10 00:15:39 d2.utils.events]:  eta: 1:39:40  iter: 3479  total_loss: 0.03106  time: 0.3626  data_time: 0.0072  lr: 0.00018544  max_mem: 16841M
[12/10 00:15:47 d2.utils.events]:  eta: 1:39:33  iter: 3499  total_loss: 0.03254  time: 0.3625  data_time: 0.0070  lr: 0.00018527  max_mem: 16841M
[12/10 00:15:54 d2.utils.events]:  eta: 1:39:25  iter: 3519  total_loss: 0.03033  time: 0.3625  data_time: 0.0071  lr: 0.00018511  max_mem: 16841M
[12/10 00:16:01 d2.utils.events]:  eta: 1:39:19  iter: 3539  total_loss: 0.02874  time: 0.3626  data_time: 0.0073  lr: 0.00018494  max_mem: 16841M
[12/10 00:16:09 d2.utils.events]:  eta: 1:39:12  iter: 3559  total_loss: 0.02854  time: 0.3626  data_time: 0.0077  lr: 0.00018478  max_mem: 16841M
[12/10 00:16:16 d2.utils.events]:  eta: 1:39:04  iter: 3579  total_loss: 0.03231  time: 0.3626  data_time: 0.0077  lr: 0.00018461  max_mem: 16841M
[12/10 00:16:23 d2.utils.events]:  eta: 1:38:56  iter: 3599  total_loss: 0.0299  time: 0.3626  data_time: 0.0078  lr: 0.00018444  max_mem: 16841M
[12/10 00:16:31 d2.utils.events]:  eta: 1:38:50  iter: 3619  total_loss: 0.03251  time: 0.3626  data_time: 0.0078  lr: 0.00018427  max_mem: 16841M
[12/10 00:16:38 d2.utils.events]:  eta: 1:38:46  iter: 3639  total_loss: 0.03203  time: 0.3627  data_time: 0.0078  lr: 0.0001841  max_mem: 16841M
[12/10 00:16:46 d2.utils.events]:  eta: 1:38:37  iter: 3659  total_loss: 0.03056  time: 0.3627  data_time: 0.0074  lr: 0.00018393  max_mem: 16841M
[12/10 00:16:53 d2.utils.events]:  eta: 1:38:33  iter: 3679  total_loss: 0.03043  time: 0.3627  data_time: 0.0076  lr: 0.00018376  max_mem: 16841M
[12/10 00:17:01 d2.utils.events]:  eta: 1:38:26  iter: 3699  total_loss: 0.02932  time: 0.3627  data_time: 0.0076  lr: 0.00018359  max_mem: 16841M
[12/10 00:17:08 d2.utils.events]:  eta: 1:38:16  iter: 3719  total_loss: 0.0269  time: 0.3627  data_time: 0.0073  lr: 0.00018342  max_mem: 16841M
[12/10 00:17:15 d2.utils.events]:  eta: 1:38:12  iter: 3739  total_loss: 0.03073  time: 0.3627  data_time: 0.0077  lr: 0.00018324  max_mem: 16841M
[12/10 00:17:23 d2.utils.events]:  eta: 1:38:03  iter: 3759  total_loss: 0.03355  time: 0.3627  data_time: 0.0075  lr: 0.00018307  max_mem: 16841M
[12/10 00:17:30 d2.utils.events]:  eta: 1:37:53  iter: 3779  total_loss: 0.02845  time: 0.3627  data_time: 0.0073  lr: 0.00018289  max_mem: 16841M
[12/10 00:17:37 d2.utils.events]:  eta: 1:37:45  iter: 3799  total_loss: 0.03212  time: 0.3627  data_time: 0.0071  lr: 0.00018272  max_mem: 16841M
[12/10 00:17:45 d2.utils.events]:  eta: 1:37:37  iter: 3819  total_loss: 0.02804  time: 0.3627  data_time: 0.0073  lr: 0.00018254  max_mem: 16841M
[12/10 00:17:52 d2.utils.events]:  eta: 1:37:28  iter: 3839  total_loss: 0.03119  time: 0.3627  data_time: 0.0073  lr: 0.00018236  max_mem: 16841M
[12/10 00:17:59 d2.utils.events]:  eta: 1:37:20  iter: 3859  total_loss: 0.03208  time: 0.3627  data_time: 0.0076  lr: 0.00018218  max_mem: 16841M
[12/10 00:18:07 d2.utils.events]:  eta: 1:37:13  iter: 3879  total_loss: 0.03114  time: 0.3627  data_time: 0.0073  lr: 0.000182  max_mem: 16841M
[12/10 00:18:14 d2.utils.events]:  eta: 1:37:05  iter: 3899  total_loss: 0.03247  time: 0.3627  data_time: 0.0078  lr: 0.00018182  max_mem: 16841M
[12/10 00:18:21 d2.utils.events]:  eta: 1:36:55  iter: 3919  total_loss: 0.02807  time: 0.3627  data_time: 0.0075  lr: 0.00018164  max_mem: 16841M
[12/10 00:18:28 d2.utils.events]:  eta: 1:36:47  iter: 3939  total_loss: 0.0321  time: 0.3627  data_time: 0.0075  lr: 0.00018146  max_mem: 16841M
[12/10 00:18:36 d2.utils.events]:  eta: 1:36:37  iter: 3959  total_loss: 0.03255  time: 0.3627  data_time: 0.0075  lr: 0.00018128  max_mem: 16841M
[12/10 00:18:43 d2.utils.events]:  eta: 1:36:29  iter: 3979  total_loss: 0.03149  time: 0.3627  data_time: 0.0077  lr: 0.0001811  max_mem: 16841M
[12/10 00:18:50 d2.utils.events]:  eta: 1:36:20  iter: 3999  total_loss: 0.02864  time: 0.3626  data_time: 0.0075  lr: 0.00018091  max_mem: 16841M
[12/10 00:18:58 d2.utils.events]:  eta: 1:36:13  iter: 4019  total_loss: 0.02753  time: 0.3627  data_time: 0.0077  lr: 0.00018073  max_mem: 16841M
[12/10 00:19:05 d2.utils.events]:  eta: 1:36:06  iter: 4039  total_loss: 0.02784  time: 0.3627  data_time: 0.0079  lr: 0.00018054  max_mem: 16841M
[12/10 00:19:12 d2.utils.events]:  eta: 1:36:00  iter: 4059  total_loss: 0.02837  time: 0.3627  data_time: 0.0079  lr: 0.00018035  max_mem: 16841M
[12/10 00:19:20 d2.utils.events]:  eta: 1:35:54  iter: 4079  total_loss: 0.02881  time: 0.3627  data_time: 0.0076  lr: 0.00018017  max_mem: 16841M
[12/10 00:19:27 d2.utils.events]:  eta: 1:35:47  iter: 4099  total_loss: 0.02852  time: 0.3627  data_time: 0.0073  lr: 0.00017998  max_mem: 16841M
[12/10 00:19:34 d2.utils.events]:  eta: 1:35:39  iter: 4119  total_loss: 0.02714  time: 0.3627  data_time: 0.0071  lr: 0.00017979  max_mem: 16841M
[12/10 00:19:41 d2.utils.events]:  eta: 1:35:32  iter: 4139  total_loss: 0.02873  time: 0.3627  data_time: 0.0079  lr: 0.0001796  max_mem: 16841M
[12/10 00:19:49 d2.utils.events]:  eta: 1:35:23  iter: 4159  total_loss: 0.02885  time: 0.3627  data_time: 0.0079  lr: 0.00017941  max_mem: 16841M
[12/10 00:19:56 d2.utils.events]:  eta: 1:35:19  iter: 4179  total_loss: 0.02895  time: 0.3627  data_time: 0.0078  lr: 0.00017922  max_mem: 16841M
[12/10 00:20:04 d2.utils.events]:  eta: 1:35:09  iter: 4199  total_loss: 0.02973  time: 0.3627  data_time: 0.0073  lr: 0.00017903  max_mem: 16841M
[12/10 00:20:11 d2.utils.events]:  eta: 1:35:01  iter: 4219  total_loss: 0.02788  time: 0.3627  data_time: 0.0075  lr: 0.00017883  max_mem: 16841M
[12/10 00:20:18 d2.utils.events]:  eta: 1:34:54  iter: 4239  total_loss: 0.0299  time: 0.3627  data_time: 0.0074  lr: 0.00017864  max_mem: 16841M
[12/10 00:20:25 d2.utils.events]:  eta: 1:34:46  iter: 4259  total_loss: 0.03306  time: 0.3627  data_time: 0.0074  lr: 0.00017844  max_mem: 16841M
[12/10 00:20:33 d2.utils.events]:  eta: 1:34:36  iter: 4279  total_loss: 0.02693  time: 0.3626  data_time: 0.0074  lr: 0.00017825  max_mem: 16841M
[12/10 00:20:40 d2.utils.events]:  eta: 1:34:27  iter: 4299  total_loss: 0.03113  time: 0.3626  data_time: 0.0073  lr: 0.00017805  max_mem: 16841M
[12/10 00:20:47 d2.utils.events]:  eta: 1:34:20  iter: 4319  total_loss: 0.0297  time: 0.3626  data_time: 0.0072  lr: 0.00017786  max_mem: 16841M
[12/10 00:20:54 d2.utils.events]:  eta: 1:34:12  iter: 4339  total_loss: 0.0291  time: 0.3626  data_time: 0.0076  lr: 0.00017766  max_mem: 16841M
[12/10 00:21:02 d2.utils.events]:  eta: 1:34:06  iter: 4359  total_loss: 0.02964  time: 0.3626  data_time: 0.0077  lr: 0.00017746  max_mem: 16841M
[12/10 00:21:09 d2.utils.events]:  eta: 1:34:00  iter: 4379  total_loss: 0.03201  time: 0.3626  data_time: 0.0075  lr: 0.00017726  max_mem: 16841M
[12/10 00:21:17 d2.utils.events]:  eta: 1:33:52  iter: 4399  total_loss: 0.02911  time: 0.3626  data_time: 0.0078  lr: 0.00017706  max_mem: 16841M
[12/10 00:21:24 d2.utils.events]:  eta: 1:33:45  iter: 4419  total_loss: 0.03233  time: 0.3626  data_time: 0.0075  lr: 0.00017686  max_mem: 16841M
[12/10 00:21:31 d2.utils.events]:  eta: 1:33:39  iter: 4439  total_loss: 0.03041  time: 0.3627  data_time: 0.0080  lr: 0.00017666  max_mem: 16841M
[12/10 00:21:39 d2.utils.events]:  eta: 1:33:31  iter: 4459  total_loss: 0.02858  time: 0.3627  data_time: 0.0080  lr: 0.00017646  max_mem: 16841M
[12/10 00:21:46 d2.utils.events]:  eta: 1:33:26  iter: 4479  total_loss: 0.02858  time: 0.3627  data_time: 0.0076  lr: 0.00017625  max_mem: 16841M
[12/10 00:21:53 d2.utils.events]:  eta: 1:33:19  iter: 4499  total_loss: 0.02759  time: 0.3627  data_time: 0.0075  lr: 0.00017605  max_mem: 16841M
[12/10 00:22:01 d2.utils.events]:  eta: 1:33:11  iter: 4519  total_loss: 0.03046  time: 0.3626  data_time: 0.0077  lr: 0.00017585  max_mem: 16841M
[12/10 00:22:08 d2.utils.events]:  eta: 1:33:03  iter: 4539  total_loss: 0.02833  time: 0.3626  data_time: 0.0075  lr: 0.00017564  max_mem: 16841M
[12/10 00:22:15 d2.utils.events]:  eta: 1:32:54  iter: 4559  total_loss: 0.02926  time: 0.3626  data_time: 0.0077  lr: 0.00017544  max_mem: 16841M
[12/10 00:22:23 d2.utils.events]:  eta: 1:32:46  iter: 4579  total_loss: 0.02837  time: 0.3626  data_time: 0.0075  lr: 0.00017523  max_mem: 16841M
[12/10 00:22:30 d2.utils.events]:  eta: 1:32:38  iter: 4599  total_loss: 0.03022  time: 0.3626  data_time: 0.0076  lr: 0.00017502  max_mem: 16841M
[12/10 00:22:37 d2.utils.events]:  eta: 1:32:28  iter: 4619  total_loss: 0.02899  time: 0.3626  data_time: 0.0072  lr: 0.00017481  max_mem: 16841M
[12/10 00:22:44 d2.utils.events]:  eta: 1:32:20  iter: 4639  total_loss: 0.02984  time: 0.3626  data_time: 0.0077  lr: 0.0001746  max_mem: 16841M
[12/10 00:22:52 d2.utils.events]:  eta: 1:32:14  iter: 4659  total_loss: 0.02809  time: 0.3627  data_time: 0.0077  lr: 0.0001744  max_mem: 16841M
[12/10 00:22:59 d2.utils.events]:  eta: 1:32:06  iter: 4679  total_loss: 0.0321  time: 0.3627  data_time: 0.0074  lr: 0.00017418  max_mem: 16841M
[12/10 00:23:07 d2.utils.events]:  eta: 1:31:59  iter: 4699  total_loss: 0.02505  time: 0.3627  data_time: 0.0075  lr: 0.00017397  max_mem: 16841M
[12/10 00:23:14 d2.utils.events]:  eta: 1:31:53  iter: 4719  total_loss: 0.03008  time: 0.3627  data_time: 0.0075  lr: 0.00017376  max_mem: 16841M
[12/10 00:23:21 d2.utils.events]:  eta: 1:31:45  iter: 4739  total_loss: 0.03041  time: 0.3627  data_time: 0.0076  lr: 0.00017355  max_mem: 16841M
[12/10 00:23:29 d2.utils.events]:  eta: 1:31:38  iter: 4759  total_loss: 0.02858  time: 0.3627  data_time: 0.0077  lr: 0.00017334  max_mem: 16841M
[12/10 00:23:36 d2.utils.events]:  eta: 1:31:32  iter: 4779  total_loss: 0.0275  time: 0.3627  data_time: 0.0073  lr: 0.00017312  max_mem: 16841M
[12/10 00:23:43 d2.utils.events]:  eta: 1:31:24  iter: 4799  total_loss: 0.02786  time: 0.3627  data_time: 0.0077  lr: 0.00017291  max_mem: 16841M
[12/10 00:23:50 d2.utils.events]:  eta: 1:31:16  iter: 4819  total_loss: 0.02921  time: 0.3627  data_time: 0.0075  lr: 0.00017269  max_mem: 16841M
[12/10 00:23:58 d2.utils.events]:  eta: 1:31:08  iter: 4839  total_loss: 0.02922  time: 0.3626  data_time: 0.0073  lr: 0.00017248  max_mem: 16841M
[12/10 00:24:05 d2.utils.events]:  eta: 1:31:00  iter: 4859  total_loss: 0.03065  time: 0.3626  data_time: 0.0071  lr: 0.00017226  max_mem: 16841M
[12/10 00:24:12 d2.utils.events]:  eta: 1:30:53  iter: 4879  total_loss: 0.02928  time: 0.3626  data_time: 0.0074  lr: 0.00017204  max_mem: 16841M
[12/10 00:24:19 d2.utils.events]:  eta: 1:30:45  iter: 4899  total_loss: 0.02726  time: 0.3626  data_time: 0.0077  lr: 0.00017182  max_mem: 16841M
[12/10 00:24:27 d2.utils.events]:  eta: 1:30:39  iter: 4919  total_loss: 0.02753  time: 0.3626  data_time: 0.0073  lr: 0.0001716  max_mem: 16841M
[12/10 00:24:34 d2.utils.events]:  eta: 1:30:31  iter: 4939  total_loss: 0.0298  time: 0.3626  data_time: 0.0075  lr: 0.00017138  max_mem: 16841M
[12/10 00:24:42 d2.utils.events]:  eta: 1:30:24  iter: 4959  total_loss: 0.02647  time: 0.3626  data_time: 0.0077  lr: 0.00017116  max_mem: 16841M
[12/10 00:24:49 d2.utils.events]:  eta: 1:30:18  iter: 4979  total_loss: 0.03098  time: 0.3626  data_time: 0.0074  lr: 0.00017094  max_mem: 16841M
[12/10 00:24:56 fvcore.common.checkpoint]: Saving checkpoint to outputs/cs7_eva_b16_r512/model_0004999.pth
[12/10 00:24:57 d2.utils.events]:  eta: 1:30:12  iter: 4999  total_loss: 0.02953  time: 0.3626  data_time: 0.0076  lr: 0.00017072  max_mem: 16841M
[12/10 00:25:04 d2.utils.events]:  eta: 1:30:03  iter: 5019  total_loss: 0.02721  time: 0.3626  data_time: 0.0076  lr: 0.0001705  max_mem: 16841M
[12/10 00:25:12 d2.utils.events]:  eta: 1:29:55  iter: 5039  total_loss: 0.02948  time: 0.3626  data_time: 0.0076  lr: 0.00017028  max_mem: 16841M
[12/10 00:25:19 d2.utils.events]:  eta: 1:29:47  iter: 5059  total_loss: 0.03004  time: 0.3626  data_time: 0.0076  lr: 0.00017005  max_mem: 16841M
[12/10 00:25:26 d2.utils.events]:  eta: 1:29:40  iter: 5079  total_loss: 0.02929  time: 0.3626  data_time: 0.0076  lr: 0.00016983  max_mem: 16841M
[12/10 00:25:33 d2.utils.events]:  eta: 1:29:33  iter: 5099  total_loss: 0.02966  time: 0.3626  data_time: 0.0076  lr: 0.0001696  max_mem: 16841M
[12/10 00:25:42 d2.utils.events]:  eta: 1:29:26  iter: 5119  total_loss: 0.0278  time: 0.3626  data_time: 0.0079  lr: 0.00016938  max_mem: 16841M
[12/10 00:25:49 d2.utils.events]:  eta: 1:29:19  iter: 5139  total_loss: 0.02992  time: 0.3626  data_time: 0.0080  lr: 0.00016915  max_mem: 16841M
[12/10 00:25:57 d2.utils.events]:  eta: 1:29:11  iter: 5159  total_loss: 0.02981  time: 0.3626  data_time: 0.0076  lr: 0.00016892  max_mem: 16841M
[12/10 00:26:04 d2.utils.events]:  eta: 1:29:03  iter: 5179  total_loss: 0.02793  time: 0.3626  data_time: 0.0076  lr: 0.00016869  max_mem: 16841M
[12/10 00:26:11 d2.utils.events]:  eta: 1:28:56  iter: 5199  total_loss: 0.02867  time: 0.3626  data_time: 0.0076  lr: 0.00016847  max_mem: 16841M
[12/10 00:26:18 d2.utils.events]:  eta: 1:28:49  iter: 5219  total_loss: 0.02698  time: 0.3626  data_time: 0.0079  lr: 0.00016824  max_mem: 16841M
[12/10 00:26:26 d2.utils.events]:  eta: 1:28:41  iter: 5239  total_loss: 0.02786  time: 0.3626  data_time: 0.0075  lr: 0.00016801  max_mem: 16841M
[12/10 00:26:33 d2.utils.events]:  eta: 1:28:35  iter: 5259  total_loss: 0.02638  time: 0.3626  data_time: 0.0072  lr: 0.00016778  max_mem: 16841M
[12/10 00:26:40 d2.utils.events]:  eta: 1:28:27  iter: 5279  total_loss: 0.02663  time: 0.3626  data_time: 0.0071  lr: 0.00016754  max_mem: 16841M
[12/10 00:26:48 d2.utils.events]:  eta: 1:28:22  iter: 5299  total_loss: 0.02825  time: 0.3626  data_time: 0.0072  lr: 0.00016731  max_mem: 16841M
[12/10 00:26:55 d2.utils.events]:  eta: 1:28:17  iter: 5319  total_loss: 0.02794  time: 0.3627  data_time: 0.0073  lr: 0.00016708  max_mem: 16841M
[12/10 00:27:02 d2.utils.events]:  eta: 1:28:10  iter: 5339  total_loss: 0.02803  time: 0.3627  data_time: 0.0075  lr: 0.00016685  max_mem: 16841M
[12/10 00:27:10 d2.utils.events]:  eta: 1:28:02  iter: 5359  total_loss: 0.03179  time: 0.3627  data_time: 0.0079  lr: 0.00016661  max_mem: 16841M
[12/10 00:27:17 d2.utils.events]:  eta: 1:27:53  iter: 5379  total_loss: 0.0289  time: 0.3627  data_time: 0.0081  lr: 0.00016638  max_mem: 16841M
[12/10 00:27:24 d2.utils.events]:  eta: 1:27:45  iter: 5399  total_loss: 0.02752  time: 0.3627  data_time: 0.0077  lr: 0.00016614  max_mem: 16841M
[12/10 00:27:32 d2.utils.events]:  eta: 1:27:38  iter: 5419  total_loss: 0.02814  time: 0.3627  data_time: 0.0078  lr: 0.00016591  max_mem: 16841M
[12/10 00:27:39 d2.utils.events]:  eta: 1:27:30  iter: 5439  total_loss: 0.02632  time: 0.3626  data_time: 0.0077  lr: 0.00016567  max_mem: 16841M
[12/10 00:27:46 d2.utils.events]:  eta: 1:27:22  iter: 5459  total_loss: 0.02766  time: 0.3626  data_time: 0.0076  lr: 0.00016543  max_mem: 16841M
[12/10 00:27:53 d2.utils.events]:  eta: 1:27:15  iter: 5479  total_loss: 0.03027  time: 0.3626  data_time: 0.0074  lr: 0.0001652  max_mem: 16841M
[12/10 00:28:01 d2.utils.events]:  eta: 1:27:07  iter: 5499  total_loss: 0.02829  time: 0.3626  data_time: 0.0081  lr: 0.00016496  max_mem: 16841M
[12/10 00:28:08 d2.utils.events]:  eta: 1:26:59  iter: 5519  total_loss: 0.02965  time: 0.3626  data_time: 0.0071  lr: 0.00016472  max_mem: 16841M
[12/10 00:28:15 d2.utils.events]:  eta: 1:26:51  iter: 5539  total_loss: 0.03049  time: 0.3626  data_time: 0.0072  lr: 0.00016448  max_mem: 16841M
[12/10 00:28:23 d2.utils.events]:  eta: 1:26:43  iter: 5559  total_loss: 0.02655  time: 0.3626  data_time: 0.0073  lr: 0.00016424  max_mem: 16841M
[12/10 00:28:30 d2.utils.events]:  eta: 1:26:36  iter: 5579  total_loss: 0.03292  time: 0.3626  data_time: 0.0074  lr: 0.000164  max_mem: 16841M
[12/10 00:28:37 d2.utils.events]:  eta: 1:26:29  iter: 5599  total_loss: 0.02985  time: 0.3626  data_time: 0.0077  lr: 0.00016375  max_mem: 16841M
[12/10 00:28:44 d2.utils.events]:  eta: 1:26:22  iter: 5619  total_loss: 0.02796  time: 0.3626  data_time: 0.0073  lr: 0.00016351  max_mem: 16841M
[12/10 00:28:52 d2.utils.events]:  eta: 1:26:13  iter: 5639  total_loss: 0.03031  time: 0.3626  data_time: 0.0071  lr: 0.00016327  max_mem: 16841M
[12/10 00:28:59 d2.utils.events]:  eta: 1:26:03  iter: 5659  total_loss: 0.03112  time: 0.3626  data_time: 0.0073  lr: 0.00016303  max_mem: 16841M
[12/10 00:29:06 d2.utils.events]:  eta: 1:25:54  iter: 5679  total_loss: 0.02493  time: 0.3625  data_time: 0.0073  lr: 0.00016278  max_mem: 16841M
[12/10 00:29:13 d2.utils.events]:  eta: 1:25:44  iter: 5699  total_loss: 0.02816  time: 0.3625  data_time: 0.0071  lr: 0.00016254  max_mem: 16841M
[12/10 00:29:21 d2.utils.events]:  eta: 1:25:36  iter: 5719  total_loss: 0.02923  time: 0.3625  data_time: 0.0071  lr: 0.00016229  max_mem: 16841M
[12/10 00:29:28 d2.utils.events]:  eta: 1:25:28  iter: 5739  total_loss: 0.02624  time: 0.3625  data_time: 0.0075  lr: 0.00016204  max_mem: 16841M
[12/10 00:29:35 d2.utils.events]:  eta: 1:25:22  iter: 5759  total_loss: 0.02851  time: 0.3625  data_time: 0.0076  lr: 0.0001618  max_mem: 16841M
[12/10 00:29:43 d2.utils.events]:  eta: 1:25:15  iter: 5779  total_loss: 0.02711  time: 0.3625  data_time: 0.0079  lr: 0.00016155  max_mem: 16841M
[12/10 00:29:50 d2.utils.events]:  eta: 1:25:09  iter: 5799  total_loss: 0.02907  time: 0.3625  data_time: 0.0077  lr: 0.0001613  max_mem: 16841M
[12/10 00:29:57 d2.utils.events]:  eta: 1:25:03  iter: 5819  total_loss: 0.02792  time: 0.3625  data_time: 0.0078  lr: 0.00016105  max_mem: 16841M
[12/10 00:30:05 d2.utils.events]:  eta: 1:24:57  iter: 5839  total_loss: 0.02627  time: 0.3625  data_time: 0.0076  lr: 0.00016081  max_mem: 16841M
[12/10 00:30:12 d2.utils.events]:  eta: 1:24:51  iter: 5859  total_loss: 0.03005  time: 0.3625  data_time: 0.0074  lr: 0.00016056  max_mem: 16841M
[12/10 00:30:19 d2.utils.events]:  eta: 1:24:44  iter: 5879  total_loss: 0.026  time: 0.3625  data_time: 0.0074  lr: 0.00016031  max_mem: 16841M
[12/10 00:30:27 d2.utils.events]:  eta: 1:24:38  iter: 5899  total_loss: 0.02893  time: 0.3626  data_time: 0.0078  lr: 0.00016005  max_mem: 16841M
[12/10 00:30:34 d2.utils.events]:  eta: 1:24:31  iter: 5919  total_loss: 0.02484  time: 0.3626  data_time: 0.0071  lr: 0.0001598  max_mem: 16841M
[12/10 00:30:41 d2.utils.events]:  eta: 1:24:24  iter: 5939  total_loss: 0.02693  time: 0.3626  data_time: 0.0075  lr: 0.00015955  max_mem: 16841M
[12/10 00:30:49 d2.utils.events]:  eta: 1:24:17  iter: 5959  total_loss: 0.02885  time: 0.3626  data_time: 0.0074  lr: 0.0001593  max_mem: 16841M
[12/10 00:30:56 d2.utils.events]:  eta: 1:24:10  iter: 5979  total_loss: 0.02736  time: 0.3626  data_time: 0.0078  lr: 0.00015905  max_mem: 16841M
[12/10 00:31:03 d2.utils.events]:  eta: 1:24:03  iter: 5999  total_loss: 0.02639  time: 0.3626  data_time: 0.0076  lr: 0.00015879  max_mem: 16841M
[12/10 00:31:11 d2.utils.events]:  eta: 1:23:57  iter: 6019  total_loss: 0.03161  time: 0.3626  data_time: 0.0073  lr: 0.00015854  max_mem: 16841M
[12/10 00:31:18 d2.utils.events]:  eta: 1:23:49  iter: 6039  total_loss: 0.02694  time: 0.3626  data_time: 0.0075  lr: 0.00015828  max_mem: 16841M
[12/10 00:31:25 d2.utils.events]:  eta: 1:23:42  iter: 6059  total_loss: 0.02777  time: 0.3625  data_time: 0.0080  lr: 0.00015803  max_mem: 16841M
[12/10 00:31:32 d2.utils.events]:  eta: 1:23:33  iter: 6079  total_loss: 0.02946  time: 0.3625  data_time: 0.0077  lr: 0.00015777  max_mem: 16841M
[12/10 00:31:40 d2.utils.events]:  eta: 1:23:24  iter: 6099  total_loss: 0.02814  time: 0.3625  data_time: 0.0074  lr: 0.00015751  max_mem: 16841M
[12/10 00:31:47 d2.utils.events]:  eta: 1:23:16  iter: 6119  total_loss: 0.02481  time: 0.3625  data_time: 0.0077  lr: 0.00015726  max_mem: 16841M
[12/10 00:31:54 d2.utils.events]:  eta: 1:23:08  iter: 6139  total_loss: 0.02866  time: 0.3625  data_time: 0.0076  lr: 0.000157  max_mem: 16841M
[12/10 00:32:02 d2.utils.events]:  eta: 1:23:02  iter: 6159  total_loss: 0.02528  time: 0.3625  data_time: 0.0073  lr: 0.00015674  max_mem: 16841M
[12/10 00:32:09 d2.utils.events]:  eta: 1:22:55  iter: 6179  total_loss: 0.0278  time: 0.3625  data_time: 0.0075  lr: 0.00015648  max_mem: 16841M
[12/10 00:32:16 d2.utils.events]:  eta: 1:22:47  iter: 6199  total_loss: 0.026  time: 0.3625  data_time: 0.0075  lr: 0.00015622  max_mem: 16841M
[12/10 00:32:23 d2.utils.events]:  eta: 1:22:40  iter: 6219  total_loss: 0.02917  time: 0.3625  data_time: 0.0073  lr: 0.00015596  max_mem: 16841M
[12/10 00:32:31 d2.utils.events]:  eta: 1:22:33  iter: 6239  total_loss: 0.02642  time: 0.3625  data_time: 0.0074  lr: 0.0001557  max_mem: 16841M
[12/10 00:32:38 d2.utils.events]:  eta: 1:22:28  iter: 6259  total_loss: 0.02784  time: 0.3626  data_time: 0.0075  lr: 0.00015544  max_mem: 16841M
[12/10 00:32:46 d2.utils.events]:  eta: 1:22:22  iter: 6279  total_loss: 0.02838  time: 0.3626  data_time: 0.0075  lr: 0.00015518  max_mem: 16841M
[12/10 00:32:53 d2.utils.events]:  eta: 1:22:14  iter: 6299  total_loss: 0.02712  time: 0.3626  data_time: 0.0076  lr: 0.00015492  max_mem: 16841M
[12/10 00:33:00 d2.utils.events]:  eta: 1:22:06  iter: 6319  total_loss: 0.0284  time: 0.3626  data_time: 0.0073  lr: 0.00015465  max_mem: 16841M
[12/10 00:33:08 d2.utils.events]:  eta: 1:21:59  iter: 6339  total_loss: 0.02723  time: 0.3626  data_time: 0.0073  lr: 0.00015439  max_mem: 16841M
[12/10 00:33:15 d2.utils.events]:  eta: 1:21:50  iter: 6359  total_loss: 0.02444  time: 0.3626  data_time: 0.0076  lr: 0.00015413  max_mem: 16841M
[12/10 00:33:22 d2.utils.events]:  eta: 1:21:43  iter: 6379  total_loss: 0.02642  time: 0.3626  data_time: 0.0072  lr: 0.00015386  max_mem: 16841M
[12/10 00:33:30 d2.utils.events]:  eta: 1:21:36  iter: 6399  total_loss: 0.02835  time: 0.3626  data_time: 0.0072  lr: 0.0001536  max_mem: 16841M
[12/10 00:33:37 d2.utils.events]:  eta: 1:21:29  iter: 6419  total_loss: 0.02886  time: 0.3626  data_time: 0.0077  lr: 0.00015333  max_mem: 16841M
[12/10 00:33:44 d2.utils.events]:  eta: 1:21:22  iter: 6439  total_loss: 0.02594  time: 0.3626  data_time: 0.0073  lr: 0.00015306  max_mem: 16841M
[12/10 00:33:51 d2.utils.events]:  eta: 1:21:15  iter: 6459  total_loss: 0.02846  time: 0.3626  data_time: 0.0071  lr: 0.0001528  max_mem: 16841M
[12/10 00:33:59 d2.utils.events]:  eta: 1:21:07  iter: 6479  total_loss: 0.02737  time: 0.3625  data_time: 0.0074  lr: 0.00015253  max_mem: 16841M
[12/10 00:34:06 d2.utils.events]:  eta: 1:20:59  iter: 6499  total_loss: 0.0264  time: 0.3625  data_time: 0.0073  lr: 0.00015226  max_mem: 16841M
[12/10 00:34:13 d2.utils.events]:  eta: 1:20:52  iter: 6519  total_loss: 0.02675  time: 0.3625  data_time: 0.0071  lr: 0.000152  max_mem: 16841M
[12/10 00:34:20 d2.utils.events]:  eta: 1:20:45  iter: 6539  total_loss: 0.02806  time: 0.3625  data_time: 0.0073  lr: 0.00015173  max_mem: 16841M
[12/10 00:34:28 d2.utils.events]:  eta: 1:20:38  iter: 6559  total_loss: 0.02991  time: 0.3625  data_time: 0.0073  lr: 0.00015146  max_mem: 16841M
[12/10 00:34:35 d2.utils.events]:  eta: 1:20:30  iter: 6579  total_loss: 0.02629  time: 0.3625  data_time: 0.0072  lr: 0.00015119  max_mem: 16841M
[12/10 00:34:42 d2.utils.events]:  eta: 1:20:21  iter: 6599  total_loss: 0.02876  time: 0.3625  data_time: 0.0075  lr: 0.00015092  max_mem: 16841M
[12/10 00:34:49 d2.utils.events]:  eta: 1:20:15  iter: 6619  total_loss: 0.0257  time: 0.3625  data_time: 0.0075  lr: 0.00015065  max_mem: 16841M
[12/10 00:34:57 d2.utils.events]:  eta: 1:20:08  iter: 6639  total_loss: 0.02639  time: 0.3625  data_time: 0.0077  lr: 0.00015038  max_mem: 16841M
[12/10 00:35:04 d2.utils.events]:  eta: 1:20:02  iter: 6659  total_loss: 0.02558  time: 0.3625  data_time: 0.0079  lr: 0.0001501  max_mem: 16841M
[12/10 00:35:11 d2.utils.events]:  eta: 1:19:55  iter: 6679  total_loss: 0.02792  time: 0.3625  data_time: 0.0077  lr: 0.00014983  max_mem: 16841M
[12/10 00:35:18 d2.utils.events]:  eta: 1:19:47  iter: 6699  total_loss: 0.02931  time: 0.3625  data_time: 0.0079  lr: 0.00014956  max_mem: 16841M
[12/10 00:35:26 d2.utils.events]:  eta: 1:19:41  iter: 6719  total_loss: 0.02465  time: 0.3624  data_time: 0.0078  lr: 0.00014929  max_mem: 16841M
[12/10 00:35:33 d2.utils.events]:  eta: 1:19:33  iter: 6739  total_loss: 0.02477  time: 0.3624  data_time: 0.0075  lr: 0.00014901  max_mem: 16841M
[12/10 00:35:40 d2.utils.events]:  eta: 1:19:25  iter: 6759  total_loss: 0.02824  time: 0.3624  data_time: 0.0075  lr: 0.00014874  max_mem: 16841M
[12/10 00:35:48 d2.utils.events]:  eta: 1:19:16  iter: 6779  total_loss: 0.02591  time: 0.3624  data_time: 0.0074  lr: 0.00014846  max_mem: 16841M
[12/10 00:35:55 d2.utils.events]:  eta: 1:19:08  iter: 6799  total_loss: 0.02779  time: 0.3624  data_time: 0.0075  lr: 0.00014819  max_mem: 16841M
[12/10 00:36:02 d2.utils.events]:  eta: 1:18:59  iter: 6819  total_loss: 0.02541  time: 0.3624  data_time: 0.0076  lr: 0.00014791  max_mem: 16841M
[12/10 00:36:09 d2.utils.events]:  eta: 1:18:49  iter: 6839  total_loss: 0.02635  time: 0.3624  data_time: 0.0077  lr: 0.00014764  max_mem: 16841M
[12/10 00:36:17 d2.utils.events]:  eta: 1:18:41  iter: 6859  total_loss: 0.02671  time: 0.3624  data_time: 0.0073  lr: 0.00014736  max_mem: 16841M
[12/10 00:36:24 d2.utils.events]:  eta: 1:18:33  iter: 6879  total_loss: 0.02999  time: 0.3624  data_time: 0.0072  lr: 0.00014708  max_mem: 16841M
[12/10 00:36:31 d2.utils.events]:  eta: 1:18:24  iter: 6899  total_loss: 0.02634  time: 0.3624  data_time: 0.0074  lr: 0.00014681  max_mem: 16841M
[12/10 00:36:38 d2.utils.events]:  eta: 1:18:17  iter: 6919  total_loss: 0.02449  time: 0.3624  data_time: 0.0071  lr: 0.00014653  max_mem: 16841M
[12/10 00:36:46 d2.utils.events]:  eta: 1:18:09  iter: 6939  total_loss: 0.02928  time: 0.3624  data_time: 0.0074  lr: 0.00014625  max_mem: 16841M
[12/10 00:36:53 d2.utils.events]:  eta: 1:18:01  iter: 6959  total_loss: 0.0258  time: 0.3624  data_time: 0.0078  lr: 0.00014597  max_mem: 16841M
[12/10 00:37:00 d2.utils.events]:  eta: 1:17:54  iter: 6979  total_loss: 0.02669  time: 0.3624  data_time: 0.0078  lr: 0.00014569  max_mem: 16841M
[12/10 00:37:07 d2.utils.events]:  eta: 1:17:46  iter: 6999  total_loss: 0.02575  time: 0.3623  data_time: 0.0078  lr: 0.00014541  max_mem: 16841M
[12/10 00:37:14 d2.utils.events]:  eta: 1:17:38  iter: 7019  total_loss: 0.02549  time: 0.3623  data_time: 0.0077  lr: 0.00014513  max_mem: 16841M
[12/10 00:37:22 d2.utils.events]:  eta: 1:17:31  iter: 7039  total_loss: 0.02905  time: 0.3623  data_time: 0.0078  lr: 0.00014485  max_mem: 16841M
[12/10 00:37:29 d2.utils.events]:  eta: 1:17:23  iter: 7059  total_loss: 0.02848  time: 0.3623  data_time: 0.0077  lr: 0.00014457  max_mem: 16841M
[12/10 00:37:36 d2.utils.events]:  eta: 1:17:16  iter: 7079  total_loss: 0.02678  time: 0.3623  data_time: 0.0080  lr: 0.00014429  max_mem: 16841M
[12/10 00:37:44 d2.utils.events]:  eta: 1:17:09  iter: 7099  total_loss: 0.02442  time: 0.3623  data_time: 0.0079  lr: 0.00014401  max_mem: 16841M
[12/10 00:37:51 d2.utils.events]:  eta: 1:17:02  iter: 7119  total_loss: 0.02799  time: 0.3623  data_time: 0.0079  lr: 0.00014373  max_mem: 16841M
[12/10 00:37:58 d2.utils.events]:  eta: 1:16:54  iter: 7139  total_loss: 0.02786  time: 0.3623  data_time: 0.0078  lr: 0.00014344  max_mem: 16841M
[12/10 00:38:05 d2.utils.events]:  eta: 1:16:47  iter: 7159  total_loss: 0.02965  time: 0.3623  data_time: 0.0077  lr: 0.00014316  max_mem: 16841M
[12/10 00:38:13 d2.utils.events]:  eta: 1:16:40  iter: 7179  total_loss: 0.03006  time: 0.3623  data_time: 0.0080  lr: 0.00014288  max_mem: 16841M
[12/10 00:38:20 d2.utils.events]:  eta: 1:16:33  iter: 7199  total_loss: 0.02583  time: 0.3623  data_time: 0.0080  lr: 0.00014259  max_mem: 16841M
[12/10 00:38:27 d2.utils.events]:  eta: 1:16:25  iter: 7219  total_loss: 0.02672  time: 0.3623  data_time: 0.0077  lr: 0.00014231  max_mem: 16841M
[12/10 00:38:34 d2.utils.events]:  eta: 1:16:17  iter: 7239  total_loss: 0.02576  time: 0.3623  data_time: 0.0076  lr: 0.00014202  max_mem: 16841M
[12/10 00:38:42 d2.utils.events]:  eta: 1:16:10  iter: 7259  total_loss: 0.02506  time: 0.3623  data_time: 0.0076  lr: 0.00014174  max_mem: 16841M
[12/10 00:38:49 d2.utils.events]:  eta: 1:16:02  iter: 7279  total_loss: 0.02877  time: 0.3623  data_time: 0.0075  lr: 0.00014145  max_mem: 16841M
[12/10 00:38:56 d2.utils.events]:  eta: 1:15:54  iter: 7299  total_loss: 0.02697  time: 0.3623  data_time: 0.0076  lr: 0.00014117  max_mem: 16841M
[12/10 00:39:03 d2.utils.events]:  eta: 1:15:47  iter: 7319  total_loss: 0.0255  time: 0.3623  data_time: 0.0075  lr: 0.00014088  max_mem: 16841M
[12/10 00:39:11 d2.utils.events]:  eta: 1:15:40  iter: 7339  total_loss: 0.02556  time: 0.3623  data_time: 0.0072  lr: 0.00014059  max_mem: 16841M
[12/10 00:39:18 d2.utils.events]:  eta: 1:15:32  iter: 7359  total_loss: 0.02939  time: 0.3623  data_time: 0.0073  lr: 0.00014031  max_mem: 16841M
[12/10 00:39:25 d2.utils.events]:  eta: 1:15:25  iter: 7379  total_loss: 0.02883  time: 0.3623  data_time: 0.0075  lr: 0.00014002  max_mem: 16841M
[12/10 00:39:32 d2.utils.events]:  eta: 1:15:18  iter: 7399  total_loss: 0.02882  time: 0.3623  data_time: 0.0078  lr: 0.00013973  max_mem: 16841M
[12/10 00:39:39 d2.utils.events]:  eta: 1:15:10  iter: 7419  total_loss: 0.03032  time: 0.3622  data_time: 0.0076  lr: 0.00013944  max_mem: 16841M
[12/10 00:39:47 d2.utils.events]:  eta: 1:15:03  iter: 7439  total_loss: 0.02613  time: 0.3622  data_time: 0.0077  lr: 0.00013915  max_mem: 16841M
[12/10 00:39:54 d2.utils.events]:  eta: 1:14:56  iter: 7459  total_loss: 0.02794  time: 0.3622  data_time: 0.0080  lr: 0.00013886  max_mem: 16841M
[12/10 00:40:01 d2.utils.events]:  eta: 1:14:49  iter: 7479  total_loss: 0.02701  time: 0.3622  data_time: 0.0081  lr: 0.00013857  max_mem: 16841M
[12/10 00:40:08 d2.utils.events]:  eta: 1:14:42  iter: 7499  total_loss: 0.02754  time: 0.3622  data_time: 0.0080  lr: 0.00013828  max_mem: 16841M
[12/10 00:40:16 d2.utils.events]:  eta: 1:14:35  iter: 7519  total_loss: 0.02734  time: 0.3622  data_time: 0.0074  lr: 0.00013799  max_mem: 16841M
[12/10 00:40:23 d2.utils.events]:  eta: 1:14:28  iter: 7539  total_loss: 0.02567  time: 0.3622  data_time: 0.0073  lr: 0.0001377  max_mem: 16841M
[12/10 00:40:30 d2.utils.events]:  eta: 1:14:20  iter: 7559  total_loss: 0.0279  time: 0.3622  data_time: 0.0074  lr: 0.00013741  max_mem: 16841M
[12/10 00:40:37 d2.utils.events]:  eta: 1:14:13  iter: 7579  total_loss: 0.02566  time: 0.3622  data_time: 0.0074  lr: 0.00013712  max_mem: 16841M
[12/10 00:40:44 d2.utils.events]:  eta: 1:14:06  iter: 7599  total_loss: 0.02559  time: 0.3622  data_time: 0.0073  lr: 0.00013683  max_mem: 16841M
[12/10 00:40:52 d2.utils.events]:  eta: 1:13:58  iter: 7619  total_loss: 0.02429  time: 0.3622  data_time: 0.0073  lr: 0.00013653  max_mem: 16841M
[12/10 00:40:59 d2.utils.events]:  eta: 1:13:51  iter: 7639  total_loss: 0.02735  time: 0.3622  data_time: 0.0076  lr: 0.00013624  max_mem: 16841M
[12/10 00:41:06 d2.utils.events]:  eta: 1:13:44  iter: 7659  total_loss: 0.02513  time: 0.3621  data_time: 0.0074  lr: 0.00013595  max_mem: 16841M
[12/10 00:41:13 d2.utils.events]:  eta: 1:13:36  iter: 7679  total_loss: 0.0263  time: 0.3621  data_time: 0.0075  lr: 0.00013566  max_mem: 16841M
[12/10 00:41:20 d2.utils.events]:  eta: 1:13:29  iter: 7699  total_loss: 0.02467  time: 0.3621  data_time: 0.0075  lr: 0.00013536  max_mem: 16841M
[12/10 00:41:28 d2.utils.events]:  eta: 1:13:22  iter: 7719  total_loss: 0.02626  time: 0.3621  data_time: 0.0077  lr: 0.00013507  max_mem: 16841M
[12/10 00:41:35 d2.utils.events]:  eta: 1:13:14  iter: 7739  total_loss: 0.02518  time: 0.3621  data_time: 0.0075  lr: 0.00013477  max_mem: 16841M
[12/10 00:41:42 d2.utils.events]:  eta: 1:13:07  iter: 7759  total_loss: 0.02554  time: 0.3621  data_time: 0.0075  lr: 0.00013448  max_mem: 16841M
[12/10 00:41:49 d2.utils.events]:  eta: 1:13:00  iter: 7779  total_loss: 0.02591  time: 0.3621  data_time: 0.0073  lr: 0.00013418  max_mem: 16841M
[12/10 00:41:57 d2.utils.events]:  eta: 1:12:53  iter: 7799  total_loss: 0.02597  time: 0.3621  data_time: 0.0076  lr: 0.00013389  max_mem: 16841M
[12/10 00:42:04 d2.utils.events]:  eta: 1:12:46  iter: 7819  total_loss: 0.02685  time: 0.3621  data_time: 0.0074  lr: 0.00013359  max_mem: 16841M
[12/10 00:42:11 d2.utils.events]:  eta: 1:12:38  iter: 7839  total_loss: 0.02835  time: 0.3621  data_time: 0.0078  lr: 0.0001333  max_mem: 16841M
[12/10 00:42:19 d2.utils.events]:  eta: 1:12:32  iter: 7859  total_loss: 0.02753  time: 0.3621  data_time: 0.0075  lr: 0.000133  max_mem: 16841M
[12/10 00:42:26 d2.utils.events]:  eta: 1:12:25  iter: 7879  total_loss: 0.02501  time: 0.3621  data_time: 0.0075  lr: 0.0001327  max_mem: 16841M
[12/10 00:42:33 d2.utils.events]:  eta: 1:12:18  iter: 7899  total_loss: 0.02557  time: 0.3621  data_time: 0.0078  lr: 0.00013241  max_mem: 16841M
[12/10 00:42:40 d2.utils.events]:  eta: 1:12:11  iter: 7919  total_loss: 0.02709  time: 0.3621  data_time: 0.0076  lr: 0.00013211  max_mem: 16841M
[12/10 00:42:47 d2.utils.events]:  eta: 1:12:04  iter: 7939  total_loss: 0.02491  time: 0.3621  data_time: 0.0072  lr: 0.00013181  max_mem: 16841M
[12/10 00:42:55 d2.utils.events]:  eta: 1:11:57  iter: 7959  total_loss: 0.02752  time: 0.3621  data_time: 0.0077  lr: 0.00013151  max_mem: 16841M
[12/10 00:43:02 d2.utils.events]:  eta: 1:11:49  iter: 7979  total_loss: 0.02764  time: 0.3621  data_time: 0.0076  lr: 0.00013122  max_mem: 16841M
[12/10 00:43:09 d2.utils.events]:  eta: 1:11:42  iter: 7999  total_loss: 0.02877  time: 0.3621  data_time: 0.0074  lr: 0.00013092  max_mem: 16841M
[12/10 00:43:17 d2.utils.events]:  eta: 1:11:35  iter: 8019  total_loss: 0.02636  time: 0.3621  data_time: 0.0076  lr: 0.00013062  max_mem: 16841M
[12/10 00:43:24 d2.utils.events]:  eta: 1:11:28  iter: 8039  total_loss: 0.02907  time: 0.3621  data_time: 0.0074  lr: 0.00013032  max_mem: 16841M
[12/10 00:43:31 d2.utils.events]:  eta: 1:11:20  iter: 8059  total_loss: 0.02683  time: 0.3621  data_time: 0.0075  lr: 0.00013002  max_mem: 16841M
[12/10 00:43:38 d2.utils.events]:  eta: 1:11:13  iter: 8079  total_loss: 0.02775  time: 0.3621  data_time: 0.0077  lr: 0.00012972  max_mem: 16841M
[12/10 00:43:46 d2.utils.events]:  eta: 1:11:06  iter: 8099  total_loss: 0.02785  time: 0.3621  data_time: 0.0078  lr: 0.00012942  max_mem: 16841M
[12/10 00:43:53 d2.utils.events]:  eta: 1:10:59  iter: 8119  total_loss: 0.02568  time: 0.3621  data_time: 0.0077  lr: 0.00012912  max_mem: 16841M
[12/10 00:44:00 d2.utils.events]:  eta: 1:10:51  iter: 8139  total_loss: 0.0259  time: 0.3621  data_time: 0.0075  lr: 0.00012882  max_mem: 16841M
[12/10 00:44:07 d2.utils.events]:  eta: 1:10:44  iter: 8159  total_loss: 0.02625  time: 0.3621  data_time: 0.0075  lr: 0.00012852  max_mem: 16841M
[12/10 00:44:15 d2.utils.events]:  eta: 1:10:37  iter: 8179  total_loss: 0.0266  time: 0.3621  data_time: 0.0077  lr: 0.00012822  max_mem: 16841M
[12/10 00:44:22 d2.utils.events]:  eta: 1:10:30  iter: 8199  total_loss: 0.02798  time: 0.3620  data_time: 0.0076  lr: 0.00012791  max_mem: 16841M
[12/10 00:44:29 d2.utils.events]:  eta: 1:10:23  iter: 8219  total_loss: 0.02685  time: 0.3620  data_time: 0.0077  lr: 0.00012761  max_mem: 16841M
[12/10 00:44:36 d2.utils.events]:  eta: 1:10:16  iter: 8239  total_loss: 0.02662  time: 0.3620  data_time: 0.0078  lr: 0.00012731  max_mem: 16841M
[12/10 00:44:44 d2.utils.events]:  eta: 1:10:09  iter: 8259  total_loss: 0.02628  time: 0.3620  data_time: 0.0078  lr: 0.00012701  max_mem: 16841M
[12/10 00:44:51 d2.utils.events]:  eta: 1:10:02  iter: 8279  total_loss: 0.02977  time: 0.3620  data_time: 0.0078  lr: 0.00012671  max_mem: 16841M
[12/10 00:44:58 d2.utils.events]:  eta: 1:09:55  iter: 8299  total_loss: 0.0278  time: 0.3620  data_time: 0.0076  lr: 0.0001264  max_mem: 16841M
[12/10 00:45:05 d2.utils.events]:  eta: 1:09:47  iter: 8319  total_loss: 0.0256  time: 0.3620  data_time: 0.0075  lr: 0.0001261  max_mem: 16841M
[12/10 00:45:13 d2.utils.events]:  eta: 1:09:40  iter: 8339  total_loss: 0.02669  time: 0.3620  data_time: 0.0075  lr: 0.0001258  max_mem: 16841M
[12/10 00:45:20 d2.utils.events]:  eta: 1:09:33  iter: 8359  total_loss: 0.02382  time: 0.3620  data_time: 0.0076  lr: 0.00012549  max_mem: 16841M
[12/10 00:45:27 d2.utils.events]:  eta: 1:09:26  iter: 8379  total_loss: 0.02559  time: 0.3620  data_time: 0.0078  lr: 0.00012519  max_mem: 16841M
[12/10 00:45:34 d2.utils.events]:  eta: 1:09:19  iter: 8399  total_loss: 0.02647  time: 0.3620  data_time: 0.0077  lr: 0.00012488  max_mem: 16841M
[12/10 00:45:41 d2.utils.events]:  eta: 1:09:12  iter: 8419  total_loss: 0.02321  time: 0.3620  data_time: 0.0079  lr: 0.00012458  max_mem: 16841M
[12/10 00:45:49 d2.utils.events]:  eta: 1:09:05  iter: 8439  total_loss: 0.02524  time: 0.3620  data_time: 0.0076  lr: 0.00012428  max_mem: 16841M
[12/10 00:45:56 d2.utils.events]:  eta: 1:08:57  iter: 8459  total_loss: 0.02665  time: 0.3620  data_time: 0.0073  lr: 0.00012397  max_mem: 16841M
[12/10 00:46:03 d2.utils.events]:  eta: 1:08:50  iter: 8479  total_loss: 0.02683  time: 0.3620  data_time: 0.0072  lr: 0.00012367  max_mem: 16841M
[12/10 00:46:10 d2.utils.events]:  eta: 1:08:42  iter: 8499  total_loss: 0.02665  time: 0.3620  data_time: 0.0072  lr: 0.00012336  max_mem: 16841M
[12/10 00:46:17 d2.utils.events]:  eta: 1:08:35  iter: 8519  total_loss: 0.02695  time: 0.3620  data_time: 0.0075  lr: 0.00012305  max_mem: 16841M
[12/10 00:46:25 d2.utils.events]:  eta: 1:08:28  iter: 8539  total_loss: 0.02739  time: 0.3620  data_time: 0.0075  lr: 0.00012275  max_mem: 16841M
[12/10 00:46:32 d2.utils.events]:  eta: 1:08:21  iter: 8559  total_loss: 0.02671  time: 0.3620  data_time: 0.0074  lr: 0.00012244  max_mem: 16841M
[12/10 00:46:39 d2.utils.events]:  eta: 1:08:15  iter: 8579  total_loss: 0.02702  time: 0.3619  data_time: 0.0076  lr: 0.00012214  max_mem: 16841M
[12/10 00:46:46 d2.utils.events]:  eta: 1:08:07  iter: 8599  total_loss: 0.02783  time: 0.3619  data_time: 0.0075  lr: 0.00012183  max_mem: 16841M
[12/10 00:46:54 d2.utils.events]:  eta: 1:08:00  iter: 8619  total_loss: 0.02813  time: 0.3619  data_time: 0.0078  lr: 0.00012152  max_mem: 16841M
[12/10 00:47:01 d2.utils.events]:  eta: 1:07:53  iter: 8639  total_loss: 0.02743  time: 0.3619  data_time: 0.0077  lr: 0.00012122  max_mem: 16841M
[12/10 00:47:08 d2.utils.events]:  eta: 1:07:47  iter: 8659  total_loss: 0.02697  time: 0.3619  data_time: 0.0074  lr: 0.00012091  max_mem: 16841M
[12/10 00:47:15 d2.utils.events]:  eta: 1:07:40  iter: 8679  total_loss: 0.02781  time: 0.3619  data_time: 0.0076  lr: 0.0001206  max_mem: 16841M
[12/10 00:47:23 d2.utils.events]:  eta: 1:07:33  iter: 8699  total_loss: 0.02634  time: 0.3619  data_time: 0.0076  lr: 0.00012029  max_mem: 16841M
[12/10 00:47:37 d2.utils.events]:  eta: 1:07:26  iter: 8719  total_loss: 0.02539  time: 0.3619  data_time: 0.0080  lr: 0.00011999  max_mem: 16841M
[12/10 00:47:44 d2.utils.events]:  eta: 1:07:19  iter: 8739  total_loss: 0.02757  time: 0.3619  data_time: 0.0080  lr: 0.00011968  max_mem: 16841M
[12/10 00:47:51 d2.utils.events]:  eta: 1:07:12  iter: 8759  total_loss: 0.02355  time: 0.3619  data_time: 0.0079  lr: 0.00011937  max_mem: 16841M
[12/10 00:47:59 d2.utils.events]:  eta: 1:07:05  iter: 8779  total_loss: 0.02309  time: 0.3619  data_time: 0.0077  lr: 0.00011906  max_mem: 16841M
[12/10 00:48:06 d2.utils.events]:  eta: 1:06:58  iter: 8799  total_loss: 0.02538  time: 0.3619  data_time: 0.0076  lr: 0.00011875  max_mem: 16841M
[12/10 00:48:13 d2.utils.events]:  eta: 1:06:51  iter: 8819  total_loss: 0.02626  time: 0.3619  data_time: 0.0076  lr: 0.00011844  max_mem: 16841M
[12/10 00:48:20 d2.utils.events]:  eta: 1:06:44  iter: 8839  total_loss: 0.02905  time: 0.3619  data_time: 0.0077  lr: 0.00011814  max_mem: 16841M
[12/10 00:48:27 d2.utils.events]:  eta: 1:06:36  iter: 8859  total_loss: 0.02655  time: 0.3619  data_time: 0.0075  lr: 0.00011783  max_mem: 16841M
[12/10 00:48:35 d2.utils.events]:  eta: 1:06:28  iter: 8879  total_loss: 0.0264  time: 0.3619  data_time: 0.0077  lr: 0.00011752  max_mem: 16841M
[12/10 00:48:42 d2.utils.events]:  eta: 1:06:22  iter: 8899  total_loss: 0.0297  time: 0.3619  data_time: 0.0081  lr: 0.00011721  max_mem: 16841M
[12/10 00:48:49 d2.utils.events]:  eta: 1:06:15  iter: 8919  total_loss: 0.02555  time: 0.3619  data_time: 0.0077  lr: 0.0001169  max_mem: 16841M
[12/10 00:48:57 d2.utils.events]:  eta: 1:06:08  iter: 8939  total_loss: 0.02288  time: 0.3619  data_time: 0.0079  lr: 0.00011659  max_mem: 16841M
[12/10 00:49:04 d2.utils.events]:  eta: 1:06:01  iter: 8959  total_loss: 0.03015  time: 0.3619  data_time: 0.0076  lr: 0.00011628  max_mem: 16841M
[12/10 00:49:11 d2.utils.events]:  eta: 1:05:54  iter: 8979  total_loss: 0.02562  time: 0.3619  data_time: 0.0073  lr: 0.00011597  max_mem: 16841M
[12/10 00:49:18 d2.utils.events]:  eta: 1:05:47  iter: 8999  total_loss: 0.02539  time: 0.3619  data_time: 0.0077  lr: 0.00011566  max_mem: 16841M
[12/10 00:49:26 d2.utils.events]:  eta: 1:05:40  iter: 9019  total_loss: 0.02568  time: 0.3619  data_time: 0.0074  lr: 0.00011535  max_mem: 16841M
[12/10 00:49:33 d2.utils.events]:  eta: 1:05:33  iter: 9039  total_loss: 0.0254  time: 0.3619  data_time: 0.0074  lr: 0.00011504  max_mem: 16841M
[12/10 00:49:40 d2.utils.events]:  eta: 1:05:25  iter: 9059  total_loss: 0.02572  time: 0.3619  data_time: 0.0071  lr: 0.00011473  max_mem: 16841M
[12/10 00:49:47 d2.utils.events]:  eta: 1:05:18  iter: 9079  total_loss: 0.02687  time: 0.3619  data_time: 0.0072  lr: 0.00011442  max_mem: 16841M
[12/10 00:49:55 d2.utils.events]:  eta: 1:05:11  iter: 9099  total_loss: 0.02412  time: 0.3619  data_time: 0.0074  lr: 0.00011411  max_mem: 16841M
[12/10 00:50:02 d2.utils.events]:  eta: 1:05:04  iter: 9119  total_loss: 0.02483  time: 0.3619  data_time: 0.0076  lr: 0.00011379  max_mem: 16841M
[12/10 00:50:09 d2.utils.events]:  eta: 1:04:56  iter: 9139  total_loss: 0.02622  time: 0.3619  data_time: 0.0071  lr: 0.00011348  max_mem: 16841M
[12/10 00:50:16 d2.utils.events]:  eta: 1:04:49  iter: 9159  total_loss: 0.0247  time: 0.3619  data_time: 0.0069  lr: 0.00011317  max_mem: 16841M
[12/10 00:50:23 d2.utils.events]:  eta: 1:04:41  iter: 9179  total_loss: 0.02763  time: 0.3619  data_time: 0.0071  lr: 0.00011286  max_mem: 16841M
[12/10 00:50:31 d2.utils.events]:  eta: 1:04:33  iter: 9199  total_loss: 0.02655  time: 0.3619  data_time: 0.0071  lr: 0.00011255  max_mem: 16841M
[12/10 00:50:38 d2.utils.events]:  eta: 1:04:26  iter: 9219  total_loss: 0.02662  time: 0.3619  data_time: 0.0075  lr: 0.00011224  max_mem: 16841M
[12/10 00:50:45 d2.utils.events]:  eta: 1:04:19  iter: 9239  total_loss: 0.02947  time: 0.3619  data_time: 0.0078  lr: 0.00011193  max_mem: 16841M
[12/10 00:50:52 d2.utils.events]:  eta: 1:04:12  iter: 9259  total_loss: 0.02506  time: 0.3619  data_time: 0.0077  lr: 0.00011161  max_mem: 16841M
[12/10 00:50:59 d2.utils.events]:  eta: 1:04:04  iter: 9279  total_loss: 0.02622  time: 0.3619  data_time: 0.0077  lr: 0.0001113  max_mem: 16841M
[12/10 00:51:07 d2.utils.events]:  eta: 1:03:57  iter: 9299  total_loss: 0.02456  time: 0.3619  data_time: 0.0078  lr: 0.00011099  max_mem: 16841M
[12/10 00:51:14 d2.utils.events]:  eta: 1:03:51  iter: 9319  total_loss: 0.02516  time: 0.3618  data_time: 0.0077  lr: 0.00011068  max_mem: 16841M
[12/10 00:51:21 d2.utils.events]:  eta: 1:03:43  iter: 9339  total_loss: 0.02589  time: 0.3618  data_time: 0.0073  lr: 0.00011036  max_mem: 16841M
[12/10 00:51:29 d2.utils.events]:  eta: 1:03:37  iter: 9359  total_loss: 0.02457  time: 0.3618  data_time: 0.0077  lr: 0.00011005  max_mem: 16841M
[12/10 00:51:36 d2.utils.events]:  eta: 1:03:31  iter: 9379  total_loss: 0.02733  time: 0.3618  data_time: 0.0080  lr: 0.00010974  max_mem: 16841M
[12/10 00:51:43 d2.utils.events]:  eta: 1:03:23  iter: 9399  total_loss: 0.02631  time: 0.3618  data_time: 0.0074  lr: 0.00010943  max_mem: 16841M
[12/10 00:51:50 d2.utils.events]:  eta: 1:03:16  iter: 9419  total_loss: 0.0258  time: 0.3618  data_time: 0.0073  lr: 0.00010911  max_mem: 16841M
[12/10 00:51:57 d2.utils.events]:  eta: 1:03:09  iter: 9439  total_loss: 0.02549  time: 0.3618  data_time: 0.0075  lr: 0.0001088  max_mem: 16841M
[12/10 00:52:05 d2.utils.events]:  eta: 1:03:02  iter: 9459  total_loss: 0.02514  time: 0.3618  data_time: 0.0074  lr: 0.00010849  max_mem: 16841M
[12/10 00:52:12 d2.utils.events]:  eta: 1:02:55  iter: 9479  total_loss: 0.0246  time: 0.3618  data_time: 0.0078  lr: 0.00010817  max_mem: 16841M
[12/10 00:52:19 d2.utils.events]:  eta: 1:02:48  iter: 9499  total_loss: 0.0264  time: 0.3618  data_time: 0.0076  lr: 0.00010786  max_mem: 16841M
[12/10 00:52:26 d2.utils.events]:  eta: 1:02:41  iter: 9519  total_loss: 0.0227  time: 0.3618  data_time: 0.0076  lr: 0.00010755  max_mem: 16841M
[12/10 00:52:34 d2.utils.events]:  eta: 1:02:34  iter: 9539  total_loss: 0.02621  time: 0.3618  data_time: 0.0075  lr: 0.00010724  max_mem: 16841M
[12/10 00:52:41 d2.utils.events]:  eta: 1:02:27  iter: 9559  total_loss: 0.02581  time: 0.3618  data_time: 0.0075  lr: 0.00010692  max_mem: 16841M
[12/10 00:52:48 d2.utils.events]:  eta: 1:02:20  iter: 9579  total_loss: 0.02627  time: 0.3618  data_time: 0.0076  lr: 0.00010661  max_mem: 16841M
[12/10 00:52:55 d2.utils.events]:  eta: 1:02:12  iter: 9599  total_loss: 0.02646  time: 0.3618  data_time: 0.0076  lr: 0.00010629  max_mem: 16841M
[12/10 00:53:03 d2.utils.events]:  eta: 1:02:05  iter: 9619  total_loss: 0.02588  time: 0.3618  data_time: 0.0079  lr: 0.00010598  max_mem: 16841M
[12/10 00:53:10 d2.utils.events]:  eta: 1:01:58  iter: 9639  total_loss: 0.02575  time: 0.3618  data_time: 0.0076  lr: 0.00010567  max_mem: 16841M
[12/10 00:53:17 d2.utils.events]:  eta: 1:01:51  iter: 9659  total_loss: 0.0271  time: 0.3618  data_time: 0.0073  lr: 0.00010535  max_mem: 16841M
[12/10 00:53:24 d2.utils.events]:  eta: 1:01:44  iter: 9679  total_loss: 0.02554  time: 0.3618  data_time: 0.0074  lr: 0.00010504  max_mem: 16841M
[12/10 00:53:32 d2.utils.events]:  eta: 1:01:37  iter: 9699  total_loss: 0.02442  time: 0.3618  data_time: 0.0080  lr: 0.00010473  max_mem: 16841M
[12/10 00:53:39 d2.utils.events]:  eta: 1:01:29  iter: 9719  total_loss: 0.02667  time: 0.3618  data_time: 0.0076  lr: 0.00010441  max_mem: 16841M
[12/10 00:53:46 d2.utils.events]:  eta: 1:01:22  iter: 9739  total_loss: 0.02715  time: 0.3618  data_time: 0.0079  lr: 0.0001041  max_mem: 16841M
[12/10 00:53:53 d2.utils.events]:  eta: 1:01:15  iter: 9759  total_loss: 0.02422  time: 0.3618  data_time: 0.0076  lr: 0.00010378  max_mem: 16841M
[12/10 00:54:01 d2.utils.events]:  eta: 1:01:07  iter: 9779  total_loss: 0.02472  time: 0.3618  data_time: 0.0074  lr: 0.00010347  max_mem: 16841M
[12/10 00:54:08 d2.utils.events]:  eta: 1:01:00  iter: 9799  total_loss: 0.02494  time: 0.3618  data_time: 0.0076  lr: 0.00010316  max_mem: 16841M
[12/10 00:54:15 d2.utils.events]:  eta: 1:00:53  iter: 9819  total_loss: 0.02593  time: 0.3618  data_time: 0.0080  lr: 0.00010284  max_mem: 16841M
[12/10 00:54:22 d2.utils.events]:  eta: 1:00:46  iter: 9839  total_loss: 0.025  time: 0.3618  data_time: 0.0074  lr: 0.00010253  max_mem: 16841M
[12/10 00:54:30 d2.utils.events]:  eta: 1:00:40  iter: 9859  total_loss: 0.02476  time: 0.3618  data_time: 0.0076  lr: 0.00010221  max_mem: 16841M
[12/10 00:54:37 d2.utils.events]:  eta: 1:00:33  iter: 9879  total_loss: 0.0269  time: 0.3618  data_time: 0.0079  lr: 0.0001019  max_mem: 16841M
[12/10 00:54:44 d2.utils.events]:  eta: 1:00:26  iter: 9899  total_loss: 0.0231  time: 0.3618  data_time: 0.0079  lr: 0.00010159  max_mem: 16841M
[12/10 00:54:51 d2.utils.events]:  eta: 1:00:18  iter: 9919  total_loss: 0.02392  time: 0.3618  data_time: 0.0077  lr: 0.00010127  max_mem: 16841M
[12/10 00:54:59 d2.utils.events]:  eta: 1:00:11  iter: 9939  total_loss: 0.02663  time: 0.3618  data_time: 0.0078  lr: 0.00010096  max_mem: 16841M
[12/10 00:55:06 d2.utils.events]:  eta: 1:00:04  iter: 9959  total_loss: 0.02551  time: 0.3618  data_time: 0.0075  lr: 0.00010064  max_mem: 16841M
[12/10 00:55:13 d2.utils.events]:  eta: 0:59:57  iter: 9979  total_loss: 0.02751  time: 0.3618  data_time: 0.0077  lr: 0.00010033  max_mem: 16841M
[12/10 00:55:20 fvcore.common.checkpoint]: Saving checkpoint to outputs/cs7_eva_b16_r512/model_0009999.pth
[12/10 00:55:21 d2.utils.events]:  eta: 0:59:50  iter: 9999  total_loss: 0.0273  time: 0.3618  data_time: 0.0075  lr: 0.00010002  max_mem: 16841M
[12/10 00:55:28 d2.utils.events]:  eta: 0:59:43  iter: 10019  total_loss: 0.02412  time: 0.3618  data_time: 0.0076  lr: 9.9702e-05  max_mem: 16841M
[12/10 00:55:35 d2.utils.events]:  eta: 0:59:35  iter: 10039  total_loss: 0.02516  time: 0.3618  data_time: 0.0071  lr: 9.9387e-05  max_mem: 16841M
[12/10 00:55:43 d2.utils.events]:  eta: 0:59:28  iter: 10059  total_loss: 0.02708  time: 0.3618  data_time: 0.0068  lr: 9.9073e-05  max_mem: 16841M
[12/10 00:55:50 d2.utils.events]:  eta: 0:59:21  iter: 10079  total_loss: 0.0269  time: 0.3618  data_time: 0.0069  lr: 9.8759e-05  max_mem: 16841M
[12/10 00:55:57 d2.utils.events]:  eta: 0:59:14  iter: 10099  total_loss: 0.02522  time: 0.3618  data_time: 0.0071  lr: 9.8445e-05  max_mem: 16841M
[12/10 00:56:04 d2.utils.events]:  eta: 0:59:07  iter: 10119  total_loss: 0.02514  time: 0.3618  data_time: 0.0077  lr: 9.8131e-05  max_mem: 16841M
[12/10 00:56:12 d2.utils.events]:  eta: 0:59:00  iter: 10139  total_loss: 0.0268  time: 0.3618  data_time: 0.0072  lr: 9.7817e-05  max_mem: 16841M
[12/10 00:56:24 d2.utils.events]:  eta: 0:58:53  iter: 10159  total_loss: 0.02679  time: 0.3618  data_time: 0.0080  lr: 9.7503e-05  max_mem: 16841M
[12/10 00:56:31 d2.utils.events]:  eta: 0:58:46  iter: 10179  total_loss: 0.02317  time: 0.3618  data_time: 0.0076  lr: 9.7189e-05  max_mem: 16841M
[12/10 00:56:39 d2.utils.events]:  eta: 0:58:39  iter: 10199  total_loss: 0.02559  time: 0.3617  data_time: 0.0076  lr: 9.6875e-05  max_mem: 16841M
[12/10 00:56:46 d2.utils.events]:  eta: 0:58:32  iter: 10219  total_loss: 0.02593  time: 0.3617  data_time: 0.0075  lr: 9.6561e-05  max_mem: 16841M
[12/10 00:56:53 d2.utils.events]:  eta: 0:58:25  iter: 10239  total_loss: 0.02715  time: 0.3617  data_time: 0.0077  lr: 9.6247e-05  max_mem: 16841M
[12/10 00:57:00 d2.utils.events]:  eta: 0:58:17  iter: 10259  total_loss: 0.02456  time: 0.3617  data_time: 0.0077  lr: 9.5933e-05  max_mem: 16841M
[12/10 00:57:08 d2.utils.events]:  eta: 0:58:10  iter: 10279  total_loss: 0.02558  time: 0.3617  data_time: 0.0076  lr: 9.5619e-05  max_mem: 16841M
[12/10 00:57:15 d2.utils.events]:  eta: 0:58:03  iter: 10299  total_loss: 0.02629  time: 0.3617  data_time: 0.0076  lr: 9.5305e-05  max_mem: 16841M
[12/10 00:57:22 d2.utils.events]:  eta: 0:57:55  iter: 10319  total_loss: 0.02613  time: 0.3617  data_time: 0.0074  lr: 9.4991e-05  max_mem: 16841M
[12/10 00:57:29 d2.utils.events]:  eta: 0:57:48  iter: 10339  total_loss: 0.02479  time: 0.3617  data_time: 0.0076  lr: 9.4678e-05  max_mem: 16841M
[12/10 00:57:37 d2.utils.events]:  eta: 0:57:41  iter: 10359  total_loss: 0.02556  time: 0.3617  data_time: 0.0079  lr: 9.4364e-05  max_mem: 16841M
[12/10 00:57:44 d2.utils.events]:  eta: 0:57:33  iter: 10379  total_loss: 0.02533  time: 0.3617  data_time: 0.0075  lr: 9.405e-05  max_mem: 16841M
[12/10 00:57:51 d2.utils.events]:  eta: 0:57:26  iter: 10399  total_loss: 0.02492  time: 0.3617  data_time: 0.0076  lr: 9.3737e-05  max_mem: 16841M
[12/10 00:57:58 d2.utils.events]:  eta: 0:57:19  iter: 10419  total_loss: 0.02398  time: 0.3617  data_time: 0.0079  lr: 9.3423e-05  max_mem: 16841M
[12/10 00:58:06 d2.utils.events]:  eta: 0:57:12  iter: 10439  total_loss: 0.02553  time: 0.3617  data_time: 0.0079  lr: 9.311e-05  max_mem: 16841M
[12/10 00:58:13 d2.utils.events]:  eta: 0:57:05  iter: 10459  total_loss: 0.02548  time: 0.3617  data_time: 0.0078  lr: 9.2796e-05  max_mem: 16841M
[12/10 00:58:20 d2.utils.events]:  eta: 0:56:58  iter: 10479  total_loss: 0.02486  time: 0.3617  data_time: 0.0076  lr: 9.2483e-05  max_mem: 16841M
[12/10 00:58:27 d2.utils.events]:  eta: 0:56:51  iter: 10499  total_loss: 0.02932  time: 0.3617  data_time: 0.0077  lr: 9.217e-05  max_mem: 16841M
[12/10 00:58:35 d2.utils.events]:  eta: 0:56:44  iter: 10519  total_loss: 0.02305  time: 0.3617  data_time: 0.0078  lr: 9.1857e-05  max_mem: 16841M
[12/10 00:58:42 d2.utils.events]:  eta: 0:56:37  iter: 10539  total_loss: 0.02626  time: 0.3617  data_time: 0.0080  lr: 9.1544e-05  max_mem: 16841M
[12/10 00:58:49 d2.utils.events]:  eta: 0:56:29  iter: 10559  total_loss: 0.02467  time: 0.3617  data_time: 0.0075  lr: 9.1231e-05  max_mem: 16841M
[12/10 00:58:56 d2.utils.events]:  eta: 0:56:22  iter: 10579  total_loss: 0.02652  time: 0.3617  data_time: 0.0081  lr: 9.0918e-05  max_mem: 16841M
[12/10 00:59:04 d2.utils.events]:  eta: 0:56:15  iter: 10599  total_loss: 0.02694  time: 0.3617  data_time: 0.0074  lr: 9.0605e-05  max_mem: 16841M
[12/10 00:59:11 d2.utils.events]:  eta: 0:56:08  iter: 10619  total_loss: 0.02537  time: 0.3617  data_time: 0.0070  lr: 9.0292e-05  max_mem: 16841M
[12/10 00:59:18 d2.utils.events]:  eta: 0:56:01  iter: 10639  total_loss: 0.02558  time: 0.3617  data_time: 0.0073  lr: 8.9979e-05  max_mem: 16841M
[12/10 00:59:26 d2.utils.events]:  eta: 0:55:55  iter: 10659  total_loss: 0.02664  time: 0.3617  data_time: 0.0074  lr: 8.9667e-05  max_mem: 16841M
[12/10 00:59:33 d2.utils.events]:  eta: 0:55:47  iter: 10679  total_loss: 0.02262  time: 0.3617  data_time: 0.0073  lr: 8.9355e-05  max_mem: 16841M
[12/10 00:59:40 d2.utils.events]:  eta: 0:55:39  iter: 10699  total_loss: 0.02616  time: 0.3617  data_time: 0.0073  lr: 8.9042e-05  max_mem: 16841M
[12/10 00:59:47 d2.utils.events]:  eta: 0:55:33  iter: 10719  total_loss: 0.02486  time: 0.3617  data_time: 0.0080  lr: 8.873e-05  max_mem: 16841M
[12/10 00:59:55 d2.utils.events]:  eta: 0:55:25  iter: 10739  total_loss: 0.02364  time: 0.3617  data_time: 0.0082  lr: 8.8418e-05  max_mem: 16841M
[12/10 01:00:02 d2.utils.events]:  eta: 0:55:18  iter: 10759  total_loss: 0.02651  time: 0.3617  data_time: 0.0071  lr: 8.8106e-05  max_mem: 16841M
[12/10 01:00:09 d2.utils.events]:  eta: 0:55:11  iter: 10779  total_loss: 0.02374  time: 0.3617  data_time: 0.0070  lr: 8.7794e-05  max_mem: 16841M
[12/10 01:00:16 d2.utils.events]:  eta: 0:55:03  iter: 10799  total_loss: 0.02323  time: 0.3617  data_time: 0.0071  lr: 8.7482e-05  max_mem: 16841M
[12/10 01:00:23 d2.utils.events]:  eta: 0:54:55  iter: 10819  total_loss: 0.02312  time: 0.3617  data_time: 0.0072  lr: 8.7171e-05  max_mem: 16841M
[12/10 01:00:32 d2.utils.events]:  eta: 0:54:48  iter: 10839  total_loss: 0.02377  time: 0.3617  data_time: 0.0073  lr: 8.6859e-05  max_mem: 16841M
[12/10 01:00:40 d2.utils.events]:  eta: 0:54:41  iter: 10859  total_loss: 0.02304  time: 0.3617  data_time: 0.0072  lr: 8.6548e-05  max_mem: 16841M
[12/10 01:00:47 d2.utils.events]:  eta: 0:54:33  iter: 10879  total_loss: 0.02416  time: 0.3617  data_time: 0.0071  lr: 8.6237e-05  max_mem: 16841M
[12/10 01:00:54 d2.utils.events]:  eta: 0:54:25  iter: 10899  total_loss: 0.02799  time: 0.3617  data_time: 0.0071  lr: 8.5925e-05  max_mem: 16841M
[12/10 01:01:01 d2.utils.events]:  eta: 0:54:18  iter: 10919  total_loss: 0.02557  time: 0.3617  data_time: 0.0073  lr: 8.5614e-05  max_mem: 16841M
[12/10 01:01:08 d2.utils.events]:  eta: 0:54:10  iter: 10939  total_loss: 0.022  time: 0.3617  data_time: 0.0072  lr: 8.5304e-05  max_mem: 16841M
[12/10 01:01:16 d2.utils.events]:  eta: 0:54:03  iter: 10959  total_loss: 0.0258  time: 0.3617  data_time: 0.0072  lr: 8.4993e-05  max_mem: 16841M
[12/10 01:01:23 d2.utils.events]:  eta: 0:53:55  iter: 10979  total_loss: 0.02546  time: 0.3617  data_time: 0.0072  lr: 8.4682e-05  max_mem: 16841M
[12/10 01:01:30 d2.utils.events]:  eta: 0:53:47  iter: 10999  total_loss: 0.02812  time: 0.3617  data_time: 0.0071  lr: 8.4372e-05  max_mem: 16841M
[12/10 01:01:37 d2.utils.events]:  eta: 0:53:40  iter: 11019  total_loss: 0.02638  time: 0.3616  data_time: 0.0072  lr: 8.4062e-05  max_mem: 16841M
[12/10 01:01:44 d2.utils.events]:  eta: 0:53:32  iter: 11039  total_loss: 0.02152  time: 0.3616  data_time: 0.0070  lr: 8.3752e-05  max_mem: 16841M
[12/10 01:01:52 d2.utils.events]:  eta: 0:53:25  iter: 11059  total_loss: 0.02762  time: 0.3616  data_time: 0.0070  lr: 8.3442e-05  max_mem: 16841M
[12/10 01:01:59 d2.utils.events]:  eta: 0:53:17  iter: 11079  total_loss: 0.02459  time: 0.3616  data_time: 0.0070  lr: 8.3132e-05  max_mem: 16841M
[12/10 01:02:06 d2.utils.events]:  eta: 0:53:09  iter: 11099  total_loss: 0.02394  time: 0.3616  data_time: 0.0070  lr: 8.2823e-05  max_mem: 16841M
[12/10 01:02:13 d2.utils.events]:  eta: 0:53:02  iter: 11119  total_loss: 0.02386  time: 0.3616  data_time: 0.0070  lr: 8.2513e-05  max_mem: 16841M
[12/10 01:02:20 d2.utils.events]:  eta: 0:52:54  iter: 11139  total_loss: 0.02584  time: 0.3616  data_time: 0.0072  lr: 8.2204e-05  max_mem: 16841M
[12/10 01:02:27 d2.utils.events]:  eta: 0:52:46  iter: 11159  total_loss: 0.02367  time: 0.3616  data_time: 0.0071  lr: 8.1895e-05  max_mem: 16841M
[12/10 01:02:35 d2.utils.events]:  eta: 0:52:39  iter: 11179  total_loss: 0.023  time: 0.3616  data_time: 0.0072  lr: 8.1586e-05  max_mem: 16841M
[12/10 01:02:42 d2.utils.events]:  eta: 0:52:32  iter: 11199  total_loss: 0.0246  time: 0.3616  data_time: 0.0074  lr: 8.1277e-05  max_mem: 16841M
[12/10 01:02:49 d2.utils.events]:  eta: 0:52:24  iter: 11219  total_loss: 0.0253  time: 0.3616  data_time: 0.0070  lr: 8.0969e-05  max_mem: 16841M
[12/10 01:02:56 d2.utils.events]:  eta: 0:52:17  iter: 11239  total_loss: 0.02372  time: 0.3616  data_time: 0.0068  lr: 8.066e-05  max_mem: 16841M
[12/10 01:03:03 d2.utils.events]:  eta: 0:52:10  iter: 11259  total_loss: 0.02375  time: 0.3616  data_time: 0.0074  lr: 8.0352e-05  max_mem: 16841M
[12/10 01:03:11 d2.utils.events]:  eta: 0:52:02  iter: 11279  total_loss: 0.02339  time: 0.3616  data_time: 0.0070  lr: 8.0044e-05  max_mem: 16841M
[12/10 01:03:18 d2.utils.events]:  eta: 0:51:55  iter: 11299  total_loss: 0.02304  time: 0.3616  data_time: 0.0073  lr: 7.9737e-05  max_mem: 16841M
[12/10 01:03:25 d2.utils.events]:  eta: 0:51:47  iter: 11319  total_loss: 0.02694  time: 0.3616  data_time: 0.0073  lr: 7.9429e-05  max_mem: 16841M
[12/10 01:03:32 d2.utils.events]:  eta: 0:51:40  iter: 11339  total_loss: 0.02417  time: 0.3615  data_time: 0.0073  lr: 7.9122e-05  max_mem: 16841M
[12/10 01:03:39 d2.utils.events]:  eta: 0:51:32  iter: 11359  total_loss: 0.02329  time: 0.3615  data_time: 0.0072  lr: 7.8815e-05  max_mem: 16841M
[12/10 01:03:47 d2.utils.events]:  eta: 0:51:25  iter: 11379  total_loss: 0.02286  time: 0.3615  data_time: 0.0074  lr: 7.8508e-05  max_mem: 16841M
[12/10 01:03:54 d2.utils.events]:  eta: 0:51:17  iter: 11399  total_loss: 0.02649  time: 0.3615  data_time: 0.0073  lr: 7.8201e-05  max_mem: 16841M
[12/10 01:04:01 d2.utils.events]:  eta: 0:51:09  iter: 11419  total_loss: 0.02472  time: 0.3615  data_time: 0.0071  lr: 7.7895e-05  max_mem: 16841M
[12/10 01:04:08 d2.utils.events]:  eta: 0:51:02  iter: 11439  total_loss: 0.02473  time: 0.3615  data_time: 0.0075  lr: 7.7588e-05  max_mem: 16841M
[12/10 01:04:15 d2.utils.events]:  eta: 0:50:54  iter: 11459  total_loss: 0.0253  time: 0.3615  data_time: 0.0072  lr: 7.7282e-05  max_mem: 16841M
[12/10 01:04:23 d2.utils.events]:  eta: 0:50:46  iter: 11479  total_loss: 0.02161  time: 0.3615  data_time: 0.0074  lr: 7.6976e-05  max_mem: 16841M
[12/10 01:04:30 d2.utils.events]:  eta: 0:50:39  iter: 11499  total_loss: 0.0241  time: 0.3615  data_time: 0.0075  lr: 7.6671e-05  max_mem: 16841M
[12/10 01:04:37 d2.utils.events]:  eta: 0:50:32  iter: 11519  total_loss: 0.02569  time: 0.3615  data_time: 0.0074  lr: 7.6365e-05  max_mem: 16841M
[12/10 01:04:44 d2.utils.events]:  eta: 0:50:25  iter: 11539  total_loss: 0.02497  time: 0.3615  data_time: 0.0077  lr: 7.606e-05  max_mem: 16841M
[12/10 01:04:52 d2.utils.events]:  eta: 0:50:17  iter: 11559  total_loss: 0.02536  time: 0.3615  data_time: 0.0075  lr: 7.5755e-05  max_mem: 16841M
[12/10 01:04:59 d2.utils.events]:  eta: 0:50:10  iter: 11579  total_loss: 0.02615  time: 0.3615  data_time: 0.0078  lr: 7.5451e-05  max_mem: 16841M
[12/10 01:05:06 d2.utils.events]:  eta: 0:50:03  iter: 11599  total_loss: 0.02613  time: 0.3615  data_time: 0.0075  lr: 7.5146e-05  max_mem: 16841M
[12/10 01:05:13 d2.utils.events]:  eta: 0:49:56  iter: 11619  total_loss: 0.02499  time: 0.3615  data_time: 0.0078  lr: 7.4842e-05  max_mem: 16841M
[12/10 01:05:21 d2.utils.events]:  eta: 0:49:49  iter: 11639  total_loss: 0.02644  time: 0.3615  data_time: 0.0078  lr: 7.4538e-05  max_mem: 16841M
[12/10 01:05:28 d2.utils.events]:  eta: 0:49:42  iter: 11659  total_loss: 0.02431  time: 0.3615  data_time: 0.0075  lr: 7.4234e-05  max_mem: 16841M
[12/10 01:05:35 d2.utils.events]:  eta: 0:49:35  iter: 11679  total_loss: 0.02542  time: 0.3615  data_time: 0.0072  lr: 7.3931e-05  max_mem: 16841M
[12/10 01:05:42 d2.utils.events]:  eta: 0:49:28  iter: 11699  total_loss: 0.02385  time: 0.3615  data_time: 0.0076  lr: 7.3628e-05  max_mem: 16841M
[12/10 01:05:50 d2.utils.events]:  eta: 0:49:21  iter: 11719  total_loss: 0.02618  time: 0.3615  data_time: 0.0072  lr: 7.3325e-05  max_mem: 16841M
[12/10 01:05:57 d2.utils.events]:  eta: 0:49:14  iter: 11739  total_loss: 0.02381  time: 0.3615  data_time: 0.0077  lr: 7.3022e-05  max_mem: 16841M
[12/10 01:06:04 d2.utils.events]:  eta: 0:49:07  iter: 11759  total_loss: 0.02433  time: 0.3615  data_time: 0.0074  lr: 7.272e-05  max_mem: 16841M
[12/10 01:06:11 d2.utils.events]:  eta: 0:49:00  iter: 11779  total_loss: 0.02461  time: 0.3615  data_time: 0.0072  lr: 7.2418e-05  max_mem: 16841M
[12/10 01:06:19 d2.utils.events]:  eta: 0:48:53  iter: 11799  total_loss: 0.02272  time: 0.3615  data_time: 0.0072  lr: 7.2116e-05  max_mem: 16841M
[12/10 01:06:26 d2.utils.events]:  eta: 0:48:47  iter: 11819  total_loss: 0.02471  time: 0.3615  data_time: 0.0072  lr: 7.1814e-05  max_mem: 16841M
[12/10 01:06:33 d2.utils.events]:  eta: 0:48:40  iter: 11839  total_loss: 0.02522  time: 0.3615  data_time: 0.0074  lr: 7.1513e-05  max_mem: 16841M
[12/10 01:06:40 d2.utils.events]:  eta: 0:48:33  iter: 11859  total_loss: 0.0259  time: 0.3615  data_time: 0.0075  lr: 7.1212e-05  max_mem: 16841M
[12/10 01:06:48 d2.utils.events]:  eta: 0:48:26  iter: 11879  total_loss: 0.02426  time: 0.3615  data_time: 0.0076  lr: 7.0911e-05  max_mem: 16841M
[12/10 01:06:55 d2.utils.events]:  eta: 0:48:19  iter: 11899  total_loss: 0.02502  time: 0.3615  data_time: 0.0075  lr: 7.0611e-05  max_mem: 16841M
[12/10 01:07:02 d2.utils.events]:  eta: 0:48:12  iter: 11919  total_loss: 0.02468  time: 0.3615  data_time: 0.0078  lr: 7.0311e-05  max_mem: 16841M
[12/10 01:07:09 d2.utils.events]:  eta: 0:48:05  iter: 11939  total_loss: 0.02462  time: 0.3615  data_time: 0.0077  lr: 7.0011e-05  max_mem: 16841M
[12/10 01:07:16 d2.utils.events]:  eta: 0:47:58  iter: 11959  total_loss: 0.02463  time: 0.3615  data_time: 0.0075  lr: 6.9711e-05  max_mem: 16841M
[12/10 01:07:24 d2.utils.events]:  eta: 0:47:51  iter: 11979  total_loss: 0.02446  time: 0.3615  data_time: 0.0073  lr: 6.9412e-05  max_mem: 16841M
[12/10 01:07:31 d2.utils.events]:  eta: 0:47:44  iter: 11999  total_loss: 0.02313  time: 0.3615  data_time: 0.0077  lr: 6.9113e-05  max_mem: 16841M
[12/10 01:07:38 d2.utils.events]:  eta: 0:47:37  iter: 12019  total_loss: 0.02204  time: 0.3615  data_time: 0.0075  lr: 6.8815e-05  max_mem: 16841M
[12/10 01:07:45 d2.utils.events]:  eta: 0:47:30  iter: 12039  total_loss: 0.02418  time: 0.3615  data_time: 0.0075  lr: 6.8516e-05  max_mem: 16841M
[12/10 01:07:53 d2.utils.events]:  eta: 0:47:24  iter: 12059  total_loss: 0.02507  time: 0.3614  data_time: 0.0074  lr: 6.8218e-05  max_mem: 16841M
[12/10 01:08:00 d2.utils.events]:  eta: 0:47:17  iter: 12079  total_loss: 0.02347  time: 0.3614  data_time: 0.0073  lr: 6.7921e-05  max_mem: 16841M
[12/10 01:08:07 d2.utils.events]:  eta: 0:47:10  iter: 12099  total_loss: 0.02332  time: 0.3614  data_time: 0.0073  lr: 6.7623e-05  max_mem: 16841M
[12/10 01:08:14 d2.utils.events]:  eta: 0:47:03  iter: 12119  total_loss: 0.02315  time: 0.3614  data_time: 0.0074  lr: 6.7326e-05  max_mem: 16841M
[12/10 01:08:21 d2.utils.events]:  eta: 0:46:56  iter: 12139  total_loss: 0.0227  time: 0.3614  data_time: 0.0078  lr: 6.7029e-05  max_mem: 16841M
[12/10 01:08:29 d2.utils.events]:  eta: 0:46:50  iter: 12159  total_loss: 0.02084  time: 0.3614  data_time: 0.0078  lr: 6.6733e-05  max_mem: 16841M
[12/10 01:08:36 d2.utils.events]:  eta: 0:46:43  iter: 12179  total_loss: 0.02424  time: 0.3614  data_time: 0.0077  lr: 6.6437e-05  max_mem: 16841M
[12/10 01:08:43 d2.utils.events]:  eta: 0:46:36  iter: 12199  total_loss: 0.02566  time: 0.3614  data_time: 0.0077  lr: 6.6141e-05  max_mem: 16841M
[12/10 01:08:50 d2.utils.events]:  eta: 0:46:29  iter: 12219  total_loss: 0.0234  time: 0.3614  data_time: 0.0079  lr: 6.5846e-05  max_mem: 16841M
[12/10 01:08:58 d2.utils.events]:  eta: 0:46:22  iter: 12239  total_loss: 0.0241  time: 0.3614  data_time: 0.0077  lr: 6.555e-05  max_mem: 16841M
[12/10 01:09:05 d2.utils.events]:  eta: 0:46:15  iter: 12259  total_loss: 0.0233  time: 0.3614  data_time: 0.0077  lr: 6.5256e-05  max_mem: 16841M
[12/10 01:09:12 d2.utils.events]:  eta: 0:46:09  iter: 12279  total_loss: 0.02575  time: 0.3614  data_time: 0.0075  lr: 6.4961e-05  max_mem: 16841M
[12/10 01:09:19 d2.utils.events]:  eta: 0:46:01  iter: 12299  total_loss: 0.02445  time: 0.3614  data_time: 0.0074  lr: 6.4667e-05  max_mem: 16841M
[12/10 01:09:27 d2.utils.events]:  eta: 0:45:55  iter: 12319  total_loss: 0.02492  time: 0.3614  data_time: 0.0076  lr: 6.4373e-05  max_mem: 16841M
[12/10 01:09:34 d2.utils.events]:  eta: 0:45:48  iter: 12339  total_loss: 0.02341  time: 0.3614  data_time: 0.0074  lr: 6.408e-05  max_mem: 16841M
[12/10 01:09:41 d2.utils.events]:  eta: 0:45:41  iter: 12359  total_loss: 0.02436  time: 0.3614  data_time: 0.0075  lr: 6.3787e-05  max_mem: 16841M
[12/10 01:09:48 d2.utils.events]:  eta: 0:45:34  iter: 12379  total_loss: 0.02626  time: 0.3614  data_time: 0.0074  lr: 6.3494e-05  max_mem: 16841M
[12/10 01:09:56 d2.utils.events]:  eta: 0:45:27  iter: 12399  total_loss: 0.02491  time: 0.3614  data_time: 0.0075  lr: 6.3202e-05  max_mem: 16841M
[12/10 01:10:03 d2.utils.events]:  eta: 0:45:20  iter: 12419  total_loss: 0.02718  time: 0.3614  data_time: 0.0075  lr: 6.291e-05  max_mem: 16841M
[12/10 01:10:10 d2.utils.events]:  eta: 0:45:12  iter: 12439  total_loss: 0.0252  time: 0.3614  data_time: 0.0072  lr: 6.2619e-05  max_mem: 16841M
[12/10 01:10:17 d2.utils.events]:  eta: 0:45:06  iter: 12459  total_loss: 0.02464  time: 0.3614  data_time: 0.0075  lr: 6.2327e-05  max_mem: 16841M
[12/10 01:10:25 d2.utils.events]:  eta: 0:44:58  iter: 12479  total_loss: 0.02524  time: 0.3614  data_time: 0.0077  lr: 6.2037e-05  max_mem: 16841M
[12/10 01:10:32 d2.utils.events]:  eta: 0:44:51  iter: 12499  total_loss: 0.02448  time: 0.3614  data_time: 0.0077  lr: 6.1746e-05  max_mem: 16841M
[12/10 01:10:39 d2.utils.events]:  eta: 0:44:45  iter: 12519  total_loss: 0.02251  time: 0.3614  data_time: 0.0078  lr: 6.1456e-05  max_mem: 16841M
[12/10 01:10:46 d2.utils.events]:  eta: 0:44:37  iter: 12539  total_loss: 0.02474  time: 0.3614  data_time: 0.0077  lr: 6.1166e-05  max_mem: 16841M
[12/10 01:10:54 d2.utils.events]:  eta: 0:44:30  iter: 12559  total_loss: 0.02379  time: 0.3614  data_time: 0.0079  lr: 6.0877e-05  max_mem: 16841M
[12/10 01:11:01 d2.utils.events]:  eta: 0:44:22  iter: 12579  total_loss: 0.02553  time: 0.3614  data_time: 0.0074  lr: 6.0588e-05  max_mem: 16841M
[12/10 01:11:08 d2.utils.events]:  eta: 0:44:15  iter: 12599  total_loss: 0.02519  time: 0.3614  data_time: 0.0073  lr: 6.03e-05  max_mem: 16841M
[12/10 01:11:15 d2.utils.events]:  eta: 0:44:08  iter: 12619  total_loss: 0.02728  time: 0.3614  data_time: 0.0075  lr: 6.0011e-05  max_mem: 16841M
[12/10 01:11:23 d2.utils.events]:  eta: 0:44:00  iter: 12639  total_loss: 0.02455  time: 0.3614  data_time: 0.0076  lr: 5.9724e-05  max_mem: 16841M
[12/10 01:11:30 d2.utils.events]:  eta: 0:43:53  iter: 12659  total_loss: 0.02526  time: 0.3614  data_time: 0.0073  lr: 5.9436e-05  max_mem: 16841M
[12/10 01:11:37 d2.utils.events]:  eta: 0:43:46  iter: 12679  total_loss: 0.02193  time: 0.3614  data_time: 0.0074  lr: 5.9149e-05  max_mem: 16841M
[12/10 01:11:44 d2.utils.events]:  eta: 0:43:39  iter: 12699  total_loss: 0.02537  time: 0.3614  data_time: 0.0077  lr: 5.8863e-05  max_mem: 16841M
[12/10 01:11:52 d2.utils.events]:  eta: 0:43:32  iter: 12719  total_loss: 0.02365  time: 0.3614  data_time: 0.0076  lr: 5.8577e-05  max_mem: 16841M
[12/10 01:11:59 d2.utils.events]:  eta: 0:43:24  iter: 12739  total_loss: 0.02297  time: 0.3614  data_time: 0.0075  lr: 5.8291e-05  max_mem: 16841M
[12/10 01:12:06 d2.utils.events]:  eta: 0:43:17  iter: 12759  total_loss: 0.02598  time: 0.3614  data_time: 0.0081  lr: 5.8006e-05  max_mem: 16841M
[12/10 01:12:14 d2.utils.events]:  eta: 0:43:11  iter: 12779  total_loss: 0.02443  time: 0.3614  data_time: 0.0080  lr: 5.7721e-05  max_mem: 16841M
[12/10 01:12:21 d2.utils.events]:  eta: 0:43:03  iter: 12799  total_loss: 0.02853  time: 0.3614  data_time: 0.0076  lr: 5.7436e-05  max_mem: 16841M
[12/10 01:12:28 d2.utils.events]:  eta: 0:42:56  iter: 12819  total_loss: 0.02541  time: 0.3614  data_time: 0.0076  lr: 5.7152e-05  max_mem: 16841M
[12/10 01:12:35 d2.utils.events]:  eta: 0:42:49  iter: 12839  total_loss: 0.02472  time: 0.3614  data_time: 0.0074  lr: 5.6869e-05  max_mem: 16841M
[12/10 01:12:43 d2.utils.events]:  eta: 0:42:42  iter: 12859  total_loss: 0.02394  time: 0.3614  data_time: 0.0077  lr: 5.6585e-05  max_mem: 16841M
[12/10 01:12:50 d2.utils.events]:  eta: 0:42:34  iter: 12879  total_loss: 0.02274  time: 0.3614  data_time: 0.0078  lr: 5.6303e-05  max_mem: 16841M
[12/10 01:12:57 d2.utils.events]:  eta: 0:42:27  iter: 12899  total_loss: 0.02565  time: 0.3614  data_time: 0.0079  lr: 5.602e-05  max_mem: 16841M
[12/10 01:13:04 d2.utils.events]:  eta: 0:42:20  iter: 12919  total_loss: 0.0227  time: 0.3614  data_time: 0.0080  lr: 5.5738e-05  max_mem: 16841M
[12/10 01:13:12 d2.utils.events]:  eta: 0:42:13  iter: 12939  total_loss: 0.02645  time: 0.3614  data_time: 0.0076  lr: 5.5457e-05  max_mem: 16841M
[12/10 01:13:19 d2.utils.events]:  eta: 0:42:06  iter: 12959  total_loss: 0.02347  time: 0.3614  data_time: 0.0074  lr: 5.5176e-05  max_mem: 16841M
[12/10 01:13:26 d2.utils.events]:  eta: 0:41:59  iter: 12979  total_loss: 0.0251  time: 0.3614  data_time: 0.0075  lr: 5.4895e-05  max_mem: 16841M
[12/10 01:13:33 d2.utils.events]:  eta: 0:41:52  iter: 12999  total_loss: 0.02404  time: 0.3614  data_time: 0.0075  lr: 5.4615e-05  max_mem: 16841M
[12/10 01:13:40 d2.utils.events]:  eta: 0:41:44  iter: 13019  total_loss: 0.02344  time: 0.3614  data_time: 0.0075  lr: 5.4335e-05  max_mem: 16841M
[12/10 01:13:48 d2.utils.events]:  eta: 0:41:37  iter: 13039  total_loss: 0.02469  time: 0.3614  data_time: 0.0076  lr: 5.4056e-05  max_mem: 16841M
[12/10 01:13:55 d2.utils.events]:  eta: 0:41:30  iter: 13059  total_loss: 0.02304  time: 0.3614  data_time: 0.0077  lr: 5.3777e-05  max_mem: 16841M
[12/10 01:14:02 d2.utils.events]:  eta: 0:41:23  iter: 13079  total_loss: 0.02476  time: 0.3614  data_time: 0.0074  lr: 5.3499e-05  max_mem: 16841M
[12/10 01:14:09 d2.utils.events]:  eta: 0:41:16  iter: 13099  total_loss: 0.02464  time: 0.3614  data_time: 0.0072  lr: 5.3221e-05  max_mem: 16841M
[12/10 01:14:16 d2.utils.events]:  eta: 0:41:08  iter: 13119  total_loss: 0.02689  time: 0.3614  data_time: 0.0074  lr: 5.2943e-05  max_mem: 16841M
[12/10 01:14:24 d2.utils.events]:  eta: 0:41:01  iter: 13139  total_loss: 0.02642  time: 0.3614  data_time: 0.0072  lr: 5.2666e-05  max_mem: 16841M
[12/10 01:14:31 d2.utils.events]:  eta: 0:40:53  iter: 13159  total_loss: 0.02364  time: 0.3614  data_time: 0.0073  lr: 5.239e-05  max_mem: 16841M
[12/10 01:14:38 d2.utils.events]:  eta: 0:40:46  iter: 13179  total_loss: 0.02152  time: 0.3614  data_time: 0.0074  lr: 5.2114e-05  max_mem: 16841M
[12/10 01:14:45 d2.utils.events]:  eta: 0:40:39  iter: 13199  total_loss: 0.02322  time: 0.3614  data_time: 0.0073  lr: 5.1838e-05  max_mem: 16841M
[12/10 01:14:53 d2.utils.events]:  eta: 0:40:31  iter: 13219  total_loss: 0.02402  time: 0.3614  data_time: 0.0074  lr: 5.1563e-05  max_mem: 16841M
[12/10 01:15:00 d2.utils.events]:  eta: 0:40:24  iter: 13239  total_loss: 0.02657  time: 0.3614  data_time: 0.0073  lr: 5.1289e-05  max_mem: 16841M
[12/10 01:15:07 d2.utils.events]:  eta: 0:40:17  iter: 13259  total_loss: 0.02472  time: 0.3614  data_time: 0.0075  lr: 5.1015e-05  max_mem: 16841M
[12/10 01:15:14 d2.utils.events]:  eta: 0:40:10  iter: 13279  total_loss: 0.02218  time: 0.3614  data_time: 0.0075  lr: 5.0741e-05  max_mem: 16841M
[12/10 01:15:22 d2.utils.events]:  eta: 0:40:02  iter: 13299  total_loss: 0.02362  time: 0.3614  data_time: 0.0076  lr: 5.0468e-05  max_mem: 16841M
[12/10 01:15:29 d2.utils.events]:  eta: 0:39:55  iter: 13319  total_loss: 0.0255  time: 0.3614  data_time: 0.0075  lr: 5.0195e-05  max_mem: 16841M
[12/10 01:15:36 d2.utils.events]:  eta: 0:39:48  iter: 13339  total_loss: 0.02499  time: 0.3614  data_time: 0.0073  lr: 4.9923e-05  max_mem: 16841M
[12/10 01:15:43 d2.utils.events]:  eta: 0:39:41  iter: 13359  total_loss: 0.02672  time: 0.3613  data_time: 0.0075  lr: 4.9651e-05  max_mem: 16841M
[12/10 01:15:50 d2.utils.events]:  eta: 0:39:33  iter: 13379  total_loss: 0.02365  time: 0.3613  data_time: 0.0075  lr: 4.938e-05  max_mem: 16841M
[12/10 01:15:58 d2.utils.events]:  eta: 0:39:26  iter: 13399  total_loss: 0.02493  time: 0.3613  data_time: 0.0075  lr: 4.9109e-05  max_mem: 16841M
[12/10 01:16:05 d2.utils.events]:  eta: 0:39:19  iter: 13419  total_loss: 0.02604  time: 0.3613  data_time: 0.0077  lr: 4.8839e-05  max_mem: 16841M
[12/10 01:16:12 d2.utils.events]:  eta: 0:39:12  iter: 13439  total_loss: 0.02289  time: 0.3613  data_time: 0.0074  lr: 4.857e-05  max_mem: 16841M
[12/10 01:16:19 d2.utils.events]:  eta: 0:39:05  iter: 13459  total_loss: 0.02579  time: 0.3613  data_time: 0.0073  lr: 4.83e-05  max_mem: 16841M
[12/10 01:16:27 d2.utils.events]:  eta: 0:38:58  iter: 13479  total_loss: 0.0262  time: 0.3613  data_time: 0.0077  lr: 4.8032e-05  max_mem: 16841M
[12/10 01:16:34 d2.utils.events]:  eta: 0:38:50  iter: 13499  total_loss: 0.02202  time: 0.3613  data_time: 0.0074  lr: 4.7764e-05  max_mem: 16841M
[12/10 01:16:41 d2.utils.events]:  eta: 0:38:43  iter: 13519  total_loss: 0.02349  time: 0.3613  data_time: 0.0071  lr: 4.7496e-05  max_mem: 16841M
[12/10 01:16:48 d2.utils.events]:  eta: 0:38:36  iter: 13539  total_loss: 0.02425  time: 0.3613  data_time: 0.0075  lr: 4.7229e-05  max_mem: 16841M
[12/10 01:16:56 d2.utils.events]:  eta: 0:38:29  iter: 13559  total_loss: 0.02183  time: 0.3613  data_time: 0.0072  lr: 4.6962e-05  max_mem: 16841M
[12/10 01:17:03 d2.utils.events]:  eta: 0:38:22  iter: 13579  total_loss: 0.02618  time: 0.3613  data_time: 0.0072  lr: 4.6696e-05  max_mem: 16841M
[12/10 01:17:10 d2.utils.events]:  eta: 0:38:15  iter: 13599  total_loss: 0.02434  time: 0.3613  data_time: 0.0071  lr: 4.6431e-05  max_mem: 16841M
[12/10 01:17:17 d2.utils.events]:  eta: 0:38:07  iter: 13619  total_loss: 0.02406  time: 0.3613  data_time: 0.0074  lr: 4.6166e-05  max_mem: 16841M
[12/10 01:17:24 d2.utils.events]:  eta: 0:38:00  iter: 13639  total_loss: 0.02393  time: 0.3613  data_time: 0.0074  lr: 4.5901e-05  max_mem: 16841M
[12/10 01:17:32 d2.utils.events]:  eta: 0:37:53  iter: 13659  total_loss: 0.02255  time: 0.3613  data_time: 0.0073  lr: 4.5637e-05  max_mem: 16841M
[12/10 01:17:39 d2.utils.events]:  eta: 0:37:45  iter: 13679  total_loss: 0.02574  time: 0.3613  data_time: 0.0074  lr: 4.5374e-05  max_mem: 16841M
[12/10 01:17:46 d2.utils.events]:  eta: 0:37:38  iter: 13699  total_loss: 0.02445  time: 0.3613  data_time: 0.0076  lr: 4.5111e-05  max_mem: 16841M
[12/10 01:17:53 d2.utils.events]:  eta: 0:37:31  iter: 13719  total_loss: 0.02315  time: 0.3613  data_time: 0.0076  lr: 4.4849e-05  max_mem: 16841M
[12/10 01:18:01 d2.utils.events]:  eta: 0:37:24  iter: 13739  total_loss: 0.02346  time: 0.3613  data_time: 0.0073  lr: 4.4587e-05  max_mem: 16841M
[12/10 01:18:08 d2.utils.events]:  eta: 0:37:16  iter: 13759  total_loss: 0.02683  time: 0.3613  data_time: 0.0074  lr: 4.4325e-05  max_mem: 16841M
[12/10 01:18:15 d2.utils.events]:  eta: 0:37:09  iter: 13779  total_loss: 0.02796  time: 0.3613  data_time: 0.0074  lr: 4.4065e-05  max_mem: 16841M
[12/10 01:18:22 d2.utils.events]:  eta: 0:37:02  iter: 13799  total_loss: 0.02665  time: 0.3613  data_time: 0.0074  lr: 4.3805e-05  max_mem: 16841M
[12/10 01:18:29 d2.utils.events]:  eta: 0:36:55  iter: 13819  total_loss: 0.02305  time: 0.3613  data_time: 0.0076  lr: 4.3545e-05  max_mem: 16841M
[12/10 01:18:37 d2.utils.events]:  eta: 0:36:48  iter: 13839  total_loss: 0.02212  time: 0.3613  data_time: 0.0077  lr: 4.3286e-05  max_mem: 16841M
[12/10 01:18:44 d2.utils.events]:  eta: 0:36:41  iter: 13859  total_loss: 0.02447  time: 0.3613  data_time: 0.0077  lr: 4.3028e-05  max_mem: 16841M
[12/10 01:18:51 d2.utils.events]:  eta: 0:36:33  iter: 13879  total_loss: 0.02137  time: 0.3613  data_time: 0.0079  lr: 4.277e-05  max_mem: 16841M
[12/10 01:18:58 d2.utils.events]:  eta: 0:36:26  iter: 13899  total_loss: 0.02259  time: 0.3613  data_time: 0.0076  lr: 4.2512e-05  max_mem: 16841M
[12/10 01:19:06 d2.utils.events]:  eta: 0:36:19  iter: 13919  total_loss: 0.02319  time: 0.3613  data_time: 0.0077  lr: 4.2256e-05  max_mem: 16841M
[12/10 01:19:13 d2.utils.events]:  eta: 0:36:12  iter: 13939  total_loss: 0.02432  time: 0.3613  data_time: 0.0075  lr: 4.1999e-05  max_mem: 16841M
[12/10 01:19:20 d2.utils.events]:  eta: 0:36:05  iter: 13959  total_loss: 0.02469  time: 0.3613  data_time: 0.0074  lr: 4.1744e-05  max_mem: 16841M
[12/10 01:19:27 d2.utils.events]:  eta: 0:35:58  iter: 13979  total_loss: 0.02321  time: 0.3613  data_time: 0.0073  lr: 4.1489e-05  max_mem: 16841M
[12/10 01:19:35 d2.utils.events]:  eta: 0:35:51  iter: 13999  total_loss: 0.02219  time: 0.3613  data_time: 0.0073  lr: 4.1234e-05  max_mem: 16841M
[12/10 01:19:42 d2.utils.events]:  eta: 0:35:44  iter: 14019  total_loss: 0.02625  time: 0.3613  data_time: 0.0073  lr: 4.098e-05  max_mem: 16841M
[12/10 01:19:49 d2.utils.events]:  eta: 0:35:36  iter: 14039  total_loss: 0.02124  time: 0.3613  data_time: 0.0075  lr: 4.0727e-05  max_mem: 16841M
[12/10 01:19:56 d2.utils.events]:  eta: 0:35:29  iter: 14059  total_loss: 0.02329  time: 0.3613  data_time: 0.0073  lr: 4.0474e-05  max_mem: 16841M
[12/10 01:20:03 d2.utils.events]:  eta: 0:35:22  iter: 14079  total_loss: 0.02456  time: 0.3613  data_time: 0.0077  lr: 4.0222e-05  max_mem: 16841M
[12/10 01:20:11 d2.utils.events]:  eta: 0:35:15  iter: 14099  total_loss: 0.02543  time: 0.3613  data_time: 0.0074  lr: 3.9971e-05  max_mem: 16841M
[12/10 01:20:18 d2.utils.events]:  eta: 0:35:08  iter: 14119  total_loss: 0.0242  time: 0.3613  data_time: 0.0075  lr: 3.972e-05  max_mem: 16841M
[12/10 01:20:25 d2.utils.events]:  eta: 0:35:00  iter: 14139  total_loss: 0.02529  time: 0.3613  data_time: 0.0076  lr: 3.9469e-05  max_mem: 16841M
[12/10 01:20:33 d2.utils.events]:  eta: 0:34:53  iter: 14159  total_loss: 0.022  time: 0.3613  data_time: 0.0077  lr: 3.9219e-05  max_mem: 16841M
[12/10 01:20:40 d2.utils.events]:  eta: 0:34:46  iter: 14179  total_loss: 0.02379  time: 0.3613  data_time: 0.0076  lr: 3.897e-05  max_mem: 16841M
[12/10 01:20:47 d2.utils.events]:  eta: 0:34:39  iter: 14199  total_loss: 0.02284  time: 0.3613  data_time: 0.0076  lr: 3.8722e-05  max_mem: 16841M
[12/10 01:20:54 d2.utils.events]:  eta: 0:34:32  iter: 14219  total_loss: 0.02302  time: 0.3613  data_time: 0.0074  lr: 3.8474e-05  max_mem: 16841M
[12/10 01:21:02 d2.utils.events]:  eta: 0:34:25  iter: 14239  total_loss: 0.02342  time: 0.3613  data_time: 0.0076  lr: 3.8226e-05  max_mem: 16841M
[12/10 01:21:09 d2.utils.events]:  eta: 0:34:18  iter: 14259  total_loss: 0.0261  time: 0.3613  data_time: 0.0075  lr: 3.798e-05  max_mem: 16841M
[12/10 01:21:16 d2.utils.events]:  eta: 0:34:11  iter: 14279  total_loss: 0.0258  time: 0.3613  data_time: 0.0075  lr: 3.7734e-05  max_mem: 16841M
[12/10 01:21:23 d2.utils.events]:  eta: 0:34:03  iter: 14299  total_loss: 0.02217  time: 0.3613  data_time: 0.0073  lr: 3.7488e-05  max_mem: 16841M
[12/10 01:21:30 d2.utils.events]:  eta: 0:33:56  iter: 14319  total_loss: 0.02531  time: 0.3613  data_time: 0.0075  lr: 3.7243e-05  max_mem: 16841M
[12/10 01:21:38 d2.utils.events]:  eta: 0:33:49  iter: 14339  total_loss: 0.02604  time: 0.3613  data_time: 0.0073  lr: 3.6999e-05  max_mem: 16841M
[12/10 01:21:45 d2.utils.events]:  eta: 0:33:42  iter: 14359  total_loss: 0.0223  time: 0.3613  data_time: 0.0075  lr: 3.6755e-05  max_mem: 16841M
[12/10 01:21:52 d2.utils.events]:  eta: 0:33:35  iter: 14379  total_loss: 0.02401  time: 0.3612  data_time: 0.0075  lr: 3.6512e-05  max_mem: 16841M
[12/10 01:21:59 d2.utils.events]:  eta: 0:33:28  iter: 14399  total_loss: 0.02468  time: 0.3612  data_time: 0.0076  lr: 3.627e-05  max_mem: 16841M
[12/10 01:22:07 d2.utils.events]:  eta: 0:33:21  iter: 14419  total_loss: 0.02357  time: 0.3612  data_time: 0.0073  lr: 3.6028e-05  max_mem: 16841M
[12/10 01:22:14 d2.utils.events]:  eta: 0:33:13  iter: 14439  total_loss: 0.02186  time: 0.3612  data_time: 0.0074  lr: 3.5787e-05  max_mem: 16841M
[12/10 01:22:21 d2.utils.events]:  eta: 0:33:06  iter: 14459  total_loss: 0.0219  time: 0.3612  data_time: 0.0073  lr: 3.5546e-05  max_mem: 16841M
[12/10 01:22:28 d2.utils.events]:  eta: 0:32:59  iter: 14479  total_loss: 0.02328  time: 0.3612  data_time: 0.0072  lr: 3.5306e-05  max_mem: 16841M
[12/10 01:22:35 d2.utils.events]:  eta: 0:32:52  iter: 14499  total_loss: 0.02504  time: 0.3612  data_time: 0.0075  lr: 3.5067e-05  max_mem: 16841M
[12/10 01:22:43 d2.utils.events]:  eta: 0:32:45  iter: 14519  total_loss: 0.02274  time: 0.3612  data_time: 0.0076  lr: 3.4829e-05  max_mem: 16841M
[12/10 01:22:50 d2.utils.events]:  eta: 0:32:37  iter: 14539  total_loss: 0.02399  time: 0.3612  data_time: 0.0076  lr: 3.4591e-05  max_mem: 16841M
[12/10 01:22:57 d2.utils.events]:  eta: 0:32:30  iter: 14559  total_loss: 0.02406  time: 0.3612  data_time: 0.0078  lr: 3.4353e-05  max_mem: 16841M
[12/10 01:23:04 d2.utils.events]:  eta: 0:32:23  iter: 14579  total_loss: 0.02352  time: 0.3612  data_time: 0.0076  lr: 3.4117e-05  max_mem: 16841M
[12/10 01:23:12 d2.utils.events]:  eta: 0:32:16  iter: 14599  total_loss: 0.02311  time: 0.3612  data_time: 0.0077  lr: 3.3881e-05  max_mem: 16841M
[12/10 01:23:19 d2.utils.events]:  eta: 0:32:09  iter: 14619  total_loss: 0.0239  time: 0.3612  data_time: 0.0076  lr: 3.3645e-05  max_mem: 16841M
[12/10 01:23:26 d2.utils.events]:  eta: 0:32:02  iter: 14639  total_loss: 0.02381  time: 0.3612  data_time: 0.0076  lr: 3.3411e-05  max_mem: 16841M
[12/10 01:23:33 d2.utils.events]:  eta: 0:31:54  iter: 14659  total_loss: 0.02366  time: 0.3612  data_time: 0.0076  lr: 3.3176e-05  max_mem: 16841M
[12/10 01:23:41 d2.utils.events]:  eta: 0:31:47  iter: 14679  total_loss: 0.02269  time: 0.3612  data_time: 0.0077  lr: 3.2943e-05  max_mem: 16841M
[12/10 01:23:48 d2.utils.events]:  eta: 0:31:40  iter: 14699  total_loss: 0.02451  time: 0.3612  data_time: 0.0079  lr: 3.271e-05  max_mem: 16841M
[12/10 01:23:55 d2.utils.events]:  eta: 0:31:33  iter: 14719  total_loss: 0.02397  time: 0.3612  data_time: 0.0078  lr: 3.2478e-05  max_mem: 16841M
[12/10 01:24:02 d2.utils.events]:  eta: 0:31:26  iter: 14739  total_loss: 0.02397  time: 0.3612  data_time: 0.0078  lr: 3.2247e-05  max_mem: 16841M
[12/10 01:24:09 d2.utils.events]:  eta: 0:31:19  iter: 14759  total_loss: 0.02457  time: 0.3612  data_time: 0.0078  lr: 3.2016e-05  max_mem: 16841M
[12/10 01:24:17 d2.utils.events]:  eta: 0:31:12  iter: 14779  total_loss: 0.02367  time: 0.3612  data_time: 0.0075  lr: 3.1786e-05  max_mem: 16841M
[12/10 01:24:24 d2.utils.events]:  eta: 0:31:05  iter: 14799  total_loss: 0.02442  time: 0.3612  data_time: 0.0075  lr: 3.1557e-05  max_mem: 16841M
[12/10 01:24:31 d2.utils.events]:  eta: 0:30:57  iter: 14819  total_loss: 0.02469  time: 0.3612  data_time: 0.0078  lr: 3.1328e-05  max_mem: 16841M
[12/10 01:24:38 d2.utils.events]:  eta: 0:30:50  iter: 14839  total_loss: 0.02376  time: 0.3612  data_time: 0.0077  lr: 3.11e-05  max_mem: 16841M
[12/10 01:24:46 d2.utils.events]:  eta: 0:30:43  iter: 14859  total_loss: 0.02456  time: 0.3612  data_time: 0.0075  lr: 3.0873e-05  max_mem: 16841M
[12/10 01:24:53 d2.utils.events]:  eta: 0:30:36  iter: 14879  total_loss: 0.02443  time: 0.3612  data_time: 0.0077  lr: 3.0646e-05  max_mem: 16841M
[12/10 01:25:00 d2.utils.events]:  eta: 0:30:29  iter: 14899  total_loss: 0.02318  time: 0.3612  data_time: 0.0074  lr: 3.042e-05  max_mem: 16841M
[12/10 01:25:07 d2.utils.events]:  eta: 0:30:21  iter: 14919  total_loss: 0.02439  time: 0.3612  data_time: 0.0077  lr: 3.0195e-05  max_mem: 16841M
[12/10 01:25:15 d2.utils.events]:  eta: 0:30:14  iter: 14939  total_loss: 0.0238  time: 0.3612  data_time: 0.0078  lr: 2.997e-05  max_mem: 16841M
[12/10 01:25:22 d2.utils.events]:  eta: 0:30:07  iter: 14959  total_loss: 0.02083  time: 0.3612  data_time: 0.0072  lr: 2.9746e-05  max_mem: 16841M
[12/10 01:25:29 d2.utils.events]:  eta: 0:30:00  iter: 14979  total_loss: 0.02378  time: 0.3612  data_time: 0.0074  lr: 2.9523e-05  max_mem: 16841M
[12/10 01:25:36 fvcore.common.checkpoint]: Saving checkpoint to outputs/cs7_eva_b16_r512/model_0014999.pth
[12/10 01:25:37 d2.utils.events]:  eta: 0:29:53  iter: 14999  total_loss: 0.02224  time: 0.3612  data_time: 0.0073  lr: 2.93e-05  max_mem: 16841M
[12/10 01:25:44 d2.utils.events]:  eta: 0:29:45  iter: 15019  total_loss: 0.0251  time: 0.3612  data_time: 0.0072  lr: 2.9079e-05  max_mem: 16841M
[12/10 01:25:52 d2.utils.events]:  eta: 0:29:38  iter: 15039  total_loss: 0.0238  time: 0.3612  data_time: 0.0073  lr: 2.8857e-05  max_mem: 16841M
[12/10 01:25:59 d2.utils.events]:  eta: 0:29:31  iter: 15059  total_loss: 0.02477  time: 0.3612  data_time: 0.0079  lr: 2.8637e-05  max_mem: 16841M
[12/10 01:26:06 d2.utils.events]:  eta: 0:29:24  iter: 15079  total_loss: 0.0236  time: 0.3612  data_time: 0.0083  lr: 2.8417e-05  max_mem: 16841M
[12/10 01:26:13 d2.utils.events]:  eta: 0:29:17  iter: 15099  total_loss: 0.02502  time: 0.3612  data_time: 0.0078  lr: 2.8198e-05  max_mem: 16841M
[12/10 01:26:21 d2.utils.events]:  eta: 0:29:10  iter: 15119  total_loss: 0.02443  time: 0.3612  data_time: 0.0078  lr: 2.798e-05  max_mem: 16841M
[12/10 01:26:28 d2.utils.events]:  eta: 0:29:03  iter: 15139  total_loss: 0.02497  time: 0.3612  data_time: 0.0077  lr: 2.7762e-05  max_mem: 16841M
[12/10 01:26:35 d2.utils.events]:  eta: 0:28:56  iter: 15159  total_loss: 0.02574  time: 0.3612  data_time: 0.0079  lr: 2.7546e-05  max_mem: 16841M
[12/10 01:26:43 d2.utils.events]:  eta: 0:28:49  iter: 15179  total_loss: 0.02429  time: 0.3612  data_time: 0.0077  lr: 2.7329e-05  max_mem: 16841M
[12/10 01:26:50 d2.utils.events]:  eta: 0:28:42  iter: 15199  total_loss: 0.02579  time: 0.3612  data_time: 0.0076  lr: 2.7114e-05  max_mem: 16841M
[12/10 01:26:57 d2.utils.events]:  eta: 0:28:35  iter: 15219  total_loss: 0.02354  time: 0.3612  data_time: 0.0074  lr: 2.6899e-05  max_mem: 16841M
[12/10 01:27:04 d2.utils.events]:  eta: 0:28:27  iter: 15239  total_loss: 0.02354  time: 0.3612  data_time: 0.0075  lr: 2.6685e-05  max_mem: 16841M
[12/10 01:27:12 d2.utils.events]:  eta: 0:28:20  iter: 15259  total_loss: 0.02409  time: 0.3612  data_time: 0.0076  lr: 2.6472e-05  max_mem: 16841M
[12/10 01:27:19 d2.utils.events]:  eta: 0:28:13  iter: 15279  total_loss: 0.02595  time: 0.3612  data_time: 0.0080  lr: 2.6259e-05  max_mem: 16841M
[12/10 01:27:26 d2.utils.events]:  eta: 0:28:06  iter: 15299  total_loss: 0.02485  time: 0.3612  data_time: 0.0081  lr: 2.6047e-05  max_mem: 16841M
[12/10 01:27:34 d2.utils.events]:  eta: 0:27:59  iter: 15319  total_loss: 0.02269  time: 0.3612  data_time: 0.0078  lr: 2.5836e-05  max_mem: 16841M
[12/10 01:27:41 d2.utils.events]:  eta: 0:27:52  iter: 15339  total_loss: 0.02277  time: 0.3612  data_time: 0.0077  lr: 2.5626e-05  max_mem: 16841M
[12/10 01:27:48 d2.utils.events]:  eta: 0:27:45  iter: 15359  total_loss: 0.02383  time: 0.3612  data_time: 0.0075  lr: 2.5416e-05  max_mem: 16841M
[12/10 01:27:55 d2.utils.events]:  eta: 0:27:38  iter: 15379  total_loss: 0.02191  time: 0.3612  data_time: 0.0075  lr: 2.5207e-05  max_mem: 16841M
[12/10 01:28:03 d2.utils.events]:  eta: 0:27:31  iter: 15399  total_loss: 0.02443  time: 0.3612  data_time: 0.0073  lr: 2.4999e-05  max_mem: 16841M
[12/10 01:28:10 d2.utils.events]:  eta: 0:27:24  iter: 15419  total_loss: 0.02256  time: 0.3612  data_time: 0.0077  lr: 2.4792e-05  max_mem: 16841M
[12/10 01:28:17 d2.utils.events]:  eta: 0:27:16  iter: 15439  total_loss: 0.02363  time: 0.3612  data_time: 0.0075  lr: 2.4585e-05  max_mem: 16841M
[12/10 01:28:24 d2.utils.events]:  eta: 0:27:09  iter: 15459  total_loss: 0.02425  time: 0.3612  data_time: 0.0075  lr: 2.4379e-05  max_mem: 16841M
[12/10 01:28:31 d2.utils.events]:  eta: 0:27:02  iter: 15479  total_loss: 0.02362  time: 0.3612  data_time: 0.0074  lr: 2.4174e-05  max_mem: 16841M
[12/10 01:28:39 d2.utils.events]:  eta: 0:26:55  iter: 15499  total_loss: 0.02555  time: 0.3612  data_time: 0.0075  lr: 2.397e-05  max_mem: 16841M
[12/10 01:28:46 d2.utils.events]:  eta: 0:26:48  iter: 15519  total_loss: 0.02403  time: 0.3612  data_time: 0.0076  lr: 2.3766e-05  max_mem: 16841M
[12/10 01:28:53 d2.utils.events]:  eta: 0:26:41  iter: 15539  total_loss: 0.02261  time: 0.3612  data_time: 0.0077  lr: 2.3563e-05  max_mem: 16841M
[12/10 01:29:00 d2.utils.events]:  eta: 0:26:33  iter: 15559  total_loss: 0.02518  time: 0.3612  data_time: 0.0077  lr: 2.3361e-05  max_mem: 16841M
[12/10 01:29:08 d2.utils.events]:  eta: 0:26:26  iter: 15579  total_loss: 0.02268  time: 0.3612  data_time: 0.0078  lr: 2.3159e-05  max_mem: 16841M
[12/10 01:29:15 d2.utils.events]:  eta: 0:26:19  iter: 15599  total_loss: 0.02354  time: 0.3612  data_time: 0.0075  lr: 2.2959e-05  max_mem: 16841M
[12/10 01:29:22 d2.utils.events]:  eta: 0:26:12  iter: 15619  total_loss: 0.02315  time: 0.3612  data_time: 0.0076  lr: 2.2759e-05  max_mem: 16841M
[12/10 01:29:29 d2.utils.events]:  eta: 0:26:05  iter: 15639  total_loss: 0.02433  time: 0.3612  data_time: 0.0077  lr: 2.256e-05  max_mem: 16841M
[12/10 01:29:37 d2.utils.events]:  eta: 0:25:58  iter: 15659  total_loss: 0.02205  time: 0.3612  data_time: 0.0077  lr: 2.2361e-05  max_mem: 16841M
[12/10 01:29:44 d2.utils.events]:  eta: 0:25:51  iter: 15679  total_loss: 0.0244  time: 0.3612  data_time: 0.0077  lr: 2.2164e-05  max_mem: 16841M
[12/10 01:29:51 d2.utils.events]:  eta: 0:25:44  iter: 15699  total_loss: 0.02442  time: 0.3612  data_time: 0.0078  lr: 2.1967e-05  max_mem: 16841M
[12/10 01:29:58 d2.utils.events]:  eta: 0:25:36  iter: 15719  total_loss: 0.02235  time: 0.3612  data_time: 0.0075  lr: 2.1771e-05  max_mem: 16841M
[12/10 01:30:06 d2.utils.events]:  eta: 0:25:29  iter: 15739  total_loss: 0.02155  time: 0.3612  data_time: 0.0073  lr: 2.1575e-05  max_mem: 16841M
[12/10 01:30:13 d2.utils.events]:  eta: 0:25:22  iter: 15759  total_loss: 0.02242  time: 0.3612  data_time: 0.0076  lr: 2.1381e-05  max_mem: 16841M
[12/10 01:30:20 d2.utils.events]:  eta: 0:25:15  iter: 15779  total_loss: 0.02164  time: 0.3612  data_time: 0.0075  lr: 2.1187e-05  max_mem: 16841M
[12/10 01:30:27 d2.utils.events]:  eta: 0:25:08  iter: 15799  total_loss: 0.02216  time: 0.3612  data_time: 0.0075  lr: 2.0994e-05  max_mem: 16841M
[12/10 01:30:35 d2.utils.events]:  eta: 0:25:00  iter: 15819  total_loss: 0.02458  time: 0.3612  data_time: 0.0075  lr: 2.0802e-05  max_mem: 16841M
[12/10 01:30:42 d2.utils.events]:  eta: 0:24:53  iter: 15839  total_loss: 0.0247  time: 0.3612  data_time: 0.0075  lr: 2.0611e-05  max_mem: 16841M
[12/10 01:30:49 d2.utils.events]:  eta: 0:24:46  iter: 15859  total_loss: 0.02429  time: 0.3612  data_time: 0.0076  lr: 2.042e-05  max_mem: 16841M
[12/10 01:30:56 d2.utils.events]:  eta: 0:24:39  iter: 15879  total_loss: 0.02249  time: 0.3612  data_time: 0.0073  lr: 2.023e-05  max_mem: 16841M
[12/10 01:31:03 d2.utils.events]:  eta: 0:24:31  iter: 15899  total_loss: 0.02279  time: 0.3612  data_time: 0.0075  lr: 2.0041e-05  max_mem: 16841M
[12/10 01:31:11 d2.utils.events]:  eta: 0:24:24  iter: 15919  total_loss: 0.02332  time: 0.3612  data_time: 0.0073  lr: 1.9853e-05  max_mem: 16841M
[12/10 01:31:18 d2.utils.events]:  eta: 0:24:17  iter: 15939  total_loss: 0.02235  time: 0.3611  data_time: 0.0071  lr: 1.9665e-05  max_mem: 16841M
[12/10 01:31:25 d2.utils.events]:  eta: 0:24:09  iter: 15959  total_loss: 0.02586  time: 0.3611  data_time: 0.0075  lr: 1.9479e-05  max_mem: 16841M
[12/10 01:31:32 d2.utils.events]:  eta: 0:24:02  iter: 15979  total_loss: 0.02297  time: 0.3611  data_time: 0.0074  lr: 1.9293e-05  max_mem: 16841M
[12/10 01:31:40 d2.utils.events]:  eta: 0:23:55  iter: 15999  total_loss: 0.02522  time: 0.3611  data_time: 0.0075  lr: 1.9108e-05  max_mem: 16841M
[12/10 01:31:47 d2.utils.events]:  eta: 0:23:48  iter: 16019  total_loss: 0.02856  time: 0.3611  data_time: 0.0078  lr: 1.8923e-05  max_mem: 16841M
[12/10 01:31:54 d2.utils.events]:  eta: 0:23:41  iter: 16039  total_loss: 0.02457  time: 0.3611  data_time: 0.0076  lr: 1.874e-05  max_mem: 16841M
[12/10 01:32:01 d2.utils.events]:  eta: 0:23:33  iter: 16059  total_loss: 0.02369  time: 0.3611  data_time: 0.0075  lr: 1.8557e-05  max_mem: 16841M
[12/10 01:32:08 d2.utils.events]:  eta: 0:23:26  iter: 16079  total_loss: 0.02229  time: 0.3611  data_time: 0.0078  lr: 1.8375e-05  max_mem: 16841M
[12/10 01:32:16 d2.utils.events]:  eta: 0:23:19  iter: 16099  total_loss: 0.02223  time: 0.3611  data_time: 0.0079  lr: 1.8194e-05  max_mem: 16841M
[12/10 01:32:23 d2.utils.events]:  eta: 0:23:12  iter: 16119  total_loss: 0.02203  time: 0.3611  data_time: 0.0076  lr: 1.8014e-05  max_mem: 16841M
[12/10 01:32:30 d2.utils.events]:  eta: 0:23:05  iter: 16139  total_loss: 0.02519  time: 0.3611  data_time: 0.0074  lr: 1.7834e-05  max_mem: 16841M
[12/10 01:32:37 d2.utils.events]:  eta: 0:22:57  iter: 16159  total_loss: 0.02335  time: 0.3611  data_time: 0.0077  lr: 1.7656e-05  max_mem: 16841M
[12/10 01:32:45 d2.utils.events]:  eta: 0:22:50  iter: 16179  total_loss: 0.02538  time: 0.3611  data_time: 0.0078  lr: 1.7478e-05  max_mem: 16841M
[12/10 01:32:52 d2.utils.events]:  eta: 0:22:43  iter: 16199  total_loss: 0.02357  time: 0.3611  data_time: 0.0077  lr: 1.7301e-05  max_mem: 16841M
[12/10 01:32:59 d2.utils.events]:  eta: 0:22:36  iter: 16219  total_loss: 0.02438  time: 0.3611  data_time: 0.0076  lr: 1.7125e-05  max_mem: 16841M
[12/10 01:33:06 d2.utils.events]:  eta: 0:22:29  iter: 16239  total_loss: 0.02301  time: 0.3611  data_time: 0.0076  lr: 1.6949e-05  max_mem: 16841M
[12/10 01:33:14 d2.utils.events]:  eta: 0:22:21  iter: 16259  total_loss: 0.02318  time: 0.3611  data_time: 0.0074  lr: 1.6775e-05  max_mem: 16841M
[12/10 01:33:21 d2.utils.events]:  eta: 0:22:14  iter: 16279  total_loss: 0.02273  time: 0.3611  data_time: 0.0074  lr: 1.6601e-05  max_mem: 16841M
[12/10 01:33:28 d2.utils.events]:  eta: 0:22:07  iter: 16299  total_loss: 0.02343  time: 0.3611  data_time: 0.0072  lr: 1.6428e-05  max_mem: 16841M
[12/10 01:33:35 d2.utils.events]:  eta: 0:21:59  iter: 16319  total_loss: 0.02484  time: 0.3611  data_time: 0.0075  lr: 1.6256e-05  max_mem: 16841M
[12/10 01:33:42 d2.utils.events]:  eta: 0:21:52  iter: 16339  total_loss: 0.02434  time: 0.3611  data_time: 0.0077  lr: 1.6084e-05  max_mem: 16841M
[12/10 01:33:50 d2.utils.events]:  eta: 0:21:45  iter: 16359  total_loss: 0.02538  time: 0.3611  data_time: 0.0075  lr: 1.5914e-05  max_mem: 16841M
[12/10 01:33:57 d2.utils.events]:  eta: 0:21:37  iter: 16379  total_loss: 0.02443  time: 0.3611  data_time: 0.0075  lr: 1.5744e-05  max_mem: 16841M
[12/10 01:34:04 d2.utils.events]:  eta: 0:21:30  iter: 16399  total_loss: 0.02329  time: 0.3611  data_time: 0.0076  lr: 1.5576e-05  max_mem: 16841M
[12/10 01:34:11 d2.utils.events]:  eta: 0:21:23  iter: 16419  total_loss: 0.02317  time: 0.3611  data_time: 0.0078  lr: 1.5408e-05  max_mem: 16841M
[12/10 01:34:19 d2.utils.events]:  eta: 0:21:16  iter: 16439  total_loss: 0.02481  time: 0.3611  data_time: 0.0074  lr: 1.5241e-05  max_mem: 16841M
[12/10 01:34:26 d2.utils.events]:  eta: 0:21:09  iter: 16459  total_loss: 0.0245  time: 0.3611  data_time: 0.0075  lr: 1.5074e-05  max_mem: 16841M
[12/10 01:34:33 d2.utils.events]:  eta: 0:21:02  iter: 16479  total_loss: 0.02305  time: 0.3611  data_time: 0.0075  lr: 1.4909e-05  max_mem: 16841M
[12/10 01:34:40 d2.utils.events]:  eta: 0:20:55  iter: 16499  total_loss: 0.02489  time: 0.3611  data_time: 0.0075  lr: 1.4744e-05  max_mem: 16841M
[12/10 01:34:48 d2.utils.events]:  eta: 0:20:48  iter: 16519  total_loss: 0.02418  time: 0.3611  data_time: 0.0076  lr: 1.458e-05  max_mem: 16841M
[12/10 01:34:55 d2.utils.events]:  eta: 0:20:40  iter: 16539  total_loss: 0.02169  time: 0.3611  data_time: 0.0072  lr: 1.4417e-05  max_mem: 16841M
[12/10 01:35:02 d2.utils.events]:  eta: 0:20:33  iter: 16559  total_loss: 0.02568  time: 0.3611  data_time: 0.0075  lr: 1.4255e-05  max_mem: 16841M
[12/10 01:35:11 d2.utils.events]:  eta: 0:20:26  iter: 16579  total_loss: 0.02296  time: 0.3611  data_time: 0.0072  lr: 1.4094e-05  max_mem: 16841M
[12/10 01:35:18 d2.utils.events]:  eta: 0:20:18  iter: 16599  total_loss: 0.0224  time: 0.3611  data_time: 0.0072  lr: 1.3934e-05  max_mem: 16841M
[12/10 01:35:26 d2.utils.events]:  eta: 0:20:11  iter: 16619  total_loss: 0.02339  time: 0.3611  data_time: 0.0072  lr: 1.3774e-05  max_mem: 16841M
[12/10 01:35:33 d2.utils.events]:  eta: 0:20:04  iter: 16639  total_loss: 0.02259  time: 0.3611  data_time: 0.0072  lr: 1.3616e-05  max_mem: 16841M
[12/10 01:35:40 d2.utils.events]:  eta: 0:19:57  iter: 16659  total_loss: 0.02442  time: 0.3611  data_time: 0.0073  lr: 1.3458e-05  max_mem: 16841M
[12/10 01:35:47 d2.utils.events]:  eta: 0:19:49  iter: 16679  total_loss: 0.02404  time: 0.3611  data_time: 0.0072  lr: 1.3301e-05  max_mem: 16841M
[12/10 01:35:55 d2.utils.events]:  eta: 0:19:42  iter: 16699  total_loss: 0.02446  time: 0.3611  data_time: 0.0071  lr: 1.3145e-05  max_mem: 16841M
[12/10 01:36:02 d2.utils.events]:  eta: 0:19:35  iter: 16719  total_loss: 0.02509  time: 0.3611  data_time: 0.0073  lr: 1.2989e-05  max_mem: 16841M
[12/10 01:36:09 d2.utils.events]:  eta: 0:19:28  iter: 16739  total_loss: 0.02256  time: 0.3611  data_time: 0.0076  lr: 1.2835e-05  max_mem: 16841M
[12/10 01:36:16 d2.utils.events]:  eta: 0:19:21  iter: 16759  total_loss: 0.02154  time: 0.3611  data_time: 0.0076  lr: 1.2681e-05  max_mem: 16841M
[12/10 01:36:24 d2.utils.events]:  eta: 0:19:14  iter: 16779  total_loss: 0.02328  time: 0.3611  data_time: 0.0074  lr: 1.2529e-05  max_mem: 16841M
[12/10 01:36:31 d2.utils.events]:  eta: 0:19:07  iter: 16799  total_loss: 0.02341  time: 0.3611  data_time: 0.0073  lr: 1.2377e-05  max_mem: 16841M
[12/10 01:36:38 d2.utils.events]:  eta: 0:18:59  iter: 16819  total_loss: 0.02282  time: 0.3611  data_time: 0.0075  lr: 1.2226e-05  max_mem: 16841M
[12/10 01:36:46 d2.utils.events]:  eta: 0:18:52  iter: 16839  total_loss: 0.02577  time: 0.3611  data_time: 0.0074  lr: 1.2076e-05  max_mem: 16841M
[12/10 01:36:53 d2.utils.events]:  eta: 0:18:45  iter: 16859  total_loss: 0.02209  time: 0.3611  data_time: 0.0073  lr: 1.1927e-05  max_mem: 16841M
[12/10 01:37:00 d2.utils.events]:  eta: 0:18:38  iter: 16879  total_loss: 0.02242  time: 0.3611  data_time: 0.0073  lr: 1.1778e-05  max_mem: 16841M
[12/10 01:37:07 d2.utils.events]:  eta: 0:18:31  iter: 16899  total_loss: 0.02403  time: 0.3611  data_time: 0.0074  lr: 1.1631e-05  max_mem: 16841M
[12/10 01:37:15 d2.utils.events]:  eta: 0:18:24  iter: 16919  total_loss: 0.02589  time: 0.3611  data_time: 0.0073  lr: 1.1484e-05  max_mem: 16841M
[12/10 01:37:22 d2.utils.events]:  eta: 0:18:16  iter: 16939  total_loss: 0.02222  time: 0.3611  data_time: 0.0073  lr: 1.1338e-05  max_mem: 16841M
[12/10 01:37:29 d2.utils.events]:  eta: 0:18:09  iter: 16959  total_loss: 0.02302  time: 0.3611  data_time: 0.0071  lr: 1.1194e-05  max_mem: 16841M
[12/10 01:37:36 d2.utils.events]:  eta: 0:18:02  iter: 16979  total_loss: 0.02488  time: 0.3611  data_time: 0.0071  lr: 1.105e-05  max_mem: 16841M
[12/10 01:37:43 d2.utils.events]:  eta: 0:17:55  iter: 16999  total_loss: 0.02276  time: 0.3611  data_time: 0.0072  lr: 1.0906e-05  max_mem: 16841M
[12/10 01:37:51 d2.utils.events]:  eta: 0:17:48  iter: 17019  total_loss: 0.02322  time: 0.3611  data_time: 0.0072  lr: 1.0764e-05  max_mem: 16841M
[12/10 01:37:58 d2.utils.events]:  eta: 0:17:40  iter: 17039  total_loss: 0.02238  time: 0.3611  data_time: 0.0074  lr: 1.0623e-05  max_mem: 16841M
[12/10 01:38:05 d2.utils.events]:  eta: 0:17:33  iter: 17059  total_loss: 0.02355  time: 0.3611  data_time: 0.0072  lr: 1.0482e-05  max_mem: 16841M
[12/10 01:38:12 d2.utils.events]:  eta: 0:17:26  iter: 17079  total_loss: 0.02844  time: 0.3611  data_time: 0.0074  lr: 1.0343e-05  max_mem: 16841M
[12/10 01:38:20 d2.utils.events]:  eta: 0:17:19  iter: 17099  total_loss: 0.02203  time: 0.3611  data_time: 0.0072  lr: 1.0204e-05  max_mem: 16841M
[12/10 01:38:27 d2.utils.events]:  eta: 0:17:11  iter: 17119  total_loss: 0.02471  time: 0.3611  data_time: 0.0073  lr: 1.0066e-05  max_mem: 16841M
[12/10 01:38:34 d2.utils.events]:  eta: 0:17:04  iter: 17139  total_loss: 0.02266  time: 0.3611  data_time: 0.0073  lr: 9.9294e-06  max_mem: 16841M
[12/10 01:38:41 d2.utils.events]:  eta: 0:16:57  iter: 17159  total_loss: 0.02124  time: 0.3611  data_time: 0.0075  lr: 9.7934e-06  max_mem: 16841M
[12/10 01:38:49 d2.utils.events]:  eta: 0:16:50  iter: 17179  total_loss: 0.02408  time: 0.3611  data_time: 0.0074  lr: 9.6582e-06  max_mem: 16841M
[12/10 01:38:56 d2.utils.events]:  eta: 0:16:42  iter: 17199  total_loss: 0.02403  time: 0.3611  data_time: 0.0075  lr: 9.524e-06  max_mem: 16841M
[12/10 01:39:03 d2.utils.events]:  eta: 0:16:35  iter: 17219  total_loss: 0.02346  time: 0.3611  data_time: 0.0073  lr: 9.3906e-06  max_mem: 16841M
[12/10 01:39:10 d2.utils.events]:  eta: 0:16:28  iter: 17239  total_loss: 0.02392  time: 0.3611  data_time: 0.0081  lr: 9.2582e-06  max_mem: 16841M
[12/10 01:39:18 d2.utils.events]:  eta: 0:16:21  iter: 17259  total_loss: 0.02337  time: 0.3611  data_time: 0.0077  lr: 9.1266e-06  max_mem: 16841M
[12/10 01:39:25 d2.utils.events]:  eta: 0:16:14  iter: 17279  total_loss: 0.0227  time: 0.3611  data_time: 0.0074  lr: 8.9959e-06  max_mem: 16841M
[12/10 01:39:32 d2.utils.events]:  eta: 0:16:06  iter: 17299  total_loss: 0.02267  time: 0.3611  data_time: 0.0079  lr: 8.8661e-06  max_mem: 16841M
[12/10 01:39:39 d2.utils.events]:  eta: 0:15:59  iter: 17319  total_loss: 0.02389  time: 0.3611  data_time: 0.0076  lr: 8.7373e-06  max_mem: 16841M
[12/10 01:39:51 d2.utils.events]:  eta: 0:15:52  iter: 17339  total_loss: 0.0241  time: 0.3611  data_time: 0.0077  lr: 8.6093e-06  max_mem: 16841M
[12/10 01:39:58 d2.utils.events]:  eta: 0:15:45  iter: 17359  total_loss: 0.02273  time: 0.3611  data_time: 0.0075  lr: 8.4822e-06  max_mem: 16841M
[12/10 01:40:05 d2.utils.events]:  eta: 0:15:38  iter: 17379  total_loss: 0.02206  time: 0.3611  data_time: 0.0099  lr: 8.356e-06  max_mem: 16841M
[12/10 01:40:12 d2.utils.events]:  eta: 0:15:31  iter: 17399  total_loss: 0.02391  time: 0.3611  data_time: 0.0078  lr: 8.2308e-06  max_mem: 16841M
[12/10 01:40:20 d2.utils.events]:  eta: 0:15:23  iter: 17419  total_loss: 0.02156  time: 0.3611  data_time: 0.0087  lr: 8.1064e-06  max_mem: 16841M
[12/10 01:40:27 d2.utils.events]:  eta: 0:15:16  iter: 17439  total_loss: 0.02212  time: 0.3611  data_time: 0.0080  lr: 7.983e-06  max_mem: 16841M
[12/10 01:40:34 d2.utils.events]:  eta: 0:15:09  iter: 17459  total_loss: 0.02409  time: 0.3611  data_time: 0.0076  lr: 7.8604e-06  max_mem: 16841M
[12/10 01:40:41 d2.utils.events]:  eta: 0:15:02  iter: 17479  total_loss: 0.02124  time: 0.3611  data_time: 0.0078  lr: 7.7388e-06  max_mem: 16841M
[12/10 01:40:49 d2.utils.events]:  eta: 0:14:55  iter: 17499  total_loss: 0.02284  time: 0.3611  data_time: 0.0076  lr: 7.6181e-06  max_mem: 16841M
[12/10 01:40:56 d2.utils.events]:  eta: 0:14:48  iter: 17519  total_loss: 0.02098  time: 0.3611  data_time: 0.0074  lr: 7.4982e-06  max_mem: 16841M
[12/10 01:41:03 d2.utils.events]:  eta: 0:14:40  iter: 17539  total_loss: 0.02367  time: 0.3611  data_time: 0.0073  lr: 7.3793e-06  max_mem: 16841M
[12/10 01:41:10 d2.utils.events]:  eta: 0:14:33  iter: 17559  total_loss: 0.02448  time: 0.3611  data_time: 0.0075  lr: 7.2614e-06  max_mem: 16841M
[12/10 01:41:17 d2.utils.events]:  eta: 0:14:26  iter: 17579  total_loss: 0.02379  time: 0.3611  data_time: 0.0072  lr: 7.1443e-06  max_mem: 16841M
[12/10 01:41:25 d2.utils.events]:  eta: 0:14:19  iter: 17599  total_loss: 0.02262  time: 0.3611  data_time: 0.0077  lr: 7.0281e-06  max_mem: 16841M
[12/10 01:41:32 d2.utils.events]:  eta: 0:14:12  iter: 17619  total_loss: 0.02495  time: 0.3610  data_time: 0.0073  lr: 6.9129e-06  max_mem: 16841M
[12/10 01:41:39 d2.utils.events]:  eta: 0:14:05  iter: 17639  total_loss: 0.02332  time: 0.3610  data_time: 0.0073  lr: 6.7986e-06  max_mem: 16841M
[12/10 01:41:47 d2.utils.events]:  eta: 0:13:58  iter: 17659  total_loss: 0.02334  time: 0.3611  data_time: 0.0074  lr: 6.6852e-06  max_mem: 16841M
[12/10 01:41:54 d2.utils.events]:  eta: 0:13:50  iter: 17679  total_loss: 0.02392  time: 0.3611  data_time: 0.0090  lr: 6.5727e-06  max_mem: 16841M
[12/10 01:42:01 d2.utils.events]:  eta: 0:13:43  iter: 17699  total_loss: 0.02271  time: 0.3611  data_time: 0.0076  lr: 6.4612e-06  max_mem: 16841M
[12/10 01:42:08 d2.utils.events]:  eta: 0:13:36  iter: 17719  total_loss: 0.02437  time: 0.3611  data_time: 0.0076  lr: 6.3505e-06  max_mem: 16841M
[12/10 01:42:15 d2.utils.events]:  eta: 0:13:29  iter: 17739  total_loss: 0.02194  time: 0.3611  data_time: 0.0076  lr: 6.2408e-06  max_mem: 16841M
[12/10 01:42:23 d2.utils.events]:  eta: 0:13:22  iter: 17759  total_loss: 0.02405  time: 0.3610  data_time: 0.0075  lr: 6.132e-06  max_mem: 16841M
[12/10 01:42:30 d2.utils.events]:  eta: 0:13:15  iter: 17779  total_loss: 0.02476  time: 0.3610  data_time: 0.0074  lr: 6.0242e-06  max_mem: 16841M
[12/10 01:42:37 d2.utils.events]:  eta: 0:13:07  iter: 17799  total_loss: 0.02328  time: 0.3610  data_time: 0.0075  lr: 5.9172e-06  max_mem: 16841M
[12/10 01:42:44 d2.utils.events]:  eta: 0:13:00  iter: 17819  total_loss: 0.02401  time: 0.3610  data_time: 0.0077  lr: 5.8112e-06  max_mem: 16841M
[12/10 01:42:52 d2.utils.events]:  eta: 0:12:53  iter: 17839  total_loss: 0.02134  time: 0.3610  data_time: 0.0079  lr: 5.7062e-06  max_mem: 16841M
[12/10 01:42:59 d2.utils.events]:  eta: 0:12:46  iter: 17859  total_loss: 0.0243  time: 0.3610  data_time: 0.0078  lr: 5.602e-06  max_mem: 16841M
[12/10 01:43:06 d2.utils.events]:  eta: 0:12:39  iter: 17879  total_loss: 0.02589  time: 0.3610  data_time: 0.0078  lr: 5.4988e-06  max_mem: 16841M
[12/10 01:43:13 d2.utils.events]:  eta: 0:12:32  iter: 17899  total_loss: 0.02316  time: 0.3610  data_time: 0.0075  lr: 5.3966e-06  max_mem: 16841M
[12/10 01:43:21 d2.utils.events]:  eta: 0:12:25  iter: 17919  total_loss: 0.02385  time: 0.3610  data_time: 0.0077  lr: 5.2952e-06  max_mem: 16841M
[12/10 01:43:28 d2.utils.events]:  eta: 0:12:18  iter: 17939  total_loss: 0.02355  time: 0.3610  data_time: 0.0078  lr: 5.1948e-06  max_mem: 16841M
[12/10 01:43:35 d2.utils.events]:  eta: 0:12:11  iter: 17959  total_loss: 0.0231  time: 0.3610  data_time: 0.0080  lr: 5.0953e-06  max_mem: 16841M
[12/10 01:43:42 d2.utils.events]:  eta: 0:12:04  iter: 17979  total_loss: 0.02188  time: 0.3610  data_time: 0.0082  lr: 4.9968e-06  max_mem: 16841M
[12/10 01:43:50 d2.utils.events]:  eta: 0:11:57  iter: 17999  total_loss: 0.0231  time: 0.3610  data_time: 0.0078  lr: 4.8992e-06  max_mem: 16841M
[12/10 01:43:57 d2.utils.events]:  eta: 0:11:49  iter: 18019  total_loss: 0.02568  time: 0.3610  data_time: 0.0080  lr: 4.8025e-06  max_mem: 16841M
[12/10 01:44:04 d2.utils.events]:  eta: 0:11:42  iter: 18039  total_loss: 0.02466  time: 0.3610  data_time: 0.0077  lr: 4.7068e-06  max_mem: 16841M
[12/10 01:44:12 d2.utils.events]:  eta: 0:11:35  iter: 18059  total_loss: 0.02703  time: 0.3610  data_time: 0.0077  lr: 4.612e-06  max_mem: 16841M
[12/10 01:44:19 d2.utils.events]:  eta: 0:11:28  iter: 18079  total_loss: 0.02457  time: 0.3610  data_time: 0.0073  lr: 4.5182e-06  max_mem: 16841M
[12/10 01:44:26 d2.utils.events]:  eta: 0:11:21  iter: 18099  total_loss: 0.02406  time: 0.3610  data_time: 0.0074  lr: 4.4253e-06  max_mem: 16841M
[12/10 01:44:33 d2.utils.events]:  eta: 0:11:14  iter: 18119  total_loss: 0.02331  time: 0.3610  data_time: 0.0074  lr: 4.3334e-06  max_mem: 16841M
[12/10 01:44:40 d2.utils.events]:  eta: 0:11:07  iter: 18139  total_loss: 0.02525  time: 0.3610  data_time: 0.0076  lr: 4.2424e-06  max_mem: 16841M
[12/10 01:44:48 d2.utils.events]:  eta: 0:11:00  iter: 18159  total_loss: 0.02616  time: 0.3610  data_time: 0.0076  lr: 4.1523e-06  max_mem: 16841M
[12/10 01:44:55 d2.utils.events]:  eta: 0:10:52  iter: 18179  total_loss: 0.02279  time: 0.3610  data_time: 0.0080  lr: 4.0632e-06  max_mem: 16841M
[12/10 01:45:02 d2.utils.events]:  eta: 0:10:45  iter: 18199  total_loss: 0.02192  time: 0.3610  data_time: 0.0077  lr: 3.975e-06  max_mem: 16841M
[12/10 01:45:10 d2.utils.events]:  eta: 0:10:38  iter: 18219  total_loss: 0.02192  time: 0.3610  data_time: 0.0079  lr: 3.8878e-06  max_mem: 16841M
[12/10 01:45:17 d2.utils.events]:  eta: 0:10:31  iter: 18239  total_loss: 0.02432  time: 0.3610  data_time: 0.0077  lr: 3.8015e-06  max_mem: 16841M
[12/10 01:45:24 d2.utils.events]:  eta: 0:10:24  iter: 18259  total_loss: 0.02158  time: 0.3610  data_time: 0.0075  lr: 3.7162e-06  max_mem: 16841M
[12/10 01:45:31 d2.utils.events]:  eta: 0:10:17  iter: 18279  total_loss: 0.02207  time: 0.3610  data_time: 0.0080  lr: 3.6318e-06  max_mem: 16841M
[12/10 01:45:39 d2.utils.events]:  eta: 0:10:09  iter: 18299  total_loss: 0.02239  time: 0.3610  data_time: 0.0077  lr: 3.5484e-06  max_mem: 16841M
[12/10 01:45:46 d2.utils.events]:  eta: 0:10:02  iter: 18319  total_loss: 0.02271  time: 0.3610  data_time: 0.0076  lr: 3.4659e-06  max_mem: 16841M
[12/10 01:45:53 d2.utils.events]:  eta: 0:09:55  iter: 18339  total_loss: 0.02112  time: 0.3611  data_time: 0.0079  lr: 3.3844e-06  max_mem: 16841M
[12/10 01:46:01 d2.utils.events]:  eta: 0:09:48  iter: 18359  total_loss: 0.02418  time: 0.3611  data_time: 0.0072  lr: 3.3039e-06  max_mem: 16841M
[12/10 01:46:08 d2.utils.events]:  eta: 0:09:41  iter: 18379  total_loss: 0.02547  time: 0.3611  data_time: 0.0075  lr: 3.2242e-06  max_mem: 16841M
[12/10 01:46:15 d2.utils.events]:  eta: 0:09:34  iter: 18399  total_loss: 0.02234  time: 0.3610  data_time: 0.0074  lr: 3.1456e-06  max_mem: 16841M
[12/10 01:46:22 d2.utils.events]:  eta: 0:09:27  iter: 18419  total_loss: 0.02519  time: 0.3610  data_time: 0.0076  lr: 3.0679e-06  max_mem: 16841M
[12/10 01:46:30 d2.utils.events]:  eta: 0:09:20  iter: 18439  total_loss: 0.02343  time: 0.3610  data_time: 0.0073  lr: 2.9912e-06  max_mem: 16841M
[12/10 01:46:37 d2.utils.events]:  eta: 0:09:12  iter: 18459  total_loss: 0.02315  time: 0.3610  data_time: 0.0073  lr: 2.9154e-06  max_mem: 16841M
[12/10 01:46:44 d2.utils.events]:  eta: 0:09:05  iter: 18479  total_loss: 0.02408  time: 0.3610  data_time: 0.0076  lr: 2.8405e-06  max_mem: 16841M
[12/10 01:46:51 d2.utils.events]:  eta: 0:08:58  iter: 18499  total_loss: 0.02269  time: 0.3611  data_time: 0.0077  lr: 2.7667e-06  max_mem: 16841M
[12/10 01:46:59 d2.utils.events]:  eta: 0:08:51  iter: 18519  total_loss: 0.02393  time: 0.3611  data_time: 0.0075  lr: 2.6938e-06  max_mem: 16841M
[12/10 01:47:06 d2.utils.events]:  eta: 0:08:44  iter: 18539  total_loss: 0.02469  time: 0.3611  data_time: 0.0081  lr: 2.6218e-06  max_mem: 16841M
[12/10 01:47:13 d2.utils.events]:  eta: 0:08:37  iter: 18559  total_loss: 0.02342  time: 0.3611  data_time: 0.0073  lr: 2.5508e-06  max_mem: 16841M
[12/10 01:47:21 d2.utils.events]:  eta: 0:08:29  iter: 18579  total_loss: 0.02423  time: 0.3611  data_time: 0.0075  lr: 2.4808e-06  max_mem: 16841M
[12/10 01:47:28 d2.utils.events]:  eta: 0:08:22  iter: 18599  total_loss: 0.02351  time: 0.3611  data_time: 0.0074  lr: 2.4118e-06  max_mem: 16841M
[12/10 01:47:35 d2.utils.events]:  eta: 0:08:15  iter: 18619  total_loss: 0.02302  time: 0.3611  data_time: 0.0077  lr: 2.3437e-06  max_mem: 16841M
[12/10 01:47:42 d2.utils.events]:  eta: 0:08:08  iter: 18639  total_loss: 0.02211  time: 0.3611  data_time: 0.0076  lr: 2.2765e-06  max_mem: 16841M
[12/10 01:47:50 d2.utils.events]:  eta: 0:08:01  iter: 18659  total_loss: 0.02186  time: 0.3611  data_time: 0.0075  lr: 2.2103e-06  max_mem: 16841M
[12/10 01:47:57 d2.utils.events]:  eta: 0:07:54  iter: 18679  total_loss: 0.02277  time: 0.3611  data_time: 0.0076  lr: 2.1451e-06  max_mem: 16841M
[12/10 01:48:04 d2.utils.events]:  eta: 0:07:47  iter: 18699  total_loss: 0.02458  time: 0.3611  data_time: 0.0079  lr: 2.0809e-06  max_mem: 16841M
[12/10 01:48:11 d2.utils.events]:  eta: 0:07:39  iter: 18719  total_loss: 0.02345  time: 0.3611  data_time: 0.0076  lr: 2.0176e-06  max_mem: 16841M
[12/10 01:48:19 d2.utils.events]:  eta: 0:07:32  iter: 18739  total_loss: 0.02332  time: 0.3611  data_time: 0.0075  lr: 1.9553e-06  max_mem: 16841M
[12/10 01:48:26 d2.utils.events]:  eta: 0:07:25  iter: 18759  total_loss: 0.02422  time: 0.3611  data_time: 0.0076  lr: 1.894e-06  max_mem: 16841M
[12/10 01:48:33 d2.utils.events]:  eta: 0:07:18  iter: 18779  total_loss: 0.02396  time: 0.3611  data_time: 0.0077  lr: 1.8336e-06  max_mem: 16841M
[12/10 01:48:40 d2.utils.events]:  eta: 0:07:11  iter: 18799  total_loss: 0.02362  time: 0.3611  data_time: 0.0077  lr: 1.7742e-06  max_mem: 16841M
[12/10 01:48:48 d2.utils.events]:  eta: 0:07:04  iter: 18819  total_loss: 0.02266  time: 0.3611  data_time: 0.0071  lr: 1.7158e-06  max_mem: 16841M
[12/10 01:48:55 d2.utils.events]:  eta: 0:06:57  iter: 18839  total_loss: 0.02381  time: 0.3611  data_time: 0.0076  lr: 1.6583e-06  max_mem: 16841M
[12/10 01:49:02 d2.utils.events]:  eta: 0:06:49  iter: 18859  total_loss: 0.02508  time: 0.3611  data_time: 0.0077  lr: 1.6018e-06  max_mem: 16841M
[12/10 01:49:10 d2.utils.events]:  eta: 0:06:42  iter: 18879  total_loss: 0.02538  time: 0.3611  data_time: 0.0079  lr: 1.5463e-06  max_mem: 16841M
[12/10 01:49:17 d2.utils.events]:  eta: 0:06:35  iter: 18899  total_loss: 0.02182  time: 0.3611  data_time: 0.0076  lr: 1.4918e-06  max_mem: 16841M
[12/10 01:49:24 d2.utils.events]:  eta: 0:06:28  iter: 18919  total_loss: 0.02315  time: 0.3611  data_time: 0.0076  lr: 1.4382e-06  max_mem: 16841M
[12/10 01:49:31 d2.utils.events]:  eta: 0:06:21  iter: 18939  total_loss: 0.02251  time: 0.3611  data_time: 0.0076  lr: 1.3856e-06  max_mem: 16841M
[12/10 01:49:39 d2.utils.events]:  eta: 0:06:13  iter: 18959  total_loss: 0.02127  time: 0.3611  data_time: 0.0075  lr: 1.334e-06  max_mem: 16841M
[12/10 01:49:46 d2.utils.events]:  eta: 0:06:06  iter: 18979  total_loss: 0.02377  time: 0.3611  data_time: 0.0075  lr: 1.2833e-06  max_mem: 16841M
[12/10 01:49:53 d2.utils.events]:  eta: 0:05:59  iter: 18999  total_loss: 0.02319  time: 0.3611  data_time: 0.0074  lr: 1.2336e-06  max_mem: 16841M
[12/10 01:50:01 d2.utils.events]:  eta: 0:05:52  iter: 19019  total_loss: 0.02249  time: 0.3611  data_time: 0.0073  lr: 1.1849e-06  max_mem: 16841M
[12/10 01:50:08 d2.utils.events]:  eta: 0:05:45  iter: 19039  total_loss: 0.0239  time: 0.3611  data_time: 0.0074  lr: 1.1372e-06  max_mem: 16841M
[12/10 01:50:15 d2.utils.events]:  eta: 0:05:38  iter: 19059  total_loss: 0.02499  time: 0.3611  data_time: 0.0076  lr: 1.0904e-06  max_mem: 16841M
[12/10 01:50:22 d2.utils.events]:  eta: 0:05:30  iter: 19079  total_loss: 0.02448  time: 0.3611  data_time: 0.0074  lr: 1.0447e-06  max_mem: 16841M
[12/10 01:50:30 d2.utils.events]:  eta: 0:05:23  iter: 19099  total_loss: 0.02204  time: 0.3611  data_time: 0.0078  lr: 9.9985e-07  max_mem: 16841M
[12/10 01:50:37 d2.utils.events]:  eta: 0:05:16  iter: 19119  total_loss: 0.02324  time: 0.3611  data_time: 0.0076  lr: 9.5602e-07  max_mem: 16841M
[12/10 01:50:44 d2.utils.events]:  eta: 0:05:09  iter: 19139  total_loss: 0.02451  time: 0.3611  data_time: 0.0077  lr: 9.1317e-07  max_mem: 16841M
[12/10 01:50:51 d2.utils.events]:  eta: 0:05:02  iter: 19159  total_loss: 0.02215  time: 0.3611  data_time: 0.0076  lr: 8.713e-07  max_mem: 16841M
[12/10 01:50:59 d2.utils.events]:  eta: 0:04:55  iter: 19179  total_loss: 0.022  time: 0.3611  data_time: 0.0076  lr: 8.3041e-07  max_mem: 16841M
[12/10 01:51:06 d2.utils.events]:  eta: 0:04:47  iter: 19199  total_loss: 0.02493  time: 0.3611  data_time: 0.0075  lr: 7.905e-07  max_mem: 16841M
[12/10 01:51:13 d2.utils.events]:  eta: 0:04:40  iter: 19219  total_loss: 0.02413  time: 0.3611  data_time: 0.0078  lr: 7.5157e-07  max_mem: 16841M
[12/10 01:51:20 d2.utils.events]:  eta: 0:04:33  iter: 19239  total_loss: 0.02437  time: 0.3611  data_time: 0.0077  lr: 7.1361e-07  max_mem: 16841M
[12/10 01:51:28 d2.utils.events]:  eta: 0:04:26  iter: 19259  total_loss: 0.02293  time: 0.3611  data_time: 0.0077  lr: 6.7664e-07  max_mem: 16841M
[12/10 01:51:35 d2.utils.events]:  eta: 0:04:19  iter: 19279  total_loss: 0.02299  time: 0.3611  data_time: 0.0076  lr: 6.4064e-07  max_mem: 16841M
[12/10 01:51:42 d2.utils.events]:  eta: 0:04:11  iter: 19299  total_loss: 0.02418  time: 0.3611  data_time: 0.0081  lr: 6.0563e-07  max_mem: 16841M
[12/10 01:51:50 d2.utils.events]:  eta: 0:04:04  iter: 19319  total_loss: 0.02394  time: 0.3611  data_time: 0.0078  lr: 5.716e-07  max_mem: 16841M
[12/10 01:51:57 d2.utils.events]:  eta: 0:03:57  iter: 19339  total_loss: 0.02513  time: 0.3611  data_time: 0.0079  lr: 5.3855e-07  max_mem: 16841M
[12/10 01:52:04 d2.utils.events]:  eta: 0:03:50  iter: 19359  total_loss: 0.02253  time: 0.3611  data_time: 0.0076  lr: 5.0648e-07  max_mem: 16841M
[12/10 01:52:11 d2.utils.events]:  eta: 0:03:43  iter: 19379  total_loss: 0.02558  time: 0.3611  data_time: 0.0075  lr: 4.7539e-07  max_mem: 16841M
[12/10 01:52:19 d2.utils.events]:  eta: 0:03:36  iter: 19399  total_loss: 0.02343  time: 0.3611  data_time: 0.0075  lr: 4.4528e-07  max_mem: 16841M
[12/10 01:52:26 d2.utils.events]:  eta: 0:03:28  iter: 19419  total_loss: 0.02275  time: 0.3611  data_time: 0.0075  lr: 4.1616e-07  max_mem: 16841M
[12/10 01:52:33 d2.utils.events]:  eta: 0:03:21  iter: 19439  total_loss: 0.02504  time: 0.3611  data_time: 0.0078  lr: 3.8802e-07  max_mem: 16841M
[12/10 01:52:41 d2.utils.events]:  eta: 0:03:14  iter: 19459  total_loss: 0.02516  time: 0.3611  data_time: 0.0078  lr: 3.6086e-07  max_mem: 16841M
[12/10 01:52:48 d2.utils.events]:  eta: 0:03:07  iter: 19479  total_loss: 0.02217  time: 0.3611  data_time: 0.0076  lr: 3.3469e-07  max_mem: 16841M
[12/10 01:52:55 d2.utils.events]:  eta: 0:02:59  iter: 19499  total_loss: 0.02469  time: 0.3611  data_time: 0.0077  lr: 3.095e-07  max_mem: 16841M
[12/10 01:53:02 d2.utils.events]:  eta: 0:02:52  iter: 19519  total_loss: 0.0226  time: 0.3611  data_time: 0.0076  lr: 2.8529e-07  max_mem: 16841M
[12/10 01:53:10 d2.utils.events]:  eta: 0:02:45  iter: 19539  total_loss: 0.0252  time: 0.3611  data_time: 0.0074  lr: 2.6207e-07  max_mem: 16841M
[12/10 01:53:17 d2.utils.events]:  eta: 0:02:38  iter: 19559  total_loss: 0.02155  time: 0.3611  data_time: 0.0077  lr: 2.3984e-07  max_mem: 16841M
[12/10 01:53:24 d2.utils.events]:  eta: 0:02:31  iter: 19579  total_loss: 0.02326  time: 0.3611  data_time: 0.0075  lr: 2.1858e-07  max_mem: 16841M
[12/10 01:53:31 d2.utils.events]:  eta: 0:02:23  iter: 19599  total_loss: 0.02234  time: 0.3611  data_time: 0.0075  lr: 1.9831e-07  max_mem: 16841M
[12/10 01:53:38 d2.utils.events]:  eta: 0:02:16  iter: 19619  total_loss: 0.02337  time: 0.3611  data_time: 0.0073  lr: 1.7903e-07  max_mem: 16841M
[12/10 01:53:46 d2.utils.events]:  eta: 0:02:09  iter: 19639  total_loss: 0.02274  time: 0.3611  data_time: 0.0075  lr: 1.6073e-07  max_mem: 16841M
[12/10 01:53:53 d2.utils.events]:  eta: 0:02:02  iter: 19659  total_loss: 0.02607  time: 0.3611  data_time: 0.0074  lr: 1.4342e-07  max_mem: 16841M
[12/10 01:54:00 d2.utils.events]:  eta: 0:01:55  iter: 19679  total_loss: 0.02249  time: 0.3611  data_time: 0.0072  lr: 1.2709e-07  max_mem: 16841M
[12/10 01:54:07 d2.utils.events]:  eta: 0:01:47  iter: 19699  total_loss: 0.02397  time: 0.3611  data_time: 0.0077  lr: 1.1175e-07  max_mem: 16841M
[12/10 01:54:14 d2.utils.events]:  eta: 0:01:40  iter: 19719  total_loss: 0.02851  time: 0.3611  data_time: 0.0075  lr: 9.7398e-08  max_mem: 16841M
[12/10 01:54:22 d2.utils.events]:  eta: 0:01:33  iter: 19739  total_loss: 0.02222  time: 0.3611  data_time: 0.0077  lr: 8.4029e-08  max_mem: 16841M
[12/10 01:54:29 d2.utils.events]:  eta: 0:01:26  iter: 19759  total_loss: 0.02413  time: 0.3611  data_time: 0.0076  lr: 7.1646e-08  max_mem: 16841M
[12/10 01:54:36 d2.utils.events]:  eta: 0:01:19  iter: 19779  total_loss: 0.02418  time: 0.3611  data_time: 0.0077  lr: 6.0249e-08  max_mem: 16841M
[12/10 01:54:43 d2.utils.events]:  eta: 0:01:11  iter: 19799  total_loss: 0.02287  time: 0.3611  data_time: 0.0078  lr: 4.9839e-08  max_mem: 16841M
[12/10 01:54:51 d2.utils.events]:  eta: 0:01:04  iter: 19819  total_loss: 0.02393  time: 0.3611  data_time: 0.0073  lr: 4.0415e-08  max_mem: 16841M
[12/10 01:54:58 d2.utils.events]:  eta: 0:00:57  iter: 19839  total_loss: 0.02412  time: 0.3611  data_time: 0.0074  lr: 3.1977e-08  max_mem: 16841M
[12/10 01:55:05 d2.utils.events]:  eta: 0:00:50  iter: 19859  total_loss: 0.02531  time: 0.3611  data_time: 0.0079  lr: 2.4526e-08  max_mem: 16841M
[12/10 01:55:13 d2.utils.events]:  eta: 0:00:43  iter: 19879  total_loss: 0.02516  time: 0.3611  data_time: 0.0076  lr: 1.8062e-08  max_mem: 16841M
[12/10 01:55:20 d2.utils.events]:  eta: 0:00:35  iter: 19899  total_loss: 0.02509  time: 0.3611  data_time: 0.0075  lr: 1.2585e-08  max_mem: 16841M
[12/10 01:55:27 d2.utils.events]:  eta: 0:00:28  iter: 19919  total_loss: 0.02373  time: 0.3611  data_time: 0.0074  lr: 8.0942e-09  max_mem: 16841M
[12/10 01:55:34 d2.utils.events]:  eta: 0:00:21  iter: 19939  total_loss: 0.0215  time: 0.3611  data_time: 0.0079  lr: 4.5906e-09  max_mem: 16841M
[12/10 01:55:42 d2.utils.events]:  eta: 0:00:14  iter: 19959  total_loss: 0.02135  time: 0.3611  data_time: 0.0078  lr: 2.0738e-09  max_mem: 16841M
[12/10 01:55:49 d2.utils.events]:  eta: 0:00:07  iter: 19979  total_loss: 0.02543  time: 0.3611  data_time: 0.0077  lr: 5.4406e-10  max_mem: 16841M
[12/10 01:55:56 fvcore.common.checkpoint]: Saving checkpoint to outputs/cs7_eva_b16_r512/model_0019999.pth
[12/10 01:55:57 fvcore.common.checkpoint]: Saving checkpoint to outputs/cs7_eva_b16_r512/model_final.pth
[12/10 01:55:58 d2.utils.events]:  eta: 0:00:00  iter: 19999  total_loss: 0.02607  time: 0.3611  data_time: 0.0077  lr: 1.2337e-12  max_mem: 16841M
[12/10 01:55:58 d2.engine.hooks]: Overall training speed: 19998 iterations in 2:00:21 (0.3611 s / it)
[12/10 01:55:58 d2.engine.hooks]: Total training time: 2:01:36 (0:01:15 on hooks)
[12/10 01:55:58 d2.data.dataset_mapper]: [DatasetMapper] Augmentations used in inference: [ResizeShortestEdge(short_edge_length=(512, 512), max_size=1024, sample_style='choice')]
[12/10 01:55:58 d2.data.common]: Serializing 500 elements to byte tensors and concatenating them all ...
[12/10 01:55:58 d2.data.common]: Serialized dataset takes 0.15 MiB
[12/10 01:55:58 d2.evaluation.evaluator]: Start inference on 500 batches
[12/10 01:56:04 d2.evaluation.evaluator]: Inference done 11/500. Dataloading: 0.0010 s/iter. Inference: 0.0670 s/iter. Eval: 0.2907 s/iter. Total: 0.3587 s/iter. ETA=0:02:55
[12/10 01:56:09 d2.evaluation.evaluator]: Inference done 25/500. Dataloading: 0.0017 s/iter. Inference: 0.0706 s/iter. Eval: 0.2872 s/iter. Total: 0.3595 s/iter. ETA=0:02:50
[12/10 01:56:14 d2.evaluation.evaluator]: Inference done 39/500. Dataloading: 0.0017 s/iter. Inference: 0.0694 s/iter. Eval: 0.2894 s/iter. Total: 0.3606 s/iter. ETA=0:02:46
[12/10 01:56:19 d2.evaluation.evaluator]: Inference done 53/500. Dataloading: 0.0018 s/iter. Inference: 0.0699 s/iter. Eval: 0.2893 s/iter. Total: 0.3610 s/iter. ETA=0:02:41
[12/10 01:56:24 d2.evaluation.evaluator]: Inference done 67/500. Dataloading: 0.0018 s/iter. Inference: 0.0702 s/iter. Eval: 0.2900 s/iter. Total: 0.3621 s/iter. ETA=0:02:36
[12/10 01:56:29 d2.evaluation.evaluator]: Inference done 82/500. Dataloading: 0.0019 s/iter. Inference: 0.0704 s/iter. Eval: 0.2883 s/iter. Total: 0.3607 s/iter. ETA=0:02:30
[12/10 01:56:35 d2.evaluation.evaluator]: Inference done 94/500. Dataloading: 0.0019 s/iter. Inference: 0.0704 s/iter. Eval: 0.3058 s/iter. Total: 0.3782 s/iter. ETA=0:02:33
[12/10 01:56:40 d2.evaluation.evaluator]: Inference done 103/500. Dataloading: 0.0019 s/iter. Inference: 0.0706 s/iter. Eval: 0.3219 s/iter. Total: 0.3946 s/iter. ETA=0:02:36
[12/10 01:56:45 d2.evaluation.evaluator]: Inference done 118/500. Dataloading: 0.0020 s/iter. Inference: 0.0705 s/iter. Eval: 0.3145 s/iter. Total: 0.3871 s/iter. ETA=0:02:27
[12/10 01:56:50 d2.evaluation.evaluator]: Inference done 133/500. Dataloading: 0.0020 s/iter. Inference: 0.0703 s/iter. Eval: 0.3090 s/iter. Total: 0.3814 s/iter. ETA=0:02:19
[12/10 01:56:55 d2.evaluation.evaluator]: Inference done 148/500. Dataloading: 0.0020 s/iter. Inference: 0.0703 s/iter. Eval: 0.3049 s/iter. Total: 0.3773 s/iter. ETA=0:02:12
[12/10 01:57:01 d2.evaluation.evaluator]: Inference done 164/500. Dataloading: 0.0020 s/iter. Inference: 0.0702 s/iter. Eval: 0.2999 s/iter. Total: 0.3721 s/iter. ETA=0:02:05
[12/10 01:57:06 d2.evaluation.evaluator]: Inference done 180/500. Dataloading: 0.0020 s/iter. Inference: 0.0701 s/iter. Eval: 0.2950 s/iter. Total: 0.3671 s/iter. ETA=0:01:57
[12/10 01:57:11 d2.evaluation.evaluator]: Inference done 196/500. Dataloading: 0.0020 s/iter. Inference: 0.0699 s/iter. Eval: 0.2906 s/iter. Total: 0.3626 s/iter. ETA=0:01:50
[12/10 01:57:16 d2.evaluation.evaluator]: Inference done 212/500. Dataloading: 0.0020 s/iter. Inference: 0.0699 s/iter. Eval: 0.2870 s/iter. Total: 0.3590 s/iter. ETA=0:01:43
[12/10 01:57:21 d2.evaluation.evaluator]: Inference done 228/500. Dataloading: 0.0020 s/iter. Inference: 0.0699 s/iter. Eval: 0.2842 s/iter. Total: 0.3562 s/iter. ETA=0:01:36
[12/10 01:57:26 d2.evaluation.evaluator]: Inference done 243/500. Dataloading: 0.0020 s/iter. Inference: 0.0698 s/iter. Eval: 0.2833 s/iter. Total: 0.3552 s/iter. ETA=0:01:31
[12/10 01:57:31 d2.evaluation.evaluator]: Inference done 257/500. Dataloading: 0.0020 s/iter. Inference: 0.0698 s/iter. Eval: 0.2836 s/iter. Total: 0.3556 s/iter. ETA=0:01:26
[12/10 01:57:36 d2.evaluation.evaluator]: Inference done 273/500. Dataloading: 0.0020 s/iter. Inference: 0.0698 s/iter. Eval: 0.2818 s/iter. Total: 0.3538 s/iter. ETA=0:01:20
[12/10 01:57:42 d2.evaluation.evaluator]: Inference done 289/500. Dataloading: 0.0020 s/iter. Inference: 0.0698 s/iter. Eval: 0.2803 s/iter. Total: 0.3522 s/iter. ETA=0:01:14
[12/10 01:57:47 d2.evaluation.evaluator]: Inference done 305/500. Dataloading: 0.0020 s/iter. Inference: 0.0697 s/iter. Eval: 0.2783 s/iter. Total: 0.3501 s/iter. ETA=0:01:08
[12/10 01:57:52 d2.evaluation.evaluator]: Inference done 321/500. Dataloading: 0.0020 s/iter. Inference: 0.0697 s/iter. Eval: 0.2766 s/iter. Total: 0.3484 s/iter. ETA=0:01:02
[12/10 01:57:57 d2.evaluation.evaluator]: Inference done 337/500. Dataloading: 0.0020 s/iter. Inference: 0.0697 s/iter. Eval: 0.2754 s/iter. Total: 0.3472 s/iter. ETA=0:00:56
[12/10 01:58:02 d2.evaluation.evaluator]: Inference done 353/500. Dataloading: 0.0020 s/iter. Inference: 0.0696 s/iter. Eval: 0.2747 s/iter. Total: 0.3464 s/iter. ETA=0:00:50
[12/10 01:58:07 d2.evaluation.evaluator]: Inference done 368/500. Dataloading: 0.0020 s/iter. Inference: 0.0696 s/iter. Eval: 0.2743 s/iter. Total: 0.3460 s/iter. ETA=0:00:45
[12/10 01:58:12 d2.evaluation.evaluator]: Inference done 384/500. Dataloading: 0.0020 s/iter. Inference: 0.0696 s/iter. Eval: 0.2734 s/iter. Total: 0.3450 s/iter. ETA=0:00:40
[12/10 01:58:17 d2.evaluation.evaluator]: Inference done 400/500. Dataloading: 0.0020 s/iter. Inference: 0.0695 s/iter. Eval: 0.2723 s/iter. Total: 0.3439 s/iter. ETA=0:00:34
[12/10 01:58:23 d2.evaluation.evaluator]: Inference done 417/500. Dataloading: 0.0020 s/iter. Inference: 0.0695 s/iter. Eval: 0.2710 s/iter. Total: 0.3426 s/iter. ETA=0:00:28
[12/10 01:58:28 d2.evaluation.evaluator]: Inference done 432/500. Dataloading: 0.0020 s/iter. Inference: 0.0695 s/iter. Eval: 0.2711 s/iter. Total: 0.3427 s/iter. ETA=0:00:23
[12/10 01:58:33 d2.evaluation.evaluator]: Inference done 448/500. Dataloading: 0.0020 s/iter. Inference: 0.0695 s/iter. Eval: 0.2705 s/iter. Total: 0.3421 s/iter. ETA=0:00:17
[12/10 01:58:38 d2.evaluation.evaluator]: Inference done 463/500. Dataloading: 0.0020 s/iter. Inference: 0.0695 s/iter. Eval: 0.2703 s/iter. Total: 0.3419 s/iter. ETA=0:00:12
[12/10 01:58:43 d2.evaluation.evaluator]: Inference done 479/500. Dataloading: 0.0020 s/iter. Inference: 0.0694 s/iter. Eval: 0.2700 s/iter. Total: 0.3415 s/iter. ETA=0:00:07
[12/10 01:58:49 d2.evaluation.evaluator]: Inference done 494/500. Dataloading: 0.0020 s/iter. Inference: 0.0694 s/iter. Eval: 0.2702 s/iter. Total: 0.3417 s/iter. ETA=0:00:02
[12/10 01:58:51 d2.evaluation.evaluator]: Total inference time: 0:02:49.166215 (0.341750 s / iter per device, on 1 devices)
[12/10 01:58:51 d2.evaluation.evaluator]: Total inference pure compute time: 0:00:34 (0.069403 s / iter per device, on 1 devices)
[12/10 01:58:51 d2.evaluation.sem_seg_evaluation]: OrderedDict([('sem_seg', {'mIoU': 54.08194497731724, 'fwIoU': 88.0374030627954, 'IoU-road': 97.27534623982699, 'IoU-sidewalk': 77.66970373305064, 'IoU-building': 89.14131921081157, 'IoU-wall': 49.46307520044989, 'IoU-fence': 42.55812600500907, 'IoU-pole': 19.51326525467901, 'IoU-traffic light': 24.56658920245326, 'IoU-traffic sign': 23.61308184656673, 'IoU-vegetation': 88.75912261230097, 'IoU-terrain': 26.052198154180573, 'IoU-sky': 93.4848955326341, 'IoU-person': 70.02105849374185, 'IoU-rider': 1.5386958482053323, 'IoU-car': 91.03606945333826, 'IoU-truck': 61.27199661352599, 'IoU-bus': 66.16525261321371, 'IoU-train': 0.006528380212863597, 'IoU-motorcycle': 46.2739718447982, 'IoU-bicycle': 59.14665833002868, 'mACC': 63.895525623984675, 'pACC': 93.32316841098822, 'ACC-road': 98.41308810390468, 'ACC-sidewalk': 91.63747203325056, 'ACC-building': 95.7282266469982, 'ACC-wall': 55.5928175965314, 'ACC-fence': 59.284052042080916, 'ACC-pole': 20.459424212108633, 'ACC-traffic light': 36.696134875222334, 'ACC-traffic sign': 26.679188534520865, 'ACC-vegetation': 97.02978370449512, 'ACC-terrain': 27.596798001812985, 'ACC-sky': 97.20599759232441, 'ACC-person': 87.3893821125917, 'ACC-rider': 1.5534804366106194, 'ACC-car': 95.81181514518414, 'ACC-truck': 90.76688552288572, 'ACC-bus': 90.81578971734093, 'ACC-train': 0.006589447387623273, 'ACC-motorcycle': 66.54941074784946, 'ACC-bicycle': 74.7986503826085})])
[12/10 01:58:51 d2.engine.defaults]: Evaluation results for cityscapes19_val in csv format:
[12/10 01:58:51 d2.evaluation.testing]: copypaste: Task: sem_seg
[12/10 01:58:51 d2.evaluation.testing]: copypaste: mIoU,fwIoU,mACC,pACC
[12/10 01:58:51 d2.evaluation.testing]: copypaste: 54.0819,88.0374,63.8955,93.3232
/data/zd/TTA_VLM/S2_Corr/train_net.py:16: FutureWarning: In the future `np.bool` will be defined as the corresponding NumPy scalar.
  if not hasattr(np, _name):
/data/zd/TTA_VLM/S2_Corr/train_net.py:16: FutureWarning: In the future `np.object` will be defined as the corresponding NumPy scalar.
  if not hasattr(np, _name):
/data/zd/TTA_VLM/S2_Corr/train_net.py:18: FutureWarning: In the future `np.long` will be defined as the corresponding NumPy scalar.
  if not hasattr(np, "long"):
/data2/anaconda3/envs/DeCLIP_CATSeg/lib/python3.10/site-packages/torchvision/datapoints/__init__.py:12: UserWarning: The torchvision.datapoints and torchvision.transforms.v2 namespaces are still Beta. While we do not expect major breaking changes, some APIs may still change according to user feedback. Please submit any feedback you may have in this issue: https://github.com/pytorch/vision/issues/6753, and you can also check out https://github.com/pytorch/vision/issues/7319 to learn more about the APIs that we suspect might involve future changes. You can silence this warning by calling torchvision.disable_beta_transforms_warning().
  warnings.warn(_BETA_TRANSFORMS_WARNING)
/data2/anaconda3/envs/DeCLIP_CATSeg/lib/python3.10/site-packages/torchvision/transforms/v2/__init__.py:54: UserWarning: The torchvision.datapoints and torchvision.transforms.v2 namespaces are still Beta. While we do not expect major breaking changes, some APIs may still change according to user feedback. Please submit any feedback you may have in this issue: https://github.com/pytorch/vision/issues/6753, and you can also check out https://github.com/pytorch/vision/issues/7319 to learn more about the APIs that we suspect might involve future changes. You can silence this warning by calling torchvision.disable_beta_transforms_warning().
  warnings.warn(_BETA_TRANSFORMS_WARNING)
Please 'pip install apex'
Command Line Args: Namespace(config_file='configs/cs7_catseg.yaml', resume=False, eval_only=True, num_gpus=1, num_machines=1, machine_rank=0, dist_url='auto', opts=['OUTPUT_DIR', 'outputs/cs7_eva_b16_r512/eval', 'MODEL.SEM_SEG_HEAD.TEST_CLASS_JSON', 'datasets/cityscapes_19.json', 'MODEL.SEM_SEG_HEAD.ENABLE_HIGH_RES', 'False', 'DATASETS.TEST', '("cityscapes19_val",)', 'TEST.SLIDING_WINDOW', 'True', 'MODEL.SEM_SEG_HEAD.POOLING_SIZES', '[1,1]', 'MODEL.WEIGHTS', 'outputs/cs7_eva_b16_r512/model_0019999.pth'])
[12/10 01:58:56 detectron2]: Rank of current process: 0. World size: 1
[12/10 01:58:56 detectron2]: Environment info:
----------------------  ------------------------------------------------------------------------------------------
sys.platform            linux
Python                  3.10.0 (default, Mar  3 2022, 09:58:08) [GCC 7.5.0]
numpy                   1.26.4
detectron2              0.6 @/data2/anaconda3/envs/DeCLIP_CATSeg/lib/python3.10/site-packages/detectron2
Compiler                GCC 7.5
CUDA compiler           CUDA 11.6
detectron2 arch flags   8.0
DETECTRON2_ENV_MODULE   <not set>
PyTorch                 2.0.0+cu117 @/data2/anaconda3/envs/DeCLIP_CATSeg/lib/python3.10/site-packages/torch
PyTorch debug build     False
GPU available           Yes
GPU 0                   GeForce RTX 3090 (arch=8.6)
Driver version          460.84
CUDA_HOME               /usr/local/cuda-11.6
TORCH_CUDA_ARCH_LIST    8.0
Pillow                  9.1.0
torchvision             0.15.1+cu117 @/data2/anaconda3/envs/DeCLIP_CATSeg/lib/python3.10/site-packages/torchvision
torchvision arch flags  3.5, 5.0, 6.0, 7.0, 7.5, 8.0, 8.6
fvcore                  0.1.5.post20221221
iopath                  0.1.9
cv2                     4.11.0
----------------------  ------------------------------------------------------------------------------------------
PyTorch built with:
  - GCC 9.3
  - C++ Version: 201703
  - Intel(R) oneAPI Math Kernel Library Version 2022.2-Product Build 20220804 for Intel(R) 64 architecture applications
  - Intel(R) MKL-DNN v2.7.3 (Git Hash 6dbeffbae1f23cbbeae17adb7b5b13f1f37c080e)
  - OpenMP 201511 (a.k.a. OpenMP 4.5)
  - LAPACK is enabled (usually provided by MKL)
  - NNPACK is enabled
  - CPU capability usage: AVX2
  - CUDA Runtime 11.7
  - NVCC architecture flags: -gencode;arch=compute_37,code=sm_37;-gencode;arch=compute_50,code=sm_50;-gencode;arch=compute_60,code=sm_60;-gencode;arch=compute_70,code=sm_70;-gencode;arch=compute_75,code=sm_75;-gencode;arch=compute_80,code=sm_80;-gencode;arch=compute_86,code=sm_86
  - CuDNN 8.5
  - Magma 2.6.1
  - Build settings: BLAS_INFO=mkl, BUILD_TYPE=Release, CUDA_VERSION=11.7, CUDNN_VERSION=8.5.0, CXX_COMPILER=/opt/rh/devtoolset-9/root/usr/bin/c++, CXX_FLAGS= -D_GLIBCXX_USE_CXX11_ABI=0 -fabi-version=11 -Wno-deprecated -fvisibility-inlines-hidden -DUSE_PTHREADPOOL -DNDEBUG -DUSE_KINETO -DLIBKINETO_NOROCTRACER -DUSE_FBGEMM -DUSE_QNNPACK -DUSE_PYTORCH_QNNPACK -DUSE_XNNPACK -DSYMBOLICATE_MOBILE_DEBUG_HANDLE -O2 -fPIC -Wall -Wextra -Werror=return-type -Werror=non-virtual-dtor -Werror=bool-operation -Wnarrowing -Wno-missing-field-initializers -Wno-type-limits -Wno-array-bounds -Wno-unknown-pragmas -Wunused-local-typedefs -Wno-unused-parameter -Wno-unused-function -Wno-unused-result -Wno-strict-overflow -Wno-strict-aliasing -Wno-error=deprecated-declarations -Wno-stringop-overflow -Wno-psabi -Wno-error=pedantic -Wno-error=redundant-decls -Wno-error=old-style-cast -fdiagnostics-color=always -faligned-new -Wno-unused-but-set-variable -Wno-maybe-uninitialized -fno-math-errno -fno-trapping-math -Werror=format -Werror=cast-function-type -Wno-stringop-overflow, LAPACK_INFO=mkl, PERF_WITH_AVX=1, PERF_WITH_AVX2=1, PERF_WITH_AVX512=1, TORCH_DISABLE_GPU_ASSERTS=ON, TORCH_VERSION=2.0.0, USE_CUDA=ON, USE_CUDNN=ON, USE_EXCEPTION_PTR=1, USE_GFLAGS=OFF, USE_GLOG=OFF, USE_MKL=ON, USE_MKLDNN=ON, USE_MPI=OFF, USE_NCCL=1, USE_NNPACK=ON, USE_OPENMP=ON, USE_ROCM=OFF, 

[12/10 01:58:56 detectron2]: Command line arguments: Namespace(config_file='configs/cs7_catseg.yaml', resume=False, eval_only=True, num_gpus=1, num_machines=1, machine_rank=0, dist_url='auto', opts=['OUTPUT_DIR', 'outputs/cs7_eva_b16_r512/eval', 'MODEL.SEM_SEG_HEAD.TEST_CLASS_JSON', 'datasets/cityscapes_19.json', 'MODEL.SEM_SEG_HEAD.ENABLE_HIGH_RES', 'False', 'DATASETS.TEST', '("cityscapes19_val",)', 'TEST.SLIDING_WINDOW', 'True', 'MODEL.SEM_SEG_HEAD.POOLING_SIZES', '[1,1]', 'MODEL.WEIGHTS', 'outputs/cs7_eva_b16_r512/model_0019999.pth'])
[12/10 01:58:56 detectron2]: Contents of args.config_file=configs/cs7_catseg.yaml:
_BASE_: config.yaml
DATASETS:
  TRAIN: ("cityscapes7_train",)
  TEST:  ("cityscapes19_val",)
MODEL:
  META_ARCHITECTURE: "CATSeg"
  PIXEL_MEAN: [123.675, 116.280, 103.530]
  PIXEL_STD: [58.395, 57.120, 57.375]
  SEM_SEG_HEAD:
    NAME: "CATSegHead"
    IN_FEATURES: [ "res2", "res3", "res4" ]
    IGNORE_VALUE: 255
    NUM_CLASSES: 19
    TRAIN_CLASS_JSON: "datasets/cityscapes_seen_7.json"
    TEST_CLASS_JSON:  "datasets/cityscapes_19.json"
    CLIP_PRETRAINED: "EVA02-CLIP-B-16"
    PROMPT_DEPTH: 0
    PROMPT_LENGTH: 0
    TEXT_GUIDANCE_DIM: 512
    TEXT_GUIDANCE_PROJ_DIM: 128
    APPEARANCE_GUIDANCE_DIM: 512
    APPEARANCE_GUIDANCE_PROJ_DIM: 128
    DECODER_DIMS: [ 64, 32 ]
    DECODER_GUIDANCE_DIMS: [ 256, 128 ]
    DECODER_GUIDANCE_PROJ_DIMS: [ 32, 16 ]
    NUM_LAYERS: 1
    NUM_HEADS: 4
    HIDDEN_DIMS: 128
    POOLING_SIZES: [ 1, 1 ]
    FEATURE_RESOLUTION: [ 32, 32 ]
    WINDOW_SIZES: 16
    ATTENTION_TYPE: "mamba"
    CLIP_FINETUNE: "vision_plus"
    CACHE_DIR: "/data/zd/TTA_VLM/DeCLIP-ZSSS/Pretrain/EVA02_CLIP_B_psz16_s8B.pt"
    ENABLE_HIGH_RES: "False"
  PROMPT_ENSEMBLE_TYPE: "multi_domain"
INPUT:
  MIN_SIZE_TRAIN: (512, 768)
  MIN_SIZE_TRAIN_SAMPLING: "choice"
  MAX_SIZE_TRAIN: 1024
  MIN_SIZE_TEST: 512
  MAX_SIZE_TEST: 1024
  CROP:
    ENABLED: True
    TYPE: "absolute"
    SIZE: (512, 512)
  SIZE_DIVISIBILITY: 32
  FORMAT: "RGB"
  DATASET_MAPPER_NAME: "mask_former_semantic"
SOLVER:
  IMS_PER_BATCH: 4
  LR_SCHEDULER_NAME: "WarmupCosineLR"
  BASE_LR: 0.0002
  MAX_ITER: 20000
  BACKBONE_MULTIPLIER: 0.0
  CLIP_MULTIPLIER: 0.01
TEST:
  EVAL_PERIOD: 40000
  SLIDING_WINDOW: True
  SW_KERNEL: 512
  SW_OVERLAP: 0.333
  SW_OUT_RES: [512, 1024]
[12/10 01:58:56 detectron2]: Running with full config:
CUDNN_BENCHMARK: true
DATALOADER:
  ASPECT_RATIO_GROUPING: true
  FILTER_EMPTY_ANNOTATIONS: true
  NUM_WORKERS: 8
  REPEAT_THRESHOLD: 0.0
  SAMPLER_TRAIN: TrainingSampler
DATASETS:
  PRECOMPUTED_PROPOSAL_TOPK_TEST: 1000
  PRECOMPUTED_PROPOSAL_TOPK_TRAIN: 2000
  PROPOSAL_FILES_TEST: []
  PROPOSAL_FILES_TRAIN: []
  TEST:
  - cityscapes19_val
  TRAIN:
  - cityscapes7_train
  VAL_ALL:
  - coco_2017_val_all_stuff_sem_seg
DDP:
  BROADCAST_BUFFERS: false
  FIND_UNUSED_PARAMETERS: true
GLOBAL:
  HACK: 1.0
INPUT:
  COLOR_AUG_SSD: true
  CROP:
    ENABLED: true
    SINGLE_CATEGORY_MAX_AREA: 1.0
    SIZE:
    - 512
    - 512
    TYPE: absolute
  DATASET_MAPPER_NAME: mask_former_semantic
  FORMAT: RGB
  MASK_FORMAT: polygon
  MAX_SIZE_TEST: 1024
  MAX_SIZE_TRAIN: 1024
  MIN_SIZE_TEST: 512
  MIN_SIZE_TRAIN:
  - 512
  - 768
  MIN_SIZE_TRAIN_SAMPLING: choice
  RANDOM_FLIP: horizontal
  SIZE_DIVISIBILITY: 32
MODEL:
  ANCHOR_GENERATOR:
    ANGLES:
    - - -90
      - 0
      - 90
    ASPECT_RATIOS:
    - - 0.5
      - 1.0
      - 2.0
    NAME: DefaultAnchorGenerator
    OFFSET: 0.0
    SIZES:
    - - 32
      - 64
      - 128
      - 256
      - 512
  BACKBONE:
    FREEZE_AT: 2
    NAME: build_resnet_backbone
  CLIP_PIXEL_MEAN:
  - 122.7709383
  - 116.7460125
  - 104.09373615
  CLIP_PIXEL_STD:
  - 68.5005327
  - 66.6321579
  - 70.323163
  DEVICE: cuda
  FPN:
    FUSE_TYPE: sum
    IN_FEATURES: []
    NORM: ''
    OUT_CHANNELS: 256
  KEYPOINT_ON: false
  LOAD_PROPOSALS: false
  MASK_FORMER:
    SIZE_DIVISIBILITY: 32
  MASK_ON: false
  META_ARCHITECTURE: CATSeg
  PANOPTIC_FPN:
    COMBINE:
      ENABLED: true
      INSTANCES_CONFIDENCE_THRESH: 0.5
      OVERLAP_THRESH: 0.5
      STUFF_AREA_LIMIT: 4096
    INSTANCE_LOSS_WEIGHT: 1.0
  PIXEL_MEAN:
  - 123.675
  - 116.28
  - 103.53
  PIXEL_STD:
  - 58.395
  - 57.12
  - 57.375
  PROMPT_ENSEMBLE: false
  PROMPT_ENSEMBLE_TYPE: multi_domain
  PROPOSAL_GENERATOR:
    MIN_SIZE: 0
    NAME: RPN
  RESNETS:
    DEFORM_MODULATED: false
    DEFORM_NUM_GROUPS: 1
    DEFORM_ON_PER_STAGE:
    - false
    - false
    - false
    - false
    DEPTH: 50
    NORM: FrozenBN
    NUM_GROUPS: 1
    OUT_FEATURES:
    - res4
    RES2_OUT_CHANNELS: 256
    RES4_DILATION: 1
    RES5_DILATION: 1
    RES5_MULTI_GRID:
    - 1
    - 2
    - 4
    STEM_OUT_CHANNELS: 64
    STEM_TYPE: deeplab
    STRIDE_IN_1X1: true
    WIDTH_PER_GROUP: 64
  RETINANET:
    BBOX_REG_LOSS_TYPE: smooth_l1
    BBOX_REG_WEIGHTS: &id002
    - 1.0
    - 1.0
    - 1.0
    - 1.0
    FOCAL_LOSS_ALPHA: 0.25
    FOCAL_LOSS_GAMMA: 2.0
    IN_FEATURES:
    - p3
    - p4
    - p5
    - p6
    - p7
    IOU_LABELS:
    - 0
    - -1
    - 1
    IOU_THRESHOLDS:
    - 0.4
    - 0.5
    NMS_THRESH_TEST: 0.5
    NORM: ''
    NUM_CLASSES: 80
    NUM_CONVS: 4
    PRIOR_PROB: 0.01
    SCORE_THRESH_TEST: 0.05
    SMOOTH_L1_LOSS_BETA: 0.1
    TOPK_CANDIDATES_TEST: 1000
  ROI_BOX_CASCADE_HEAD:
    BBOX_REG_WEIGHTS:
    - &id001
      - 10.0
      - 10.0
      - 5.0
      - 5.0
    - - 20.0
      - 20.0
      - 10.0
      - 10.0
    - - 30.0
      - 30.0
      - 15.0
      - 15.0
    IOUS:
    - 0.5
    - 0.6
    - 0.7
  ROI_BOX_HEAD:
    BBOX_REG_LOSS_TYPE: smooth_l1
    BBOX_REG_LOSS_WEIGHT: 1.0
    BBOX_REG_WEIGHTS: *id001
    CLS_AGNOSTIC_BBOX_REG: false
    CONV_DIM: 256
    FC_DIM: 1024
    NAME: ''
    NORM: ''
    NUM_CONV: 0
    NUM_FC: 0
    POOLER_RESOLUTION: 14
    POOLER_SAMPLING_RATIO: 0
    POOLER_TYPE: ROIAlignV2
    SMOOTH_L1_BETA: 0.0
    TRAIN_ON_PRED_BOXES: false
  ROI_HEADS:
    BATCH_SIZE_PER_IMAGE: 512
    IN_FEATURES:
    - res4
    IOU_LABELS:
    - 0
    - 1
    IOU_THRESHOLDS:
    - 0.5
    NAME: Res5ROIHeads
    NMS_THRESH_TEST: 0.5
    NUM_CLASSES: 80
    POSITIVE_FRACTION: 0.25
    PROPOSAL_APPEND_GT: true
    SCORE_THRESH_TEST: 0.05
  ROI_KEYPOINT_HEAD:
    CONV_DIMS:
    - 512
    - 512
    - 512
    - 512
    - 512
    - 512
    - 512
    - 512
    LOSS_WEIGHT: 1.0
    MIN_KEYPOINTS_PER_IMAGE: 1
    NAME: KRCNNConvDeconvUpsampleHead
    NORMALIZE_LOSS_BY_VISIBLE_KEYPOINTS: true
    NUM_KEYPOINTS: 17
    POOLER_RESOLUTION: 14
    POOLER_SAMPLING_RATIO: 0
    POOLER_TYPE: ROIAlignV2
  ROI_MASK_HEAD:
    CLS_AGNOSTIC_MASK: false
    CONV_DIM: 256
    NAME: MaskRCNNConvUpsampleHead
    NORM: ''
    NUM_CONV: 0
    POOLER_RESOLUTION: 14
    POOLER_SAMPLING_RATIO: 0
    POOLER_TYPE: ROIAlignV2
  RPN:
    BATCH_SIZE_PER_IMAGE: 256
    BBOX_REG_LOSS_TYPE: smooth_l1
    BBOX_REG_LOSS_WEIGHT: 1.0
    BBOX_REG_WEIGHTS: *id002
    BOUNDARY_THRESH: -1
    CONV_DIMS:
    - -1
    HEAD_NAME: StandardRPNHead
    IN_FEATURES:
    - res4
    IOU_LABELS:
    - 0
    - -1
    - 1
    IOU_THRESHOLDS:
    - 0.3
    - 0.7
    LOSS_WEIGHT: 1.0
    NMS_THRESH: 0.7
    POSITIVE_FRACTION: 0.5
    POST_NMS_TOPK_TEST: 1000
    POST_NMS_TOPK_TRAIN: 2000
    PRE_NMS_TOPK_TEST: 6000
    PRE_NMS_TOPK_TRAIN: 12000
    SMOOTH_L1_BETA: 0.0
  SEM_SEG_HEAD:
    APPEARANCE_GUIDANCE_DIM: 512
    APPEARANCE_GUIDANCE_PROJ_DIM: 128
    ASPP_CHANNELS: 256
    ASPP_DILATIONS:
    - 6
    - 12
    - 18
    ASPP_DROPOUT: 0.1
    ATTENTION_TYPE: mamba
    CACHE_DIR: /data/zd/TTA_VLM/DeCLIP-ZSSS/Pretrain/EVA02_CLIP_B_psz16_s8B.pt
    CLIP_FINETUNE: vision_plus
    CLIP_PRETRAINED: EVA02-CLIP-B-16
    COMMON_STRIDE: 4
    CONVS_DIM: 128
    DECODER_DIMS:
    - 64
    - 32
    DECODER_GUIDANCE_DIMS:
    - 256
    - 128
    DECODER_GUIDANCE_PROJ_DIMS:
    - 32
    - 16
    ENABLE_HIGH_RES: false
    FEATURE_RESOLUTION:
    - 32
    - 32
    HIDDEN_DIMS: 128
    IGNORE_VALUE: 255
    IN_FEATURES:
    - res2
    - res3
    - res4
    LOSS_TYPE: hard_pixel_mining
    LOSS_WEIGHT: 1.0
    NAME: CATSegHead
    NORM: GN
    NUM_CLASSES: 19
    NUM_HEADS: 4
    NUM_LAYERS: 1
    POOLING_SIZES:
    - 1
    - 1
    PROJECT_CHANNELS:
    - 48
    PROJECT_FEATURES:
    - res2
    PROMPT_DEPTH: 0
    PROMPT_LENGTH: 0
    TEST_CLASS_INDEXES: datasets/coco/coco_stuff/split/unseen_indexes.json
    TEST_CLASS_JSON: datasets/cityscapes_19.json
    TEXT_GUIDANCE_DIM: 512
    TEXT_GUIDANCE_PROJ_DIM: 128
    TRAIN_CLASS_INDEXES: datasets/coco/coco_stuff/split/seen_indexes.json
    TRAIN_CLASS_JSON: datasets/cityscapes_seen_7.json
    USE_DEPTHWISE_SEPARABLE_CONV: false
    WINDOW_SIZES: 16
  SWIN:
    APE: false
    ATTN_DROP_RATE: 0.0
    DEPTHS:
    - 2
    - 2
    - 6
    - 2
    DROP_PATH_RATE: 0.3
    DROP_RATE: 0.0
    EMBED_DIM: 96
    MLP_RATIO: 4.0
    NUM_HEADS:
    - 3
    - 6
    - 12
    - 24
    OUT_FEATURES:
    - res2
    - res3
    - res4
    - res5
    PATCH_NORM: true
    PATCH_SIZE: 4
    PRETRAIN_IMG_SIZE: 224
    QKV_BIAS: true
    QK_SCALE: null
    WINDOW_SIZE: 7
  WEIGHTS: outputs/cs7_eva_b16_r512/model_0019999.pth
OUTPUT_DIR: outputs/cs7_eva_b16_r512/eval
SEED: -1
SOLVER:
  AMP:
    ENABLED: false
  BACKBONE_MULTIPLIER: 0.0
  BASE_LR: 0.0002
  BIAS_LR_FACTOR: 1.0
  CHECKPOINT_PERIOD: 5000
  CLIP_GRADIENTS:
    CLIP_TYPE: full_model
    CLIP_VALUE: 0.01
    ENABLED: true
    NORM_TYPE: 2.0
  CLIP_MULTIPLIER: 0.01
  GAMMA: 0.1
  IMS_PER_BATCH: 4
  LR_SCHEDULER_NAME: WarmupCosineLR
  MAX_ITER: 20000
  MOMENTUM: 0.9
  NESTEROV: false
  OPTIMIZER: ADAMW
  POLY_LR_CONSTANT_ENDING: 0.0
  POLY_LR_POWER: 0.9
  REFERENCE_WORLD_SIZE: 0
  STEPS:
  - 30000
  WARMUP_FACTOR: 1.0
  WARMUP_ITERS: 0
  WARMUP_METHOD: linear
  WEIGHT_DECAY: 0.0001
  WEIGHT_DECAY_BIAS: null
  WEIGHT_DECAY_EMBED: 0.0
  WEIGHT_DECAY_NORM: 0.0
TEST:
  AUG:
    ENABLED: false
    FLIP: true
    MAX_SIZE: 4000
    MIN_SIZES:
    - 400
    - 500
    - 600
    - 700
    - 800
    - 900
    - 1000
    - 1100
    - 1200
  DETECTIONS_PER_IMAGE: 100
  EVAL_PERIOD: 40000
  EXPECTED_RESULTS: []
  KEYPOINT_OKS_SIGMAS: []
  PRECISE_BN:
    ENABLED: false
    NUM_ITER: 200
  SLIDING_WINDOW: true
  SW_KERNEL: 512
  SW_OUT_RES:
  - 512
  - 1024
  SW_OVERLAP: 0.333
VERSION: 2
VIS_PERIOD: 0

[12/10 01:58:56 detectron2]: Full config saved to outputs/cs7_eva_b16_r512/eval/config.yaml
[12/10 01:58:56 d2.utils.env]: Using a generated random seed 57067299
Freeze text encoder parameters
[12/10 01:59:01 d2.engine.defaults]: Model:
CATSeg(
  (sem_seg_head): CATSegHead(
    (predictor): CATSegPredictor(
      (clip_model): CustomCLIP(
        (visual): EVAVisionTransformer(
          (patch_embed): PatchEmbed(
            (proj): Conv2d(3, 768, kernel_size=(16, 16), stride=(16, 16))
          )
          (pos_drop): Dropout(p=0.0, inplace=False)
          (rope): VisionRotaryEmbeddingFast()
          (blocks): ModuleList(
            (0-11): 12 x Block(
              (norm1): LayerNorm((768,), eps=1e-06, elementwise_affine=True)
              (attn): Attention(
                (q_proj): Linear(in_features=768, out_features=768, bias=False)
                (k_proj): Linear(in_features=768, out_features=768, bias=False)
                (v_proj): Linear(in_features=768, out_features=768, bias=False)
                (attn_drop): Dropout(p=0.0, inplace=False)
                (inner_attn_ln): LayerNorm((768,), eps=1e-06, elementwise_affine=True)
                (proj): Linear(in_features=768, out_features=768, bias=True)
                (proj_drop): Dropout(p=0.0, inplace=False)
                (rope): VisionRotaryEmbeddingFast()
              )
              (drop_path): Identity()
              (norm2): LayerNorm((768,), eps=1e-06, elementwise_affine=True)
              (mlp): SwiGLU(
                (w1): Linear(in_features=768, out_features=2048, bias=True)
                (w2): Linear(in_features=768, out_features=2048, bias=True)
                (act): SiLU()
                (ffn_ln): LayerNorm((2048,), eps=1e-06, elementwise_affine=True)
                (w3): Linear(in_features=2048, out_features=768, bias=True)
                (drop): Dropout(p=0.0, inplace=False)
              )
            )
          )
          (norm): LayerNorm((768,), eps=1e-06, elementwise_affine=True)
          (head): Linear(in_features=768, out_features=512, bias=True)
          (patch_dropout): Identity()
        )
        (text): TextTransformer(
          (token_embedding): Embedding(49408, 512)
          (transformer): Transformer(
            (resblocks): ModuleList(
              (0-11): 12 x ResidualAttentionBlock(
                (ln_1): LayerNorm((512,), eps=1e-05, elementwise_affine=True)
                (attn): Attention(
                  (attn_drop): Dropout(p=0.0, inplace=False)
                  (out_proj): Linear(in_features=512, out_features=512, bias=True)
                  (out_drop): Dropout(p=0.0, inplace=False)
                )
                (ls_1): Identity()
                (ln_2): LayerNorm((512,), eps=1e-05, elementwise_affine=True)
                (mlp): Sequential(
                  (c_fc): Linear(in_features=512, out_features=2048, bias=True)
                  (gelu): GELU(approximate='none')
                  (c_proj): Linear(in_features=2048, out_features=512, bias=True)
                )
                (ls_2): Identity()
              )
            )
          )
          (ln_final): LayerNorm((512,), eps=1e-05, elementwise_affine=True)
        )
      )
      (transformer): AggregatorMambaLite(
        (layers): ModuleList(
          (0): Sequential(
            (0): AxialMambaBlockLite_v2(
              (film): FiLM2D(
                (pool): AdaptiveAvgPool2d(output_size=1)
                (fc): Conv2d(128, 256, kernel_size=(1, 1), stride=(1, 1))
              )
              (pre_mix): Sequential(
                (0): Conv2d(128, 128, kernel_size=(3, 3), stride=(1, 1), padding=(1, 1), groups=128)
                (1): Conv2d(128, 128, kernel_size=(1, 1), stride=(1, 1))
                (2): GELU(approximate='none')
              )
              (seq_row): Mamba1DWithDecayPrior(
                (out_norm): LayerNorm((128,), eps=1e-05, elementwise_affine=True)
                (gate): Sequential(
                  (0): Linear(in_features=128, out_features=128, bias=True)
                  (1): SiLU()
                )
                (proj_in): Linear(in_features=128, out_features=384, bias=True)
                (drop): Dropout(p=0.0, inplace=False)
              )
              (post_proj): Conv2d(128, 128, kernel_size=(1, 1), stride=(1, 1))
              (norm_tok): LayerNorm((128,), eps=1e-05, elementwise_affine=True)
              (ffn): Sequential(
                (0): Linear(in_features=128, out_features=384, bias=True)
                (1): GELU(approximate='none')
                (2): Linear(in_features=384, out_features=128, bias=True)
              )
              (down): Identity()
            )
            (1): ClassMambaLayerLite(
              (pool): AvgPool2d(kernel_size=[1, 1], stride=[1, 1], padding=0)
              (guid_proj): Linear(in_features=128, out_features=256, bias=True)
              (seq_block): _Mamba1DAdapterLite(
                (blocks): ModuleList(
                  (0): PseudoMamba1D(
                    (gate): Sequential(
                      (0): Linear(in_features=128, out_features=128, bias=True)
                      (1): SiLU()
                    )
                    (proj_in): Linear(in_features=128, out_features=384, bias=True)
                    (out_norm): LayerNorm((128,), eps=1e-05, elementwise_affine=True)
                    (drop): Dropout(p=0.0, inplace=False)
                  )
                )
                (norm): LayerNorm((128,), eps=1e-05, elementwise_affine=True)
              )
              (norm1): LayerNorm((128,), eps=1e-05, elementwise_affine=True)
              (norm2): LayerNorm((128,), eps=1e-05, elementwise_affine=True)
              (ffn): Sequential(
                (0): Linear(in_features=128, out_features=384, bias=True)
                (1): GELU(approximate='none')
                (2): Linear(in_features=384, out_features=128, bias=True)
              )
            )
          )
        )
        (conv1): Conv2d(1, 128, kernel_size=(7, 7), stride=(1, 1), padding=(3, 3))
        (guidance_projection): Sequential(
          (0): Conv2d(512, 128, kernel_size=(3, 3), stride=(1, 1), padding=(1, 1))
          (1): ReLU()
        )
        (text_guidance_projection): Sequential(
          (0): Linear(in_features=512, out_features=128, bias=True)
          (1): ReLU()
        )
        (decoder_guidance_projection): ModuleList(
          (0): Sequential(
            (0): Conv2d(256, 32, kernel_size=(3, 3), stride=(1, 1), padding=(1, 1))
            (1): ReLU()
          )
          (1): Sequential(
            (0): Conv2d(128, 16, kernel_size=(3, 3), stride=(1, 1), padding=(1, 1))
            (1): ReLU()
          )
        )
        (decoder1): UpLite(
          (up): ConvTranspose2d(128, 96, kernel_size=(2, 2), stride=(2, 2))
          (conv): Sequential(
            (0): Conv2d(128, 64, kernel_size=(3, 3), stride=(1, 1), padding=(1, 1), bias=False)
            (1): GroupNorm(4, 64, eps=1e-05, affine=True)
            (2): ReLU()
          )
        )
        (decoder2): UpLite(
          (up): ConvTranspose2d(64, 48, kernel_size=(2, 2), stride=(2, 2))
          (conv): Sequential(
            (0): Conv2d(64, 32, kernel_size=(3, 3), stride=(1, 1), padding=(1, 1), bias=False)
            (1): GroupNorm(2, 32, eps=1e-05, affine=True)
            (2): ReLU()
          )
        )
        (head): Conv2d(32, 1, kernel_size=(3, 3), stride=(1, 1), padding=(1, 1))
      )
    )
  )
  (upsample1): ConvTranspose2d(768, 256, kernel_size=(2, 2), stride=(2, 2))
  (upsample2): ConvTranspose2d(768, 128, kernel_size=(4, 4), stride=(4, 4))
)
[12/10 01:59:01 fvcore.common.checkpoint]: [Checkpointer] Loading from outputs/cs7_eva_b16_r512/model_0019999.pth ...
[12/10 01:59:02 d2.data.dataset_mapper]: [DatasetMapper] Augmentations used in inference: [ResizeShortestEdge(short_edge_length=(512, 512), max_size=1024, sample_style='choice')]
[12/10 01:59:02 d2.data.common]: Serializing 500 elements to byte tensors and concatenating them all ...
[12/10 01:59:02 d2.data.common]: Serialized dataset takes 0.15 MiB
[12/10 01:59:02 d2.evaluation.evaluator]: Start inference on 500 batches
Add a new rope freq of shape: torch.Size([1024, 64])
[12/10 01:59:07 d2.evaluation.evaluator]: Inference done 11/500. Dataloading: 0.0013 s/iter. Inference: 0.0906 s/iter. Eval: 0.2286 s/iter. Total: 0.3204 s/iter. ETA=0:02:36
[12/10 01:59:12 d2.evaluation.evaluator]: Inference done 29/500. Dataloading: 0.0015 s/iter. Inference: 0.0734 s/iter. Eval: 0.2238 s/iter. Total: 0.2988 s/iter. ETA=0:02:20
[12/10 01:59:17 d2.evaluation.evaluator]: Inference done 46/500. Dataloading: 0.0016 s/iter. Inference: 0.0714 s/iter. Eval: 0.2283 s/iter. Total: 0.3015 s/iter. ETA=0:02:16
[12/10 01:59:22 d2.evaluation.evaluator]: Inference done 63/500. Dataloading: 0.0017 s/iter. Inference: 0.0704 s/iter. Eval: 0.2275 s/iter. Total: 0.2997 s/iter. ETA=0:02:10
[12/10 01:59:27 d2.evaluation.evaluator]: Inference done 80/500. Dataloading: 0.0017 s/iter. Inference: 0.0698 s/iter. Eval: 0.2269 s/iter. Total: 0.2984 s/iter. ETA=0:02:05
[12/10 01:59:33 d2.evaluation.evaluator]: Inference done 98/500. Dataloading: 0.0017 s/iter. Inference: 0.0695 s/iter. Eval: 0.2257 s/iter. Total: 0.2969 s/iter. ETA=0:01:59
[12/10 01:59:38 d2.evaluation.evaluator]: Inference done 115/500. Dataloading: 0.0017 s/iter. Inference: 0.0693 s/iter. Eval: 0.2260 s/iter. Total: 0.2970 s/iter. ETA=0:01:54
[12/10 01:59:43 d2.evaluation.evaluator]: Inference done 132/500. Dataloading: 0.0017 s/iter. Inference: 0.0693 s/iter. Eval: 0.2270 s/iter. Total: 0.2981 s/iter. ETA=0:01:49
[12/10 01:59:48 d2.evaluation.evaluator]: Inference done 149/500. Dataloading: 0.0017 s/iter. Inference: 0.0696 s/iter. Eval: 0.2273 s/iter. Total: 0.2987 s/iter. ETA=0:01:44
[12/10 01:59:53 d2.evaluation.evaluator]: Inference done 165/500. Dataloading: 0.0018 s/iter. Inference: 0.0698 s/iter. Eval: 0.2287 s/iter. Total: 0.3003 s/iter. ETA=0:01:40
[12/10 01:59:58 d2.evaluation.evaluator]: Inference done 182/500. Dataloading: 0.0018 s/iter. Inference: 0.0698 s/iter. Eval: 0.2298 s/iter. Total: 0.3014 s/iter. ETA=0:01:35
[12/10 02:00:03 d2.evaluation.evaluator]: Inference done 198/500. Dataloading: 0.0018 s/iter. Inference: 0.0698 s/iter. Eval: 0.2311 s/iter. Total: 0.3028 s/iter. ETA=0:01:31
[12/10 02:00:08 d2.evaluation.evaluator]: Inference done 214/500. Dataloading: 0.0018 s/iter. Inference: 0.0700 s/iter. Eval: 0.2318 s/iter. Total: 0.3037 s/iter. ETA=0:01:26
[12/10 02:00:14 d2.evaluation.evaluator]: Inference done 231/500. Dataloading: 0.0018 s/iter. Inference: 0.0699 s/iter. Eval: 0.2319 s/iter. Total: 0.3036 s/iter. ETA=0:01:21
[12/10 02:00:19 d2.evaluation.evaluator]: Inference done 248/500. Dataloading: 0.0018 s/iter. Inference: 0.0699 s/iter. Eval: 0.2322 s/iter. Total: 0.3039 s/iter. ETA=0:01:16
[12/10 02:00:24 d2.evaluation.evaluator]: Inference done 265/500. Dataloading: 0.0018 s/iter. Inference: 0.0698 s/iter. Eval: 0.2323 s/iter. Total: 0.3039 s/iter. ETA=0:01:11
[12/10 02:00:29 d2.evaluation.evaluator]: Inference done 283/500. Dataloading: 0.0018 s/iter. Inference: 0.0697 s/iter. Eval: 0.2310 s/iter. Total: 0.3025 s/iter. ETA=0:01:05
[12/10 02:00:34 d2.evaluation.evaluator]: Inference done 301/500. Dataloading: 0.0018 s/iter. Inference: 0.0698 s/iter. Eval: 0.2297 s/iter. Total: 0.3013 s/iter. ETA=0:00:59
[12/10 02:00:39 d2.evaluation.evaluator]: Inference done 319/500. Dataloading: 0.0018 s/iter. Inference: 0.0700 s/iter. Eval: 0.2290 s/iter. Total: 0.3009 s/iter. ETA=0:00:54
[12/10 02:00:45 d2.evaluation.evaluator]: Inference done 337/500. Dataloading: 0.0018 s/iter. Inference: 0.0701 s/iter. Eval: 0.2284 s/iter. Total: 0.3004 s/iter. ETA=0:00:48
[12/10 02:00:50 d2.evaluation.evaluator]: Inference done 355/500. Dataloading: 0.0018 s/iter. Inference: 0.0702 s/iter. Eval: 0.2279 s/iter. Total: 0.3000 s/iter. ETA=0:00:43
[12/10 02:00:55 d2.evaluation.evaluator]: Inference done 373/500. Dataloading: 0.0018 s/iter. Inference: 0.0702 s/iter. Eval: 0.2277 s/iter. Total: 0.2997 s/iter. ETA=0:00:38
[12/10 02:01:00 d2.evaluation.evaluator]: Inference done 391/500. Dataloading: 0.0018 s/iter. Inference: 0.0701 s/iter. Eval: 0.2270 s/iter. Total: 0.2990 s/iter. ETA=0:00:32
[12/10 02:01:05 d2.evaluation.evaluator]: Inference done 410/500. Dataloading: 0.0018 s/iter. Inference: 0.0700 s/iter. Eval: 0.2257 s/iter. Total: 0.2976 s/iter. ETA=0:00:26
[12/10 02:01:11 d2.evaluation.evaluator]: Inference done 429/500. Dataloading: 0.0018 s/iter. Inference: 0.0699 s/iter. Eval: 0.2248 s/iter. Total: 0.2966 s/iter. ETA=0:00:21
[12/10 02:01:16 d2.evaluation.evaluator]: Inference done 448/500. Dataloading: 0.0018 s/iter. Inference: 0.0698 s/iter. Eval: 0.2240 s/iter. Total: 0.2957 s/iter. ETA=0:00:15
[12/10 02:01:21 d2.evaluation.evaluator]: Inference done 466/500. Dataloading: 0.0018 s/iter. Inference: 0.0697 s/iter. Eval: 0.2236 s/iter. Total: 0.2952 s/iter. ETA=0:00:10
[12/10 02:01:26 d2.evaluation.evaluator]: Inference done 484/500. Dataloading: 0.0018 s/iter. Inference: 0.0698 s/iter. Eval: 0.2234 s/iter. Total: 0.2951 s/iter. ETA=0:00:04
[12/10 02:01:31 d2.evaluation.evaluator]: Total inference time: 0:02:25.962667 (0.294874 s / iter per device, on 1 devices)
[12/10 02:01:31 d2.evaluation.evaluator]: Total inference pure compute time: 0:00:34 (0.069868 s / iter per device, on 1 devices)
[12/10 02:01:31 d2.evaluation.sem_seg_evaluation]: OrderedDict([('sem_seg', {'mIoU': 54.082020169366544, 'fwIoU': 88.0374253377343, 'IoU-road': 97.27540114210053, 'IoU-sidewalk': 77.66936745405347, 'IoU-building': 89.14128470596668, 'IoU-wall': 49.462505664471834, 'IoU-fence': 42.55589381462767, 'IoU-pole': 19.513517690479937, 'IoU-traffic light': 24.567765892262603, 'IoU-traffic sign': 23.611692922031157, 'IoU-vegetation': 88.7590536169482, 'IoU-terrain': 26.05480052006114, 'IoU-sky': 93.48508120453752, 'IoU-person': 70.02109820653114, 'IoU-rider': 1.5391026056675368, 'IoU-car': 91.03649223009663, 'IoU-truck': 61.27074180812444, 'IoU-bus': 66.1687628723725, 'IoU-train': 0.006528405283399993, 'IoU-motorcycle': 46.27273611887558, 'IoU-bicycle': 59.14655634347218, 'mACC': 63.895259763497506, 'pACC': 93.32318292055481, 'ACC-road': 98.4132445229341, 'ACC-sidewalk': 91.63680415853102, 'ACC-building': 95.72830628960082, 'ACC-wall': 55.59146360515827, 'ACC-fence': 59.28139488167133, 'ACC-pole': 20.459778080367904, 'ACC-traffic light': 36.69751326841285, 'ACC-traffic sign': 26.677371952663474, 'ACC-vegetation': 97.02960535797807, 'ACC-terrain': 27.59964348810462, 'ACC-sky': 97.20601713091665, 'ACC-person': 87.38962601673333, 'ACC-rider': 1.5538864160792227, 'ACC-car': 95.81207118874515, 'ACC-truck': 90.76626967278798, 'ACC-bus': 90.81708035959538, 'ACC-train': 0.006589447387623273, 'ACC-motorcycle': 66.54515770555228, 'ACC-bicycle': 74.79811196323242})])
[12/10 02:01:31 d2.engine.defaults]: Evaluation results for cityscapes19_val in csv format:
[12/10 02:01:31 d2.evaluation.testing]: copypaste: Task: sem_seg
[12/10 02:01:31 d2.evaluation.testing]: copypaste: mIoU,fwIoU,mACC,pACC
[12/10 02:01:31 d2.evaluation.testing]: copypaste: 54.0820,88.0374,63.8953,93.3232
/data/zd/TTA_VLM/S2_Corr/train_net.py:16: FutureWarning: In the future `np.bool` will be defined as the corresponding NumPy scalar.
  if not hasattr(np, _name):
/data/zd/TTA_VLM/S2_Corr/train_net.py:16: FutureWarning: In the future `np.object` will be defined as the corresponding NumPy scalar.
  if not hasattr(np, _name):
/data/zd/TTA_VLM/S2_Corr/train_net.py:18: FutureWarning: In the future `np.long` will be defined as the corresponding NumPy scalar.
  if not hasattr(np, "long"):
/data2/anaconda3/envs/DeCLIP_CATSeg/lib/python3.10/site-packages/torchvision/datapoints/__init__.py:12: UserWarning: The torchvision.datapoints and torchvision.transforms.v2 namespaces are still Beta. While we do not expect major breaking changes, some APIs may still change according to user feedback. Please submit any feedback you may have in this issue: https://github.com/pytorch/vision/issues/6753, and you can also check out https://github.com/pytorch/vision/issues/7319 to learn more about the APIs that we suspect might involve future changes. You can silence this warning by calling torchvision.disable_beta_transforms_warning().
  warnings.warn(_BETA_TRANSFORMS_WARNING)
/data2/anaconda3/envs/DeCLIP_CATSeg/lib/python3.10/site-packages/torchvision/transforms/v2/__init__.py:54: UserWarning: The torchvision.datapoints and torchvision.transforms.v2 namespaces are still Beta. While we do not expect major breaking changes, some APIs may still change according to user feedback. Please submit any feedback you may have in this issue: https://github.com/pytorch/vision/issues/6753, and you can also check out https://github.com/pytorch/vision/issues/7319 to learn more about the APIs that we suspect might involve future changes. You can silence this warning by calling torchvision.disable_beta_transforms_warning().
  warnings.warn(_BETA_TRANSFORMS_WARNING)
Please 'pip install apex'
Command Line Args: Namespace(config_file='configs/cs7_catseg.yaml', resume=False, eval_only=True, num_gpus=1, num_machines=1, machine_rank=0, dist_url='auto', opts=['OUTPUT_DIR', 'outputs/cs7_eva_b16_r512/eval', 'MODEL.SEM_SEG_HEAD.TEST_CLASS_JSON', 'datasets/cityscapes_19.json', 'MODEL.SEM_SEG_HEAD.ENABLE_HIGH_RES', 'False', 'DATASETS.TEST', '("ACDC_train_seg",)', 'TEST.SLIDING_WINDOW', 'True', 'MODEL.SEM_SEG_HEAD.POOLING_SIZES', '[1,1]', 'MODEL.WEIGHTS', 'outputs/cs7_eva_b16_r512/model_0019999.pth'])
[12/10 02:01:35 detectron2]: Rank of current process: 0. World size: 1
[12/10 02:01:36 detectron2]: Environment info:
----------------------  ------------------------------------------------------------------------------------------
sys.platform            linux
Python                  3.10.0 (default, Mar  3 2022, 09:58:08) [GCC 7.5.0]
numpy                   1.26.4
detectron2              0.6 @/data2/anaconda3/envs/DeCLIP_CATSeg/lib/python3.10/site-packages/detectron2
Compiler                GCC 7.5
CUDA compiler           CUDA 11.6
detectron2 arch flags   8.0
DETECTRON2_ENV_MODULE   <not set>
PyTorch                 2.0.0+cu117 @/data2/anaconda3/envs/DeCLIP_CATSeg/lib/python3.10/site-packages/torch
PyTorch debug build     False
GPU available           Yes
GPU 0                   GeForce RTX 3090 (arch=8.6)
Driver version          460.84
CUDA_HOME               /usr/local/cuda-11.6
TORCH_CUDA_ARCH_LIST    8.0
Pillow                  9.1.0
torchvision             0.15.1+cu117 @/data2/anaconda3/envs/DeCLIP_CATSeg/lib/python3.10/site-packages/torchvision
torchvision arch flags  3.5, 5.0, 6.0, 7.0, 7.5, 8.0, 8.6
fvcore                  0.1.5.post20221221
iopath                  0.1.9
cv2                     4.11.0
----------------------  ------------------------------------------------------------------------------------------
PyTorch built with:
  - GCC 9.3
  - C++ Version: 201703
  - Intel(R) oneAPI Math Kernel Library Version 2022.2-Product Build 20220804 for Intel(R) 64 architecture applications
  - Intel(R) MKL-DNN v2.7.3 (Git Hash 6dbeffbae1f23cbbeae17adb7b5b13f1f37c080e)
  - OpenMP 201511 (a.k.a. OpenMP 4.5)
  - LAPACK is enabled (usually provided by MKL)
  - NNPACK is enabled
  - CPU capability usage: AVX2
  - CUDA Runtime 11.7
  - NVCC architecture flags: -gencode;arch=compute_37,code=sm_37;-gencode;arch=compute_50,code=sm_50;-gencode;arch=compute_60,code=sm_60;-gencode;arch=compute_70,code=sm_70;-gencode;arch=compute_75,code=sm_75;-gencode;arch=compute_80,code=sm_80;-gencode;arch=compute_86,code=sm_86
  - CuDNN 8.5
  - Magma 2.6.1
  - Build settings: BLAS_INFO=mkl, BUILD_TYPE=Release, CUDA_VERSION=11.7, CUDNN_VERSION=8.5.0, CXX_COMPILER=/opt/rh/devtoolset-9/root/usr/bin/c++, CXX_FLAGS= -D_GLIBCXX_USE_CXX11_ABI=0 -fabi-version=11 -Wno-deprecated -fvisibility-inlines-hidden -DUSE_PTHREADPOOL -DNDEBUG -DUSE_KINETO -DLIBKINETO_NOROCTRACER -DUSE_FBGEMM -DUSE_QNNPACK -DUSE_PYTORCH_QNNPACK -DUSE_XNNPACK -DSYMBOLICATE_MOBILE_DEBUG_HANDLE -O2 -fPIC -Wall -Wextra -Werror=return-type -Werror=non-virtual-dtor -Werror=bool-operation -Wnarrowing -Wno-missing-field-initializers -Wno-type-limits -Wno-array-bounds -Wno-unknown-pragmas -Wunused-local-typedefs -Wno-unused-parameter -Wno-unused-function -Wno-unused-result -Wno-strict-overflow -Wno-strict-aliasing -Wno-error=deprecated-declarations -Wno-stringop-overflow -Wno-psabi -Wno-error=pedantic -Wno-error=redundant-decls -Wno-error=old-style-cast -fdiagnostics-color=always -faligned-new -Wno-unused-but-set-variable -Wno-maybe-uninitialized -fno-math-errno -fno-trapping-math -Werror=format -Werror=cast-function-type -Wno-stringop-overflow, LAPACK_INFO=mkl, PERF_WITH_AVX=1, PERF_WITH_AVX2=1, PERF_WITH_AVX512=1, TORCH_DISABLE_GPU_ASSERTS=ON, TORCH_VERSION=2.0.0, USE_CUDA=ON, USE_CUDNN=ON, USE_EXCEPTION_PTR=1, USE_GFLAGS=OFF, USE_GLOG=OFF, USE_MKL=ON, USE_MKLDNN=ON, USE_MPI=OFF, USE_NCCL=1, USE_NNPACK=ON, USE_OPENMP=ON, USE_ROCM=OFF, 

[12/10 02:01:36 detectron2]: Command line arguments: Namespace(config_file='configs/cs7_catseg.yaml', resume=False, eval_only=True, num_gpus=1, num_machines=1, machine_rank=0, dist_url='auto', opts=['OUTPUT_DIR', 'outputs/cs7_eva_b16_r512/eval', 'MODEL.SEM_SEG_HEAD.TEST_CLASS_JSON', 'datasets/cityscapes_19.json', 'MODEL.SEM_SEG_HEAD.ENABLE_HIGH_RES', 'False', 'DATASETS.TEST', '("ACDC_train_seg",)', 'TEST.SLIDING_WINDOW', 'True', 'MODEL.SEM_SEG_HEAD.POOLING_SIZES', '[1,1]', 'MODEL.WEIGHTS', 'outputs/cs7_eva_b16_r512/model_0019999.pth'])
[12/10 02:01:36 detectron2]: Contents of args.config_file=configs/cs7_catseg.yaml:
_BASE_: config.yaml
DATASETS:
  TRAIN: ("cityscapes7_train",)
  TEST:  ("cityscapes19_val",)
MODEL:
  META_ARCHITECTURE: "CATSeg"
  PIXEL_MEAN: [123.675, 116.280, 103.530]
  PIXEL_STD: [58.395, 57.120, 57.375]
  SEM_SEG_HEAD:
    NAME: "CATSegHead"
    IN_FEATURES: [ "res2", "res3", "res4" ]
    IGNORE_VALUE: 255
    NUM_CLASSES: 19
    TRAIN_CLASS_JSON: "datasets/cityscapes_seen_7.json"
    TEST_CLASS_JSON:  "datasets/cityscapes_19.json"
    CLIP_PRETRAINED: "EVA02-CLIP-B-16"
    PROMPT_DEPTH: 0
    PROMPT_LENGTH: 0
    TEXT_GUIDANCE_DIM: 512
    TEXT_GUIDANCE_PROJ_DIM: 128
    APPEARANCE_GUIDANCE_DIM: 512
    APPEARANCE_GUIDANCE_PROJ_DIM: 128
    DECODER_DIMS: [ 64, 32 ]
    DECODER_GUIDANCE_DIMS: [ 256, 128 ]
    DECODER_GUIDANCE_PROJ_DIMS: [ 32, 16 ]
    NUM_LAYERS: 1
    NUM_HEADS: 4
    HIDDEN_DIMS: 128
    POOLING_SIZES: [ 1, 1 ]
    FEATURE_RESOLUTION: [ 32, 32 ]
    WINDOW_SIZES: 16
    ATTENTION_TYPE: "mamba"
    CLIP_FINETUNE: "vision_plus"
    CACHE_DIR: "/data/zd/TTA_VLM/DeCLIP-ZSSS/Pretrain/EVA02_CLIP_B_psz16_s8B.pt"
    ENABLE_HIGH_RES: "False"
  PROMPT_ENSEMBLE_TYPE: "multi_domain"
INPUT:
  MIN_SIZE_TRAIN: (512, 768)
  MIN_SIZE_TRAIN_SAMPLING: "choice"
  MAX_SIZE_TRAIN: 1024
  MIN_SIZE_TEST: 512
  MAX_SIZE_TEST: 1024
  CROP:
    ENABLED: True
    TYPE: "absolute"
    SIZE: (512, 512)
  SIZE_DIVISIBILITY: 32
  FORMAT: "RGB"
  DATASET_MAPPER_NAME: "mask_former_semantic"
SOLVER:
  IMS_PER_BATCH: 4
  LR_SCHEDULER_NAME: "WarmupCosineLR"
  BASE_LR: 0.0002
  MAX_ITER: 20000
  BACKBONE_MULTIPLIER: 0.0
  CLIP_MULTIPLIER: 0.01
TEST:
  EVAL_PERIOD: 40000
  SLIDING_WINDOW: True
  SW_KERNEL: 512
  SW_OVERLAP: 0.333
  SW_OUT_RES: [512, 1024]
[12/10 02:01:36 detectron2]: Running with full config:
CUDNN_BENCHMARK: true
DATALOADER:
  ASPECT_RATIO_GROUPING: true
  FILTER_EMPTY_ANNOTATIONS: true
  NUM_WORKERS: 8
  REPEAT_THRESHOLD: 0.0
  SAMPLER_TRAIN: TrainingSampler
DATASETS:
  PRECOMPUTED_PROPOSAL_TOPK_TEST: 1000
  PRECOMPUTED_PROPOSAL_TOPK_TRAIN: 2000
  PROPOSAL_FILES_TEST: []
  PROPOSAL_FILES_TRAIN: []
  TEST:
  - ACDC_train_seg
  TRAIN:
  - cityscapes7_train
  VAL_ALL:
  - coco_2017_val_all_stuff_sem_seg
DDP:
  BROADCAST_BUFFERS: false
  FIND_UNUSED_PARAMETERS: true
GLOBAL:
  HACK: 1.0
INPUT:
  COLOR_AUG_SSD: true
  CROP:
    ENABLED: true
    SINGLE_CATEGORY_MAX_AREA: 1.0
    SIZE:
    - 512
    - 512
    TYPE: absolute
  DATASET_MAPPER_NAME: mask_former_semantic
  FORMAT: RGB
  MASK_FORMAT: polygon
  MAX_SIZE_TEST: 1024
  MAX_SIZE_TRAIN: 1024
  MIN_SIZE_TEST: 512
  MIN_SIZE_TRAIN:
  - 512
  - 768
  MIN_SIZE_TRAIN_SAMPLING: choice
  RANDOM_FLIP: horizontal
  SIZE_DIVISIBILITY: 32
MODEL:
  ANCHOR_GENERATOR:
    ANGLES:
    - - -90
      - 0
      - 90
    ASPECT_RATIOS:
    - - 0.5
      - 1.0
      - 2.0
    NAME: DefaultAnchorGenerator
    OFFSET: 0.0
    SIZES:
    - - 32
      - 64
      - 128
      - 256
      - 512
  BACKBONE:
    FREEZE_AT: 2
    NAME: build_resnet_backbone
  CLIP_PIXEL_MEAN:
  - 122.7709383
  - 116.7460125
  - 104.09373615
  CLIP_PIXEL_STD:
  - 68.5005327
  - 66.6321579
  - 70.323163
  DEVICE: cuda
  FPN:
    FUSE_TYPE: sum
    IN_FEATURES: []
    NORM: ''
    OUT_CHANNELS: 256
  KEYPOINT_ON: false
  LOAD_PROPOSALS: false
  MASK_FORMER:
    SIZE_DIVISIBILITY: 32
  MASK_ON: false
  META_ARCHITECTURE: CATSeg
  PANOPTIC_FPN:
    COMBINE:
      ENABLED: true
      INSTANCES_CONFIDENCE_THRESH: 0.5
      OVERLAP_THRESH: 0.5
      STUFF_AREA_LIMIT: 4096
    INSTANCE_LOSS_WEIGHT: 1.0
  PIXEL_MEAN:
  - 123.675
  - 116.28
  - 103.53
  PIXEL_STD:
  - 58.395
  - 57.12
  - 57.375
  PROMPT_ENSEMBLE: false
  PROMPT_ENSEMBLE_TYPE: multi_domain
  PROPOSAL_GENERATOR:
    MIN_SIZE: 0
    NAME: RPN
  RESNETS:
    DEFORM_MODULATED: false
    DEFORM_NUM_GROUPS: 1
    DEFORM_ON_PER_STAGE:
    - false
    - false
    - false
    - false
    DEPTH: 50
    NORM: FrozenBN
    NUM_GROUPS: 1
    OUT_FEATURES:
    - res4
    RES2_OUT_CHANNELS: 256
    RES4_DILATION: 1
    RES5_DILATION: 1
    RES5_MULTI_GRID:
    - 1
    - 2
    - 4
    STEM_OUT_CHANNELS: 64
    STEM_TYPE: deeplab
    STRIDE_IN_1X1: true
    WIDTH_PER_GROUP: 64
  RETINANET:
    BBOX_REG_LOSS_TYPE: smooth_l1
    BBOX_REG_WEIGHTS: &id002
    - 1.0
    - 1.0
    - 1.0
    - 1.0
    FOCAL_LOSS_ALPHA: 0.25
    FOCAL_LOSS_GAMMA: 2.0
    IN_FEATURES:
    - p3
    - p4
    - p5
    - p6
    - p7
    IOU_LABELS:
    - 0
    - -1
    - 1
    IOU_THRESHOLDS:
    - 0.4
    - 0.5
    NMS_THRESH_TEST: 0.5
    NORM: ''
    NUM_CLASSES: 80
    NUM_CONVS: 4
    PRIOR_PROB: 0.01
    SCORE_THRESH_TEST: 0.05
    SMOOTH_L1_LOSS_BETA: 0.1
    TOPK_CANDIDATES_TEST: 1000
  ROI_BOX_CASCADE_HEAD:
    BBOX_REG_WEIGHTS:
    - &id001
      - 10.0
      - 10.0
      - 5.0
      - 5.0
    - - 20.0
      - 20.0
      - 10.0
      - 10.0
    - - 30.0
      - 30.0
      - 15.0
      - 15.0
    IOUS:
    - 0.5
    - 0.6
    - 0.7
  ROI_BOX_HEAD:
    BBOX_REG_LOSS_TYPE: smooth_l1
    BBOX_REG_LOSS_WEIGHT: 1.0
    BBOX_REG_WEIGHTS: *id001
    CLS_AGNOSTIC_BBOX_REG: false
    CONV_DIM: 256
    FC_DIM: 1024
    NAME: ''
    NORM: ''
    NUM_CONV: 0
    NUM_FC: 0
    POOLER_RESOLUTION: 14
    POOLER_SAMPLING_RATIO: 0
    POOLER_TYPE: ROIAlignV2
    SMOOTH_L1_BETA: 0.0
    TRAIN_ON_PRED_BOXES: false
  ROI_HEADS:
    BATCH_SIZE_PER_IMAGE: 512
    IN_FEATURES:
    - res4
    IOU_LABELS:
    - 0
    - 1
    IOU_THRESHOLDS:
    - 0.5
    NAME: Res5ROIHeads
    NMS_THRESH_TEST: 0.5
    NUM_CLASSES: 80
    POSITIVE_FRACTION: 0.25
    PROPOSAL_APPEND_GT: true
    SCORE_THRESH_TEST: 0.05
  ROI_KEYPOINT_HEAD:
    CONV_DIMS:
    - 512
    - 512
    - 512
    - 512
    - 512
    - 512
    - 512
    - 512
    LOSS_WEIGHT: 1.0
    MIN_KEYPOINTS_PER_IMAGE: 1
    NAME: KRCNNConvDeconvUpsampleHead
    NORMALIZE_LOSS_BY_VISIBLE_KEYPOINTS: true
    NUM_KEYPOINTS: 17
    POOLER_RESOLUTION: 14
    POOLER_SAMPLING_RATIO: 0
    POOLER_TYPE: ROIAlignV2
  ROI_MASK_HEAD:
    CLS_AGNOSTIC_MASK: false
    CONV_DIM: 256
    NAME: MaskRCNNConvUpsampleHead
    NORM: ''
    NUM_CONV: 0
    POOLER_RESOLUTION: 14
    POOLER_SAMPLING_RATIO: 0
    POOLER_TYPE: ROIAlignV2
  RPN:
    BATCH_SIZE_PER_IMAGE: 256
    BBOX_REG_LOSS_TYPE: smooth_l1
    BBOX_REG_LOSS_WEIGHT: 1.0
    BBOX_REG_WEIGHTS: *id002
    BOUNDARY_THRESH: -1
    CONV_DIMS:
    - -1
    HEAD_NAME: StandardRPNHead
    IN_FEATURES:
    - res4
    IOU_LABELS:
    - 0
    - -1
    - 1
    IOU_THRESHOLDS:
    - 0.3
    - 0.7
    LOSS_WEIGHT: 1.0
    NMS_THRESH: 0.7
    POSITIVE_FRACTION: 0.5
    POST_NMS_TOPK_TEST: 1000
    POST_NMS_TOPK_TRAIN: 2000
    PRE_NMS_TOPK_TEST: 6000
    PRE_NMS_TOPK_TRAIN: 12000
    SMOOTH_L1_BETA: 0.0
  SEM_SEG_HEAD:
    APPEARANCE_GUIDANCE_DIM: 512
    APPEARANCE_GUIDANCE_PROJ_DIM: 128
    ASPP_CHANNELS: 256
    ASPP_DILATIONS:
    - 6
    - 12
    - 18
    ASPP_DROPOUT: 0.1
    ATTENTION_TYPE: mamba
    CACHE_DIR: /data/zd/TTA_VLM/DeCLIP-ZSSS/Pretrain/EVA02_CLIP_B_psz16_s8B.pt
    CLIP_FINETUNE: vision_plus
    CLIP_PRETRAINED: EVA02-CLIP-B-16
    COMMON_STRIDE: 4
    CONVS_DIM: 128
    DECODER_DIMS:
    - 64
    - 32
    DECODER_GUIDANCE_DIMS:
    - 256
    - 128
    DECODER_GUIDANCE_PROJ_DIMS:
    - 32
    - 16
    ENABLE_HIGH_RES: false
    FEATURE_RESOLUTION:
    - 32
    - 32
    HIDDEN_DIMS: 128
    IGNORE_VALUE: 255
    IN_FEATURES:
    - res2
    - res3
    - res4
    LOSS_TYPE: hard_pixel_mining
    LOSS_WEIGHT: 1.0
    NAME: CATSegHead
    NORM: GN
    NUM_CLASSES: 19
    NUM_HEADS: 4
    NUM_LAYERS: 1
    POOLING_SIZES:
    - 1
    - 1
    PROJECT_CHANNELS:
    - 48
    PROJECT_FEATURES:
    - res2
    PROMPT_DEPTH: 0
    PROMPT_LENGTH: 0
    TEST_CLASS_INDEXES: datasets/coco/coco_stuff/split/unseen_indexes.json
    TEST_CLASS_JSON: datasets/cityscapes_19.json
    TEXT_GUIDANCE_DIM: 512
    TEXT_GUIDANCE_PROJ_DIM: 128
    TRAIN_CLASS_INDEXES: datasets/coco/coco_stuff/split/seen_indexes.json
    TRAIN_CLASS_JSON: datasets/cityscapes_seen_7.json
    USE_DEPTHWISE_SEPARABLE_CONV: false
    WINDOW_SIZES: 16
  SWIN:
    APE: false
    ATTN_DROP_RATE: 0.0
    DEPTHS:
    - 2
    - 2
    - 6
    - 2
    DROP_PATH_RATE: 0.3
    DROP_RATE: 0.0
    EMBED_DIM: 96
    MLP_RATIO: 4.0
    NUM_HEADS:
    - 3
    - 6
    - 12
    - 24
    OUT_FEATURES:
    - res2
    - res3
    - res4
    - res5
    PATCH_NORM: true
    PATCH_SIZE: 4
    PRETRAIN_IMG_SIZE: 224
    QKV_BIAS: true
    QK_SCALE: null
    WINDOW_SIZE: 7
  WEIGHTS: outputs/cs7_eva_b16_r512/model_0019999.pth
OUTPUT_DIR: outputs/cs7_eva_b16_r512/eval
SEED: -1
SOLVER:
  AMP:
    ENABLED: false
  BACKBONE_MULTIPLIER: 0.0
  BASE_LR: 0.0002
  BIAS_LR_FACTOR: 1.0
  CHECKPOINT_PERIOD: 5000
  CLIP_GRADIENTS:
    CLIP_TYPE: full_model
    CLIP_VALUE: 0.01
    ENABLED: true
    NORM_TYPE: 2.0
  CLIP_MULTIPLIER: 0.01
  GAMMA: 0.1
  IMS_PER_BATCH: 4
  LR_SCHEDULER_NAME: WarmupCosineLR
  MAX_ITER: 20000
  MOMENTUM: 0.9
  NESTEROV: false
  OPTIMIZER: ADAMW
  POLY_LR_CONSTANT_ENDING: 0.0
  POLY_LR_POWER: 0.9
  REFERENCE_WORLD_SIZE: 0
  STEPS:
  - 30000
  WARMUP_FACTOR: 1.0
  WARMUP_ITERS: 0
  WARMUP_METHOD: linear
  WEIGHT_DECAY: 0.0001
  WEIGHT_DECAY_BIAS: null
  WEIGHT_DECAY_EMBED: 0.0
  WEIGHT_DECAY_NORM: 0.0
TEST:
  AUG:
    ENABLED: false
    FLIP: true
    MAX_SIZE: 4000
    MIN_SIZES:
    - 400
    - 500
    - 600
    - 700
    - 800
    - 900
    - 1000
    - 1100
    - 1200
  DETECTIONS_PER_IMAGE: 100
  EVAL_PERIOD: 40000
  EXPECTED_RESULTS: []
  KEYPOINT_OKS_SIGMAS: []
  PRECISE_BN:
    ENABLED: false
    NUM_ITER: 200
  SLIDING_WINDOW: true
  SW_KERNEL: 512
  SW_OUT_RES:
  - 512
  - 1024
  SW_OVERLAP: 0.333
VERSION: 2
VIS_PERIOD: 0

[12/10 02:01:36 detectron2]: Full config saved to outputs/cs7_eva_b16_r512/eval/config.yaml
[12/10 02:01:36 d2.utils.env]: Using a generated random seed 36383720
Freeze text encoder parameters
[12/10 02:01:41 d2.engine.defaults]: Model:
CATSeg(
  (sem_seg_head): CATSegHead(
    (predictor): CATSegPredictor(
      (clip_model): CustomCLIP(
        (visual): EVAVisionTransformer(
          (patch_embed): PatchEmbed(
            (proj): Conv2d(3, 768, kernel_size=(16, 16), stride=(16, 16))
          )
          (pos_drop): Dropout(p=0.0, inplace=False)
          (rope): VisionRotaryEmbeddingFast()
          (blocks): ModuleList(
            (0-11): 12 x Block(
              (norm1): LayerNorm((768,), eps=1e-06, elementwise_affine=True)
              (attn): Attention(
                (q_proj): Linear(in_features=768, out_features=768, bias=False)
                (k_proj): Linear(in_features=768, out_features=768, bias=False)
                (v_proj): Linear(in_features=768, out_features=768, bias=False)
                (attn_drop): Dropout(p=0.0, inplace=False)
                (inner_attn_ln): LayerNorm((768,), eps=1e-06, elementwise_affine=True)
                (proj): Linear(in_features=768, out_features=768, bias=True)
                (proj_drop): Dropout(p=0.0, inplace=False)
                (rope): VisionRotaryEmbeddingFast()
              )
              (drop_path): Identity()
              (norm2): LayerNorm((768,), eps=1e-06, elementwise_affine=True)
              (mlp): SwiGLU(
                (w1): Linear(in_features=768, out_features=2048, bias=True)
                (w2): Linear(in_features=768, out_features=2048, bias=True)
                (act): SiLU()
                (ffn_ln): LayerNorm((2048,), eps=1e-06, elementwise_affine=True)
                (w3): Linear(in_features=2048, out_features=768, bias=True)
                (drop): Dropout(p=0.0, inplace=False)
              )
            )
          )
          (norm): LayerNorm((768,), eps=1e-06, elementwise_affine=True)
          (head): Linear(in_features=768, out_features=512, bias=True)
          (patch_dropout): Identity()
        )
        (text): TextTransformer(
          (token_embedding): Embedding(49408, 512)
          (transformer): Transformer(
            (resblocks): ModuleList(
              (0-11): 12 x ResidualAttentionBlock(
                (ln_1): LayerNorm((512,), eps=1e-05, elementwise_affine=True)
                (attn): Attention(
                  (attn_drop): Dropout(p=0.0, inplace=False)
                  (out_proj): Linear(in_features=512, out_features=512, bias=True)
                  (out_drop): Dropout(p=0.0, inplace=False)
                )
                (ls_1): Identity()
                (ln_2): LayerNorm((512,), eps=1e-05, elementwise_affine=True)
                (mlp): Sequential(
                  (c_fc): Linear(in_features=512, out_features=2048, bias=True)
                  (gelu): GELU(approximate='none')
                  (c_proj): Linear(in_features=2048, out_features=512, bias=True)
                )
                (ls_2): Identity()
              )
            )
          )
          (ln_final): LayerNorm((512,), eps=1e-05, elementwise_affine=True)
        )
      )
      (transformer): AggregatorMambaLite(
        (layers): ModuleList(
          (0): Sequential(
            (0): AxialMambaBlockLite_v2(
              (film): FiLM2D(
                (pool): AdaptiveAvgPool2d(output_size=1)
                (fc): Conv2d(128, 256, kernel_size=(1, 1), stride=(1, 1))
              )
              (pre_mix): Sequential(
                (0): Conv2d(128, 128, kernel_size=(3, 3), stride=(1, 1), padding=(1, 1), groups=128)
                (1): Conv2d(128, 128, kernel_size=(1, 1), stride=(1, 1))
                (2): GELU(approximate='none')
              )
              (seq_row): Mamba1DWithDecayPrior(
                (out_norm): LayerNorm((128,), eps=1e-05, elementwise_affine=True)
                (gate): Sequential(
                  (0): Linear(in_features=128, out_features=128, bias=True)
                  (1): SiLU()
                )
                (proj_in): Linear(in_features=128, out_features=384, bias=True)
                (drop): Dropout(p=0.0, inplace=False)
              )
              (post_proj): Conv2d(128, 128, kernel_size=(1, 1), stride=(1, 1))
              (norm_tok): LayerNorm((128,), eps=1e-05, elementwise_affine=True)
              (ffn): Sequential(
                (0): Linear(in_features=128, out_features=384, bias=True)
                (1): GELU(approximate='none')
                (2): Linear(in_features=384, out_features=128, bias=True)
              )
              (down): Identity()
            )
            (1): ClassMambaLayerLite(
              (pool): AvgPool2d(kernel_size=[1, 1], stride=[1, 1], padding=0)
              (guid_proj): Linear(in_features=128, out_features=256, bias=True)
              (seq_block): _Mamba1DAdapterLite(
                (blocks): ModuleList(
                  (0): PseudoMamba1D(
                    (gate): Sequential(
                      (0): Linear(in_features=128, out_features=128, bias=True)
                      (1): SiLU()
                    )
                    (proj_in): Linear(in_features=128, out_features=384, bias=True)
                    (out_norm): LayerNorm((128,), eps=1e-05, elementwise_affine=True)
                    (drop): Dropout(p=0.0, inplace=False)
                  )
                )
                (norm): LayerNorm((128,), eps=1e-05, elementwise_affine=True)
              )
              (norm1): LayerNorm((128,), eps=1e-05, elementwise_affine=True)
              (norm2): LayerNorm((128,), eps=1e-05, elementwise_affine=True)
              (ffn): Sequential(
                (0): Linear(in_features=128, out_features=384, bias=True)
                (1): GELU(approximate='none')
                (2): Linear(in_features=384, out_features=128, bias=True)
              )
            )
          )
        )
        (conv1): Conv2d(1, 128, kernel_size=(7, 7), stride=(1, 1), padding=(3, 3))
        (guidance_projection): Sequential(
          (0): Conv2d(512, 128, kernel_size=(3, 3), stride=(1, 1), padding=(1, 1))
          (1): ReLU()
        )
        (text_guidance_projection): Sequential(
          (0): Linear(in_features=512, out_features=128, bias=True)
          (1): ReLU()
        )
        (decoder_guidance_projection): ModuleList(
          (0): Sequential(
            (0): Conv2d(256, 32, kernel_size=(3, 3), stride=(1, 1), padding=(1, 1))
            (1): ReLU()
          )
          (1): Sequential(
            (0): Conv2d(128, 16, kernel_size=(3, 3), stride=(1, 1), padding=(1, 1))
            (1): ReLU()
          )
        )
        (decoder1): UpLite(
          (up): ConvTranspose2d(128, 96, kernel_size=(2, 2), stride=(2, 2))
          (conv): Sequential(
            (0): Conv2d(128, 64, kernel_size=(3, 3), stride=(1, 1), padding=(1, 1), bias=False)
            (1): GroupNorm(4, 64, eps=1e-05, affine=True)
            (2): ReLU()
          )
        )
        (decoder2): UpLite(
          (up): ConvTranspose2d(64, 48, kernel_size=(2, 2), stride=(2, 2))
          (conv): Sequential(
            (0): Conv2d(64, 32, kernel_size=(3, 3), stride=(1, 1), padding=(1, 1), bias=False)
            (1): GroupNorm(2, 32, eps=1e-05, affine=True)
            (2): ReLU()
          )
        )
        (head): Conv2d(32, 1, kernel_size=(3, 3), stride=(1, 1), padding=(1, 1))
      )
    )
  )
  (upsample1): ConvTranspose2d(768, 256, kernel_size=(2, 2), stride=(2, 2))
  (upsample2): ConvTranspose2d(768, 128, kernel_size=(4, 4), stride=(4, 4))
)
[12/10 02:01:41 fvcore.common.checkpoint]: [Checkpointer] Loading from outputs/cs7_eva_b16_r512/model_0019999.pth ...
[12/10 02:01:41 d2.data.datasets.coco]: Loaded 1600 images with semantic segmentation from /data/zd/data/ACDC/rgb_anon/train/
[12/10 02:01:41 d2.data.dataset_mapper]: [DatasetMapper] Augmentations used in inference: [ResizeShortestEdge(short_edge_length=(512, 512), max_size=1024, sample_style='choice')]
[12/10 02:01:41 d2.data.common]: Serializing 1600 elements to byte tensors and concatenating them all ...
[12/10 02:01:41 d2.data.common]: Serialized dataset takes 0.29 MiB
[12/10 02:01:41 d2.data.datasets.coco]: Loaded 1600 images with semantic segmentation from /data/zd/data/ACDC/rgb_anon/train/
[12/10 02:01:41 d2.evaluation.evaluator]: Start inference on 1600 batches
Add a new rope freq of shape: torch.Size([1024, 64])
[12/10 02:01:46 d2.evaluation.evaluator]: Inference done 11/1600. Dataloading: 0.0016 s/iter. Inference: 0.0671 s/iter. Eval: 0.1609 s/iter. Total: 0.2296 s/iter. ETA=0:06:04
[12/10 02:01:51 d2.evaluation.evaluator]: Inference done 35/1600. Dataloading: 0.0015 s/iter. Inference: 0.0673 s/iter. Eval: 0.1486 s/iter. Total: 0.2175 s/iter. ETA=0:05:40
[12/10 02:01:56 d2.evaluation.evaluator]: Inference done 59/1600. Dataloading: 0.0016 s/iter. Inference: 0.0673 s/iter. Eval: 0.1474 s/iter. Total: 0.2165 s/iter. ETA=0:05:33
[12/10 02:02:01 d2.evaluation.evaluator]: Inference done 83/1600. Dataloading: 0.0017 s/iter. Inference: 0.0671 s/iter. Eval: 0.1456 s/iter. Total: 0.2145 s/iter. ETA=0:05:25
[12/10 02:02:06 d2.evaluation.evaluator]: Inference done 107/1600. Dataloading: 0.0017 s/iter. Inference: 0.0672 s/iter. Eval: 0.1449 s/iter. Total: 0.2138 s/iter. ETA=0:05:19
[12/10 02:02:11 d2.evaluation.evaluator]: Inference done 131/1600. Dataloading: 0.0017 s/iter. Inference: 0.0673 s/iter. Eval: 0.1449 s/iter. Total: 0.2140 s/iter. ETA=0:05:14
[12/10 02:02:16 d2.evaluation.evaluator]: Inference done 154/1600. Dataloading: 0.0017 s/iter. Inference: 0.0674 s/iter. Eval: 0.1463 s/iter. Total: 0.2154 s/iter. ETA=0:05:11
[12/10 02:02:22 d2.evaluation.evaluator]: Inference done 178/1600. Dataloading: 0.0017 s/iter. Inference: 0.0674 s/iter. Eval: 0.1465 s/iter. Total: 0.2156 s/iter. ETA=0:05:06
[12/10 02:02:27 d2.evaluation.evaluator]: Inference done 201/1600. Dataloading: 0.0017 s/iter. Inference: 0.0676 s/iter. Eval: 0.1470 s/iter. Total: 0.2164 s/iter. ETA=0:05:02
[12/10 02:02:32 d2.evaluation.evaluator]: Inference done 223/1600. Dataloading: 0.0017 s/iter. Inference: 0.0681 s/iter. Eval: 0.1476 s/iter. Total: 0.2175 s/iter. ETA=0:04:59
[12/10 02:02:37 d2.evaluation.evaluator]: Inference done 245/1600. Dataloading: 0.0018 s/iter. Inference: 0.0683 s/iter. Eval: 0.1489 s/iter. Total: 0.2190 s/iter. ETA=0:04:56
[12/10 02:02:42 d2.evaluation.evaluator]: Inference done 267/1600. Dataloading: 0.0018 s/iter. Inference: 0.0684 s/iter. Eval: 0.1497 s/iter. Total: 0.2200 s/iter. ETA=0:04:53
[12/10 02:02:47 d2.evaluation.evaluator]: Inference done 289/1600. Dataloading: 0.0018 s/iter. Inference: 0.0685 s/iter. Eval: 0.1509 s/iter. Total: 0.2213 s/iter. ETA=0:04:50
[12/10 02:02:52 d2.evaluation.evaluator]: Inference done 309/1600. Dataloading: 0.0019 s/iter. Inference: 0.0686 s/iter. Eval: 0.1527 s/iter. Total: 0.2232 s/iter. ETA=0:04:48
[12/10 02:02:57 d2.evaluation.evaluator]: Inference done 330/1600. Dataloading: 0.0019 s/iter. Inference: 0.0688 s/iter. Eval: 0.1536 s/iter. Total: 0.2244 s/iter. ETA=0:04:44
[12/10 02:03:02 d2.evaluation.evaluator]: Inference done 352/1600. Dataloading: 0.0019 s/iter. Inference: 0.0689 s/iter. Eval: 0.1541 s/iter. Total: 0.2250 s/iter. ETA=0:04:40
[12/10 02:03:08 d2.evaluation.evaluator]: Inference done 375/1600. Dataloading: 0.0019 s/iter. Inference: 0.0688 s/iter. Eval: 0.1542 s/iter. Total: 0.2250 s/iter. ETA=0:04:35
[12/10 02:03:13 d2.evaluation.evaluator]: Inference done 397/1600. Dataloading: 0.0019 s/iter. Inference: 0.0688 s/iter. Eval: 0.1545 s/iter. Total: 0.2253 s/iter. ETA=0:04:31
[12/10 02:03:18 d2.evaluation.evaluator]: Inference done 419/1600. Dataloading: 0.0019 s/iter. Inference: 0.0688 s/iter. Eval: 0.1546 s/iter. Total: 0.2254 s/iter. ETA=0:04:26
[12/10 02:03:23 d2.evaluation.evaluator]: Inference done 441/1600. Dataloading: 0.0019 s/iter. Inference: 0.0688 s/iter. Eval: 0.1551 s/iter. Total: 0.2259 s/iter. ETA=0:04:21
[12/10 02:03:28 d2.evaluation.evaluator]: Inference done 463/1600. Dataloading: 0.0019 s/iter. Inference: 0.0689 s/iter. Eval: 0.1553 s/iter. Total: 0.2262 s/iter. ETA=0:04:17
[12/10 02:03:33 d2.evaluation.evaluator]: Inference done 485/1600. Dataloading: 0.0020 s/iter. Inference: 0.0689 s/iter. Eval: 0.1556 s/iter. Total: 0.2265 s/iter. ETA=0:04:12
[12/10 02:03:38 d2.evaluation.evaluator]: Inference done 506/1600. Dataloading: 0.0020 s/iter. Inference: 0.0689 s/iter. Eval: 0.1561 s/iter. Total: 0.2270 s/iter. ETA=0:04:08
[12/10 02:03:43 d2.evaluation.evaluator]: Inference done 528/1600. Dataloading: 0.0020 s/iter. Inference: 0.0689 s/iter. Eval: 0.1561 s/iter. Total: 0.2270 s/iter. ETA=0:04:03
[12/10 02:03:48 d2.evaluation.evaluator]: Inference done 549/1600. Dataloading: 0.0020 s/iter. Inference: 0.0690 s/iter. Eval: 0.1565 s/iter. Total: 0.2276 s/iter. ETA=0:03:59
[12/10 02:03:53 d2.evaluation.evaluator]: Inference done 571/1600. Dataloading: 0.0020 s/iter. Inference: 0.0690 s/iter. Eval: 0.1566 s/iter. Total: 0.2276 s/iter. ETA=0:03:54
[12/10 02:03:58 d2.evaluation.evaluator]: Inference done 593/1600. Dataloading: 0.0020 s/iter. Inference: 0.0690 s/iter. Eval: 0.1569 s/iter. Total: 0.2279 s/iter. ETA=0:03:49
[12/10 02:04:03 d2.evaluation.evaluator]: Inference done 616/1600. Dataloading: 0.0020 s/iter. Inference: 0.0690 s/iter. Eval: 0.1566 s/iter. Total: 0.2277 s/iter. ETA=0:03:44
[12/10 02:04:08 d2.evaluation.evaluator]: Inference done 638/1600. Dataloading: 0.0020 s/iter. Inference: 0.0690 s/iter. Eval: 0.1567 s/iter. Total: 0.2277 s/iter. ETA=0:03:39
[12/10 02:04:13 d2.evaluation.evaluator]: Inference done 659/1600. Dataloading: 0.0020 s/iter. Inference: 0.0690 s/iter. Eval: 0.1571 s/iter. Total: 0.2281 s/iter. ETA=0:03:34
[12/10 02:04:19 d2.evaluation.evaluator]: Inference done 681/1600. Dataloading: 0.0020 s/iter. Inference: 0.0690 s/iter. Eval: 0.1575 s/iter. Total: 0.2285 s/iter. ETA=0:03:29
[12/10 02:04:24 d2.evaluation.evaluator]: Inference done 703/1600. Dataloading: 0.0020 s/iter. Inference: 0.0690 s/iter. Eval: 0.1577 s/iter. Total: 0.2288 s/iter. ETA=0:03:25
[12/10 02:04:29 d2.evaluation.evaluator]: Inference done 724/1600. Dataloading: 0.0020 s/iter. Inference: 0.0690 s/iter. Eval: 0.1581 s/iter. Total: 0.2291 s/iter. ETA=0:03:20
[12/10 02:04:34 d2.evaluation.evaluator]: Inference done 746/1600. Dataloading: 0.0020 s/iter. Inference: 0.0690 s/iter. Eval: 0.1582 s/iter. Total: 0.2293 s/iter. ETA=0:03:15
[12/10 02:04:39 d2.evaluation.evaluator]: Inference done 767/1600. Dataloading: 0.0020 s/iter. Inference: 0.0690 s/iter. Eval: 0.1585 s/iter. Total: 0.2295 s/iter. ETA=0:03:11
[12/10 02:04:44 d2.evaluation.evaluator]: Inference done 789/1600. Dataloading: 0.0020 s/iter. Inference: 0.0690 s/iter. Eval: 0.1588 s/iter. Total: 0.2298 s/iter. ETA=0:03:06
[12/10 02:04:50 d2.evaluation.evaluator]: Inference done 811/1600. Dataloading: 0.0020 s/iter. Inference: 0.0690 s/iter. Eval: 0.1590 s/iter. Total: 0.2300 s/iter. ETA=0:03:01
[12/10 02:04:55 d2.evaluation.evaluator]: Inference done 833/1600. Dataloading: 0.0020 s/iter. Inference: 0.0690 s/iter. Eval: 0.1589 s/iter. Total: 0.2299 s/iter. ETA=0:02:56
[12/10 02:05:00 d2.evaluation.evaluator]: Inference done 854/1600. Dataloading: 0.0020 s/iter. Inference: 0.0690 s/iter. Eval: 0.1593 s/iter. Total: 0.2304 s/iter. ETA=0:02:51
[12/10 02:05:05 d2.evaluation.evaluator]: Inference done 876/1600. Dataloading: 0.0020 s/iter. Inference: 0.0690 s/iter. Eval: 0.1594 s/iter. Total: 0.2305 s/iter. ETA=0:02:46
[12/10 02:05:10 d2.evaluation.evaluator]: Inference done 897/1600. Dataloading: 0.0020 s/iter. Inference: 0.0690 s/iter. Eval: 0.1596 s/iter. Total: 0.2307 s/iter. ETA=0:02:42
[12/10 02:05:15 d2.evaluation.evaluator]: Inference done 918/1600. Dataloading: 0.0020 s/iter. Inference: 0.0690 s/iter. Eval: 0.1599 s/iter. Total: 0.2310 s/iter. ETA=0:02:37
[12/10 02:05:20 d2.evaluation.evaluator]: Inference done 939/1600. Dataloading: 0.0020 s/iter. Inference: 0.0690 s/iter. Eval: 0.1601 s/iter. Total: 0.2312 s/iter. ETA=0:02:32
[12/10 02:05:25 d2.evaluation.evaluator]: Inference done 961/1600. Dataloading: 0.0020 s/iter. Inference: 0.0690 s/iter. Eval: 0.1602 s/iter. Total: 0.2312 s/iter. ETA=0:02:27
[12/10 02:05:30 d2.evaluation.evaluator]: Inference done 983/1600. Dataloading: 0.0020 s/iter. Inference: 0.0690 s/iter. Eval: 0.1602 s/iter. Total: 0.2312 s/iter. ETA=0:02:22
[12/10 02:05:36 d2.evaluation.evaluator]: Inference done 1005/1600. Dataloading: 0.0020 s/iter. Inference: 0.0689 s/iter. Eval: 0.1603 s/iter. Total: 0.2313 s/iter. ETA=0:02:17
[12/10 02:05:41 d2.evaluation.evaluator]: Inference done 1027/1600. Dataloading: 0.0020 s/iter. Inference: 0.0689 s/iter. Eval: 0.1604 s/iter. Total: 0.2314 s/iter. ETA=0:02:12
[12/10 02:05:46 d2.evaluation.evaluator]: Inference done 1048/1600. Dataloading: 0.0020 s/iter. Inference: 0.0689 s/iter. Eval: 0.1606 s/iter. Total: 0.2316 s/iter. ETA=0:02:07
[12/10 02:05:51 d2.evaluation.evaluator]: Inference done 1070/1600. Dataloading: 0.0020 s/iter. Inference: 0.0689 s/iter. Eval: 0.1607 s/iter. Total: 0.2317 s/iter. ETA=0:02:02
[12/10 02:05:56 d2.evaluation.evaluator]: Inference done 1092/1600. Dataloading: 0.0020 s/iter. Inference: 0.0689 s/iter. Eval: 0.1608 s/iter. Total: 0.2318 s/iter. ETA=0:01:57
[12/10 02:06:01 d2.evaluation.evaluator]: Inference done 1114/1600. Dataloading: 0.0020 s/iter. Inference: 0.0689 s/iter. Eval: 0.1609 s/iter. Total: 0.2319 s/iter. ETA=0:01:52
[12/10 02:06:07 d2.evaluation.evaluator]: Inference done 1135/1600. Dataloading: 0.0020 s/iter. Inference: 0.0689 s/iter. Eval: 0.1611 s/iter. Total: 0.2321 s/iter. ETA=0:01:47
[12/10 02:06:12 d2.evaluation.evaluator]: Inference done 1157/1600. Dataloading: 0.0020 s/iter. Inference: 0.0689 s/iter. Eval: 0.1610 s/iter. Total: 0.2320 s/iter. ETA=0:01:42
[12/10 02:06:17 d2.evaluation.evaluator]: Inference done 1178/1600. Dataloading: 0.0020 s/iter. Inference: 0.0689 s/iter. Eval: 0.1612 s/iter. Total: 0.2322 s/iter. ETA=0:01:37
[12/10 02:06:22 d2.evaluation.evaluator]: Inference done 1200/1600. Dataloading: 0.0020 s/iter. Inference: 0.0689 s/iter. Eval: 0.1612 s/iter. Total: 0.2322 s/iter. ETA=0:01:32
[12/10 02:06:27 d2.evaluation.evaluator]: Inference done 1221/1600. Dataloading: 0.0020 s/iter. Inference: 0.0689 s/iter. Eval: 0.1614 s/iter. Total: 0.2323 s/iter. ETA=0:01:28
[12/10 02:06:32 d2.evaluation.evaluator]: Inference done 1243/1600. Dataloading: 0.0020 s/iter. Inference: 0.0689 s/iter. Eval: 0.1614 s/iter. Total: 0.2324 s/iter. ETA=0:01:22
[12/10 02:06:37 d2.evaluation.evaluator]: Inference done 1265/1600. Dataloading: 0.0020 s/iter. Inference: 0.0689 s/iter. Eval: 0.1615 s/iter. Total: 0.2324 s/iter. ETA=0:01:17
[12/10 02:06:42 d2.evaluation.evaluator]: Inference done 1286/1600. Dataloading: 0.0020 s/iter. Inference: 0.0689 s/iter. Eval: 0.1616 s/iter. Total: 0.2325 s/iter. ETA=0:01:13
[12/10 02:06:47 d2.evaluation.evaluator]: Inference done 1308/1600. Dataloading: 0.0020 s/iter. Inference: 0.0689 s/iter. Eval: 0.1616 s/iter. Total: 0.2326 s/iter. ETA=0:01:07
[12/10 02:06:52 d2.evaluation.evaluator]: Inference done 1329/1600. Dataloading: 0.0020 s/iter. Inference: 0.0689 s/iter. Eval: 0.1618 s/iter. Total: 0.2328 s/iter. ETA=0:01:03
[12/10 02:06:58 d2.evaluation.evaluator]: Inference done 1350/1600. Dataloading: 0.0020 s/iter. Inference: 0.0689 s/iter. Eval: 0.1620 s/iter. Total: 0.2330 s/iter. ETA=0:00:58
[12/10 02:07:03 d2.evaluation.evaluator]: Inference done 1371/1600. Dataloading: 0.0020 s/iter. Inference: 0.0689 s/iter. Eval: 0.1622 s/iter. Total: 0.2331 s/iter. ETA=0:00:53
[12/10 02:07:08 d2.evaluation.evaluator]: Inference done 1391/1600. Dataloading: 0.0020 s/iter. Inference: 0.0689 s/iter. Eval: 0.1624 s/iter. Total: 0.2334 s/iter. ETA=0:00:48
[12/10 02:07:13 d2.evaluation.evaluator]: Inference done 1413/1600. Dataloading: 0.0020 s/iter. Inference: 0.0689 s/iter. Eval: 0.1624 s/iter. Total: 0.2334 s/iter. ETA=0:00:43
[12/10 02:07:18 d2.evaluation.evaluator]: Inference done 1434/1600. Dataloading: 0.0020 s/iter. Inference: 0.0689 s/iter. Eval: 0.1624 s/iter. Total: 0.2335 s/iter. ETA=0:00:38
[12/10 02:07:23 d2.evaluation.evaluator]: Inference done 1456/1600. Dataloading: 0.0020 s/iter. Inference: 0.0690 s/iter. Eval: 0.1624 s/iter. Total: 0.2335 s/iter. ETA=0:00:33
[12/10 02:07:28 d2.evaluation.evaluator]: Inference done 1478/1600. Dataloading: 0.0020 s/iter. Inference: 0.0690 s/iter. Eval: 0.1624 s/iter. Total: 0.2335 s/iter. ETA=0:00:28
[12/10 02:07:33 d2.evaluation.evaluator]: Inference done 1500/1600. Dataloading: 0.0020 s/iter. Inference: 0.0690 s/iter. Eval: 0.1624 s/iter. Total: 0.2335 s/iter. ETA=0:00:23
[12/10 02:07:39 d2.evaluation.evaluator]: Inference done 1521/1600. Dataloading: 0.0020 s/iter. Inference: 0.0690 s/iter. Eval: 0.1626 s/iter. Total: 0.2337 s/iter. ETA=0:00:18
[12/10 02:07:44 d2.evaluation.evaluator]: Inference done 1542/1600. Dataloading: 0.0020 s/iter. Inference: 0.0689 s/iter. Eval: 0.1628 s/iter. Total: 0.2338 s/iter. ETA=0:00:13
[12/10 02:07:49 d2.evaluation.evaluator]: Inference done 1562/1600. Dataloading: 0.0020 s/iter. Inference: 0.0689 s/iter. Eval: 0.1630 s/iter. Total: 0.2341 s/iter. ETA=0:00:08
[12/10 02:07:54 d2.evaluation.evaluator]: Inference done 1582/1600. Dataloading: 0.0020 s/iter. Inference: 0.0689 s/iter. Eval: 0.1632 s/iter. Total: 0.2343 s/iter. ETA=0:00:04
[12/10 02:07:58 d2.evaluation.evaluator]: Total inference time: 0:06:13.992035 (0.234478 s / iter per device, on 1 devices)
[12/10 02:07:58 d2.evaluation.evaluator]: Total inference pure compute time: 0:01:49 (0.068929 s / iter per device, on 1 devices)
[12/10 02:07:59 d2.evaluation.sem_seg_evaluation]: OrderedDict([('sem_seg', {'mIoU': 44.903228365829776, 'fwIoU': 79.59170459383368, 'IoU-road': 84.78260819239479, 'IoU-sidewalk': 47.97635019606064, 'IoU-building': 85.43651054499001, 'IoU-wall': 45.48219222558528, 'IoU-fence': 27.150214610473316, 'IoU-pole': 25.572914155958102, 'IoU-traffic light': 14.457843594021739, 'IoU-traffic sign': 25.699102693390795, 'IoU-vegetation': 77.81387602107095, 'IoU-terrain': 38.50933141492468, 'IoU-sky': 91.22889118402658, 'IoU-person': 54.30417769789733, 'IoU-rider': 4.871484558201216, 'IoU-car': 80.57843144056935, 'IoU-truck': 49.87794229125632, 'IoU-bus': 32.49330585238883, 'IoU-train': 5.120437401264967, 'IoU-motorcycle': 22.961502811092178, 'IoU-bicycle': 38.84422206519871, 'mACC': 60.52821372220213, 'pACC': 87.7207235191911, 'ACC-road': 95.68759181426829, 'ACC-sidewalk': 54.52051496215886, 'ACC-building': 93.08563464120522, 'ACC-wall': 56.31328460058667, 'ACC-fence': 32.71371186682357, 'ACC-pole': 38.15606189859032, 'ACC-traffic light': 62.326890626576834, 'ACC-traffic sign': 46.40473799204991, 'ACC-vegetation': 93.2839374070969, 'ACC-terrain': 48.28991355437463, 'ACC-sky': 92.36431922553778, 'ACC-person': 76.58203344070286, 'ACC-rider': 5.712782047574119, 'ACC-car': 88.72851682021435, 'ACC-truck': 82.8261750479858, 'ACC-bus': 91.34893463838108, 'ACC-train': 5.516058901299186, 'ACC-motorcycle': 31.63146731021008, 'ACC-bicycle': 54.543493926203844})])
[12/10 02:07:59 d2.engine.defaults]: Evaluation results for ACDC_train_seg in csv format:
[12/10 02:07:59 d2.evaluation.testing]: copypaste: Task: sem_seg
[12/10 02:07:59 d2.evaluation.testing]: copypaste: mIoU,fwIoU,mACC,pACC
[12/10 02:07:59 d2.evaluation.testing]: copypaste: 44.9032,79.5917,60.5282,87.7207
/data/zd/TTA_VLM/S2_Corr/train_net.py:16: FutureWarning: In the future `np.bool` will be defined as the corresponding NumPy scalar.
  if not hasattr(np, _name):
/data/zd/TTA_VLM/S2_Corr/train_net.py:16: FutureWarning: In the future `np.object` will be defined as the corresponding NumPy scalar.
  if not hasattr(np, _name):
/data/zd/TTA_VLM/S2_Corr/train_net.py:18: FutureWarning: In the future `np.long` will be defined as the corresponding NumPy scalar.
  if not hasattr(np, "long"):
/data2/anaconda3/envs/DeCLIP_CATSeg/lib/python3.10/site-packages/torchvision/datapoints/__init__.py:12: UserWarning: The torchvision.datapoints and torchvision.transforms.v2 namespaces are still Beta. While we do not expect major breaking changes, some APIs may still change according to user feedback. Please submit any feedback you may have in this issue: https://github.com/pytorch/vision/issues/6753, and you can also check out https://github.com/pytorch/vision/issues/7319 to learn more about the APIs that we suspect might involve future changes. You can silence this warning by calling torchvision.disable_beta_transforms_warning().
  warnings.warn(_BETA_TRANSFORMS_WARNING)
/data2/anaconda3/envs/DeCLIP_CATSeg/lib/python3.10/site-packages/torchvision/transforms/v2/__init__.py:54: UserWarning: The torchvision.datapoints and torchvision.transforms.v2 namespaces are still Beta. While we do not expect major breaking changes, some APIs may still change according to user feedback. Please submit any feedback you may have in this issue: https://github.com/pytorch/vision/issues/6753, and you can also check out https://github.com/pytorch/vision/issues/7319 to learn more about the APIs that we suspect might involve future changes. You can silence this warning by calling torchvision.disable_beta_transforms_warning().
  warnings.warn(_BETA_TRANSFORMS_WARNING)
Please 'pip install apex'
Command Line Args: Namespace(config_file='configs/cs7_catseg.yaml', resume=False, eval_only=True, num_gpus=1, num_machines=1, machine_rank=0, dist_url='auto', opts=['OUTPUT_DIR', 'outputs/cs7_eva_b16_r512/eval', 'MODEL.SEM_SEG_HEAD.TEST_CLASS_JSON', 'datasets/cityscapes_19.json', 'MODEL.SEM_SEG_HEAD.ENABLE_HIGH_RES', 'False', 'DATASETS.TEST', '("bdd100k_val_seg",)', 'TEST.SLIDING_WINDOW', 'True', 'MODEL.SEM_SEG_HEAD.POOLING_SIZES', '[1,1]', 'MODEL.WEIGHTS', 'outputs/cs7_eva_b16_r512/model_0019999.pth'])
[12/10 02:08:04 detectron2]: Rank of current process: 0. World size: 1
[12/10 02:08:04 detectron2]: Environment info:
----------------------  ------------------------------------------------------------------------------------------
sys.platform            linux
Python                  3.10.0 (default, Mar  3 2022, 09:58:08) [GCC 7.5.0]
numpy                   1.26.4
detectron2              0.6 @/data2/anaconda3/envs/DeCLIP_CATSeg/lib/python3.10/site-packages/detectron2
Compiler                GCC 7.5
CUDA compiler           CUDA 11.6
detectron2 arch flags   8.0
DETECTRON2_ENV_MODULE   <not set>
PyTorch                 2.0.0+cu117 @/data2/anaconda3/envs/DeCLIP_CATSeg/lib/python3.10/site-packages/torch
PyTorch debug build     False
GPU available           Yes
GPU 0                   GeForce RTX 3090 (arch=8.6)
Driver version          460.84
CUDA_HOME               /usr/local/cuda-11.6
TORCH_CUDA_ARCH_LIST    8.0
Pillow                  9.1.0
torchvision             0.15.1+cu117 @/data2/anaconda3/envs/DeCLIP_CATSeg/lib/python3.10/site-packages/torchvision
torchvision arch flags  3.5, 5.0, 6.0, 7.0, 7.5, 8.0, 8.6
fvcore                  0.1.5.post20221221
iopath                  0.1.9
cv2                     4.11.0
----------------------  ------------------------------------------------------------------------------------------
PyTorch built with:
  - GCC 9.3
  - C++ Version: 201703
  - Intel(R) oneAPI Math Kernel Library Version 2022.2-Product Build 20220804 for Intel(R) 64 architecture applications
  - Intel(R) MKL-DNN v2.7.3 (Git Hash 6dbeffbae1f23cbbeae17adb7b5b13f1f37c080e)
  - OpenMP 201511 (a.k.a. OpenMP 4.5)
  - LAPACK is enabled (usually provided by MKL)
  - NNPACK is enabled
  - CPU capability usage: AVX2
  - CUDA Runtime 11.7
  - NVCC architecture flags: -gencode;arch=compute_37,code=sm_37;-gencode;arch=compute_50,code=sm_50;-gencode;arch=compute_60,code=sm_60;-gencode;arch=compute_70,code=sm_70;-gencode;arch=compute_75,code=sm_75;-gencode;arch=compute_80,code=sm_80;-gencode;arch=compute_86,code=sm_86
  - CuDNN 8.5
  - Magma 2.6.1
  - Build settings: BLAS_INFO=mkl, BUILD_TYPE=Release, CUDA_VERSION=11.7, CUDNN_VERSION=8.5.0, CXX_COMPILER=/opt/rh/devtoolset-9/root/usr/bin/c++, CXX_FLAGS= -D_GLIBCXX_USE_CXX11_ABI=0 -fabi-version=11 -Wno-deprecated -fvisibility-inlines-hidden -DUSE_PTHREADPOOL -DNDEBUG -DUSE_KINETO -DLIBKINETO_NOROCTRACER -DUSE_FBGEMM -DUSE_QNNPACK -DUSE_PYTORCH_QNNPACK -DUSE_XNNPACK -DSYMBOLICATE_MOBILE_DEBUG_HANDLE -O2 -fPIC -Wall -Wextra -Werror=return-type -Werror=non-virtual-dtor -Werror=bool-operation -Wnarrowing -Wno-missing-field-initializers -Wno-type-limits -Wno-array-bounds -Wno-unknown-pragmas -Wunused-local-typedefs -Wno-unused-parameter -Wno-unused-function -Wno-unused-result -Wno-strict-overflow -Wno-strict-aliasing -Wno-error=deprecated-declarations -Wno-stringop-overflow -Wno-psabi -Wno-error=pedantic -Wno-error=redundant-decls -Wno-error=old-style-cast -fdiagnostics-color=always -faligned-new -Wno-unused-but-set-variable -Wno-maybe-uninitialized -fno-math-errno -fno-trapping-math -Werror=format -Werror=cast-function-type -Wno-stringop-overflow, LAPACK_INFO=mkl, PERF_WITH_AVX=1, PERF_WITH_AVX2=1, PERF_WITH_AVX512=1, TORCH_DISABLE_GPU_ASSERTS=ON, TORCH_VERSION=2.0.0, USE_CUDA=ON, USE_CUDNN=ON, USE_EXCEPTION_PTR=1, USE_GFLAGS=OFF, USE_GLOG=OFF, USE_MKL=ON, USE_MKLDNN=ON, USE_MPI=OFF, USE_NCCL=1, USE_NNPACK=ON, USE_OPENMP=ON, USE_ROCM=OFF, 

[12/10 02:08:04 detectron2]: Command line arguments: Namespace(config_file='configs/cs7_catseg.yaml', resume=False, eval_only=True, num_gpus=1, num_machines=1, machine_rank=0, dist_url='auto', opts=['OUTPUT_DIR', 'outputs/cs7_eva_b16_r512/eval', 'MODEL.SEM_SEG_HEAD.TEST_CLASS_JSON', 'datasets/cityscapes_19.json', 'MODEL.SEM_SEG_HEAD.ENABLE_HIGH_RES', 'False', 'DATASETS.TEST', '("bdd100k_val_seg",)', 'TEST.SLIDING_WINDOW', 'True', 'MODEL.SEM_SEG_HEAD.POOLING_SIZES', '[1,1]', 'MODEL.WEIGHTS', 'outputs/cs7_eva_b16_r512/model_0019999.pth'])
[12/10 02:08:04 detectron2]: Contents of args.config_file=configs/cs7_catseg.yaml:
_BASE_: config.yaml
DATASETS:
  TRAIN: ("cityscapes7_train",)
  TEST:  ("cityscapes19_val",)
MODEL:
  META_ARCHITECTURE: "CATSeg"
  PIXEL_MEAN: [123.675, 116.280, 103.530]
  PIXEL_STD: [58.395, 57.120, 57.375]
  SEM_SEG_HEAD:
    NAME: "CATSegHead"
    IN_FEATURES: [ "res2", "res3", "res4" ]
    IGNORE_VALUE: 255
    NUM_CLASSES: 19
    TRAIN_CLASS_JSON: "datasets/cityscapes_seen_7.json"
    TEST_CLASS_JSON:  "datasets/cityscapes_19.json"
    CLIP_PRETRAINED: "EVA02-CLIP-B-16"
    PROMPT_DEPTH: 0
    PROMPT_LENGTH: 0
    TEXT_GUIDANCE_DIM: 512
    TEXT_GUIDANCE_PROJ_DIM: 128
    APPEARANCE_GUIDANCE_DIM: 512
    APPEARANCE_GUIDANCE_PROJ_DIM: 128
    DECODER_DIMS: [ 64, 32 ]
    DECODER_GUIDANCE_DIMS: [ 256, 128 ]
    DECODER_GUIDANCE_PROJ_DIMS: [ 32, 16 ]
    NUM_LAYERS: 1
    NUM_HEADS: 4
    HIDDEN_DIMS: 128
    POOLING_SIZES: [ 1, 1 ]
    FEATURE_RESOLUTION: [ 32, 32 ]
    WINDOW_SIZES: 16
    ATTENTION_TYPE: "mamba"
    CLIP_FINETUNE: "vision_plus"
    CACHE_DIR: "/data/zd/TTA_VLM/DeCLIP-ZSSS/Pretrain/EVA02_CLIP_B_psz16_s8B.pt"
    ENABLE_HIGH_RES: "False"
  PROMPT_ENSEMBLE_TYPE: "multi_domain"
INPUT:
  MIN_SIZE_TRAIN: (512, 768)
  MIN_SIZE_TRAIN_SAMPLING: "choice"
  MAX_SIZE_TRAIN: 1024
  MIN_SIZE_TEST: 512
  MAX_SIZE_TEST: 1024
  CROP:
    ENABLED: True
    TYPE: "absolute"
    SIZE: (512, 512)
  SIZE_DIVISIBILITY: 32
  FORMAT: "RGB"
  DATASET_MAPPER_NAME: "mask_former_semantic"
SOLVER:
  IMS_PER_BATCH: 4
  LR_SCHEDULER_NAME: "WarmupCosineLR"
  BASE_LR: 0.0002
  MAX_ITER: 20000
  BACKBONE_MULTIPLIER: 0.0
  CLIP_MULTIPLIER: 0.01
TEST:
  EVAL_PERIOD: 40000
  SLIDING_WINDOW: True
  SW_KERNEL: 512
  SW_OVERLAP: 0.333
  SW_OUT_RES: [512, 1024]
[12/10 02:08:04 detectron2]: Running with full config:
CUDNN_BENCHMARK: true
DATALOADER:
  ASPECT_RATIO_GROUPING: true
  FILTER_EMPTY_ANNOTATIONS: true
  NUM_WORKERS: 8
  REPEAT_THRESHOLD: 0.0
  SAMPLER_TRAIN: TrainingSampler
DATASETS:
  PRECOMPUTED_PROPOSAL_TOPK_TEST: 1000
  PRECOMPUTED_PROPOSAL_TOPK_TRAIN: 2000
  PROPOSAL_FILES_TEST: []
  PROPOSAL_FILES_TRAIN: []
  TEST:
  - bdd100k_val_seg
  TRAIN:
  - cityscapes7_train
  VAL_ALL:
  - coco_2017_val_all_stuff_sem_seg
DDP:
  BROADCAST_BUFFERS: false
  FIND_UNUSED_PARAMETERS: true
GLOBAL:
  HACK: 1.0
INPUT:
  COLOR_AUG_SSD: true
  CROP:
    ENABLED: true
    SINGLE_CATEGORY_MAX_AREA: 1.0
    SIZE:
    - 512
    - 512
    TYPE: absolute
  DATASET_MAPPER_NAME: mask_former_semantic
  FORMAT: RGB
  MASK_FORMAT: polygon
  MAX_SIZE_TEST: 1024
  MAX_SIZE_TRAIN: 1024
  MIN_SIZE_TEST: 512
  MIN_SIZE_TRAIN:
  - 512
  - 768
  MIN_SIZE_TRAIN_SAMPLING: choice
  RANDOM_FLIP: horizontal
  SIZE_DIVISIBILITY: 32
MODEL:
  ANCHOR_GENERATOR:
    ANGLES:
    - - -90
      - 0
      - 90
    ASPECT_RATIOS:
    - - 0.5
      - 1.0
      - 2.0
    NAME: DefaultAnchorGenerator
    OFFSET: 0.0
    SIZES:
    - - 32
      - 64
      - 128
      - 256
      - 512
  BACKBONE:
    FREEZE_AT: 2
    NAME: build_resnet_backbone
  CLIP_PIXEL_MEAN:
  - 122.7709383
  - 116.7460125
  - 104.09373615
  CLIP_PIXEL_STD:
  - 68.5005327
  - 66.6321579
  - 70.323163
  DEVICE: cuda
  FPN:
    FUSE_TYPE: sum
    IN_FEATURES: []
    NORM: ''
    OUT_CHANNELS: 256
  KEYPOINT_ON: false
  LOAD_PROPOSALS: false
  MASK_FORMER:
    SIZE_DIVISIBILITY: 32
  MASK_ON: false
  META_ARCHITECTURE: CATSeg
  PANOPTIC_FPN:
    COMBINE:
      ENABLED: true
      INSTANCES_CONFIDENCE_THRESH: 0.5
      OVERLAP_THRESH: 0.5
      STUFF_AREA_LIMIT: 4096
    INSTANCE_LOSS_WEIGHT: 1.0
  PIXEL_MEAN:
  - 123.675
  - 116.28
  - 103.53
  PIXEL_STD:
  - 58.395
  - 57.12
  - 57.375
  PROMPT_ENSEMBLE: false
  PROMPT_ENSEMBLE_TYPE: multi_domain
  PROPOSAL_GENERATOR:
    MIN_SIZE: 0
    NAME: RPN
  RESNETS:
    DEFORM_MODULATED: false
    DEFORM_NUM_GROUPS: 1
    DEFORM_ON_PER_STAGE:
    - false
    - false
    - false
    - false
    DEPTH: 50
    NORM: FrozenBN
    NUM_GROUPS: 1
    OUT_FEATURES:
    - res4
    RES2_OUT_CHANNELS: 256
    RES4_DILATION: 1
    RES5_DILATION: 1
    RES5_MULTI_GRID:
    - 1
    - 2
    - 4
    STEM_OUT_CHANNELS: 64
    STEM_TYPE: deeplab
    STRIDE_IN_1X1: true
    WIDTH_PER_GROUP: 64
  RETINANET:
    BBOX_REG_LOSS_TYPE: smooth_l1
    BBOX_REG_WEIGHTS: &id002
    - 1.0
    - 1.0
    - 1.0
    - 1.0
    FOCAL_LOSS_ALPHA: 0.25
    FOCAL_LOSS_GAMMA: 2.0
    IN_FEATURES:
    - p3
    - p4
    - p5
    - p6
    - p7
    IOU_LABELS:
    - 0
    - -1
    - 1
    IOU_THRESHOLDS:
    - 0.4
    - 0.5
    NMS_THRESH_TEST: 0.5
    NORM: ''
    NUM_CLASSES: 80
    NUM_CONVS: 4
    PRIOR_PROB: 0.01
    SCORE_THRESH_TEST: 0.05
    SMOOTH_L1_LOSS_BETA: 0.1
    TOPK_CANDIDATES_TEST: 1000
  ROI_BOX_CASCADE_HEAD:
    BBOX_REG_WEIGHTS:
    - &id001
      - 10.0
      - 10.0
      - 5.0
      - 5.0
    - - 20.0
      - 20.0
      - 10.0
      - 10.0
    - - 30.0
      - 30.0
      - 15.0
      - 15.0
    IOUS:
    - 0.5
    - 0.6
    - 0.7
  ROI_BOX_HEAD:
    BBOX_REG_LOSS_TYPE: smooth_l1
    BBOX_REG_LOSS_WEIGHT: 1.0
    BBOX_REG_WEIGHTS: *id001
    CLS_AGNOSTIC_BBOX_REG: false
    CONV_DIM: 256
    FC_DIM: 1024
    NAME: ''
    NORM: ''
    NUM_CONV: 0
    NUM_FC: 0
    POOLER_RESOLUTION: 14
    POOLER_SAMPLING_RATIO: 0
    POOLER_TYPE: ROIAlignV2
    SMOOTH_L1_BETA: 0.0
    TRAIN_ON_PRED_BOXES: false
  ROI_HEADS:
    BATCH_SIZE_PER_IMAGE: 512
    IN_FEATURES:
    - res4
    IOU_LABELS:
    - 0
    - 1
    IOU_THRESHOLDS:
    - 0.5
    NAME: Res5ROIHeads
    NMS_THRESH_TEST: 0.5
    NUM_CLASSES: 80
    POSITIVE_FRACTION: 0.25
    PROPOSAL_APPEND_GT: true
    SCORE_THRESH_TEST: 0.05
  ROI_KEYPOINT_HEAD:
    CONV_DIMS:
    - 512
    - 512
    - 512
    - 512
    - 512
    - 512
    - 512
    - 512
    LOSS_WEIGHT: 1.0
    MIN_KEYPOINTS_PER_IMAGE: 1
    NAME: KRCNNConvDeconvUpsampleHead
    NORMALIZE_LOSS_BY_VISIBLE_KEYPOINTS: true
    NUM_KEYPOINTS: 17
    POOLER_RESOLUTION: 14
    POOLER_SAMPLING_RATIO: 0
    POOLER_TYPE: ROIAlignV2
  ROI_MASK_HEAD:
    CLS_AGNOSTIC_MASK: false
    CONV_DIM: 256
    NAME: MaskRCNNConvUpsampleHead
    NORM: ''
    NUM_CONV: 0
    POOLER_RESOLUTION: 14
    POOLER_SAMPLING_RATIO: 0
    POOLER_TYPE: ROIAlignV2
  RPN:
    BATCH_SIZE_PER_IMAGE: 256
    BBOX_REG_LOSS_TYPE: smooth_l1
    BBOX_REG_LOSS_WEIGHT: 1.0
    BBOX_REG_WEIGHTS: *id002
    BOUNDARY_THRESH: -1
    CONV_DIMS:
    - -1
    HEAD_NAME: StandardRPNHead
    IN_FEATURES:
    - res4
    IOU_LABELS:
    - 0
    - -1
    - 1
    IOU_THRESHOLDS:
    - 0.3
    - 0.7
    LOSS_WEIGHT: 1.0
    NMS_THRESH: 0.7
    POSITIVE_FRACTION: 0.5
    POST_NMS_TOPK_TEST: 1000
    POST_NMS_TOPK_TRAIN: 2000
    PRE_NMS_TOPK_TEST: 6000
    PRE_NMS_TOPK_TRAIN: 12000
    SMOOTH_L1_BETA: 0.0
  SEM_SEG_HEAD:
    APPEARANCE_GUIDANCE_DIM: 512
    APPEARANCE_GUIDANCE_PROJ_DIM: 128
    ASPP_CHANNELS: 256
    ASPP_DILATIONS:
    - 6
    - 12
    - 18
    ASPP_DROPOUT: 0.1
    ATTENTION_TYPE: mamba
    CACHE_DIR: /data/zd/TTA_VLM/DeCLIP-ZSSS/Pretrain/EVA02_CLIP_B_psz16_s8B.pt
    CLIP_FINETUNE: vision_plus
    CLIP_PRETRAINED: EVA02-CLIP-B-16
    COMMON_STRIDE: 4
    CONVS_DIM: 128
    DECODER_DIMS:
    - 64
    - 32
    DECODER_GUIDANCE_DIMS:
    - 256
    - 128
    DECODER_GUIDANCE_PROJ_DIMS:
    - 32
    - 16
    ENABLE_HIGH_RES: false
    FEATURE_RESOLUTION:
    - 32
    - 32
    HIDDEN_DIMS: 128
    IGNORE_VALUE: 255
    IN_FEATURES:
    - res2
    - res3
    - res4
    LOSS_TYPE: hard_pixel_mining
    LOSS_WEIGHT: 1.0
    NAME: CATSegHead
    NORM: GN
    NUM_CLASSES: 19
    NUM_HEADS: 4
    NUM_LAYERS: 1
    POOLING_SIZES:
    - 1
    - 1
    PROJECT_CHANNELS:
    - 48
    PROJECT_FEATURES:
    - res2
    PROMPT_DEPTH: 0
    PROMPT_LENGTH: 0
    TEST_CLASS_INDEXES: datasets/coco/coco_stuff/split/unseen_indexes.json
    TEST_CLASS_JSON: datasets/cityscapes_19.json
    TEXT_GUIDANCE_DIM: 512
    TEXT_GUIDANCE_PROJ_DIM: 128
    TRAIN_CLASS_INDEXES: datasets/coco/coco_stuff/split/seen_indexes.json
    TRAIN_CLASS_JSON: datasets/cityscapes_seen_7.json
    USE_DEPTHWISE_SEPARABLE_CONV: false
    WINDOW_SIZES: 16
  SWIN:
    APE: false
    ATTN_DROP_RATE: 0.0
    DEPTHS:
    - 2
    - 2
    - 6
    - 2
    DROP_PATH_RATE: 0.3
    DROP_RATE: 0.0
    EMBED_DIM: 96
    MLP_RATIO: 4.0
    NUM_HEADS:
    - 3
    - 6
    - 12
    - 24
    OUT_FEATURES:
    - res2
    - res3
    - res4
    - res5
    PATCH_NORM: true
    PATCH_SIZE: 4
    PRETRAIN_IMG_SIZE: 224
    QKV_BIAS: true
    QK_SCALE: null
    WINDOW_SIZE: 7
  WEIGHTS: outputs/cs7_eva_b16_r512/model_0019999.pth
OUTPUT_DIR: outputs/cs7_eva_b16_r512/eval
SEED: -1
SOLVER:
  AMP:
    ENABLED: false
  BACKBONE_MULTIPLIER: 0.0
  BASE_LR: 0.0002
  BIAS_LR_FACTOR: 1.0
  CHECKPOINT_PERIOD: 5000
  CLIP_GRADIENTS:
    CLIP_TYPE: full_model
    CLIP_VALUE: 0.01
    ENABLED: true
    NORM_TYPE: 2.0
  CLIP_MULTIPLIER: 0.01
  GAMMA: 0.1
  IMS_PER_BATCH: 4
  LR_SCHEDULER_NAME: WarmupCosineLR
  MAX_ITER: 20000
  MOMENTUM: 0.9
  NESTEROV: false
  OPTIMIZER: ADAMW
  POLY_LR_CONSTANT_ENDING: 0.0
  POLY_LR_POWER: 0.9
  REFERENCE_WORLD_SIZE: 0
  STEPS:
  - 30000
  WARMUP_FACTOR: 1.0
  WARMUP_ITERS: 0
  WARMUP_METHOD: linear
  WEIGHT_DECAY: 0.0001
  WEIGHT_DECAY_BIAS: null
  WEIGHT_DECAY_EMBED: 0.0
  WEIGHT_DECAY_NORM: 0.0
TEST:
  AUG:
    ENABLED: false
    FLIP: true
    MAX_SIZE: 4000
    MIN_SIZES:
    - 400
    - 500
    - 600
    - 700
    - 800
    - 900
    - 1000
    - 1100
    - 1200
  DETECTIONS_PER_IMAGE: 100
  EVAL_PERIOD: 40000
  EXPECTED_RESULTS: []
  KEYPOINT_OKS_SIGMAS: []
  PRECISE_BN:
    ENABLED: false
    NUM_ITER: 200
  SLIDING_WINDOW: true
  SW_KERNEL: 512
  SW_OUT_RES:
  - 512
  - 1024
  SW_OVERLAP: 0.333
VERSION: 2
VIS_PERIOD: 0

[12/10 02:08:04 detectron2]: Full config saved to outputs/cs7_eva_b16_r512/eval/config.yaml
[12/10 02:08:04 d2.utils.env]: Using a generated random seed 5006157
Freeze text encoder parameters
[12/10 02:08:09 d2.engine.defaults]: Model:
CATSeg(
  (sem_seg_head): CATSegHead(
    (predictor): CATSegPredictor(
      (clip_model): CustomCLIP(
        (visual): EVAVisionTransformer(
          (patch_embed): PatchEmbed(
            (proj): Conv2d(3, 768, kernel_size=(16, 16), stride=(16, 16))
          )
          (pos_drop): Dropout(p=0.0, inplace=False)
          (rope): VisionRotaryEmbeddingFast()
          (blocks): ModuleList(
            (0-11): 12 x Block(
              (norm1): LayerNorm((768,), eps=1e-06, elementwise_affine=True)
              (attn): Attention(
                (q_proj): Linear(in_features=768, out_features=768, bias=False)
                (k_proj): Linear(in_features=768, out_features=768, bias=False)
                (v_proj): Linear(in_features=768, out_features=768, bias=False)
                (attn_drop): Dropout(p=0.0, inplace=False)
                (inner_attn_ln): LayerNorm((768,), eps=1e-06, elementwise_affine=True)
                (proj): Linear(in_features=768, out_features=768, bias=True)
                (proj_drop): Dropout(p=0.0, inplace=False)
                (rope): VisionRotaryEmbeddingFast()
              )
              (drop_path): Identity()
              (norm2): LayerNorm((768,), eps=1e-06, elementwise_affine=True)
              (mlp): SwiGLU(
                (w1): Linear(in_features=768, out_features=2048, bias=True)
                (w2): Linear(in_features=768, out_features=2048, bias=True)
                (act): SiLU()
                (ffn_ln): LayerNorm((2048,), eps=1e-06, elementwise_affine=True)
                (w3): Linear(in_features=2048, out_features=768, bias=True)
                (drop): Dropout(p=0.0, inplace=False)
              )
            )
          )
          (norm): LayerNorm((768,), eps=1e-06, elementwise_affine=True)
          (head): Linear(in_features=768, out_features=512, bias=True)
          (patch_dropout): Identity()
        )
        (text): TextTransformer(
          (token_embedding): Embedding(49408, 512)
          (transformer): Transformer(
            (resblocks): ModuleList(
              (0-11): 12 x ResidualAttentionBlock(
                (ln_1): LayerNorm((512,), eps=1e-05, elementwise_affine=True)
                (attn): Attention(
                  (attn_drop): Dropout(p=0.0, inplace=False)
                  (out_proj): Linear(in_features=512, out_features=512, bias=True)
                  (out_drop): Dropout(p=0.0, inplace=False)
                )
                (ls_1): Identity()
                (ln_2): LayerNorm((512,), eps=1e-05, elementwise_affine=True)
                (mlp): Sequential(
                  (c_fc): Linear(in_features=512, out_features=2048, bias=True)
                  (gelu): GELU(approximate='none')
                  (c_proj): Linear(in_features=2048, out_features=512, bias=True)
                )
                (ls_2): Identity()
              )
            )
          )
          (ln_final): LayerNorm((512,), eps=1e-05, elementwise_affine=True)
        )
      )
      (transformer): AggregatorMambaLite(
        (layers): ModuleList(
          (0): Sequential(
            (0): AxialMambaBlockLite_v2(
              (film): FiLM2D(
                (pool): AdaptiveAvgPool2d(output_size=1)
                (fc): Conv2d(128, 256, kernel_size=(1, 1), stride=(1, 1))
              )
              (pre_mix): Sequential(
                (0): Conv2d(128, 128, kernel_size=(3, 3), stride=(1, 1), padding=(1, 1), groups=128)
                (1): Conv2d(128, 128, kernel_size=(1, 1), stride=(1, 1))
                (2): GELU(approximate='none')
              )
              (seq_row): Mamba1DWithDecayPrior(
                (out_norm): LayerNorm((128,), eps=1e-05, elementwise_affine=True)
                (gate): Sequential(
                  (0): Linear(in_features=128, out_features=128, bias=True)
                  (1): SiLU()
                )
                (proj_in): Linear(in_features=128, out_features=384, bias=True)
                (drop): Dropout(p=0.0, inplace=False)
              )
              (post_proj): Conv2d(128, 128, kernel_size=(1, 1), stride=(1, 1))
              (norm_tok): LayerNorm((128,), eps=1e-05, elementwise_affine=True)
              (ffn): Sequential(
                (0): Linear(in_features=128, out_features=384, bias=True)
                (1): GELU(approximate='none')
                (2): Linear(in_features=384, out_features=128, bias=True)
              )
              (down): Identity()
            )
            (1): ClassMambaLayerLite(
              (pool): AvgPool2d(kernel_size=[1, 1], stride=[1, 1], padding=0)
              (guid_proj): Linear(in_features=128, out_features=256, bias=True)
              (seq_block): _Mamba1DAdapterLite(
                (blocks): ModuleList(
                  (0): PseudoMamba1D(
                    (gate): Sequential(
                      (0): Linear(in_features=128, out_features=128, bias=True)
                      (1): SiLU()
                    )
                    (proj_in): Linear(in_features=128, out_features=384, bias=True)
                    (out_norm): LayerNorm((128,), eps=1e-05, elementwise_affine=True)
                    (drop): Dropout(p=0.0, inplace=False)
                  )
                )
                (norm): LayerNorm((128,), eps=1e-05, elementwise_affine=True)
              )
              (norm1): LayerNorm((128,), eps=1e-05, elementwise_affine=True)
              (norm2): LayerNorm((128,), eps=1e-05, elementwise_affine=True)
              (ffn): Sequential(
                (0): Linear(in_features=128, out_features=384, bias=True)
                (1): GELU(approximate='none')
                (2): Linear(in_features=384, out_features=128, bias=True)
              )
            )
          )
        )
        (conv1): Conv2d(1, 128, kernel_size=(7, 7), stride=(1, 1), padding=(3, 3))
        (guidance_projection): Sequential(
          (0): Conv2d(512, 128, kernel_size=(3, 3), stride=(1, 1), padding=(1, 1))
          (1): ReLU()
        )
        (text_guidance_projection): Sequential(
          (0): Linear(in_features=512, out_features=128, bias=True)
          (1): ReLU()
        )
        (decoder_guidance_projection): ModuleList(
          (0): Sequential(
            (0): Conv2d(256, 32, kernel_size=(3, 3), stride=(1, 1), padding=(1, 1))
            (1): ReLU()
          )
          (1): Sequential(
            (0): Conv2d(128, 16, kernel_size=(3, 3), stride=(1, 1), padding=(1, 1))
            (1): ReLU()
          )
        )
        (decoder1): UpLite(
          (up): ConvTranspose2d(128, 96, kernel_size=(2, 2), stride=(2, 2))
          (conv): Sequential(
            (0): Conv2d(128, 64, kernel_size=(3, 3), stride=(1, 1), padding=(1, 1), bias=False)
            (1): GroupNorm(4, 64, eps=1e-05, affine=True)
            (2): ReLU()
          )
        )
        (decoder2): UpLite(
          (up): ConvTranspose2d(64, 48, kernel_size=(2, 2), stride=(2, 2))
          (conv): Sequential(
            (0): Conv2d(64, 32, kernel_size=(3, 3), stride=(1, 1), padding=(1, 1), bias=False)
            (1): GroupNorm(2, 32, eps=1e-05, affine=True)
            (2): ReLU()
          )
        )
        (head): Conv2d(32, 1, kernel_size=(3, 3), stride=(1, 1), padding=(1, 1))
      )
    )
  )
  (upsample1): ConvTranspose2d(768, 256, kernel_size=(2, 2), stride=(2, 2))
  (upsample2): ConvTranspose2d(768, 128, kernel_size=(4, 4), stride=(4, 4))
)
[12/10 02:08:09 fvcore.common.checkpoint]: [Checkpointer] Loading from outputs/cs7_eva_b16_r512/model_0019999.pth ...
[12/10 02:08:10 d2.data.datasets.coco]: Loaded 1000 images with semantic segmentation from /data/zd/data/BDD/bdd-100k/bdd100k/images/10k/val/
[12/10 02:08:10 d2.data.dataset_mapper]: [DatasetMapper] Augmentations used in inference: [ResizeShortestEdge(short_edge_length=(512, 512), max_size=1024, sample_style='choice')]
[12/10 02:08:10 d2.data.common]: Serializing 1000 elements to byte tensors and concatenating them all ...
[12/10 02:08:10 d2.data.common]: Serialized dataset takes 0.20 MiB
[12/10 02:08:10 d2.data.datasets.coco]: Loaded 1000 images with semantic segmentation from /data/zd/data/BDD/bdd-100k/bdd100k/images/10k/val/
[12/10 02:08:10 d2.evaluation.evaluator]: Start inference on 1000 batches
Add a new rope freq of shape: torch.Size([1024, 64])
[12/10 02:08:12 d2.evaluation.evaluator]: Inference done 11/1000. Dataloading: 0.0009 s/iter. Inference: 0.0623 s/iter. Eval: 0.0523 s/iter. Total: 0.1156 s/iter. ETA=0:01:54
[12/10 02:08:18 d2.evaluation.evaluator]: Inference done 52/1000. Dataloading: 0.0016 s/iter. Inference: 0.0662 s/iter. Eval: 0.0553 s/iter. Total: 0.1232 s/iter. ETA=0:01:56
[12/10 02:08:23 d2.evaluation.evaluator]: Inference done 93/1000. Dataloading: 0.0017 s/iter. Inference: 0.0650 s/iter. Eval: 0.0566 s/iter. Total: 0.1234 s/iter. ETA=0:01:51
[12/10 02:08:28 d2.evaluation.evaluator]: Inference done 135/1000. Dataloading: 0.0018 s/iter. Inference: 0.0649 s/iter. Eval: 0.0558 s/iter. Total: 0.1225 s/iter. ETA=0:01:45
[12/10 02:08:33 d2.evaluation.evaluator]: Inference done 177/1000. Dataloading: 0.0018 s/iter. Inference: 0.0646 s/iter. Eval: 0.0557 s/iter. Total: 0.1222 s/iter. ETA=0:01:40
[12/10 02:08:38 d2.evaluation.evaluator]: Inference done 219/1000. Dataloading: 0.0018 s/iter. Inference: 0.0643 s/iter. Eval: 0.0556 s/iter. Total: 0.1217 s/iter. ETA=0:01:35
[12/10 02:08:43 d2.evaluation.evaluator]: Inference done 260/1000. Dataloading: 0.0018 s/iter. Inference: 0.0641 s/iter. Eval: 0.0559 s/iter. Total: 0.1219 s/iter. ETA=0:01:30
[12/10 02:08:48 d2.evaluation.evaluator]: Inference done 302/1000. Dataloading: 0.0018 s/iter. Inference: 0.0640 s/iter. Eval: 0.0557 s/iter. Total: 0.1216 s/iter. ETA=0:01:24
[12/10 02:08:53 d2.evaluation.evaluator]: Inference done 345/1000. Dataloading: 0.0018 s/iter. Inference: 0.0640 s/iter. Eval: 0.0554 s/iter. Total: 0.1212 s/iter. ETA=0:01:19
[12/10 02:08:58 d2.evaluation.evaluator]: Inference done 386/1000. Dataloading: 0.0018 s/iter. Inference: 0.0641 s/iter. Eval: 0.0556 s/iter. Total: 0.1216 s/iter. ETA=0:01:14
[12/10 02:09:03 d2.evaluation.evaluator]: Inference done 426/1000. Dataloading: 0.0018 s/iter. Inference: 0.0644 s/iter. Eval: 0.0557 s/iter. Total: 0.1220 s/iter. ETA=0:01:10
[12/10 02:09:08 d2.evaluation.evaluator]: Inference done 467/1000. Dataloading: 0.0018 s/iter. Inference: 0.0646 s/iter. Eval: 0.0558 s/iter. Total: 0.1222 s/iter. ETA=0:01:05
[12/10 02:09:13 d2.evaluation.evaluator]: Inference done 508/1000. Dataloading: 0.0018 s/iter. Inference: 0.0647 s/iter. Eval: 0.0558 s/iter. Total: 0.1224 s/iter. ETA=0:01:00
[12/10 02:09:18 d2.evaluation.evaluator]: Inference done 547/1000. Dataloading: 0.0018 s/iter. Inference: 0.0649 s/iter. Eval: 0.0561 s/iter. Total: 0.1229 s/iter. ETA=0:00:55
[12/10 02:09:23 d2.evaluation.evaluator]: Inference done 589/1000. Dataloading: 0.0018 s/iter. Inference: 0.0649 s/iter. Eval: 0.0561 s/iter. Total: 0.1228 s/iter. ETA=0:00:50
[12/10 02:09:29 d2.evaluation.evaluator]: Inference done 628/1000. Dataloading: 0.0018 s/iter. Inference: 0.0651 s/iter. Eval: 0.0563 s/iter. Total: 0.1233 s/iter. ETA=0:00:45
[12/10 02:09:34 d2.evaluation.evaluator]: Inference done 669/1000. Dataloading: 0.0018 s/iter. Inference: 0.0652 s/iter. Eval: 0.0562 s/iter. Total: 0.1233 s/iter. ETA=0:00:40
[12/10 02:09:39 d2.evaluation.evaluator]: Inference done 710/1000. Dataloading: 0.0018 s/iter. Inference: 0.0652 s/iter. Eval: 0.0562 s/iter. Total: 0.1232 s/iter. ETA=0:00:35
[12/10 02:09:44 d2.evaluation.evaluator]: Inference done 750/1000. Dataloading: 0.0018 s/iter. Inference: 0.0653 s/iter. Eval: 0.0563 s/iter. Total: 0.1235 s/iter. ETA=0:00:30
[12/10 02:09:49 d2.evaluation.evaluator]: Inference done 792/1000. Dataloading: 0.0018 s/iter. Inference: 0.0655 s/iter. Eval: 0.0561 s/iter. Total: 0.1234 s/iter. ETA=0:00:25
[12/10 02:09:54 d2.evaluation.evaluator]: Inference done 834/1000. Dataloading: 0.0018 s/iter. Inference: 0.0655 s/iter. Eval: 0.0560 s/iter. Total: 0.1233 s/iter. ETA=0:00:20
[12/10 02:09:59 d2.evaluation.evaluator]: Inference done 876/1000. Dataloading: 0.0018 s/iter. Inference: 0.0654 s/iter. Eval: 0.0558 s/iter. Total: 0.1231 s/iter. ETA=0:00:15
[12/10 02:10:04 d2.evaluation.evaluator]: Inference done 916/1000. Dataloading: 0.0018 s/iter. Inference: 0.0655 s/iter. Eval: 0.0558 s/iter. Total: 0.1232 s/iter. ETA=0:00:10
[12/10 02:10:09 d2.evaluation.evaluator]: Inference done 957/1000. Dataloading: 0.0018 s/iter. Inference: 0.0655 s/iter. Eval: 0.0558 s/iter. Total: 0.1232 s/iter. ETA=0:00:05
[12/10 02:10:14 d2.evaluation.evaluator]: Inference done 998/1000. Dataloading: 0.0018 s/iter. Inference: 0.0655 s/iter. Eval: 0.0558 s/iter. Total: 0.1232 s/iter. ETA=0:00:00
[12/10 02:10:14 d2.evaluation.evaluator]: Total inference time: 0:02:02.601163 (0.123217 s / iter per device, on 1 devices)
[12/10 02:10:14 d2.evaluation.evaluator]: Total inference pure compute time: 0:01:05 (0.065528 s / iter per device, on 1 devices)
[12/10 02:10:15 d2.evaluation.sem_seg_evaluation]: OrderedDict([('sem_seg', {'mIoU': 49.997747757238244, 'fwIoU': 85.41188056005701, 'IoU-road': 92.81607695401365, 'IoU-sidewalk': 61.773941094922456, 'IoU-building': 84.9806130467572, 'IoU-wall': 33.156020917047705, 'IoU-fence': 39.621518581474305, 'IoU-pole': 25.72143206530942, 'IoU-traffic light': 12.672403152210151, 'IoU-traffic sign': 18.83487320947855, 'IoU-vegetation': 83.94019217814211, 'IoU-terrain': 33.04812555408226, 'IoU-sky': 93.71694271417226, 'IoU-person': 60.516528899817544, 'IoU-rider': 4.72071258389523, 'IoU-car': 87.27897952641048, 'IoU-truck': 43.03951493992846, 'IoU-bus': 76.23568867796332, 'IoU-train': 0.0, 'IoU-motorcycle': 53.655610891614344, 'IoU-bicycle': 44.22803240028709, 'mACC': 61.85925315457074, 'pACC': 91.37918242312917, 'ACC-road': 95.33203023957282, 'ACC-sidewalk': 78.4494854218252, 'ACC-building': 91.62917107189978, 'ACC-wall': 56.61086110435417, 'ACC-fence': 53.30216867858193, 'ACC-pole': 30.70555068109756, 'ACC-traffic light': 49.803620094732956, 'ACC-traffic sign': 31.95189458417062, 'ACC-vegetation': 94.4839741964869, 'ACC-terrain': 45.080247478139434, 'ACC-sky': 95.42730799543901, 'ACC-person': 76.84724962742796, 'ACC-rider': 6.6698936205322275, 'ACC-car': 94.8595267969871, 'ACC-truck': 57.59042486069147, 'ACC-bus': 79.69601868572337, 'ACC-train': 0.0, 'ACC-motorcycle': 62.4535744237699, 'ACC-bicycle': 74.43281037541153})])
[12/10 02:10:15 d2.engine.defaults]: Evaluation results for bdd100k_val_seg in csv format:
[12/10 02:10:15 d2.evaluation.testing]: copypaste: Task: sem_seg
[12/10 02:10:15 d2.evaluation.testing]: copypaste: mIoU,fwIoU,mACC,pACC
[12/10 02:10:15 d2.evaluation.testing]: copypaste: 49.9977,85.4119,61.8593,91.3792
/data/zd/TTA_VLM/S2_Corr/train_net.py:16: FutureWarning: In the future `np.bool` will be defined as the corresponding NumPy scalar.
  if not hasattr(np, _name):
/data/zd/TTA_VLM/S2_Corr/train_net.py:16: FutureWarning: In the future `np.object` will be defined as the corresponding NumPy scalar.
  if not hasattr(np, _name):
/data/zd/TTA_VLM/S2_Corr/train_net.py:18: FutureWarning: In the future `np.long` will be defined as the corresponding NumPy scalar.
  if not hasattr(np, "long"):
/data2/anaconda3/envs/DeCLIP_CATSeg/lib/python3.10/site-packages/torchvision/datapoints/__init__.py:12: UserWarning: The torchvision.datapoints and torchvision.transforms.v2 namespaces are still Beta. While we do not expect major breaking changes, some APIs may still change according to user feedback. Please submit any feedback you may have in this issue: https://github.com/pytorch/vision/issues/6753, and you can also check out https://github.com/pytorch/vision/issues/7319 to learn more about the APIs that we suspect might involve future changes. You can silence this warning by calling torchvision.disable_beta_transforms_warning().
  warnings.warn(_BETA_TRANSFORMS_WARNING)
/data2/anaconda3/envs/DeCLIP_CATSeg/lib/python3.10/site-packages/torchvision/transforms/v2/__init__.py:54: UserWarning: The torchvision.datapoints and torchvision.transforms.v2 namespaces are still Beta. While we do not expect major breaking changes, some APIs may still change according to user feedback. Please submit any feedback you may have in this issue: https://github.com/pytorch/vision/issues/6753, and you can also check out https://github.com/pytorch/vision/issues/7319 to learn more about the APIs that we suspect might involve future changes. You can silence this warning by calling torchvision.disable_beta_transforms_warning().
  warnings.warn(_BETA_TRANSFORMS_WARNING)
Please 'pip install apex'
Command Line Args: Namespace(config_file='configs/cs7_catseg.yaml', resume=False, eval_only=True, num_gpus=1, num_machines=1, machine_rank=0, dist_url='auto', opts=['OUTPUT_DIR', 'outputs/cs7_eva_b16_r512/eval', 'MODEL.SEM_SEG_HEAD.TEST_CLASS_JSON', 'datasets/cityscapes_19.json', 'MODEL.SEM_SEG_HEAD.ENABLE_HIGH_RES', 'False', 'DATASETS.TEST', '("mapillary_val_seg",)', 'TEST.SLIDING_WINDOW', 'True', 'MODEL.SEM_SEG_HEAD.POOLING_SIZES', '[1,1]', 'MODEL.WEIGHTS', 'outputs/cs7_eva_b16_r512/model_0019999.pth'])
[12/10 02:10:19 detectron2]: Rank of current process: 0. World size: 1
[12/10 02:10:19 detectron2]: Environment info:
----------------------  ------------------------------------------------------------------------------------------
sys.platform            linux
Python                  3.10.0 (default, Mar  3 2022, 09:58:08) [GCC 7.5.0]
numpy                   1.26.4
detectron2              0.6 @/data2/anaconda3/envs/DeCLIP_CATSeg/lib/python3.10/site-packages/detectron2
Compiler                GCC 7.5
CUDA compiler           CUDA 11.6
detectron2 arch flags   8.0
DETECTRON2_ENV_MODULE   <not set>
PyTorch                 2.0.0+cu117 @/data2/anaconda3/envs/DeCLIP_CATSeg/lib/python3.10/site-packages/torch
PyTorch debug build     False
GPU available           Yes
GPU 0                   GeForce RTX 3090 (arch=8.6)
Driver version          460.84
CUDA_HOME               /usr/local/cuda-11.6
TORCH_CUDA_ARCH_LIST    8.0
Pillow                  9.1.0
torchvision             0.15.1+cu117 @/data2/anaconda3/envs/DeCLIP_CATSeg/lib/python3.10/site-packages/torchvision
torchvision arch flags  3.5, 5.0, 6.0, 7.0, 7.5, 8.0, 8.6
fvcore                  0.1.5.post20221221
iopath                  0.1.9
cv2                     4.11.0
----------------------  ------------------------------------------------------------------------------------------
PyTorch built with:
  - GCC 9.3
  - C++ Version: 201703
  - Intel(R) oneAPI Math Kernel Library Version 2022.2-Product Build 20220804 for Intel(R) 64 architecture applications
  - Intel(R) MKL-DNN v2.7.3 (Git Hash 6dbeffbae1f23cbbeae17adb7b5b13f1f37c080e)
  - OpenMP 201511 (a.k.a. OpenMP 4.5)
  - LAPACK is enabled (usually provided by MKL)
  - NNPACK is enabled
  - CPU capability usage: AVX2
  - CUDA Runtime 11.7
  - NVCC architecture flags: -gencode;arch=compute_37,code=sm_37;-gencode;arch=compute_50,code=sm_50;-gencode;arch=compute_60,code=sm_60;-gencode;arch=compute_70,code=sm_70;-gencode;arch=compute_75,code=sm_75;-gencode;arch=compute_80,code=sm_80;-gencode;arch=compute_86,code=sm_86
  - CuDNN 8.5
  - Magma 2.6.1
  - Build settings: BLAS_INFO=mkl, BUILD_TYPE=Release, CUDA_VERSION=11.7, CUDNN_VERSION=8.5.0, CXX_COMPILER=/opt/rh/devtoolset-9/root/usr/bin/c++, CXX_FLAGS= -D_GLIBCXX_USE_CXX11_ABI=0 -fabi-version=11 -Wno-deprecated -fvisibility-inlines-hidden -DUSE_PTHREADPOOL -DNDEBUG -DUSE_KINETO -DLIBKINETO_NOROCTRACER -DUSE_FBGEMM -DUSE_QNNPACK -DUSE_PYTORCH_QNNPACK -DUSE_XNNPACK -DSYMBOLICATE_MOBILE_DEBUG_HANDLE -O2 -fPIC -Wall -Wextra -Werror=return-type -Werror=non-virtual-dtor -Werror=bool-operation -Wnarrowing -Wno-missing-field-initializers -Wno-type-limits -Wno-array-bounds -Wno-unknown-pragmas -Wunused-local-typedefs -Wno-unused-parameter -Wno-unused-function -Wno-unused-result -Wno-strict-overflow -Wno-strict-aliasing -Wno-error=deprecated-declarations -Wno-stringop-overflow -Wno-psabi -Wno-error=pedantic -Wno-error=redundant-decls -Wno-error=old-style-cast -fdiagnostics-color=always -faligned-new -Wno-unused-but-set-variable -Wno-maybe-uninitialized -fno-math-errno -fno-trapping-math -Werror=format -Werror=cast-function-type -Wno-stringop-overflow, LAPACK_INFO=mkl, PERF_WITH_AVX=1, PERF_WITH_AVX2=1, PERF_WITH_AVX512=1, TORCH_DISABLE_GPU_ASSERTS=ON, TORCH_VERSION=2.0.0, USE_CUDA=ON, USE_CUDNN=ON, USE_EXCEPTION_PTR=1, USE_GFLAGS=OFF, USE_GLOG=OFF, USE_MKL=ON, USE_MKLDNN=ON, USE_MPI=OFF, USE_NCCL=1, USE_NNPACK=ON, USE_OPENMP=ON, USE_ROCM=OFF, 

[12/10 02:10:19 detectron2]: Command line arguments: Namespace(config_file='configs/cs7_catseg.yaml', resume=False, eval_only=True, num_gpus=1, num_machines=1, machine_rank=0, dist_url='auto', opts=['OUTPUT_DIR', 'outputs/cs7_eva_b16_r512/eval', 'MODEL.SEM_SEG_HEAD.TEST_CLASS_JSON', 'datasets/cityscapes_19.json', 'MODEL.SEM_SEG_HEAD.ENABLE_HIGH_RES', 'False', 'DATASETS.TEST', '("mapillary_val_seg",)', 'TEST.SLIDING_WINDOW', 'True', 'MODEL.SEM_SEG_HEAD.POOLING_SIZES', '[1,1]', 'MODEL.WEIGHTS', 'outputs/cs7_eva_b16_r512/model_0019999.pth'])
[12/10 02:10:19 detectron2]: Contents of args.config_file=configs/cs7_catseg.yaml:
_BASE_: config.yaml
DATASETS:
  TRAIN: ("cityscapes7_train",)
  TEST:  ("cityscapes19_val",)
MODEL:
  META_ARCHITECTURE: "CATSeg"
  PIXEL_MEAN: [123.675, 116.280, 103.530]
  PIXEL_STD: [58.395, 57.120, 57.375]
  SEM_SEG_HEAD:
    NAME: "CATSegHead"
    IN_FEATURES: [ "res2", "res3", "res4" ]
    IGNORE_VALUE: 255
    NUM_CLASSES: 19
    TRAIN_CLASS_JSON: "datasets/cityscapes_seen_7.json"
    TEST_CLASS_JSON:  "datasets/cityscapes_19.json"
    CLIP_PRETRAINED: "EVA02-CLIP-B-16"
    PROMPT_DEPTH: 0
    PROMPT_LENGTH: 0
    TEXT_GUIDANCE_DIM: 512
    TEXT_GUIDANCE_PROJ_DIM: 128
    APPEARANCE_GUIDANCE_DIM: 512
    APPEARANCE_GUIDANCE_PROJ_DIM: 128
    DECODER_DIMS: [ 64, 32 ]
    DECODER_GUIDANCE_DIMS: [ 256, 128 ]
    DECODER_GUIDANCE_PROJ_DIMS: [ 32, 16 ]
    NUM_LAYERS: 1
    NUM_HEADS: 4
    HIDDEN_DIMS: 128
    POOLING_SIZES: [ 1, 1 ]
    FEATURE_RESOLUTION: [ 32, 32 ]
    WINDOW_SIZES: 16
    ATTENTION_TYPE: "mamba"
    CLIP_FINETUNE: "vision_plus"
    CACHE_DIR: "/data/zd/TTA_VLM/DeCLIP-ZSSS/Pretrain/EVA02_CLIP_B_psz16_s8B.pt"
    ENABLE_HIGH_RES: "False"
  PROMPT_ENSEMBLE_TYPE: "multi_domain"
INPUT:
  MIN_SIZE_TRAIN: (512, 768)
  MIN_SIZE_TRAIN_SAMPLING: "choice"
  MAX_SIZE_TRAIN: 1024
  MIN_SIZE_TEST: 512
  MAX_SIZE_TEST: 1024
  CROP:
    ENABLED: True
    TYPE: "absolute"
    SIZE: (512, 512)
  SIZE_DIVISIBILITY: 32
  FORMAT: "RGB"
  DATASET_MAPPER_NAME: "mask_former_semantic"
SOLVER:
  IMS_PER_BATCH: 4
  LR_SCHEDULER_NAME: "WarmupCosineLR"
  BASE_LR: 0.0002
  MAX_ITER: 20000
  BACKBONE_MULTIPLIER: 0.0
  CLIP_MULTIPLIER: 0.01
TEST:
  EVAL_PERIOD: 40000
  SLIDING_WINDOW: True
  SW_KERNEL: 512
  SW_OVERLAP: 0.333
  SW_OUT_RES: [512, 1024]
[12/10 02:10:19 detectron2]: Running with full config:
CUDNN_BENCHMARK: true
DATALOADER:
  ASPECT_RATIO_GROUPING: true
  FILTER_EMPTY_ANNOTATIONS: true
  NUM_WORKERS: 8
  REPEAT_THRESHOLD: 0.0
  SAMPLER_TRAIN: TrainingSampler
DATASETS:
  PRECOMPUTED_PROPOSAL_TOPK_TEST: 1000
  PRECOMPUTED_PROPOSAL_TOPK_TRAIN: 2000
  PROPOSAL_FILES_TEST: []
  PROPOSAL_FILES_TRAIN: []
  TEST:
  - mapillary_val_seg
  TRAIN:
  - cityscapes7_train
  VAL_ALL:
  - coco_2017_val_all_stuff_sem_seg
DDP:
  BROADCAST_BUFFERS: false
  FIND_UNUSED_PARAMETERS: true
GLOBAL:
  HACK: 1.0
INPUT:
  COLOR_AUG_SSD: true
  CROP:
    ENABLED: true
    SINGLE_CATEGORY_MAX_AREA: 1.0
    SIZE:
    - 512
    - 512
    TYPE: absolute
  DATASET_MAPPER_NAME: mask_former_semantic
  FORMAT: RGB
  MASK_FORMAT: polygon
  MAX_SIZE_TEST: 1024
  MAX_SIZE_TRAIN: 1024
  MIN_SIZE_TEST: 512
  MIN_SIZE_TRAIN:
  - 512
  - 768
  MIN_SIZE_TRAIN_SAMPLING: choice
  RANDOM_FLIP: horizontal
  SIZE_DIVISIBILITY: 32
MODEL:
  ANCHOR_GENERATOR:
    ANGLES:
    - - -90
      - 0
      - 90
    ASPECT_RATIOS:
    - - 0.5
      - 1.0
      - 2.0
    NAME: DefaultAnchorGenerator
    OFFSET: 0.0
    SIZES:
    - - 32
      - 64
      - 128
      - 256
      - 512
  BACKBONE:
    FREEZE_AT: 2
    NAME: build_resnet_backbone
  CLIP_PIXEL_MEAN:
  - 122.7709383
  - 116.7460125
  - 104.09373615
  CLIP_PIXEL_STD:
  - 68.5005327
  - 66.6321579
  - 70.323163
  DEVICE: cuda
  FPN:
    FUSE_TYPE: sum
    IN_FEATURES: []
    NORM: ''
    OUT_CHANNELS: 256
  KEYPOINT_ON: false
  LOAD_PROPOSALS: false
  MASK_FORMER:
    SIZE_DIVISIBILITY: 32
  MASK_ON: false
  META_ARCHITECTURE: CATSeg
  PANOPTIC_FPN:
    COMBINE:
      ENABLED: true
      INSTANCES_CONFIDENCE_THRESH: 0.5
      OVERLAP_THRESH: 0.5
      STUFF_AREA_LIMIT: 4096
    INSTANCE_LOSS_WEIGHT: 1.0
  PIXEL_MEAN:
  - 123.675
  - 116.28
  - 103.53
  PIXEL_STD:
  - 58.395
  - 57.12
  - 57.375
  PROMPT_ENSEMBLE: false
  PROMPT_ENSEMBLE_TYPE: multi_domain
  PROPOSAL_GENERATOR:
    MIN_SIZE: 0
    NAME: RPN
  RESNETS:
    DEFORM_MODULATED: false
    DEFORM_NUM_GROUPS: 1
    DEFORM_ON_PER_STAGE:
    - false
    - false
    - false
    - false
    DEPTH: 50
    NORM: FrozenBN
    NUM_GROUPS: 1
    OUT_FEATURES:
    - res4
    RES2_OUT_CHANNELS: 256
    RES4_DILATION: 1
    RES5_DILATION: 1
    RES5_MULTI_GRID:
    - 1
    - 2
    - 4
    STEM_OUT_CHANNELS: 64
    STEM_TYPE: deeplab
    STRIDE_IN_1X1: true
    WIDTH_PER_GROUP: 64
  RETINANET:
    BBOX_REG_LOSS_TYPE: smooth_l1
    BBOX_REG_WEIGHTS: &id002
    - 1.0
    - 1.0
    - 1.0
    - 1.0
    FOCAL_LOSS_ALPHA: 0.25
    FOCAL_LOSS_GAMMA: 2.0
    IN_FEATURES:
    - p3
    - p4
    - p5
    - p6
    - p7
    IOU_LABELS:
    - 0
    - -1
    - 1
    IOU_THRESHOLDS:
    - 0.4
    - 0.5
    NMS_THRESH_TEST: 0.5
    NORM: ''
    NUM_CLASSES: 80
    NUM_CONVS: 4
    PRIOR_PROB: 0.01
    SCORE_THRESH_TEST: 0.05
    SMOOTH_L1_LOSS_BETA: 0.1
    TOPK_CANDIDATES_TEST: 1000
  ROI_BOX_CASCADE_HEAD:
    BBOX_REG_WEIGHTS:
    - &id001
      - 10.0
      - 10.0
      - 5.0
      - 5.0
    - - 20.0
      - 20.0
      - 10.0
      - 10.0
    - - 30.0
      - 30.0
      - 15.0
      - 15.0
    IOUS:
    - 0.5
    - 0.6
    - 0.7
  ROI_BOX_HEAD:
    BBOX_REG_LOSS_TYPE: smooth_l1
    BBOX_REG_LOSS_WEIGHT: 1.0
    BBOX_REG_WEIGHTS: *id001
    CLS_AGNOSTIC_BBOX_REG: false
    CONV_DIM: 256
    FC_DIM: 1024
    NAME: ''
    NORM: ''
    NUM_CONV: 0
    NUM_FC: 0
    POOLER_RESOLUTION: 14
    POOLER_SAMPLING_RATIO: 0
    POOLER_TYPE: ROIAlignV2
    SMOOTH_L1_BETA: 0.0
    TRAIN_ON_PRED_BOXES: false
  ROI_HEADS:
    BATCH_SIZE_PER_IMAGE: 512
    IN_FEATURES:
    - res4
    IOU_LABELS:
    - 0
    - 1
    IOU_THRESHOLDS:
    - 0.5
    NAME: Res5ROIHeads
    NMS_THRESH_TEST: 0.5
    NUM_CLASSES: 80
    POSITIVE_FRACTION: 0.25
    PROPOSAL_APPEND_GT: true
    SCORE_THRESH_TEST: 0.05
  ROI_KEYPOINT_HEAD:
    CONV_DIMS:
    - 512
    - 512
    - 512
    - 512
    - 512
    - 512
    - 512
    - 512
    LOSS_WEIGHT: 1.0
    MIN_KEYPOINTS_PER_IMAGE: 1
    NAME: KRCNNConvDeconvUpsampleHead
    NORMALIZE_LOSS_BY_VISIBLE_KEYPOINTS: true
    NUM_KEYPOINTS: 17
    POOLER_RESOLUTION: 14
    POOLER_SAMPLING_RATIO: 0
    POOLER_TYPE: ROIAlignV2
  ROI_MASK_HEAD:
    CLS_AGNOSTIC_MASK: false
    CONV_DIM: 256
    NAME: MaskRCNNConvUpsampleHead
    NORM: ''
    NUM_CONV: 0
    POOLER_RESOLUTION: 14
    POOLER_SAMPLING_RATIO: 0
    POOLER_TYPE: ROIAlignV2
  RPN:
    BATCH_SIZE_PER_IMAGE: 256
    BBOX_REG_LOSS_TYPE: smooth_l1
    BBOX_REG_LOSS_WEIGHT: 1.0
    BBOX_REG_WEIGHTS: *id002
    BOUNDARY_THRESH: -1
    CONV_DIMS:
    - -1
    HEAD_NAME: StandardRPNHead
    IN_FEATURES:
    - res4
    IOU_LABELS:
    - 0
    - -1
    - 1
    IOU_THRESHOLDS:
    - 0.3
    - 0.7
    LOSS_WEIGHT: 1.0
    NMS_THRESH: 0.7
    POSITIVE_FRACTION: 0.5
    POST_NMS_TOPK_TEST: 1000
    POST_NMS_TOPK_TRAIN: 2000
    PRE_NMS_TOPK_TEST: 6000
    PRE_NMS_TOPK_TRAIN: 12000
    SMOOTH_L1_BETA: 0.0
  SEM_SEG_HEAD:
    APPEARANCE_GUIDANCE_DIM: 512
    APPEARANCE_GUIDANCE_PROJ_DIM: 128
    ASPP_CHANNELS: 256
    ASPP_DILATIONS:
    - 6
    - 12
    - 18
    ASPP_DROPOUT: 0.1
    ATTENTION_TYPE: mamba
    CACHE_DIR: /data/zd/TTA_VLM/DeCLIP-ZSSS/Pretrain/EVA02_CLIP_B_psz16_s8B.pt
    CLIP_FINETUNE: vision_plus
    CLIP_PRETRAINED: EVA02-CLIP-B-16
    COMMON_STRIDE: 4
    CONVS_DIM: 128
    DECODER_DIMS:
    - 64
    - 32
    DECODER_GUIDANCE_DIMS:
    - 256
    - 128
    DECODER_GUIDANCE_PROJ_DIMS:
    - 32
    - 16
    ENABLE_HIGH_RES: false
    FEATURE_RESOLUTION:
    - 32
    - 32
    HIDDEN_DIMS: 128
    IGNORE_VALUE: 255
    IN_FEATURES:
    - res2
    - res3
    - res4
    LOSS_TYPE: hard_pixel_mining
    LOSS_WEIGHT: 1.0
    NAME: CATSegHead
    NORM: GN
    NUM_CLASSES: 19
    NUM_HEADS: 4
    NUM_LAYERS: 1
    POOLING_SIZES:
    - 1
    - 1
    PROJECT_CHANNELS:
    - 48
    PROJECT_FEATURES:
    - res2
    PROMPT_DEPTH: 0
    PROMPT_LENGTH: 0
    TEST_CLASS_INDEXES: datasets/coco/coco_stuff/split/unseen_indexes.json
    TEST_CLASS_JSON: datasets/cityscapes_19.json
    TEXT_GUIDANCE_DIM: 512
    TEXT_GUIDANCE_PROJ_DIM: 128
    TRAIN_CLASS_INDEXES: datasets/coco/coco_stuff/split/seen_indexes.json
    TRAIN_CLASS_JSON: datasets/cityscapes_seen_7.json
    USE_DEPTHWISE_SEPARABLE_CONV: false
    WINDOW_SIZES: 16
  SWIN:
    APE: false
    ATTN_DROP_RATE: 0.0
    DEPTHS:
    - 2
    - 2
    - 6
    - 2
    DROP_PATH_RATE: 0.3
    DROP_RATE: 0.0
    EMBED_DIM: 96
    MLP_RATIO: 4.0
    NUM_HEADS:
    - 3
    - 6
    - 12
    - 24
    OUT_FEATURES:
    - res2
    - res3
    - res4
    - res5
    PATCH_NORM: true
    PATCH_SIZE: 4
    PRETRAIN_IMG_SIZE: 224
    QKV_BIAS: true
    QK_SCALE: null
    WINDOW_SIZE: 7
  WEIGHTS: outputs/cs7_eva_b16_r512/model_0019999.pth
OUTPUT_DIR: outputs/cs7_eva_b16_r512/eval
SEED: -1
SOLVER:
  AMP:
    ENABLED: false
  BACKBONE_MULTIPLIER: 0.0
  BASE_LR: 0.0002
  BIAS_LR_FACTOR: 1.0
  CHECKPOINT_PERIOD: 5000
  CLIP_GRADIENTS:
    CLIP_TYPE: full_model
    CLIP_VALUE: 0.01
    ENABLED: true
    NORM_TYPE: 2.0
  CLIP_MULTIPLIER: 0.01
  GAMMA: 0.1
  IMS_PER_BATCH: 4
  LR_SCHEDULER_NAME: WarmupCosineLR
  MAX_ITER: 20000
  MOMENTUM: 0.9
  NESTEROV: false
  OPTIMIZER: ADAMW
  POLY_LR_CONSTANT_ENDING: 0.0
  POLY_LR_POWER: 0.9
  REFERENCE_WORLD_SIZE: 0
  STEPS:
  - 30000
  WARMUP_FACTOR: 1.0
  WARMUP_ITERS: 0
  WARMUP_METHOD: linear
  WEIGHT_DECAY: 0.0001
  WEIGHT_DECAY_BIAS: null
  WEIGHT_DECAY_EMBED: 0.0
  WEIGHT_DECAY_NORM: 0.0
TEST:
  AUG:
    ENABLED: false
    FLIP: true
    MAX_SIZE: 4000
    MIN_SIZES:
    - 400
    - 500
    - 600
    - 700
    - 800
    - 900
    - 1000
    - 1100
    - 1200
  DETECTIONS_PER_IMAGE: 100
  EVAL_PERIOD: 40000
  EXPECTED_RESULTS: []
  KEYPOINT_OKS_SIGMAS: []
  PRECISE_BN:
    ENABLED: false
    NUM_ITER: 200
  SLIDING_WINDOW: true
  SW_KERNEL: 512
  SW_OUT_RES:
  - 512
  - 1024
  SW_OVERLAP: 0.333
VERSION: 2
VIS_PERIOD: 0

[12/10 02:10:19 detectron2]: Full config saved to outputs/cs7_eva_b16_r512/eval/config.yaml
[12/10 02:10:19 d2.utils.env]: Using a generated random seed 20011357
Freeze text encoder parameters
[12/10 02:10:24 d2.engine.defaults]: Model:
CATSeg(
  (sem_seg_head): CATSegHead(
    (predictor): CATSegPredictor(
      (clip_model): CustomCLIP(
        (visual): EVAVisionTransformer(
          (patch_embed): PatchEmbed(
            (proj): Conv2d(3, 768, kernel_size=(16, 16), stride=(16, 16))
          )
          (pos_drop): Dropout(p=0.0, inplace=False)
          (rope): VisionRotaryEmbeddingFast()
          (blocks): ModuleList(
            (0-11): 12 x Block(
              (norm1): LayerNorm((768,), eps=1e-06, elementwise_affine=True)
              (attn): Attention(
                (q_proj): Linear(in_features=768, out_features=768, bias=False)
                (k_proj): Linear(in_features=768, out_features=768, bias=False)
                (v_proj): Linear(in_features=768, out_features=768, bias=False)
                (attn_drop): Dropout(p=0.0, inplace=False)
                (inner_attn_ln): LayerNorm((768,), eps=1e-06, elementwise_affine=True)
                (proj): Linear(in_features=768, out_features=768, bias=True)
                (proj_drop): Dropout(p=0.0, inplace=False)
                (rope): VisionRotaryEmbeddingFast()
              )
              (drop_path): Identity()
              (norm2): LayerNorm((768,), eps=1e-06, elementwise_affine=True)
              (mlp): SwiGLU(
                (w1): Linear(in_features=768, out_features=2048, bias=True)
                (w2): Linear(in_features=768, out_features=2048, bias=True)
                (act): SiLU()
                (ffn_ln): LayerNorm((2048,), eps=1e-06, elementwise_affine=True)
                (w3): Linear(in_features=2048, out_features=768, bias=True)
                (drop): Dropout(p=0.0, inplace=False)
              )
            )
          )
          (norm): LayerNorm((768,), eps=1e-06, elementwise_affine=True)
          (head): Linear(in_features=768, out_features=512, bias=True)
          (patch_dropout): Identity()
        )
        (text): TextTransformer(
          (token_embedding): Embedding(49408, 512)
          (transformer): Transformer(
            (resblocks): ModuleList(
              (0-11): 12 x ResidualAttentionBlock(
                (ln_1): LayerNorm((512,), eps=1e-05, elementwise_affine=True)
                (attn): Attention(
                  (attn_drop): Dropout(p=0.0, inplace=False)
                  (out_proj): Linear(in_features=512, out_features=512, bias=True)
                  (out_drop): Dropout(p=0.0, inplace=False)
                )
                (ls_1): Identity()
                (ln_2): LayerNorm((512,), eps=1e-05, elementwise_affine=True)
                (mlp): Sequential(
                  (c_fc): Linear(in_features=512, out_features=2048, bias=True)
                  (gelu): GELU(approximate='none')
                  (c_proj): Linear(in_features=2048, out_features=512, bias=True)
                )
                (ls_2): Identity()
              )
            )
          )
          (ln_final): LayerNorm((512,), eps=1e-05, elementwise_affine=True)
        )
      )
      (transformer): AggregatorMambaLite(
        (layers): ModuleList(
          (0): Sequential(
            (0): AxialMambaBlockLite_v2(
              (film): FiLM2D(
                (pool): AdaptiveAvgPool2d(output_size=1)
                (fc): Conv2d(128, 256, kernel_size=(1, 1), stride=(1, 1))
              )
              (pre_mix): Sequential(
                (0): Conv2d(128, 128, kernel_size=(3, 3), stride=(1, 1), padding=(1, 1), groups=128)
                (1): Conv2d(128, 128, kernel_size=(1, 1), stride=(1, 1))
                (2): GELU(approximate='none')
              )
              (seq_row): Mamba1DWithDecayPrior(
                (out_norm): LayerNorm((128,), eps=1e-05, elementwise_affine=True)
                (gate): Sequential(
                  (0): Linear(in_features=128, out_features=128, bias=True)
                  (1): SiLU()
                )
                (proj_in): Linear(in_features=128, out_features=384, bias=True)
                (drop): Dropout(p=0.0, inplace=False)
              )
              (post_proj): Conv2d(128, 128, kernel_size=(1, 1), stride=(1, 1))
              (norm_tok): LayerNorm((128,), eps=1e-05, elementwise_affine=True)
              (ffn): Sequential(
                (0): Linear(in_features=128, out_features=384, bias=True)
                (1): GELU(approximate='none')
                (2): Linear(in_features=384, out_features=128, bias=True)
              )
              (down): Identity()
            )
            (1): ClassMambaLayerLite(
              (pool): AvgPool2d(kernel_size=[1, 1], stride=[1, 1], padding=0)
              (guid_proj): Linear(in_features=128, out_features=256, bias=True)
              (seq_block): _Mamba1DAdapterLite(
                (blocks): ModuleList(
                  (0): PseudoMamba1D(
                    (gate): Sequential(
                      (0): Linear(in_features=128, out_features=128, bias=True)
                      (1): SiLU()
                    )
                    (proj_in): Linear(in_features=128, out_features=384, bias=True)
                    (out_norm): LayerNorm((128,), eps=1e-05, elementwise_affine=True)
                    (drop): Dropout(p=0.0, inplace=False)
                  )
                )
                (norm): LayerNorm((128,), eps=1e-05, elementwise_affine=True)
              )
              (norm1): LayerNorm((128,), eps=1e-05, elementwise_affine=True)
              (norm2): LayerNorm((128,), eps=1e-05, elementwise_affine=True)
              (ffn): Sequential(
                (0): Linear(in_features=128, out_features=384, bias=True)
                (1): GELU(approximate='none')
                (2): Linear(in_features=384, out_features=128, bias=True)
              )
            )
          )
        )
        (conv1): Conv2d(1, 128, kernel_size=(7, 7), stride=(1, 1), padding=(3, 3))
        (guidance_projection): Sequential(
          (0): Conv2d(512, 128, kernel_size=(3, 3), stride=(1, 1), padding=(1, 1))
          (1): ReLU()
        )
        (text_guidance_projection): Sequential(
          (0): Linear(in_features=512, out_features=128, bias=True)
          (1): ReLU()
        )
        (decoder_guidance_projection): ModuleList(
          (0): Sequential(
            (0): Conv2d(256, 32, kernel_size=(3, 3), stride=(1, 1), padding=(1, 1))
            (1): ReLU()
          )
          (1): Sequential(
            (0): Conv2d(128, 16, kernel_size=(3, 3), stride=(1, 1), padding=(1, 1))
            (1): ReLU()
          )
        )
        (decoder1): UpLite(
          (up): ConvTranspose2d(128, 96, kernel_size=(2, 2), stride=(2, 2))
          (conv): Sequential(
            (0): Conv2d(128, 64, kernel_size=(3, 3), stride=(1, 1), padding=(1, 1), bias=False)
            (1): GroupNorm(4, 64, eps=1e-05, affine=True)
            (2): ReLU()
          )
        )
        (decoder2): UpLite(
          (up): ConvTranspose2d(64, 48, kernel_size=(2, 2), stride=(2, 2))
          (conv): Sequential(
            (0): Conv2d(64, 32, kernel_size=(3, 3), stride=(1, 1), padding=(1, 1), bias=False)
            (1): GroupNorm(2, 32, eps=1e-05, affine=True)
            (2): ReLU()
          )
        )
        (head): Conv2d(32, 1, kernel_size=(3, 3), stride=(1, 1), padding=(1, 1))
      )
    )
  )
  (upsample1): ConvTranspose2d(768, 256, kernel_size=(2, 2), stride=(2, 2))
  (upsample2): ConvTranspose2d(768, 128, kernel_size=(4, 4), stride=(4, 4))
)
[12/10 02:10:24 fvcore.common.checkpoint]: [Checkpointer] Loading from outputs/cs7_eva_b16_r512/model_0019999.pth ...
[12/10 02:10:25 d2.data.datasets.coco]: Loaded 2000 images with semantic segmentation from /data/zd/data/Mapillary/mapillary/val/images/
[12/10 02:10:25 d2.data.dataset_mapper]: [DatasetMapper] Augmentations used in inference: [ResizeShortestEdge(short_edge_length=(512, 512), max_size=1024, sample_style='choice')]
[12/10 02:10:25 d2.data.common]: Serializing 2000 elements to byte tensors and concatenating them all ...
[12/10 02:10:25 d2.data.common]: Serialized dataset takes 0.42 MiB
[12/10 02:10:25 d2.data.datasets.coco]: Loaded 2000 images with semantic segmentation from /data/zd/data/Mapillary/mapillary/val/images/
[12/10 02:10:25 d2.evaluation.evaluator]: Start inference on 2000 batches
Add a new rope freq of shape: torch.Size([1024, 64])
[12/10 02:10:40 d2.evaluation.evaluator]: Inference done 11/2000. Dataloading: 0.0008 s/iter. Inference: 0.0692 s/iter. Eval: 1.4287 s/iter. Total: 1.4987 s/iter. ETA=0:49:41
[12/10 02:10:46 d2.evaluation.evaluator]: Inference done 16/2000. Dataloading: 0.0009 s/iter. Inference: 0.0696 s/iter. Eval: 1.2803 s/iter. Total: 1.3509 s/iter. ETA=0:44:40
[12/10 02:10:52 d2.evaluation.evaluator]: Inference done 21/2000. Dataloading: 0.0011 s/iter. Inference: 0.0695 s/iter. Eval: 1.2122 s/iter. Total: 1.2828 s/iter. ETA=0:42:18
[12/10 02:10:58 d2.evaluation.evaluator]: Inference done 25/2000. Dataloading: 0.0012 s/iter. Inference: 0.0695 s/iter. Eval: 1.2780 s/iter. Total: 1.3488 s/iter. ETA=0:44:23
[12/10 02:11:04 d2.evaluation.evaluator]: Inference done 30/2000. Dataloading: 0.0012 s/iter. Inference: 0.0697 s/iter. Eval: 1.2231 s/iter. Total: 1.2941 s/iter. ETA=0:42:29
[12/10 02:11:09 d2.evaluation.evaluator]: Inference done 33/2000. Dataloading: 0.0013 s/iter. Inference: 0.0695 s/iter. Eval: 1.2632 s/iter. Total: 1.3342 s/iter. ETA=0:43:44
[12/10 02:11:15 d2.evaluation.evaluator]: Inference done 38/2000. Dataloading: 0.0013 s/iter. Inference: 0.0697 s/iter. Eval: 1.2502 s/iter. Total: 1.3213 s/iter. ETA=0:43:12
[12/10 02:11:21 d2.evaluation.evaluator]: Inference done 43/2000. Dataloading: 0.0014 s/iter. Inference: 0.0697 s/iter. Eval: 1.2419 s/iter. Total: 1.3131 s/iter. ETA=0:42:49
[12/10 02:11:28 d2.evaluation.evaluator]: Inference done 48/2000. Dataloading: 0.0014 s/iter. Inference: 0.0698 s/iter. Eval: 1.2377 s/iter. Total: 1.3090 s/iter. ETA=0:42:35
[12/10 02:11:34 d2.evaluation.evaluator]: Inference done 54/2000. Dataloading: 0.0014 s/iter. Inference: 0.0696 s/iter. Eval: 1.1989 s/iter. Total: 1.2700 s/iter. ETA=0:41:11
[12/10 02:11:39 d2.evaluation.evaluator]: Inference done 59/2000. Dataloading: 0.0014 s/iter. Inference: 0.0694 s/iter. Eval: 1.1887 s/iter. Total: 1.2596 s/iter. ETA=0:40:44
[12/10 02:11:45 d2.evaluation.evaluator]: Inference done 62/2000. Dataloading: 0.0014 s/iter. Inference: 0.0695 s/iter. Eval: 1.2128 s/iter. Total: 1.2838 s/iter. ETA=0:41:28
[12/10 02:11:50 d2.evaluation.evaluator]: Inference done 67/2000. Dataloading: 0.0015 s/iter. Inference: 0.0695 s/iter. Eval: 1.1954 s/iter. Total: 1.2664 s/iter. ETA=0:40:47
[12/10 02:11:56 d2.evaluation.evaluator]: Inference done 72/2000. Dataloading: 0.0015 s/iter. Inference: 0.0694 s/iter. Eval: 1.1932 s/iter. Total: 1.2642 s/iter. ETA=0:40:37
[12/10 02:12:01 d2.evaluation.evaluator]: Inference done 76/2000. Dataloading: 0.0015 s/iter. Inference: 0.0695 s/iter. Eval: 1.1944 s/iter. Total: 1.2654 s/iter. ETA=0:40:34
[12/10 02:12:06 d2.evaluation.evaluator]: Inference done 79/2000. Dataloading: 0.0015 s/iter. Inference: 0.0694 s/iter. Eval: 1.2132 s/iter. Total: 1.2842 s/iter. ETA=0:41:06
[12/10 02:12:14 d2.evaluation.evaluator]: Inference done 83/2000. Dataloading: 0.0015 s/iter. Inference: 0.0694 s/iter. Eval: 1.2478 s/iter. Total: 1.3188 s/iter. ETA=0:42:08
[12/10 02:12:19 d2.evaluation.evaluator]: Inference done 88/2000. Dataloading: 0.0015 s/iter. Inference: 0.0694 s/iter. Eval: 1.2307 s/iter. Total: 1.3017 s/iter. ETA=0:41:28
[12/10 02:12:25 d2.evaluation.evaluator]: Inference done 92/2000. Dataloading: 0.0015 s/iter. Inference: 0.0693 s/iter. Eval: 1.2325 s/iter. Total: 1.3035 s/iter. ETA=0:41:27
[12/10 02:12:32 d2.evaluation.evaluator]: Inference done 97/2000. Dataloading: 0.0015 s/iter. Inference: 0.0692 s/iter. Eval: 1.2386 s/iter. Total: 1.3095 s/iter. ETA=0:41:31
[12/10 02:12:37 d2.evaluation.evaluator]: Inference done 100/2000. Dataloading: 0.0015 s/iter. Inference: 0.0693 s/iter. Eval: 1.2518 s/iter. Total: 1.3227 s/iter. ETA=0:41:53
[12/10 02:12:42 d2.evaluation.evaluator]: Inference done 105/2000. Dataloading: 0.0015 s/iter. Inference: 0.0692 s/iter. Eval: 1.2361 s/iter. Total: 1.3069 s/iter. ETA=0:41:16
[12/10 02:12:47 d2.evaluation.evaluator]: Inference done 110/2000. Dataloading: 0.0015 s/iter. Inference: 0.0694 s/iter. Eval: 1.2243 s/iter. Total: 1.2953 s/iter. ETA=0:40:48
[12/10 02:12:55 d2.evaluation.evaluator]: Inference done 115/2000. Dataloading: 0.0015 s/iter. Inference: 0.0693 s/iter. Eval: 1.2368 s/iter. Total: 1.3078 s/iter. ETA=0:41:05
[12/10 02:13:01 d2.evaluation.evaluator]: Inference done 119/2000. Dataloading: 0.0015 s/iter. Inference: 0.0694 s/iter. Eval: 1.2421 s/iter. Total: 1.3132 s/iter. ETA=0:41:10
[12/10 02:13:08 d2.evaluation.evaluator]: Inference done 124/2000. Dataloading: 0.0016 s/iter. Inference: 0.0693 s/iter. Eval: 1.2436 s/iter. Total: 1.3146 s/iter. ETA=0:41:06
[12/10 02:13:13 d2.evaluation.evaluator]: Inference done 129/2000. Dataloading: 0.0016 s/iter. Inference: 0.0693 s/iter. Eval: 1.2331 s/iter. Total: 1.3040 s/iter. ETA=0:40:39
[12/10 02:13:18 d2.evaluation.evaluator]: Inference done 134/2000. Dataloading: 0.0016 s/iter. Inference: 0.0694 s/iter. Eval: 1.2214 s/iter. Total: 1.2924 s/iter. ETA=0:40:11
[12/10 02:13:23 d2.evaluation.evaluator]: Inference done 138/2000. Dataloading: 0.0016 s/iter. Inference: 0.0694 s/iter. Eval: 1.2227 s/iter. Total: 1.2937 s/iter. ETA=0:40:08
[12/10 02:13:29 d2.evaluation.evaluator]: Inference done 142/2000. Dataloading: 0.0016 s/iter. Inference: 0.0693 s/iter. Eval: 1.2289 s/iter. Total: 1.2999 s/iter. ETA=0:40:15
[12/10 02:13:36 d2.evaluation.evaluator]: Inference done 145/2000. Dataloading: 0.0016 s/iter. Inference: 0.0694 s/iter. Eval: 1.2440 s/iter. Total: 1.3150 s/iter. ETA=0:40:39
[12/10 02:13:41 d2.evaluation.evaluator]: Inference done 148/2000. Dataloading: 0.0016 s/iter. Inference: 0.0694 s/iter. Eval: 1.2541 s/iter. Total: 1.3252 s/iter. ETA=0:40:54
[12/10 02:13:47 d2.evaluation.evaluator]: Inference done 151/2000. Dataloading: 0.0016 s/iter. Inference: 0.0694 s/iter. Eval: 1.2673 s/iter. Total: 1.3384 s/iter. ETA=0:41:14
[12/10 02:13:54 d2.evaluation.evaluator]: Inference done 156/2000. Dataloading: 0.0016 s/iter. Inference: 0.0695 s/iter. Eval: 1.2721 s/iter. Total: 1.3432 s/iter. ETA=0:41:16
[12/10 02:14:00 d2.evaluation.evaluator]: Inference done 160/2000. Dataloading: 0.0016 s/iter. Inference: 0.0697 s/iter. Eval: 1.2748 s/iter. Total: 1.3461 s/iter. ETA=0:41:16
[12/10 02:14:05 d2.evaluation.evaluator]: Inference done 163/2000. Dataloading: 0.0016 s/iter. Inference: 0.0697 s/iter. Eval: 1.2825 s/iter. Total: 1.3539 s/iter. ETA=0:41:27
[12/10 02:14:10 d2.evaluation.evaluator]: Inference done 167/2000. Dataloading: 0.0016 s/iter. Inference: 0.0698 s/iter. Eval: 1.2809 s/iter. Total: 1.3524 s/iter. ETA=0:41:18
[12/10 02:14:16 d2.evaluation.evaluator]: Inference done 171/2000. Dataloading: 0.0016 s/iter. Inference: 0.0699 s/iter. Eval: 1.2822 s/iter. Total: 1.3538 s/iter. ETA=0:41:16
[12/10 02:14:22 d2.evaluation.evaluator]: Inference done 176/2000. Dataloading: 0.0017 s/iter. Inference: 0.0700 s/iter. Eval: 1.2750 s/iter. Total: 1.3468 s/iter. ETA=0:40:56
[12/10 02:14:27 d2.evaluation.evaluator]: Inference done 179/2000. Dataloading: 0.0017 s/iter. Inference: 0.0700 s/iter. Eval: 1.2808 s/iter. Total: 1.3526 s/iter. ETA=0:41:03
[12/10 02:14:33 d2.evaluation.evaluator]: Inference done 182/2000. Dataloading: 0.0017 s/iter. Inference: 0.0700 s/iter. Eval: 1.2913 s/iter. Total: 1.3631 s/iter. ETA=0:41:18
[12/10 02:14:39 d2.evaluation.evaluator]: Inference done 187/2000. Dataloading: 0.0017 s/iter. Inference: 0.0701 s/iter. Eval: 1.2860 s/iter. Total: 1.3580 s/iter. ETA=0:41:01
[12/10 02:14:44 d2.evaluation.evaluator]: Inference done 192/2000. Dataloading: 0.0017 s/iter. Inference: 0.0701 s/iter. Eval: 1.2798 s/iter. Total: 1.3517 s/iter. ETA=0:40:43
[12/10 02:14:50 d2.evaluation.evaluator]: Inference done 197/2000. Dataloading: 0.0017 s/iter. Inference: 0.0701 s/iter. Eval: 1.2736 s/iter. Total: 1.3456 s/iter. ETA=0:40:26
[12/10 02:14:56 d2.evaluation.evaluator]: Inference done 202/2000. Dataloading: 0.0017 s/iter. Inference: 0.0701 s/iter. Eval: 1.2693 s/iter. Total: 1.3412 s/iter. ETA=0:40:11
[12/10 02:15:01 d2.evaluation.evaluator]: Inference done 206/2000. Dataloading: 0.0017 s/iter. Inference: 0.0701 s/iter. Eval: 1.2678 s/iter. Total: 1.3398 s/iter. ETA=0:40:03
[12/10 02:15:07 d2.evaluation.evaluator]: Inference done 213/2000. Dataloading: 0.0017 s/iter. Inference: 0.0702 s/iter. Eval: 1.2538 s/iter. Total: 1.3259 s/iter. ETA=0:39:29
[12/10 02:15:13 d2.evaluation.evaluator]: Inference done 217/2000. Dataloading: 0.0018 s/iter. Inference: 0.0701 s/iter. Eval: 1.2544 s/iter. Total: 1.3264 s/iter. ETA=0:39:24
[12/10 02:15:18 d2.evaluation.evaluator]: Inference done 223/2000. Dataloading: 0.0018 s/iter. Inference: 0.0702 s/iter. Eval: 1.2427 s/iter. Total: 1.3148 s/iter. ETA=0:38:56
[12/10 02:15:25 d2.evaluation.evaluator]: Inference done 227/2000. Dataloading: 0.0018 s/iter. Inference: 0.0702 s/iter. Eval: 1.2498 s/iter. Total: 1.3219 s/iter. ETA=0:39:03
[12/10 02:15:30 d2.evaluation.evaluator]: Inference done 232/2000. Dataloading: 0.0018 s/iter. Inference: 0.0702 s/iter. Eval: 1.2449 s/iter. Total: 1.3170 s/iter. ETA=0:38:48
[12/10 02:15:36 d2.evaluation.evaluator]: Inference done 236/2000. Dataloading: 0.0018 s/iter. Inference: 0.0702 s/iter. Eval: 1.2449 s/iter. Total: 1.3171 s/iter. ETA=0:38:43
[12/10 02:15:43 d2.evaluation.evaluator]: Inference done 240/2000. Dataloading: 0.0018 s/iter. Inference: 0.0702 s/iter. Eval: 1.2520 s/iter. Total: 1.3241 s/iter. ETA=0:38:50
[12/10 02:15:48 d2.evaluation.evaluator]: Inference done 245/2000. Dataloading: 0.0018 s/iter. Inference: 0.0701 s/iter. Eval: 1.2459 s/iter. Total: 1.3179 s/iter. ETA=0:38:32
[12/10 02:15:53 d2.evaluation.evaluator]: Inference done 250/2000. Dataloading: 0.0018 s/iter. Inference: 0.0701 s/iter. Eval: 1.2405 s/iter. Total: 1.3125 s/iter. ETA=0:38:16
[12/10 02:15:59 d2.evaluation.evaluator]: Inference done 255/2000. Dataloading: 0.0018 s/iter. Inference: 0.0701 s/iter. Eval: 1.2402 s/iter. Total: 1.3122 s/iter. ETA=0:38:09
[12/10 02:16:05 d2.evaluation.evaluator]: Inference done 259/2000. Dataloading: 0.0018 s/iter. Inference: 0.0701 s/iter. Eval: 1.2395 s/iter. Total: 1.3116 s/iter. ETA=0:38:03
[12/10 02:16:10 d2.evaluation.evaluator]: Inference done 263/2000. Dataloading: 0.0018 s/iter. Inference: 0.0701 s/iter. Eval: 1.2399 s/iter. Total: 1.3119 s/iter. ETA=0:37:58
[12/10 02:16:15 d2.evaluation.evaluator]: Inference done 269/2000. Dataloading: 0.0018 s/iter. Inference: 0.0700 s/iter. Eval: 1.2305 s/iter. Total: 1.3025 s/iter. ETA=0:37:34
[12/10 02:16:21 d2.evaluation.evaluator]: Inference done 273/2000. Dataloading: 0.0018 s/iter. Inference: 0.0700 s/iter. Eval: 1.2320 s/iter. Total: 1.3040 s/iter. ETA=0:37:32
[12/10 02:16:26 d2.evaluation.evaluator]: Inference done 279/2000. Dataloading: 0.0018 s/iter. Inference: 0.0699 s/iter. Eval: 1.2230 s/iter. Total: 1.2949 s/iter. ETA=0:37:08
[12/10 02:16:33 d2.evaluation.evaluator]: Inference done 285/2000. Dataloading: 0.0018 s/iter. Inference: 0.0699 s/iter. Eval: 1.2194 s/iter. Total: 1.2913 s/iter. ETA=0:36:54
[12/10 02:16:39 d2.evaluation.evaluator]: Inference done 291/2000. Dataloading: 0.0018 s/iter. Inference: 0.0699 s/iter. Eval: 1.2128 s/iter. Total: 1.2846 s/iter. ETA=0:36:35
[12/10 02:16:45 d2.evaluation.evaluator]: Inference done 297/2000. Dataloading: 0.0018 s/iter. Inference: 0.0699 s/iter. Eval: 1.2074 s/iter. Total: 1.2793 s/iter. ETA=0:36:18
[12/10 02:16:50 d2.evaluation.evaluator]: Inference done 302/2000. Dataloading: 0.0018 s/iter. Inference: 0.0698 s/iter. Eval: 1.2031 s/iter. Total: 1.2749 s/iter. ETA=0:36:04
[12/10 02:16:55 d2.evaluation.evaluator]: Inference done 306/2000. Dataloading: 0.0018 s/iter. Inference: 0.0698 s/iter. Eval: 1.2028 s/iter. Total: 1.2746 s/iter. ETA=0:35:59
[12/10 02:17:01 d2.evaluation.evaluator]: Inference done 311/2000. Dataloading: 0.0019 s/iter. Inference: 0.0698 s/iter. Eval: 1.1999 s/iter. Total: 1.2717 s/iter. ETA=0:35:47
[12/10 02:17:06 d2.evaluation.evaluator]: Inference done 315/2000. Dataloading: 0.0019 s/iter. Inference: 0.0698 s/iter. Eval: 1.2021 s/iter. Total: 1.2739 s/iter. ETA=0:35:46
[12/10 02:17:12 d2.evaluation.evaluator]: Inference done 319/2000. Dataloading: 0.0019 s/iter. Inference: 0.0698 s/iter. Eval: 1.2048 s/iter. Total: 1.2766 s/iter. ETA=0:35:45
[12/10 02:17:18 d2.evaluation.evaluator]: Inference done 323/2000. Dataloading: 0.0019 s/iter. Inference: 0.0698 s/iter. Eval: 1.2071 s/iter. Total: 1.2789 s/iter. ETA=0:35:44
[12/10 02:17:23 d2.evaluation.evaluator]: Inference done 328/2000. Dataloading: 0.0019 s/iter. Inference: 0.0698 s/iter. Eval: 1.2040 s/iter. Total: 1.2758 s/iter. ETA=0:35:33
[12/10 02:17:29 d2.evaluation.evaluator]: Inference done 333/2000. Dataloading: 0.0019 s/iter. Inference: 0.0698 s/iter. Eval: 1.2008 s/iter. Total: 1.2726 s/iter. ETA=0:35:21
[12/10 02:17:35 d2.evaluation.evaluator]: Inference done 338/2000. Dataloading: 0.0019 s/iter. Inference: 0.0698 s/iter. Eval: 1.2006 s/iter. Total: 1.2724 s/iter. ETA=0:35:14
[12/10 02:17:40 d2.evaluation.evaluator]: Inference done 343/2000. Dataloading: 0.0019 s/iter. Inference: 0.0698 s/iter. Eval: 1.1977 s/iter. Total: 1.2695 s/iter. ETA=0:35:03
[12/10 02:17:46 d2.evaluation.evaluator]: Inference done 347/2000. Dataloading: 0.0019 s/iter. Inference: 0.0698 s/iter. Eval: 1.1976 s/iter. Total: 1.2694 s/iter. ETA=0:34:58
[12/10 02:17:51 d2.evaluation.evaluator]: Inference done 350/2000. Dataloading: 0.0019 s/iter. Inference: 0.0698 s/iter. Eval: 1.2030 s/iter. Total: 1.2748 s/iter. ETA=0:35:03
[12/10 02:17:57 d2.evaluation.evaluator]: Inference done 355/2000. Dataloading: 0.0019 s/iter. Inference: 0.0698 s/iter. Eval: 1.2009 s/iter. Total: 1.2727 s/iter. ETA=0:34:53
[12/10 02:18:02 d2.evaluation.evaluator]: Inference done 362/2000. Dataloading: 0.0019 s/iter. Inference: 0.0697 s/iter. Eval: 1.1906 s/iter. Total: 1.2624 s/iter. ETA=0:34:27
[12/10 02:18:07 d2.evaluation.evaluator]: Inference done 365/2000. Dataloading: 0.0019 s/iter. Inference: 0.0697 s/iter. Eval: 1.1945 s/iter. Total: 1.2663 s/iter. ETA=0:34:30
[12/10 02:18:13 d2.evaluation.evaluator]: Inference done 369/2000. Dataloading: 0.0019 s/iter. Inference: 0.0697 s/iter. Eval: 1.1973 s/iter. Total: 1.2690 s/iter. ETA=0:34:29
[12/10 02:18:19 d2.evaluation.evaluator]: Inference done 373/2000. Dataloading: 0.0019 s/iter. Inference: 0.0697 s/iter. Eval: 1.1997 s/iter. Total: 1.2715 s/iter. ETA=0:34:28
[12/10 02:18:25 d2.evaluation.evaluator]: Inference done 379/2000. Dataloading: 0.0019 s/iter. Inference: 0.0697 s/iter. Eval: 1.1936 s/iter. Total: 1.2654 s/iter. ETA=0:34:11
[12/10 02:18:31 d2.evaluation.evaluator]: Inference done 386/2000. Dataloading: 0.0019 s/iter. Inference: 0.0697 s/iter. Eval: 1.1881 s/iter. Total: 1.2599 s/iter. ETA=0:33:53
[12/10 02:18:37 d2.evaluation.evaluator]: Inference done 391/2000. Dataloading: 0.0019 s/iter. Inference: 0.0697 s/iter. Eval: 1.1861 s/iter. Total: 1.2578 s/iter. ETA=0:33:43
[12/10 02:18:42 d2.evaluation.evaluator]: Inference done 395/2000. Dataloading: 0.0019 s/iter. Inference: 0.0696 s/iter. Eval: 1.1862 s/iter. Total: 1.2579 s/iter. ETA=0:33:38
[12/10 02:18:48 d2.evaluation.evaluator]: Inference done 401/2000. Dataloading: 0.0019 s/iter. Inference: 0.0696 s/iter. Eval: 1.1813 s/iter. Total: 1.2530 s/iter. ETA=0:33:23
[12/10 02:18:53 d2.evaluation.evaluator]: Inference done 406/2000. Dataloading: 0.0019 s/iter. Inference: 0.0697 s/iter. Eval: 1.1801 s/iter. Total: 1.2519 s/iter. ETA=0:33:15
[12/10 02:18:59 d2.evaluation.evaluator]: Inference done 413/2000. Dataloading: 0.0019 s/iter. Inference: 0.0697 s/iter. Eval: 1.1719 s/iter. Total: 1.2436 s/iter. ETA=0:32:53
[12/10 02:19:04 d2.evaluation.evaluator]: Inference done 416/2000. Dataloading: 0.0019 s/iter. Inference: 0.0697 s/iter. Eval: 1.1761 s/iter. Total: 1.2478 s/iter. ETA=0:32:56
[12/10 02:19:10 d2.evaluation.evaluator]: Inference done 421/2000. Dataloading: 0.0020 s/iter. Inference: 0.0697 s/iter. Eval: 1.1739 s/iter. Total: 1.2456 s/iter. ETA=0:32:46
[12/10 02:19:15 d2.evaluation.evaluator]: Inference done 425/2000. Dataloading: 0.0020 s/iter. Inference: 0.0697 s/iter. Eval: 1.1747 s/iter. Total: 1.2465 s/iter. ETA=0:32:43
[12/10 02:19:21 d2.evaluation.evaluator]: Inference done 429/2000. Dataloading: 0.0020 s/iter. Inference: 0.0697 s/iter. Eval: 1.1765 s/iter. Total: 1.2483 s/iter. ETA=0:32:41
[12/10 02:19:26 d2.evaluation.evaluator]: Inference done 433/2000. Dataloading: 0.0020 s/iter. Inference: 0.0697 s/iter. Eval: 1.1775 s/iter. Total: 1.2493 s/iter. ETA=0:32:37
[12/10 02:19:32 d2.evaluation.evaluator]: Inference done 437/2000. Dataloading: 0.0020 s/iter. Inference: 0.0697 s/iter. Eval: 1.1802 s/iter. Total: 1.2521 s/iter. ETA=0:32:36
[12/10 02:19:39 d2.evaluation.evaluator]: Inference done 441/2000. Dataloading: 0.0020 s/iter. Inference: 0.0697 s/iter. Eval: 1.1850 s/iter. Total: 1.2569 s/iter. ETA=0:32:39
[12/10 02:19:45 d2.evaluation.evaluator]: Inference done 445/2000. Dataloading: 0.0020 s/iter. Inference: 0.0698 s/iter. Eval: 1.1867 s/iter. Total: 1.2585 s/iter. ETA=0:32:37
[12/10 02:19:50 d2.evaluation.evaluator]: Inference done 449/2000. Dataloading: 0.0020 s/iter. Inference: 0.0698 s/iter. Eval: 1.1870 s/iter. Total: 1.2589 s/iter. ETA=0:32:32
[12/10 02:19:55 d2.evaluation.evaluator]: Inference done 454/2000. Dataloading: 0.0020 s/iter. Inference: 0.0698 s/iter. Eval: 1.1843 s/iter. Total: 1.2562 s/iter. ETA=0:32:22
[12/10 02:20:01 d2.evaluation.evaluator]: Inference done 457/2000. Dataloading: 0.0020 s/iter. Inference: 0.0698 s/iter. Eval: 1.1873 s/iter. Total: 1.2592 s/iter. ETA=0:32:22
[12/10 02:20:07 d2.evaluation.evaluator]: Inference done 461/2000. Dataloading: 0.0020 s/iter. Inference: 0.0698 s/iter. Eval: 1.1897 s/iter. Total: 1.2616 s/iter. ETA=0:32:21
[12/10 02:20:13 d2.evaluation.evaluator]: Inference done 466/2000. Dataloading: 0.0020 s/iter. Inference: 0.0699 s/iter. Eval: 1.1886 s/iter. Total: 1.2606 s/iter. ETA=0:32:13
[12/10 02:20:18 d2.evaluation.evaluator]: Inference done 469/2000. Dataloading: 0.0020 s/iter. Inference: 0.0699 s/iter. Eval: 1.1929 s/iter. Total: 1.2649 s/iter. ETA=0:32:16
[12/10 02:20:24 d2.evaluation.evaluator]: Inference done 475/2000. Dataloading: 0.0020 s/iter. Inference: 0.0699 s/iter. Eval: 1.1880 s/iter. Total: 1.2600 s/iter. ETA=0:32:01
[12/10 02:20:29 d2.evaluation.evaluator]: Inference done 478/2000. Dataloading: 0.0020 s/iter. Inference: 0.0699 s/iter. Eval: 1.1919 s/iter. Total: 1.2640 s/iter. ETA=0:32:03
[12/10 02:20:36 d2.evaluation.evaluator]: Inference done 482/2000. Dataloading: 0.0020 s/iter. Inference: 0.0699 s/iter. Eval: 1.1949 s/iter. Total: 1.2669 s/iter. ETA=0:32:03
[12/10 02:20:42 d2.evaluation.evaluator]: Inference done 486/2000. Dataloading: 0.0020 s/iter. Inference: 0.0699 s/iter. Eval: 1.1978 s/iter. Total: 1.2698 s/iter. ETA=0:32:02
[12/10 02:20:48 d2.evaluation.evaluator]: Inference done 490/2000. Dataloading: 0.0020 s/iter. Inference: 0.0699 s/iter. Eval: 1.1987 s/iter. Total: 1.2707 s/iter. ETA=0:31:58
[12/10 02:20:55 d2.evaluation.evaluator]: Inference done 494/2000. Dataloading: 0.0020 s/iter. Inference: 0.0699 s/iter. Eval: 1.2034 s/iter. Total: 1.2754 s/iter. ETA=0:32:00
[12/10 02:21:01 d2.evaluation.evaluator]: Inference done 497/2000. Dataloading: 0.0020 s/iter. Inference: 0.0699 s/iter. Eval: 1.2081 s/iter. Total: 1.2801 s/iter. ETA=0:32:03
[12/10 02:21:08 d2.evaluation.evaluator]: Inference done 501/2000. Dataloading: 0.0020 s/iter. Inference: 0.0698 s/iter. Eval: 1.2107 s/iter. Total: 1.2827 s/iter. ETA=0:32:02
[12/10 02:21:13 d2.evaluation.evaluator]: Inference done 505/2000. Dataloading: 0.0020 s/iter. Inference: 0.0699 s/iter. Eval: 1.2108 s/iter. Total: 1.2828 s/iter. ETA=0:31:57
[12/10 02:21:19 d2.evaluation.evaluator]: Inference done 511/2000. Dataloading: 0.0020 s/iter. Inference: 0.0699 s/iter. Eval: 1.2079 s/iter. Total: 1.2798 s/iter. ETA=0:31:45
[12/10 02:21:25 d2.evaluation.evaluator]: Inference done 517/2000. Dataloading: 0.0020 s/iter. Inference: 0.0699 s/iter. Eval: 1.2042 s/iter. Total: 1.2762 s/iter. ETA=0:31:32
[12/10 02:21:30 d2.evaluation.evaluator]: Inference done 520/2000. Dataloading: 0.0020 s/iter. Inference: 0.0699 s/iter. Eval: 1.2066 s/iter. Total: 1.2786 s/iter. ETA=0:31:32
[12/10 02:21:36 d2.evaluation.evaluator]: Inference done 525/2000. Dataloading: 0.0020 s/iter. Inference: 0.0699 s/iter. Eval: 1.2052 s/iter. Total: 1.2773 s/iter. ETA=0:31:23
[12/10 02:21:41 d2.evaluation.evaluator]: Inference done 529/2000. Dataloading: 0.0020 s/iter. Inference: 0.0699 s/iter. Eval: 1.2055 s/iter. Total: 1.2776 s/iter. ETA=0:31:19
[12/10 02:21:46 d2.evaluation.evaluator]: Inference done 532/2000. Dataloading: 0.0020 s/iter. Inference: 0.0699 s/iter. Eval: 1.2082 s/iter. Total: 1.2803 s/iter. ETA=0:31:19
[12/10 02:21:52 d2.evaluation.evaluator]: Inference done 536/2000. Dataloading: 0.0020 s/iter. Inference: 0.0699 s/iter. Eval: 1.2097 s/iter. Total: 1.2817 s/iter. ETA=0:31:16
[12/10 02:21:58 d2.evaluation.evaluator]: Inference done 541/2000. Dataloading: 0.0020 s/iter. Inference: 0.0699 s/iter. Eval: 1.2081 s/iter. Total: 1.2802 s/iter. ETA=0:31:07
[12/10 02:22:04 d2.evaluation.evaluator]: Inference done 546/2000. Dataloading: 0.0020 s/iter. Inference: 0.0699 s/iter. Eval: 1.2074 s/iter. Total: 1.2795 s/iter. ETA=0:31:00
[12/10 02:22:09 d2.evaluation.evaluator]: Inference done 552/2000. Dataloading: 0.0020 s/iter. Inference: 0.0699 s/iter. Eval: 1.2034 s/iter. Total: 1.2754 s/iter. ETA=0:30:46
[12/10 02:22:16 d2.evaluation.evaluator]: Inference done 555/2000. Dataloading: 0.0020 s/iter. Inference: 0.0699 s/iter. Eval: 1.2082 s/iter. Total: 1.2803 s/iter. ETA=0:30:50
[12/10 02:22:21 d2.evaluation.evaluator]: Inference done 560/2000. Dataloading: 0.0020 s/iter. Inference: 0.0699 s/iter. Eval: 1.2066 s/iter. Total: 1.2787 s/iter. ETA=0:30:41
[12/10 02:22:27 d2.evaluation.evaluator]: Inference done 565/2000. Dataloading: 0.0020 s/iter. Inference: 0.0699 s/iter. Eval: 1.2049 s/iter. Total: 1.2770 s/iter. ETA=0:30:32
[12/10 02:22:32 d2.evaluation.evaluator]: Inference done 570/2000. Dataloading: 0.0020 s/iter. Inference: 0.0700 s/iter. Eval: 1.2026 s/iter. Total: 1.2747 s/iter. ETA=0:30:22
[12/10 02:22:37 d2.evaluation.evaluator]: Inference done 573/2000. Dataloading: 0.0020 s/iter. Inference: 0.0699 s/iter. Eval: 1.2059 s/iter. Total: 1.2780 s/iter. ETA=0:30:23
[12/10 02:22:43 d2.evaluation.evaluator]: Inference done 576/2000. Dataloading: 0.0020 s/iter. Inference: 0.0700 s/iter. Eval: 1.2083 s/iter. Total: 1.2804 s/iter. ETA=0:30:23
[12/10 02:22:48 d2.evaluation.evaluator]: Inference done 579/2000. Dataloading: 0.0020 s/iter. Inference: 0.0700 s/iter. Eval: 1.2114 s/iter. Total: 1.2835 s/iter. ETA=0:30:23
[12/10 02:22:53 d2.evaluation.evaluator]: Inference done 583/2000. Dataloading: 0.0020 s/iter. Inference: 0.0700 s/iter. Eval: 1.2117 s/iter. Total: 1.2839 s/iter. ETA=0:30:19
[12/10 02:23:00 d2.evaluation.evaluator]: Inference done 586/2000. Dataloading: 0.0020 s/iter. Inference: 0.0700 s/iter. Eval: 1.2156 s/iter. Total: 1.2877 s/iter. ETA=0:30:20
[12/10 02:23:05 d2.evaluation.evaluator]: Inference done 590/2000. Dataloading: 0.0020 s/iter. Inference: 0.0700 s/iter. Eval: 1.2156 s/iter. Total: 1.2878 s/iter. ETA=0:30:15
[12/10 02:23:11 d2.evaluation.evaluator]: Inference done 594/2000. Dataloading: 0.0020 s/iter. Inference: 0.0700 s/iter. Eval: 1.2170 s/iter. Total: 1.2892 s/iter. ETA=0:30:12
[12/10 02:23:17 d2.evaluation.evaluator]: Inference done 600/2000. Dataloading: 0.0020 s/iter. Inference: 0.0700 s/iter. Eval: 1.2139 s/iter. Total: 1.2861 s/iter. ETA=0:30:00
[12/10 02:23:23 d2.evaluation.evaluator]: Inference done 605/2000. Dataloading: 0.0020 s/iter. Inference: 0.0700 s/iter. Eval: 1.2138 s/iter. Total: 1.2860 s/iter. ETA=0:29:53
[12/10 02:23:30 d2.evaluation.evaluator]: Inference done 611/2000. Dataloading: 0.0020 s/iter. Inference: 0.0700 s/iter. Eval: 1.2124 s/iter. Total: 1.2846 s/iter. ETA=0:29:44
[12/10 02:23:36 d2.evaluation.evaluator]: Inference done 615/2000. Dataloading: 0.0020 s/iter. Inference: 0.0700 s/iter. Eval: 1.2144 s/iter. Total: 1.2866 s/iter. ETA=0:29:41
[12/10 02:23:42 d2.evaluation.evaluator]: Inference done 621/2000. Dataloading: 0.0020 s/iter. Inference: 0.0700 s/iter. Eval: 1.2111 s/iter. Total: 1.2833 s/iter. ETA=0:29:29
[12/10 02:23:48 d2.evaluation.evaluator]: Inference done 627/2000. Dataloading: 0.0020 s/iter. Inference: 0.0700 s/iter. Eval: 1.2084 s/iter. Total: 1.2806 s/iter. ETA=0:29:18
[12/10 02:23:54 d2.evaluation.evaluator]: Inference done 633/2000. Dataloading: 0.0020 s/iter. Inference: 0.0700 s/iter. Eval: 1.2060 s/iter. Total: 1.2782 s/iter. ETA=0:29:07
[12/10 02:23:59 d2.evaluation.evaluator]: Inference done 637/2000. Dataloading: 0.0020 s/iter. Inference: 0.0701 s/iter. Eval: 1.2059 s/iter. Total: 1.2782 s/iter. ETA=0:29:02
[12/10 02:24:05 d2.evaluation.evaluator]: Inference done 641/2000. Dataloading: 0.0020 s/iter. Inference: 0.0701 s/iter. Eval: 1.2070 s/iter. Total: 1.2793 s/iter. ETA=0:28:58
[12/10 02:24:10 d2.evaluation.evaluator]: Inference done 645/2000. Dataloading: 0.0020 s/iter. Inference: 0.0701 s/iter. Eval: 1.2069 s/iter. Total: 1.2791 s/iter. ETA=0:28:53
[12/10 02:24:16 d2.evaluation.evaluator]: Inference done 649/2000. Dataloading: 0.0020 s/iter. Inference: 0.0701 s/iter. Eval: 1.2080 s/iter. Total: 1.2802 s/iter. ETA=0:28:49
[12/10 02:24:21 d2.evaluation.evaluator]: Inference done 654/2000. Dataloading: 0.0020 s/iter. Inference: 0.0701 s/iter. Eval: 1.2065 s/iter. Total: 1.2787 s/iter. ETA=0:28:41
[12/10 02:24:27 d2.evaluation.evaluator]: Inference done 659/2000. Dataloading: 0.0020 s/iter. Inference: 0.0701 s/iter. Eval: 1.2049 s/iter. Total: 1.2772 s/iter. ETA=0:28:32
[12/10 02:24:32 d2.evaluation.evaluator]: Inference done 665/2000. Dataloading: 0.0020 s/iter. Inference: 0.0701 s/iter. Eval: 1.2013 s/iter. Total: 1.2736 s/iter. ETA=0:28:20
[12/10 02:24:38 d2.evaluation.evaluator]: Inference done 670/2000. Dataloading: 0.0020 s/iter. Inference: 0.0701 s/iter. Eval: 1.2007 s/iter. Total: 1.2730 s/iter. ETA=0:28:13
[12/10 02:24:44 d2.evaluation.evaluator]: Inference done 674/2000. Dataloading: 0.0020 s/iter. Inference: 0.0702 s/iter. Eval: 1.2018 s/iter. Total: 1.2741 s/iter. ETA=0:28:09
[12/10 02:24:49 d2.evaluation.evaluator]: Inference done 678/2000. Dataloading: 0.0020 s/iter. Inference: 0.0702 s/iter. Eval: 1.2024 s/iter. Total: 1.2747 s/iter. ETA=0:28:05
[12/10 02:24:55 d2.evaluation.evaluator]: Inference done 681/2000. Dataloading: 0.0020 s/iter. Inference: 0.0702 s/iter. Eval: 1.2045 s/iter. Total: 1.2769 s/iter. ETA=0:28:04
[12/10 02:25:01 d2.evaluation.evaluator]: Inference done 686/2000. Dataloading: 0.0020 s/iter. Inference: 0.0702 s/iter. Eval: 1.2048 s/iter. Total: 1.2772 s/iter. ETA=0:27:58
[12/10 02:25:07 d2.evaluation.evaluator]: Inference done 691/2000. Dataloading: 0.0020 s/iter. Inference: 0.0702 s/iter. Eval: 1.2043 s/iter. Total: 1.2767 s/iter. ETA=0:27:51
[12/10 02:25:13 d2.evaluation.evaluator]: Inference done 696/2000. Dataloading: 0.0020 s/iter. Inference: 0.0702 s/iter. Eval: 1.2032 s/iter. Total: 1.2756 s/iter. ETA=0:27:43
[12/10 02:25:19 d2.evaluation.evaluator]: Inference done 700/2000. Dataloading: 0.0020 s/iter. Inference: 0.0702 s/iter. Eval: 1.2042 s/iter. Total: 1.2766 s/iter. ETA=0:27:39
[12/10 02:25:25 d2.evaluation.evaluator]: Inference done 704/2000. Dataloading: 0.0020 s/iter. Inference: 0.0703 s/iter. Eval: 1.2065 s/iter. Total: 1.2789 s/iter. ETA=0:27:37
[12/10 02:25:31 d2.evaluation.evaluator]: Inference done 708/2000. Dataloading: 0.0020 s/iter. Inference: 0.0702 s/iter. Eval: 1.2069 s/iter. Total: 1.2793 s/iter. ETA=0:27:32
[12/10 02:25:37 d2.evaluation.evaluator]: Inference done 712/2000. Dataloading: 0.0020 s/iter. Inference: 0.0702 s/iter. Eval: 1.2079 s/iter. Total: 1.2803 s/iter. ETA=0:27:29
[12/10 02:25:42 d2.evaluation.evaluator]: Inference done 719/2000. Dataloading: 0.0020 s/iter. Inference: 0.0702 s/iter. Eval: 1.2033 s/iter. Total: 1.2757 s/iter. ETA=0:27:14
[12/10 02:25:48 d2.evaluation.evaluator]: Inference done 723/2000. Dataloading: 0.0020 s/iter. Inference: 0.0702 s/iter. Eval: 1.2042 s/iter. Total: 1.2765 s/iter. ETA=0:27:10
[12/10 02:25:53 d2.evaluation.evaluator]: Inference done 728/2000. Dataloading: 0.0020 s/iter. Inference: 0.0702 s/iter. Eval: 1.2030 s/iter. Total: 1.2753 s/iter. ETA=0:27:02
[12/10 02:26:00 d2.evaluation.evaluator]: Inference done 733/2000. Dataloading: 0.0020 s/iter. Inference: 0.0702 s/iter. Eval: 1.2029 s/iter. Total: 1.2752 s/iter. ETA=0:26:55
[12/10 02:26:06 d2.evaluation.evaluator]: Inference done 738/2000. Dataloading: 0.0020 s/iter. Inference: 0.0702 s/iter. Eval: 1.2021 s/iter. Total: 1.2744 s/iter. ETA=0:26:48
[12/10 02:26:11 d2.evaluation.evaluator]: Inference done 743/2000. Dataloading: 0.0020 s/iter. Inference: 0.0702 s/iter. Eval: 1.2008 s/iter. Total: 1.2731 s/iter. ETA=0:26:40
[12/10 02:26:17 d2.evaluation.evaluator]: Inference done 748/2000. Dataloading: 0.0020 s/iter. Inference: 0.0702 s/iter. Eval: 1.2003 s/iter. Total: 1.2727 s/iter. ETA=0:26:33
[12/10 02:26:22 d2.evaluation.evaluator]: Inference done 754/2000. Dataloading: 0.0020 s/iter. Inference: 0.0702 s/iter. Eval: 1.1972 s/iter. Total: 1.2696 s/iter. ETA=0:26:21
[12/10 02:26:28 d2.evaluation.evaluator]: Inference done 761/2000. Dataloading: 0.0020 s/iter. Inference: 0.0702 s/iter. Eval: 1.1928 s/iter. Total: 1.2652 s/iter. ETA=0:26:07
[12/10 02:26:35 d2.evaluation.evaluator]: Inference done 768/2000. Dataloading: 0.0020 s/iter. Inference: 0.0702 s/iter. Eval: 1.1903 s/iter. Total: 1.2626 s/iter. ETA=0:25:55
[12/10 02:26:40 d2.evaluation.evaluator]: Inference done 772/2000. Dataloading: 0.0020 s/iter. Inference: 0.0702 s/iter. Eval: 1.1909 s/iter. Total: 1.2632 s/iter. ETA=0:25:51
[12/10 02:26:46 d2.evaluation.evaluator]: Inference done 777/2000. Dataloading: 0.0020 s/iter. Inference: 0.0702 s/iter. Eval: 1.1896 s/iter. Total: 1.2620 s/iter. ETA=0:25:43
[12/10 02:26:51 d2.evaluation.evaluator]: Inference done 780/2000. Dataloading: 0.0020 s/iter. Inference: 0.0702 s/iter. Eval: 1.1912 s/iter. Total: 1.2636 s/iter. ETA=0:25:41
[12/10 02:26:56 d2.evaluation.evaluator]: Inference done 785/2000. Dataloading: 0.0020 s/iter. Inference: 0.0702 s/iter. Eval: 1.1899 s/iter. Total: 1.2622 s/iter. ETA=0:25:33
[12/10 02:27:02 d2.evaluation.evaluator]: Inference done 789/2000. Dataloading: 0.0020 s/iter. Inference: 0.0702 s/iter. Eval: 1.1911 s/iter. Total: 1.2634 s/iter. ETA=0:25:30
[12/10 02:27:08 d2.evaluation.evaluator]: Inference done 796/2000. Dataloading: 0.0020 s/iter. Inference: 0.0702 s/iter. Eval: 1.1870 s/iter. Total: 1.2594 s/iter. ETA=0:25:16
[12/10 02:27:14 d2.evaluation.evaluator]: Inference done 800/2000. Dataloading: 0.0020 s/iter. Inference: 0.0702 s/iter. Eval: 1.1883 s/iter. Total: 1.2606 s/iter. ETA=0:25:12
[12/10 02:27:19 d2.evaluation.evaluator]: Inference done 806/2000. Dataloading: 0.0020 s/iter. Inference: 0.0702 s/iter. Eval: 1.1859 s/iter. Total: 1.2582 s/iter. ETA=0:25:02
[12/10 02:27:25 d2.evaluation.evaluator]: Inference done 811/2000. Dataloading: 0.0020 s/iter. Inference: 0.0702 s/iter. Eval: 1.1848 s/iter. Total: 1.2571 s/iter. ETA=0:24:54
[12/10 02:27:30 d2.evaluation.evaluator]: Inference done 815/2000. Dataloading: 0.0020 s/iter. Inference: 0.0702 s/iter. Eval: 1.1853 s/iter. Total: 1.2577 s/iter. ETA=0:24:50
[12/10 02:27:36 d2.evaluation.evaluator]: Inference done 820/2000. Dataloading: 0.0020 s/iter. Inference: 0.0702 s/iter. Eval: 1.1845 s/iter. Total: 1.2568 s/iter. ETA=0:24:43
[12/10 02:27:42 d2.evaluation.evaluator]: Inference done 823/2000. Dataloading: 0.0020 s/iter. Inference: 0.0702 s/iter. Eval: 1.1879 s/iter. Total: 1.2602 s/iter. ETA=0:24:43
[12/10 02:27:48 d2.evaluation.evaluator]: Inference done 826/2000. Dataloading: 0.0020 s/iter. Inference: 0.0701 s/iter. Eval: 1.1899 s/iter. Total: 1.2622 s/iter. ETA=0:24:41
[12/10 02:27:54 d2.evaluation.evaluator]: Inference done 832/2000. Dataloading: 0.0020 s/iter. Inference: 0.0701 s/iter. Eval: 1.1885 s/iter. Total: 1.2608 s/iter. ETA=0:24:32
[12/10 02:28:00 d2.evaluation.evaluator]: Inference done 838/2000. Dataloading: 0.0020 s/iter. Inference: 0.0701 s/iter. Eval: 1.1861 s/iter. Total: 1.2584 s/iter. ETA=0:24:22
[12/10 02:28:05 d2.evaluation.evaluator]: Inference done 843/2000. Dataloading: 0.0020 s/iter. Inference: 0.0701 s/iter. Eval: 1.1852 s/iter. Total: 1.2574 s/iter. ETA=0:24:14
[12/10 02:28:11 d2.evaluation.evaluator]: Inference done 847/2000. Dataloading: 0.0020 s/iter. Inference: 0.0701 s/iter. Eval: 1.1857 s/iter. Total: 1.2580 s/iter. ETA=0:24:10
[12/10 02:28:16 d2.evaluation.evaluator]: Inference done 851/2000. Dataloading: 0.0020 s/iter. Inference: 0.0701 s/iter. Eval: 1.1857 s/iter. Total: 1.2580 s/iter. ETA=0:24:05
[12/10 02:28:21 d2.evaluation.evaluator]: Inference done 858/2000. Dataloading: 0.0020 s/iter. Inference: 0.0701 s/iter. Eval: 1.1813 s/iter. Total: 1.2536 s/iter. ETA=0:23:51
[12/10 02:28:26 d2.evaluation.evaluator]: Inference done 863/2000. Dataloading: 0.0020 s/iter. Inference: 0.0701 s/iter. Eval: 1.1802 s/iter. Total: 1.2525 s/iter. ETA=0:23:44
[12/10 02:28:31 d2.evaluation.evaluator]: Inference done 867/2000. Dataloading: 0.0020 s/iter. Inference: 0.0701 s/iter. Eval: 1.1804 s/iter. Total: 1.2527 s/iter. ETA=0:23:39
[12/10 02:28:37 d2.evaluation.evaluator]: Inference done 871/2000. Dataloading: 0.0020 s/iter. Inference: 0.0701 s/iter. Eval: 1.1814 s/iter. Total: 1.2536 s/iter. ETA=0:23:35
[12/10 02:28:43 d2.evaluation.evaluator]: Inference done 876/2000. Dataloading: 0.0020 s/iter. Inference: 0.0701 s/iter. Eval: 1.1805 s/iter. Total: 1.2528 s/iter. ETA=0:23:28
[12/10 02:28:48 d2.evaluation.evaluator]: Inference done 880/2000. Dataloading: 0.0020 s/iter. Inference: 0.0701 s/iter. Eval: 1.1816 s/iter. Total: 1.2538 s/iter. ETA=0:23:24
[12/10 02:28:55 d2.evaluation.evaluator]: Inference done 884/2000. Dataloading: 0.0020 s/iter. Inference: 0.0701 s/iter. Eval: 1.1830 s/iter. Total: 1.2552 s/iter. ETA=0:23:20
[12/10 02:29:01 d2.evaluation.evaluator]: Inference done 888/2000. Dataloading: 0.0020 s/iter. Inference: 0.0701 s/iter. Eval: 1.1846 s/iter. Total: 1.2568 s/iter. ETA=0:23:17
[12/10 02:29:07 d2.evaluation.evaluator]: Inference done 892/2000. Dataloading: 0.0020 s/iter. Inference: 0.0701 s/iter. Eval: 1.1852 s/iter. Total: 1.2574 s/iter. ETA=0:23:13
[12/10 02:29:12 d2.evaluation.evaluator]: Inference done 896/2000. Dataloading: 0.0020 s/iter. Inference: 0.0701 s/iter. Eval: 1.1860 s/iter. Total: 1.2582 s/iter. ETA=0:23:09
[12/10 02:29:18 d2.evaluation.evaluator]: Inference done 900/2000. Dataloading: 0.0020 s/iter. Inference: 0.0701 s/iter. Eval: 1.1860 s/iter. Total: 1.2583 s/iter. ETA=0:23:04
[12/10 02:29:23 d2.evaluation.evaluator]: Inference done 904/2000. Dataloading: 0.0020 s/iter. Inference: 0.0701 s/iter. Eval: 1.1862 s/iter. Total: 1.2584 s/iter. ETA=0:22:59
[12/10 02:29:28 d2.evaluation.evaluator]: Inference done 908/2000. Dataloading: 0.0020 s/iter. Inference: 0.0701 s/iter. Eval: 1.1862 s/iter. Total: 1.2584 s/iter. ETA=0:22:54
[12/10 02:29:34 d2.evaluation.evaluator]: Inference done 912/2000. Dataloading: 0.0020 s/iter. Inference: 0.0701 s/iter. Eval: 1.1878 s/iter. Total: 1.2601 s/iter. ETA=0:22:50
[12/10 02:29:40 d2.evaluation.evaluator]: Inference done 917/2000. Dataloading: 0.0020 s/iter. Inference: 0.0700 s/iter. Eval: 1.1872 s/iter. Total: 1.2594 s/iter. ETA=0:22:43
[12/10 02:29:45 d2.evaluation.evaluator]: Inference done 922/2000. Dataloading: 0.0020 s/iter. Inference: 0.0701 s/iter. Eval: 1.1862 s/iter. Total: 1.2584 s/iter. ETA=0:22:36
[12/10 02:29:51 d2.evaluation.evaluator]: Inference done 926/2000. Dataloading: 0.0020 s/iter. Inference: 0.0701 s/iter. Eval: 1.1865 s/iter. Total: 1.2587 s/iter. ETA=0:22:31
[12/10 02:29:56 d2.evaluation.evaluator]: Inference done 930/2000. Dataloading: 0.0020 s/iter. Inference: 0.0701 s/iter. Eval: 1.1872 s/iter. Total: 1.2594 s/iter. ETA=0:22:27
[12/10 02:30:03 d2.evaluation.evaluator]: Inference done 934/2000. Dataloading: 0.0020 s/iter. Inference: 0.0701 s/iter. Eval: 1.1893 s/iter. Total: 1.2615 s/iter. ETA=0:22:24
[12/10 02:30:09 d2.evaluation.evaluator]: Inference done 939/2000. Dataloading: 0.0020 s/iter. Inference: 0.0701 s/iter. Eval: 1.1885 s/iter. Total: 1.2607 s/iter. ETA=0:22:17
[12/10 02:30:15 d2.evaluation.evaluator]: Inference done 943/2000. Dataloading: 0.0020 s/iter. Inference: 0.0701 s/iter. Eval: 1.1896 s/iter. Total: 1.2618 s/iter. ETA=0:22:13
[12/10 02:30:21 d2.evaluation.evaluator]: Inference done 948/2000. Dataloading: 0.0020 s/iter. Inference: 0.0700 s/iter. Eval: 1.1892 s/iter. Total: 1.2614 s/iter. ETA=0:22:07
[12/10 02:30:27 d2.evaluation.evaluator]: Inference done 952/2000. Dataloading: 0.0020 s/iter. Inference: 0.0700 s/iter. Eval: 1.1899 s/iter. Total: 1.2621 s/iter. ETA=0:22:02
[12/10 02:30:32 d2.evaluation.evaluator]: Inference done 956/2000. Dataloading: 0.0020 s/iter. Inference: 0.0700 s/iter. Eval: 1.1901 s/iter. Total: 1.2623 s/iter. ETA=0:21:57
[12/10 02:30:39 d2.evaluation.evaluator]: Inference done 960/2000. Dataloading: 0.0020 s/iter. Inference: 0.0700 s/iter. Eval: 1.1926 s/iter. Total: 1.2648 s/iter. ETA=0:21:55
[12/10 02:30:45 d2.evaluation.evaluator]: Inference done 964/2000. Dataloading: 0.0020 s/iter. Inference: 0.0700 s/iter. Eval: 1.1929 s/iter. Total: 1.2651 s/iter. ETA=0:21:50
[12/10 02:30:50 d2.evaluation.evaluator]: Inference done 968/2000. Dataloading: 0.0020 s/iter. Inference: 0.0700 s/iter. Eval: 1.1929 s/iter. Total: 1.2651 s/iter. ETA=0:21:45
[12/10 02:30:56 d2.evaluation.evaluator]: Inference done 974/2000. Dataloading: 0.0020 s/iter. Inference: 0.0700 s/iter. Eval: 1.1919 s/iter. Total: 1.2641 s/iter. ETA=0:21:36
[12/10 02:31:02 d2.evaluation.evaluator]: Inference done 977/2000. Dataloading: 0.0020 s/iter. Inference: 0.0700 s/iter. Eval: 1.1942 s/iter. Total: 1.2664 s/iter. ETA=0:21:35
[12/10 02:31:09 d2.evaluation.evaluator]: Inference done 981/2000. Dataloading: 0.0020 s/iter. Inference: 0.0700 s/iter. Eval: 1.1961 s/iter. Total: 1.2683 s/iter. ETA=0:21:32
[12/10 02:31:14 d2.evaluation.evaluator]: Inference done 987/2000. Dataloading: 0.0020 s/iter. Inference: 0.0701 s/iter. Eval: 1.1936 s/iter. Total: 1.2658 s/iter. ETA=0:21:22
[12/10 02:31:20 d2.evaluation.evaluator]: Inference done 992/2000. Dataloading: 0.0020 s/iter. Inference: 0.0701 s/iter. Eval: 1.1932 s/iter. Total: 1.2654 s/iter. ETA=0:21:15
[12/10 02:31:26 d2.evaluation.evaluator]: Inference done 995/2000. Dataloading: 0.0020 s/iter. Inference: 0.0701 s/iter. Eval: 1.1946 s/iter. Total: 1.2669 s/iter. ETA=0:21:13
[12/10 02:31:31 d2.evaluation.evaluator]: Inference done 999/2000. Dataloading: 0.0020 s/iter. Inference: 0.0701 s/iter. Eval: 1.1951 s/iter. Total: 1.2673 s/iter. ETA=0:21:08
[12/10 02:31:38 d2.evaluation.evaluator]: Inference done 1004/2000. Dataloading: 0.0020 s/iter. Inference: 0.0701 s/iter. Eval: 1.1960 s/iter. Total: 1.2682 s/iter. ETA=0:21:03
[12/10 02:31:44 d2.evaluation.evaluator]: Inference done 1008/2000. Dataloading: 0.0020 s/iter. Inference: 0.0701 s/iter. Eval: 1.1963 s/iter. Total: 1.2686 s/iter. ETA=0:20:58
[12/10 02:31:51 d2.evaluation.evaluator]: Inference done 1014/2000. Dataloading: 0.0020 s/iter. Inference: 0.0701 s/iter. Eval: 1.1955 s/iter. Total: 1.2677 s/iter. ETA=0:20:49
[12/10 02:31:56 d2.evaluation.evaluator]: Inference done 1018/2000. Dataloading: 0.0020 s/iter. Inference: 0.0701 s/iter. Eval: 1.1956 s/iter. Total: 1.2678 s/iter. ETA=0:20:45
[12/10 02:32:02 d2.evaluation.evaluator]: Inference done 1023/2000. Dataloading: 0.0020 s/iter. Inference: 0.0701 s/iter. Eval: 1.1950 s/iter. Total: 1.2673 s/iter. ETA=0:20:38
[12/10 02:32:07 d2.evaluation.evaluator]: Inference done 1028/2000. Dataloading: 0.0020 s/iter. Inference: 0.0701 s/iter. Eval: 1.1940 s/iter. Total: 1.2663 s/iter. ETA=0:20:30
[12/10 02:32:14 d2.evaluation.evaluator]: Inference done 1033/2000. Dataloading: 0.0020 s/iter. Inference: 0.0701 s/iter. Eval: 1.1947 s/iter. Total: 1.2670 s/iter. ETA=0:20:25
[12/10 02:32:19 d2.evaluation.evaluator]: Inference done 1037/2000. Dataloading: 0.0020 s/iter. Inference: 0.0702 s/iter. Eval: 1.1947 s/iter. Total: 1.2670 s/iter. ETA=0:20:20
[12/10 02:32:24 d2.evaluation.evaluator]: Inference done 1040/2000. Dataloading: 0.0020 s/iter. Inference: 0.0702 s/iter. Eval: 1.1963 s/iter. Total: 1.2687 s/iter. ETA=0:20:17
[12/10 02:32:30 d2.evaluation.evaluator]: Inference done 1043/2000. Dataloading: 0.0020 s/iter. Inference: 0.0702 s/iter. Eval: 1.1976 s/iter. Total: 1.2699 s/iter. ETA=0:20:15
[12/10 02:32:35 d2.evaluation.evaluator]: Inference done 1046/2000. Dataloading: 0.0020 s/iter. Inference: 0.0702 s/iter. Eval: 1.1995 s/iter. Total: 1.2719 s/iter. ETA=0:20:13
[12/10 02:32:41 d2.evaluation.evaluator]: Inference done 1051/2000. Dataloading: 0.0020 s/iter. Inference: 0.0702 s/iter. Eval: 1.1991 s/iter. Total: 1.2715 s/iter. ETA=0:20:06
[12/10 02:32:47 d2.evaluation.evaluator]: Inference done 1055/2000. Dataloading: 0.0020 s/iter. Inference: 0.0702 s/iter. Eval: 1.1997 s/iter. Total: 1.2721 s/iter. ETA=0:20:02
[12/10 02:32:53 d2.evaluation.evaluator]: Inference done 1060/2000. Dataloading: 0.0020 s/iter. Inference: 0.0703 s/iter. Eval: 1.1990 s/iter. Total: 1.2715 s/iter. ETA=0:19:55
[12/10 02:32:58 d2.evaluation.evaluator]: Inference done 1065/2000. Dataloading: 0.0020 s/iter. Inference: 0.0703 s/iter. Eval: 1.1979 s/iter. Total: 1.2703 s/iter. ETA=0:19:47
[12/10 02:33:03 d2.evaluation.evaluator]: Inference done 1068/2000. Dataloading: 0.0020 s/iter. Inference: 0.0703 s/iter. Eval: 1.1993 s/iter. Total: 1.2717 s/iter. ETA=0:19:45
[12/10 02:33:10 d2.evaluation.evaluator]: Inference done 1071/2000. Dataloading: 0.0020 s/iter. Inference: 0.0703 s/iter. Eval: 1.2023 s/iter. Total: 1.2747 s/iter. ETA=0:19:44
[12/10 02:33:16 d2.evaluation.evaluator]: Inference done 1074/2000. Dataloading: 0.0020 s/iter. Inference: 0.0703 s/iter. Eval: 1.2037 s/iter. Total: 1.2762 s/iter. ETA=0:19:41
[12/10 02:33:21 d2.evaluation.evaluator]: Inference done 1079/2000. Dataloading: 0.0020 s/iter. Inference: 0.0703 s/iter. Eval: 1.2031 s/iter. Total: 1.2756 s/iter. ETA=0:19:34
[12/10 02:33:27 d2.evaluation.evaluator]: Inference done 1083/2000. Dataloading: 0.0020 s/iter. Inference: 0.0703 s/iter. Eval: 1.2040 s/iter. Total: 1.2765 s/iter. ETA=0:19:30
[12/10 02:33:33 d2.evaluation.evaluator]: Inference done 1089/2000. Dataloading: 0.0020 s/iter. Inference: 0.0703 s/iter. Eval: 1.2021 s/iter. Total: 1.2745 s/iter. ETA=0:19:21
[12/10 02:33:38 d2.evaluation.evaluator]: Inference done 1094/2000. Dataloading: 0.0020 s/iter. Inference: 0.0703 s/iter. Eval: 1.2010 s/iter. Total: 1.2735 s/iter. ETA=0:19:13
[12/10 02:33:43 d2.evaluation.evaluator]: Inference done 1099/2000. Dataloading: 0.0020 s/iter. Inference: 0.0703 s/iter. Eval: 1.2000 s/iter. Total: 1.2724 s/iter. ETA=0:19:06
[12/10 02:33:49 d2.evaluation.evaluator]: Inference done 1104/2000. Dataloading: 0.0020 s/iter. Inference: 0.0703 s/iter. Eval: 1.1990 s/iter. Total: 1.2715 s/iter. ETA=0:18:59
[12/10 02:33:54 d2.evaluation.evaluator]: Inference done 1108/2000. Dataloading: 0.0020 s/iter. Inference: 0.0703 s/iter. Eval: 1.1995 s/iter. Total: 1.2720 s/iter. ETA=0:18:54
[12/10 02:34:00 d2.evaluation.evaluator]: Inference done 1112/2000. Dataloading: 0.0020 s/iter. Inference: 0.0703 s/iter. Eval: 1.2002 s/iter. Total: 1.2727 s/iter. ETA=0:18:50
[12/10 02:34:06 d2.evaluation.evaluator]: Inference done 1116/2000. Dataloading: 0.0020 s/iter. Inference: 0.0703 s/iter. Eval: 1.2009 s/iter. Total: 1.2734 s/iter. ETA=0:18:45
[12/10 02:34:12 d2.evaluation.evaluator]: Inference done 1121/2000. Dataloading: 0.0020 s/iter. Inference: 0.0704 s/iter. Eval: 1.2001 s/iter. Total: 1.2726 s/iter. ETA=0:18:38
[12/10 02:34:17 d2.evaluation.evaluator]: Inference done 1125/2000. Dataloading: 0.0020 s/iter. Inference: 0.0704 s/iter. Eval: 1.2008 s/iter. Total: 1.2733 s/iter. ETA=0:18:34
[12/10 02:34:23 d2.evaluation.evaluator]: Inference done 1130/2000. Dataloading: 0.0020 s/iter. Inference: 0.0704 s/iter. Eval: 1.2001 s/iter. Total: 1.2726 s/iter. ETA=0:18:27
[12/10 02:34:29 d2.evaluation.evaluator]: Inference done 1135/2000. Dataloading: 0.0020 s/iter. Inference: 0.0704 s/iter. Eval: 1.1998 s/iter. Total: 1.2723 s/iter. ETA=0:18:20
[12/10 02:34:35 d2.evaluation.evaluator]: Inference done 1140/2000. Dataloading: 0.0020 s/iter. Inference: 0.0704 s/iter. Eval: 1.1989 s/iter. Total: 1.2715 s/iter. ETA=0:18:13
[12/10 02:34:40 d2.evaluation.evaluator]: Inference done 1145/2000. Dataloading: 0.0020 s/iter. Inference: 0.0704 s/iter. Eval: 1.1982 s/iter. Total: 1.2707 s/iter. ETA=0:18:06
[12/10 02:34:46 d2.evaluation.evaluator]: Inference done 1149/2000. Dataloading: 0.0020 s/iter. Inference: 0.0704 s/iter. Eval: 1.1988 s/iter. Total: 1.2713 s/iter. ETA=0:18:01
[12/10 02:34:51 d2.evaluation.evaluator]: Inference done 1154/2000. Dataloading: 0.0020 s/iter. Inference: 0.0704 s/iter. Eval: 1.1981 s/iter. Total: 1.2706 s/iter. ETA=0:17:54
[12/10 02:34:57 d2.evaluation.evaluator]: Inference done 1158/2000. Dataloading: 0.0020 s/iter. Inference: 0.0704 s/iter. Eval: 1.1983 s/iter. Total: 1.2709 s/iter. ETA=0:17:50
[12/10 02:35:03 d2.evaluation.evaluator]: Inference done 1162/2000. Dataloading: 0.0020 s/iter. Inference: 0.0704 s/iter. Eval: 1.1996 s/iter. Total: 1.2721 s/iter. ETA=0:17:46
[12/10 02:35:09 d2.evaluation.evaluator]: Inference done 1166/2000. Dataloading: 0.0020 s/iter. Inference: 0.0704 s/iter. Eval: 1.1998 s/iter. Total: 1.2724 s/iter. ETA=0:17:41
[12/10 02:35:14 d2.evaluation.evaluator]: Inference done 1171/2000. Dataloading: 0.0020 s/iter. Inference: 0.0704 s/iter. Eval: 1.1988 s/iter. Total: 1.2714 s/iter. ETA=0:17:33
[12/10 02:35:19 d2.evaluation.evaluator]: Inference done 1176/2000. Dataloading: 0.0020 s/iter. Inference: 0.0704 s/iter. Eval: 1.1977 s/iter. Total: 1.2703 s/iter. ETA=0:17:26
[12/10 02:35:25 d2.evaluation.evaluator]: Inference done 1180/2000. Dataloading: 0.0020 s/iter. Inference: 0.0704 s/iter. Eval: 1.1987 s/iter. Total: 1.2713 s/iter. ETA=0:17:22
[12/10 02:35:31 d2.evaluation.evaluator]: Inference done 1185/2000. Dataloading: 0.0020 s/iter. Inference: 0.0704 s/iter. Eval: 1.1979 s/iter. Total: 1.2705 s/iter. ETA=0:17:15
[12/10 02:35:37 d2.evaluation.evaluator]: Inference done 1188/2000. Dataloading: 0.0020 s/iter. Inference: 0.0704 s/iter. Eval: 1.2000 s/iter. Total: 1.2726 s/iter. ETA=0:17:13
[12/10 02:35:44 d2.evaluation.evaluator]: Inference done 1193/2000. Dataloading: 0.0020 s/iter. Inference: 0.0704 s/iter. Eval: 1.2005 s/iter. Total: 1.2731 s/iter. ETA=0:17:07
[12/10 02:35:49 d2.evaluation.evaluator]: Inference done 1198/2000. Dataloading: 0.0020 s/iter. Inference: 0.0704 s/iter. Eval: 1.1995 s/iter. Total: 1.2721 s/iter. ETA=0:17:00
[12/10 02:35:54 d2.evaluation.evaluator]: Inference done 1204/2000. Dataloading: 0.0020 s/iter. Inference: 0.0704 s/iter. Eval: 1.1973 s/iter. Total: 1.2699 s/iter. ETA=0:16:50
[12/10 02:36:00 d2.evaluation.evaluator]: Inference done 1209/2000. Dataloading: 0.0020 s/iter. Inference: 0.0704 s/iter. Eval: 1.1972 s/iter. Total: 1.2698 s/iter. ETA=0:16:44
[12/10 02:36:05 d2.evaluation.evaluator]: Inference done 1216/2000. Dataloading: 0.0020 s/iter. Inference: 0.0704 s/iter. Eval: 1.1942 s/iter. Total: 1.2668 s/iter. ETA=0:16:33
[12/10 02:36:12 d2.evaluation.evaluator]: Inference done 1220/2000. Dataloading: 0.0020 s/iter. Inference: 0.0704 s/iter. Eval: 1.1954 s/iter. Total: 1.2680 s/iter. ETA=0:16:29
[12/10 02:36:19 d2.evaluation.evaluator]: Inference done 1227/2000. Dataloading: 0.0020 s/iter. Inference: 0.0704 s/iter. Eval: 1.1937 s/iter. Total: 1.2662 s/iter. ETA=0:16:18
[12/10 02:36:24 d2.evaluation.evaluator]: Inference done 1232/2000. Dataloading: 0.0020 s/iter. Inference: 0.0704 s/iter. Eval: 1.1931 s/iter. Total: 1.2657 s/iter. ETA=0:16:12
[12/10 02:36:30 d2.evaluation.evaluator]: Inference done 1235/2000. Dataloading: 0.0020 s/iter. Inference: 0.0704 s/iter. Eval: 1.1943 s/iter. Total: 1.2668 s/iter. ETA=0:16:09
[12/10 02:36:36 d2.evaluation.evaluator]: Inference done 1242/2000. Dataloading: 0.0020 s/iter. Inference: 0.0704 s/iter. Eval: 1.1919 s/iter. Total: 1.2644 s/iter. ETA=0:15:58
[12/10 02:36:42 d2.evaluation.evaluator]: Inference done 1248/2000. Dataloading: 0.0020 s/iter. Inference: 0.0704 s/iter. Eval: 1.1912 s/iter. Total: 1.2638 s/iter. ETA=0:15:50
[12/10 02:36:48 d2.evaluation.evaluator]: Inference done 1255/2000. Dataloading: 0.0020 s/iter. Inference: 0.0704 s/iter. Eval: 1.1891 s/iter. Total: 1.2617 s/iter. ETA=0:15:39
[12/10 02:36:54 d2.evaluation.evaluator]: Inference done 1260/2000. Dataloading: 0.0020 s/iter. Inference: 0.0704 s/iter. Eval: 1.1885 s/iter. Total: 1.2611 s/iter. ETA=0:15:33
[12/10 02:36:59 d2.evaluation.evaluator]: Inference done 1265/2000. Dataloading: 0.0020 s/iter. Inference: 0.0704 s/iter. Eval: 1.1877 s/iter. Total: 1.2602 s/iter. ETA=0:15:26
[12/10 02:37:05 d2.evaluation.evaluator]: Inference done 1269/2000. Dataloading: 0.0020 s/iter. Inference: 0.0704 s/iter. Eval: 1.1880 s/iter. Total: 1.2606 s/iter. ETA=0:15:21
[12/10 02:37:11 d2.evaluation.evaluator]: Inference done 1275/2000. Dataloading: 0.0020 s/iter. Inference: 0.0704 s/iter. Eval: 1.1869 s/iter. Total: 1.2595 s/iter. ETA=0:15:13
[12/10 02:37:16 d2.evaluation.evaluator]: Inference done 1279/2000. Dataloading: 0.0020 s/iter. Inference: 0.0704 s/iter. Eval: 1.1870 s/iter. Total: 1.2595 s/iter. ETA=0:15:08
[12/10 02:37:22 d2.evaluation.evaluator]: Inference done 1283/2000. Dataloading: 0.0020 s/iter. Inference: 0.0704 s/iter. Eval: 1.1874 s/iter. Total: 1.2599 s/iter. ETA=0:15:03
[12/10 02:37:28 d2.evaluation.evaluator]: Inference done 1288/2000. Dataloading: 0.0020 s/iter. Inference: 0.0704 s/iter. Eval: 1.1875 s/iter. Total: 1.2601 s/iter. ETA=0:14:57
[12/10 02:37:34 d2.evaluation.evaluator]: Inference done 1291/2000. Dataloading: 0.0020 s/iter. Inference: 0.0704 s/iter. Eval: 1.1889 s/iter. Total: 1.2615 s/iter. ETA=0:14:54
[12/10 02:37:39 d2.evaluation.evaluator]: Inference done 1296/2000. Dataloading: 0.0020 s/iter. Inference: 0.0704 s/iter. Eval: 1.1885 s/iter. Total: 1.2610 s/iter. ETA=0:14:47
[12/10 02:37:45 d2.evaluation.evaluator]: Inference done 1300/2000. Dataloading: 0.0020 s/iter. Inference: 0.0704 s/iter. Eval: 1.1888 s/iter. Total: 1.2613 s/iter. ETA=0:14:42
[12/10 02:37:50 d2.evaluation.evaluator]: Inference done 1305/2000. Dataloading: 0.0020 s/iter. Inference: 0.0704 s/iter. Eval: 1.1880 s/iter. Total: 1.2605 s/iter. ETA=0:14:36
[12/10 02:37:55 d2.evaluation.evaluator]: Inference done 1310/2000. Dataloading: 0.0020 s/iter. Inference: 0.0704 s/iter. Eval: 1.1868 s/iter. Total: 1.2597 s/iter. ETA=0:14:29
[12/10 02:38:02 d2.evaluation.evaluator]: Inference done 1315/2000. Dataloading: 0.0020 s/iter. Inference: 0.0704 s/iter. Eval: 1.1870 s/iter. Total: 1.2599 s/iter. ETA=0:14:23
[12/10 02:38:08 d2.evaluation.evaluator]: Inference done 1319/2000. Dataloading: 0.0020 s/iter. Inference: 0.0704 s/iter. Eval: 1.1880 s/iter. Total: 1.2609 s/iter. ETA=0:14:18
[12/10 02:38:13 d2.evaluation.evaluator]: Inference done 1322/2000. Dataloading: 0.0020 s/iter. Inference: 0.0704 s/iter. Eval: 1.1891 s/iter. Total: 1.2619 s/iter. ETA=0:14:15
[12/10 02:38:19 d2.evaluation.evaluator]: Inference done 1326/2000. Dataloading: 0.0020 s/iter. Inference: 0.0704 s/iter. Eval: 1.1896 s/iter. Total: 1.2625 s/iter. ETA=0:14:10
[12/10 02:38:25 d2.evaluation.evaluator]: Inference done 1331/2000. Dataloading: 0.0020 s/iter. Inference: 0.0704 s/iter. Eval: 1.1894 s/iter. Total: 1.2622 s/iter. ETA=0:14:04
[12/10 02:38:32 d2.evaluation.evaluator]: Inference done 1335/2000. Dataloading: 0.0020 s/iter. Inference: 0.0704 s/iter. Eval: 1.1905 s/iter. Total: 1.2634 s/iter. ETA=0:14:00
[12/10 02:38:38 d2.evaluation.evaluator]: Inference done 1340/2000. Dataloading: 0.0020 s/iter. Inference: 0.0704 s/iter. Eval: 1.1902 s/iter. Total: 1.2631 s/iter. ETA=0:13:53
[12/10 02:38:44 d2.evaluation.evaluator]: Inference done 1343/2000. Dataloading: 0.0020 s/iter. Inference: 0.0704 s/iter. Eval: 1.1919 s/iter. Total: 1.2648 s/iter. ETA=0:13:50
[12/10 02:38:51 d2.evaluation.evaluator]: Inference done 1347/2000. Dataloading: 0.0020 s/iter. Inference: 0.0704 s/iter. Eval: 1.1934 s/iter. Total: 1.2662 s/iter. ETA=0:13:46
[12/10 02:38:56 d2.evaluation.evaluator]: Inference done 1352/2000. Dataloading: 0.0020 s/iter. Inference: 0.0704 s/iter. Eval: 1.1930 s/iter. Total: 1.2658 s/iter. ETA=0:13:40
[12/10 02:39:02 d2.evaluation.evaluator]: Inference done 1354/2000. Dataloading: 0.0020 s/iter. Inference: 0.0704 s/iter. Eval: 1.1950 s/iter. Total: 1.2679 s/iter. ETA=0:13:39
[12/10 02:39:07 d2.evaluation.evaluator]: Inference done 1360/2000. Dataloading: 0.0020 s/iter. Inference: 0.0703 s/iter. Eval: 1.1932 s/iter. Total: 1.2660 s/iter. ETA=0:13:30
[12/10 02:39:13 d2.evaluation.evaluator]: Inference done 1365/2000. Dataloading: 0.0020 s/iter. Inference: 0.0704 s/iter. Eval: 1.1933 s/iter. Total: 1.2661 s/iter. ETA=0:13:23
[12/10 02:39:20 d2.evaluation.evaluator]: Inference done 1369/2000. Dataloading: 0.0020 s/iter. Inference: 0.0704 s/iter. Eval: 1.1941 s/iter. Total: 1.2670 s/iter. ETA=0:13:19
[12/10 02:39:25 d2.evaluation.evaluator]: Inference done 1374/2000. Dataloading: 0.0020 s/iter. Inference: 0.0703 s/iter. Eval: 1.1933 s/iter. Total: 1.2662 s/iter. ETA=0:13:12
[12/10 02:39:30 d2.evaluation.evaluator]: Inference done 1378/2000. Dataloading: 0.0020 s/iter. Inference: 0.0703 s/iter. Eval: 1.1934 s/iter. Total: 1.2662 s/iter. ETA=0:13:07
[12/10 02:39:35 d2.evaluation.evaluator]: Inference done 1383/2000. Dataloading: 0.0020 s/iter. Inference: 0.0703 s/iter. Eval: 1.1926 s/iter. Total: 1.2654 s/iter. ETA=0:13:00
[12/10 02:39:42 d2.evaluation.evaluator]: Inference done 1388/2000. Dataloading: 0.0020 s/iter. Inference: 0.0703 s/iter. Eval: 1.1927 s/iter. Total: 1.2655 s/iter. ETA=0:12:54
[12/10 02:39:48 d2.evaluation.evaluator]: Inference done 1393/2000. Dataloading: 0.0020 s/iter. Inference: 0.0703 s/iter. Eval: 1.1928 s/iter. Total: 1.2656 s/iter. ETA=0:12:48
[12/10 02:39:54 d2.evaluation.evaluator]: Inference done 1398/2000. Dataloading: 0.0020 s/iter. Inference: 0.0703 s/iter. Eval: 1.1923 s/iter. Total: 1.2652 s/iter. ETA=0:12:41
[12/10 02:39:59 d2.evaluation.evaluator]: Inference done 1402/2000. Dataloading: 0.0020 s/iter. Inference: 0.0703 s/iter. Eval: 1.1927 s/iter. Total: 1.2655 s/iter. ETA=0:12:36
[12/10 02:40:04 d2.evaluation.evaluator]: Inference done 1406/2000. Dataloading: 0.0020 s/iter. Inference: 0.0703 s/iter. Eval: 1.1927 s/iter. Total: 1.2655 s/iter. ETA=0:12:31
[12/10 02:40:10 d2.evaluation.evaluator]: Inference done 1409/2000. Dataloading: 0.0020 s/iter. Inference: 0.0703 s/iter. Eval: 1.1942 s/iter. Total: 1.2670 s/iter. ETA=0:12:28
[12/10 02:40:16 d2.evaluation.evaluator]: Inference done 1414/2000. Dataloading: 0.0020 s/iter. Inference: 0.0703 s/iter. Eval: 1.1937 s/iter. Total: 1.2665 s/iter. ETA=0:12:22
[12/10 02:40:22 d2.evaluation.evaluator]: Inference done 1418/2000. Dataloading: 0.0020 s/iter. Inference: 0.0703 s/iter. Eval: 1.1944 s/iter. Total: 1.2672 s/iter. ETA=0:12:17
[12/10 02:40:28 d2.evaluation.evaluator]: Inference done 1422/2000. Dataloading: 0.0020 s/iter. Inference: 0.0703 s/iter. Eval: 1.1950 s/iter. Total: 1.2678 s/iter. ETA=0:12:12
[12/10 02:40:33 d2.evaluation.evaluator]: Inference done 1425/2000. Dataloading: 0.0020 s/iter. Inference: 0.0703 s/iter. Eval: 1.1962 s/iter. Total: 1.2690 s/iter. ETA=0:12:09
[12/10 02:40:40 d2.evaluation.evaluator]: Inference done 1429/2000. Dataloading: 0.0020 s/iter. Inference: 0.0703 s/iter. Eval: 1.1971 s/iter. Total: 1.2699 s/iter. ETA=0:12:05
[12/10 02:40:45 d2.evaluation.evaluator]: Inference done 1437/2000. Dataloading: 0.0020 s/iter. Inference: 0.0703 s/iter. Eval: 1.1936 s/iter. Total: 1.2664 s/iter. ETA=0:11:52
[12/10 02:40:51 d2.evaluation.evaluator]: Inference done 1442/2000. Dataloading: 0.0020 s/iter. Inference: 0.0703 s/iter. Eval: 1.1933 s/iter. Total: 1.2661 s/iter. ETA=0:11:46
[12/10 02:40:56 d2.evaluation.evaluator]: Inference done 1445/2000. Dataloading: 0.0020 s/iter. Inference: 0.0703 s/iter. Eval: 1.1941 s/iter. Total: 1.2669 s/iter. ETA=0:11:43
[12/10 02:41:01 d2.evaluation.evaluator]: Inference done 1449/2000. Dataloading: 0.0020 s/iter. Inference: 0.0703 s/iter. Eval: 1.1941 s/iter. Total: 1.2669 s/iter. ETA=0:11:38
[12/10 02:41:07 d2.evaluation.evaluator]: Inference done 1453/2000. Dataloading: 0.0020 s/iter. Inference: 0.0703 s/iter. Eval: 1.1950 s/iter. Total: 1.2677 s/iter. ETA=0:11:33
[12/10 02:41:12 d2.evaluation.evaluator]: Inference done 1456/2000. Dataloading: 0.0020 s/iter. Inference: 0.0703 s/iter. Eval: 1.1960 s/iter. Total: 1.2687 s/iter. ETA=0:11:30
[12/10 02:41:17 d2.evaluation.evaluator]: Inference done 1458/2000. Dataloading: 0.0020 s/iter. Inference: 0.0703 s/iter. Eval: 1.1978 s/iter. Total: 1.2705 s/iter. ETA=0:11:28
[12/10 02:41:24 d2.evaluation.evaluator]: Inference done 1463/2000. Dataloading: 0.0020 s/iter. Inference: 0.0703 s/iter. Eval: 1.1979 s/iter. Total: 1.2706 s/iter. ETA=0:11:22
[12/10 02:41:29 d2.evaluation.evaluator]: Inference done 1467/2000. Dataloading: 0.0020 s/iter. Inference: 0.0703 s/iter. Eval: 1.1982 s/iter. Total: 1.2709 s/iter. ETA=0:11:17
[12/10 02:41:36 d2.evaluation.evaluator]: Inference done 1472/2000. Dataloading: 0.0020 s/iter. Inference: 0.0703 s/iter. Eval: 1.1981 s/iter. Total: 1.2708 s/iter. ETA=0:11:10
[12/10 02:41:42 d2.evaluation.evaluator]: Inference done 1476/2000. Dataloading: 0.0020 s/iter. Inference: 0.0703 s/iter. Eval: 1.1988 s/iter. Total: 1.2715 s/iter. ETA=0:11:06
[12/10 02:41:47 d2.evaluation.evaluator]: Inference done 1481/2000. Dataloading: 0.0020 s/iter. Inference: 0.0703 s/iter. Eval: 1.1980 s/iter. Total: 1.2707 s/iter. ETA=0:10:59
[12/10 02:41:53 d2.evaluation.evaluator]: Inference done 1486/2000. Dataloading: 0.0020 s/iter. Inference: 0.0703 s/iter. Eval: 1.1978 s/iter. Total: 1.2705 s/iter. ETA=0:10:53
[12/10 02:41:58 d2.evaluation.evaluator]: Inference done 1489/2000. Dataloading: 0.0020 s/iter. Inference: 0.0703 s/iter. Eval: 1.1987 s/iter. Total: 1.2715 s/iter. ETA=0:10:49
[12/10 02:42:04 d2.evaluation.evaluator]: Inference done 1494/2000. Dataloading: 0.0020 s/iter. Inference: 0.0703 s/iter. Eval: 1.1980 s/iter. Total: 1.2708 s/iter. ETA=0:10:43
[12/10 02:42:09 d2.evaluation.evaluator]: Inference done 1499/2000. Dataloading: 0.0020 s/iter. Inference: 0.0703 s/iter. Eval: 1.1973 s/iter. Total: 1.2700 s/iter. ETA=0:10:36
[12/10 02:42:14 d2.evaluation.evaluator]: Inference done 1505/2000. Dataloading: 0.0020 s/iter. Inference: 0.0703 s/iter. Eval: 1.1958 s/iter. Total: 1.2685 s/iter. ETA=0:10:27
[12/10 02:42:21 d2.evaluation.evaluator]: Inference done 1510/2000. Dataloading: 0.0020 s/iter. Inference: 0.0703 s/iter. Eval: 1.1958 s/iter. Total: 1.2685 s/iter. ETA=0:10:21
[12/10 02:42:27 d2.evaluation.evaluator]: Inference done 1513/2000. Dataloading: 0.0020 s/iter. Inference: 0.0703 s/iter. Eval: 1.1976 s/iter. Total: 1.2703 s/iter. ETA=0:10:18
[12/10 02:42:34 d2.evaluation.evaluator]: Inference done 1518/2000. Dataloading: 0.0020 s/iter. Inference: 0.0703 s/iter. Eval: 1.1979 s/iter. Total: 1.2706 s/iter. ETA=0:10:12
[12/10 02:42:41 d2.evaluation.evaluator]: Inference done 1523/2000. Dataloading: 0.0020 s/iter. Inference: 0.0703 s/iter. Eval: 1.1984 s/iter. Total: 1.2711 s/iter. ETA=0:10:06
[12/10 02:42:46 d2.evaluation.evaluator]: Inference done 1527/2000. Dataloading: 0.0020 s/iter. Inference: 0.0703 s/iter. Eval: 1.1984 s/iter. Total: 1.2711 s/iter. ETA=0:10:01
[12/10 02:42:52 d2.evaluation.evaluator]: Inference done 1532/2000. Dataloading: 0.0020 s/iter. Inference: 0.0703 s/iter. Eval: 1.1983 s/iter. Total: 1.2710 s/iter. ETA=0:09:54
[12/10 02:42:58 d2.evaluation.evaluator]: Inference done 1538/2000. Dataloading: 0.0020 s/iter. Inference: 0.0703 s/iter. Eval: 1.1973 s/iter. Total: 1.2700 s/iter. ETA=0:09:46
[12/10 02:43:04 d2.evaluation.evaluator]: Inference done 1542/2000. Dataloading: 0.0020 s/iter. Inference: 0.0703 s/iter. Eval: 1.1977 s/iter. Total: 1.2704 s/iter. ETA=0:09:41
[12/10 02:43:10 d2.evaluation.evaluator]: Inference done 1546/2000. Dataloading: 0.0020 s/iter. Inference: 0.0703 s/iter. Eval: 1.1986 s/iter. Total: 1.2713 s/iter. ETA=0:09:37
[12/10 02:43:16 d2.evaluation.evaluator]: Inference done 1550/2000. Dataloading: 0.0020 s/iter. Inference: 0.0703 s/iter. Eval: 1.1991 s/iter. Total: 1.2718 s/iter. ETA=0:09:32
[12/10 02:43:22 d2.evaluation.evaluator]: Inference done 1554/2000. Dataloading: 0.0020 s/iter. Inference: 0.0703 s/iter. Eval: 1.1994 s/iter. Total: 1.2721 s/iter. ETA=0:09:27
[12/10 02:43:28 d2.evaluation.evaluator]: Inference done 1558/2000. Dataloading: 0.0020 s/iter. Inference: 0.0702 s/iter. Eval: 1.1999 s/iter. Total: 1.2726 s/iter. ETA=0:09:22
[12/10 02:43:33 d2.evaluation.evaluator]: Inference done 1563/2000. Dataloading: 0.0020 s/iter. Inference: 0.0702 s/iter. Eval: 1.1991 s/iter. Total: 1.2717 s/iter. ETA=0:09:15
[12/10 02:43:38 d2.evaluation.evaluator]: Inference done 1568/2000. Dataloading: 0.0020 s/iter. Inference: 0.0702 s/iter. Eval: 1.1982 s/iter. Total: 1.2709 s/iter. ETA=0:09:09
[12/10 02:43:43 d2.evaluation.evaluator]: Inference done 1572/2000. Dataloading: 0.0020 s/iter. Inference: 0.0702 s/iter. Eval: 1.1985 s/iter. Total: 1.2712 s/iter. ETA=0:09:04
[12/10 02:43:49 d2.evaluation.evaluator]: Inference done 1578/2000. Dataloading: 0.0020 s/iter. Inference: 0.0702 s/iter. Eval: 1.1973 s/iter. Total: 1.2700 s/iter. ETA=0:08:55
[12/10 02:43:55 d2.evaluation.evaluator]: Inference done 1583/2000. Dataloading: 0.0020 s/iter. Inference: 0.0702 s/iter. Eval: 1.1969 s/iter. Total: 1.2696 s/iter. ETA=0:08:49
[12/10 02:44:00 d2.evaluation.evaluator]: Inference done 1588/2000. Dataloading: 0.0020 s/iter. Inference: 0.0702 s/iter. Eval: 1.1963 s/iter. Total: 1.2689 s/iter. ETA=0:08:42
[12/10 02:44:06 d2.evaluation.evaluator]: Inference done 1592/2000. Dataloading: 0.0020 s/iter. Inference: 0.0702 s/iter. Eval: 1.1968 s/iter. Total: 1.2694 s/iter. ETA=0:08:37
[12/10 02:44:11 d2.evaluation.evaluator]: Inference done 1596/2000. Dataloading: 0.0020 s/iter. Inference: 0.0702 s/iter. Eval: 1.1968 s/iter. Total: 1.2695 s/iter. ETA=0:08:32
[12/10 02:44:17 d2.evaluation.evaluator]: Inference done 1599/2000. Dataloading: 0.0020 s/iter. Inference: 0.0702 s/iter. Eval: 1.1978 s/iter. Total: 1.2705 s/iter. ETA=0:08:29
[12/10 02:44:23 d2.evaluation.evaluator]: Inference done 1602/2000. Dataloading: 0.0020 s/iter. Inference: 0.0702 s/iter. Eval: 1.1995 s/iter. Total: 1.2721 s/iter. ETA=0:08:26
[12/10 02:44:29 d2.evaluation.evaluator]: Inference done 1609/2000. Dataloading: 0.0020 s/iter. Inference: 0.0702 s/iter. Eval: 1.1977 s/iter. Total: 1.2703 s/iter. ETA=0:08:16
[12/10 02:44:35 d2.evaluation.evaluator]: Inference done 1614/2000. Dataloading: 0.0020 s/iter. Inference: 0.0702 s/iter. Eval: 1.1973 s/iter. Total: 1.2699 s/iter. ETA=0:08:10
[12/10 02:44:40 d2.evaluation.evaluator]: Inference done 1618/2000. Dataloading: 0.0020 s/iter. Inference: 0.0702 s/iter. Eval: 1.1975 s/iter. Total: 1.2701 s/iter. ETA=0:08:05
[12/10 02:44:47 d2.evaluation.evaluator]: Inference done 1624/2000. Dataloading: 0.0020 s/iter. Inference: 0.0702 s/iter. Eval: 1.1972 s/iter. Total: 1.2698 s/iter. ETA=0:07:57
[12/10 02:44:54 d2.evaluation.evaluator]: Inference done 1628/2000. Dataloading: 0.0020 s/iter. Inference: 0.0702 s/iter. Eval: 1.1982 s/iter. Total: 1.2708 s/iter. ETA=0:07:52
[12/10 02:45:02 d2.evaluation.evaluator]: Inference done 1632/2000. Dataloading: 0.0020 s/iter. Inference: 0.0702 s/iter. Eval: 1.2000 s/iter. Total: 1.2726 s/iter. ETA=0:07:48
[12/10 02:45:08 d2.evaluation.evaluator]: Inference done 1637/2000. Dataloading: 0.0020 s/iter. Inference: 0.0702 s/iter. Eval: 1.1998 s/iter. Total: 1.2724 s/iter. ETA=0:07:41
[12/10 02:45:14 d2.evaluation.evaluator]: Inference done 1640/2000. Dataloading: 0.0020 s/iter. Inference: 0.0702 s/iter. Eval: 1.2013 s/iter. Total: 1.2739 s/iter. ETA=0:07:38
[12/10 02:45:20 d2.evaluation.evaluator]: Inference done 1644/2000. Dataloading: 0.0020 s/iter. Inference: 0.0702 s/iter. Eval: 1.2015 s/iter. Total: 1.2742 s/iter. ETA=0:07:33
[12/10 02:45:27 d2.evaluation.evaluator]: Inference done 1648/2000. Dataloading: 0.0020 s/iter. Inference: 0.0702 s/iter. Eval: 1.2027 s/iter. Total: 1.2754 s/iter. ETA=0:07:28
[12/10 02:45:33 d2.evaluation.evaluator]: Inference done 1654/2000. Dataloading: 0.0020 s/iter. Inference: 0.0702 s/iter. Eval: 1.2017 s/iter. Total: 1.2743 s/iter. ETA=0:07:20
[12/10 02:45:38 d2.evaluation.evaluator]: Inference done 1658/2000. Dataloading: 0.0020 s/iter. Inference: 0.0702 s/iter. Eval: 1.2016 s/iter. Total: 1.2743 s/iter. ETA=0:07:15
[12/10 02:45:43 d2.evaluation.evaluator]: Inference done 1662/2000. Dataloading: 0.0020 s/iter. Inference: 0.0702 s/iter. Eval: 1.2018 s/iter. Total: 1.2744 s/iter. ETA=0:07:10
[12/10 02:45:49 d2.evaluation.evaluator]: Inference done 1668/2000. Dataloading: 0.0020 s/iter. Inference: 0.0702 s/iter. Eval: 1.2010 s/iter. Total: 1.2736 s/iter. ETA=0:07:02
[12/10 02:45:56 d2.evaluation.evaluator]: Inference done 1673/2000. Dataloading: 0.0020 s/iter. Inference: 0.0702 s/iter. Eval: 1.2010 s/iter. Total: 1.2736 s/iter. ETA=0:06:56
[12/10 02:46:01 d2.evaluation.evaluator]: Inference done 1678/2000. Dataloading: 0.0020 s/iter. Inference: 0.0702 s/iter. Eval: 1.2003 s/iter. Total: 1.2729 s/iter. ETA=0:06:49
[12/10 02:46:06 d2.evaluation.evaluator]: Inference done 1683/2000. Dataloading: 0.0020 s/iter. Inference: 0.0702 s/iter. Eval: 1.1998 s/iter. Total: 1.2724 s/iter. ETA=0:06:43
[12/10 02:46:12 d2.evaluation.evaluator]: Inference done 1686/2000. Dataloading: 0.0020 s/iter. Inference: 0.0702 s/iter. Eval: 1.2007 s/iter. Total: 1.2733 s/iter. ETA=0:06:39
[12/10 02:46:19 d2.evaluation.evaluator]: Inference done 1690/2000. Dataloading: 0.0020 s/iter. Inference: 0.0702 s/iter. Eval: 1.2017 s/iter. Total: 1.2743 s/iter. ETA=0:06:35
[12/10 02:46:24 d2.evaluation.evaluator]: Inference done 1693/2000. Dataloading: 0.0020 s/iter. Inference: 0.0702 s/iter. Eval: 1.2025 s/iter. Total: 1.2751 s/iter. ETA=0:06:31
[12/10 02:46:30 d2.evaluation.evaluator]: Inference done 1697/2000. Dataloading: 0.0020 s/iter. Inference: 0.0701 s/iter. Eval: 1.2029 s/iter. Total: 1.2755 s/iter. ETA=0:06:26
[12/10 02:46:36 d2.evaluation.evaluator]: Inference done 1701/2000. Dataloading: 0.0020 s/iter. Inference: 0.0701 s/iter. Eval: 1.2035 s/iter. Total: 1.2760 s/iter. ETA=0:06:21
[12/10 02:46:41 d2.evaluation.evaluator]: Inference done 1704/2000. Dataloading: 0.0020 s/iter. Inference: 0.0701 s/iter. Eval: 1.2046 s/iter. Total: 1.2772 s/iter. ETA=0:06:18
[12/10 02:46:47 d2.evaluation.evaluator]: Inference done 1708/2000. Dataloading: 0.0020 s/iter. Inference: 0.0701 s/iter. Eval: 1.2051 s/iter. Total: 1.2776 s/iter. ETA=0:06:13
[12/10 02:46:53 d2.evaluation.evaluator]: Inference done 1711/2000. Dataloading: 0.0020 s/iter. Inference: 0.0701 s/iter. Eval: 1.2064 s/iter. Total: 1.2789 s/iter. ETA=0:06:09
[12/10 02:47:00 d2.evaluation.evaluator]: Inference done 1715/2000. Dataloading: 0.0020 s/iter. Inference: 0.0701 s/iter. Eval: 1.2071 s/iter. Total: 1.2797 s/iter. ETA=0:06:04
[12/10 02:47:06 d2.evaluation.evaluator]: Inference done 1721/2000. Dataloading: 0.0020 s/iter. Inference: 0.0701 s/iter. Eval: 1.2064 s/iter. Total: 1.2790 s/iter. ETA=0:05:56
[12/10 02:47:12 d2.evaluation.evaluator]: Inference done 1725/2000. Dataloading: 0.0020 s/iter. Inference: 0.0701 s/iter. Eval: 1.2068 s/iter. Total: 1.2794 s/iter. ETA=0:05:51
[12/10 02:47:19 d2.evaluation.evaluator]: Inference done 1731/2000. Dataloading: 0.0020 s/iter. Inference: 0.0701 s/iter. Eval: 1.2064 s/iter. Total: 1.2789 s/iter. ETA=0:05:44
[12/10 02:47:25 d2.evaluation.evaluator]: Inference done 1734/2000. Dataloading: 0.0020 s/iter. Inference: 0.0701 s/iter. Eval: 1.2075 s/iter. Total: 1.2800 s/iter. ETA=0:05:40
[12/10 02:47:30 d2.evaluation.evaluator]: Inference done 1738/2000. Dataloading: 0.0020 s/iter. Inference: 0.0701 s/iter. Eval: 1.2075 s/iter. Total: 1.2801 s/iter. ETA=0:05:35
[12/10 02:47:35 d2.evaluation.evaluator]: Inference done 1742/2000. Dataloading: 0.0020 s/iter. Inference: 0.0701 s/iter. Eval: 1.2077 s/iter. Total: 1.2802 s/iter. ETA=0:05:30
[12/10 02:47:41 d2.evaluation.evaluator]: Inference done 1747/2000. Dataloading: 0.0020 s/iter. Inference: 0.0701 s/iter. Eval: 1.2072 s/iter. Total: 1.2797 s/iter. ETA=0:05:23
[12/10 02:47:47 d2.evaluation.evaluator]: Inference done 1751/2000. Dataloading: 0.0020 s/iter. Inference: 0.0701 s/iter. Eval: 1.2077 s/iter. Total: 1.2803 s/iter. ETA=0:05:18
[12/10 02:47:53 d2.evaluation.evaluator]: Inference done 1754/2000. Dataloading: 0.0020 s/iter. Inference: 0.0701 s/iter. Eval: 1.2091 s/iter. Total: 1.2816 s/iter. ETA=0:05:15
[12/10 02:47:59 d2.evaluation.evaluator]: Inference done 1759/2000. Dataloading: 0.0020 s/iter. Inference: 0.0701 s/iter. Eval: 1.2087 s/iter. Total: 1.2812 s/iter. ETA=0:05:08
[12/10 02:48:05 d2.evaluation.evaluator]: Inference done 1763/2000. Dataloading: 0.0020 s/iter. Inference: 0.0701 s/iter. Eval: 1.2091 s/iter. Total: 1.2816 s/iter. ETA=0:05:03
[12/10 02:48:11 d2.evaluation.evaluator]: Inference done 1767/2000. Dataloading: 0.0020 s/iter. Inference: 0.0701 s/iter. Eval: 1.2098 s/iter. Total: 1.2824 s/iter. ETA=0:04:58
[12/10 02:48:17 d2.evaluation.evaluator]: Inference done 1771/2000. Dataloading: 0.0020 s/iter. Inference: 0.0701 s/iter. Eval: 1.2104 s/iter. Total: 1.2829 s/iter. ETA=0:04:53
[12/10 02:48:24 d2.evaluation.evaluator]: Inference done 1774/2000. Dataloading: 0.0020 s/iter. Inference: 0.0701 s/iter. Eval: 1.2119 s/iter. Total: 1.2845 s/iter. ETA=0:04:50
[12/10 02:48:29 d2.evaluation.evaluator]: Inference done 1778/2000. Dataloading: 0.0020 s/iter. Inference: 0.0701 s/iter. Eval: 1.2123 s/iter. Total: 1.2848 s/iter. ETA=0:04:45
[12/10 02:48:36 d2.evaluation.evaluator]: Inference done 1782/2000. Dataloading: 0.0020 s/iter. Inference: 0.0701 s/iter. Eval: 1.2133 s/iter. Total: 1.2858 s/iter. ETA=0:04:40
[12/10 02:48:42 d2.evaluation.evaluator]: Inference done 1786/2000. Dataloading: 0.0020 s/iter. Inference: 0.0701 s/iter. Eval: 1.2134 s/iter. Total: 1.2859 s/iter. ETA=0:04:35
[12/10 02:48:49 d2.evaluation.evaluator]: Inference done 1793/2000. Dataloading: 0.0020 s/iter. Inference: 0.0701 s/iter. Eval: 1.2123 s/iter. Total: 1.2848 s/iter. ETA=0:04:25
[12/10 02:48:55 d2.evaluation.evaluator]: Inference done 1799/2000. Dataloading: 0.0020 s/iter. Inference: 0.0701 s/iter. Eval: 1.2115 s/iter. Total: 1.2840 s/iter. ETA=0:04:18
[12/10 02:49:01 d2.evaluation.evaluator]: Inference done 1804/2000. Dataloading: 0.0020 s/iter. Inference: 0.0701 s/iter. Eval: 1.2112 s/iter. Total: 1.2837 s/iter. ETA=0:04:11
[12/10 02:49:07 d2.evaluation.evaluator]: Inference done 1807/2000. Dataloading: 0.0020 s/iter. Inference: 0.0701 s/iter. Eval: 1.2124 s/iter. Total: 1.2849 s/iter. ETA=0:04:07
[12/10 02:49:12 d2.evaluation.evaluator]: Inference done 1813/2000. Dataloading: 0.0020 s/iter. Inference: 0.0701 s/iter. Eval: 1.2113 s/iter. Total: 1.2838 s/iter. ETA=0:04:00
[12/10 02:49:18 d2.evaluation.evaluator]: Inference done 1818/2000. Dataloading: 0.0020 s/iter. Inference: 0.0701 s/iter. Eval: 1.2105 s/iter. Total: 1.2830 s/iter. ETA=0:03:53
[12/10 02:49:23 d2.evaluation.evaluator]: Inference done 1821/2000. Dataloading: 0.0020 s/iter. Inference: 0.0701 s/iter. Eval: 1.2112 s/iter. Total: 1.2837 s/iter. ETA=0:03:49
[12/10 02:49:28 d2.evaluation.evaluator]: Inference done 1825/2000. Dataloading: 0.0020 s/iter. Inference: 0.0701 s/iter. Eval: 1.2116 s/iter. Total: 1.2840 s/iter. ETA=0:03:44
[12/10 02:49:33 d2.evaluation.evaluator]: Inference done 1830/2000. Dataloading: 0.0020 s/iter. Inference: 0.0701 s/iter. Eval: 1.2108 s/iter. Total: 1.2833 s/iter. ETA=0:03:38
[12/10 02:49:40 d2.evaluation.evaluator]: Inference done 1835/2000. Dataloading: 0.0020 s/iter. Inference: 0.0701 s/iter. Eval: 1.2107 s/iter. Total: 1.2832 s/iter. ETA=0:03:31
[12/10 02:49:45 d2.evaluation.evaluator]: Inference done 1840/2000. Dataloading: 0.0020 s/iter. Inference: 0.0701 s/iter. Eval: 1.2100 s/iter. Total: 1.2825 s/iter. ETA=0:03:25
[12/10 02:49:50 d2.evaluation.evaluator]: Inference done 1846/2000. Dataloading: 0.0020 s/iter. Inference: 0.0701 s/iter. Eval: 1.2086 s/iter. Total: 1.2811 s/iter. ETA=0:03:17
[12/10 02:49:55 d2.evaluation.evaluator]: Inference done 1851/2000. Dataloading: 0.0020 s/iter. Inference: 0.0701 s/iter. Eval: 1.2079 s/iter. Total: 1.2804 s/iter. ETA=0:03:10
[12/10 02:50:00 d2.evaluation.evaluator]: Inference done 1855/2000. Dataloading: 0.0020 s/iter. Inference: 0.0701 s/iter. Eval: 1.2080 s/iter. Total: 1.2805 s/iter. ETA=0:03:05
[12/10 02:50:06 d2.evaluation.evaluator]: Inference done 1861/2000. Dataloading: 0.0020 s/iter. Inference: 0.0701 s/iter. Eval: 1.2069 s/iter. Total: 1.2794 s/iter. ETA=0:02:57
[12/10 02:50:12 d2.evaluation.evaluator]: Inference done 1867/2000. Dataloading: 0.0020 s/iter. Inference: 0.0701 s/iter. Eval: 1.2058 s/iter. Total: 1.2783 s/iter. ETA=0:02:50
[12/10 02:50:17 d2.evaluation.evaluator]: Inference done 1873/2000. Dataloading: 0.0020 s/iter. Inference: 0.0701 s/iter. Eval: 1.2045 s/iter. Total: 1.2770 s/iter. ETA=0:02:42
[12/10 02:50:23 d2.evaluation.evaluator]: Inference done 1880/2000. Dataloading: 0.0020 s/iter. Inference: 0.0701 s/iter. Eval: 1.2032 s/iter. Total: 1.2757 s/iter. ETA=0:02:33
[12/10 02:50:30 d2.evaluation.evaluator]: Inference done 1884/2000. Dataloading: 0.0020 s/iter. Inference: 0.0701 s/iter. Eval: 1.2038 s/iter. Total: 1.2763 s/iter. ETA=0:02:28
[12/10 02:50:35 d2.evaluation.evaluator]: Inference done 1890/2000. Dataloading: 0.0020 s/iter. Inference: 0.0701 s/iter. Eval: 1.2024 s/iter. Total: 1.2749 s/iter. ETA=0:02:20
[12/10 02:50:40 d2.evaluation.evaluator]: Inference done 1895/2000. Dataloading: 0.0020 s/iter. Inference: 0.0701 s/iter. Eval: 1.2021 s/iter. Total: 1.2746 s/iter. ETA=0:02:13
[12/10 02:50:45 d2.evaluation.evaluator]: Inference done 1901/2000. Dataloading: 0.0020 s/iter. Inference: 0.0701 s/iter. Eval: 1.2008 s/iter. Total: 1.2732 s/iter. ETA=0:02:06
[12/10 02:50:52 d2.evaluation.evaluator]: Inference done 1905/2000. Dataloading: 0.0020 s/iter. Inference: 0.0701 s/iter. Eval: 1.2014 s/iter. Total: 1.2739 s/iter. ETA=0:02:01
[12/10 02:50:57 d2.evaluation.evaluator]: Inference done 1912/2000. Dataloading: 0.0020 s/iter. Inference: 0.0701 s/iter. Eval: 1.1994 s/iter. Total: 1.2719 s/iter. ETA=0:01:51
[12/10 02:51:02 d2.evaluation.evaluator]: Inference done 1918/2000. Dataloading: 0.0020 s/iter. Inference: 0.0701 s/iter. Eval: 1.1983 s/iter. Total: 1.2708 s/iter. ETA=0:01:44
[12/10 02:51:07 d2.evaluation.evaluator]: Inference done 1923/2000. Dataloading: 0.0020 s/iter. Inference: 0.0701 s/iter. Eval: 1.1976 s/iter. Total: 1.2701 s/iter. ETA=0:01:37
[12/10 02:51:14 d2.evaluation.evaluator]: Inference done 1930/2000. Dataloading: 0.0020 s/iter. Inference: 0.0701 s/iter. Eval: 1.1963 s/iter. Total: 1.2687 s/iter. ETA=0:01:28
[12/10 02:51:20 d2.evaluation.evaluator]: Inference done 1935/2000. Dataloading: 0.0020 s/iter. Inference: 0.0701 s/iter. Eval: 1.1962 s/iter. Total: 1.2686 s/iter. ETA=0:01:22
[12/10 02:51:26 d2.evaluation.evaluator]: Inference done 1942/2000. Dataloading: 0.0020 s/iter. Inference: 0.0701 s/iter. Eval: 1.1946 s/iter. Total: 1.2671 s/iter. ETA=0:01:13
[12/10 02:51:31 d2.evaluation.evaluator]: Inference done 1946/2000. Dataloading: 0.0020 s/iter. Inference: 0.0701 s/iter. Eval: 1.1947 s/iter. Total: 1.2672 s/iter. ETA=0:01:08
[12/10 02:51:36 d2.evaluation.evaluator]: Inference done 1950/2000. Dataloading: 0.0020 s/iter. Inference: 0.0701 s/iter. Eval: 1.1948 s/iter. Total: 1.2672 s/iter. ETA=0:01:03
[12/10 02:51:42 d2.evaluation.evaluator]: Inference done 1955/2000. Dataloading: 0.0020 s/iter. Inference: 0.0701 s/iter. Eval: 1.1943 s/iter. Total: 1.2668 s/iter. ETA=0:00:57
[12/10 02:51:47 d2.evaluation.evaluator]: Inference done 1962/2000. Dataloading: 0.0020 s/iter. Inference: 0.0701 s/iter. Eval: 1.1927 s/iter. Total: 1.2651 s/iter. ETA=0:00:48
[12/10 02:51:54 d2.evaluation.evaluator]: Inference done 1967/2000. Dataloading: 0.0020 s/iter. Inference: 0.0701 s/iter. Eval: 1.1928 s/iter. Total: 1.2652 s/iter. ETA=0:00:41
[12/10 02:51:59 d2.evaluation.evaluator]: Inference done 1974/2000. Dataloading: 0.0020 s/iter. Inference: 0.0701 s/iter. Eval: 1.1909 s/iter. Total: 1.2633 s/iter. ETA=0:00:32
[12/10 02:52:05 d2.evaluation.evaluator]: Inference done 1980/2000. Dataloading: 0.0020 s/iter. Inference: 0.0701 s/iter. Eval: 1.1900 s/iter. Total: 1.2625 s/iter. ETA=0:00:25
[12/10 02:52:11 d2.evaluation.evaluator]: Inference done 1986/2000. Dataloading: 0.0020 s/iter. Inference: 0.0701 s/iter. Eval: 1.1891 s/iter. Total: 1.2616 s/iter. ETA=0:00:17
[12/10 02:52:16 d2.evaluation.evaluator]: Inference done 1991/2000. Dataloading: 0.0020 s/iter. Inference: 0.0701 s/iter. Eval: 1.1885 s/iter. Total: 1.2610 s/iter. ETA=0:00:11
[12/10 02:52:21 d2.evaluation.evaluator]: Inference done 1994/2000. Dataloading: 0.0020 s/iter. Inference: 0.0701 s/iter. Eval: 1.1895 s/iter. Total: 1.2619 s/iter. ETA=0:00:07
[12/10 02:52:27 d2.evaluation.evaluator]: Inference done 1998/2000. Dataloading: 0.0020 s/iter. Inference: 0.0701 s/iter. Eval: 1.1896 s/iter. Total: 1.2621 s/iter. ETA=0:00:02
[12/10 02:52:28 d2.evaluation.evaluator]: Total inference time: 0:41:56.585743 (1.261446 s / iter per device, on 1 devices)
[12/10 02:52:28 d2.evaluation.evaluator]: Total inference pure compute time: 0:02:19 (0.070052 s / iter per device, on 1 devices)
[12/10 02:52:29 d2.evaluation.sem_seg_evaluation]: OrderedDict([('sem_seg', {'mIoU': 56.164471426056025, 'fwIoU': 86.5964316682273, 'IoU-road': 89.65962934825927, 'IoU-sidewalk': 56.2120703610125, 'IoU-building': 86.78570833371398, 'IoU-wall': 49.07951026341155, 'IoU-fence': 43.93712044706143, 'IoU-pole': 34.706757628425564, 'IoU-traffic light': 17.431627143313218, 'IoU-traffic sign': 39.301974729832914, 'IoU-vegetation': 87.0663430787418, 'IoU-terrain': 47.823438735291965, 'IoU-sky': 97.32913045309837, 'IoU-person': 67.74605457127181, 'IoU-rider': 6.037811412574904, 'IoU-car': 87.8660239223396, 'IoU-truck': 65.67958054947822, 'IoU-bus': 65.18367922166846, 'IoU-train': 26.93261987717562, 'IoU-motorcycle': 51.780971999878254, 'IoU-bicycle': 46.56490501851508, 'mACC': 68.7561316683514, 'pACC': 92.22608765585247, 'ACC-road': 96.21796164371213, 'ACC-sidewalk': 65.03026177423695, 'ACC-building': 94.39270628446967, 'ACC-wall': 60.093001957121395, 'ACC-fence': 55.57237119774455, 'ACC-pole': 40.08014404691187, 'ACC-traffic light': 56.566282943732816, 'ACC-traffic sign': 58.81155943302048, 'ACC-vegetation': 93.77246177658729, 'ACC-terrain': 59.392817065350535, 'ACC-sky': 98.81352393916316, 'ACC-person': 86.82184087874248, 'ACC-rider': 6.474677227775663, 'ACC-car': 95.39064466056176, 'ACC-truck': 85.84213358193131, 'ACC-bus': 77.09867171609747, 'ACC-train': 31.859134956447832, 'ACC-motorcycle': 72.80018986684598, 'ACC-bicycle': 71.3361167482234})])
[12/10 02:52:29 d2.engine.defaults]: Evaluation results for mapillary_val_seg in csv format:
[12/10 02:52:29 d2.evaluation.testing]: copypaste: Task: sem_seg
[12/10 02:52:29 d2.evaluation.testing]: copypaste: mIoU,fwIoU,mACC,pACC
[12/10 02:52:29 d2.evaluation.testing]: copypaste: 56.1645,86.5964,68.7561,92.2261
[12/10 02:01:31] d2.evaluation.testing INFO: copypaste: Task: sem_seg
[12/10 02:01:31] d2.evaluation.testing INFO: copypaste: mIoU,fwIoU,mACC,pACC
[12/10 02:01:31] d2.evaluation.testing INFO: copypaste: 54.0820,88.0374,63.8953,93.3232
[12/10 02:07:59] d2.evaluation.testing INFO: copypaste: Task: sem_seg
[12/10 02:07:59] d2.evaluation.testing INFO: copypaste: mIoU,fwIoU,mACC,pACC
[12/10 02:07:59] d2.evaluation.testing INFO: copypaste: 44.9032,79.5917,60.5282,87.7207
[12/10 02:10:15] d2.evaluation.testing INFO: copypaste: Task: sem_seg
[12/10 02:10:15] d2.evaluation.testing INFO: copypaste: mIoU,fwIoU,mACC,pACC
[12/10 02:10:15] d2.evaluation.testing INFO: copypaste: 49.9977,85.4119,61.8593,91.3792
[12/10 02:52:29] d2.evaluation.testing INFO: copypaste: Task: sem_seg
[12/10 02:52:29] d2.evaluation.testing INFO: copypaste: mIoU,fwIoU,mACC,pACC
[12/10 02:52:29] d2.evaluation.testing INFO: copypaste: 56.1645,86.5964,68.7561,92.2261
/data/zd/TTA_VLM/S2_Corr/train_net.py:16: FutureWarning: In the future `np.bool` will be defined as the corresponding NumPy scalar.
  if not hasattr(np, _name):
/data/zd/TTA_VLM/S2_Corr/train_net.py:16: FutureWarning: In the future `np.object` will be defined as the corresponding NumPy scalar.
  if not hasattr(np, _name):
/data/zd/TTA_VLM/S2_Corr/train_net.py:18: FutureWarning: In the future `np.long` will be defined as the corresponding NumPy scalar.
  if not hasattr(np, "long"):
/data2/anaconda3/envs/DeCLIP_CATSeg/lib/python3.10/site-packages/torchvision/datapoints/__init__.py:12: UserWarning: The torchvision.datapoints and torchvision.transforms.v2 namespaces are still Beta. While we do not expect major breaking changes, some APIs may still change according to user feedback. Please submit any feedback you may have in this issue: https://github.com/pytorch/vision/issues/6753, and you can also check out https://github.com/pytorch/vision/issues/7319 to learn more about the APIs that we suspect might involve future changes. You can silence this warning by calling torchvision.disable_beta_transforms_warning().
  warnings.warn(_BETA_TRANSFORMS_WARNING)
/data2/anaconda3/envs/DeCLIP_CATSeg/lib/python3.10/site-packages/torchvision/transforms/v2/__init__.py:54: UserWarning: The torchvision.datapoints and torchvision.transforms.v2 namespaces are still Beta. While we do not expect major breaking changes, some APIs may still change according to user feedback. Please submit any feedback you may have in this issue: https://github.com/pytorch/vision/issues/6753, and you can also check out https://github.com/pytorch/vision/issues/7319 to learn more about the APIs that we suspect might involve future changes. You can silence this warning by calling torchvision.disable_beta_transforms_warning().
  warnings.warn(_BETA_TRANSFORMS_WARNING)
Please 'pip install apex'
Command Line Args: Namespace(config_file='configs/cs7_catseg.yaml', resume=False, eval_only=True, num_gpus=1, num_machines=1, machine_rank=0, dist_url='auto', opts=['OUTPUT_DIR', 'outputs/cs7_eva_b16_r512/eval', 'MODEL.SEM_SEG_HEAD.TEST_CLASS_JSON', 'datasets/mapi_30.json', 'MODEL.SEM_SEG_HEAD.ENABLE_HIGH_RES', 'False', 'DATASETS.TEST', '("mapillary_train_val_seg_30",)', 'TEST.SLIDING_WINDOW', 'True', 'MODEL.SEM_SEG_HEAD.POOLING_SIZES', '[1,1]', 'MODEL.WEIGHTS', 'outputs/cs7_eva_b16_r512/model_0019999.pth'])
[12/10 02:52:34 detectron2]: Rank of current process: 0. World size: 1
[12/10 02:52:34 detectron2]: Environment info:
----------------------  ------------------------------------------------------------------------------------------
sys.platform            linux
Python                  3.10.0 (default, Mar  3 2022, 09:58:08) [GCC 7.5.0]
numpy                   1.26.4
detectron2              0.6 @/data2/anaconda3/envs/DeCLIP_CATSeg/lib/python3.10/site-packages/detectron2
Compiler                GCC 7.5
CUDA compiler           CUDA 11.6
detectron2 arch flags   8.0
DETECTRON2_ENV_MODULE   <not set>
PyTorch                 2.0.0+cu117 @/data2/anaconda3/envs/DeCLIP_CATSeg/lib/python3.10/site-packages/torch
PyTorch debug build     False
GPU available           Yes
GPU 0                   GeForce RTX 3090 (arch=8.6)
Driver version          460.84
CUDA_HOME               /usr/local/cuda-11.6
TORCH_CUDA_ARCH_LIST    8.0
Pillow                  9.1.0
torchvision             0.15.1+cu117 @/data2/anaconda3/envs/DeCLIP_CATSeg/lib/python3.10/site-packages/torchvision
torchvision arch flags  3.5, 5.0, 6.0, 7.0, 7.5, 8.0, 8.6
fvcore                  0.1.5.post20221221
iopath                  0.1.9
cv2                     4.11.0
----------------------  ------------------------------------------------------------------------------------------
PyTorch built with:
  - GCC 9.3
  - C++ Version: 201703
  - Intel(R) oneAPI Math Kernel Library Version 2022.2-Product Build 20220804 for Intel(R) 64 architecture applications
  - Intel(R) MKL-DNN v2.7.3 (Git Hash 6dbeffbae1f23cbbeae17adb7b5b13f1f37c080e)
  - OpenMP 201511 (a.k.a. OpenMP 4.5)
  - LAPACK is enabled (usually provided by MKL)
  - NNPACK is enabled
  - CPU capability usage: AVX2
  - CUDA Runtime 11.7
  - NVCC architecture flags: -gencode;arch=compute_37,code=sm_37;-gencode;arch=compute_50,code=sm_50;-gencode;arch=compute_60,code=sm_60;-gencode;arch=compute_70,code=sm_70;-gencode;arch=compute_75,code=sm_75;-gencode;arch=compute_80,code=sm_80;-gencode;arch=compute_86,code=sm_86
  - CuDNN 8.5
  - Magma 2.6.1
  - Build settings: BLAS_INFO=mkl, BUILD_TYPE=Release, CUDA_VERSION=11.7, CUDNN_VERSION=8.5.0, CXX_COMPILER=/opt/rh/devtoolset-9/root/usr/bin/c++, CXX_FLAGS= -D_GLIBCXX_USE_CXX11_ABI=0 -fabi-version=11 -Wno-deprecated -fvisibility-inlines-hidden -DUSE_PTHREADPOOL -DNDEBUG -DUSE_KINETO -DLIBKINETO_NOROCTRACER -DUSE_FBGEMM -DUSE_QNNPACK -DUSE_PYTORCH_QNNPACK -DUSE_XNNPACK -DSYMBOLICATE_MOBILE_DEBUG_HANDLE -O2 -fPIC -Wall -Wextra -Werror=return-type -Werror=non-virtual-dtor -Werror=bool-operation -Wnarrowing -Wno-missing-field-initializers -Wno-type-limits -Wno-array-bounds -Wno-unknown-pragmas -Wunused-local-typedefs -Wno-unused-parameter -Wno-unused-function -Wno-unused-result -Wno-strict-overflow -Wno-strict-aliasing -Wno-error=deprecated-declarations -Wno-stringop-overflow -Wno-psabi -Wno-error=pedantic -Wno-error=redundant-decls -Wno-error=old-style-cast -fdiagnostics-color=always -faligned-new -Wno-unused-but-set-variable -Wno-maybe-uninitialized -fno-math-errno -fno-trapping-math -Werror=format -Werror=cast-function-type -Wno-stringop-overflow, LAPACK_INFO=mkl, PERF_WITH_AVX=1, PERF_WITH_AVX2=1, PERF_WITH_AVX512=1, TORCH_DISABLE_GPU_ASSERTS=ON, TORCH_VERSION=2.0.0, USE_CUDA=ON, USE_CUDNN=ON, USE_EXCEPTION_PTR=1, USE_GFLAGS=OFF, USE_GLOG=OFF, USE_MKL=ON, USE_MKLDNN=ON, USE_MPI=OFF, USE_NCCL=1, USE_NNPACK=ON, USE_OPENMP=ON, USE_ROCM=OFF, 

[12/10 02:52:34 detectron2]: Command line arguments: Namespace(config_file='configs/cs7_catseg.yaml', resume=False, eval_only=True, num_gpus=1, num_machines=1, machine_rank=0, dist_url='auto', opts=['OUTPUT_DIR', 'outputs/cs7_eva_b16_r512/eval', 'MODEL.SEM_SEG_HEAD.TEST_CLASS_JSON', 'datasets/mapi_30.json', 'MODEL.SEM_SEG_HEAD.ENABLE_HIGH_RES', 'False', 'DATASETS.TEST', '("mapillary_train_val_seg_30",)', 'TEST.SLIDING_WINDOW', 'True', 'MODEL.SEM_SEG_HEAD.POOLING_SIZES', '[1,1]', 'MODEL.WEIGHTS', 'outputs/cs7_eva_b16_r512/model_0019999.pth'])
[12/10 02:52:34 detectron2]: Contents of args.config_file=configs/cs7_catseg.yaml:
_BASE_: config.yaml
DATASETS:
  TRAIN: ("cityscapes7_train",)
  TEST:  ("cityscapes19_val",)
MODEL:
  META_ARCHITECTURE: "CATSeg"
  PIXEL_MEAN: [123.675, 116.280, 103.530]
  PIXEL_STD: [58.395, 57.120, 57.375]
  SEM_SEG_HEAD:
    NAME: "CATSegHead"
    IN_FEATURES: [ "res2", "res3", "res4" ]
    IGNORE_VALUE: 255
    NUM_CLASSES: 19
    TRAIN_CLASS_JSON: "datasets/cityscapes_seen_7.json"
    TEST_CLASS_JSON:  "datasets/cityscapes_19.json"
    CLIP_PRETRAINED: "EVA02-CLIP-B-16"
    PROMPT_DEPTH: 0
    PROMPT_LENGTH: 0
    TEXT_GUIDANCE_DIM: 512
    TEXT_GUIDANCE_PROJ_DIM: 128
    APPEARANCE_GUIDANCE_DIM: 512
    APPEARANCE_GUIDANCE_PROJ_DIM: 128
    DECODER_DIMS: [ 64, 32 ]
    DECODER_GUIDANCE_DIMS: [ 256, 128 ]
    DECODER_GUIDANCE_PROJ_DIMS: [ 32, 16 ]
    NUM_LAYERS: 1
    NUM_HEADS: 4
    HIDDEN_DIMS: 128
    POOLING_SIZES: [ 1, 1 ]
    FEATURE_RESOLUTION: [ 32, 32 ]
    WINDOW_SIZES: 16
    ATTENTION_TYPE: "mamba"
    CLIP_FINETUNE: "vision_plus"
    CACHE_DIR: "/data/zd/TTA_VLM/DeCLIP-ZSSS/Pretrain/EVA02_CLIP_B_psz16_s8B.pt"
    ENABLE_HIGH_RES: "False"
  PROMPT_ENSEMBLE_TYPE: "multi_domain"
INPUT:
  MIN_SIZE_TRAIN: (512, 768)
  MIN_SIZE_TRAIN_SAMPLING: "choice"
  MAX_SIZE_TRAIN: 1024
  MIN_SIZE_TEST: 512
  MAX_SIZE_TEST: 1024
  CROP:
    ENABLED: True
    TYPE: "absolute"
    SIZE: (512, 512)
  SIZE_DIVISIBILITY: 32
  FORMAT: "RGB"
  DATASET_MAPPER_NAME: "mask_former_semantic"
SOLVER:
  IMS_PER_BATCH: 4
  LR_SCHEDULER_NAME: "WarmupCosineLR"
  BASE_LR: 0.0002
  MAX_ITER: 20000
  BACKBONE_MULTIPLIER: 0.0
  CLIP_MULTIPLIER: 0.01
TEST:
  EVAL_PERIOD: 40000
  SLIDING_WINDOW: True
  SW_KERNEL: 512
  SW_OVERLAP: 0.333
  SW_OUT_RES: [512, 1024]
[12/10 02:52:34 detectron2]: Running with full config:
CUDNN_BENCHMARK: true
DATALOADER:
  ASPECT_RATIO_GROUPING: true
  FILTER_EMPTY_ANNOTATIONS: true
  NUM_WORKERS: 8
  REPEAT_THRESHOLD: 0.0
  SAMPLER_TRAIN: TrainingSampler
DATASETS:
  PRECOMPUTED_PROPOSAL_TOPK_TEST: 1000
  PRECOMPUTED_PROPOSAL_TOPK_TRAIN: 2000
  PROPOSAL_FILES_TEST: []
  PROPOSAL_FILES_TRAIN: []
  TEST:
  - mapillary_train_val_seg_30
  TRAIN:
  - cityscapes7_train
  VAL_ALL:
  - coco_2017_val_all_stuff_sem_seg
DDP:
  BROADCAST_BUFFERS: false
  FIND_UNUSED_PARAMETERS: true
GLOBAL:
  HACK: 1.0
INPUT:
  COLOR_AUG_SSD: true
  CROP:
    ENABLED: true
    SINGLE_CATEGORY_MAX_AREA: 1.0
    SIZE:
    - 512
    - 512
    TYPE: absolute
  DATASET_MAPPER_NAME: mask_former_semantic
  FORMAT: RGB
  MASK_FORMAT: polygon
  MAX_SIZE_TEST: 1024
  MAX_SIZE_TRAIN: 1024
  MIN_SIZE_TEST: 512
  MIN_SIZE_TRAIN:
  - 512
  - 768
  MIN_SIZE_TRAIN_SAMPLING: choice
  RANDOM_FLIP: horizontal
  SIZE_DIVISIBILITY: 32
MODEL:
  ANCHOR_GENERATOR:
    ANGLES:
    - - -90
      - 0
      - 90
    ASPECT_RATIOS:
    - - 0.5
      - 1.0
      - 2.0
    NAME: DefaultAnchorGenerator
    OFFSET: 0.0
    SIZES:
    - - 32
      - 64
      - 128
      - 256
      - 512
  BACKBONE:
    FREEZE_AT: 2
    NAME: build_resnet_backbone
  CLIP_PIXEL_MEAN:
  - 122.7709383
  - 116.7460125
  - 104.09373615
  CLIP_PIXEL_STD:
  - 68.5005327
  - 66.6321579
  - 70.323163
  DEVICE: cuda
  FPN:
    FUSE_TYPE: sum
    IN_FEATURES: []
    NORM: ''
    OUT_CHANNELS: 256
  KEYPOINT_ON: false
  LOAD_PROPOSALS: false
  MASK_FORMER:
    SIZE_DIVISIBILITY: 32
  MASK_ON: false
  META_ARCHITECTURE: CATSeg
  PANOPTIC_FPN:
    COMBINE:
      ENABLED: true
      INSTANCES_CONFIDENCE_THRESH: 0.5
      OVERLAP_THRESH: 0.5
      STUFF_AREA_LIMIT: 4096
    INSTANCE_LOSS_WEIGHT: 1.0
  PIXEL_MEAN:
  - 123.675
  - 116.28
  - 103.53
  PIXEL_STD:
  - 58.395
  - 57.12
  - 57.375
  PROMPT_ENSEMBLE: false
  PROMPT_ENSEMBLE_TYPE: multi_domain
  PROPOSAL_GENERATOR:
    MIN_SIZE: 0
    NAME: RPN
  RESNETS:
    DEFORM_MODULATED: false
    DEFORM_NUM_GROUPS: 1
    DEFORM_ON_PER_STAGE:
    - false
    - false
    - false
    - false
    DEPTH: 50
    NORM: FrozenBN
    NUM_GROUPS: 1
    OUT_FEATURES:
    - res4
    RES2_OUT_CHANNELS: 256
    RES4_DILATION: 1
    RES5_DILATION: 1
    RES5_MULTI_GRID:
    - 1
    - 2
    - 4
    STEM_OUT_CHANNELS: 64
    STEM_TYPE: deeplab
    STRIDE_IN_1X1: true
    WIDTH_PER_GROUP: 64
  RETINANET:
    BBOX_REG_LOSS_TYPE: smooth_l1
    BBOX_REG_WEIGHTS: &id002
    - 1.0
    - 1.0
    - 1.0
    - 1.0
    FOCAL_LOSS_ALPHA: 0.25
    FOCAL_LOSS_GAMMA: 2.0
    IN_FEATURES:
    - p3
    - p4
    - p5
    - p6
    - p7
    IOU_LABELS:
    - 0
    - -1
    - 1
    IOU_THRESHOLDS:
    - 0.4
    - 0.5
    NMS_THRESH_TEST: 0.5
    NORM: ''
    NUM_CLASSES: 80
    NUM_CONVS: 4
    PRIOR_PROB: 0.01
    SCORE_THRESH_TEST: 0.05
    SMOOTH_L1_LOSS_BETA: 0.1
    TOPK_CANDIDATES_TEST: 1000
  ROI_BOX_CASCADE_HEAD:
    BBOX_REG_WEIGHTS:
    - &id001
      - 10.0
      - 10.0
      - 5.0
      - 5.0
    - - 20.0
      - 20.0
      - 10.0
      - 10.0
    - - 30.0
      - 30.0
      - 15.0
      - 15.0
    IOUS:
    - 0.5
    - 0.6
    - 0.7
  ROI_BOX_HEAD:
    BBOX_REG_LOSS_TYPE: smooth_l1
    BBOX_REG_LOSS_WEIGHT: 1.0
    BBOX_REG_WEIGHTS: *id001
    CLS_AGNOSTIC_BBOX_REG: false
    CONV_DIM: 256
    FC_DIM: 1024
    NAME: ''
    NORM: ''
    NUM_CONV: 0
    NUM_FC: 0
    POOLER_RESOLUTION: 14
    POOLER_SAMPLING_RATIO: 0
    POOLER_TYPE: ROIAlignV2
    SMOOTH_L1_BETA: 0.0
    TRAIN_ON_PRED_BOXES: false
  ROI_HEADS:
    BATCH_SIZE_PER_IMAGE: 512
    IN_FEATURES:
    - res4
    IOU_LABELS:
    - 0
    - 1
    IOU_THRESHOLDS:
    - 0.5
    NAME: Res5ROIHeads
    NMS_THRESH_TEST: 0.5
    NUM_CLASSES: 80
    POSITIVE_FRACTION: 0.25
    PROPOSAL_APPEND_GT: true
    SCORE_THRESH_TEST: 0.05
  ROI_KEYPOINT_HEAD:
    CONV_DIMS:
    - 512
    - 512
    - 512
    - 512
    - 512
    - 512
    - 512
    - 512
    LOSS_WEIGHT: 1.0
    MIN_KEYPOINTS_PER_IMAGE: 1
    NAME: KRCNNConvDeconvUpsampleHead
    NORMALIZE_LOSS_BY_VISIBLE_KEYPOINTS: true
    NUM_KEYPOINTS: 17
    POOLER_RESOLUTION: 14
    POOLER_SAMPLING_RATIO: 0
    POOLER_TYPE: ROIAlignV2
  ROI_MASK_HEAD:
    CLS_AGNOSTIC_MASK: false
    CONV_DIM: 256
    NAME: MaskRCNNConvUpsampleHead
    NORM: ''
    NUM_CONV: 0
    POOLER_RESOLUTION: 14
    POOLER_SAMPLING_RATIO: 0
    POOLER_TYPE: ROIAlignV2
  RPN:
    BATCH_SIZE_PER_IMAGE: 256
    BBOX_REG_LOSS_TYPE: smooth_l1
    BBOX_REG_LOSS_WEIGHT: 1.0
    BBOX_REG_WEIGHTS: *id002
    BOUNDARY_THRESH: -1
    CONV_DIMS:
    - -1
    HEAD_NAME: StandardRPNHead
    IN_FEATURES:
    - res4
    IOU_LABELS:
    - 0
    - -1
    - 1
    IOU_THRESHOLDS:
    - 0.3
    - 0.7
    LOSS_WEIGHT: 1.0
    NMS_THRESH: 0.7
    POSITIVE_FRACTION: 0.5
    POST_NMS_TOPK_TEST: 1000
    POST_NMS_TOPK_TRAIN: 2000
    PRE_NMS_TOPK_TEST: 6000
    PRE_NMS_TOPK_TRAIN: 12000
    SMOOTH_L1_BETA: 0.0
  SEM_SEG_HEAD:
    APPEARANCE_GUIDANCE_DIM: 512
    APPEARANCE_GUIDANCE_PROJ_DIM: 128
    ASPP_CHANNELS: 256
    ASPP_DILATIONS:
    - 6
    - 12
    - 18
    ASPP_DROPOUT: 0.1
    ATTENTION_TYPE: mamba
    CACHE_DIR: /data/zd/TTA_VLM/DeCLIP-ZSSS/Pretrain/EVA02_CLIP_B_psz16_s8B.pt
    CLIP_FINETUNE: vision_plus
    CLIP_PRETRAINED: EVA02-CLIP-B-16
    COMMON_STRIDE: 4
    CONVS_DIM: 128
    DECODER_DIMS:
    - 64
    - 32
    DECODER_GUIDANCE_DIMS:
    - 256
    - 128
    DECODER_GUIDANCE_PROJ_DIMS:
    - 32
    - 16
    ENABLE_HIGH_RES: false
    FEATURE_RESOLUTION:
    - 32
    - 32
    HIDDEN_DIMS: 128
    IGNORE_VALUE: 255
    IN_FEATURES:
    - res2
    - res3
    - res4
    LOSS_TYPE: hard_pixel_mining
    LOSS_WEIGHT: 1.0
    NAME: CATSegHead
    NORM: GN
    NUM_CLASSES: 19
    NUM_HEADS: 4
    NUM_LAYERS: 1
    POOLING_SIZES:
    - 1
    - 1
    PROJECT_CHANNELS:
    - 48
    PROJECT_FEATURES:
    - res2
    PROMPT_DEPTH: 0
    PROMPT_LENGTH: 0
    TEST_CLASS_INDEXES: datasets/coco/coco_stuff/split/unseen_indexes.json
    TEST_CLASS_JSON: datasets/mapi_30.json
    TEXT_GUIDANCE_DIM: 512
    TEXT_GUIDANCE_PROJ_DIM: 128
    TRAIN_CLASS_INDEXES: datasets/coco/coco_stuff/split/seen_indexes.json
    TRAIN_CLASS_JSON: datasets/cityscapes_seen_7.json
    USE_DEPTHWISE_SEPARABLE_CONV: false
    WINDOW_SIZES: 16
  SWIN:
    APE: false
    ATTN_DROP_RATE: 0.0
    DEPTHS:
    - 2
    - 2
    - 6
    - 2
    DROP_PATH_RATE: 0.3
    DROP_RATE: 0.0
    EMBED_DIM: 96
    MLP_RATIO: 4.0
    NUM_HEADS:
    - 3
    - 6
    - 12
    - 24
    OUT_FEATURES:
    - res2
    - res3
    - res4
    - res5
    PATCH_NORM: true
    PATCH_SIZE: 4
    PRETRAIN_IMG_SIZE: 224
    QKV_BIAS: true
    QK_SCALE: null
    WINDOW_SIZE: 7
  WEIGHTS: outputs/cs7_eva_b16_r512/model_0019999.pth
OUTPUT_DIR: outputs/cs7_eva_b16_r512/eval
SEED: -1
SOLVER:
  AMP:
    ENABLED: false
  BACKBONE_MULTIPLIER: 0.0
  BASE_LR: 0.0002
  BIAS_LR_FACTOR: 1.0
  CHECKPOINT_PERIOD: 5000
  CLIP_GRADIENTS:
    CLIP_TYPE: full_model
    CLIP_VALUE: 0.01
    ENABLED: true
    NORM_TYPE: 2.0
  CLIP_MULTIPLIER: 0.01
  GAMMA: 0.1
  IMS_PER_BATCH: 4
  LR_SCHEDULER_NAME: WarmupCosineLR
  MAX_ITER: 20000
  MOMENTUM: 0.9
  NESTEROV: false
  OPTIMIZER: ADAMW
  POLY_LR_CONSTANT_ENDING: 0.0
  POLY_LR_POWER: 0.9
  REFERENCE_WORLD_SIZE: 0
  STEPS:
  - 30000
  WARMUP_FACTOR: 1.0
  WARMUP_ITERS: 0
  WARMUP_METHOD: linear
  WEIGHT_DECAY: 0.0001
  WEIGHT_DECAY_BIAS: null
  WEIGHT_DECAY_EMBED: 0.0
  WEIGHT_DECAY_NORM: 0.0
TEST:
  AUG:
    ENABLED: false
    FLIP: true
    MAX_SIZE: 4000
    MIN_SIZES:
    - 400
    - 500
    - 600
    - 700
    - 800
    - 900
    - 1000
    - 1100
    - 1200
  DETECTIONS_PER_IMAGE: 100
  EVAL_PERIOD: 40000
  EXPECTED_RESULTS: []
  KEYPOINT_OKS_SIGMAS: []
  PRECISE_BN:
    ENABLED: false
    NUM_ITER: 200
  SLIDING_WINDOW: true
  SW_KERNEL: 512
  SW_OUT_RES:
  - 512
  - 1024
  SW_OVERLAP: 0.333
VERSION: 2
VIS_PERIOD: 0

[12/10 02:52:34 detectron2]: Full config saved to outputs/cs7_eva_b16_r512/eval/config.yaml
[12/10 02:52:34 d2.utils.env]: Using a generated random seed 34703437
Freeze text encoder parameters
[12/10 02:52:39 d2.engine.defaults]: Model:
CATSeg(
  (sem_seg_head): CATSegHead(
    (predictor): CATSegPredictor(
      (clip_model): CustomCLIP(
        (visual): EVAVisionTransformer(
          (patch_embed): PatchEmbed(
            (proj): Conv2d(3, 768, kernel_size=(16, 16), stride=(16, 16))
          )
          (pos_drop): Dropout(p=0.0, inplace=False)
          (rope): VisionRotaryEmbeddingFast()
          (blocks): ModuleList(
            (0-11): 12 x Block(
              (norm1): LayerNorm((768,), eps=1e-06, elementwise_affine=True)
              (attn): Attention(
                (q_proj): Linear(in_features=768, out_features=768, bias=False)
                (k_proj): Linear(in_features=768, out_features=768, bias=False)
                (v_proj): Linear(in_features=768, out_features=768, bias=False)
                (attn_drop): Dropout(p=0.0, inplace=False)
                (inner_attn_ln): LayerNorm((768,), eps=1e-06, elementwise_affine=True)
                (proj): Linear(in_features=768, out_features=768, bias=True)
                (proj_drop): Dropout(p=0.0, inplace=False)
                (rope): VisionRotaryEmbeddingFast()
              )
              (drop_path): Identity()
              (norm2): LayerNorm((768,), eps=1e-06, elementwise_affine=True)
              (mlp): SwiGLU(
                (w1): Linear(in_features=768, out_features=2048, bias=True)
                (w2): Linear(in_features=768, out_features=2048, bias=True)
                (act): SiLU()
                (ffn_ln): LayerNorm((2048,), eps=1e-06, elementwise_affine=True)
                (w3): Linear(in_features=2048, out_features=768, bias=True)
                (drop): Dropout(p=0.0, inplace=False)
              )
            )
          )
          (norm): LayerNorm((768,), eps=1e-06, elementwise_affine=True)
          (head): Linear(in_features=768, out_features=512, bias=True)
          (patch_dropout): Identity()
        )
        (text): TextTransformer(
          (token_embedding): Embedding(49408, 512)
          (transformer): Transformer(
            (resblocks): ModuleList(
              (0-11): 12 x ResidualAttentionBlock(
                (ln_1): LayerNorm((512,), eps=1e-05, elementwise_affine=True)
                (attn): Attention(
                  (attn_drop): Dropout(p=0.0, inplace=False)
                  (out_proj): Linear(in_features=512, out_features=512, bias=True)
                  (out_drop): Dropout(p=0.0, inplace=False)
                )
                (ls_1): Identity()
                (ln_2): LayerNorm((512,), eps=1e-05, elementwise_affine=True)
                (mlp): Sequential(
                  (c_fc): Linear(in_features=512, out_features=2048, bias=True)
                  (gelu): GELU(approximate='none')
                  (c_proj): Linear(in_features=2048, out_features=512, bias=True)
                )
                (ls_2): Identity()
              )
            )
          )
          (ln_final): LayerNorm((512,), eps=1e-05, elementwise_affine=True)
        )
      )
      (transformer): AggregatorMambaLite(
        (layers): ModuleList(
          (0): Sequential(
            (0): AxialMambaBlockLite_v2(
              (film): FiLM2D(
                (pool): AdaptiveAvgPool2d(output_size=1)
                (fc): Conv2d(128, 256, kernel_size=(1, 1), stride=(1, 1))
              )
              (pre_mix): Sequential(
                (0): Conv2d(128, 128, kernel_size=(3, 3), stride=(1, 1), padding=(1, 1), groups=128)
                (1): Conv2d(128, 128, kernel_size=(1, 1), stride=(1, 1))
                (2): GELU(approximate='none')
              )
              (seq_row): Mamba1DWithDecayPrior(
                (out_norm): LayerNorm((128,), eps=1e-05, elementwise_affine=True)
                (gate): Sequential(
                  (0): Linear(in_features=128, out_features=128, bias=True)
                  (1): SiLU()
                )
                (proj_in): Linear(in_features=128, out_features=384, bias=True)
                (drop): Dropout(p=0.0, inplace=False)
              )
              (post_proj): Conv2d(128, 128, kernel_size=(1, 1), stride=(1, 1))
              (norm_tok): LayerNorm((128,), eps=1e-05, elementwise_affine=True)
              (ffn): Sequential(
                (0): Linear(in_features=128, out_features=384, bias=True)
                (1): GELU(approximate='none')
                (2): Linear(in_features=384, out_features=128, bias=True)
              )
              (down): Identity()
            )
            (1): ClassMambaLayerLite(
              (pool): AvgPool2d(kernel_size=[1, 1], stride=[1, 1], padding=0)
              (guid_proj): Linear(in_features=128, out_features=256, bias=True)
              (seq_block): _Mamba1DAdapterLite(
                (blocks): ModuleList(
                  (0): PseudoMamba1D(
                    (gate): Sequential(
                      (0): Linear(in_features=128, out_features=128, bias=True)
                      (1): SiLU()
                    )
                    (proj_in): Linear(in_features=128, out_features=384, bias=True)
                    (out_norm): LayerNorm((128,), eps=1e-05, elementwise_affine=True)
                    (drop): Dropout(p=0.0, inplace=False)
                  )
                )
                (norm): LayerNorm((128,), eps=1e-05, elementwise_affine=True)
              )
              (norm1): LayerNorm((128,), eps=1e-05, elementwise_affine=True)
              (norm2): LayerNorm((128,), eps=1e-05, elementwise_affine=True)
              (ffn): Sequential(
                (0): Linear(in_features=128, out_features=384, bias=True)
                (1): GELU(approximate='none')
                (2): Linear(in_features=384, out_features=128, bias=True)
              )
            )
          )
        )
        (conv1): Conv2d(1, 128, kernel_size=(7, 7), stride=(1, 1), padding=(3, 3))
        (guidance_projection): Sequential(
          (0): Conv2d(512, 128, kernel_size=(3, 3), stride=(1, 1), padding=(1, 1))
          (1): ReLU()
        )
        (text_guidance_projection): Sequential(
          (0): Linear(in_features=512, out_features=128, bias=True)
          (1): ReLU()
        )
        (decoder_guidance_projection): ModuleList(
          (0): Sequential(
            (0): Conv2d(256, 32, kernel_size=(3, 3), stride=(1, 1), padding=(1, 1))
            (1): ReLU()
          )
          (1): Sequential(
            (0): Conv2d(128, 16, kernel_size=(3, 3), stride=(1, 1), padding=(1, 1))
            (1): ReLU()
          )
        )
        (decoder1): UpLite(
          (up): ConvTranspose2d(128, 96, kernel_size=(2, 2), stride=(2, 2))
          (conv): Sequential(
            (0): Conv2d(128, 64, kernel_size=(3, 3), stride=(1, 1), padding=(1, 1), bias=False)
            (1): GroupNorm(4, 64, eps=1e-05, affine=True)
            (2): ReLU()
          )
        )
        (decoder2): UpLite(
          (up): ConvTranspose2d(64, 48, kernel_size=(2, 2), stride=(2, 2))
          (conv): Sequential(
            (0): Conv2d(64, 32, kernel_size=(3, 3), stride=(1, 1), padding=(1, 1), bias=False)
            (1): GroupNorm(2, 32, eps=1e-05, affine=True)
            (2): ReLU()
          )
        )
        (head): Conv2d(32, 1, kernel_size=(3, 3), stride=(1, 1), padding=(1, 1))
      )
    )
  )
  (upsample1): ConvTranspose2d(768, 256, kernel_size=(2, 2), stride=(2, 2))
  (upsample2): ConvTranspose2d(768, 128, kernel_size=(4, 4), stride=(4, 4))
)
[12/10 02:52:39 fvcore.common.checkpoint]: [Checkpointer] Loading from outputs/cs7_eva_b16_r512/model_0019999.pth ...
[12/10 02:52:40 d2.data.datasets.coco]: Loaded 3943 images with semantic segmentation from /data/zd/data/Mapillary/mapillary/OV_30/images/
[12/10 02:52:40 d2.data.dataset_mapper]: [DatasetMapper] Augmentations used in inference: [ResizeShortestEdge(short_edge_length=(512, 512), max_size=1024, sample_style='choice')]
[12/10 02:52:40 d2.data.common]: Serializing 3943 elements to byte tensors and concatenating them all ...
[12/10 02:52:40 d2.data.common]: Serialized dataset takes 0.75 MiB
[12/10 02:52:40 d2.data.datasets.coco]: Loaded 3943 images with semantic segmentation from /data/zd/data/Mapillary/mapillary/OV_30/images/
[12/10 02:52:40 d2.evaluation.evaluator]: Start inference on 3943 batches
Add a new rope freq of shape: torch.Size([1024, 64])
[12/10 02:52:59 d2.evaluation.evaluator]: Inference done 11/3943. Dataloading: 0.0013 s/iter. Inference: 0.0771 s/iter. Eval: 1.9038 s/iter. Total: 1.9822 s/iter. ETA=2:09:53
[12/10 02:53:05 d2.evaluation.evaluator]: Inference done 16/3943. Dataloading: 0.0010 s/iter. Inference: 0.0770 s/iter. Eval: 1.5423 s/iter. Total: 1.6204 s/iter. ETA=1:46:03
[12/10 02:53:11 d2.evaluation.evaluator]: Inference done 19/3943. Dataloading: 0.0010 s/iter. Inference: 0.0774 s/iter. Eval: 1.6418 s/iter. Total: 1.7204 s/iter. ETA=1:52:30
[12/10 02:53:17 d2.evaluation.evaluator]: Inference done 23/3943. Dataloading: 0.0012 s/iter. Inference: 0.0776 s/iter. Eval: 1.5892 s/iter. Total: 1.6680 s/iter. ETA=1:48:58
[12/10 02:53:23 d2.evaluation.evaluator]: Inference done 27/3943. Dataloading: 0.0012 s/iter. Inference: 0.0783 s/iter. Eval: 1.5455 s/iter. Total: 1.6251 s/iter. ETA=1:46:03
[12/10 02:53:28 d2.evaluation.evaluator]: Inference done 30/3943. Dataloading: 0.0013 s/iter. Inference: 0.0779 s/iter. Eval: 1.5700 s/iter. Total: 1.6493 s/iter. ETA=1:47:33
[12/10 02:53:35 d2.evaluation.evaluator]: Inference done 34/3943. Dataloading: 0.0014 s/iter. Inference: 0.0778 s/iter. Eval: 1.5816 s/iter. Total: 1.6608 s/iter. ETA=1:48:12
[12/10 02:53:42 d2.evaluation.evaluator]: Inference done 37/3943. Dataloading: 0.0014 s/iter. Inference: 0.0777 s/iter. Eval: 1.6162 s/iter. Total: 1.6954 s/iter. ETA=1:50:22
[12/10 02:53:50 d2.evaluation.evaluator]: Inference done 43/3943. Dataloading: 0.0014 s/iter. Inference: 0.0777 s/iter. Eval: 1.5663 s/iter. Total: 1.6455 s/iter. ETA=1:46:57
[12/10 02:53:55 d2.evaluation.evaluator]: Inference done 46/3943. Dataloading: 0.0014 s/iter. Inference: 0.0776 s/iter. Eval: 1.5826 s/iter. Total: 1.6617 s/iter. ETA=1:47:55
[12/10 02:54:01 d2.evaluation.evaluator]: Inference done 49/3943. Dataloading: 0.0014 s/iter. Inference: 0.0778 s/iter. Eval: 1.5951 s/iter. Total: 1.6744 s/iter. ETA=1:48:40
[12/10 02:54:07 d2.evaluation.evaluator]: Inference done 54/3943. Dataloading: 0.0015 s/iter. Inference: 0.0774 s/iter. Eval: 1.5482 s/iter. Total: 1.6271 s/iter. ETA=1:45:27
[12/10 02:54:12 d2.evaluation.evaluator]: Inference done 57/3943. Dataloading: 0.0015 s/iter. Inference: 0.0774 s/iter. Eval: 1.5506 s/iter. Total: 1.6295 s/iter. ETA=1:45:32
[12/10 02:54:18 d2.evaluation.evaluator]: Inference done 60/3943. Dataloading: 0.0015 s/iter. Inference: 0.0774 s/iter. Eval: 1.5716 s/iter. Total: 1.6506 s/iter. ETA=1:46:49
[12/10 02:54:25 d2.evaluation.evaluator]: Inference done 65/3943. Dataloading: 0.0015 s/iter. Inference: 0.0775 s/iter. Eval: 1.5490 s/iter. Total: 1.6282 s/iter. ETA=1:45:14
[12/10 02:54:30 d2.evaluation.evaluator]: Inference done 68/3943. Dataloading: 0.0016 s/iter. Inference: 0.0777 s/iter. Eval: 1.5515 s/iter. Total: 1.6308 s/iter. ETA=1:45:19
[12/10 02:54:36 d2.evaluation.evaluator]: Inference done 72/3943. Dataloading: 0.0016 s/iter. Inference: 0.0777 s/iter. Eval: 1.5410 s/iter. Total: 1.6204 s/iter. ETA=1:44:32
[12/10 02:54:43 d2.evaluation.evaluator]: Inference done 77/3943. Dataloading: 0.0017 s/iter. Inference: 0.0776 s/iter. Eval: 1.5255 s/iter. Total: 1.6049 s/iter. ETA=1:43:24
[12/10 02:54:49 d2.evaluation.evaluator]: Inference done 80/3943. Dataloading: 0.0017 s/iter. Inference: 0.0776 s/iter. Eval: 1.5390 s/iter. Total: 1.6184 s/iter. ETA=1:44:11
[12/10 02:54:54 d2.evaluation.evaluator]: Inference done 83/3943. Dataloading: 0.0017 s/iter. Inference: 0.0803 s/iter. Eval: 1.5452 s/iter. Total: 1.6273 s/iter. ETA=1:44:41
[12/10 02:55:00 d2.evaluation.evaluator]: Inference done 87/3943. Dataloading: 0.0017 s/iter. Inference: 0.0800 s/iter. Eval: 1.5361 s/iter. Total: 1.6179 s/iter. ETA=1:43:58
[12/10 02:55:06 d2.evaluation.evaluator]: Inference done 91/3943. Dataloading: 0.0017 s/iter. Inference: 0.0799 s/iter. Eval: 1.5263 s/iter. Total: 1.6081 s/iter. ETA=1:43:14
[12/10 02:55:12 d2.evaluation.evaluator]: Inference done 95/3943. Dataloading: 0.0017 s/iter. Inference: 0.0798 s/iter. Eval: 1.5224 s/iter. Total: 1.6040 s/iter. ETA=1:42:52
[12/10 02:55:17 d2.evaluation.evaluator]: Inference done 98/3943. Dataloading: 0.0018 s/iter. Inference: 0.0798 s/iter. Eval: 1.5274 s/iter. Total: 1.6091 s/iter. ETA=1:43:06
[12/10 02:55:22 d2.evaluation.evaluator]: Inference done 101/3943. Dataloading: 0.0018 s/iter. Inference: 0.0797 s/iter. Eval: 1.5327 s/iter. Total: 1.6143 s/iter. ETA=1:43:22
[12/10 02:55:27 d2.evaluation.evaluator]: Inference done 106/3943. Dataloading: 0.0018 s/iter. Inference: 0.0797 s/iter. Eval: 1.5043 s/iter. Total: 1.5859 s/iter. ETA=1:41:25
[12/10 02:55:33 d2.evaluation.evaluator]: Inference done 111/3943. Dataloading: 0.0018 s/iter. Inference: 0.0796 s/iter. Eval: 1.4823 s/iter. Total: 1.5639 s/iter. ETA=1:39:52
[12/10 02:55:39 d2.evaluation.evaluator]: Inference done 115/3943. Dataloading: 0.0018 s/iter. Inference: 0.0796 s/iter. Eval: 1.4799 s/iter. Total: 1.5614 s/iter. ETA=1:39:37
[12/10 02:55:46 d2.evaluation.evaluator]: Inference done 119/3943. Dataloading: 0.0018 s/iter. Inference: 0.0796 s/iter. Eval: 1.4898 s/iter. Total: 1.5713 s/iter. ETA=1:40:08
[12/10 02:55:52 d2.evaluation.evaluator]: Inference done 124/3943. Dataloading: 0.0019 s/iter. Inference: 0.0796 s/iter. Eval: 1.4685 s/iter. Total: 1.5501 s/iter. ETA=1:38:39
[12/10 02:55:57 d2.evaluation.evaluator]: Inference done 128/3943. Dataloading: 0.0019 s/iter. Inference: 0.0796 s/iter. Eval: 1.4589 s/iter. Total: 1.5405 s/iter. ETA=1:37:57
[12/10 02:56:02 d2.evaluation.evaluator]: Inference done 134/3943. Dataloading: 0.0019 s/iter. Inference: 0.0795 s/iter. Eval: 1.4275 s/iter. Total: 1.5090 s/iter. ETA=1:35:47
[12/10 02:56:08 d2.evaluation.evaluator]: Inference done 138/3943. Dataloading: 0.0019 s/iter. Inference: 0.0794 s/iter. Eval: 1.4269 s/iter. Total: 1.5083 s/iter. ETA=1:35:39
[12/10 02:56:13 d2.evaluation.evaluator]: Inference done 143/3943. Dataloading: 0.0019 s/iter. Inference: 0.0795 s/iter. Eval: 1.4106 s/iter. Total: 1.4922 s/iter. ETA=1:34:30
[12/10 02:56:19 d2.evaluation.evaluator]: Inference done 146/3943. Dataloading: 0.0019 s/iter. Inference: 0.0795 s/iter. Eval: 1.4181 s/iter. Total: 1.4997 s/iter. ETA=1:34:54
[12/10 02:56:25 d2.evaluation.evaluator]: Inference done 149/3943. Dataloading: 0.0019 s/iter. Inference: 0.0796 s/iter. Eval: 1.4272 s/iter. Total: 1.5089 s/iter. ETA=1:35:24
[12/10 02:56:31 d2.evaluation.evaluator]: Inference done 153/3943. Dataloading: 0.0020 s/iter. Inference: 0.0797 s/iter. Eval: 1.4288 s/iter. Total: 1.5106 s/iter. ETA=1:35:24
[12/10 02:56:36 d2.evaluation.evaluator]: Inference done 155/3943. Dataloading: 0.0020 s/iter. Inference: 0.0797 s/iter. Eval: 1.4432 s/iter. Total: 1.5250 s/iter. ETA=1:36:16
[12/10 02:56:42 d2.evaluation.evaluator]: Inference done 159/3943. Dataloading: 0.0020 s/iter. Inference: 0.0797 s/iter. Eval: 1.4420 s/iter. Total: 1.5239 s/iter. ETA=1:36:06
[12/10 02:56:49 d2.evaluation.evaluator]: Inference done 162/3943. Dataloading: 0.0020 s/iter. Inference: 0.0798 s/iter. Eval: 1.4606 s/iter. Total: 1.5425 s/iter. ETA=1:37:12
[12/10 02:56:55 d2.evaluation.evaluator]: Inference done 165/3943. Dataloading: 0.0020 s/iter. Inference: 0.0798 s/iter. Eval: 1.4655 s/iter. Total: 1.5474 s/iter. ETA=1:37:26
[12/10 02:57:01 d2.evaluation.evaluator]: Inference done 170/3943. Dataloading: 0.0020 s/iter. Inference: 0.0798 s/iter. Eval: 1.4530 s/iter. Total: 1.5349 s/iter. ETA=1:36:31
[12/10 02:57:08 d2.evaluation.evaluator]: Inference done 174/3943. Dataloading: 0.0020 s/iter. Inference: 0.0797 s/iter. Eval: 1.4611 s/iter. Total: 1.5429 s/iter. ETA=1:36:55
[12/10 02:57:14 d2.evaluation.evaluator]: Inference done 177/3943. Dataloading: 0.0020 s/iter. Inference: 0.0796 s/iter. Eval: 1.4675 s/iter. Total: 1.5493 s/iter. ETA=1:37:14
[12/10 02:57:19 d2.evaluation.evaluator]: Inference done 182/3943. Dataloading: 0.0020 s/iter. Inference: 0.0795 s/iter. Eval: 1.4538 s/iter. Total: 1.5355 s/iter. ETA=1:36:14
[12/10 02:57:25 d2.evaluation.evaluator]: Inference done 185/3943. Dataloading: 0.0020 s/iter. Inference: 0.0795 s/iter. Eval: 1.4596 s/iter. Total: 1.5413 s/iter. ETA=1:36:32
[12/10 02:57:32 d2.evaluation.evaluator]: Inference done 189/3943. Dataloading: 0.0020 s/iter. Inference: 0.0794 s/iter. Eval: 1.4653 s/iter. Total: 1.5468 s/iter. ETA=1:36:46
[12/10 02:57:38 d2.evaluation.evaluator]: Inference done 192/3943. Dataloading: 0.0020 s/iter. Inference: 0.0794 s/iter. Eval: 1.4727 s/iter. Total: 1.5542 s/iter. ETA=1:37:09
[12/10 02:57:44 d2.evaluation.evaluator]: Inference done 197/3943. Dataloading: 0.0020 s/iter. Inference: 0.0794 s/iter. Eval: 1.4655 s/iter. Total: 1.5470 s/iter. ETA=1:36:35
[12/10 02:57:50 d2.evaluation.evaluator]: Inference done 200/3943. Dataloading: 0.0020 s/iter. Inference: 0.0793 s/iter. Eval: 1.4696 s/iter. Total: 1.5511 s/iter. ETA=1:36:45
[12/10 02:57:56 d2.evaluation.evaluator]: Inference done 206/3943. Dataloading: 0.0020 s/iter. Inference: 0.0793 s/iter. Eval: 1.4525 s/iter. Total: 1.5339 s/iter. ETA=1:35:32
[12/10 02:58:01 d2.evaluation.evaluator]: Inference done 210/3943. Dataloading: 0.0020 s/iter. Inference: 0.0792 s/iter. Eval: 1.4476 s/iter. Total: 1.5290 s/iter. ETA=1:35:07
[12/10 02:58:06 d2.evaluation.evaluator]: Inference done 214/3943. Dataloading: 0.0020 s/iter. Inference: 0.0792 s/iter. Eval: 1.4431 s/iter. Total: 1.5245 s/iter. ETA=1:34:44
[12/10 02:58:12 d2.evaluation.evaluator]: Inference done 217/3943. Dataloading: 0.0020 s/iter. Inference: 0.0792 s/iter. Eval: 1.4516 s/iter. Total: 1.5330 s/iter. ETA=1:35:11
[12/10 02:58:18 d2.evaluation.evaluator]: Inference done 221/3943. Dataloading: 0.0020 s/iter. Inference: 0.0792 s/iter. Eval: 1.4490 s/iter. Total: 1.5304 s/iter. ETA=1:34:55
[12/10 02:58:23 d2.evaluation.evaluator]: Inference done 227/3943. Dataloading: 0.0020 s/iter. Inference: 0.0791 s/iter. Eval: 1.4315 s/iter. Total: 1.5129 s/iter. ETA=1:33:41
[12/10 02:58:29 d2.evaluation.evaluator]: Inference done 234/3943. Dataloading: 0.0020 s/iter. Inference: 0.0790 s/iter. Eval: 1.4102 s/iter. Total: 1.4915 s/iter. ETA=1:32:11
[12/10 02:58:35 d2.evaluation.evaluator]: Inference done 238/3943. Dataloading: 0.0020 s/iter. Inference: 0.0790 s/iter. Eval: 1.4121 s/iter. Total: 1.4933 s/iter. ETA=1:32:12
[12/10 02:58:42 d2.evaluation.evaluator]: Inference done 243/3943. Dataloading: 0.0020 s/iter. Inference: 0.0790 s/iter. Eval: 1.4103 s/iter. Total: 1.4915 s/iter. ETA=1:31:58
[12/10 02:58:48 d2.evaluation.evaluator]: Inference done 246/3943. Dataloading: 0.0020 s/iter. Inference: 0.0790 s/iter. Eval: 1.4158 s/iter. Total: 1.4970 s/iter. ETA=1:32:14
[12/10 02:58:55 d2.evaluation.evaluator]: Inference done 251/3943. Dataloading: 0.0020 s/iter. Inference: 0.0790 s/iter. Eval: 1.4142 s/iter. Total: 1.4954 s/iter. ETA=1:32:00
[12/10 02:59:01 d2.evaluation.evaluator]: Inference done 255/3943. Dataloading: 0.0021 s/iter. Inference: 0.0790 s/iter. Eval: 1.4123 s/iter. Total: 1.4935 s/iter. ETA=1:31:48
[12/10 02:59:07 d2.evaluation.evaluator]: Inference done 259/3943. Dataloading: 0.0021 s/iter. Inference: 0.0789 s/iter. Eval: 1.4125 s/iter. Total: 1.4937 s/iter. ETA=1:31:42
[12/10 02:59:13 d2.evaluation.evaluator]: Inference done 264/3943. Dataloading: 0.0021 s/iter. Inference: 0.0789 s/iter. Eval: 1.4088 s/iter. Total: 1.4900 s/iter. ETA=1:31:21
[12/10 02:59:20 d2.evaluation.evaluator]: Inference done 270/3943. Dataloading: 0.0021 s/iter. Inference: 0.0789 s/iter. Eval: 1.3996 s/iter. Total: 1.4807 s/iter. ETA=1:30:38
[12/10 02:59:26 d2.evaluation.evaluator]: Inference done 274/3943. Dataloading: 0.0021 s/iter. Inference: 0.0789 s/iter. Eval: 1.4001 s/iter. Total: 1.4812 s/iter. ETA=1:30:34
[12/10 02:59:32 d2.evaluation.evaluator]: Inference done 280/3943. Dataloading: 0.0021 s/iter. Inference: 0.0788 s/iter. Eval: 1.3909 s/iter. Total: 1.4719 s/iter. ETA=1:29:51
[12/10 02:59:38 d2.evaluation.evaluator]: Inference done 284/3943. Dataloading: 0.0021 s/iter. Inference: 0.0788 s/iter. Eval: 1.3914 s/iter. Total: 1.4724 s/iter. ETA=1:29:47
[12/10 02:59:44 d2.evaluation.evaluator]: Inference done 288/3943. Dataloading: 0.0021 s/iter. Inference: 0.0787 s/iter. Eval: 1.3919 s/iter. Total: 1.4729 s/iter. ETA=1:29:43
[12/10 02:59:50 d2.evaluation.evaluator]: Inference done 292/3943. Dataloading: 0.0021 s/iter. Inference: 0.0787 s/iter. Eval: 1.3913 s/iter. Total: 1.4723 s/iter. ETA=1:29:35
[12/10 02:59:56 d2.evaluation.evaluator]: Inference done 297/3943. Dataloading: 0.0021 s/iter. Inference: 0.0788 s/iter. Eval: 1.3872 s/iter. Total: 1.4682 s/iter. ETA=1:29:13
[12/10 03:00:01 d2.evaluation.evaluator]: Inference done 300/3943. Dataloading: 0.0021 s/iter. Inference: 0.0787 s/iter. Eval: 1.3896 s/iter. Total: 1.4706 s/iter. ETA=1:29:17
[12/10 03:00:07 d2.evaluation.evaluator]: Inference done 303/3943. Dataloading: 0.0021 s/iter. Inference: 0.0787 s/iter. Eval: 1.3943 s/iter. Total: 1.4752 s/iter. ETA=1:29:29
[12/10 03:00:12 d2.evaluation.evaluator]: Inference done 306/3943. Dataloading: 0.0021 s/iter. Inference: 0.0787 s/iter. Eval: 1.3980 s/iter. Total: 1.4790 s/iter. ETA=1:29:39
[12/10 03:00:18 d2.evaluation.evaluator]: Inference done 309/3943. Dataloading: 0.0021 s/iter. Inference: 0.0787 s/iter. Eval: 1.4027 s/iter. Total: 1.4837 s/iter. ETA=1:29:51
[12/10 03:00:24 d2.evaluation.evaluator]: Inference done 313/3943. Dataloading: 0.0021 s/iter. Inference: 0.0787 s/iter. Eval: 1.4011 s/iter. Total: 1.4821 s/iter. ETA=1:29:39
[12/10 03:00:31 d2.evaluation.evaluator]: Inference done 317/3943. Dataloading: 0.0021 s/iter. Inference: 0.0787 s/iter. Eval: 1.4042 s/iter. Total: 1.4852 s/iter. ETA=1:29:45
[12/10 03:00:36 d2.evaluation.evaluator]: Inference done 320/3943. Dataloading: 0.0021 s/iter. Inference: 0.0787 s/iter. Eval: 1.4071 s/iter. Total: 1.4880 s/iter. ETA=1:29:51
[12/10 03:00:41 d2.evaluation.evaluator]: Inference done 323/3943. Dataloading: 0.0021 s/iter. Inference: 0.0786 s/iter. Eval: 1.4093 s/iter. Total: 1.4902 s/iter. ETA=1:29:54
[12/10 03:00:46 d2.evaluation.evaluator]: Inference done 326/3943. Dataloading: 0.0021 s/iter. Inference: 0.0786 s/iter. Eval: 1.4111 s/iter. Total: 1.4920 s/iter. ETA=1:29:56
[12/10 03:00:52 d2.evaluation.evaluator]: Inference done 330/3943. Dataloading: 0.0021 s/iter. Inference: 0.0786 s/iter. Eval: 1.4101 s/iter. Total: 1.4909 s/iter. ETA=1:29:46
[12/10 03:00:57 d2.evaluation.evaluator]: Inference done 333/3943. Dataloading: 0.0021 s/iter. Inference: 0.0786 s/iter. Eval: 1.4127 s/iter. Total: 1.4935 s/iter. ETA=1:29:51
[12/10 03:01:03 d2.evaluation.evaluator]: Inference done 335/3943. Dataloading: 0.0021 s/iter. Inference: 0.0786 s/iter. Eval: 1.4225 s/iter. Total: 1.5033 s/iter. ETA=1:30:24
[12/10 03:01:11 d2.evaluation.evaluator]: Inference done 339/3943. Dataloading: 0.0021 s/iter. Inference: 0.0786 s/iter. Eval: 1.4264 s/iter. Total: 1.5072 s/iter. ETA=1:30:31
[12/10 03:01:17 d2.evaluation.evaluator]: Inference done 344/3943. Dataloading: 0.0021 s/iter. Inference: 0.0786 s/iter. Eval: 1.4230 s/iter. Total: 1.5038 s/iter. ETA=1:30:12
[12/10 03:01:22 d2.evaluation.evaluator]: Inference done 347/3943. Dataloading: 0.0021 s/iter. Inference: 0.0786 s/iter. Eval: 1.4252 s/iter. Total: 1.5061 s/iter. ETA=1:30:15
[12/10 03:01:28 d2.evaluation.evaluator]: Inference done 351/3943. Dataloading: 0.0021 s/iter. Inference: 0.0785 s/iter. Eval: 1.4245 s/iter. Total: 1.5053 s/iter. ETA=1:30:07
[12/10 03:01:33 d2.evaluation.evaluator]: Inference done 356/3943. Dataloading: 0.0021 s/iter. Inference: 0.0785 s/iter. Eval: 1.4184 s/iter. Total: 1.4991 s/iter. ETA=1:29:37
[12/10 03:01:39 d2.evaluation.evaluator]: Inference done 360/3943. Dataloading: 0.0021 s/iter. Inference: 0.0784 s/iter. Eval: 1.4177 s/iter. Total: 1.4984 s/iter. ETA=1:29:28
[12/10 03:01:47 d2.evaluation.evaluator]: Inference done 364/3943. Dataloading: 0.0021 s/iter. Inference: 0.0784 s/iter. Eval: 1.4238 s/iter. Total: 1.5045 s/iter. ETA=1:29:44
[12/10 03:01:53 d2.evaluation.evaluator]: Inference done 368/3943. Dataloading: 0.0021 s/iter. Inference: 0.0784 s/iter. Eval: 1.4217 s/iter. Total: 1.5024 s/iter. ETA=1:29:30
[12/10 03:01:58 d2.evaluation.evaluator]: Inference done 371/3943. Dataloading: 0.0021 s/iter. Inference: 0.0784 s/iter. Eval: 1.4237 s/iter. Total: 1.5044 s/iter. ETA=1:29:33
[12/10 03:02:06 d2.evaluation.evaluator]: Inference done 376/3943. Dataloading: 0.0021 s/iter. Inference: 0.0784 s/iter. Eval: 1.4249 s/iter. Total: 1.5055 s/iter. ETA=1:29:30
[12/10 03:02:15 d2.evaluation.evaluator]: Inference done 382/3943. Dataloading: 0.0021 s/iter. Inference: 0.0784 s/iter. Eval: 1.4242 s/iter. Total: 1.5048 s/iter. ETA=1:29:18
[12/10 03:02:21 d2.evaluation.evaluator]: Inference done 385/3943. Dataloading: 0.0021 s/iter. Inference: 0.0783 s/iter. Eval: 1.4288 s/iter. Total: 1.5095 s/iter. ETA=1:29:30
[12/10 03:02:26 d2.evaluation.evaluator]: Inference done 390/3943. Dataloading: 0.0021 s/iter. Inference: 0.0783 s/iter. Eval: 1.4234 s/iter. Total: 1.5040 s/iter. ETA=1:29:03
[12/10 03:02:32 d2.evaluation.evaluator]: Inference done 396/3943. Dataloading: 0.0021 s/iter. Inference: 0.0783 s/iter. Eval: 1.4138 s/iter. Total: 1.4944 s/iter. ETA=1:28:20
[12/10 03:02:38 d2.evaluation.evaluator]: Inference done 402/3943. Dataloading: 0.0021 s/iter. Inference: 0.0782 s/iter. Eval: 1.4065 s/iter. Total: 1.4870 s/iter. ETA=1:27:45
[12/10 03:02:43 d2.evaluation.evaluator]: Inference done 408/3943. Dataloading: 0.0021 s/iter. Inference: 0.0782 s/iter. Eval: 1.3987 s/iter. Total: 1.4791 s/iter. ETA=1:27:08
[12/10 03:02:49 d2.evaluation.evaluator]: Inference done 413/3943. Dataloading: 0.0021 s/iter. Inference: 0.0781 s/iter. Eval: 1.3940 s/iter. Total: 1.4745 s/iter. ETA=1:26:44
[12/10 03:02:54 d2.evaluation.evaluator]: Inference done 418/3943. Dataloading: 0.0021 s/iter. Inference: 0.0781 s/iter. Eval: 1.3887 s/iter. Total: 1.4691 s/iter. ETA=1:26:18
[12/10 03:02:59 d2.evaluation.evaluator]: Inference done 423/3943. Dataloading: 0.0021 s/iter. Inference: 0.0781 s/iter. Eval: 1.3836 s/iter. Total: 1.4640 s/iter. ETA=1:25:53
[12/10 03:03:05 d2.evaluation.evaluator]: Inference done 426/3943. Dataloading: 0.0021 s/iter. Inference: 0.0781 s/iter. Eval: 1.3861 s/iter. Total: 1.4665 s/iter. ETA=1:25:57
[12/10 03:03:11 d2.evaluation.evaluator]: Inference done 431/3943. Dataloading: 0.0021 s/iter. Inference: 0.0781 s/iter. Eval: 1.3836 s/iter. Total: 1.4640 s/iter. ETA=1:25:41
[12/10 03:03:16 d2.evaluation.evaluator]: Inference done 438/3943. Dataloading: 0.0021 s/iter. Inference: 0.0780 s/iter. Eval: 1.3722 s/iter. Total: 1.4525 s/iter. ETA=1:24:50
[12/10 03:03:23 d2.evaluation.evaluator]: Inference done 442/3943. Dataloading: 0.0021 s/iter. Inference: 0.0780 s/iter. Eval: 1.3735 s/iter. Total: 1.4538 s/iter. ETA=1:24:49
[12/10 03:03:28 d2.evaluation.evaluator]: Inference done 445/3943. Dataloading: 0.0021 s/iter. Inference: 0.0780 s/iter. Eval: 1.3757 s/iter. Total: 1.4560 s/iter. ETA=1:24:52
[12/10 03:03:33 d2.evaluation.evaluator]: Inference done 450/3943. Dataloading: 0.0021 s/iter. Inference: 0.0780 s/iter. Eval: 1.3713 s/iter. Total: 1.4516 s/iter. ETA=1:24:30
[12/10 03:03:38 d2.evaluation.evaluator]: Inference done 456/3943. Dataloading: 0.0021 s/iter. Inference: 0.0779 s/iter. Eval: 1.3634 s/iter. Total: 1.4436 s/iter. ETA=1:23:53
[12/10 03:03:44 d2.evaluation.evaluator]: Inference done 459/3943. Dataloading: 0.0021 s/iter. Inference: 0.0779 s/iter. Eval: 1.3665 s/iter. Total: 1.4468 s/iter. ETA=1:24:00
[12/10 03:03:50 d2.evaluation.evaluator]: Inference done 463/3943. Dataloading: 0.0021 s/iter. Inference: 0.0779 s/iter. Eval: 1.3662 s/iter. Total: 1.4464 s/iter. ETA=1:23:53
[12/10 03:03:55 d2.evaluation.evaluator]: Inference done 467/3943. Dataloading: 0.0021 s/iter. Inference: 0.0779 s/iter. Eval: 1.3651 s/iter. Total: 1.4452 s/iter. ETA=1:23:43
[12/10 03:04:00 d2.evaluation.evaluator]: Inference done 471/3943. Dataloading: 0.0021 s/iter. Inference: 0.0779 s/iter. Eval: 1.3639 s/iter. Total: 1.4441 s/iter. ETA=1:23:33
[12/10 03:04:06 d2.evaluation.evaluator]: Inference done 475/3943. Dataloading: 0.0021 s/iter. Inference: 0.0779 s/iter. Eval: 1.3638 s/iter. Total: 1.4440 s/iter. ETA=1:23:27
[12/10 03:04:12 d2.evaluation.evaluator]: Inference done 478/3943. Dataloading: 0.0021 s/iter. Inference: 0.0779 s/iter. Eval: 1.3674 s/iter. Total: 1.4476 s/iter. ETA=1:23:36
[12/10 03:04:17 d2.evaluation.evaluator]: Inference done 482/3943. Dataloading: 0.0021 s/iter. Inference: 0.0779 s/iter. Eval: 1.3668 s/iter. Total: 1.4470 s/iter. ETA=1:23:28
[12/10 03:04:24 d2.evaluation.evaluator]: Inference done 487/3943. Dataloading: 0.0021 s/iter. Inference: 0.0779 s/iter. Eval: 1.3648 s/iter. Total: 1.4450 s/iter. ETA=1:23:13
[12/10 03:04:29 d2.evaluation.evaluator]: Inference done 491/3943. Dataloading: 0.0021 s/iter. Inference: 0.0779 s/iter. Eval: 1.3638 s/iter. Total: 1.4439 s/iter. ETA=1:23:04
[12/10 03:04:35 d2.evaluation.evaluator]: Inference done 495/3943. Dataloading: 0.0021 s/iter. Inference: 0.0779 s/iter. Eval: 1.3651 s/iter. Total: 1.4452 s/iter. ETA=1:23:03
[12/10 03:04:42 d2.evaluation.evaluator]: Inference done 498/3943. Dataloading: 0.0021 s/iter. Inference: 0.0779 s/iter. Eval: 1.3689 s/iter. Total: 1.4491 s/iter. ETA=1:23:12
[12/10 03:04:49 d2.evaluation.evaluator]: Inference done 503/3943. Dataloading: 0.0021 s/iter. Inference: 0.0779 s/iter. Eval: 1.3687 s/iter. Total: 1.4489 s/iter. ETA=1:23:04
[12/10 03:04:55 d2.evaluation.evaluator]: Inference done 508/3943. Dataloading: 0.0021 s/iter. Inference: 0.0778 s/iter. Eval: 1.3658 s/iter. Total: 1.4459 s/iter. ETA=1:22:46
[12/10 03:05:00 d2.evaluation.evaluator]: Inference done 513/3943. Dataloading: 0.0021 s/iter. Inference: 0.0778 s/iter. Eval: 1.3625 s/iter. Total: 1.4426 s/iter. ETA=1:22:28
[12/10 03:05:06 d2.evaluation.evaluator]: Inference done 518/3943. Dataloading: 0.0021 s/iter. Inference: 0.0778 s/iter. Eval: 1.3602 s/iter. Total: 1.4403 s/iter. ETA=1:22:12
[12/10 03:05:11 d2.evaluation.evaluator]: Inference done 522/3943. Dataloading: 0.0021 s/iter. Inference: 0.0778 s/iter. Eval: 1.3588 s/iter. Total: 1.4388 s/iter. ETA=1:22:02
[12/10 03:05:16 d2.evaluation.evaluator]: Inference done 525/3943. Dataloading: 0.0021 s/iter. Inference: 0.0778 s/iter. Eval: 1.3604 s/iter. Total: 1.4404 s/iter. ETA=1:22:03
[12/10 03:05:22 d2.evaluation.evaluator]: Inference done 529/3943. Dataloading: 0.0021 s/iter. Inference: 0.0778 s/iter. Eval: 1.3594 s/iter. Total: 1.4394 s/iter. ETA=1:21:54
[12/10 03:05:27 d2.evaluation.evaluator]: Inference done 533/3943. Dataloading: 0.0021 s/iter. Inference: 0.0778 s/iter. Eval: 1.3592 s/iter. Total: 1.4392 s/iter. ETA=1:21:47
[12/10 03:05:32 d2.evaluation.evaluator]: Inference done 537/3943. Dataloading: 0.0021 s/iter. Inference: 0.0777 s/iter. Eval: 1.3582 s/iter. Total: 1.4382 s/iter. ETA=1:21:38
[12/10 03:05:38 d2.evaluation.evaluator]: Inference done 542/3943. Dataloading: 0.0021 s/iter. Inference: 0.0777 s/iter. Eval: 1.3560 s/iter. Total: 1.4360 s/iter. ETA=1:21:23
[12/10 03:05:44 d2.evaluation.evaluator]: Inference done 546/3943. Dataloading: 0.0021 s/iter. Inference: 0.0777 s/iter. Eval: 1.3560 s/iter. Total: 1.4360 s/iter. ETA=1:21:18
[12/10 03:05:50 d2.evaluation.evaluator]: Inference done 551/3943. Dataloading: 0.0021 s/iter. Inference: 0.0777 s/iter. Eval: 1.3542 s/iter. Total: 1.4342 s/iter. ETA=1:21:04
[12/10 03:05:56 d2.evaluation.evaluator]: Inference done 555/3943. Dataloading: 0.0021 s/iter. Inference: 0.0777 s/iter. Eval: 1.3550 s/iter. Total: 1.4350 s/iter. ETA=1:21:01
[12/10 03:06:03 d2.evaluation.evaluator]: Inference done 559/3943. Dataloading: 0.0021 s/iter. Inference: 0.0777 s/iter. Eval: 1.3560 s/iter. Total: 1.4360 s/iter. ETA=1:20:59
[12/10 03:06:08 d2.evaluation.evaluator]: Inference done 565/3943. Dataloading: 0.0021 s/iter. Inference: 0.0776 s/iter. Eval: 1.3496 s/iter. Total: 1.4295 s/iter. ETA=1:20:29
[12/10 03:06:15 d2.evaluation.evaluator]: Inference done 570/3943. Dataloading: 0.0021 s/iter. Inference: 0.0776 s/iter. Eval: 1.3491 s/iter. Total: 1.4290 s/iter. ETA=1:20:19
[12/10 03:06:20 d2.evaluation.evaluator]: Inference done 576/3943. Dataloading: 0.0021 s/iter. Inference: 0.0776 s/iter. Eval: 1.3437 s/iter. Total: 1.4236 s/iter. ETA=1:19:53
[12/10 03:06:25 d2.evaluation.evaluator]: Inference done 581/3943. Dataloading: 0.0021 s/iter. Inference: 0.0776 s/iter. Eval: 1.3404 s/iter. Total: 1.4203 s/iter. ETA=1:19:34
[12/10 03:06:30 d2.evaluation.evaluator]: Inference done 586/3943. Dataloading: 0.0021 s/iter. Inference: 0.0776 s/iter. Eval: 1.3368 s/iter. Total: 1.4167 s/iter. ETA=1:19:15
[12/10 03:06:36 d2.evaluation.evaluator]: Inference done 591/3943. Dataloading: 0.0021 s/iter. Inference: 0.0776 s/iter. Eval: 1.3350 s/iter. Total: 1.4149 s/iter. ETA=1:19:02
[12/10 03:06:41 d2.evaluation.evaluator]: Inference done 597/3943. Dataloading: 0.0021 s/iter. Inference: 0.0775 s/iter. Eval: 1.3292 s/iter. Total: 1.4091 s/iter. ETA=1:18:34
[12/10 03:06:47 d2.evaluation.evaluator]: Inference done 601/3943. Dataloading: 0.0021 s/iter. Inference: 0.0775 s/iter. Eval: 1.3299 s/iter. Total: 1.4097 s/iter. ETA=1:18:31
[12/10 03:06:53 d2.evaluation.evaluator]: Inference done 606/3943. Dataloading: 0.0021 s/iter. Inference: 0.0775 s/iter. Eval: 1.3280 s/iter. Total: 1.4078 s/iter. ETA=1:18:17
[12/10 03:06:59 d2.evaluation.evaluator]: Inference done 610/3943. Dataloading: 0.0021 s/iter. Inference: 0.0775 s/iter. Eval: 1.3272 s/iter. Total: 1.4070 s/iter. ETA=1:18:09
[12/10 03:07:04 d2.evaluation.evaluator]: Inference done 613/3943. Dataloading: 0.0021 s/iter. Inference: 0.0775 s/iter. Eval: 1.3289 s/iter. Total: 1.4087 s/iter. ETA=1:18:10
[12/10 03:07:09 d2.evaluation.evaluator]: Inference done 618/3943. Dataloading: 0.0021 s/iter. Inference: 0.0775 s/iter. Eval: 1.3265 s/iter. Total: 1.4063 s/iter. ETA=1:17:55
[12/10 03:07:15 d2.evaluation.evaluator]: Inference done 623/3943. Dataloading: 0.0021 s/iter. Inference: 0.0775 s/iter. Eval: 1.3246 s/iter. Total: 1.4044 s/iter. ETA=1:17:42
[12/10 03:07:21 d2.evaluation.evaluator]: Inference done 627/3943. Dataloading: 0.0021 s/iter. Inference: 0.0775 s/iter. Eval: 1.3244 s/iter. Total: 1.4042 s/iter. ETA=1:17:36
[12/10 03:07:27 d2.evaluation.evaluator]: Inference done 632/3943. Dataloading: 0.0021 s/iter. Inference: 0.0775 s/iter. Eval: 1.3237 s/iter. Total: 1.4034 s/iter. ETA=1:17:26
[12/10 03:07:33 d2.evaluation.evaluator]: Inference done 635/3943. Dataloading: 0.0021 s/iter. Inference: 0.0775 s/iter. Eval: 1.3258 s/iter. Total: 1.4055 s/iter. ETA=1:17:29
[12/10 03:07:39 d2.evaluation.evaluator]: Inference done 639/3943. Dataloading: 0.0021 s/iter. Inference: 0.0775 s/iter. Eval: 1.3270 s/iter. Total: 1.4068 s/iter. ETA=1:17:27
[12/10 03:07:45 d2.evaluation.evaluator]: Inference done 644/3943. Dataloading: 0.0021 s/iter. Inference: 0.0775 s/iter. Eval: 1.3251 s/iter. Total: 1.4048 s/iter. ETA=1:17:14
[12/10 03:07:50 d2.evaluation.evaluator]: Inference done 649/3943. Dataloading: 0.0021 s/iter. Inference: 0.0775 s/iter. Eval: 1.3223 s/iter. Total: 1.4020 s/iter. ETA=1:16:58
[12/10 03:07:56 d2.evaluation.evaluator]: Inference done 654/3943. Dataloading: 0.0021 s/iter. Inference: 0.0775 s/iter. Eval: 1.3206 s/iter. Total: 1.4003 s/iter. ETA=1:16:45
[12/10 03:08:02 d2.evaluation.evaluator]: Inference done 658/3943. Dataloading: 0.0021 s/iter. Inference: 0.0774 s/iter. Eval: 1.3214 s/iter. Total: 1.4011 s/iter. ETA=1:16:42
[12/10 03:08:07 d2.evaluation.evaluator]: Inference done 663/3943. Dataloading: 0.0021 s/iter. Inference: 0.0774 s/iter. Eval: 1.3187 s/iter. Total: 1.3984 s/iter. ETA=1:16:26
[12/10 03:08:13 d2.evaluation.evaluator]: Inference done 669/3943. Dataloading: 0.0021 s/iter. Inference: 0.0774 s/iter. Eval: 1.3144 s/iter. Total: 1.3940 s/iter. ETA=1:16:04
[12/10 03:08:18 d2.evaluation.evaluator]: Inference done 673/3943. Dataloading: 0.0021 s/iter. Inference: 0.0774 s/iter. Eval: 1.3138 s/iter. Total: 1.3935 s/iter. ETA=1:15:56
[12/10 03:08:24 d2.evaluation.evaluator]: Inference done 678/3943. Dataloading: 0.0021 s/iter. Inference: 0.0774 s/iter. Eval: 1.3123 s/iter. Total: 1.3919 s/iter. ETA=1:15:44
[12/10 03:08:29 d2.evaluation.evaluator]: Inference done 683/3943. Dataloading: 0.0021 s/iter. Inference: 0.0773 s/iter. Eval: 1.3100 s/iter. Total: 1.3897 s/iter. ETA=1:15:30
[12/10 03:08:35 d2.evaluation.evaluator]: Inference done 689/3943. Dataloading: 0.0021 s/iter. Inference: 0.0773 s/iter. Eval: 1.3063 s/iter. Total: 1.3859 s/iter. ETA=1:15:09
[12/10 03:08:41 d2.evaluation.evaluator]: Inference done 695/3943. Dataloading: 0.0021 s/iter. Inference: 0.0773 s/iter. Eval: 1.3024 s/iter. Total: 1.3820 s/iter. ETA=1:14:48
[12/10 03:08:46 d2.evaluation.evaluator]: Inference done 699/3943. Dataloading: 0.0021 s/iter. Inference: 0.0773 s/iter. Eval: 1.3026 s/iter. Total: 1.3822 s/iter. ETA=1:14:43
[12/10 03:08:53 d2.evaluation.evaluator]: Inference done 705/3943. Dataloading: 0.0021 s/iter. Inference: 0.0773 s/iter. Eval: 1.2997 s/iter. Total: 1.3792 s/iter. ETA=1:14:25
[12/10 03:08:59 d2.evaluation.evaluator]: Inference done 710/3943. Dataloading: 0.0021 s/iter. Inference: 0.0773 s/iter. Eval: 1.2984 s/iter. Total: 1.3780 s/iter. ETA=1:14:14
[12/10 03:09:04 d2.evaluation.evaluator]: Inference done 713/3943. Dataloading: 0.0021 s/iter. Inference: 0.0773 s/iter. Eval: 1.3001 s/iter. Total: 1.3796 s/iter. ETA=1:14:16
[12/10 03:09:09 d2.evaluation.evaluator]: Inference done 716/3943. Dataloading: 0.0021 s/iter. Inference: 0.0773 s/iter. Eval: 1.3018 s/iter. Total: 1.3813 s/iter. ETA=1:14:17
[12/10 03:09:15 d2.evaluation.evaluator]: Inference done 720/3943. Dataloading: 0.0021 s/iter. Inference: 0.0773 s/iter. Eval: 1.3019 s/iter. Total: 1.3815 s/iter. ETA=1:14:12
[12/10 03:09:21 d2.evaluation.evaluator]: Inference done 725/3943. Dataloading: 0.0021 s/iter. Inference: 0.0772 s/iter. Eval: 1.3004 s/iter. Total: 1.3799 s/iter. ETA=1:14:00
[12/10 03:09:26 d2.evaluation.evaluator]: Inference done 730/3943. Dataloading: 0.0021 s/iter. Inference: 0.0772 s/iter. Eval: 1.2978 s/iter. Total: 1.3773 s/iter. ETA=1:13:45
[12/10 03:09:32 d2.evaluation.evaluator]: Inference done 735/3943. Dataloading: 0.0021 s/iter. Inference: 0.0772 s/iter. Eval: 1.2972 s/iter. Total: 1.3767 s/iter. ETA=1:13:36
[12/10 03:09:38 d2.evaluation.evaluator]: Inference done 741/3943. Dataloading: 0.0021 s/iter. Inference: 0.0772 s/iter. Eval: 1.2942 s/iter. Total: 1.3736 s/iter. ETA=1:13:18
[12/10 03:09:44 d2.evaluation.evaluator]: Inference done 746/3943. Dataloading: 0.0021 s/iter. Inference: 0.0772 s/iter. Eval: 1.2926 s/iter. Total: 1.3720 s/iter. ETA=1:13:06
[12/10 03:09:49 d2.evaluation.evaluator]: Inference done 749/3943. Dataloading: 0.0021 s/iter. Inference: 0.0772 s/iter. Eval: 1.2943 s/iter. Total: 1.3737 s/iter. ETA=1:13:07
[12/10 03:09:55 d2.evaluation.evaluator]: Inference done 753/3943. Dataloading: 0.0021 s/iter. Inference: 0.0772 s/iter. Eval: 1.2945 s/iter. Total: 1.3739 s/iter. ETA=1:13:02
[12/10 03:10:01 d2.evaluation.evaluator]: Inference done 757/3943. Dataloading: 0.0021 s/iter. Inference: 0.0772 s/iter. Eval: 1.2947 s/iter. Total: 1.3741 s/iter. ETA=1:12:57
[12/10 03:10:06 d2.evaluation.evaluator]: Inference done 761/3943. Dataloading: 0.0021 s/iter. Inference: 0.0771 s/iter. Eval: 1.2945 s/iter. Total: 1.3739 s/iter. ETA=1:12:51
[12/10 03:10:12 d2.evaluation.evaluator]: Inference done 767/3943. Dataloading: 0.0021 s/iter. Inference: 0.0771 s/iter. Eval: 1.2916 s/iter. Total: 1.3710 s/iter. ETA=1:12:34
[12/10 03:10:18 d2.evaluation.evaluator]: Inference done 771/3943. Dataloading: 0.0021 s/iter. Inference: 0.0771 s/iter. Eval: 1.2919 s/iter. Total: 1.3713 s/iter. ETA=1:12:29
[12/10 03:10:24 d2.evaluation.evaluator]: Inference done 778/3943. Dataloading: 0.0021 s/iter. Inference: 0.0771 s/iter. Eval: 1.2874 s/iter. Total: 1.3668 s/iter. ETA=1:12:05
[12/10 03:10:29 d2.evaluation.evaluator]: Inference done 785/3943. Dataloading: 0.0021 s/iter. Inference: 0.0771 s/iter. Eval: 1.2821 s/iter. Total: 1.3614 s/iter. ETA=1:11:39
[12/10 03:10:35 d2.evaluation.evaluator]: Inference done 789/3943. Dataloading: 0.0021 s/iter. Inference: 0.0770 s/iter. Eval: 1.2823 s/iter. Total: 1.3616 s/iter. ETA=1:11:34
[12/10 03:10:40 d2.evaluation.evaluator]: Inference done 794/3943. Dataloading: 0.0021 s/iter. Inference: 0.0770 s/iter. Eval: 1.2802 s/iter. Total: 1.3595 s/iter. ETA=1:11:21
[12/10 03:10:46 d2.evaluation.evaluator]: Inference done 799/3943. Dataloading: 0.0021 s/iter. Inference: 0.0770 s/iter. Eval: 1.2787 s/iter. Total: 1.3580 s/iter. ETA=1:11:09
[12/10 03:10:52 d2.evaluation.evaluator]: Inference done 802/3943. Dataloading: 0.0021 s/iter. Inference: 0.0770 s/iter. Eval: 1.2822 s/iter. Total: 1.3615 s/iter. ETA=1:11:16
[12/10 03:10:58 d2.evaluation.evaluator]: Inference done 807/3943. Dataloading: 0.0021 s/iter. Inference: 0.0770 s/iter. Eval: 1.2811 s/iter. Total: 1.3604 s/iter. ETA=1:11:06
[12/10 03:11:04 d2.evaluation.evaluator]: Inference done 812/3943. Dataloading: 0.0021 s/iter. Inference: 0.0770 s/iter. Eval: 1.2798 s/iter. Total: 1.3591 s/iter. ETA=1:10:55
[12/10 03:11:09 d2.evaluation.evaluator]: Inference done 816/3943. Dataloading: 0.0021 s/iter. Inference: 0.0770 s/iter. Eval: 1.2799 s/iter. Total: 1.3591 s/iter. ETA=1:10:49
[12/10 03:11:15 d2.evaluation.evaluator]: Inference done 820/3943. Dataloading: 0.0021 s/iter. Inference: 0.0770 s/iter. Eval: 1.2804 s/iter. Total: 1.3596 s/iter. ETA=1:10:46
[12/10 03:11:21 d2.evaluation.evaluator]: Inference done 824/3943. Dataloading: 0.0021 s/iter. Inference: 0.0770 s/iter. Eval: 1.2808 s/iter. Total: 1.3601 s/iter. ETA=1:10:42
[12/10 03:11:27 d2.evaluation.evaluator]: Inference done 827/3943. Dataloading: 0.0021 s/iter. Inference: 0.0770 s/iter. Eval: 1.2832 s/iter. Total: 1.3625 s/iter. ETA=1:10:45
[12/10 03:11:32 d2.evaluation.evaluator]: Inference done 833/3943. Dataloading: 0.0021 s/iter. Inference: 0.0769 s/iter. Eval: 1.2794 s/iter. Total: 1.3586 s/iter. ETA=1:10:25
[12/10 03:11:38 d2.evaluation.evaluator]: Inference done 838/3943. Dataloading: 0.0021 s/iter. Inference: 0.0769 s/iter. Eval: 1.2780 s/iter. Total: 1.3572 s/iter. ETA=1:10:14
[12/10 03:11:45 d2.evaluation.evaluator]: Inference done 845/3943. Dataloading: 0.0021 s/iter. Inference: 0.0769 s/iter. Eval: 1.2755 s/iter. Total: 1.3547 s/iter. ETA=1:09:56
[12/10 03:11:51 d2.evaluation.evaluator]: Inference done 849/3943. Dataloading: 0.0021 s/iter. Inference: 0.0769 s/iter. Eval: 1.2755 s/iter. Total: 1.3547 s/iter. ETA=1:09:51
[12/10 03:11:58 d2.evaluation.evaluator]: Inference done 853/3943. Dataloading: 0.0021 s/iter. Inference: 0.0769 s/iter. Eval: 1.2775 s/iter. Total: 1.3567 s/iter. ETA=1:09:52
[12/10 03:12:03 d2.evaluation.evaluator]: Inference done 858/3943. Dataloading: 0.0021 s/iter. Inference: 0.0769 s/iter. Eval: 1.2759 s/iter. Total: 1.3551 s/iter. ETA=1:09:40
[12/10 03:12:08 d2.evaluation.evaluator]: Inference done 864/3943. Dataloading: 0.0021 s/iter. Inference: 0.0769 s/iter. Eval: 1.2725 s/iter. Total: 1.3517 s/iter. ETA=1:09:22
[12/10 03:12:14 d2.evaluation.evaluator]: Inference done 869/3943. Dataloading: 0.0021 s/iter. Inference: 0.0769 s/iter. Eval: 1.2715 s/iter. Total: 1.3507 s/iter. ETA=1:09:11
[12/10 03:12:19 d2.evaluation.evaluator]: Inference done 873/3943. Dataloading: 0.0021 s/iter. Inference: 0.0769 s/iter. Eval: 1.2710 s/iter. Total: 1.3502 s/iter. ETA=1:09:05
[12/10 03:12:25 d2.evaluation.evaluator]: Inference done 878/3943. Dataloading: 0.0021 s/iter. Inference: 0.0769 s/iter. Eval: 1.2702 s/iter. Total: 1.3494 s/iter. ETA=1:08:55
[12/10 03:12:31 d2.evaluation.evaluator]: Inference done 882/3943. Dataloading: 0.0021 s/iter. Inference: 0.0769 s/iter. Eval: 1.2702 s/iter. Total: 1.3494 s/iter. ETA=1:08:50
[12/10 03:12:36 d2.evaluation.evaluator]: Inference done 886/3943. Dataloading: 0.0021 s/iter. Inference: 0.0769 s/iter. Eval: 1.2703 s/iter. Total: 1.3494 s/iter. ETA=1:08:45
[12/10 03:12:42 d2.evaluation.evaluator]: Inference done 891/3943. Dataloading: 0.0021 s/iter. Inference: 0.0769 s/iter. Eval: 1.2696 s/iter. Total: 1.3487 s/iter. ETA=1:08:36
[12/10 03:12:47 d2.evaluation.evaluator]: Inference done 894/3943. Dataloading: 0.0021 s/iter. Inference: 0.0769 s/iter. Eval: 1.2709 s/iter. Total: 1.3500 s/iter. ETA=1:08:36
[12/10 03:12:53 d2.evaluation.evaluator]: Inference done 898/3943. Dataloading: 0.0021 s/iter. Inference: 0.0769 s/iter. Eval: 1.2707 s/iter. Total: 1.3499 s/iter. ETA=1:08:30
[12/10 03:12:58 d2.evaluation.evaluator]: Inference done 902/3943. Dataloading: 0.0021 s/iter. Inference: 0.0769 s/iter. Eval: 1.2703 s/iter. Total: 1.3494 s/iter. ETA=1:08:23
[12/10 03:13:03 d2.evaluation.evaluator]: Inference done 906/3943. Dataloading: 0.0021 s/iter. Inference: 0.0769 s/iter. Eval: 1.2706 s/iter. Total: 1.3497 s/iter. ETA=1:08:19
[12/10 03:13:09 d2.evaluation.evaluator]: Inference done 910/3943. Dataloading: 0.0021 s/iter. Inference: 0.0768 s/iter. Eval: 1.2707 s/iter. Total: 1.3498 s/iter. ETA=1:08:13
[12/10 03:13:15 d2.evaluation.evaluator]: Inference done 914/3943. Dataloading: 0.0021 s/iter. Inference: 0.0768 s/iter. Eval: 1.2717 s/iter. Total: 1.3509 s/iter. ETA=1:08:11
[12/10 03:13:20 d2.evaluation.evaluator]: Inference done 920/3943. Dataloading: 0.0021 s/iter. Inference: 0.0768 s/iter. Eval: 1.2686 s/iter. Total: 1.3477 s/iter. ETA=1:07:54
[12/10 03:13:26 d2.evaluation.evaluator]: Inference done 924/3943. Dataloading: 0.0021 s/iter. Inference: 0.0768 s/iter. Eval: 1.2685 s/iter. Total: 1.3476 s/iter. ETA=1:07:48
[12/10 03:13:32 d2.evaluation.evaluator]: Inference done 929/3943. Dataloading: 0.0021 s/iter. Inference: 0.0768 s/iter. Eval: 1.2680 s/iter. Total: 1.3471 s/iter. ETA=1:07:40
[12/10 03:13:37 d2.evaluation.evaluator]: Inference done 936/3943. Dataloading: 0.0021 s/iter. Inference: 0.0768 s/iter. Eval: 1.2636 s/iter. Total: 1.3427 s/iter. ETA=1:07:17
[12/10 03:13:43 d2.evaluation.evaluator]: Inference done 940/3943. Dataloading: 0.0021 s/iter. Inference: 0.0768 s/iter. Eval: 1.2639 s/iter. Total: 1.3430 s/iter. ETA=1:07:13
[12/10 03:13:50 d2.evaluation.evaluator]: Inference done 944/3943. Dataloading: 0.0021 s/iter. Inference: 0.0768 s/iter. Eval: 1.2653 s/iter. Total: 1.3444 s/iter. ETA=1:07:11
[12/10 03:13:56 d2.evaluation.evaluator]: Inference done 948/3943. Dataloading: 0.0021 s/iter. Inference: 0.0768 s/iter. Eval: 1.2662 s/iter. Total: 1.3453 s/iter. ETA=1:07:09
[12/10 03:14:01 d2.evaluation.evaluator]: Inference done 954/3943. Dataloading: 0.0021 s/iter. Inference: 0.0768 s/iter. Eval: 1.2635 s/iter. Total: 1.3426 s/iter. ETA=1:06:53
[12/10 03:14:07 d2.evaluation.evaluator]: Inference done 957/3943. Dataloading: 0.0021 s/iter. Inference: 0.0768 s/iter. Eval: 1.2648 s/iter. Total: 1.3439 s/iter. ETA=1:06:52
[12/10 03:14:13 d2.evaluation.evaluator]: Inference done 961/3943. Dataloading: 0.0021 s/iter. Inference: 0.0768 s/iter. Eval: 1.2657 s/iter. Total: 1.3448 s/iter. ETA=1:06:50
[12/10 03:14:18 d2.evaluation.evaluator]: Inference done 966/3943. Dataloading: 0.0021 s/iter. Inference: 0.0768 s/iter. Eval: 1.2644 s/iter. Total: 1.3435 s/iter. ETA=1:06:39
[12/10 03:14:24 d2.evaluation.evaluator]: Inference done 971/3943. Dataloading: 0.0021 s/iter. Inference: 0.0768 s/iter. Eval: 1.2630 s/iter. Total: 1.3421 s/iter. ETA=1:06:28
[12/10 03:14:30 d2.evaluation.evaluator]: Inference done 976/3943. Dataloading: 0.0021 s/iter. Inference: 0.0768 s/iter. Eval: 1.2622 s/iter. Total: 1.3413 s/iter. ETA=1:06:19
[12/10 03:14:36 d2.evaluation.evaluator]: Inference done 980/3943. Dataloading: 0.0021 s/iter. Inference: 0.0768 s/iter. Eval: 1.2628 s/iter. Total: 1.3418 s/iter. ETA=1:06:15
[12/10 03:14:41 d2.evaluation.evaluator]: Inference done 984/3943. Dataloading: 0.0022 s/iter. Inference: 0.0768 s/iter. Eval: 1.2625 s/iter. Total: 1.3416 s/iter. ETA=1:06:09
[12/10 03:14:46 d2.evaluation.evaluator]: Inference done 989/3943. Dataloading: 0.0022 s/iter. Inference: 0.0768 s/iter. Eval: 1.2612 s/iter. Total: 1.3403 s/iter. ETA=1:05:59
[12/10 03:14:52 d2.evaluation.evaluator]: Inference done 993/3943. Dataloading: 0.0022 s/iter. Inference: 0.0768 s/iter. Eval: 1.2620 s/iter. Total: 1.3411 s/iter. ETA=1:05:56
[12/10 03:14:58 d2.evaluation.evaluator]: Inference done 996/3943. Dataloading: 0.0022 s/iter. Inference: 0.0768 s/iter. Eval: 1.2641 s/iter. Total: 1.3432 s/iter. ETA=1:05:58
[12/10 03:15:04 d2.evaluation.evaluator]: Inference done 1002/3943. Dataloading: 0.0022 s/iter. Inference: 0.0768 s/iter. Eval: 1.2614 s/iter. Total: 1.3405 s/iter. ETA=1:05:42
[12/10 03:15:09 d2.evaluation.evaluator]: Inference done 1007/3943. Dataloading: 0.0022 s/iter. Inference: 0.0768 s/iter. Eval: 1.2604 s/iter. Total: 1.3395 s/iter. ETA=1:05:32
[12/10 03:15:15 d2.evaluation.evaluator]: Inference done 1011/3943. Dataloading: 0.0022 s/iter. Inference: 0.0768 s/iter. Eval: 1.2604 s/iter. Total: 1.3394 s/iter. ETA=1:05:27
[12/10 03:15:23 d2.evaluation.evaluator]: Inference done 1015/3943. Dataloading: 0.0022 s/iter. Inference: 0.0768 s/iter. Eval: 1.2631 s/iter. Total: 1.3422 s/iter. ETA=1:05:29
[12/10 03:15:30 d2.evaluation.evaluator]: Inference done 1019/3943. Dataloading: 0.0022 s/iter. Inference: 0.0768 s/iter. Eval: 1.2650 s/iter. Total: 1.3440 s/iter. ETA=1:05:29
[12/10 03:15:35 d2.evaluation.evaluator]: Inference done 1023/3943. Dataloading: 0.0022 s/iter. Inference: 0.0768 s/iter. Eval: 1.2650 s/iter. Total: 1.3440 s/iter. ETA=1:05:24
[12/10 03:15:41 d2.evaluation.evaluator]: Inference done 1027/3943. Dataloading: 0.0022 s/iter. Inference: 0.0768 s/iter. Eval: 1.2651 s/iter. Total: 1.3442 s/iter. ETA=1:05:19
[12/10 03:15:47 d2.evaluation.evaluator]: Inference done 1032/3943. Dataloading: 0.0022 s/iter. Inference: 0.0768 s/iter. Eval: 1.2643 s/iter. Total: 1.3434 s/iter. ETA=1:05:10
[12/10 03:15:52 d2.evaluation.evaluator]: Inference done 1036/3943. Dataloading: 0.0022 s/iter. Inference: 0.0768 s/iter. Eval: 1.2644 s/iter. Total: 1.3435 s/iter. ETA=1:05:05
[12/10 03:15:58 d2.evaluation.evaluator]: Inference done 1040/3943. Dataloading: 0.0022 s/iter. Inference: 0.0768 s/iter. Eval: 1.2642 s/iter. Total: 1.3433 s/iter. ETA=1:04:59
[12/10 03:16:03 d2.evaluation.evaluator]: Inference done 1046/3943. Dataloading: 0.0022 s/iter. Inference: 0.0768 s/iter. Eval: 1.2615 s/iter. Total: 1.3405 s/iter. ETA=1:04:43
[12/10 03:16:09 d2.evaluation.evaluator]: Inference done 1050/3943. Dataloading: 0.0022 s/iter. Inference: 0.0768 s/iter. Eval: 1.2626 s/iter. Total: 1.3417 s/iter. ETA=1:04:41
[12/10 03:16:15 d2.evaluation.evaluator]: Inference done 1056/3943. Dataloading: 0.0022 s/iter. Inference: 0.0768 s/iter. Eval: 1.2601 s/iter. Total: 1.3392 s/iter. ETA=1:04:26
[12/10 03:16:20 d2.evaluation.evaluator]: Inference done 1062/3943. Dataloading: 0.0022 s/iter. Inference: 0.0768 s/iter. Eval: 1.2577 s/iter. Total: 1.3368 s/iter. ETA=1:04:11
[12/10 03:16:25 d2.evaluation.evaluator]: Inference done 1068/3943. Dataloading: 0.0022 s/iter. Inference: 0.0768 s/iter. Eval: 1.2549 s/iter. Total: 1.3340 s/iter. ETA=1:03:55
[12/10 03:16:31 d2.evaluation.evaluator]: Inference done 1073/3943. Dataloading: 0.0022 s/iter. Inference: 0.0768 s/iter. Eval: 1.2542 s/iter. Total: 1.3333 s/iter. ETA=1:03:46
[12/10 03:16:36 d2.evaluation.evaluator]: Inference done 1077/3943. Dataloading: 0.0022 s/iter. Inference: 0.0768 s/iter. Eval: 1.2540 s/iter. Total: 1.3331 s/iter. ETA=1:03:40
[12/10 03:16:42 d2.evaluation.evaluator]: Inference done 1084/3943. Dataloading: 0.0022 s/iter. Inference: 0.0768 s/iter. Eval: 1.2505 s/iter. Total: 1.3295 s/iter. ETA=1:03:21
[12/10 03:16:47 d2.evaluation.evaluator]: Inference done 1089/3943. Dataloading: 0.0022 s/iter. Inference: 0.0768 s/iter. Eval: 1.2490 s/iter. Total: 1.3281 s/iter. ETA=1:03:10
[12/10 03:16:52 d2.evaluation.evaluator]: Inference done 1093/3943. Dataloading: 0.0022 s/iter. Inference: 0.0768 s/iter. Eval: 1.2489 s/iter. Total: 1.3280 s/iter. ETA=1:03:04
[12/10 03:16:58 d2.evaluation.evaluator]: Inference done 1098/3943. Dataloading: 0.0022 s/iter. Inference: 0.0768 s/iter. Eval: 1.2479 s/iter. Total: 1.3270 s/iter. ETA=1:02:55
[12/10 03:17:04 d2.evaluation.evaluator]: Inference done 1105/3943. Dataloading: 0.0022 s/iter. Inference: 0.0768 s/iter. Eval: 1.2456 s/iter. Total: 1.3247 s/iter. ETA=1:02:39
[12/10 03:17:11 d2.evaluation.evaluator]: Inference done 1111/3943. Dataloading: 0.0022 s/iter. Inference: 0.0768 s/iter. Eval: 1.2445 s/iter. Total: 1.3237 s/iter. ETA=1:02:28
[12/10 03:17:17 d2.evaluation.evaluator]: Inference done 1116/3943. Dataloading: 0.0022 s/iter. Inference: 0.0768 s/iter. Eval: 1.2434 s/iter. Total: 1.3225 s/iter. ETA=1:02:18
[12/10 03:17:22 d2.evaluation.evaluator]: Inference done 1120/3943. Dataloading: 0.0022 s/iter. Inference: 0.0768 s/iter. Eval: 1.2434 s/iter. Total: 1.3225 s/iter. ETA=1:02:13
[12/10 03:17:27 d2.evaluation.evaluator]: Inference done 1127/3943. Dataloading: 0.0022 s/iter. Inference: 0.0768 s/iter. Eval: 1.2399 s/iter. Total: 1.3190 s/iter. ETA=1:01:54
[12/10 03:17:32 d2.evaluation.evaluator]: Inference done 1132/3943. Dataloading: 0.0022 s/iter. Inference: 0.0768 s/iter. Eval: 1.2387 s/iter. Total: 1.3178 s/iter. ETA=1:01:44
[12/10 03:17:38 d2.evaluation.evaluator]: Inference done 1139/3943. Dataloading: 0.0022 s/iter. Inference: 0.0768 s/iter. Eval: 1.2353 s/iter. Total: 1.3144 s/iter. ETA=1:01:25
[12/10 03:17:44 d2.evaluation.evaluator]: Inference done 1145/3943. Dataloading: 0.0022 s/iter. Inference: 0.0768 s/iter. Eval: 1.2335 s/iter. Total: 1.3127 s/iter. ETA=1:01:12
[12/10 03:17:49 d2.evaluation.evaluator]: Inference done 1150/3943. Dataloading: 0.0022 s/iter. Inference: 0.0768 s/iter. Eval: 1.2327 s/iter. Total: 1.3118 s/iter. ETA=1:01:03
[12/10 03:17:54 d2.evaluation.evaluator]: Inference done 1155/3943. Dataloading: 0.0022 s/iter. Inference: 0.0768 s/iter. Eval: 1.2313 s/iter. Total: 1.3105 s/iter. ETA=1:00:53
[12/10 03:17:59 d2.evaluation.evaluator]: Inference done 1160/3943. Dataloading: 0.0022 s/iter. Inference: 0.0769 s/iter. Eval: 1.2300 s/iter. Total: 1.3092 s/iter. ETA=1:00:43
[12/10 03:18:05 d2.evaluation.evaluator]: Inference done 1166/3943. Dataloading: 0.0022 s/iter. Inference: 0.0769 s/iter. Eval: 1.2281 s/iter. Total: 1.3073 s/iter. ETA=1:00:30
[12/10 03:18:11 d2.evaluation.evaluator]: Inference done 1171/3943. Dataloading: 0.0022 s/iter. Inference: 0.0769 s/iter. Eval: 1.2276 s/iter. Total: 1.3068 s/iter. ETA=1:00:22
[12/10 03:18:17 d2.evaluation.evaluator]: Inference done 1176/3943. Dataloading: 0.0022 s/iter. Inference: 0.0769 s/iter. Eval: 1.2268 s/iter. Total: 1.3061 s/iter. ETA=1:00:13
[12/10 03:18:23 d2.evaluation.evaluator]: Inference done 1181/3943. Dataloading: 0.0022 s/iter. Inference: 0.0769 s/iter. Eval: 1.2263 s/iter. Total: 1.3056 s/iter. ETA=1:00:06
[12/10 03:18:30 d2.evaluation.evaluator]: Inference done 1186/3943. Dataloading: 0.0022 s/iter. Inference: 0.0769 s/iter. Eval: 1.2271 s/iter. Total: 1.3064 s/iter. ETA=1:00:01
[12/10 03:18:35 d2.evaluation.evaluator]: Inference done 1191/3943. Dataloading: 0.0022 s/iter. Inference: 0.0770 s/iter. Eval: 1.2260 s/iter. Total: 1.3053 s/iter. ETA=0:59:52
[12/10 03:18:41 d2.evaluation.evaluator]: Inference done 1196/3943. Dataloading: 0.0022 s/iter. Inference: 0.0770 s/iter. Eval: 1.2251 s/iter. Total: 1.3044 s/iter. ETA=0:59:43
[12/10 03:18:47 d2.evaluation.evaluator]: Inference done 1202/3943. Dataloading: 0.0022 s/iter. Inference: 0.0770 s/iter. Eval: 1.2238 s/iter. Total: 1.3031 s/iter. ETA=0:59:31
[12/10 03:18:52 d2.evaluation.evaluator]: Inference done 1207/3943. Dataloading: 0.0022 s/iter. Inference: 0.0770 s/iter. Eval: 1.2226 s/iter. Total: 1.3019 s/iter. ETA=0:59:22
[12/10 03:18:57 d2.evaluation.evaluator]: Inference done 1211/3943. Dataloading: 0.0022 s/iter. Inference: 0.0770 s/iter. Eval: 1.2225 s/iter. Total: 1.3018 s/iter. ETA=0:59:16
[12/10 03:19:03 d2.evaluation.evaluator]: Inference done 1217/3943. Dataloading: 0.0022 s/iter. Inference: 0.0770 s/iter. Eval: 1.2208 s/iter. Total: 1.3001 s/iter. ETA=0:59:04
[12/10 03:19:08 d2.evaluation.evaluator]: Inference done 1222/3943. Dataloading: 0.0022 s/iter. Inference: 0.0770 s/iter. Eval: 1.2199 s/iter. Total: 1.2993 s/iter. ETA=0:58:55
[12/10 03:19:14 d2.evaluation.evaluator]: Inference done 1226/3943. Dataloading: 0.0022 s/iter. Inference: 0.0770 s/iter. Eval: 1.2198 s/iter. Total: 1.2992 s/iter. ETA=0:58:49
[12/10 03:19:19 d2.evaluation.evaluator]: Inference done 1235/3943. Dataloading: 0.0022 s/iter. Inference: 0.0770 s/iter. Eval: 1.2145 s/iter. Total: 1.2939 s/iter. ETA=0:58:23
[12/10 03:19:24 d2.evaluation.evaluator]: Inference done 1238/3943. Dataloading: 0.0022 s/iter. Inference: 0.0771 s/iter. Eval: 1.2154 s/iter. Total: 1.2948 s/iter. ETA=0:58:22
[12/10 03:19:31 d2.evaluation.evaluator]: Inference done 1246/3943. Dataloading: 0.0022 s/iter. Inference: 0.0771 s/iter. Eval: 1.2129 s/iter. Total: 1.2923 s/iter. ETA=0:58:05
[12/10 03:19:36 d2.evaluation.evaluator]: Inference done 1252/3943. Dataloading: 0.0022 s/iter. Inference: 0.0771 s/iter. Eval: 1.2109 s/iter. Total: 1.2903 s/iter. ETA=0:57:52
[12/10 03:19:41 d2.evaluation.evaluator]: Inference done 1257/3943. Dataloading: 0.0022 s/iter. Inference: 0.0771 s/iter. Eval: 1.2098 s/iter. Total: 1.2892 s/iter. ETA=0:57:42
[12/10 03:19:47 d2.evaluation.evaluator]: Inference done 1262/3943. Dataloading: 0.0022 s/iter. Inference: 0.0771 s/iter. Eval: 1.2092 s/iter. Total: 1.2887 s/iter. ETA=0:57:34
[12/10 03:19:52 d2.evaluation.evaluator]: Inference done 1266/3943. Dataloading: 0.0022 s/iter. Inference: 0.0771 s/iter. Eval: 1.2092 s/iter. Total: 1.2887 s/iter. ETA=0:57:29
[12/10 03:19:58 d2.evaluation.evaluator]: Inference done 1271/3943. Dataloading: 0.0022 s/iter. Inference: 0.0771 s/iter. Eval: 1.2086 s/iter. Total: 1.2880 s/iter. ETA=0:57:21
[12/10 03:20:04 d2.evaluation.evaluator]: Inference done 1277/3943. Dataloading: 0.0022 s/iter. Inference: 0.0772 s/iter. Eval: 1.2069 s/iter. Total: 1.2864 s/iter. ETA=0:57:09
[12/10 03:20:09 d2.evaluation.evaluator]: Inference done 1283/3943. Dataloading: 0.0022 s/iter. Inference: 0.0772 s/iter. Eval: 1.2049 s/iter. Total: 1.2844 s/iter. ETA=0:56:56
[12/10 03:20:14 d2.evaluation.evaluator]: Inference done 1290/3943. Dataloading: 0.0022 s/iter. Inference: 0.0772 s/iter. Eval: 1.2018 s/iter. Total: 1.2813 s/iter. ETA=0:56:39
[12/10 03:20:20 d2.evaluation.evaluator]: Inference done 1297/3943. Dataloading: 0.0022 s/iter. Inference: 0.0772 s/iter. Eval: 1.1996 s/iter. Total: 1.2791 s/iter. ETA=0:56:24
[12/10 03:20:26 d2.evaluation.evaluator]: Inference done 1304/3943. Dataloading: 0.0022 s/iter. Inference: 0.0772 s/iter. Eval: 1.1972 s/iter. Total: 1.2767 s/iter. ETA=0:56:09
[12/10 03:20:31 d2.evaluation.evaluator]: Inference done 1308/3943. Dataloading: 0.0022 s/iter. Inference: 0.0772 s/iter. Eval: 1.1976 s/iter. Total: 1.2772 s/iter. ETA=0:56:05
[12/10 03:20:36 d2.evaluation.evaluator]: Inference done 1313/3943. Dataloading: 0.0022 s/iter. Inference: 0.0772 s/iter. Eval: 1.1966 s/iter. Total: 1.2761 s/iter. ETA=0:55:56
[12/10 03:20:42 d2.evaluation.evaluator]: Inference done 1320/3943. Dataloading: 0.0022 s/iter. Inference: 0.0772 s/iter. Eval: 1.1939 s/iter. Total: 1.2734 s/iter. ETA=0:55:40
[12/10 03:20:48 d2.evaluation.evaluator]: Inference done 1325/3943. Dataloading: 0.0022 s/iter. Inference: 0.0772 s/iter. Eval: 1.1936 s/iter. Total: 1.2732 s/iter. ETA=0:55:33
[12/10 03:20:53 d2.evaluation.evaluator]: Inference done 1328/3943. Dataloading: 0.0022 s/iter. Inference: 0.0772 s/iter. Eval: 1.1948 s/iter. Total: 1.2743 s/iter. ETA=0:55:32
[12/10 03:20:58 d2.evaluation.evaluator]: Inference done 1334/3943. Dataloading: 0.0022 s/iter. Inference: 0.0772 s/iter. Eval: 1.1929 s/iter. Total: 1.2725 s/iter. ETA=0:55:19
[12/10 03:21:04 d2.evaluation.evaluator]: Inference done 1341/3943. Dataloading: 0.0022 s/iter. Inference: 0.0772 s/iter. Eval: 1.1907 s/iter. Total: 1.2703 s/iter. ETA=0:55:05
[12/10 03:21:11 d2.evaluation.evaluator]: Inference done 1346/3943. Dataloading: 0.0022 s/iter. Inference: 0.0773 s/iter. Eval: 1.1907 s/iter. Total: 1.2703 s/iter. ETA=0:54:59
[12/10 03:21:17 d2.evaluation.evaluator]: Inference done 1354/3943. Dataloading: 0.0022 s/iter. Inference: 0.0773 s/iter. Eval: 1.1880 s/iter. Total: 1.2676 s/iter. ETA=0:54:41
[12/10 03:21:24 d2.evaluation.evaluator]: Inference done 1360/3943. Dataloading: 0.0022 s/iter. Inference: 0.0773 s/iter. Eval: 1.1872 s/iter. Total: 1.2668 s/iter. ETA=0:54:32
[12/10 03:21:29 d2.evaluation.evaluator]: Inference done 1365/3943. Dataloading: 0.0022 s/iter. Inference: 0.0773 s/iter. Eval: 1.1864 s/iter. Total: 1.2660 s/iter. ETA=0:54:23
[12/10 03:21:34 d2.evaluation.evaluator]: Inference done 1369/3943. Dataloading: 0.0022 s/iter. Inference: 0.0773 s/iter. Eval: 1.1866 s/iter. Total: 1.2662 s/iter. ETA=0:54:19
[12/10 03:21:39 d2.evaluation.evaluator]: Inference done 1374/3943. Dataloading: 0.0022 s/iter. Inference: 0.0773 s/iter. Eval: 1.1857 s/iter. Total: 1.2653 s/iter. ETA=0:54:10
[12/10 03:21:45 d2.evaluation.evaluator]: Inference done 1378/3943. Dataloading: 0.0022 s/iter. Inference: 0.0773 s/iter. Eval: 1.1858 s/iter. Total: 1.2654 s/iter. ETA=0:54:05
[12/10 03:21:51 d2.evaluation.evaluator]: Inference done 1383/3943. Dataloading: 0.0022 s/iter. Inference: 0.0773 s/iter. Eval: 1.1857 s/iter. Total: 1.2654 s/iter. ETA=0:53:59
[12/10 03:21:58 d2.evaluation.evaluator]: Inference done 1387/3943. Dataloading: 0.0022 s/iter. Inference: 0.0774 s/iter. Eval: 1.1871 s/iter. Total: 1.2667 s/iter. ETA=0:53:57
[12/10 03:22:04 d2.evaluation.evaluator]: Inference done 1392/3943. Dataloading: 0.0022 s/iter. Inference: 0.0774 s/iter. Eval: 1.1866 s/iter. Total: 1.2662 s/iter. ETA=0:53:50
[12/10 03:22:09 d2.evaluation.evaluator]: Inference done 1396/3943. Dataloading: 0.0022 s/iter. Inference: 0.0774 s/iter. Eval: 1.1865 s/iter. Total: 1.2662 s/iter. ETA=0:53:45
[12/10 03:22:14 d2.evaluation.evaluator]: Inference done 1400/3943. Dataloading: 0.0022 s/iter. Inference: 0.0774 s/iter. Eval: 1.1870 s/iter. Total: 1.2667 s/iter. ETA=0:53:41
[12/10 03:22:20 d2.evaluation.evaluator]: Inference done 1404/3943. Dataloading: 0.0022 s/iter. Inference: 0.0774 s/iter. Eval: 1.1874 s/iter. Total: 1.2671 s/iter. ETA=0:53:37
[12/10 03:22:25 d2.evaluation.evaluator]: Inference done 1408/3943. Dataloading: 0.0022 s/iter. Inference: 0.0774 s/iter. Eval: 1.1876 s/iter. Total: 1.2672 s/iter. ETA=0:53:32
[12/10 03:22:32 d2.evaluation.evaluator]: Inference done 1413/3943. Dataloading: 0.0022 s/iter. Inference: 0.0774 s/iter. Eval: 1.1881 s/iter. Total: 1.2677 s/iter. ETA=0:53:27
[12/10 03:22:38 d2.evaluation.evaluator]: Inference done 1419/3943. Dataloading: 0.0022 s/iter. Inference: 0.0774 s/iter. Eval: 1.1865 s/iter. Total: 1.2661 s/iter. ETA=0:53:15
[12/10 03:22:43 d2.evaluation.evaluator]: Inference done 1423/3943. Dataloading: 0.0022 s/iter. Inference: 0.0774 s/iter. Eval: 1.1868 s/iter. Total: 1.2664 s/iter. ETA=0:53:11
[12/10 03:22:50 d2.evaluation.evaluator]: Inference done 1428/3943. Dataloading: 0.0022 s/iter. Inference: 0.0774 s/iter. Eval: 1.1874 s/iter. Total: 1.2671 s/iter. ETA=0:53:06
[12/10 03:22:56 d2.evaluation.evaluator]: Inference done 1432/3943. Dataloading: 0.0022 s/iter. Inference: 0.0774 s/iter. Eval: 1.1881 s/iter. Total: 1.2678 s/iter. ETA=0:53:03
[12/10 03:23:02 d2.evaluation.evaluator]: Inference done 1437/3943. Dataloading: 0.0022 s/iter. Inference: 0.0774 s/iter. Eval: 1.1875 s/iter. Total: 1.2672 s/iter. ETA=0:52:55
[12/10 03:23:08 d2.evaluation.evaluator]: Inference done 1441/3943. Dataloading: 0.0022 s/iter. Inference: 0.0774 s/iter. Eval: 1.1881 s/iter. Total: 1.2678 s/iter. ETA=0:52:52
[12/10 03:23:13 d2.evaluation.evaluator]: Inference done 1446/3943. Dataloading: 0.0022 s/iter. Inference: 0.0774 s/iter. Eval: 1.1873 s/iter. Total: 1.2670 s/iter. ETA=0:52:43
[12/10 03:23:18 d2.evaluation.evaluator]: Inference done 1453/3943. Dataloading: 0.0022 s/iter. Inference: 0.0774 s/iter. Eval: 1.1849 s/iter. Total: 1.2646 s/iter. ETA=0:52:28
[12/10 03:23:24 d2.evaluation.evaluator]: Inference done 1458/3943. Dataloading: 0.0022 s/iter. Inference: 0.0774 s/iter. Eval: 1.1846 s/iter. Total: 1.2644 s/iter. ETA=0:52:22
[12/10 03:23:30 d2.evaluation.evaluator]: Inference done 1461/3943. Dataloading: 0.0022 s/iter. Inference: 0.0775 s/iter. Eval: 1.1857 s/iter. Total: 1.2655 s/iter. ETA=0:52:20
[12/10 03:23:35 d2.evaluation.evaluator]: Inference done 1466/3943. Dataloading: 0.0022 s/iter. Inference: 0.0774 s/iter. Eval: 1.1852 s/iter. Total: 1.2649 s/iter. ETA=0:52:13
[12/10 03:23:42 d2.evaluation.evaluator]: Inference done 1472/3943. Dataloading: 0.0022 s/iter. Inference: 0.0774 s/iter. Eval: 1.1843 s/iter. Total: 1.2641 s/iter. ETA=0:52:03
[12/10 03:23:47 d2.evaluation.evaluator]: Inference done 1476/3943. Dataloading: 0.0022 s/iter. Inference: 0.0774 s/iter. Eval: 1.1849 s/iter. Total: 1.2646 s/iter. ETA=0:51:59
[12/10 03:23:53 d2.evaluation.evaluator]: Inference done 1480/3943. Dataloading: 0.0022 s/iter. Inference: 0.0774 s/iter. Eval: 1.1850 s/iter. Total: 1.2648 s/iter. ETA=0:51:55
[12/10 03:24:00 d2.evaluation.evaluator]: Inference done 1487/3943. Dataloading: 0.0022 s/iter. Inference: 0.0774 s/iter. Eval: 1.1836 s/iter. Total: 1.2633 s/iter. ETA=0:51:42
[12/10 03:24:05 d2.evaluation.evaluator]: Inference done 1490/3943. Dataloading: 0.0022 s/iter. Inference: 0.0774 s/iter. Eval: 1.1847 s/iter. Total: 1.2644 s/iter. ETA=0:51:41
[12/10 03:24:10 d2.evaluation.evaluator]: Inference done 1494/3943. Dataloading: 0.0022 s/iter. Inference: 0.0775 s/iter. Eval: 1.1850 s/iter. Total: 1.2647 s/iter. ETA=0:51:37
[12/10 03:24:18 d2.evaluation.evaluator]: Inference done 1499/3943. Dataloading: 0.0022 s/iter. Inference: 0.0775 s/iter. Eval: 1.1857 s/iter. Total: 1.2655 s/iter. ETA=0:51:32
[12/10 03:24:23 d2.evaluation.evaluator]: Inference done 1505/3943. Dataloading: 0.0022 s/iter. Inference: 0.0775 s/iter. Eval: 1.1840 s/iter. Total: 1.2638 s/iter. ETA=0:51:21
[12/10 03:24:28 d2.evaluation.evaluator]: Inference done 1509/3943. Dataloading: 0.0022 s/iter. Inference: 0.0775 s/iter. Eval: 1.1841 s/iter. Total: 1.2639 s/iter. ETA=0:51:16
[12/10 03:24:34 d2.evaluation.evaluator]: Inference done 1513/3943. Dataloading: 0.0022 s/iter. Inference: 0.0775 s/iter. Eval: 1.1846 s/iter. Total: 1.2644 s/iter. ETA=0:51:12
[12/10 03:24:39 d2.evaluation.evaluator]: Inference done 1519/3943. Dataloading: 0.0022 s/iter. Inference: 0.0775 s/iter. Eval: 1.1831 s/iter. Total: 1.2629 s/iter. ETA=0:51:01
[12/10 03:24:45 d2.evaluation.evaluator]: Inference done 1524/3943. Dataloading: 0.0022 s/iter. Inference: 0.0775 s/iter. Eval: 1.1826 s/iter. Total: 1.2624 s/iter. ETA=0:50:53
[12/10 03:24:51 d2.evaluation.evaluator]: Inference done 1530/3943. Dataloading: 0.0022 s/iter. Inference: 0.0775 s/iter. Eval: 1.1816 s/iter. Total: 1.2614 s/iter. ETA=0:50:43
[12/10 03:24:56 d2.evaluation.evaluator]: Inference done 1537/3943. Dataloading: 0.0022 s/iter. Inference: 0.0775 s/iter. Eval: 1.1795 s/iter. Total: 1.2593 s/iter. ETA=0:50:29
[12/10 03:25:04 d2.evaluation.evaluator]: Inference done 1542/3943. Dataloading: 0.0022 s/iter. Inference: 0.0775 s/iter. Eval: 1.1800 s/iter. Total: 1.2598 s/iter. ETA=0:50:24
[12/10 03:25:09 d2.evaluation.evaluator]: Inference done 1547/3943. Dataloading: 0.0022 s/iter. Inference: 0.0775 s/iter. Eval: 1.1794 s/iter. Total: 1.2592 s/iter. ETA=0:50:17
[12/10 03:25:14 d2.evaluation.evaluator]: Inference done 1552/3943. Dataloading: 0.0022 s/iter. Inference: 0.0775 s/iter. Eval: 1.1787 s/iter. Total: 1.2585 s/iter. ETA=0:50:09
[12/10 03:25:19 d2.evaluation.evaluator]: Inference done 1556/3943. Dataloading: 0.0022 s/iter. Inference: 0.0776 s/iter. Eval: 1.1788 s/iter. Total: 1.2587 s/iter. ETA=0:50:04
[12/10 03:25:25 d2.evaluation.evaluator]: Inference done 1561/3943. Dataloading: 0.0022 s/iter. Inference: 0.0775 s/iter. Eval: 1.1783 s/iter. Total: 1.2581 s/iter. ETA=0:49:56
[12/10 03:25:31 d2.evaluation.evaluator]: Inference done 1567/3943. Dataloading: 0.0022 s/iter. Inference: 0.0775 s/iter. Eval: 1.1774 s/iter. Total: 1.2572 s/iter. ETA=0:49:47
[12/10 03:25:36 d2.evaluation.evaluator]: Inference done 1570/3943. Dataloading: 0.0022 s/iter. Inference: 0.0775 s/iter. Eval: 1.1784 s/iter. Total: 1.2583 s/iter. ETA=0:49:45
[12/10 03:25:42 d2.evaluation.evaluator]: Inference done 1574/3943. Dataloading: 0.0022 s/iter. Inference: 0.0775 s/iter. Eval: 1.1785 s/iter. Total: 1.2583 s/iter. ETA=0:49:40
[12/10 03:25:47 d2.evaluation.evaluator]: Inference done 1578/3943. Dataloading: 0.0022 s/iter. Inference: 0.0775 s/iter. Eval: 1.1787 s/iter. Total: 1.2586 s/iter. ETA=0:49:36
[12/10 03:25:52 d2.evaluation.evaluator]: Inference done 1583/3943. Dataloading: 0.0022 s/iter. Inference: 0.0775 s/iter. Eval: 1.1781 s/iter. Total: 1.2580 s/iter. ETA=0:49:28
[12/10 03:25:58 d2.evaluation.evaluator]: Inference done 1589/3943. Dataloading: 0.0022 s/iter. Inference: 0.0776 s/iter. Eval: 1.1771 s/iter. Total: 1.2569 s/iter. ETA=0:49:18
[12/10 03:26:04 d2.evaluation.evaluator]: Inference done 1592/3943. Dataloading: 0.0022 s/iter. Inference: 0.0776 s/iter. Eval: 1.1785 s/iter. Total: 1.2583 s/iter. ETA=0:49:18
[12/10 03:26:10 d2.evaluation.evaluator]: Inference done 1595/3943. Dataloading: 0.0022 s/iter. Inference: 0.0776 s/iter. Eval: 1.1794 s/iter. Total: 1.2593 s/iter. ETA=0:49:16
[12/10 03:26:15 d2.evaluation.evaluator]: Inference done 1599/3943. Dataloading: 0.0022 s/iter. Inference: 0.0776 s/iter. Eval: 1.1796 s/iter. Total: 1.2594 s/iter. ETA=0:49:12
[12/10 03:26:22 d2.evaluation.evaluator]: Inference done 1604/3943. Dataloading: 0.0022 s/iter. Inference: 0.0776 s/iter. Eval: 1.1803 s/iter. Total: 1.2601 s/iter. ETA=0:49:07
[12/10 03:26:29 d2.evaluation.evaluator]: Inference done 1610/3943. Dataloading: 0.0022 s/iter. Inference: 0.0776 s/iter. Eval: 1.1800 s/iter. Total: 1.2598 s/iter. ETA=0:48:59
[12/10 03:26:36 d2.evaluation.evaluator]: Inference done 1617/3943. Dataloading: 0.0022 s/iter. Inference: 0.0776 s/iter. Eval: 1.1786 s/iter. Total: 1.2585 s/iter. ETA=0:48:47
[12/10 03:26:42 d2.evaluation.evaluator]: Inference done 1622/3943. Dataloading: 0.0022 s/iter. Inference: 0.0776 s/iter. Eval: 1.1785 s/iter. Total: 1.2584 s/iter. ETA=0:48:40
[12/10 03:26:48 d2.evaluation.evaluator]: Inference done 1625/3943. Dataloading: 0.0022 s/iter. Inference: 0.0776 s/iter. Eval: 1.1797 s/iter. Total: 1.2596 s/iter. ETA=0:48:39
[12/10 03:26:53 d2.evaluation.evaluator]: Inference done 1630/3943. Dataloading: 0.0022 s/iter. Inference: 0.0776 s/iter. Eval: 1.1792 s/iter. Total: 1.2592 s/iter. ETA=0:48:32
[12/10 03:26:59 d2.evaluation.evaluator]: Inference done 1634/3943. Dataloading: 0.0022 s/iter. Inference: 0.0776 s/iter. Eval: 1.1797 s/iter. Total: 1.2596 s/iter. ETA=0:48:28
[12/10 03:27:05 d2.evaluation.evaluator]: Inference done 1641/3943. Dataloading: 0.0022 s/iter. Inference: 0.0776 s/iter. Eval: 1.1777 s/iter. Total: 1.2576 s/iter. ETA=0:48:15
[12/10 03:27:10 d2.evaluation.evaluator]: Inference done 1646/3943. Dataloading: 0.0022 s/iter. Inference: 0.0776 s/iter. Eval: 1.1771 s/iter. Total: 1.2570 s/iter. ETA=0:48:07
[12/10 03:27:15 d2.evaluation.evaluator]: Inference done 1652/3943. Dataloading: 0.0022 s/iter. Inference: 0.0776 s/iter. Eval: 1.1758 s/iter. Total: 1.2557 s/iter. ETA=0:47:56
[12/10 03:27:21 d2.evaluation.evaluator]: Inference done 1656/3943. Dataloading: 0.0022 s/iter. Inference: 0.0776 s/iter. Eval: 1.1764 s/iter. Total: 1.2563 s/iter. ETA=0:47:53
[12/10 03:27:28 d2.evaluation.evaluator]: Inference done 1660/3943. Dataloading: 0.0022 s/iter. Inference: 0.0776 s/iter. Eval: 1.1774 s/iter. Total: 1.2574 s/iter. ETA=0:47:50
[12/10 03:27:34 d2.evaluation.evaluator]: Inference done 1666/3943. Dataloading: 0.0022 s/iter. Inference: 0.0776 s/iter. Eval: 1.1762 s/iter. Total: 1.2562 s/iter. ETA=0:47:40
[12/10 03:27:39 d2.evaluation.evaluator]: Inference done 1670/3943. Dataloading: 0.0022 s/iter. Inference: 0.0776 s/iter. Eval: 1.1765 s/iter. Total: 1.2565 s/iter. ETA=0:47:35
[12/10 03:27:45 d2.evaluation.evaluator]: Inference done 1678/3943. Dataloading: 0.0022 s/iter. Inference: 0.0776 s/iter. Eval: 1.1740 s/iter. Total: 1.2540 s/iter. ETA=0:47:20
[12/10 03:27:50 d2.evaluation.evaluator]: Inference done 1682/3943. Dataloading: 0.0022 s/iter. Inference: 0.0776 s/iter. Eval: 1.1742 s/iter. Total: 1.2542 s/iter. ETA=0:47:15
[12/10 03:27:56 d2.evaluation.evaluator]: Inference done 1688/3943. Dataloading: 0.0022 s/iter. Inference: 0.0777 s/iter. Eval: 1.1728 s/iter. Total: 1.2528 s/iter. ETA=0:47:05
[12/10 03:28:02 d2.evaluation.evaluator]: Inference done 1693/3943. Dataloading: 0.0022 s/iter. Inference: 0.0777 s/iter. Eval: 1.1726 s/iter. Total: 1.2526 s/iter. ETA=0:46:58
[12/10 03:28:07 d2.evaluation.evaluator]: Inference done 1697/3943. Dataloading: 0.0022 s/iter. Inference: 0.0777 s/iter. Eval: 1.1727 s/iter. Total: 1.2527 s/iter. ETA=0:46:53
[12/10 03:28:12 d2.evaluation.evaluator]: Inference done 1701/3943. Dataloading: 0.0022 s/iter. Inference: 0.0777 s/iter. Eval: 1.1728 s/iter. Total: 1.2528 s/iter. ETA=0:46:48
[12/10 03:28:20 d2.evaluation.evaluator]: Inference done 1706/3943. Dataloading: 0.0022 s/iter. Inference: 0.0777 s/iter. Eval: 1.1737 s/iter. Total: 1.2538 s/iter. ETA=0:46:44
[12/10 03:28:25 d2.evaluation.evaluator]: Inference done 1714/3943. Dataloading: 0.0022 s/iter. Inference: 0.0777 s/iter. Eval: 1.1711 s/iter. Total: 1.2511 s/iter. ETA=0:46:28
[12/10 03:28:31 d2.evaluation.evaluator]: Inference done 1720/3943. Dataloading: 0.0022 s/iter. Inference: 0.0777 s/iter. Eval: 1.1699 s/iter. Total: 1.2499 s/iter. ETA=0:46:18
[12/10 03:28:36 d2.evaluation.evaluator]: Inference done 1728/3943. Dataloading: 0.0022 s/iter. Inference: 0.0777 s/iter. Eval: 1.1672 s/iter. Total: 1.2473 s/iter. ETA=0:46:02
[12/10 03:28:42 d2.evaluation.evaluator]: Inference done 1733/3943. Dataloading: 0.0022 s/iter. Inference: 0.0777 s/iter. Eval: 1.1668 s/iter. Total: 1.2469 s/iter. ETA=0:45:55
[12/10 03:28:48 d2.evaluation.evaluator]: Inference done 1740/3943. Dataloading: 0.0022 s/iter. Inference: 0.0777 s/iter. Eval: 1.1655 s/iter. Total: 1.2456 s/iter. ETA=0:45:43
[12/10 03:28:54 d2.evaluation.evaluator]: Inference done 1746/3943. Dataloading: 0.0022 s/iter. Inference: 0.0777 s/iter. Eval: 1.1647 s/iter. Total: 1.2448 s/iter. ETA=0:45:34
[12/10 03:29:01 d2.evaluation.evaluator]: Inference done 1752/3943. Dataloading: 0.0022 s/iter. Inference: 0.0777 s/iter. Eval: 1.1640 s/iter. Total: 1.2440 s/iter. ETA=0:45:25
[12/10 03:29:06 d2.evaluation.evaluator]: Inference done 1757/3943. Dataloading: 0.0022 s/iter. Inference: 0.0777 s/iter. Eval: 1.1635 s/iter. Total: 1.2436 s/iter. ETA=0:45:18
[12/10 03:29:12 d2.evaluation.evaluator]: Inference done 1763/3943. Dataloading: 0.0022 s/iter. Inference: 0.0778 s/iter. Eval: 1.1627 s/iter. Total: 1.2427 s/iter. ETA=0:45:09
[12/10 03:29:17 d2.evaluation.evaluator]: Inference done 1769/3943. Dataloading: 0.0022 s/iter. Inference: 0.0778 s/iter. Eval: 1.1613 s/iter. Total: 1.2414 s/iter. ETA=0:44:58
[12/10 03:29:23 d2.evaluation.evaluator]: Inference done 1776/3943. Dataloading: 0.0022 s/iter. Inference: 0.0778 s/iter. Eval: 1.1596 s/iter. Total: 1.2397 s/iter. ETA=0:44:46
[12/10 03:29:29 d2.evaluation.evaluator]: Inference done 1781/3943. Dataloading: 0.0022 s/iter. Inference: 0.0778 s/iter. Eval: 1.1599 s/iter. Total: 1.2400 s/iter. ETA=0:44:40
[12/10 03:29:35 d2.evaluation.evaluator]: Inference done 1786/3943. Dataloading: 0.0022 s/iter. Inference: 0.0778 s/iter. Eval: 1.1595 s/iter. Total: 1.2396 s/iter. ETA=0:44:33
[12/10 03:29:41 d2.evaluation.evaluator]: Inference done 1792/3943. Dataloading: 0.0022 s/iter. Inference: 0.0778 s/iter. Eval: 1.1587 s/iter. Total: 1.2387 s/iter. ETA=0:44:24
[12/10 03:29:46 d2.evaluation.evaluator]: Inference done 1796/3943. Dataloading: 0.0022 s/iter. Inference: 0.0778 s/iter. Eval: 1.1588 s/iter. Total: 1.2389 s/iter. ETA=0:44:19
[12/10 03:29:51 d2.evaluation.evaluator]: Inference done 1801/3943. Dataloading: 0.0022 s/iter. Inference: 0.0778 s/iter. Eval: 1.1582 s/iter. Total: 1.2383 s/iter. ETA=0:44:12
[12/10 03:29:57 d2.evaluation.evaluator]: Inference done 1806/3943. Dataloading: 0.0022 s/iter. Inference: 0.0778 s/iter. Eval: 1.1582 s/iter. Total: 1.2383 s/iter. ETA=0:44:06
[12/10 03:30:03 d2.evaluation.evaluator]: Inference done 1812/3943. Dataloading: 0.0022 s/iter. Inference: 0.0778 s/iter. Eval: 1.1573 s/iter. Total: 1.2374 s/iter. ETA=0:43:56
[12/10 03:30:08 d2.evaluation.evaluator]: Inference done 1816/3943. Dataloading: 0.0022 s/iter. Inference: 0.0778 s/iter. Eval: 1.1575 s/iter. Total: 1.2375 s/iter. ETA=0:43:52
[12/10 03:30:14 d2.evaluation.evaluator]: Inference done 1821/3943. Dataloading: 0.0022 s/iter. Inference: 0.0778 s/iter. Eval: 1.1570 s/iter. Total: 1.2371 s/iter. ETA=0:43:45
[12/10 03:30:19 d2.evaluation.evaluator]: Inference done 1827/3943. Dataloading: 0.0022 s/iter. Inference: 0.0778 s/iter. Eval: 1.1558 s/iter. Total: 1.2359 s/iter. ETA=0:43:35
[12/10 03:30:24 d2.evaluation.evaluator]: Inference done 1832/3943. Dataloading: 0.0022 s/iter. Inference: 0.0778 s/iter. Eval: 1.1552 s/iter. Total: 1.2353 s/iter. ETA=0:43:27
[12/10 03:30:31 d2.evaluation.evaluator]: Inference done 1837/3943. Dataloading: 0.0022 s/iter. Inference: 0.0778 s/iter. Eval: 1.1553 s/iter. Total: 1.2354 s/iter. ETA=0:43:21
[12/10 03:30:37 d2.evaluation.evaluator]: Inference done 1842/3943. Dataloading: 0.0022 s/iter. Inference: 0.0778 s/iter. Eval: 1.1555 s/iter. Total: 1.2357 s/iter. ETA=0:43:16
[12/10 03:30:43 d2.evaluation.evaluator]: Inference done 1848/3943. Dataloading: 0.0022 s/iter. Inference: 0.0778 s/iter. Eval: 1.1545 s/iter. Total: 1.2346 s/iter. ETA=0:43:06
[12/10 03:30:48 d2.evaluation.evaluator]: Inference done 1854/3943. Dataloading: 0.0022 s/iter. Inference: 0.0778 s/iter. Eval: 1.1533 s/iter. Total: 1.2334 s/iter. ETA=0:42:56
[12/10 03:30:54 d2.evaluation.evaluator]: Inference done 1859/3943. Dataloading: 0.0022 s/iter. Inference: 0.0778 s/iter. Eval: 1.1531 s/iter. Total: 1.2332 s/iter. ETA=0:42:49
[12/10 03:30:59 d2.evaluation.evaluator]: Inference done 1864/3943. Dataloading: 0.0022 s/iter. Inference: 0.0778 s/iter. Eval: 1.1526 s/iter. Total: 1.2327 s/iter. ETA=0:42:42
[12/10 03:31:04 d2.evaluation.evaluator]: Inference done 1867/3943. Dataloading: 0.0022 s/iter. Inference: 0.0778 s/iter. Eval: 1.1534 s/iter. Total: 1.2335 s/iter. ETA=0:42:40
[12/10 03:31:10 d2.evaluation.evaluator]: Inference done 1873/3943. Dataloading: 0.0022 s/iter. Inference: 0.0778 s/iter. Eval: 1.1524 s/iter. Total: 1.2325 s/iter. ETA=0:42:31
[12/10 03:31:16 d2.evaluation.evaluator]: Inference done 1879/3943. Dataloading: 0.0022 s/iter. Inference: 0.0778 s/iter. Eval: 1.1516 s/iter. Total: 1.2317 s/iter. ETA=0:42:22
[12/10 03:31:21 d2.evaluation.evaluator]: Inference done 1884/3943. Dataloading: 0.0022 s/iter. Inference: 0.0778 s/iter. Eval: 1.1512 s/iter. Total: 1.2313 s/iter. ETA=0:42:15
[12/10 03:31:26 d2.evaluation.evaluator]: Inference done 1890/3943. Dataloading: 0.0022 s/iter. Inference: 0.0778 s/iter. Eval: 1.1501 s/iter. Total: 1.2303 s/iter. ETA=0:42:05
[12/10 03:31:32 d2.evaluation.evaluator]: Inference done 1894/3943. Dataloading: 0.0022 s/iter. Inference: 0.0778 s/iter. Eval: 1.1503 s/iter. Total: 1.2305 s/iter. ETA=0:42:01
[12/10 03:31:37 d2.evaluation.evaluator]: Inference done 1900/3943. Dataloading: 0.0022 s/iter. Inference: 0.0778 s/iter. Eval: 1.1494 s/iter. Total: 1.2295 s/iter. ETA=0:41:51
[12/10 03:31:43 d2.evaluation.evaluator]: Inference done 1907/3943. Dataloading: 0.0022 s/iter. Inference: 0.0778 s/iter. Eval: 1.1479 s/iter. Total: 1.2281 s/iter. ETA=0:41:40
[12/10 03:31:48 d2.evaluation.evaluator]: Inference done 1911/3943. Dataloading: 0.0022 s/iter. Inference: 0.0778 s/iter. Eval: 1.1480 s/iter. Total: 1.2282 s/iter. ETA=0:41:35
[12/10 03:31:54 d2.evaluation.evaluator]: Inference done 1917/3943. Dataloading: 0.0022 s/iter. Inference: 0.0778 s/iter. Eval: 1.1475 s/iter. Total: 1.2276 s/iter. ETA=0:41:27
[12/10 03:32:00 d2.evaluation.evaluator]: Inference done 1922/3943. Dataloading: 0.0022 s/iter. Inference: 0.0778 s/iter. Eval: 1.1473 s/iter. Total: 1.2275 s/iter. ETA=0:41:20
[12/10 03:32:06 d2.evaluation.evaluator]: Inference done 1925/3943. Dataloading: 0.0022 s/iter. Inference: 0.0779 s/iter. Eval: 1.1483 s/iter. Total: 1.2284 s/iter. ETA=0:41:18
[12/10 03:32:11 d2.evaluation.evaluator]: Inference done 1931/3943. Dataloading: 0.0022 s/iter. Inference: 0.0779 s/iter. Eval: 1.1472 s/iter. Total: 1.2273 s/iter. ETA=0:41:09
[12/10 03:32:17 d2.evaluation.evaluator]: Inference done 1937/3943. Dataloading: 0.0022 s/iter. Inference: 0.0779 s/iter. Eval: 1.1463 s/iter. Total: 1.2265 s/iter. ETA=0:41:00
[12/10 03:32:22 d2.evaluation.evaluator]: Inference done 1942/3943. Dataloading: 0.0022 s/iter. Inference: 0.0779 s/iter. Eval: 1.1457 s/iter. Total: 1.2259 s/iter. ETA=0:40:53
[12/10 03:32:29 d2.evaluation.evaluator]: Inference done 1946/3943. Dataloading: 0.0022 s/iter. Inference: 0.0779 s/iter. Eval: 1.1468 s/iter. Total: 1.2270 s/iter. ETA=0:40:50
[12/10 03:32:34 d2.evaluation.evaluator]: Inference done 1951/3943. Dataloading: 0.0022 s/iter. Inference: 0.0779 s/iter. Eval: 1.1464 s/iter. Total: 1.2266 s/iter. ETA=0:40:43
[12/10 03:32:40 d2.evaluation.evaluator]: Inference done 1956/3943. Dataloading: 0.0022 s/iter. Inference: 0.0779 s/iter. Eval: 1.1462 s/iter. Total: 1.2264 s/iter. ETA=0:40:36
[12/10 03:32:45 d2.evaluation.evaluator]: Inference done 1961/3943. Dataloading: 0.0022 s/iter. Inference: 0.0779 s/iter. Eval: 1.1456 s/iter. Total: 1.2258 s/iter. ETA=0:40:29
[12/10 03:32:50 d2.evaluation.evaluator]: Inference done 1967/3943. Dataloading: 0.0022 s/iter. Inference: 0.0779 s/iter. Eval: 1.1445 s/iter. Total: 1.2247 s/iter. ETA=0:40:20
[12/10 03:32:56 d2.evaluation.evaluator]: Inference done 1974/3943. Dataloading: 0.0022 s/iter. Inference: 0.0779 s/iter. Eval: 1.1430 s/iter. Total: 1.2232 s/iter. ETA=0:40:08
[12/10 03:33:01 d2.evaluation.evaluator]: Inference done 1980/3943. Dataloading: 0.0022 s/iter. Inference: 0.0779 s/iter. Eval: 1.1422 s/iter. Total: 1.2224 s/iter. ETA=0:39:59
[12/10 03:33:07 d2.evaluation.evaluator]: Inference done 1985/3943. Dataloading: 0.0022 s/iter. Inference: 0.0779 s/iter. Eval: 1.1421 s/iter. Total: 1.2223 s/iter. ETA=0:39:53
[12/10 03:33:13 d2.evaluation.evaluator]: Inference done 1990/3943. Dataloading: 0.0022 s/iter. Inference: 0.0779 s/iter. Eval: 1.1417 s/iter. Total: 1.2219 s/iter. ETA=0:39:46
[12/10 03:33:19 d2.evaluation.evaluator]: Inference done 1995/3943. Dataloading: 0.0022 s/iter. Inference: 0.0779 s/iter. Eval: 1.1415 s/iter. Total: 1.2217 s/iter. ETA=0:39:39
[12/10 03:33:26 d2.evaluation.evaluator]: Inference done 1999/3943. Dataloading: 0.0022 s/iter. Inference: 0.0779 s/iter. Eval: 1.1426 s/iter. Total: 1.2228 s/iter. ETA=0:39:37
[12/10 03:33:31 d2.evaluation.evaluator]: Inference done 2004/3943. Dataloading: 0.0022 s/iter. Inference: 0.0779 s/iter. Eval: 1.1420 s/iter. Total: 1.2223 s/iter. ETA=0:39:29
[12/10 03:33:37 d2.evaluation.evaluator]: Inference done 2009/3943. Dataloading: 0.0022 s/iter. Inference: 0.0779 s/iter. Eval: 1.1424 s/iter. Total: 1.2226 s/iter. ETA=0:39:24
[12/10 03:33:43 d2.evaluation.evaluator]: Inference done 2013/3943. Dataloading: 0.0022 s/iter. Inference: 0.0780 s/iter. Eval: 1.1426 s/iter. Total: 1.2230 s/iter. ETA=0:39:20
[12/10 03:33:50 d2.evaluation.evaluator]: Inference done 2021/3943. Dataloading: 0.0022 s/iter. Inference: 0.0780 s/iter. Eval: 1.1412 s/iter. Total: 1.2215 s/iter. ETA=0:39:07
[12/10 03:33:55 d2.evaluation.evaluator]: Inference done 2026/3943. Dataloading: 0.0022 s/iter. Inference: 0.0780 s/iter. Eval: 1.1408 s/iter. Total: 1.2212 s/iter. ETA=0:39:01
[12/10 03:34:01 d2.evaluation.evaluator]: Inference done 2031/3943. Dataloading: 0.0022 s/iter. Inference: 0.0780 s/iter. Eval: 1.1404 s/iter. Total: 1.2208 s/iter. ETA=0:38:54
[12/10 03:34:06 d2.evaluation.evaluator]: Inference done 2037/3943. Dataloading: 0.0022 s/iter. Inference: 0.0781 s/iter. Eval: 1.1395 s/iter. Total: 1.2199 s/iter. ETA=0:38:45
[12/10 03:34:12 d2.evaluation.evaluator]: Inference done 2042/3943. Dataloading: 0.0022 s/iter. Inference: 0.0781 s/iter. Eval: 1.1393 s/iter. Total: 1.2197 s/iter. ETA=0:38:38
[12/10 03:34:17 d2.evaluation.evaluator]: Inference done 2045/3943. Dataloading: 0.0022 s/iter. Inference: 0.0781 s/iter. Eval: 1.1400 s/iter. Total: 1.2204 s/iter. ETA=0:38:36
[12/10 03:34:23 d2.evaluation.evaluator]: Inference done 2052/3943. Dataloading: 0.0022 s/iter. Inference: 0.0781 s/iter. Eval: 1.1390 s/iter. Total: 1.2194 s/iter. ETA=0:38:25
[12/10 03:34:29 d2.evaluation.evaluator]: Inference done 2055/3943. Dataloading: 0.0022 s/iter. Inference: 0.0781 s/iter. Eval: 1.1398 s/iter. Total: 1.2202 s/iter. ETA=0:38:23
[12/10 03:34:35 d2.evaluation.evaluator]: Inference done 2060/3943. Dataloading: 0.0022 s/iter. Inference: 0.0781 s/iter. Eval: 1.1397 s/iter. Total: 1.2201 s/iter. ETA=0:38:17
[12/10 03:34:40 d2.evaluation.evaluator]: Inference done 2065/3943. Dataloading: 0.0022 s/iter. Inference: 0.0780 s/iter. Eval: 1.1395 s/iter. Total: 1.2199 s/iter. ETA=0:38:10
[12/10 03:34:48 d2.evaluation.evaluator]: Inference done 2071/3943. Dataloading: 0.0022 s/iter. Inference: 0.0780 s/iter. Eval: 1.1399 s/iter. Total: 1.2202 s/iter. ETA=0:38:04
[12/10 03:34:53 d2.evaluation.evaluator]: Inference done 2077/3943. Dataloading: 0.0022 s/iter. Inference: 0.0780 s/iter. Eval: 1.1388 s/iter. Total: 1.2191 s/iter. ETA=0:37:54
[12/10 03:34:59 d2.evaluation.evaluator]: Inference done 2081/3943. Dataloading: 0.0022 s/iter. Inference: 0.0780 s/iter. Eval: 1.1390 s/iter. Total: 1.2194 s/iter. ETA=0:37:50
[12/10 03:35:05 d2.evaluation.evaluator]: Inference done 2085/3943. Dataloading: 0.0022 s/iter. Inference: 0.0780 s/iter. Eval: 1.1395 s/iter. Total: 1.2199 s/iter. ETA=0:37:46
[12/10 03:35:10 d2.evaluation.evaluator]: Inference done 2091/3943. Dataloading: 0.0022 s/iter. Inference: 0.0780 s/iter. Eval: 1.1388 s/iter. Total: 1.2192 s/iter. ETA=0:37:37
[12/10 03:35:15 d2.evaluation.evaluator]: Inference done 2095/3943. Dataloading: 0.0022 s/iter. Inference: 0.0780 s/iter. Eval: 1.1389 s/iter. Total: 1.2193 s/iter. ETA=0:37:33
[12/10 03:35:21 d2.evaluation.evaluator]: Inference done 2101/3943. Dataloading: 0.0022 s/iter. Inference: 0.0780 s/iter. Eval: 1.1383 s/iter. Total: 1.2186 s/iter. ETA=0:37:24
[12/10 03:35:27 d2.evaluation.evaluator]: Inference done 2107/3943. Dataloading: 0.0022 s/iter. Inference: 0.0780 s/iter. Eval: 1.1375 s/iter. Total: 1.2178 s/iter. ETA=0:37:15
[12/10 03:35:34 d2.evaluation.evaluator]: Inference done 2112/3943. Dataloading: 0.0022 s/iter. Inference: 0.0780 s/iter. Eval: 1.1379 s/iter. Total: 1.2183 s/iter. ETA=0:37:10
[12/10 03:35:40 d2.evaluation.evaluator]: Inference done 2118/3943. Dataloading: 0.0022 s/iter. Inference: 0.0780 s/iter. Eval: 1.1375 s/iter. Total: 1.2178 s/iter. ETA=0:37:02
[12/10 03:35:46 d2.evaluation.evaluator]: Inference done 2123/3943. Dataloading: 0.0022 s/iter. Inference: 0.0780 s/iter. Eval: 1.1371 s/iter. Total: 1.2174 s/iter. ETA=0:36:55
[12/10 03:35:51 d2.evaluation.evaluator]: Inference done 2127/3943. Dataloading: 0.0022 s/iter. Inference: 0.0780 s/iter. Eval: 1.1372 s/iter. Total: 1.2175 s/iter. ETA=0:36:51
[12/10 03:35:59 d2.evaluation.evaluator]: Inference done 2132/3943. Dataloading: 0.0022 s/iter. Inference: 0.0780 s/iter. Eval: 1.1380 s/iter. Total: 1.2183 s/iter. ETA=0:36:46
[12/10 03:36:04 d2.evaluation.evaluator]: Inference done 2136/3943. Dataloading: 0.0022 s/iter. Inference: 0.0780 s/iter. Eval: 1.1382 s/iter. Total: 1.2185 s/iter. ETA=0:36:41
[12/10 03:36:09 d2.evaluation.evaluator]: Inference done 2139/3943. Dataloading: 0.0022 s/iter. Inference: 0.0780 s/iter. Eval: 1.1390 s/iter. Total: 1.2193 s/iter. ETA=0:36:39
[12/10 03:36:14 d2.evaluation.evaluator]: Inference done 2143/3943. Dataloading: 0.0022 s/iter. Inference: 0.0780 s/iter. Eval: 1.1391 s/iter. Total: 1.2194 s/iter. ETA=0:36:34
[12/10 03:36:20 d2.evaluation.evaluator]: Inference done 2148/3943. Dataloading: 0.0022 s/iter. Inference: 0.0780 s/iter. Eval: 1.1387 s/iter. Total: 1.2190 s/iter. ETA=0:36:28
[12/10 03:36:25 d2.evaluation.evaluator]: Inference done 2153/3943. Dataloading: 0.0022 s/iter. Inference: 0.0780 s/iter. Eval: 1.1385 s/iter. Total: 1.2188 s/iter. ETA=0:36:21
[12/10 03:36:32 d2.evaluation.evaluator]: Inference done 2158/3943. Dataloading: 0.0022 s/iter. Inference: 0.0780 s/iter. Eval: 1.1386 s/iter. Total: 1.2189 s/iter. ETA=0:36:15
[12/10 03:36:37 d2.evaluation.evaluator]: Inference done 2165/3943. Dataloading: 0.0022 s/iter. Inference: 0.0780 s/iter. Eval: 1.1373 s/iter. Total: 1.2176 s/iter. ETA=0:36:04
[12/10 03:36:43 d2.evaluation.evaluator]: Inference done 2172/3943. Dataloading: 0.0022 s/iter. Inference: 0.0780 s/iter. Eval: 1.1360 s/iter. Total: 1.2163 s/iter. ETA=0:35:54
[12/10 03:36:48 d2.evaluation.evaluator]: Inference done 2176/3943. Dataloading: 0.0022 s/iter. Inference: 0.0780 s/iter. Eval: 1.1362 s/iter. Total: 1.2165 s/iter. ETA=0:35:49
[12/10 03:36:53 d2.evaluation.evaluator]: Inference done 2182/3943. Dataloading: 0.0022 s/iter. Inference: 0.0780 s/iter. Eval: 1.1353 s/iter. Total: 1.2155 s/iter. ETA=0:35:40
[12/10 03:37:00 d2.evaluation.evaluator]: Inference done 2187/3943. Dataloading: 0.0022 s/iter. Inference: 0.0780 s/iter. Eval: 1.1355 s/iter. Total: 1.2158 s/iter. ETA=0:35:35
[12/10 03:37:05 d2.evaluation.evaluator]: Inference done 2191/3943. Dataloading: 0.0022 s/iter. Inference: 0.0780 s/iter. Eval: 1.1357 s/iter. Total: 1.2160 s/iter. ETA=0:35:30
[12/10 03:37:12 d2.evaluation.evaluator]: Inference done 2197/3943. Dataloading: 0.0022 s/iter. Inference: 0.0780 s/iter. Eval: 1.1352 s/iter. Total: 1.2155 s/iter. ETA=0:35:22
[12/10 03:37:18 d2.evaluation.evaluator]: Inference done 2204/3943. Dataloading: 0.0022 s/iter. Inference: 0.0780 s/iter. Eval: 1.1343 s/iter. Total: 1.2146 s/iter. ETA=0:35:12
[12/10 03:37:25 d2.evaluation.evaluator]: Inference done 2209/3943. Dataloading: 0.0022 s/iter. Inference: 0.0779 s/iter. Eval: 1.1346 s/iter. Total: 1.2149 s/iter. ETA=0:35:06
[12/10 03:37:32 d2.evaluation.evaluator]: Inference done 2214/3943. Dataloading: 0.0022 s/iter. Inference: 0.0779 s/iter. Eval: 1.1350 s/iter. Total: 1.2152 s/iter. ETA=0:35:01
[12/10 03:37:37 d2.evaluation.evaluator]: Inference done 2219/3943. Dataloading: 0.0022 s/iter. Inference: 0.0779 s/iter. Eval: 1.1347 s/iter. Total: 1.2149 s/iter. ETA=0:34:54
[12/10 03:37:43 d2.evaluation.evaluator]: Inference done 2224/3943. Dataloading: 0.0022 s/iter. Inference: 0.0780 s/iter. Eval: 1.1346 s/iter. Total: 1.2149 s/iter. ETA=0:34:48
[12/10 03:37:48 d2.evaluation.evaluator]: Inference done 2229/3943. Dataloading: 0.0022 s/iter. Inference: 0.0779 s/iter. Eval: 1.1343 s/iter. Total: 1.2146 s/iter. ETA=0:34:41
[12/10 03:37:53 d2.evaluation.evaluator]: Inference done 2234/3943. Dataloading: 0.0022 s/iter. Inference: 0.0779 s/iter. Eval: 1.1338 s/iter. Total: 1.2141 s/iter. ETA=0:34:34
[12/10 03:37:59 d2.evaluation.evaluator]: Inference done 2239/3943. Dataloading: 0.0022 s/iter. Inference: 0.0779 s/iter. Eval: 1.1337 s/iter. Total: 1.2140 s/iter. ETA=0:34:28
[12/10 03:38:05 d2.evaluation.evaluator]: Inference done 2244/3943. Dataloading: 0.0022 s/iter. Inference: 0.0779 s/iter. Eval: 1.1335 s/iter. Total: 1.2138 s/iter. ETA=0:34:22
[12/10 03:38:10 d2.evaluation.evaluator]: Inference done 2250/3943. Dataloading: 0.0022 s/iter. Inference: 0.0779 s/iter. Eval: 1.1326 s/iter. Total: 1.2129 s/iter. ETA=0:34:13
[12/10 03:38:16 d2.evaluation.evaluator]: Inference done 2256/3943. Dataloading: 0.0022 s/iter. Inference: 0.0779 s/iter. Eval: 1.1319 s/iter. Total: 1.2122 s/iter. ETA=0:34:04
[12/10 03:38:23 d2.evaluation.evaluator]: Inference done 2262/3943. Dataloading: 0.0022 s/iter. Inference: 0.0779 s/iter. Eval: 1.1318 s/iter. Total: 1.2121 s/iter. ETA=0:33:57
[12/10 03:38:28 d2.evaluation.evaluator]: Inference done 2267/3943. Dataloading: 0.0022 s/iter. Inference: 0.0779 s/iter. Eval: 1.1314 s/iter. Total: 1.2117 s/iter. ETA=0:33:50
[12/10 03:38:34 d2.evaluation.evaluator]: Inference done 2273/3943. Dataloading: 0.0022 s/iter. Inference: 0.0779 s/iter. Eval: 1.1306 s/iter. Total: 1.2109 s/iter. ETA=0:33:42
[12/10 03:38:39 d2.evaluation.evaluator]: Inference done 2280/3943. Dataloading: 0.0022 s/iter. Inference: 0.0779 s/iter. Eval: 1.1293 s/iter. Total: 1.2096 s/iter. ETA=0:33:31
[12/10 03:38:46 d2.evaluation.evaluator]: Inference done 2285/3943. Dataloading: 0.0022 s/iter. Inference: 0.0779 s/iter. Eval: 1.1298 s/iter. Total: 1.2101 s/iter. ETA=0:33:26
[12/10 03:38:52 d2.evaluation.evaluator]: Inference done 2290/3943. Dataloading: 0.0022 s/iter. Inference: 0.0779 s/iter. Eval: 1.1295 s/iter. Total: 1.2098 s/iter. ETA=0:33:19
[12/10 03:38:58 d2.evaluation.evaluator]: Inference done 2294/3943. Dataloading: 0.0022 s/iter. Inference: 0.0779 s/iter. Eval: 1.1302 s/iter. Total: 1.2105 s/iter. ETA=0:33:16
[12/10 03:39:04 d2.evaluation.evaluator]: Inference done 2299/3943. Dataloading: 0.0022 s/iter. Inference: 0.0779 s/iter. Eval: 1.1300 s/iter. Total: 1.2102 s/iter. ETA=0:33:09
[12/10 03:39:09 d2.evaluation.evaluator]: Inference done 2303/3943. Dataloading: 0.0022 s/iter. Inference: 0.0779 s/iter. Eval: 1.1302 s/iter. Total: 1.2105 s/iter. ETA=0:33:05
[12/10 03:39:15 d2.evaluation.evaluator]: Inference done 2307/3943. Dataloading: 0.0022 s/iter. Inference: 0.0779 s/iter. Eval: 1.1306 s/iter. Total: 1.2109 s/iter. ETA=0:33:00
[12/10 03:39:20 d2.evaluation.evaluator]: Inference done 2311/3943. Dataloading: 0.0022 s/iter. Inference: 0.0779 s/iter. Eval: 1.1310 s/iter. Total: 1.2112 s/iter. ETA=0:32:56
[12/10 03:39:25 d2.evaluation.evaluator]: Inference done 2314/3943. Dataloading: 0.0022 s/iter. Inference: 0.0779 s/iter. Eval: 1.1316 s/iter. Total: 1.2118 s/iter. ETA=0:32:54
[12/10 03:39:31 d2.evaluation.evaluator]: Inference done 2319/3943. Dataloading: 0.0022 s/iter. Inference: 0.0779 s/iter. Eval: 1.1314 s/iter. Total: 1.2116 s/iter. ETA=0:32:47
[12/10 03:39:37 d2.evaluation.evaluator]: Inference done 2325/3943. Dataloading: 0.0022 s/iter. Inference: 0.0779 s/iter. Eval: 1.1307 s/iter. Total: 1.2109 s/iter. ETA=0:32:39
[12/10 03:39:42 d2.evaluation.evaluator]: Inference done 2328/3943. Dataloading: 0.0022 s/iter. Inference: 0.0779 s/iter. Eval: 1.1313 s/iter. Total: 1.2115 s/iter. ETA=0:32:36
[12/10 03:39:47 d2.evaluation.evaluator]: Inference done 2334/3943. Dataloading: 0.0022 s/iter. Inference: 0.0779 s/iter. Eval: 1.1307 s/iter. Total: 1.2109 s/iter. ETA=0:32:28
[12/10 03:39:53 d2.evaluation.evaluator]: Inference done 2338/3943. Dataloading: 0.0022 s/iter. Inference: 0.0779 s/iter. Eval: 1.1310 s/iter. Total: 1.2112 s/iter. ETA=0:32:23
[12/10 03:39:58 d2.evaluation.evaluator]: Inference done 2341/3943. Dataloading: 0.0022 s/iter. Inference: 0.0779 s/iter. Eval: 1.1317 s/iter. Total: 1.2119 s/iter. ETA=0:32:21
[12/10 03:40:04 d2.evaluation.evaluator]: Inference done 2345/3943. Dataloading: 0.0022 s/iter. Inference: 0.0779 s/iter. Eval: 1.1321 s/iter. Total: 1.2123 s/iter. ETA=0:32:17
[12/10 03:40:10 d2.evaluation.evaluator]: Inference done 2348/3943. Dataloading: 0.0022 s/iter. Inference: 0.0779 s/iter. Eval: 1.1329 s/iter. Total: 1.2131 s/iter. ETA=0:32:14
[12/10 03:40:15 d2.evaluation.evaluator]: Inference done 2353/3943. Dataloading: 0.0022 s/iter. Inference: 0.0779 s/iter. Eval: 1.1328 s/iter. Total: 1.2129 s/iter. ETA=0:32:08
[12/10 03:40:21 d2.evaluation.evaluator]: Inference done 2357/3943. Dataloading: 0.0022 s/iter. Inference: 0.0779 s/iter. Eval: 1.1331 s/iter. Total: 1.2132 s/iter. ETA=0:32:04
[12/10 03:40:28 d2.evaluation.evaluator]: Inference done 2363/3943. Dataloading: 0.0022 s/iter. Inference: 0.0779 s/iter. Eval: 1.1329 s/iter. Total: 1.2130 s/iter. ETA=0:31:56
[12/10 03:40:33 d2.evaluation.evaluator]: Inference done 2367/3943. Dataloading: 0.0022 s/iter. Inference: 0.0779 s/iter. Eval: 1.1332 s/iter. Total: 1.2134 s/iter. ETA=0:31:52
[12/10 03:40:39 d2.evaluation.evaluator]: Inference done 2370/3943. Dataloading: 0.0022 s/iter. Inference: 0.0779 s/iter. Eval: 1.1343 s/iter. Total: 1.2145 s/iter. ETA=0:31:50
[12/10 03:40:45 d2.evaluation.evaluator]: Inference done 2374/3943. Dataloading: 0.0022 s/iter. Inference: 0.0778 s/iter. Eval: 1.1346 s/iter. Total: 1.2148 s/iter. ETA=0:31:46
[12/10 03:40:50 d2.evaluation.evaluator]: Inference done 2378/3943. Dataloading: 0.0022 s/iter. Inference: 0.0778 s/iter. Eval: 1.1348 s/iter. Total: 1.2149 s/iter. ETA=0:31:41
[12/10 03:40:55 d2.evaluation.evaluator]: Inference done 2383/3943. Dataloading: 0.0022 s/iter. Inference: 0.0778 s/iter. Eval: 1.1344 s/iter. Total: 1.2145 s/iter. ETA=0:31:34
[12/10 03:41:01 d2.evaluation.evaluator]: Inference done 2389/3943. Dataloading: 0.0022 s/iter. Inference: 0.0778 s/iter. Eval: 1.1336 s/iter. Total: 1.2138 s/iter. ETA=0:31:26
[12/10 03:41:08 d2.evaluation.evaluator]: Inference done 2395/3943. Dataloading: 0.0022 s/iter. Inference: 0.0778 s/iter. Eval: 1.1334 s/iter. Total: 1.2136 s/iter. ETA=0:31:18
[12/10 03:41:13 d2.evaluation.evaluator]: Inference done 2400/3943. Dataloading: 0.0022 s/iter. Inference: 0.0778 s/iter. Eval: 1.1332 s/iter. Total: 1.2134 s/iter. ETA=0:31:12
[12/10 03:41:19 d2.evaluation.evaluator]: Inference done 2405/3943. Dataloading: 0.0022 s/iter. Inference: 0.0778 s/iter. Eval: 1.1333 s/iter. Total: 1.2134 s/iter. ETA=0:31:06
[12/10 03:41:25 d2.evaluation.evaluator]: Inference done 2412/3943. Dataloading: 0.0022 s/iter. Inference: 0.0778 s/iter. Eval: 1.1321 s/iter. Total: 1.2123 s/iter. ETA=0:30:56
[12/10 03:41:32 d2.evaluation.evaluator]: Inference done 2417/3943. Dataloading: 0.0022 s/iter. Inference: 0.0778 s/iter. Eval: 1.1326 s/iter. Total: 1.2127 s/iter. ETA=0:30:50
[12/10 03:41:39 d2.evaluation.evaluator]: Inference done 2421/3943. Dataloading: 0.0022 s/iter. Inference: 0.0778 s/iter. Eval: 1.1332 s/iter. Total: 1.2133 s/iter. ETA=0:30:46
[12/10 03:41:44 d2.evaluation.evaluator]: Inference done 2425/3943. Dataloading: 0.0022 s/iter. Inference: 0.0778 s/iter. Eval: 1.1336 s/iter. Total: 1.2137 s/iter. ETA=0:30:42
[12/10 03:41:50 d2.evaluation.evaluator]: Inference done 2429/3943. Dataloading: 0.0022 s/iter. Inference: 0.0778 s/iter. Eval: 1.1338 s/iter. Total: 1.2140 s/iter. ETA=0:30:37
[12/10 03:41:55 d2.evaluation.evaluator]: Inference done 2433/3943. Dataloading: 0.0022 s/iter. Inference: 0.0778 s/iter. Eval: 1.1341 s/iter. Total: 1.2142 s/iter. ETA=0:30:33
[12/10 03:42:01 d2.evaluation.evaluator]: Inference done 2438/3943. Dataloading: 0.0022 s/iter. Inference: 0.0778 s/iter. Eval: 1.1337 s/iter. Total: 1.2138 s/iter. ETA=0:30:26
[12/10 03:42:06 d2.evaluation.evaluator]: Inference done 2443/3943. Dataloading: 0.0022 s/iter. Inference: 0.0778 s/iter. Eval: 1.1334 s/iter. Total: 1.2135 s/iter. ETA=0:30:20
[12/10 03:42:12 d2.evaluation.evaluator]: Inference done 2447/3943. Dataloading: 0.0022 s/iter. Inference: 0.0778 s/iter. Eval: 1.1338 s/iter. Total: 1.2140 s/iter. ETA=0:30:16
[12/10 03:42:19 d2.evaluation.evaluator]: Inference done 2452/3943. Dataloading: 0.0022 s/iter. Inference: 0.0778 s/iter. Eval: 1.1342 s/iter. Total: 1.2143 s/iter. ETA=0:30:10
[12/10 03:42:25 d2.evaluation.evaluator]: Inference done 2457/3943. Dataloading: 0.0022 s/iter. Inference: 0.0778 s/iter. Eval: 1.1343 s/iter. Total: 1.2144 s/iter. ETA=0:30:04
[12/10 03:42:31 d2.evaluation.evaluator]: Inference done 2462/3943. Dataloading: 0.0022 s/iter. Inference: 0.0778 s/iter. Eval: 1.1342 s/iter. Total: 1.2143 s/iter. ETA=0:29:58
[12/10 03:42:37 d2.evaluation.evaluator]: Inference done 2467/3943. Dataloading: 0.0022 s/iter. Inference: 0.0778 s/iter. Eval: 1.1341 s/iter. Total: 1.2142 s/iter. ETA=0:29:52
[12/10 03:42:42 d2.evaluation.evaluator]: Inference done 2471/3943. Dataloading: 0.0022 s/iter. Inference: 0.0778 s/iter. Eval: 1.1342 s/iter. Total: 1.2143 s/iter. ETA=0:29:47
[12/10 03:42:47 d2.evaluation.evaluator]: Inference done 2476/3943. Dataloading: 0.0022 s/iter. Inference: 0.0778 s/iter. Eval: 1.1340 s/iter. Total: 1.2141 s/iter. ETA=0:29:41
[12/10 03:42:53 d2.evaluation.evaluator]: Inference done 2482/3943. Dataloading: 0.0022 s/iter. Inference: 0.0778 s/iter. Eval: 1.1332 s/iter. Total: 1.2133 s/iter. ETA=0:29:32
[12/10 03:42:58 d2.evaluation.evaluator]: Inference done 2488/3943. Dataloading: 0.0022 s/iter. Inference: 0.0778 s/iter. Eval: 1.1326 s/iter. Total: 1.2127 s/iter. ETA=0:29:24
[12/10 03:43:04 d2.evaluation.evaluator]: Inference done 2493/3943. Dataloading: 0.0022 s/iter. Inference: 0.0778 s/iter. Eval: 1.1326 s/iter. Total: 1.2127 s/iter. ETA=0:29:18
[12/10 03:43:10 d2.evaluation.evaluator]: Inference done 2498/3943. Dataloading: 0.0022 s/iter. Inference: 0.0778 s/iter. Eval: 1.1322 s/iter. Total: 1.2123 s/iter. ETA=0:29:11
[12/10 03:43:15 d2.evaluation.evaluator]: Inference done 2504/3943. Dataloading: 0.0022 s/iter. Inference: 0.0778 s/iter. Eval: 1.1317 s/iter. Total: 1.2118 s/iter. ETA=0:29:03
[12/10 03:43:22 d2.evaluation.evaluator]: Inference done 2510/3943. Dataloading: 0.0022 s/iter. Inference: 0.0778 s/iter. Eval: 1.1312 s/iter. Total: 1.2113 s/iter. ETA=0:28:55
[12/10 03:43:28 d2.evaluation.evaluator]: Inference done 2516/3943. Dataloading: 0.0022 s/iter. Inference: 0.0778 s/iter. Eval: 1.1309 s/iter. Total: 1.2110 s/iter. ETA=0:28:48
[12/10 03:43:34 d2.evaluation.evaluator]: Inference done 2521/3943. Dataloading: 0.0022 s/iter. Inference: 0.0778 s/iter. Eval: 1.1310 s/iter. Total: 1.2111 s/iter. ETA=0:28:42
[12/10 03:43:40 d2.evaluation.evaluator]: Inference done 2525/3943. Dataloading: 0.0022 s/iter. Inference: 0.0778 s/iter. Eval: 1.1311 s/iter. Total: 1.2112 s/iter. ETA=0:28:37
[12/10 03:43:47 d2.evaluation.evaluator]: Inference done 2530/3943. Dataloading: 0.0022 s/iter. Inference: 0.0778 s/iter. Eval: 1.1316 s/iter. Total: 1.2116 s/iter. ETA=0:28:32
[12/10 03:43:52 d2.evaluation.evaluator]: Inference done 2536/3943. Dataloading: 0.0022 s/iter. Inference: 0.0778 s/iter. Eval: 1.1308 s/iter. Total: 1.2109 s/iter. ETA=0:28:23
[12/10 03:43:57 d2.evaluation.evaluator]: Inference done 2541/3943. Dataloading: 0.0022 s/iter. Inference: 0.0777 s/iter. Eval: 1.1305 s/iter. Total: 1.2106 s/iter. ETA=0:28:17
[12/10 03:44:03 d2.evaluation.evaluator]: Inference done 2546/3943. Dataloading: 0.0022 s/iter. Inference: 0.0777 s/iter. Eval: 1.1304 s/iter. Total: 1.2104 s/iter. ETA=0:28:10
[12/10 03:44:09 d2.evaluation.evaluator]: Inference done 2550/3943. Dataloading: 0.0022 s/iter. Inference: 0.0777 s/iter. Eval: 1.1310 s/iter. Total: 1.2111 s/iter. ETA=0:28:07
[12/10 03:44:15 d2.evaluation.evaluator]: Inference done 2554/3943. Dataloading: 0.0022 s/iter. Inference: 0.0777 s/iter. Eval: 1.1314 s/iter. Total: 1.2114 s/iter. ETA=0:28:02
[12/10 03:44:21 d2.evaluation.evaluator]: Inference done 2557/3943. Dataloading: 0.0022 s/iter. Inference: 0.0777 s/iter. Eval: 1.1322 s/iter. Total: 1.2122 s/iter. ETA=0:28:00
[12/10 03:44:28 d2.evaluation.evaluator]: Inference done 2562/3943. Dataloading: 0.0022 s/iter. Inference: 0.0777 s/iter. Eval: 1.1325 s/iter. Total: 1.2126 s/iter. ETA=0:27:54
[12/10 03:44:33 d2.evaluation.evaluator]: Inference done 2566/3943. Dataloading: 0.0022 s/iter. Inference: 0.0777 s/iter. Eval: 1.1328 s/iter. Total: 1.2129 s/iter. ETA=0:27:50
[12/10 03:44:39 d2.evaluation.evaluator]: Inference done 2571/3943. Dataloading: 0.0022 s/iter. Inference: 0.0777 s/iter. Eval: 1.1326 s/iter. Total: 1.2127 s/iter. ETA=0:27:43
[12/10 03:44:44 d2.evaluation.evaluator]: Inference done 2574/3943. Dataloading: 0.0022 s/iter. Inference: 0.0777 s/iter. Eval: 1.1332 s/iter. Total: 1.2133 s/iter. ETA=0:27:41
[12/10 03:44:50 d2.evaluation.evaluator]: Inference done 2579/3943. Dataloading: 0.0022 s/iter. Inference: 0.0777 s/iter. Eval: 1.1330 s/iter. Total: 1.2130 s/iter. ETA=0:27:34
[12/10 03:44:55 d2.evaluation.evaluator]: Inference done 2584/3943. Dataloading: 0.0022 s/iter. Inference: 0.0777 s/iter. Eval: 1.1327 s/iter. Total: 1.2127 s/iter. ETA=0:27:28
[12/10 03:45:01 d2.evaluation.evaluator]: Inference done 2589/3943. Dataloading: 0.0022 s/iter. Inference: 0.0777 s/iter. Eval: 1.1328 s/iter. Total: 1.2128 s/iter. ETA=0:27:22
[12/10 03:45:08 d2.evaluation.evaluator]: Inference done 2595/3943. Dataloading: 0.0022 s/iter. Inference: 0.0777 s/iter. Eval: 1.1325 s/iter. Total: 1.2125 s/iter. ETA=0:27:14
[12/10 03:45:14 d2.evaluation.evaluator]: Inference done 2600/3943. Dataloading: 0.0022 s/iter. Inference: 0.0777 s/iter. Eval: 1.1326 s/iter. Total: 1.2126 s/iter. ETA=0:27:08
[12/10 03:45:19 d2.evaluation.evaluator]: Inference done 2604/3943. Dataloading: 0.0022 s/iter. Inference: 0.0777 s/iter. Eval: 1.1327 s/iter. Total: 1.2128 s/iter. ETA=0:27:03
[12/10 03:45:26 d2.evaluation.evaluator]: Inference done 2608/3943. Dataloading: 0.0022 s/iter. Inference: 0.0777 s/iter. Eval: 1.1336 s/iter. Total: 1.2136 s/iter. ETA=0:27:00
[12/10 03:45:33 d2.evaluation.evaluator]: Inference done 2614/3943. Dataloading: 0.0022 s/iter. Inference: 0.0777 s/iter. Eval: 1.1332 s/iter. Total: 1.2133 s/iter. ETA=0:26:52
[12/10 03:45:38 d2.evaluation.evaluator]: Inference done 2618/3943. Dataloading: 0.0022 s/iter. Inference: 0.0777 s/iter. Eval: 1.1336 s/iter. Total: 1.2136 s/iter. ETA=0:26:48
[12/10 03:45:43 d2.evaluation.evaluator]: Inference done 2623/3943. Dataloading: 0.0022 s/iter. Inference: 0.0777 s/iter. Eval: 1.1332 s/iter. Total: 1.2132 s/iter. ETA=0:26:41
[12/10 03:45:49 d2.evaluation.evaluator]: Inference done 2628/3943. Dataloading: 0.0022 s/iter. Inference: 0.0777 s/iter. Eval: 1.1331 s/iter. Total: 1.2131 s/iter. ETA=0:26:35
[12/10 03:45:55 d2.evaluation.evaluator]: Inference done 2631/3943. Dataloading: 0.0022 s/iter. Inference: 0.0777 s/iter. Eval: 1.1338 s/iter. Total: 1.2138 s/iter. ETA=0:26:32
[12/10 03:46:00 d2.evaluation.evaluator]: Inference done 2635/3943. Dataloading: 0.0022 s/iter. Inference: 0.0777 s/iter. Eval: 1.1341 s/iter. Total: 1.2141 s/iter. ETA=0:26:27
[12/10 03:46:06 d2.evaluation.evaluator]: Inference done 2639/3943. Dataloading: 0.0022 s/iter. Inference: 0.0777 s/iter. Eval: 1.1343 s/iter. Total: 1.2143 s/iter. ETA=0:26:23
[12/10 03:46:12 d2.evaluation.evaluator]: Inference done 2646/3943. Dataloading: 0.0022 s/iter. Inference: 0.0777 s/iter. Eval: 1.1335 s/iter. Total: 1.2135 s/iter. ETA=0:26:13
[12/10 03:46:19 d2.evaluation.evaluator]: Inference done 2649/3943. Dataloading: 0.0022 s/iter. Inference: 0.0777 s/iter. Eval: 1.1347 s/iter. Total: 1.2147 s/iter. ETA=0:26:11
[12/10 03:46:25 d2.evaluation.evaluator]: Inference done 2653/3943. Dataloading: 0.0022 s/iter. Inference: 0.0777 s/iter. Eval: 1.1350 s/iter. Total: 1.2150 s/iter. ETA=0:26:07
[12/10 03:46:30 d2.evaluation.evaluator]: Inference done 2659/3943. Dataloading: 0.0022 s/iter. Inference: 0.0777 s/iter. Eval: 1.1344 s/iter. Total: 1.2144 s/iter. ETA=0:25:59
[12/10 03:46:37 d2.evaluation.evaluator]: Inference done 2664/3943. Dataloading: 0.0022 s/iter. Inference: 0.0777 s/iter. Eval: 1.1345 s/iter. Total: 1.2145 s/iter. ETA=0:25:53
[12/10 03:46:42 d2.evaluation.evaluator]: Inference done 2668/3943. Dataloading: 0.0022 s/iter. Inference: 0.0777 s/iter. Eval: 1.1349 s/iter. Total: 1.2148 s/iter. ETA=0:25:48
[12/10 03:46:49 d2.evaluation.evaluator]: Inference done 2673/3943. Dataloading: 0.0022 s/iter. Inference: 0.0777 s/iter. Eval: 1.1350 s/iter. Total: 1.2150 s/iter. ETA=0:25:43
[12/10 03:46:54 d2.evaluation.evaluator]: Inference done 2677/3943. Dataloading: 0.0022 s/iter. Inference: 0.0777 s/iter. Eval: 1.1351 s/iter. Total: 1.2151 s/iter. ETA=0:25:38
[12/10 03:47:00 d2.evaluation.evaluator]: Inference done 2680/3943. Dataloading: 0.0022 s/iter. Inference: 0.0777 s/iter. Eval: 1.1358 s/iter. Total: 1.2158 s/iter. ETA=0:25:35
[12/10 03:47:05 d2.evaluation.evaluator]: Inference done 2687/3943. Dataloading: 0.0022 s/iter. Inference: 0.0777 s/iter. Eval: 1.1348 s/iter. Total: 1.2147 s/iter. ETA=0:25:25
[12/10 03:47:12 d2.evaluation.evaluator]: Inference done 2692/3943. Dataloading: 0.0022 s/iter. Inference: 0.0777 s/iter. Eval: 1.1350 s/iter. Total: 1.2150 s/iter. ETA=0:25:19
[12/10 03:47:18 d2.evaluation.evaluator]: Inference done 2697/3943. Dataloading: 0.0022 s/iter. Inference: 0.0777 s/iter. Eval: 1.1349 s/iter. Total: 1.2149 s/iter. ETA=0:25:13
[12/10 03:47:23 d2.evaluation.evaluator]: Inference done 2701/3943. Dataloading: 0.0022 s/iter. Inference: 0.0777 s/iter. Eval: 1.1351 s/iter. Total: 1.2150 s/iter. ETA=0:25:09
[12/10 03:47:30 d2.evaluation.evaluator]: Inference done 2708/3943. Dataloading: 0.0022 s/iter. Inference: 0.0777 s/iter. Eval: 1.1344 s/iter. Total: 1.2144 s/iter. ETA=0:24:59
[12/10 03:47:36 d2.evaluation.evaluator]: Inference done 2713/3943. Dataloading: 0.0022 s/iter. Inference: 0.0777 s/iter. Eval: 1.1343 s/iter. Total: 1.2143 s/iter. ETA=0:24:53
[12/10 03:47:41 d2.evaluation.evaluator]: Inference done 2717/3943. Dataloading: 0.0022 s/iter. Inference: 0.0777 s/iter. Eval: 1.1344 s/iter. Total: 1.2144 s/iter. ETA=0:24:48
[12/10 03:47:46 d2.evaluation.evaluator]: Inference done 2722/3943. Dataloading: 0.0022 s/iter. Inference: 0.0777 s/iter. Eval: 1.1341 s/iter. Total: 1.2140 s/iter. ETA=0:24:42
[12/10 03:47:51 d2.evaluation.evaluator]: Inference done 2727/3943. Dataloading: 0.0022 s/iter. Inference: 0.0777 s/iter. Eval: 1.1337 s/iter. Total: 1.2137 s/iter. ETA=0:24:35
[12/10 03:47:56 d2.evaluation.evaluator]: Inference done 2732/3943. Dataloading: 0.0022 s/iter. Inference: 0.0777 s/iter. Eval: 1.1333 s/iter. Total: 1.2133 s/iter. ETA=0:24:29
[12/10 03:48:01 d2.evaluation.evaluator]: Inference done 2737/3943. Dataloading: 0.0022 s/iter. Inference: 0.0777 s/iter. Eval: 1.1331 s/iter. Total: 1.2130 s/iter. ETA=0:24:22
[12/10 03:48:07 d2.evaluation.evaluator]: Inference done 2743/3943. Dataloading: 0.0022 s/iter. Inference: 0.0777 s/iter. Eval: 1.1325 s/iter. Total: 1.2125 s/iter. ETA=0:24:14
[12/10 03:48:12 d2.evaluation.evaluator]: Inference done 2748/3943. Dataloading: 0.0022 s/iter. Inference: 0.0777 s/iter. Eval: 1.1323 s/iter. Total: 1.2123 s/iter. ETA=0:24:08
[12/10 03:48:18 d2.evaluation.evaluator]: Inference done 2756/3943. Dataloading: 0.0022 s/iter. Inference: 0.0777 s/iter. Eval: 1.1309 s/iter. Total: 1.2108 s/iter. ETA=0:23:57
[12/10 03:48:24 d2.evaluation.evaluator]: Inference done 2762/3943. Dataloading: 0.0022 s/iter. Inference: 0.0777 s/iter. Eval: 1.1303 s/iter. Total: 1.2102 s/iter. ETA=0:23:49
[12/10 03:48:29 d2.evaluation.evaluator]: Inference done 2769/3943. Dataloading: 0.0022 s/iter. Inference: 0.0776 s/iter. Eval: 1.1291 s/iter. Total: 1.2091 s/iter. ETA=0:23:39
[12/10 03:48:34 d2.evaluation.evaluator]: Inference done 2774/3943. Dataloading: 0.0022 s/iter. Inference: 0.0776 s/iter. Eval: 1.1288 s/iter. Total: 1.2088 s/iter. ETA=0:23:33
[12/10 03:48:40 d2.evaluation.evaluator]: Inference done 2779/3943. Dataloading: 0.0022 s/iter. Inference: 0.0776 s/iter. Eval: 1.1287 s/iter. Total: 1.2086 s/iter. ETA=0:23:26
[12/10 03:48:45 d2.evaluation.evaluator]: Inference done 2785/3943. Dataloading: 0.0022 s/iter. Inference: 0.0776 s/iter. Eval: 1.1279 s/iter. Total: 1.2078 s/iter. ETA=0:23:18
[12/10 03:48:50 d2.evaluation.evaluator]: Inference done 2790/3943. Dataloading: 0.0022 s/iter. Inference: 0.0776 s/iter. Eval: 1.1277 s/iter. Total: 1.2076 s/iter. ETA=0:23:12
[12/10 03:48:56 d2.evaluation.evaluator]: Inference done 2795/3943. Dataloading: 0.0022 s/iter. Inference: 0.0776 s/iter. Eval: 1.1275 s/iter. Total: 1.2075 s/iter. ETA=0:23:06
[12/10 03:49:01 d2.evaluation.evaluator]: Inference done 2801/3943. Dataloading: 0.0022 s/iter. Inference: 0.0776 s/iter. Eval: 1.1268 s/iter. Total: 1.2068 s/iter. ETA=0:22:58
[12/10 03:49:07 d2.evaluation.evaluator]: Inference done 2805/3943. Dataloading: 0.0022 s/iter. Inference: 0.0776 s/iter. Eval: 1.1271 s/iter. Total: 1.2070 s/iter. ETA=0:22:53
[12/10 03:49:13 d2.evaluation.evaluator]: Inference done 2812/3943. Dataloading: 0.0022 s/iter. Inference: 0.0776 s/iter. Eval: 1.1262 s/iter. Total: 1.2061 s/iter. ETA=0:22:44
[12/10 03:49:18 d2.evaluation.evaluator]: Inference done 2818/3943. Dataloading: 0.0022 s/iter. Inference: 0.0776 s/iter. Eval: 1.1255 s/iter. Total: 1.2054 s/iter. ETA=0:22:36
[12/10 03:49:24 d2.evaluation.evaluator]: Inference done 2823/3943. Dataloading: 0.0022 s/iter. Inference: 0.0776 s/iter. Eval: 1.1253 s/iter. Total: 1.2052 s/iter. ETA=0:22:29
[12/10 03:49:29 d2.evaluation.evaluator]: Inference done 2829/3943. Dataloading: 0.0022 s/iter. Inference: 0.0776 s/iter. Eval: 1.1247 s/iter. Total: 1.2046 s/iter. ETA=0:22:21
[12/10 03:49:34 d2.evaluation.evaluator]: Inference done 2836/3943. Dataloading: 0.0022 s/iter. Inference: 0.0776 s/iter. Eval: 1.1236 s/iter. Total: 1.2035 s/iter. ETA=0:22:12
[12/10 03:49:40 d2.evaluation.evaluator]: Inference done 2841/3943. Dataloading: 0.0022 s/iter. Inference: 0.0776 s/iter. Eval: 1.1235 s/iter. Total: 1.2034 s/iter. ETA=0:22:06
[12/10 03:49:45 d2.evaluation.evaluator]: Inference done 2848/3943. Dataloading: 0.0022 s/iter. Inference: 0.0776 s/iter. Eval: 1.1223 s/iter. Total: 1.2022 s/iter. ETA=0:21:56
[12/10 03:49:51 d2.evaluation.evaluator]: Inference done 2854/3943. Dataloading: 0.0022 s/iter. Inference: 0.0776 s/iter. Eval: 1.1217 s/iter. Total: 1.2016 s/iter. ETA=0:21:48
[12/10 03:49:56 d2.evaluation.evaluator]: Inference done 2859/3943. Dataloading: 0.0022 s/iter. Inference: 0.0776 s/iter. Eval: 1.1213 s/iter. Total: 1.2013 s/iter. ETA=0:21:42
[12/10 03:50:01 d2.evaluation.evaluator]: Inference done 2866/3943. Dataloading: 0.0022 s/iter. Inference: 0.0776 s/iter. Eval: 1.1202 s/iter. Total: 1.2001 s/iter. ETA=0:21:32
[12/10 03:50:06 d2.evaluation.evaluator]: Inference done 2872/3943. Dataloading: 0.0022 s/iter. Inference: 0.0776 s/iter. Eval: 1.1195 s/iter. Total: 1.1994 s/iter. ETA=0:21:24
[12/10 03:50:11 d2.evaluation.evaluator]: Inference done 2877/3943. Dataloading: 0.0022 s/iter. Inference: 0.0776 s/iter. Eval: 1.1192 s/iter. Total: 1.1992 s/iter. ETA=0:21:18
[12/10 03:50:17 d2.evaluation.evaluator]: Inference done 2883/3943. Dataloading: 0.0022 s/iter. Inference: 0.0776 s/iter. Eval: 1.1187 s/iter. Total: 1.1986 s/iter. ETA=0:21:10
[12/10 03:50:24 d2.evaluation.evaluator]: Inference done 2889/3943. Dataloading: 0.0022 s/iter. Inference: 0.0776 s/iter. Eval: 1.1186 s/iter. Total: 1.1985 s/iter. ETA=0:21:03
[12/10 03:50:30 d2.evaluation.evaluator]: Inference done 2896/3943. Dataloading: 0.0022 s/iter. Inference: 0.0776 s/iter. Eval: 1.1179 s/iter. Total: 1.1978 s/iter. ETA=0:20:54
[12/10 03:50:35 d2.evaluation.evaluator]: Inference done 2901/3943. Dataloading: 0.0021 s/iter. Inference: 0.0776 s/iter. Eval: 1.1177 s/iter. Total: 1.1976 s/iter. ETA=0:20:47
[12/10 03:50:42 d2.evaluation.evaluator]: Inference done 2907/3943. Dataloading: 0.0021 s/iter. Inference: 0.0776 s/iter. Eval: 1.1176 s/iter. Total: 1.1975 s/iter. ETA=0:20:40
[12/10 03:50:49 d2.evaluation.evaluator]: Inference done 2913/3943. Dataloading: 0.0021 s/iter. Inference: 0.0776 s/iter. Eval: 1.1174 s/iter. Total: 1.1973 s/iter. ETA=0:20:33
[12/10 03:50:54 d2.evaluation.evaluator]: Inference done 2919/3943. Dataloading: 0.0021 s/iter. Inference: 0.0776 s/iter. Eval: 1.1167 s/iter. Total: 1.1966 s/iter. ETA=0:20:25
[12/10 03:51:00 d2.evaluation.evaluator]: Inference done 2924/3943. Dataloading: 0.0021 s/iter. Inference: 0.0776 s/iter. Eval: 1.1166 s/iter. Total: 1.1965 s/iter. ETA=0:20:19
[12/10 03:51:05 d2.evaluation.evaluator]: Inference done 2930/3943. Dataloading: 0.0021 s/iter. Inference: 0.0776 s/iter. Eval: 1.1159 s/iter. Total: 1.1958 s/iter. ETA=0:20:11
[12/10 03:51:10 d2.evaluation.evaluator]: Inference done 2935/3943. Dataloading: 0.0021 s/iter. Inference: 0.0776 s/iter. Eval: 1.1156 s/iter. Total: 1.1955 s/iter. ETA=0:20:05
[12/10 03:51:15 d2.evaluation.evaluator]: Inference done 2941/3943. Dataloading: 0.0021 s/iter. Inference: 0.0776 s/iter. Eval: 1.1149 s/iter. Total: 1.1948 s/iter. ETA=0:19:57
[12/10 03:51:22 d2.evaluation.evaluator]: Inference done 2948/3943. Dataloading: 0.0021 s/iter. Inference: 0.0776 s/iter. Eval: 1.1143 s/iter. Total: 1.1941 s/iter. ETA=0:19:48
[12/10 03:51:28 d2.evaluation.evaluator]: Inference done 2952/3943. Dataloading: 0.0021 s/iter. Inference: 0.0776 s/iter. Eval: 1.1148 s/iter. Total: 1.1947 s/iter. ETA=0:19:43
[12/10 03:51:34 d2.evaluation.evaluator]: Inference done 2959/3943. Dataloading: 0.0021 s/iter. Inference: 0.0776 s/iter. Eval: 1.1139 s/iter. Total: 1.1937 s/iter. ETA=0:19:34
[12/10 03:51:39 d2.evaluation.evaluator]: Inference done 2965/3943. Dataloading: 0.0021 s/iter. Inference: 0.0776 s/iter. Eval: 1.1133 s/iter. Total: 1.1931 s/iter. ETA=0:19:26
[12/10 03:51:45 d2.evaluation.evaluator]: Inference done 2972/3943. Dataloading: 0.0021 s/iter. Inference: 0.0776 s/iter. Eval: 1.1126 s/iter. Total: 1.1925 s/iter. ETA=0:19:17
[12/10 03:51:51 d2.evaluation.evaluator]: Inference done 2978/3943. Dataloading: 0.0021 s/iter. Inference: 0.0776 s/iter. Eval: 1.1121 s/iter. Total: 1.1920 s/iter. ETA=0:19:10
[12/10 03:51:57 d2.evaluation.evaluator]: Inference done 2986/3943. Dataloading: 0.0021 s/iter. Inference: 0.0776 s/iter. Eval: 1.1110 s/iter. Total: 1.1909 s/iter. ETA=0:18:59
[12/10 03:52:02 d2.evaluation.evaluator]: Inference done 2990/3943. Dataloading: 0.0021 s/iter. Inference: 0.0776 s/iter. Eval: 1.1111 s/iter. Total: 1.1910 s/iter. ETA=0:18:55
[12/10 03:52:08 d2.evaluation.evaluator]: Inference done 2997/3943. Dataloading: 0.0021 s/iter. Inference: 0.0776 s/iter. Eval: 1.1101 s/iter. Total: 1.1900 s/iter. ETA=0:18:45
[12/10 03:52:14 d2.evaluation.evaluator]: Inference done 3001/3943. Dataloading: 0.0021 s/iter. Inference: 0.0776 s/iter. Eval: 1.1105 s/iter. Total: 1.1904 s/iter. ETA=0:18:41
[12/10 03:52:20 d2.evaluation.evaluator]: Inference done 3007/3943. Dataloading: 0.0021 s/iter. Inference: 0.0776 s/iter. Eval: 1.1102 s/iter. Total: 1.1901 s/iter. ETA=0:18:33
[12/10 03:52:26 d2.evaluation.evaluator]: Inference done 3011/3943. Dataloading: 0.0021 s/iter. Inference: 0.0776 s/iter. Eval: 1.1105 s/iter. Total: 1.1904 s/iter. ETA=0:18:29
[12/10 03:52:31 d2.evaluation.evaluator]: Inference done 3016/3943. Dataloading: 0.0021 s/iter. Inference: 0.0776 s/iter. Eval: 1.1105 s/iter. Total: 1.1904 s/iter. ETA=0:18:23
[12/10 03:52:38 d2.evaluation.evaluator]: Inference done 3021/3943. Dataloading: 0.0021 s/iter. Inference: 0.0776 s/iter. Eval: 1.1105 s/iter. Total: 1.1904 s/iter. ETA=0:18:17
[12/10 03:52:44 d2.evaluation.evaluator]: Inference done 3026/3943. Dataloading: 0.0021 s/iter. Inference: 0.0776 s/iter. Eval: 1.1107 s/iter. Total: 1.1906 s/iter. ETA=0:18:11
[12/10 03:52:50 d2.evaluation.evaluator]: Inference done 3032/3943. Dataloading: 0.0021 s/iter. Inference: 0.0776 s/iter. Eval: 1.1102 s/iter. Total: 1.1901 s/iter. ETA=0:18:04
[12/10 03:52:55 d2.evaluation.evaluator]: Inference done 3037/3943. Dataloading: 0.0021 s/iter. Inference: 0.0776 s/iter. Eval: 1.1100 s/iter. Total: 1.1899 s/iter. ETA=0:17:58
[12/10 03:53:01 d2.evaluation.evaluator]: Inference done 3042/3943. Dataloading: 0.0021 s/iter. Inference: 0.0776 s/iter. Eval: 1.1099 s/iter. Total: 1.1898 s/iter. ETA=0:17:51
[12/10 03:53:06 d2.evaluation.evaluator]: Inference done 3051/3943. Dataloading: 0.0021 s/iter. Inference: 0.0776 s/iter. Eval: 1.1082 s/iter. Total: 1.1881 s/iter. ETA=0:17:39
[12/10 03:53:11 d2.evaluation.evaluator]: Inference done 3057/3943. Dataloading: 0.0021 s/iter. Inference: 0.0776 s/iter. Eval: 1.1075 s/iter. Total: 1.1874 s/iter. ETA=0:17:32
[12/10 03:53:16 d2.evaluation.evaluator]: Inference done 3062/3943. Dataloading: 0.0021 s/iter. Inference: 0.0776 s/iter. Eval: 1.1072 s/iter. Total: 1.1871 s/iter. ETA=0:17:25
[12/10 03:53:22 d2.evaluation.evaluator]: Inference done 3066/3943. Dataloading: 0.0021 s/iter. Inference: 0.0776 s/iter. Eval: 1.1075 s/iter. Total: 1.1873 s/iter. ETA=0:17:21
[12/10 03:53:27 d2.evaluation.evaluator]: Inference done 3071/3943. Dataloading: 0.0021 s/iter. Inference: 0.0776 s/iter. Eval: 1.1073 s/iter. Total: 1.1872 s/iter. ETA=0:17:15
[12/10 03:53:33 d2.evaluation.evaluator]: Inference done 3076/3943. Dataloading: 0.0021 s/iter. Inference: 0.0776 s/iter. Eval: 1.1072 s/iter. Total: 1.1871 s/iter. ETA=0:17:09
[12/10 03:53:39 d2.evaluation.evaluator]: Inference done 3080/3943. Dataloading: 0.0021 s/iter. Inference: 0.0776 s/iter. Eval: 1.1075 s/iter. Total: 1.1874 s/iter. ETA=0:17:04
[12/10 03:53:44 d2.evaluation.evaluator]: Inference done 3085/3943. Dataloading: 0.0021 s/iter. Inference: 0.0776 s/iter. Eval: 1.1073 s/iter. Total: 1.1872 s/iter. ETA=0:16:58
[12/10 03:53:51 d2.evaluation.evaluator]: Inference done 3091/3943. Dataloading: 0.0021 s/iter. Inference: 0.0776 s/iter. Eval: 1.1075 s/iter. Total: 1.1873 s/iter. ETA=0:16:51
[12/10 03:53:57 d2.evaluation.evaluator]: Inference done 3098/3943. Dataloading: 0.0021 s/iter. Inference: 0.0776 s/iter. Eval: 1.1065 s/iter. Total: 1.1864 s/iter. ETA=0:16:42
[12/10 03:54:02 d2.evaluation.evaluator]: Inference done 3104/3943. Dataloading: 0.0021 s/iter. Inference: 0.0776 s/iter. Eval: 1.1059 s/iter. Total: 1.1858 s/iter. ETA=0:16:34
[12/10 03:54:07 d2.evaluation.evaluator]: Inference done 3109/3943. Dataloading: 0.0021 s/iter. Inference: 0.0776 s/iter. Eval: 1.1057 s/iter. Total: 1.1855 s/iter. ETA=0:16:28
[12/10 03:54:12 d2.evaluation.evaluator]: Inference done 3115/3943. Dataloading: 0.0021 s/iter. Inference: 0.0776 s/iter. Eval: 1.1051 s/iter. Total: 1.1850 s/iter. ETA=0:16:21
[12/10 03:54:19 d2.evaluation.evaluator]: Inference done 3120/3943. Dataloading: 0.0021 s/iter. Inference: 0.0776 s/iter. Eval: 1.1051 s/iter. Total: 1.1850 s/iter. ETA=0:16:15
[12/10 03:54:24 d2.evaluation.evaluator]: Inference done 3124/3943. Dataloading: 0.0021 s/iter. Inference: 0.0776 s/iter. Eval: 1.1053 s/iter. Total: 1.1852 s/iter. ETA=0:16:10
[12/10 03:54:29 d2.evaluation.evaluator]: Inference done 3131/3943. Dataloading: 0.0021 s/iter. Inference: 0.0776 s/iter. Eval: 1.1044 s/iter. Total: 1.1843 s/iter. ETA=0:16:01
[12/10 03:54:35 d2.evaluation.evaluator]: Inference done 3137/3943. Dataloading: 0.0021 s/iter. Inference: 0.0776 s/iter. Eval: 1.1040 s/iter. Total: 1.1839 s/iter. ETA=0:15:54
[12/10 03:54:41 d2.evaluation.evaluator]: Inference done 3142/3943. Dataloading: 0.0021 s/iter. Inference: 0.0776 s/iter. Eval: 1.1040 s/iter. Total: 1.1839 s/iter. ETA=0:15:48
[12/10 03:54:48 d2.evaluation.evaluator]: Inference done 3149/3943. Dataloading: 0.0021 s/iter. Inference: 0.0776 s/iter. Eval: 1.1037 s/iter. Total: 1.1836 s/iter. ETA=0:15:39
[12/10 03:54:55 d2.evaluation.evaluator]: Inference done 3155/3943. Dataloading: 0.0021 s/iter. Inference: 0.0776 s/iter. Eval: 1.1035 s/iter. Total: 1.1833 s/iter. ETA=0:15:32
[12/10 03:55:00 d2.evaluation.evaluator]: Inference done 3160/3943. Dataloading: 0.0021 s/iter. Inference: 0.0776 s/iter. Eval: 1.1033 s/iter. Total: 1.1831 s/iter. ETA=0:15:26
[12/10 03:55:06 d2.evaluation.evaluator]: Inference done 3166/3943. Dataloading: 0.0021 s/iter. Inference: 0.0776 s/iter. Eval: 1.1030 s/iter. Total: 1.1828 s/iter. ETA=0:15:19
[12/10 03:55:12 d2.evaluation.evaluator]: Inference done 3169/3943. Dataloading: 0.0021 s/iter. Inference: 0.0776 s/iter. Eval: 1.1036 s/iter. Total: 1.1834 s/iter. ETA=0:15:15
[12/10 03:55:17 d2.evaluation.evaluator]: Inference done 3173/3943. Dataloading: 0.0021 s/iter. Inference: 0.0776 s/iter. Eval: 1.1038 s/iter. Total: 1.1836 s/iter. ETA=0:15:11
[12/10 03:55:24 d2.evaluation.evaluator]: Inference done 3178/3943. Dataloading: 0.0021 s/iter. Inference: 0.0776 s/iter. Eval: 1.1041 s/iter. Total: 1.1840 s/iter. ETA=0:15:05
[12/10 03:55:30 d2.evaluation.evaluator]: Inference done 3185/3943. Dataloading: 0.0021 s/iter. Inference: 0.0776 s/iter. Eval: 1.1035 s/iter. Total: 1.1834 s/iter. ETA=0:14:56
[12/10 03:55:36 d2.evaluation.evaluator]: Inference done 3191/3943. Dataloading: 0.0021 s/iter. Inference: 0.0776 s/iter. Eval: 1.1029 s/iter. Total: 1.1828 s/iter. ETA=0:14:49
[12/10 03:55:41 d2.evaluation.evaluator]: Inference done 3196/3943. Dataloading: 0.0021 s/iter. Inference: 0.0776 s/iter. Eval: 1.1028 s/iter. Total: 1.1826 s/iter. ETA=0:14:43
[12/10 03:55:46 d2.evaluation.evaluator]: Inference done 3201/3943. Dataloading: 0.0021 s/iter. Inference: 0.0776 s/iter. Eval: 1.1025 s/iter. Total: 1.1824 s/iter. ETA=0:14:37
[12/10 03:55:52 d2.evaluation.evaluator]: Inference done 3205/3943. Dataloading: 0.0021 s/iter. Inference: 0.0776 s/iter. Eval: 1.1027 s/iter. Total: 1.1826 s/iter. ETA=0:14:32
[12/10 03:55:57 d2.evaluation.evaluator]: Inference done 3211/3943. Dataloading: 0.0021 s/iter. Inference: 0.0776 s/iter. Eval: 1.1021 s/iter. Total: 1.1820 s/iter. ETA=0:14:25
[12/10 03:56:02 d2.evaluation.evaluator]: Inference done 3216/3943. Dataloading: 0.0021 s/iter. Inference: 0.0776 s/iter. Eval: 1.1021 s/iter. Total: 1.1819 s/iter. ETA=0:14:19
[12/10 03:56:08 d2.evaluation.evaluator]: Inference done 3221/3943. Dataloading: 0.0021 s/iter. Inference: 0.0776 s/iter. Eval: 1.1019 s/iter. Total: 1.1818 s/iter. ETA=0:14:13
[12/10 03:56:15 d2.evaluation.evaluator]: Inference done 3226/3943. Dataloading: 0.0021 s/iter. Inference: 0.0776 s/iter. Eval: 1.1023 s/iter. Total: 1.1822 s/iter. ETA=0:14:07
[12/10 03:56:20 d2.evaluation.evaluator]: Inference done 3230/3943. Dataloading: 0.0021 s/iter. Inference: 0.0776 s/iter. Eval: 1.1024 s/iter. Total: 1.1823 s/iter. ETA=0:14:02
[12/10 03:56:25 d2.evaluation.evaluator]: Inference done 3233/3943. Dataloading: 0.0021 s/iter. Inference: 0.0776 s/iter. Eval: 1.1029 s/iter. Total: 1.1828 s/iter. ETA=0:13:59
[12/10 03:56:33 d2.evaluation.evaluator]: Inference done 3239/3943. Dataloading: 0.0021 s/iter. Inference: 0.0776 s/iter. Eval: 1.1030 s/iter. Total: 1.1828 s/iter. ETA=0:13:52
[12/10 03:56:38 d2.evaluation.evaluator]: Inference done 3245/3943. Dataloading: 0.0021 s/iter. Inference: 0.0776 s/iter. Eval: 1.1025 s/iter. Total: 1.1824 s/iter. ETA=0:13:45
[12/10 03:56:44 d2.evaluation.evaluator]: Inference done 3250/3943. Dataloading: 0.0021 s/iter. Inference: 0.0776 s/iter. Eval: 1.1024 s/iter. Total: 1.1822 s/iter. ETA=0:13:39
[12/10 03:56:49 d2.evaluation.evaluator]: Inference done 3254/3943. Dataloading: 0.0021 s/iter. Inference: 0.0776 s/iter. Eval: 1.1025 s/iter. Total: 1.1824 s/iter. ETA=0:13:34
[12/10 03:56:55 d2.evaluation.evaluator]: Inference done 3260/3943. Dataloading: 0.0021 s/iter. Inference: 0.0776 s/iter. Eval: 1.1022 s/iter. Total: 1.1821 s/iter. ETA=0:13:27
[12/10 03:57:01 d2.evaluation.evaluator]: Inference done 3265/3943. Dataloading: 0.0021 s/iter. Inference: 0.0776 s/iter. Eval: 1.1022 s/iter. Total: 1.1821 s/iter. ETA=0:13:21
[12/10 03:57:07 d2.evaluation.evaluator]: Inference done 3269/3943. Dataloading: 0.0021 s/iter. Inference: 0.0776 s/iter. Eval: 1.1027 s/iter. Total: 1.1825 s/iter. ETA=0:13:17
[12/10 03:57:12 d2.evaluation.evaluator]: Inference done 3275/3943. Dataloading: 0.0021 s/iter. Inference: 0.0776 s/iter. Eval: 1.1021 s/iter. Total: 1.1820 s/iter. ETA=0:13:09
[12/10 03:57:18 d2.evaluation.evaluator]: Inference done 3281/3943. Dataloading: 0.0021 s/iter. Inference: 0.0776 s/iter. Eval: 1.1017 s/iter. Total: 1.1816 s/iter. ETA=0:13:02
[12/10 03:57:23 d2.evaluation.evaluator]: Inference done 3287/3943. Dataloading: 0.0021 s/iter. Inference: 0.0776 s/iter. Eval: 1.1012 s/iter. Total: 1.1811 s/iter. ETA=0:12:54
[12/10 03:57:29 d2.evaluation.evaluator]: Inference done 3292/3943. Dataloading: 0.0021 s/iter. Inference: 0.0776 s/iter. Eval: 1.1010 s/iter. Total: 1.1809 s/iter. ETA=0:12:48
[12/10 03:57:34 d2.evaluation.evaluator]: Inference done 3299/3943. Dataloading: 0.0021 s/iter. Inference: 0.0776 s/iter. Eval: 1.1001 s/iter. Total: 1.1800 s/iter. ETA=0:12:39
[12/10 03:57:39 d2.evaluation.evaluator]: Inference done 3304/3943. Dataloading: 0.0021 s/iter. Inference: 0.0776 s/iter. Eval: 1.0999 s/iter. Total: 1.1797 s/iter. ETA=0:12:33
[12/10 03:57:45 d2.evaluation.evaluator]: Inference done 3310/3943. Dataloading: 0.0021 s/iter. Inference: 0.0776 s/iter. Eval: 1.0995 s/iter. Total: 1.1793 s/iter. ETA=0:12:26
[12/10 03:57:51 d2.evaluation.evaluator]: Inference done 3316/3943. Dataloading: 0.0021 s/iter. Inference: 0.0776 s/iter. Eval: 1.0991 s/iter. Total: 1.1789 s/iter. ETA=0:12:19
[12/10 03:57:57 d2.evaluation.evaluator]: Inference done 3321/3943. Dataloading: 0.0021 s/iter. Inference: 0.0776 s/iter. Eval: 1.0993 s/iter. Total: 1.1791 s/iter. ETA=0:12:13
[12/10 03:58:03 d2.evaluation.evaluator]: Inference done 3327/3943. Dataloading: 0.0021 s/iter. Inference: 0.0776 s/iter. Eval: 1.0988 s/iter. Total: 1.1787 s/iter. ETA=0:12:06
[12/10 03:58:09 d2.evaluation.evaluator]: Inference done 3332/3943. Dataloading: 0.0021 s/iter. Inference: 0.0776 s/iter. Eval: 1.0988 s/iter. Total: 1.1786 s/iter. ETA=0:12:00
[12/10 03:58:15 d2.evaluation.evaluator]: Inference done 3338/3943. Dataloading: 0.0021 s/iter. Inference: 0.0776 s/iter. Eval: 1.0986 s/iter. Total: 1.1784 s/iter. ETA=0:11:52
[12/10 03:58:20 d2.evaluation.evaluator]: Inference done 3343/3943. Dataloading: 0.0021 s/iter. Inference: 0.0776 s/iter. Eval: 1.0983 s/iter. Total: 1.1781 s/iter. ETA=0:11:46
[12/10 03:58:26 d2.evaluation.evaluator]: Inference done 3347/3943. Dataloading: 0.0021 s/iter. Inference: 0.0776 s/iter. Eval: 1.0988 s/iter. Total: 1.1786 s/iter. ETA=0:11:42
[12/10 03:58:32 d2.evaluation.evaluator]: Inference done 3352/3943. Dataloading: 0.0021 s/iter. Inference: 0.0776 s/iter. Eval: 1.0989 s/iter. Total: 1.1787 s/iter. ETA=0:11:36
[12/10 03:58:39 d2.evaluation.evaluator]: Inference done 3359/3943. Dataloading: 0.0021 s/iter. Inference: 0.0776 s/iter. Eval: 1.0983 s/iter. Total: 1.1781 s/iter. ETA=0:11:28
[12/10 03:58:44 d2.evaluation.evaluator]: Inference done 3363/3943. Dataloading: 0.0021 s/iter. Inference: 0.0776 s/iter. Eval: 1.0986 s/iter. Total: 1.1784 s/iter. ETA=0:11:23
[12/10 03:58:51 d2.evaluation.evaluator]: Inference done 3370/3943. Dataloading: 0.0021 s/iter. Inference: 0.0775 s/iter. Eval: 1.0982 s/iter. Total: 1.1780 s/iter. ETA=0:11:14
[12/10 03:58:57 d2.evaluation.evaluator]: Inference done 3376/3943. Dataloading: 0.0021 s/iter. Inference: 0.0775 s/iter. Eval: 1.0978 s/iter. Total: 1.1776 s/iter. ETA=0:11:07
[12/10 03:59:02 d2.evaluation.evaluator]: Inference done 3382/3943. Dataloading: 0.0021 s/iter. Inference: 0.0775 s/iter. Eval: 1.0972 s/iter. Total: 1.1770 s/iter. ETA=0:11:00
[12/10 03:59:08 d2.evaluation.evaluator]: Inference done 3386/3943. Dataloading: 0.0021 s/iter. Inference: 0.0775 s/iter. Eval: 1.0977 s/iter. Total: 1.1775 s/iter. ETA=0:10:55
[12/10 03:59:14 d2.evaluation.evaluator]: Inference done 3391/3943. Dataloading: 0.0021 s/iter. Inference: 0.0775 s/iter. Eval: 1.0976 s/iter. Total: 1.1774 s/iter. ETA=0:10:49
[12/10 03:59:19 d2.evaluation.evaluator]: Inference done 3396/3943. Dataloading: 0.0021 s/iter. Inference: 0.0775 s/iter. Eval: 1.0974 s/iter. Total: 1.1772 s/iter. ETA=0:10:43
[12/10 03:59:24 d2.evaluation.evaluator]: Inference done 3402/3943. Dataloading: 0.0021 s/iter. Inference: 0.0775 s/iter. Eval: 1.0969 s/iter. Total: 1.1767 s/iter. ETA=0:10:36
[12/10 03:59:30 d2.evaluation.evaluator]: Inference done 3407/3943. Dataloading: 0.0021 s/iter. Inference: 0.0775 s/iter. Eval: 1.0968 s/iter. Total: 1.1766 s/iter. ETA=0:10:30
[12/10 03:59:35 d2.evaluation.evaluator]: Inference done 3412/3943. Dataloading: 0.0021 s/iter. Inference: 0.0775 s/iter. Eval: 1.0966 s/iter. Total: 1.1764 s/iter. ETA=0:10:24
[12/10 03:59:41 d2.evaluation.evaluator]: Inference done 3419/3943. Dataloading: 0.0021 s/iter. Inference: 0.0775 s/iter. Eval: 1.0959 s/iter. Total: 1.1757 s/iter. ETA=0:10:16
[12/10 03:59:48 d2.evaluation.evaluator]: Inference done 3425/3943. Dataloading: 0.0021 s/iter. Inference: 0.0775 s/iter. Eval: 1.0957 s/iter. Total: 1.1755 s/iter. ETA=0:10:08
[12/10 03:59:54 d2.evaluation.evaluator]: Inference done 3430/3943. Dataloading: 0.0021 s/iter. Inference: 0.0775 s/iter. Eval: 1.0958 s/iter. Total: 1.1756 s/iter. ETA=0:10:03
[12/10 03:59:59 d2.evaluation.evaluator]: Inference done 3435/3943. Dataloading: 0.0021 s/iter. Inference: 0.0775 s/iter. Eval: 1.0956 s/iter. Total: 1.1754 s/iter. ETA=0:09:57
[12/10 04:00:05 d2.evaluation.evaluator]: Inference done 3440/3943. Dataloading: 0.0021 s/iter. Inference: 0.0775 s/iter. Eval: 1.0956 s/iter. Total: 1.1754 s/iter. ETA=0:09:51
[12/10 04:00:11 d2.evaluation.evaluator]: Inference done 3446/3943. Dataloading: 0.0021 s/iter. Inference: 0.0775 s/iter. Eval: 1.0953 s/iter. Total: 1.1751 s/iter. ETA=0:09:44
[12/10 04:00:16 d2.evaluation.evaluator]: Inference done 3453/3943. Dataloading: 0.0021 s/iter. Inference: 0.0775 s/iter. Eval: 1.0946 s/iter. Total: 1.1744 s/iter. ETA=0:09:35
[12/10 04:00:21 d2.evaluation.evaluator]: Inference done 3457/3943. Dataloading: 0.0021 s/iter. Inference: 0.0775 s/iter. Eval: 1.0947 s/iter. Total: 1.1745 s/iter. ETA=0:09:30
[12/10 04:00:27 d2.evaluation.evaluator]: Inference done 3462/3943. Dataloading: 0.0021 s/iter. Inference: 0.0775 s/iter. Eval: 1.0945 s/iter. Total: 1.1743 s/iter. ETA=0:09:24
[12/10 04:00:32 d2.evaluation.evaluator]: Inference done 3466/3943. Dataloading: 0.0021 s/iter. Inference: 0.0775 s/iter. Eval: 1.0946 s/iter. Total: 1.1744 s/iter. ETA=0:09:20
[12/10 04:00:37 d2.evaluation.evaluator]: Inference done 3472/3943. Dataloading: 0.0021 s/iter. Inference: 0.0775 s/iter. Eval: 1.0941 s/iter. Total: 1.1739 s/iter. ETA=0:09:12
[12/10 04:00:43 d2.evaluation.evaluator]: Inference done 3478/3943. Dataloading: 0.0021 s/iter. Inference: 0.0775 s/iter. Eval: 1.0938 s/iter. Total: 1.1735 s/iter. ETA=0:09:05
[12/10 04:00:49 d2.evaluation.evaluator]: Inference done 3485/3943. Dataloading: 0.0021 s/iter. Inference: 0.0775 s/iter. Eval: 1.0931 s/iter. Total: 1.1729 s/iter. ETA=0:08:57
[12/10 04:00:55 d2.evaluation.evaluator]: Inference done 3490/3943. Dataloading: 0.0021 s/iter. Inference: 0.0775 s/iter. Eval: 1.0931 s/iter. Total: 1.1728 s/iter. ETA=0:08:51
[12/10 04:01:00 d2.evaluation.evaluator]: Inference done 3496/3943. Dataloading: 0.0021 s/iter. Inference: 0.0775 s/iter. Eval: 1.0928 s/iter. Total: 1.1725 s/iter. ETA=0:08:44
[12/10 04:01:07 d2.evaluation.evaluator]: Inference done 3501/3943. Dataloading: 0.0021 s/iter. Inference: 0.0775 s/iter. Eval: 1.0928 s/iter. Total: 1.1726 s/iter. ETA=0:08:38
[12/10 04:01:12 d2.evaluation.evaluator]: Inference done 3506/3943. Dataloading: 0.0021 s/iter. Inference: 0.0775 s/iter. Eval: 1.0927 s/iter. Total: 1.1724 s/iter. ETA=0:08:32
[12/10 04:01:17 d2.evaluation.evaluator]: Inference done 3509/3943. Dataloading: 0.0021 s/iter. Inference: 0.0775 s/iter. Eval: 1.0931 s/iter. Total: 1.1728 s/iter. ETA=0:08:29
[12/10 04:01:23 d2.evaluation.evaluator]: Inference done 3513/3943. Dataloading: 0.0021 s/iter. Inference: 0.0775 s/iter. Eval: 1.0936 s/iter. Total: 1.1734 s/iter. ETA=0:08:24
[12/10 04:01:29 d2.evaluation.evaluator]: Inference done 3518/3943. Dataloading: 0.0021 s/iter. Inference: 0.0775 s/iter. Eval: 1.0935 s/iter. Total: 1.1733 s/iter. ETA=0:08:18
[12/10 04:01:34 d2.evaluation.evaluator]: Inference done 3523/3943. Dataloading: 0.0021 s/iter. Inference: 0.0775 s/iter. Eval: 1.0933 s/iter. Total: 1.1731 s/iter. ETA=0:08:12
[12/10 04:01:39 d2.evaluation.evaluator]: Inference done 3528/3943. Dataloading: 0.0021 s/iter. Inference: 0.0775 s/iter. Eval: 1.0931 s/iter. Total: 1.1729 s/iter. ETA=0:08:06
[12/10 04:01:44 d2.evaluation.evaluator]: Inference done 3533/3943. Dataloading: 0.0021 s/iter. Inference: 0.0775 s/iter. Eval: 1.0929 s/iter. Total: 1.1726 s/iter. ETA=0:08:00
[12/10 04:01:50 d2.evaluation.evaluator]: Inference done 3539/3943. Dataloading: 0.0021 s/iter. Inference: 0.0775 s/iter. Eval: 1.0924 s/iter. Total: 1.1721 s/iter. ETA=0:07:53
[12/10 04:01:55 d2.evaluation.evaluator]: Inference done 3545/3943. Dataloading: 0.0021 s/iter. Inference: 0.0775 s/iter. Eval: 1.0919 s/iter. Total: 1.1716 s/iter. ETA=0:07:46
[12/10 04:02:00 d2.evaluation.evaluator]: Inference done 3550/3943. Dataloading: 0.0021 s/iter. Inference: 0.0775 s/iter. Eval: 1.0918 s/iter. Total: 1.1715 s/iter. ETA=0:07:40
[12/10 04:02:06 d2.evaluation.evaluator]: Inference done 3555/3943. Dataloading: 0.0021 s/iter. Inference: 0.0775 s/iter. Eval: 1.0917 s/iter. Total: 1.1714 s/iter. ETA=0:07:34
[12/10 04:02:11 d2.evaluation.evaluator]: Inference done 3560/3943. Dataloading: 0.0021 s/iter. Inference: 0.0775 s/iter. Eval: 1.0915 s/iter. Total: 1.1712 s/iter. ETA=0:07:28
[12/10 04:02:16 d2.evaluation.evaluator]: Inference done 3566/3943. Dataloading: 0.0021 s/iter. Inference: 0.0775 s/iter. Eval: 1.0911 s/iter. Total: 1.1708 s/iter. ETA=0:07:21
[12/10 04:02:22 d2.evaluation.evaluator]: Inference done 3572/3943. Dataloading: 0.0021 s/iter. Inference: 0.0775 s/iter. Eval: 1.0906 s/iter. Total: 1.1703 s/iter. ETA=0:07:14
[12/10 04:02:28 d2.evaluation.evaluator]: Inference done 3577/3943. Dataloading: 0.0021 s/iter. Inference: 0.0775 s/iter. Eval: 1.0908 s/iter. Total: 1.1705 s/iter. ETA=0:07:08
[12/10 04:02:34 d2.evaluation.evaluator]: Inference done 3582/3943. Dataloading: 0.0021 s/iter. Inference: 0.0775 s/iter. Eval: 1.0907 s/iter. Total: 1.1704 s/iter. ETA=0:07:02
[12/10 04:02:40 d2.evaluation.evaluator]: Inference done 3587/3943. Dataloading: 0.0021 s/iter. Inference: 0.0774 s/iter. Eval: 1.0909 s/iter. Total: 1.1706 s/iter. ETA=0:06:56
[12/10 04:02:46 d2.evaluation.evaluator]: Inference done 3593/3943. Dataloading: 0.0021 s/iter. Inference: 0.0774 s/iter. Eval: 1.0905 s/iter. Total: 1.1702 s/iter. ETA=0:06:49
[12/10 04:02:51 d2.evaluation.evaluator]: Inference done 3597/3943. Dataloading: 0.0021 s/iter. Inference: 0.0774 s/iter. Eval: 1.0906 s/iter. Total: 1.1703 s/iter. ETA=0:06:44
[12/10 04:02:57 d2.evaluation.evaluator]: Inference done 3601/3943. Dataloading: 0.0021 s/iter. Inference: 0.0774 s/iter. Eval: 1.0909 s/iter. Total: 1.1706 s/iter. ETA=0:06:40
[12/10 04:03:02 d2.evaluation.evaluator]: Inference done 3605/3943. Dataloading: 0.0021 s/iter. Inference: 0.0774 s/iter. Eval: 1.0910 s/iter. Total: 1.1707 s/iter. ETA=0:06:35
[12/10 04:03:08 d2.evaluation.evaluator]: Inference done 3612/3943. Dataloading: 0.0021 s/iter. Inference: 0.0774 s/iter. Eval: 1.0904 s/iter. Total: 1.1701 s/iter. ETA=0:06:27
[12/10 04:03:13 d2.evaluation.evaluator]: Inference done 3617/3943. Dataloading: 0.0021 s/iter. Inference: 0.0774 s/iter. Eval: 1.0903 s/iter. Total: 1.1699 s/iter. ETA=0:06:21
[12/10 04:03:18 d2.evaluation.evaluator]: Inference done 3622/3943. Dataloading: 0.0021 s/iter. Inference: 0.0774 s/iter. Eval: 1.0901 s/iter. Total: 1.1698 s/iter. ETA=0:06:15
[12/10 04:03:25 d2.evaluation.evaluator]: Inference done 3629/3943. Dataloading: 0.0021 s/iter. Inference: 0.0774 s/iter. Eval: 1.0896 s/iter. Total: 1.1693 s/iter. ETA=0:06:07
[12/10 04:03:30 d2.evaluation.evaluator]: Inference done 3633/3943. Dataloading: 0.0021 s/iter. Inference: 0.0774 s/iter. Eval: 1.0898 s/iter. Total: 1.1695 s/iter. ETA=0:06:02
[12/10 04:03:36 d2.evaluation.evaluator]: Inference done 3639/3943. Dataloading: 0.0021 s/iter. Inference: 0.0774 s/iter. Eval: 1.0894 s/iter. Total: 1.1690 s/iter. ETA=0:05:55
[12/10 04:03:41 d2.evaluation.evaluator]: Inference done 3645/3943. Dataloading: 0.0021 s/iter. Inference: 0.0774 s/iter. Eval: 1.0889 s/iter. Total: 1.1685 s/iter. ETA=0:05:48
[12/10 04:03:46 d2.evaluation.evaluator]: Inference done 3650/3943. Dataloading: 0.0021 s/iter. Inference: 0.0774 s/iter. Eval: 1.0886 s/iter. Total: 1.1683 s/iter. ETA=0:05:42
[12/10 04:03:52 d2.evaluation.evaluator]: Inference done 3656/3943. Dataloading: 0.0021 s/iter. Inference: 0.0774 s/iter. Eval: 1.0885 s/iter. Total: 1.1681 s/iter. ETA=0:05:35
[12/10 04:03:58 d2.evaluation.evaluator]: Inference done 3662/3943. Dataloading: 0.0021 s/iter. Inference: 0.0774 s/iter. Eval: 1.0881 s/iter. Total: 1.1677 s/iter. ETA=0:05:28
[12/10 04:04:03 d2.evaluation.evaluator]: Inference done 3666/3943. Dataloading: 0.0021 s/iter. Inference: 0.0774 s/iter. Eval: 1.0882 s/iter. Total: 1.1679 s/iter. ETA=0:05:23
[12/10 04:04:08 d2.evaluation.evaluator]: Inference done 3670/3943. Dataloading: 0.0021 s/iter. Inference: 0.0774 s/iter. Eval: 1.0884 s/iter. Total: 1.1681 s/iter. ETA=0:05:18
[12/10 04:04:14 d2.evaluation.evaluator]: Inference done 3676/3943. Dataloading: 0.0021 s/iter. Inference: 0.0774 s/iter. Eval: 1.0881 s/iter. Total: 1.1677 s/iter. ETA=0:05:11
[12/10 04:04:19 d2.evaluation.evaluator]: Inference done 3682/3943. Dataloading: 0.0021 s/iter. Inference: 0.0774 s/iter. Eval: 1.0876 s/iter. Total: 1.1672 s/iter. ETA=0:05:04
[12/10 04:04:24 d2.evaluation.evaluator]: Inference done 3687/3943. Dataloading: 0.0021 s/iter. Inference: 0.0774 s/iter. Eval: 1.0874 s/iter. Total: 1.1670 s/iter. ETA=0:04:58
[12/10 04:04:29 d2.evaluation.evaluator]: Inference done 3692/3943. Dataloading: 0.0021 s/iter. Inference: 0.0774 s/iter. Eval: 1.0872 s/iter. Total: 1.1668 s/iter. ETA=0:04:52
[12/10 04:04:35 d2.evaluation.evaluator]: Inference done 3697/3943. Dataloading: 0.0021 s/iter. Inference: 0.0774 s/iter. Eval: 1.0872 s/iter. Total: 1.1668 s/iter. ETA=0:04:47
[12/10 04:04:41 d2.evaluation.evaluator]: Inference done 3703/3943. Dataloading: 0.0021 s/iter. Inference: 0.0774 s/iter. Eval: 1.0867 s/iter. Total: 1.1664 s/iter. ETA=0:04:39
[12/10 04:04:47 d2.evaluation.evaluator]: Inference done 3708/3943. Dataloading: 0.0021 s/iter. Inference: 0.0774 s/iter. Eval: 1.0869 s/iter. Total: 1.1666 s/iter. ETA=0:04:34
[12/10 04:04:53 d2.evaluation.evaluator]: Inference done 3714/3943. Dataloading: 0.0021 s/iter. Inference: 0.0774 s/iter. Eval: 1.0867 s/iter. Total: 1.1663 s/iter. ETA=0:04:27
[12/10 04:04:59 d2.evaluation.evaluator]: Inference done 3719/3943. Dataloading: 0.0021 s/iter. Inference: 0.0774 s/iter. Eval: 1.0867 s/iter. Total: 1.1663 s/iter. ETA=0:04:21
[12/10 04:05:05 d2.evaluation.evaluator]: Inference done 3725/3943. Dataloading: 0.0021 s/iter. Inference: 0.0774 s/iter. Eval: 1.0864 s/iter. Total: 1.1660 s/iter. ETA=0:04:14
[12/10 04:05:10 d2.evaluation.evaluator]: Inference done 3731/3943. Dataloading: 0.0021 s/iter. Inference: 0.0774 s/iter. Eval: 1.0859 s/iter. Total: 1.1655 s/iter. ETA=0:04:07
[12/10 04:05:15 d2.evaluation.evaluator]: Inference done 3735/3943. Dataloading: 0.0021 s/iter. Inference: 0.0774 s/iter. Eval: 1.0861 s/iter. Total: 1.1657 s/iter. ETA=0:04:02
[12/10 04:05:21 d2.evaluation.evaluator]: Inference done 3742/3943. Dataloading: 0.0021 s/iter. Inference: 0.0774 s/iter. Eval: 1.0854 s/iter. Total: 1.1650 s/iter. ETA=0:03:54
[12/10 04:05:26 d2.evaluation.evaluator]: Inference done 3749/3943. Dataloading: 0.0021 s/iter. Inference: 0.0774 s/iter. Eval: 1.0847 s/iter. Total: 1.1643 s/iter. ETA=0:03:45
[12/10 04:05:32 d2.evaluation.evaluator]: Inference done 3753/3943. Dataloading: 0.0021 s/iter. Inference: 0.0774 s/iter. Eval: 1.0850 s/iter. Total: 1.1646 s/iter. ETA=0:03:41
[12/10 04:05:38 d2.evaluation.evaluator]: Inference done 3760/3943. Dataloading: 0.0021 s/iter. Inference: 0.0774 s/iter. Eval: 1.0843 s/iter. Total: 1.1639 s/iter. ETA=0:03:32
[12/10 04:05:43 d2.evaluation.evaluator]: Inference done 3766/3943. Dataloading: 0.0021 s/iter. Inference: 0.0774 s/iter. Eval: 1.0839 s/iter. Total: 1.1635 s/iter. ETA=0:03:25
[12/10 04:05:49 d2.evaluation.evaluator]: Inference done 3772/3943. Dataloading: 0.0021 s/iter. Inference: 0.0774 s/iter. Eval: 1.0835 s/iter. Total: 1.1631 s/iter. ETA=0:03:18
[12/10 04:05:54 d2.evaluation.evaluator]: Inference done 3776/3943. Dataloading: 0.0021 s/iter. Inference: 0.0774 s/iter. Eval: 1.0837 s/iter. Total: 1.1634 s/iter. ETA=0:03:14
[12/10 04:06:00 d2.evaluation.evaluator]: Inference done 3781/3943. Dataloading: 0.0021 s/iter. Inference: 0.0774 s/iter. Eval: 1.0836 s/iter. Total: 1.1632 s/iter. ETA=0:03:08
[12/10 04:06:06 d2.evaluation.evaluator]: Inference done 3785/3943. Dataloading: 0.0021 s/iter. Inference: 0.0774 s/iter. Eval: 1.0841 s/iter. Total: 1.1637 s/iter. ETA=0:03:03
[12/10 04:06:12 d2.evaluation.evaluator]: Inference done 3792/3943. Dataloading: 0.0021 s/iter. Inference: 0.0774 s/iter. Eval: 1.0834 s/iter. Total: 1.1630 s/iter. ETA=0:02:55
[12/10 04:06:18 d2.evaluation.evaluator]: Inference done 3800/3943. Dataloading: 0.0021 s/iter. Inference: 0.0774 s/iter. Eval: 1.0827 s/iter. Total: 1.1622 s/iter. ETA=0:02:46
[12/10 04:06:23 d2.evaluation.evaluator]: Inference done 3804/3943. Dataloading: 0.0021 s/iter. Inference: 0.0774 s/iter. Eval: 1.0829 s/iter. Total: 1.1625 s/iter. ETA=0:02:41
[12/10 04:06:29 d2.evaluation.evaluator]: Inference done 3810/3943. Dataloading: 0.0021 s/iter. Inference: 0.0774 s/iter. Eval: 1.0825 s/iter. Total: 1.1621 s/iter. ETA=0:02:34
[12/10 04:06:34 d2.evaluation.evaluator]: Inference done 3814/3943. Dataloading: 0.0021 s/iter. Inference: 0.0774 s/iter. Eval: 1.0826 s/iter. Total: 1.1622 s/iter. ETA=0:02:29
[12/10 04:06:40 d2.evaluation.evaluator]: Inference done 3819/3943. Dataloading: 0.0021 s/iter. Inference: 0.0774 s/iter. Eval: 1.0826 s/iter. Total: 1.1622 s/iter. ETA=0:02:24
[12/10 04:06:46 d2.evaluation.evaluator]: Inference done 3826/3943. Dataloading: 0.0021 s/iter. Inference: 0.0774 s/iter. Eval: 1.0820 s/iter. Total: 1.1616 s/iter. ETA=0:02:15
[12/10 04:06:52 d2.evaluation.evaluator]: Inference done 3832/3943. Dataloading: 0.0021 s/iter. Inference: 0.0773 s/iter. Eval: 1.0817 s/iter. Total: 1.1613 s/iter. ETA=0:02:08
[12/10 04:06:57 d2.evaluation.evaluator]: Inference done 3836/3943. Dataloading: 0.0021 s/iter. Inference: 0.0773 s/iter. Eval: 1.0819 s/iter. Total: 1.1615 s/iter. ETA=0:02:04
[12/10 04:07:03 d2.evaluation.evaluator]: Inference done 3841/3943. Dataloading: 0.0021 s/iter. Inference: 0.0773 s/iter. Eval: 1.0819 s/iter. Total: 1.1615 s/iter. ETA=0:01:58
[12/10 04:07:08 d2.evaluation.evaluator]: Inference done 3847/3943. Dataloading: 0.0021 s/iter. Inference: 0.0773 s/iter. Eval: 1.0816 s/iter. Total: 1.1611 s/iter. ETA=0:01:51
[12/10 04:07:14 d2.evaluation.evaluator]: Inference done 3853/3943. Dataloading: 0.0021 s/iter. Inference: 0.0773 s/iter. Eval: 1.0813 s/iter. Total: 1.1609 s/iter. ETA=0:01:44
[12/10 04:07:20 d2.evaluation.evaluator]: Inference done 3858/3943. Dataloading: 0.0021 s/iter. Inference: 0.0773 s/iter. Eval: 1.0814 s/iter. Total: 1.1609 s/iter. ETA=0:01:38
[12/10 04:07:25 d2.evaluation.evaluator]: Inference done 3865/3943. Dataloading: 0.0021 s/iter. Inference: 0.0773 s/iter. Eval: 1.0806 s/iter. Total: 1.1601 s/iter. ETA=0:01:30
[12/10 04:07:32 d2.evaluation.evaluator]: Inference done 3872/3943. Dataloading: 0.0021 s/iter. Inference: 0.0773 s/iter. Eval: 1.0801 s/iter. Total: 1.1597 s/iter. ETA=0:01:22
[12/10 04:07:37 d2.evaluation.evaluator]: Inference done 3877/3943. Dataloading: 0.0021 s/iter. Inference: 0.0773 s/iter. Eval: 1.0799 s/iter. Total: 1.1595 s/iter. ETA=0:01:16
[12/10 04:07:42 d2.evaluation.evaluator]: Inference done 3882/3943. Dataloading: 0.0021 s/iter. Inference: 0.0773 s/iter. Eval: 1.0797 s/iter. Total: 1.1593 s/iter. ETA=0:01:10
[12/10 04:07:47 d2.evaluation.evaluator]: Inference done 3885/3943. Dataloading: 0.0021 s/iter. Inference: 0.0773 s/iter. Eval: 1.0802 s/iter. Total: 1.1597 s/iter. ETA=0:01:07
[12/10 04:07:52 d2.evaluation.evaluator]: Inference done 3891/3943. Dataloading: 0.0021 s/iter. Inference: 0.0773 s/iter. Eval: 1.0798 s/iter. Total: 1.1593 s/iter. ETA=0:01:00
[12/10 04:07:58 d2.evaluation.evaluator]: Inference done 3897/3943. Dataloading: 0.0021 s/iter. Inference: 0.0773 s/iter. Eval: 1.0794 s/iter. Total: 1.1589 s/iter. ETA=0:00:53
[12/10 04:08:03 d2.evaluation.evaluator]: Inference done 3902/3943. Dataloading: 0.0021 s/iter. Inference: 0.0773 s/iter. Eval: 1.0792 s/iter. Total: 1.1588 s/iter. ETA=0:00:47
[12/10 04:08:09 d2.evaluation.evaluator]: Inference done 3906/3943. Dataloading: 0.0021 s/iter. Inference: 0.0773 s/iter. Eval: 1.0795 s/iter. Total: 1.1591 s/iter. ETA=0:00:42
[12/10 04:08:15 d2.evaluation.evaluator]: Inference done 3912/3943. Dataloading: 0.0021 s/iter. Inference: 0.0773 s/iter. Eval: 1.0792 s/iter. Total: 1.1588 s/iter. ETA=0:00:35
[12/10 04:08:21 d2.evaluation.evaluator]: Inference done 3918/3943. Dataloading: 0.0021 s/iter. Inference: 0.0773 s/iter. Eval: 1.0791 s/iter. Total: 1.1587 s/iter. ETA=0:00:28
[12/10 04:08:26 d2.evaluation.evaluator]: Inference done 3923/3943. Dataloading: 0.0021 s/iter. Inference: 0.0773 s/iter. Eval: 1.0789 s/iter. Total: 1.1585 s/iter. ETA=0:00:23
[12/10 04:08:31 d2.evaluation.evaluator]: Inference done 3929/3943. Dataloading: 0.0021 s/iter. Inference: 0.0773 s/iter. Eval: 1.0785 s/iter. Total: 1.1580 s/iter. ETA=0:00:16
[12/10 04:08:37 d2.evaluation.evaluator]: Inference done 3934/3943. Dataloading: 0.0021 s/iter. Inference: 0.0773 s/iter. Eval: 1.0784 s/iter. Total: 1.1580 s/iter. ETA=0:00:10
[12/10 04:08:44 d2.evaluation.evaluator]: Inference done 3938/3943. Dataloading: 0.0021 s/iter. Inference: 0.0773 s/iter. Eval: 1.0790 s/iter. Total: 1.1585 s/iter. ETA=0:00:05
[12/10 04:08:48 d2.evaluation.evaluator]: Total inference time: 1:16:01.109165 (1.158230 s / iter per device, on 1 devices)
[12/10 04:08:48 d2.evaluation.evaluator]: Total inference pure compute time: 0:05:04 (0.077323 s / iter per device, on 1 devices)
[12/10 04:08:52 d2.evaluation.sem_seg_evaluation]: OrderedDict([('sem_seg', {'mIoU': 43.0697480361953, 'fwIoU': 78.46320255074937, 'IoU-road': 79.48384281059997, 'IoU-sidewalk': 47.21553115963948, 'IoU-building': 84.20723444801651, 'IoU-wall': 35.434689790194824, 'IoU-bridge': 27.79510012206714, 'IoU-tunnel': 40.24073467758813, 'IoU-traffic sign': 3.7354089037908573, 'IoU-traffic light': 23.191546678247402, 'IoU-pole': 22.061660060410425, 'IoU-fence': 25.05611741437905, 'IoU-sky': 96.69779117377114, 'IoU-vegetation': 86.04614104240747, 'IoU-terrain': 39.900549604263766, 'IoU-water': 26.727445649291347, 'IoU-snow': 62.9988759856723, 'IoU-sand': 31.86308850466621, 'IoU-person': 65.29033320129606, 'IoU-rider': 4.873228183477206, 'IoU-car': 86.62030511047169, 'IoU-truck': 60.79575011260955, 'IoU-bus': 58.17983056070395, 'IoU-train': 9.225166211663046, 'IoU-bicycle': 46.63614951461904, 'IoU-motorcycle': 50.32528611816738, 'IoU-animal': 45.099663776064645, 'IoU-signboard': 18.226586120215018, 'IoU-railway': 15.304814076627405, 'IoU-boat': 11.217326002202933, 'IoU-chair': 37.43402791894612, 'IoU-trash can': 50.20821615378893, 'mACC': 56.48975393584211, 'pACC': 86.47086712353025, 'ACC-road': 94.34913141639161, 'ACC-sidewalk': 52.33995922713041, 'ACC-building': 94.27470007791882, 'ACC-wall': 45.6102389877617, 'ACC-bridge': 83.355299262166, 'ACC-tunnel': 44.24675740094101, 'ACC-traffic sign': 10.928362523400073, 'ACC-traffic light': 31.5777743549296, 'ACC-pole': 24.520324784693617, 'ACC-fence': 31.216476112080993, 'ACC-sky': 98.8142881712425, 'ACC-vegetation': 92.90944933440186, 'ACC-terrain': 46.459558118252794, 'ACC-water': 33.97708062746215, 'ACC-snow': 68.06304060410004, 'ACC-sand': 51.30549954467565, 'ACC-person': 85.90458751830016, 'ACC-rider': 5.199975242446639, 'ACC-car': 95.2861537518149, 'ACC-truck': 82.61215469320403, 'ACC-bus': 80.2712521125811, 'ACC-train': 9.329245978118724, 'ACC-bicycle': 79.82487094453491, 'ACC-motorcycle': 62.433505101761, 'ACC-animal': 48.197896604215366, 'ACC-signboard': 33.743587830338846, 'ACC-railway': 16.589613935304907, 'ACC-boat': 74.12326857776867, 'ACC-chair': 57.554428699633974, 'ACC-trash can': 59.67413653769149})])
[12/10 04:08:52 d2.engine.defaults]: Evaluation results for mapillary_train_val_seg_30 in csv format:
[12/10 04:08:52 d2.evaluation.testing]: copypaste: Task: sem_seg
[12/10 04:08:52 d2.evaluation.testing]: copypaste: mIoU,fwIoU,mACC,pACC
[12/10 04:08:52 d2.evaluation.testing]: copypaste: 43.0697,78.4632,56.4898,86.4709
/data/zd/TTA_VLM/S2_Corr/train_net.py:16: FutureWarning: In the future `np.bool` will be defined as the corresponding NumPy scalar.
  if not hasattr(np, _name):
/data/zd/TTA_VLM/S2_Corr/train_net.py:16: FutureWarning: In the future `np.object` will be defined as the corresponding NumPy scalar.
  if not hasattr(np, _name):
/data/zd/TTA_VLM/S2_Corr/train_net.py:18: FutureWarning: In the future `np.long` will be defined as the corresponding NumPy scalar.
  if not hasattr(np, "long"):
/data2/anaconda3/envs/DeCLIP_CATSeg/lib/python3.10/site-packages/torchvision/datapoints/__init__.py:12: UserWarning: The torchvision.datapoints and torchvision.transforms.v2 namespaces are still Beta. While we do not expect major breaking changes, some APIs may still change according to user feedback. Please submit any feedback you may have in this issue: https://github.com/pytorch/vision/issues/6753, and you can also check out https://github.com/pytorch/vision/issues/7319 to learn more about the APIs that we suspect might involve future changes. You can silence this warning by calling torchvision.disable_beta_transforms_warning().
  warnings.warn(_BETA_TRANSFORMS_WARNING)
/data2/anaconda3/envs/DeCLIP_CATSeg/lib/python3.10/site-packages/torchvision/transforms/v2/__init__.py:54: UserWarning: The torchvision.datapoints and torchvision.transforms.v2 namespaces are still Beta. While we do not expect major breaking changes, some APIs may still change according to user feedback. Please submit any feedback you may have in this issue: https://github.com/pytorch/vision/issues/6753, and you can also check out https://github.com/pytorch/vision/issues/7319 to learn more about the APIs that we suspect might involve future changes. You can silence this warning by calling torchvision.disable_beta_transforms_warning().
  warnings.warn(_BETA_TRANSFORMS_WARNING)
Please 'pip install apex'
Command Line Args: Namespace(config_file='configs/cs7_catseg.yaml', resume=False, eval_only=True, num_gpus=1, num_machines=1, machine_rank=0, dist_url='auto', opts=['OUTPUT_DIR', 'outputs/cs7_eva_b16_r512/eval', 'MODEL.SEM_SEG_HEAD.TEST_CLASS_JSON', 'datasets/roadwork_10.json', 'MODEL.SEM_SEG_HEAD.ENABLE_HIGH_RES', 'False', 'DATASETS.TEST', '("roadwork10_semseg_val",)', 'TEST.SLIDING_WINDOW', 'True', 'MODEL.SEM_SEG_HEAD.POOLING_SIZES', '[1,1]', 'MODEL.WEIGHTS', 'outputs/cs7_eva_b16_r512/model_0019999.pth'])
[12/10 04:08:57 detectron2]: Rank of current process: 0. World size: 1
[12/10 04:08:58 detectron2]: Environment info:
----------------------  ------------------------------------------------------------------------------------------
sys.platform            linux
Python                  3.10.0 (default, Mar  3 2022, 09:58:08) [GCC 7.5.0]
numpy                   1.26.4
detectron2              0.6 @/data2/anaconda3/envs/DeCLIP_CATSeg/lib/python3.10/site-packages/detectron2
Compiler                GCC 7.5
CUDA compiler           CUDA 11.6
detectron2 arch flags   8.0
DETECTRON2_ENV_MODULE   <not set>
PyTorch                 2.0.0+cu117 @/data2/anaconda3/envs/DeCLIP_CATSeg/lib/python3.10/site-packages/torch
PyTorch debug build     False
GPU available           Yes
GPU 0                   GeForce RTX 3090 (arch=8.6)
Driver version          460.84
CUDA_HOME               /usr/local/cuda-11.6
TORCH_CUDA_ARCH_LIST    8.0
Pillow                  9.1.0
torchvision             0.15.1+cu117 @/data2/anaconda3/envs/DeCLIP_CATSeg/lib/python3.10/site-packages/torchvision
torchvision arch flags  3.5, 5.0, 6.0, 7.0, 7.5, 8.0, 8.6
fvcore                  0.1.5.post20221221
iopath                  0.1.9
cv2                     4.11.0
----------------------  ------------------------------------------------------------------------------------------
PyTorch built with:
  - GCC 9.3
  - C++ Version: 201703
  - Intel(R) oneAPI Math Kernel Library Version 2022.2-Product Build 20220804 for Intel(R) 64 architecture applications
  - Intel(R) MKL-DNN v2.7.3 (Git Hash 6dbeffbae1f23cbbeae17adb7b5b13f1f37c080e)
  - OpenMP 201511 (a.k.a. OpenMP 4.5)
  - LAPACK is enabled (usually provided by MKL)
  - NNPACK is enabled
  - CPU capability usage: AVX2
  - CUDA Runtime 11.7
  - NVCC architecture flags: -gencode;arch=compute_37,code=sm_37;-gencode;arch=compute_50,code=sm_50;-gencode;arch=compute_60,code=sm_60;-gencode;arch=compute_70,code=sm_70;-gencode;arch=compute_75,code=sm_75;-gencode;arch=compute_80,code=sm_80;-gencode;arch=compute_86,code=sm_86
  - CuDNN 8.5
  - Magma 2.6.1
  - Build settings: BLAS_INFO=mkl, BUILD_TYPE=Release, CUDA_VERSION=11.7, CUDNN_VERSION=8.5.0, CXX_COMPILER=/opt/rh/devtoolset-9/root/usr/bin/c++, CXX_FLAGS= -D_GLIBCXX_USE_CXX11_ABI=0 -fabi-version=11 -Wno-deprecated -fvisibility-inlines-hidden -DUSE_PTHREADPOOL -DNDEBUG -DUSE_KINETO -DLIBKINETO_NOROCTRACER -DUSE_FBGEMM -DUSE_QNNPACK -DUSE_PYTORCH_QNNPACK -DUSE_XNNPACK -DSYMBOLICATE_MOBILE_DEBUG_HANDLE -O2 -fPIC -Wall -Wextra -Werror=return-type -Werror=non-virtual-dtor -Werror=bool-operation -Wnarrowing -Wno-missing-field-initializers -Wno-type-limits -Wno-array-bounds -Wno-unknown-pragmas -Wunused-local-typedefs -Wno-unused-parameter -Wno-unused-function -Wno-unused-result -Wno-strict-overflow -Wno-strict-aliasing -Wno-error=deprecated-declarations -Wno-stringop-overflow -Wno-psabi -Wno-error=pedantic -Wno-error=redundant-decls -Wno-error=old-style-cast -fdiagnostics-color=always -faligned-new -Wno-unused-but-set-variable -Wno-maybe-uninitialized -fno-math-errno -fno-trapping-math -Werror=format -Werror=cast-function-type -Wno-stringop-overflow, LAPACK_INFO=mkl, PERF_WITH_AVX=1, PERF_WITH_AVX2=1, PERF_WITH_AVX512=1, TORCH_DISABLE_GPU_ASSERTS=ON, TORCH_VERSION=2.0.0, USE_CUDA=ON, USE_CUDNN=ON, USE_EXCEPTION_PTR=1, USE_GFLAGS=OFF, USE_GLOG=OFF, USE_MKL=ON, USE_MKLDNN=ON, USE_MPI=OFF, USE_NCCL=1, USE_NNPACK=ON, USE_OPENMP=ON, USE_ROCM=OFF, 

[12/10 04:08:58 detectron2]: Command line arguments: Namespace(config_file='configs/cs7_catseg.yaml', resume=False, eval_only=True, num_gpus=1, num_machines=1, machine_rank=0, dist_url='auto', opts=['OUTPUT_DIR', 'outputs/cs7_eva_b16_r512/eval', 'MODEL.SEM_SEG_HEAD.TEST_CLASS_JSON', 'datasets/roadwork_10.json', 'MODEL.SEM_SEG_HEAD.ENABLE_HIGH_RES', 'False', 'DATASETS.TEST', '("roadwork10_semseg_val",)', 'TEST.SLIDING_WINDOW', 'True', 'MODEL.SEM_SEG_HEAD.POOLING_SIZES', '[1,1]', 'MODEL.WEIGHTS', 'outputs/cs7_eva_b16_r512/model_0019999.pth'])
[12/10 04:08:58 detectron2]: Contents of args.config_file=configs/cs7_catseg.yaml:
_BASE_: config.yaml
DATASETS:
  TRAIN: ("cityscapes7_train",)
  TEST:  ("cityscapes19_val",)
MODEL:
  META_ARCHITECTURE: "CATSeg"
  PIXEL_MEAN: [123.675, 116.280, 103.530]
  PIXEL_STD: [58.395, 57.120, 57.375]
  SEM_SEG_HEAD:
    NAME: "CATSegHead"
    IN_FEATURES: [ "res2", "res3", "res4" ]
    IGNORE_VALUE: 255
    NUM_CLASSES: 19
    TRAIN_CLASS_JSON: "datasets/cityscapes_seen_7.json"
    TEST_CLASS_JSON:  "datasets/cityscapes_19.json"
    CLIP_PRETRAINED: "EVA02-CLIP-B-16"
    PROMPT_DEPTH: 0
    PROMPT_LENGTH: 0
    TEXT_GUIDANCE_DIM: 512
    TEXT_GUIDANCE_PROJ_DIM: 128
    APPEARANCE_GUIDANCE_DIM: 512
    APPEARANCE_GUIDANCE_PROJ_DIM: 128
    DECODER_DIMS: [ 64, 32 ]
    DECODER_GUIDANCE_DIMS: [ 256, 128 ]
    DECODER_GUIDANCE_PROJ_DIMS: [ 32, 16 ]
    NUM_LAYERS: 1
    NUM_HEADS: 4
    HIDDEN_DIMS: 128
    POOLING_SIZES: [ 1, 1 ]
    FEATURE_RESOLUTION: [ 32, 32 ]
    WINDOW_SIZES: 16
    ATTENTION_TYPE: "mamba"
    CLIP_FINETUNE: "vision_plus"
    CACHE_DIR: "/data/zd/TTA_VLM/DeCLIP-ZSSS/Pretrain/EVA02_CLIP_B_psz16_s8B.pt"
    ENABLE_HIGH_RES: "False"
  PROMPT_ENSEMBLE_TYPE: "multi_domain"
INPUT:
  MIN_SIZE_TRAIN: (512, 768)
  MIN_SIZE_TRAIN_SAMPLING: "choice"
  MAX_SIZE_TRAIN: 1024
  MIN_SIZE_TEST: 512
  MAX_SIZE_TEST: 1024
  CROP:
    ENABLED: True
    TYPE: "absolute"
    SIZE: (512, 512)
  SIZE_DIVISIBILITY: 32
  FORMAT: "RGB"
  DATASET_MAPPER_NAME: "mask_former_semantic"
SOLVER:
  IMS_PER_BATCH: 4
  LR_SCHEDULER_NAME: "WarmupCosineLR"
  BASE_LR: 0.0002
  MAX_ITER: 20000
  BACKBONE_MULTIPLIER: 0.0
  CLIP_MULTIPLIER: 0.01
TEST:
  EVAL_PERIOD: 40000
  SLIDING_WINDOW: True
  SW_KERNEL: 512
  SW_OVERLAP: 0.333
  SW_OUT_RES: [512, 1024]
[12/10 04:08:58 detectron2]: Running with full config:
CUDNN_BENCHMARK: true
DATALOADER:
  ASPECT_RATIO_GROUPING: true
  FILTER_EMPTY_ANNOTATIONS: true
  NUM_WORKERS: 8
  REPEAT_THRESHOLD: 0.0
  SAMPLER_TRAIN: TrainingSampler
DATASETS:
  PRECOMPUTED_PROPOSAL_TOPK_TEST: 1000
  PRECOMPUTED_PROPOSAL_TOPK_TRAIN: 2000
  PROPOSAL_FILES_TEST: []
  PROPOSAL_FILES_TRAIN: []
  TEST:
  - roadwork10_semseg_val
  TRAIN:
  - cityscapes7_train
  VAL_ALL:
  - coco_2017_val_all_stuff_sem_seg
DDP:
  BROADCAST_BUFFERS: false
  FIND_UNUSED_PARAMETERS: true
GLOBAL:
  HACK: 1.0
INPUT:
  COLOR_AUG_SSD: true
  CROP:
    ENABLED: true
    SINGLE_CATEGORY_MAX_AREA: 1.0
    SIZE:
    - 512
    - 512
    TYPE: absolute
  DATASET_MAPPER_NAME: mask_former_semantic
  FORMAT: RGB
  MASK_FORMAT: polygon
  MAX_SIZE_TEST: 1024
  MAX_SIZE_TRAIN: 1024
  MIN_SIZE_TEST: 512
  MIN_SIZE_TRAIN:
  - 512
  - 768
  MIN_SIZE_TRAIN_SAMPLING: choice
  RANDOM_FLIP: horizontal
  SIZE_DIVISIBILITY: 32
MODEL:
  ANCHOR_GENERATOR:
    ANGLES:
    - - -90
      - 0
      - 90
    ASPECT_RATIOS:
    - - 0.5
      - 1.0
      - 2.0
    NAME: DefaultAnchorGenerator
    OFFSET: 0.0
    SIZES:
    - - 32
      - 64
      - 128
      - 256
      - 512
  BACKBONE:
    FREEZE_AT: 2
    NAME: build_resnet_backbone
  CLIP_PIXEL_MEAN:
  - 122.7709383
  - 116.7460125
  - 104.09373615
  CLIP_PIXEL_STD:
  - 68.5005327
  - 66.6321579
  - 70.323163
  DEVICE: cuda
  FPN:
    FUSE_TYPE: sum
    IN_FEATURES: []
    NORM: ''
    OUT_CHANNELS: 256
  KEYPOINT_ON: false
  LOAD_PROPOSALS: false
  MASK_FORMER:
    SIZE_DIVISIBILITY: 32
  MASK_ON: false
  META_ARCHITECTURE: CATSeg
  PANOPTIC_FPN:
    COMBINE:
      ENABLED: true
      INSTANCES_CONFIDENCE_THRESH: 0.5
      OVERLAP_THRESH: 0.5
      STUFF_AREA_LIMIT: 4096
    INSTANCE_LOSS_WEIGHT: 1.0
  PIXEL_MEAN:
  - 123.675
  - 116.28
  - 103.53
  PIXEL_STD:
  - 58.395
  - 57.12
  - 57.375
  PROMPT_ENSEMBLE: false
  PROMPT_ENSEMBLE_TYPE: multi_domain
  PROPOSAL_GENERATOR:
    MIN_SIZE: 0
    NAME: RPN
  RESNETS:
    DEFORM_MODULATED: false
    DEFORM_NUM_GROUPS: 1
    DEFORM_ON_PER_STAGE:
    - false
    - false
    - false
    - false
    DEPTH: 50
    NORM: FrozenBN
    NUM_GROUPS: 1
    OUT_FEATURES:
    - res4
    RES2_OUT_CHANNELS: 256
    RES4_DILATION: 1
    RES5_DILATION: 1
    RES5_MULTI_GRID:
    - 1
    - 2
    - 4
    STEM_OUT_CHANNELS: 64
    STEM_TYPE: deeplab
    STRIDE_IN_1X1: true
    WIDTH_PER_GROUP: 64
  RETINANET:
    BBOX_REG_LOSS_TYPE: smooth_l1
    BBOX_REG_WEIGHTS: &id002
    - 1.0
    - 1.0
    - 1.0
    - 1.0
    FOCAL_LOSS_ALPHA: 0.25
    FOCAL_LOSS_GAMMA: 2.0
    IN_FEATURES:
    - p3
    - p4
    - p5
    - p6
    - p7
    IOU_LABELS:
    - 0
    - -1
    - 1
    IOU_THRESHOLDS:
    - 0.4
    - 0.5
    NMS_THRESH_TEST: 0.5
    NORM: ''
    NUM_CLASSES: 80
    NUM_CONVS: 4
    PRIOR_PROB: 0.01
    SCORE_THRESH_TEST: 0.05
    SMOOTH_L1_LOSS_BETA: 0.1
    TOPK_CANDIDATES_TEST: 1000
  ROI_BOX_CASCADE_HEAD:
    BBOX_REG_WEIGHTS:
    - &id001
      - 10.0
      - 10.0
      - 5.0
      - 5.0
    - - 20.0
      - 20.0
      - 10.0
      - 10.0
    - - 30.0
      - 30.0
      - 15.0
      - 15.0
    IOUS:
    - 0.5
    - 0.6
    - 0.7
  ROI_BOX_HEAD:
    BBOX_REG_LOSS_TYPE: smooth_l1
    BBOX_REG_LOSS_WEIGHT: 1.0
    BBOX_REG_WEIGHTS: *id001
    CLS_AGNOSTIC_BBOX_REG: false
    CONV_DIM: 256
    FC_DIM: 1024
    NAME: ''
    NORM: ''
    NUM_CONV: 0
    NUM_FC: 0
    POOLER_RESOLUTION: 14
    POOLER_SAMPLING_RATIO: 0
    POOLER_TYPE: ROIAlignV2
    SMOOTH_L1_BETA: 0.0
    TRAIN_ON_PRED_BOXES: false
  ROI_HEADS:
    BATCH_SIZE_PER_IMAGE: 512
    IN_FEATURES:
    - res4
    IOU_LABELS:
    - 0
    - 1
    IOU_THRESHOLDS:
    - 0.5
    NAME: Res5ROIHeads
    NMS_THRESH_TEST: 0.5
    NUM_CLASSES: 80
    POSITIVE_FRACTION: 0.25
    PROPOSAL_APPEND_GT: true
    SCORE_THRESH_TEST: 0.05
  ROI_KEYPOINT_HEAD:
    CONV_DIMS:
    - 512
    - 512
    - 512
    - 512
    - 512
    - 512
    - 512
    - 512
    LOSS_WEIGHT: 1.0
    MIN_KEYPOINTS_PER_IMAGE: 1
    NAME: KRCNNConvDeconvUpsampleHead
    NORMALIZE_LOSS_BY_VISIBLE_KEYPOINTS: true
    NUM_KEYPOINTS: 17
    POOLER_RESOLUTION: 14
    POOLER_SAMPLING_RATIO: 0
    POOLER_TYPE: ROIAlignV2
  ROI_MASK_HEAD:
    CLS_AGNOSTIC_MASK: false
    CONV_DIM: 256
    NAME: MaskRCNNConvUpsampleHead
    NORM: ''
    NUM_CONV: 0
    POOLER_RESOLUTION: 14
    POOLER_SAMPLING_RATIO: 0
    POOLER_TYPE: ROIAlignV2
  RPN:
    BATCH_SIZE_PER_IMAGE: 256
    BBOX_REG_LOSS_TYPE: smooth_l1
    BBOX_REG_LOSS_WEIGHT: 1.0
    BBOX_REG_WEIGHTS: *id002
    BOUNDARY_THRESH: -1
    CONV_DIMS:
    - -1
    HEAD_NAME: StandardRPNHead
    IN_FEATURES:
    - res4
    IOU_LABELS:
    - 0
    - -1
    - 1
    IOU_THRESHOLDS:
    - 0.3
    - 0.7
    LOSS_WEIGHT: 1.0
    NMS_THRESH: 0.7
    POSITIVE_FRACTION: 0.5
    POST_NMS_TOPK_TEST: 1000
    POST_NMS_TOPK_TRAIN: 2000
    PRE_NMS_TOPK_TEST: 6000
    PRE_NMS_TOPK_TRAIN: 12000
    SMOOTH_L1_BETA: 0.0
  SEM_SEG_HEAD:
    APPEARANCE_GUIDANCE_DIM: 512
    APPEARANCE_GUIDANCE_PROJ_DIM: 128
    ASPP_CHANNELS: 256
    ASPP_DILATIONS:
    - 6
    - 12
    - 18
    ASPP_DROPOUT: 0.1
    ATTENTION_TYPE: mamba
    CACHE_DIR: /data/zd/TTA_VLM/DeCLIP-ZSSS/Pretrain/EVA02_CLIP_B_psz16_s8B.pt
    CLIP_FINETUNE: vision_plus
    CLIP_PRETRAINED: EVA02-CLIP-B-16
    COMMON_STRIDE: 4
    CONVS_DIM: 128
    DECODER_DIMS:
    - 64
    - 32
    DECODER_GUIDANCE_DIMS:
    - 256
    - 128
    DECODER_GUIDANCE_PROJ_DIMS:
    - 32
    - 16
    ENABLE_HIGH_RES: false
    FEATURE_RESOLUTION:
    - 32
    - 32
    HIDDEN_DIMS: 128
    IGNORE_VALUE: 255
    IN_FEATURES:
    - res2
    - res3
    - res4
    LOSS_TYPE: hard_pixel_mining
    LOSS_WEIGHT: 1.0
    NAME: CATSegHead
    NORM: GN
    NUM_CLASSES: 19
    NUM_HEADS: 4
    NUM_LAYERS: 1
    POOLING_SIZES:
    - 1
    - 1
    PROJECT_CHANNELS:
    - 48
    PROJECT_FEATURES:
    - res2
    PROMPT_DEPTH: 0
    PROMPT_LENGTH: 0
    TEST_CLASS_INDEXES: datasets/coco/coco_stuff/split/unseen_indexes.json
    TEST_CLASS_JSON: datasets/roadwork_10.json
    TEXT_GUIDANCE_DIM: 512
    TEXT_GUIDANCE_PROJ_DIM: 128
    TRAIN_CLASS_INDEXES: datasets/coco/coco_stuff/split/seen_indexes.json
    TRAIN_CLASS_JSON: datasets/cityscapes_seen_7.json
    USE_DEPTHWISE_SEPARABLE_CONV: false
    WINDOW_SIZES: 16
  SWIN:
    APE: false
    ATTN_DROP_RATE: 0.0
    DEPTHS:
    - 2
    - 2
    - 6
    - 2
    DROP_PATH_RATE: 0.3
    DROP_RATE: 0.0
    EMBED_DIM: 96
    MLP_RATIO: 4.0
    NUM_HEADS:
    - 3
    - 6
    - 12
    - 24
    OUT_FEATURES:
    - res2
    - res3
    - res4
    - res5
    PATCH_NORM: true
    PATCH_SIZE: 4
    PRETRAIN_IMG_SIZE: 224
    QKV_BIAS: true
    QK_SCALE: null
    WINDOW_SIZE: 7
  WEIGHTS: outputs/cs7_eva_b16_r512/model_0019999.pth
OUTPUT_DIR: outputs/cs7_eva_b16_r512/eval
SEED: -1
SOLVER:
  AMP:
    ENABLED: false
  BACKBONE_MULTIPLIER: 0.0
  BASE_LR: 0.0002
  BIAS_LR_FACTOR: 1.0
  CHECKPOINT_PERIOD: 5000
  CLIP_GRADIENTS:
    CLIP_TYPE: full_model
    CLIP_VALUE: 0.01
    ENABLED: true
    NORM_TYPE: 2.0
  CLIP_MULTIPLIER: 0.01
  GAMMA: 0.1
  IMS_PER_BATCH: 4
  LR_SCHEDULER_NAME: WarmupCosineLR
  MAX_ITER: 20000
  MOMENTUM: 0.9
  NESTEROV: false
  OPTIMIZER: ADAMW
  POLY_LR_CONSTANT_ENDING: 0.0
  POLY_LR_POWER: 0.9
  REFERENCE_WORLD_SIZE: 0
  STEPS:
  - 30000
  WARMUP_FACTOR: 1.0
  WARMUP_ITERS: 0
  WARMUP_METHOD: linear
  WEIGHT_DECAY: 0.0001
  WEIGHT_DECAY_BIAS: null
  WEIGHT_DECAY_EMBED: 0.0
  WEIGHT_DECAY_NORM: 0.0
TEST:
  AUG:
    ENABLED: false
    FLIP: true
    MAX_SIZE: 4000
    MIN_SIZES:
    - 400
    - 500
    - 600
    - 700
    - 800
    - 900
    - 1000
    - 1100
    - 1200
  DETECTIONS_PER_IMAGE: 100
  EVAL_PERIOD: 40000
  EXPECTED_RESULTS: []
  KEYPOINT_OKS_SIGMAS: []
  PRECISE_BN:
    ENABLED: false
    NUM_ITER: 200
  SLIDING_WINDOW: true
  SW_KERNEL: 512
  SW_OUT_RES:
  - 512
  - 1024
  SW_OVERLAP: 0.333
VERSION: 2
VIS_PERIOD: 0

[12/10 04:08:58 detectron2]: Full config saved to outputs/cs7_eva_b16_r512/eval/config.yaml
[12/10 04:08:58 d2.utils.env]: Using a generated random seed 58239960
Freeze text encoder parameters
[12/10 04:09:03 d2.engine.defaults]: Model:
CATSeg(
  (sem_seg_head): CATSegHead(
    (predictor): CATSegPredictor(
      (clip_model): CustomCLIP(
        (visual): EVAVisionTransformer(
          (patch_embed): PatchEmbed(
            (proj): Conv2d(3, 768, kernel_size=(16, 16), stride=(16, 16))
          )
          (pos_drop): Dropout(p=0.0, inplace=False)
          (rope): VisionRotaryEmbeddingFast()
          (blocks): ModuleList(
            (0-11): 12 x Block(
              (norm1): LayerNorm((768,), eps=1e-06, elementwise_affine=True)
              (attn): Attention(
                (q_proj): Linear(in_features=768, out_features=768, bias=False)
                (k_proj): Linear(in_features=768, out_features=768, bias=False)
                (v_proj): Linear(in_features=768, out_features=768, bias=False)
                (attn_drop): Dropout(p=0.0, inplace=False)
                (inner_attn_ln): LayerNorm((768,), eps=1e-06, elementwise_affine=True)
                (proj): Linear(in_features=768, out_features=768, bias=True)
                (proj_drop): Dropout(p=0.0, inplace=False)
                (rope): VisionRotaryEmbeddingFast()
              )
              (drop_path): Identity()
              (norm2): LayerNorm((768,), eps=1e-06, elementwise_affine=True)
              (mlp): SwiGLU(
                (w1): Linear(in_features=768, out_features=2048, bias=True)
                (w2): Linear(in_features=768, out_features=2048, bias=True)
                (act): SiLU()
                (ffn_ln): LayerNorm((2048,), eps=1e-06, elementwise_affine=True)
                (w3): Linear(in_features=2048, out_features=768, bias=True)
                (drop): Dropout(p=0.0, inplace=False)
              )
            )
          )
          (norm): LayerNorm((768,), eps=1e-06, elementwise_affine=True)
          (head): Linear(in_features=768, out_features=512, bias=True)
          (patch_dropout): Identity()
        )
        (text): TextTransformer(
          (token_embedding): Embedding(49408, 512)
          (transformer): Transformer(
            (resblocks): ModuleList(
              (0-11): 12 x ResidualAttentionBlock(
                (ln_1): LayerNorm((512,), eps=1e-05, elementwise_affine=True)
                (attn): Attention(
                  (attn_drop): Dropout(p=0.0, inplace=False)
                  (out_proj): Linear(in_features=512, out_features=512, bias=True)
                  (out_drop): Dropout(p=0.0, inplace=False)
                )
                (ls_1): Identity()
                (ln_2): LayerNorm((512,), eps=1e-05, elementwise_affine=True)
                (mlp): Sequential(
                  (c_fc): Linear(in_features=512, out_features=2048, bias=True)
                  (gelu): GELU(approximate='none')
                  (c_proj): Linear(in_features=2048, out_features=512, bias=True)
                )
                (ls_2): Identity()
              )
            )
          )
          (ln_final): LayerNorm((512,), eps=1e-05, elementwise_affine=True)
        )
      )
      (transformer): AggregatorMambaLite(
        (layers): ModuleList(
          (0): Sequential(
            (0): AxialMambaBlockLite_v2(
              (film): FiLM2D(
                (pool): AdaptiveAvgPool2d(output_size=1)
                (fc): Conv2d(128, 256, kernel_size=(1, 1), stride=(1, 1))
              )
              (pre_mix): Sequential(
                (0): Conv2d(128, 128, kernel_size=(3, 3), stride=(1, 1), padding=(1, 1), groups=128)
                (1): Conv2d(128, 128, kernel_size=(1, 1), stride=(1, 1))
                (2): GELU(approximate='none')
              )
              (seq_row): Mamba1DWithDecayPrior(
                (out_norm): LayerNorm((128,), eps=1e-05, elementwise_affine=True)
                (gate): Sequential(
                  (0): Linear(in_features=128, out_features=128, bias=True)
                  (1): SiLU()
                )
                (proj_in): Linear(in_features=128, out_features=384, bias=True)
                (drop): Dropout(p=0.0, inplace=False)
              )
              (post_proj): Conv2d(128, 128, kernel_size=(1, 1), stride=(1, 1))
              (norm_tok): LayerNorm((128,), eps=1e-05, elementwise_affine=True)
              (ffn): Sequential(
                (0): Linear(in_features=128, out_features=384, bias=True)
                (1): GELU(approximate='none')
                (2): Linear(in_features=384, out_features=128, bias=True)
              )
              (down): Identity()
            )
            (1): ClassMambaLayerLite(
              (pool): AvgPool2d(kernel_size=[1, 1], stride=[1, 1], padding=0)
              (guid_proj): Linear(in_features=128, out_features=256, bias=True)
              (seq_block): _Mamba1DAdapterLite(
                (blocks): ModuleList(
                  (0): PseudoMamba1D(
                    (gate): Sequential(
                      (0): Linear(in_features=128, out_features=128, bias=True)
                      (1): SiLU()
                    )
                    (proj_in): Linear(in_features=128, out_features=384, bias=True)
                    (out_norm): LayerNorm((128,), eps=1e-05, elementwise_affine=True)
                    (drop): Dropout(p=0.0, inplace=False)
                  )
                )
                (norm): LayerNorm((128,), eps=1e-05, elementwise_affine=True)
              )
              (norm1): LayerNorm((128,), eps=1e-05, elementwise_affine=True)
              (norm2): LayerNorm((128,), eps=1e-05, elementwise_affine=True)
              (ffn): Sequential(
                (0): Linear(in_features=128, out_features=384, bias=True)
                (1): GELU(approximate='none')
                (2): Linear(in_features=384, out_features=128, bias=True)
              )
            )
          )
        )
        (conv1): Conv2d(1, 128, kernel_size=(7, 7), stride=(1, 1), padding=(3, 3))
        (guidance_projection): Sequential(
          (0): Conv2d(512, 128, kernel_size=(3, 3), stride=(1, 1), padding=(1, 1))
          (1): ReLU()
        )
        (text_guidance_projection): Sequential(
          (0): Linear(in_features=512, out_features=128, bias=True)
          (1): ReLU()
        )
        (decoder_guidance_projection): ModuleList(
          (0): Sequential(
            (0): Conv2d(256, 32, kernel_size=(3, 3), stride=(1, 1), padding=(1, 1))
            (1): ReLU()
          )
          (1): Sequential(
            (0): Conv2d(128, 16, kernel_size=(3, 3), stride=(1, 1), padding=(1, 1))
            (1): ReLU()
          )
        )
        (decoder1): UpLite(
          (up): ConvTranspose2d(128, 96, kernel_size=(2, 2), stride=(2, 2))
          (conv): Sequential(
            (0): Conv2d(128, 64, kernel_size=(3, 3), stride=(1, 1), padding=(1, 1), bias=False)
            (1): GroupNorm(4, 64, eps=1e-05, affine=True)
            (2): ReLU()
          )
        )
        (decoder2): UpLite(
          (up): ConvTranspose2d(64, 48, kernel_size=(2, 2), stride=(2, 2))
          (conv): Sequential(
            (0): Conv2d(64, 32, kernel_size=(3, 3), stride=(1, 1), padding=(1, 1), bias=False)
            (1): GroupNorm(2, 32, eps=1e-05, affine=True)
            (2): ReLU()
          )
        )
        (head): Conv2d(32, 1, kernel_size=(3, 3), stride=(1, 1), padding=(1, 1))
      )
    )
  )
  (upsample1): ConvTranspose2d(768, 256, kernel_size=(2, 2), stride=(2, 2))
  (upsample2): ConvTranspose2d(768, 128, kernel_size=(4, 4), stride=(4, 4))
)
[12/10 04:09:03 fvcore.common.checkpoint]: [Checkpointer] Loading from outputs/cs7_eva_b16_r512/model_0019999.pth ...
[12/10 04:09:04 d2.data.dataset_mapper]: [DatasetMapper] Augmentations used in inference: [ResizeShortestEdge(short_edge_length=(512, 512), max_size=1024, sample_style='choice')]
[12/10 04:09:04 d2.data.common]: Serializing 2098 elements to byte tensors and concatenating them all ...
[12/10 04:09:04 d2.data.common]: Serialized dataset takes 0.50 MiB
[12/10 04:09:04 d2.evaluation.evaluator]: Start inference on 2098 batches
Add a new rope freq of shape: torch.Size([1024, 64])
[12/10 04:09:08 d2.evaluation.evaluator]: Inference done 11/2098. Dataloading: 0.0016 s/iter. Inference: 0.0631 s/iter. Eval: 0.1388 s/iter. Total: 0.2035 s/iter. ETA=0:07:04
[12/10 04:09:13 d2.evaluation.evaluator]: Inference done 37/2098. Dataloading: 0.0016 s/iter. Inference: 0.0626 s/iter. Eval: 0.1338 s/iter. Total: 0.1980 s/iter. ETA=0:06:48
[12/10 04:09:18 d2.evaluation.evaluator]: Inference done 62/2098. Dataloading: 0.0017 s/iter. Inference: 0.0629 s/iter. Eval: 0.1360 s/iter. Total: 0.2006 s/iter. ETA=0:06:48
[12/10 04:09:23 d2.evaluation.evaluator]: Inference done 87/2098. Dataloading: 0.0017 s/iter. Inference: 0.0627 s/iter. Eval: 0.1363 s/iter. Total: 0.2008 s/iter. ETA=0:06:43
[12/10 04:09:28 d2.evaluation.evaluator]: Inference done 112/2098. Dataloading: 0.0017 s/iter. Inference: 0.0627 s/iter. Eval: 0.1371 s/iter. Total: 0.2015 s/iter. ETA=0:06:40
[12/10 04:09:33 d2.evaluation.evaluator]: Inference done 137/2098. Dataloading: 0.0017 s/iter. Inference: 0.0625 s/iter. Eval: 0.1372 s/iter. Total: 0.2015 s/iter. ETA=0:06:35
[12/10 04:09:38 d2.evaluation.evaluator]: Inference done 162/2098. Dataloading: 0.0018 s/iter. Inference: 0.0622 s/iter. Eval: 0.1375 s/iter. Total: 0.2016 s/iter. ETA=0:06:30
[12/10 04:09:43 d2.evaluation.evaluator]: Inference done 187/2098. Dataloading: 0.0018 s/iter. Inference: 0.0623 s/iter. Eval: 0.1376 s/iter. Total: 0.2017 s/iter. ETA=0:06:25
[12/10 04:09:49 d2.evaluation.evaluator]: Inference done 213/2098. Dataloading: 0.0018 s/iter. Inference: 0.0622 s/iter. Eval: 0.1367 s/iter. Total: 0.2008 s/iter. ETA=0:06:18
[12/10 04:09:54 d2.evaluation.evaluator]: Inference done 238/2098. Dataloading: 0.0018 s/iter. Inference: 0.0623 s/iter. Eval: 0.1369 s/iter. Total: 0.2011 s/iter. ETA=0:06:13
[12/10 04:09:59 d2.evaluation.evaluator]: Inference done 264/2098. Dataloading: 0.0018 s/iter. Inference: 0.0622 s/iter. Eval: 0.1361 s/iter. Total: 0.2002 s/iter. ETA=0:06:07
[12/10 04:10:04 d2.evaluation.evaluator]: Inference done 290/2098. Dataloading: 0.0018 s/iter. Inference: 0.0624 s/iter. Eval: 0.1355 s/iter. Total: 0.1998 s/iter. ETA=0:06:01
[12/10 04:10:09 d2.evaluation.evaluator]: Inference done 317/2098. Dataloading: 0.0018 s/iter. Inference: 0.0623 s/iter. Eval: 0.1345 s/iter. Total: 0.1987 s/iter. ETA=0:05:53
[12/10 04:10:14 d2.evaluation.evaluator]: Inference done 343/2098. Dataloading: 0.0018 s/iter. Inference: 0.0623 s/iter. Eval: 0.1339 s/iter. Total: 0.1982 s/iter. ETA=0:05:47
[12/10 04:10:19 d2.evaluation.evaluator]: Inference done 369/2098. Dataloading: 0.0018 s/iter. Inference: 0.0623 s/iter. Eval: 0.1339 s/iter. Total: 0.1981 s/iter. ETA=0:05:42
[12/10 04:10:24 d2.evaluation.evaluator]: Inference done 395/2098. Dataloading: 0.0018 s/iter. Inference: 0.0623 s/iter. Eval: 0.1338 s/iter. Total: 0.1981 s/iter. ETA=0:05:37
[12/10 04:10:29 d2.evaluation.evaluator]: Inference done 422/2098. Dataloading: 0.0018 s/iter. Inference: 0.0622 s/iter. Eval: 0.1333 s/iter. Total: 0.1974 s/iter. ETA=0:05:30
[12/10 04:10:34 d2.evaluation.evaluator]: Inference done 448/2098. Dataloading: 0.0019 s/iter. Inference: 0.0622 s/iter. Eval: 0.1330 s/iter. Total: 0.1972 s/iter. ETA=0:05:25
[12/10 04:10:39 d2.evaluation.evaluator]: Inference done 474/2098. Dataloading: 0.0019 s/iter. Inference: 0.0622 s/iter. Eval: 0.1328 s/iter. Total: 0.1969 s/iter. ETA=0:05:19
[12/10 04:10:44 d2.evaluation.evaluator]: Inference done 500/2098. Dataloading: 0.0019 s/iter. Inference: 0.0622 s/iter. Eval: 0.1326 s/iter. Total: 0.1967 s/iter. ETA=0:05:14
[12/10 04:10:49 d2.evaluation.evaluator]: Inference done 527/2098. Dataloading: 0.0019 s/iter. Inference: 0.0622 s/iter. Eval: 0.1324 s/iter. Total: 0.1965 s/iter. ETA=0:05:08
[12/10 04:10:54 d2.evaluation.evaluator]: Inference done 553/2098. Dataloading: 0.0019 s/iter. Inference: 0.0621 s/iter. Eval: 0.1323 s/iter. Total: 0.1964 s/iter. ETA=0:05:03
[12/10 04:11:00 d2.evaluation.evaluator]: Inference done 580/2098. Dataloading: 0.0019 s/iter. Inference: 0.0621 s/iter. Eval: 0.1321 s/iter. Total: 0.1961 s/iter. ETA=0:04:57
[12/10 04:11:05 d2.evaluation.evaluator]: Inference done 607/2098. Dataloading: 0.0019 s/iter. Inference: 0.0620 s/iter. Eval: 0.1319 s/iter. Total: 0.1958 s/iter. ETA=0:04:51
[12/10 04:11:10 d2.evaluation.evaluator]: Inference done 632/2098. Dataloading: 0.0019 s/iter. Inference: 0.0620 s/iter. Eval: 0.1321 s/iter. Total: 0.1960 s/iter. ETA=0:04:47
[12/10 04:11:15 d2.evaluation.evaluator]: Inference done 657/2098. Dataloading: 0.0019 s/iter. Inference: 0.0620 s/iter. Eval: 0.1324 s/iter. Total: 0.1964 s/iter. ETA=0:04:42
[12/10 04:11:20 d2.evaluation.evaluator]: Inference done 683/2098. Dataloading: 0.0019 s/iter. Inference: 0.0620 s/iter. Eval: 0.1324 s/iter. Total: 0.1964 s/iter. ETA=0:04:37
[12/10 04:11:25 d2.evaluation.evaluator]: Inference done 708/2098. Dataloading: 0.0019 s/iter. Inference: 0.0620 s/iter. Eval: 0.1327 s/iter. Total: 0.1967 s/iter. ETA=0:04:33
[12/10 04:11:30 d2.evaluation.evaluator]: Inference done 733/2098. Dataloading: 0.0019 s/iter. Inference: 0.0621 s/iter. Eval: 0.1330 s/iter. Total: 0.1971 s/iter. ETA=0:04:29
[12/10 04:11:35 d2.evaluation.evaluator]: Inference done 757/2098. Dataloading: 0.0019 s/iter. Inference: 0.0622 s/iter. Eval: 0.1334 s/iter. Total: 0.1976 s/iter. ETA=0:04:24
[12/10 04:11:40 d2.evaluation.evaluator]: Inference done 781/2098. Dataloading: 0.0019 s/iter. Inference: 0.0623 s/iter. Eval: 0.1337 s/iter. Total: 0.1980 s/iter. ETA=0:04:20
[12/10 04:11:46 d2.evaluation.evaluator]: Inference done 805/2098. Dataloading: 0.0019 s/iter. Inference: 0.0624 s/iter. Eval: 0.1341 s/iter. Total: 0.1984 s/iter. ETA=0:04:16
[12/10 04:11:51 d2.evaluation.evaluator]: Inference done 830/2098. Dataloading: 0.0019 s/iter. Inference: 0.0625 s/iter. Eval: 0.1342 s/iter. Total: 0.1986 s/iter. ETA=0:04:11
[12/10 04:11:56 d2.evaluation.evaluator]: Inference done 855/2098. Dataloading: 0.0019 s/iter. Inference: 0.0626 s/iter. Eval: 0.1343 s/iter. Total: 0.1988 s/iter. ETA=0:04:07
[12/10 04:12:01 d2.evaluation.evaluator]: Inference done 880/2098. Dataloading: 0.0019 s/iter. Inference: 0.0627 s/iter. Eval: 0.1344 s/iter. Total: 0.1990 s/iter. ETA=0:04:02
[12/10 04:12:06 d2.evaluation.evaluator]: Inference done 905/2098. Dataloading: 0.0019 s/iter. Inference: 0.0627 s/iter. Eval: 0.1346 s/iter. Total: 0.1993 s/iter. ETA=0:03:57
[12/10 04:12:11 d2.evaluation.evaluator]: Inference done 930/2098. Dataloading: 0.0019 s/iter. Inference: 0.0626 s/iter. Eval: 0.1347 s/iter. Total: 0.1993 s/iter. ETA=0:03:52
[12/10 04:12:16 d2.evaluation.evaluator]: Inference done 955/2098. Dataloading: 0.0019 s/iter. Inference: 0.0626 s/iter. Eval: 0.1348 s/iter. Total: 0.1994 s/iter. ETA=0:03:47
[12/10 04:12:21 d2.evaluation.evaluator]: Inference done 981/2098. Dataloading: 0.0019 s/iter. Inference: 0.0626 s/iter. Eval: 0.1348 s/iter. Total: 0.1994 s/iter. ETA=0:03:42
[12/10 04:12:26 d2.evaluation.evaluator]: Inference done 1007/2098. Dataloading: 0.0019 s/iter. Inference: 0.0626 s/iter. Eval: 0.1348 s/iter. Total: 0.1993 s/iter. ETA=0:03:37
[12/10 04:12:32 d2.evaluation.evaluator]: Inference done 1032/2098. Dataloading: 0.0019 s/iter. Inference: 0.0625 s/iter. Eval: 0.1348 s/iter. Total: 0.1994 s/iter. ETA=0:03:32
[12/10 04:12:37 d2.evaluation.evaluator]: Inference done 1058/2098. Dataloading: 0.0019 s/iter. Inference: 0.0625 s/iter. Eval: 0.1348 s/iter. Total: 0.1993 s/iter. ETA=0:03:27
[12/10 04:12:42 d2.evaluation.evaluator]: Inference done 1083/2098. Dataloading: 0.0019 s/iter. Inference: 0.0625 s/iter. Eval: 0.1349 s/iter. Total: 0.1994 s/iter. ETA=0:03:22
[12/10 04:12:47 d2.evaluation.evaluator]: Inference done 1109/2098. Dataloading: 0.0019 s/iter. Inference: 0.0625 s/iter. Eval: 0.1349 s/iter. Total: 0.1993 s/iter. ETA=0:03:17
[12/10 04:12:52 d2.evaluation.evaluator]: Inference done 1135/2098. Dataloading: 0.0019 s/iter. Inference: 0.0624 s/iter. Eval: 0.1349 s/iter. Total: 0.1993 s/iter. ETA=0:03:11
[12/10 04:12:57 d2.evaluation.evaluator]: Inference done 1160/2098. Dataloading: 0.0019 s/iter. Inference: 0.0625 s/iter. Eval: 0.1350 s/iter. Total: 0.1994 s/iter. ETA=0:03:07
[12/10 04:13:02 d2.evaluation.evaluator]: Inference done 1185/2098. Dataloading: 0.0019 s/iter. Inference: 0.0624 s/iter. Eval: 0.1350 s/iter. Total: 0.1994 s/iter. ETA=0:03:02
[12/10 04:13:07 d2.evaluation.evaluator]: Inference done 1210/2098. Dataloading: 0.0019 s/iter. Inference: 0.0624 s/iter. Eval: 0.1350 s/iter. Total: 0.1994 s/iter. ETA=0:02:57
[12/10 04:13:12 d2.evaluation.evaluator]: Inference done 1235/2098. Dataloading: 0.0019 s/iter. Inference: 0.0624 s/iter. Eval: 0.1351 s/iter. Total: 0.1995 s/iter. ETA=0:02:52
[12/10 04:13:17 d2.evaluation.evaluator]: Inference done 1260/2098. Dataloading: 0.0019 s/iter. Inference: 0.0624 s/iter. Eval: 0.1352 s/iter. Total: 0.1996 s/iter. ETA=0:02:47
[12/10 04:13:22 d2.evaluation.evaluator]: Inference done 1285/2098. Dataloading: 0.0019 s/iter. Inference: 0.0624 s/iter. Eval: 0.1354 s/iter. Total: 0.1998 s/iter. ETA=0:02:42
[12/10 04:13:28 d2.evaluation.evaluator]: Inference done 1311/2098. Dataloading: 0.0019 s/iter. Inference: 0.0624 s/iter. Eval: 0.1354 s/iter. Total: 0.1998 s/iter. ETA=0:02:37
[12/10 04:13:33 d2.evaluation.evaluator]: Inference done 1337/2098. Dataloading: 0.0019 s/iter. Inference: 0.0624 s/iter. Eval: 0.1353 s/iter. Total: 0.1996 s/iter. ETA=0:02:31
[12/10 04:13:38 d2.evaluation.evaluator]: Inference done 1361/2098. Dataloading: 0.0019 s/iter. Inference: 0.0624 s/iter. Eval: 0.1355 s/iter. Total: 0.1999 s/iter. ETA=0:02:27
[12/10 04:13:43 d2.evaluation.evaluator]: Inference done 1384/2098. Dataloading: 0.0019 s/iter. Inference: 0.0624 s/iter. Eval: 0.1359 s/iter. Total: 0.2003 s/iter. ETA=0:02:22
[12/10 04:13:48 d2.evaluation.evaluator]: Inference done 1409/2098. Dataloading: 0.0019 s/iter. Inference: 0.0624 s/iter. Eval: 0.1360 s/iter. Total: 0.2004 s/iter. ETA=0:02:18
[12/10 04:13:53 d2.evaluation.evaluator]: Inference done 1435/2098. Dataloading: 0.0019 s/iter. Inference: 0.0624 s/iter. Eval: 0.1360 s/iter. Total: 0.2004 s/iter. ETA=0:02:12
[12/10 04:13:58 d2.evaluation.evaluator]: Inference done 1459/2098. Dataloading: 0.0019 s/iter. Inference: 0.0624 s/iter. Eval: 0.1362 s/iter. Total: 0.2005 s/iter. ETA=0:02:08
[12/10 04:14:03 d2.evaluation.evaluator]: Inference done 1484/2098. Dataloading: 0.0019 s/iter. Inference: 0.0624 s/iter. Eval: 0.1362 s/iter. Total: 0.2006 s/iter. ETA=0:02:03
[12/10 04:14:09 d2.evaluation.evaluator]: Inference done 1507/2098. Dataloading: 0.0019 s/iter. Inference: 0.0624 s/iter. Eval: 0.1365 s/iter. Total: 0.2009 s/iter. ETA=0:01:58
[12/10 04:14:14 d2.evaluation.evaluator]: Inference done 1531/2098. Dataloading: 0.0019 s/iter. Inference: 0.0624 s/iter. Eval: 0.1367 s/iter. Total: 0.2011 s/iter. ETA=0:01:54
[12/10 04:14:19 d2.evaluation.evaluator]: Inference done 1556/2098. Dataloading: 0.0019 s/iter. Inference: 0.0624 s/iter. Eval: 0.1367 s/iter. Total: 0.2011 s/iter. ETA=0:01:49
[12/10 04:14:24 d2.evaluation.evaluator]: Inference done 1581/2098. Dataloading: 0.0019 s/iter. Inference: 0.0624 s/iter. Eval: 0.1368 s/iter. Total: 0.2012 s/iter. ETA=0:01:44
[12/10 04:14:29 d2.evaluation.evaluator]: Inference done 1605/2098. Dataloading: 0.0019 s/iter. Inference: 0.0624 s/iter. Eval: 0.1370 s/iter. Total: 0.2013 s/iter. ETA=0:01:39
[12/10 04:14:34 d2.evaluation.evaluator]: Inference done 1629/2098. Dataloading: 0.0019 s/iter. Inference: 0.0623 s/iter. Eval: 0.1371 s/iter. Total: 0.2014 s/iter. ETA=0:01:34
[12/10 04:14:39 d2.evaluation.evaluator]: Inference done 1653/2098. Dataloading: 0.0019 s/iter. Inference: 0.0624 s/iter. Eval: 0.1372 s/iter. Total: 0.2016 s/iter. ETA=0:01:29
[12/10 04:14:44 d2.evaluation.evaluator]: Inference done 1678/2098. Dataloading: 0.0019 s/iter. Inference: 0.0624 s/iter. Eval: 0.1373 s/iter. Total: 0.2016 s/iter. ETA=0:01:24
[12/10 04:14:49 d2.evaluation.evaluator]: Inference done 1701/2098. Dataloading: 0.0019 s/iter. Inference: 0.0623 s/iter. Eval: 0.1375 s/iter. Total: 0.2019 s/iter. ETA=0:01:20
[12/10 04:14:54 d2.evaluation.evaluator]: Inference done 1726/2098. Dataloading: 0.0019 s/iter. Inference: 0.0623 s/iter. Eval: 0.1376 s/iter. Total: 0.2019 s/iter. ETA=0:01:15
[12/10 04:14:59 d2.evaluation.evaluator]: Inference done 1750/2098. Dataloading: 0.0019 s/iter. Inference: 0.0623 s/iter. Eval: 0.1377 s/iter. Total: 0.2020 s/iter. ETA=0:01:10
[12/10 04:15:05 d2.evaluation.evaluator]: Inference done 1775/2098. Dataloading: 0.0019 s/iter. Inference: 0.0623 s/iter. Eval: 0.1378 s/iter. Total: 0.2021 s/iter. ETA=0:01:05
[12/10 04:15:10 d2.evaluation.evaluator]: Inference done 1799/2098. Dataloading: 0.0019 s/iter. Inference: 0.0623 s/iter. Eval: 0.1379 s/iter. Total: 0.2022 s/iter. ETA=0:01:00
[12/10 04:15:15 d2.evaluation.evaluator]: Inference done 1824/2098. Dataloading: 0.0019 s/iter. Inference: 0.0623 s/iter. Eval: 0.1379 s/iter. Total: 0.2022 s/iter. ETA=0:00:55
[12/10 04:15:20 d2.evaluation.evaluator]: Inference done 1849/2098. Dataloading: 0.0019 s/iter. Inference: 0.0623 s/iter. Eval: 0.1379 s/iter. Total: 0.2022 s/iter. ETA=0:00:50
[12/10 04:15:25 d2.evaluation.evaluator]: Inference done 1872/2098. Dataloading: 0.0019 s/iter. Inference: 0.0623 s/iter. Eval: 0.1382 s/iter. Total: 0.2025 s/iter. ETA=0:00:45
[12/10 04:15:30 d2.evaluation.evaluator]: Inference done 1895/2098. Dataloading: 0.0019 s/iter. Inference: 0.0624 s/iter. Eval: 0.1384 s/iter. Total: 0.2028 s/iter. ETA=0:00:41
[12/10 04:15:35 d2.evaluation.evaluator]: Inference done 1919/2098. Dataloading: 0.0019 s/iter. Inference: 0.0624 s/iter. Eval: 0.1385 s/iter. Total: 0.2029 s/iter. ETA=0:00:36
[12/10 04:15:40 d2.evaluation.evaluator]: Inference done 1943/2098. Dataloading: 0.0019 s/iter. Inference: 0.0624 s/iter. Eval: 0.1386 s/iter. Total: 0.2031 s/iter. ETA=0:00:31
[12/10 04:15:45 d2.evaluation.evaluator]: Inference done 1967/2098. Dataloading: 0.0019 s/iter. Inference: 0.0624 s/iter. Eval: 0.1387 s/iter. Total: 0.2032 s/iter. ETA=0:00:26
[12/10 04:15:51 d2.evaluation.evaluator]: Inference done 1991/2098. Dataloading: 0.0019 s/iter. Inference: 0.0625 s/iter. Eval: 0.1388 s/iter. Total: 0.2033 s/iter. ETA=0:00:21
[12/10 04:15:56 d2.evaluation.evaluator]: Inference done 2013/2098. Dataloading: 0.0019 s/iter. Inference: 0.0625 s/iter. Eval: 0.1391 s/iter. Total: 0.2036 s/iter. ETA=0:00:17
[12/10 04:16:01 d2.evaluation.evaluator]: Inference done 2037/2098. Dataloading: 0.0020 s/iter. Inference: 0.0625 s/iter. Eval: 0.1392 s/iter. Total: 0.2037 s/iter. ETA=0:00:12
[12/10 04:16:06 d2.evaluation.evaluator]: Inference done 2061/2098. Dataloading: 0.0020 s/iter. Inference: 0.0625 s/iter. Eval: 0.1393 s/iter. Total: 0.2038 s/iter. ETA=0:00:07
[12/10 04:16:11 d2.evaluation.evaluator]: Inference done 2085/2098. Dataloading: 0.0020 s/iter. Inference: 0.0625 s/iter. Eval: 0.1394 s/iter. Total: 0.2039 s/iter. ETA=0:00:02
[12/10 04:16:14 d2.evaluation.evaluator]: Total inference time: 0:07:07.115619 (0.204069 s / iter per device, on 1 devices)
[12/10 04:16:14 d2.evaluation.evaluator]: Total inference pure compute time: 0:02:10 (0.062516 s / iter per device, on 1 devices)
[12/10 04:16:16 d2.evaluation.sem_seg_evaluation]: OrderedDict([('sem_seg', {'mIoU': 36.40453706187325, 'fwIoU': 77.49185755537799, 'IoU-road': 85.07960849074036, 'IoU-sidewalk': 63.615528827439974, 'IoU-barrier': 66.01106633148567, 'IoU-police vehicle': 10.890677848525298, 'IoU-work vehicle': 42.90811230422008, 'IoU-police officer': 11.108767658906814, 'IoU-worker': 37.08393744415641, 'IoU-cone': 21.047020706988913, 'IoU-arrow board': 2.9149371390038805, 'IoU-ttc sign': 23.385713867265142, 'mACC': 58.445659206459524, 'pACC': 84.60055038401431, 'ACC-road': 86.95745689120763, 'ACC-sidewalk': 71.11658741606098, 'ACC-barrier': 86.24158101336094, 'ACC-police vehicle': 66.07368125320195, 'ACC-work vehicle': 88.91866394442401, 'ACC-police officer': 27.422791327652952, 'ACC-worker': 67.45304530817539, 'ACC-cone': 55.75538663094793, 'ACC-arrow board': 3.522763094364687, 'ACC-ttc sign': 30.994635185198877})])
[12/10 04:16:16 d2.engine.defaults]: Evaluation results for roadwork10_semseg_val in csv format:
[12/10 04:16:16 d2.evaluation.testing]: copypaste: Task: sem_seg
[12/10 04:16:16 d2.evaluation.testing]: copypaste: mIoU,fwIoU,mACC,pACC
[12/10 04:16:16 d2.evaluation.testing]: copypaste: 36.4045,77.4919,58.4457,84.6006
/data/zd/TTA_VLM/S2_Corr/train_net.py:16: FutureWarning: In the future `np.bool` will be defined as the corresponding NumPy scalar.
  if not hasattr(np, _name):
/data/zd/TTA_VLM/S2_Corr/train_net.py:16: FutureWarning: In the future `np.object` will be defined as the corresponding NumPy scalar.
  if not hasattr(np, _name):
/data/zd/TTA_VLM/S2_Corr/train_net.py:18: FutureWarning: In the future `np.long` will be defined as the corresponding NumPy scalar.
  if not hasattr(np, "long"):
/data2/anaconda3/envs/DeCLIP_CATSeg/lib/python3.10/site-packages/torchvision/datapoints/__init__.py:12: UserWarning: The torchvision.datapoints and torchvision.transforms.v2 namespaces are still Beta. While we do not expect major breaking changes, some APIs may still change according to user feedback. Please submit any feedback you may have in this issue: https://github.com/pytorch/vision/issues/6753, and you can also check out https://github.com/pytorch/vision/issues/7319 to learn more about the APIs that we suspect might involve future changes. You can silence this warning by calling torchvision.disable_beta_transforms_warning().
  warnings.warn(_BETA_TRANSFORMS_WARNING)
/data2/anaconda3/envs/DeCLIP_CATSeg/lib/python3.10/site-packages/torchvision/transforms/v2/__init__.py:54: UserWarning: The torchvision.datapoints and torchvision.transforms.v2 namespaces are still Beta. While we do not expect major breaking changes, some APIs may still change according to user feedback. Please submit any feedback you may have in this issue: https://github.com/pytorch/vision/issues/6753, and you can also check out https://github.com/pytorch/vision/issues/7319 to learn more about the APIs that we suspect might involve future changes. You can silence this warning by calling torchvision.disable_beta_transforms_warning().
  warnings.warn(_BETA_TRANSFORMS_WARNING)
Please 'pip install apex'
Command Line Args: Namespace(config_file='configs/cs7_catseg.yaml', resume=False, eval_only=True, num_gpus=1, num_machines=1, machine_rank=0, dist_url='auto', opts=['OUTPUT_DIR', 'outputs/cs7_eva_b16_r512/eval', 'MODEL.SEM_SEG_HEAD.TEST_CLASS_JSON', 'datasets/inpaint41_vocab.json', 'MODEL.SEM_SEG_HEAD.ENABLE_HIGH_RES', 'False', 'DATASETS.TEST', '("acdc_inpaint41_test",)', 'TEST.SLIDING_WINDOW', 'True', 'MODEL.SEM_SEG_HEAD.POOLING_SIZES', '[1,1]', 'MODEL.WEIGHTS', 'outputs/cs7_eva_b16_r512/model_0019999.pth'])
[12/10 04:16:20 detectron2]: Rank of current process: 0. World size: 1
[12/10 04:16:21 detectron2]: Environment info:
----------------------  ------------------------------------------------------------------------------------------
sys.platform            linux
Python                  3.10.0 (default, Mar  3 2022, 09:58:08) [GCC 7.5.0]
numpy                   1.26.4
detectron2              0.6 @/data2/anaconda3/envs/DeCLIP_CATSeg/lib/python3.10/site-packages/detectron2
Compiler                GCC 7.5
CUDA compiler           CUDA 11.6
detectron2 arch flags   8.0
DETECTRON2_ENV_MODULE   <not set>
PyTorch                 2.0.0+cu117 @/data2/anaconda3/envs/DeCLIP_CATSeg/lib/python3.10/site-packages/torch
PyTorch debug build     False
GPU available           Yes
GPU 0                   GeForce RTX 3090 (arch=8.6)
Driver version          460.84
CUDA_HOME               /usr/local/cuda-11.6
TORCH_CUDA_ARCH_LIST    8.0
Pillow                  9.1.0
torchvision             0.15.1+cu117 @/data2/anaconda3/envs/DeCLIP_CATSeg/lib/python3.10/site-packages/torchvision
torchvision arch flags  3.5, 5.0, 6.0, 7.0, 7.5, 8.0, 8.6
fvcore                  0.1.5.post20221221
iopath                  0.1.9
cv2                     4.11.0
----------------------  ------------------------------------------------------------------------------------------
PyTorch built with:
  - GCC 9.3
  - C++ Version: 201703
  - Intel(R) oneAPI Math Kernel Library Version 2022.2-Product Build 20220804 for Intel(R) 64 architecture applications
  - Intel(R) MKL-DNN v2.7.3 (Git Hash 6dbeffbae1f23cbbeae17adb7b5b13f1f37c080e)
  - OpenMP 201511 (a.k.a. OpenMP 4.5)
  - LAPACK is enabled (usually provided by MKL)
  - NNPACK is enabled
  - CPU capability usage: AVX2
  - CUDA Runtime 11.7
  - NVCC architecture flags: -gencode;arch=compute_37,code=sm_37;-gencode;arch=compute_50,code=sm_50;-gencode;arch=compute_60,code=sm_60;-gencode;arch=compute_70,code=sm_70;-gencode;arch=compute_75,code=sm_75;-gencode;arch=compute_80,code=sm_80;-gencode;arch=compute_86,code=sm_86
  - CuDNN 8.5
  - Magma 2.6.1
  - Build settings: BLAS_INFO=mkl, BUILD_TYPE=Release, CUDA_VERSION=11.7, CUDNN_VERSION=8.5.0, CXX_COMPILER=/opt/rh/devtoolset-9/root/usr/bin/c++, CXX_FLAGS= -D_GLIBCXX_USE_CXX11_ABI=0 -fabi-version=11 -Wno-deprecated -fvisibility-inlines-hidden -DUSE_PTHREADPOOL -DNDEBUG -DUSE_KINETO -DLIBKINETO_NOROCTRACER -DUSE_FBGEMM -DUSE_QNNPACK -DUSE_PYTORCH_QNNPACK -DUSE_XNNPACK -DSYMBOLICATE_MOBILE_DEBUG_HANDLE -O2 -fPIC -Wall -Wextra -Werror=return-type -Werror=non-virtual-dtor -Werror=bool-operation -Wnarrowing -Wno-missing-field-initializers -Wno-type-limits -Wno-array-bounds -Wno-unknown-pragmas -Wunused-local-typedefs -Wno-unused-parameter -Wno-unused-function -Wno-unused-result -Wno-strict-overflow -Wno-strict-aliasing -Wno-error=deprecated-declarations -Wno-stringop-overflow -Wno-psabi -Wno-error=pedantic -Wno-error=redundant-decls -Wno-error=old-style-cast -fdiagnostics-color=always -faligned-new -Wno-unused-but-set-variable -Wno-maybe-uninitialized -fno-math-errno -fno-trapping-math -Werror=format -Werror=cast-function-type -Wno-stringop-overflow, LAPACK_INFO=mkl, PERF_WITH_AVX=1, PERF_WITH_AVX2=1, PERF_WITH_AVX512=1, TORCH_DISABLE_GPU_ASSERTS=ON, TORCH_VERSION=2.0.0, USE_CUDA=ON, USE_CUDNN=ON, USE_EXCEPTION_PTR=1, USE_GFLAGS=OFF, USE_GLOG=OFF, USE_MKL=ON, USE_MKLDNN=ON, USE_MPI=OFF, USE_NCCL=1, USE_NNPACK=ON, USE_OPENMP=ON, USE_ROCM=OFF, 

[12/10 04:16:21 detectron2]: Command line arguments: Namespace(config_file='configs/cs7_catseg.yaml', resume=False, eval_only=True, num_gpus=1, num_machines=1, machine_rank=0, dist_url='auto', opts=['OUTPUT_DIR', 'outputs/cs7_eva_b16_r512/eval', 'MODEL.SEM_SEG_HEAD.TEST_CLASS_JSON', 'datasets/inpaint41_vocab.json', 'MODEL.SEM_SEG_HEAD.ENABLE_HIGH_RES', 'False', 'DATASETS.TEST', '("acdc_inpaint41_test",)', 'TEST.SLIDING_WINDOW', 'True', 'MODEL.SEM_SEG_HEAD.POOLING_SIZES', '[1,1]', 'MODEL.WEIGHTS', 'outputs/cs7_eva_b16_r512/model_0019999.pth'])
[12/10 04:16:21 detectron2]: Contents of args.config_file=configs/cs7_catseg.yaml:
_BASE_: config.yaml
DATASETS:
  TRAIN: ("cityscapes7_train",)
  TEST:  ("cityscapes19_val",)
MODEL:
  META_ARCHITECTURE: "CATSeg"
  PIXEL_MEAN: [123.675, 116.280, 103.530]
  PIXEL_STD: [58.395, 57.120, 57.375]
  SEM_SEG_HEAD:
    NAME: "CATSegHead"
    IN_FEATURES: [ "res2", "res3", "res4" ]
    IGNORE_VALUE: 255
    NUM_CLASSES: 19
    TRAIN_CLASS_JSON: "datasets/cityscapes_seen_7.json"
    TEST_CLASS_JSON:  "datasets/cityscapes_19.json"
    CLIP_PRETRAINED: "EVA02-CLIP-B-16"
    PROMPT_DEPTH: 0
    PROMPT_LENGTH: 0
    TEXT_GUIDANCE_DIM: 512
    TEXT_GUIDANCE_PROJ_DIM: 128
    APPEARANCE_GUIDANCE_DIM: 512
    APPEARANCE_GUIDANCE_PROJ_DIM: 128
    DECODER_DIMS: [ 64, 32 ]
    DECODER_GUIDANCE_DIMS: [ 256, 128 ]
    DECODER_GUIDANCE_PROJ_DIMS: [ 32, 16 ]
    NUM_LAYERS: 1
    NUM_HEADS: 4
    HIDDEN_DIMS: 128
    POOLING_SIZES: [ 1, 1 ]
    FEATURE_RESOLUTION: [ 32, 32 ]
    WINDOW_SIZES: 16
    ATTENTION_TYPE: "mamba"
    CLIP_FINETUNE: "vision_plus"
    CACHE_DIR: "/data/zd/TTA_VLM/DeCLIP-ZSSS/Pretrain/EVA02_CLIP_B_psz16_s8B.pt"
    ENABLE_HIGH_RES: "False"
  PROMPT_ENSEMBLE_TYPE: "multi_domain"
INPUT:
  MIN_SIZE_TRAIN: (512, 768)
  MIN_SIZE_TRAIN_SAMPLING: "choice"
  MAX_SIZE_TRAIN: 1024
  MIN_SIZE_TEST: 512
  MAX_SIZE_TEST: 1024
  CROP:
    ENABLED: True
    TYPE: "absolute"
    SIZE: (512, 512)
  SIZE_DIVISIBILITY: 32
  FORMAT: "RGB"
  DATASET_MAPPER_NAME: "mask_former_semantic"
SOLVER:
  IMS_PER_BATCH: 4
  LR_SCHEDULER_NAME: "WarmupCosineLR"
  BASE_LR: 0.0002
  MAX_ITER: 20000
  BACKBONE_MULTIPLIER: 0.0
  CLIP_MULTIPLIER: 0.01
TEST:
  EVAL_PERIOD: 40000
  SLIDING_WINDOW: True
  SW_KERNEL: 512
  SW_OVERLAP: 0.333
  SW_OUT_RES: [512, 1024]
[12/10 04:16:21 detectron2]: Running with full config:
CUDNN_BENCHMARK: true
DATALOADER:
  ASPECT_RATIO_GROUPING: true
  FILTER_EMPTY_ANNOTATIONS: true
  NUM_WORKERS: 8
  REPEAT_THRESHOLD: 0.0
  SAMPLER_TRAIN: TrainingSampler
DATASETS:
  PRECOMPUTED_PROPOSAL_TOPK_TEST: 1000
  PRECOMPUTED_PROPOSAL_TOPK_TRAIN: 2000
  PROPOSAL_FILES_TEST: []
  PROPOSAL_FILES_TRAIN: []
  TEST:
  - acdc_inpaint41_test
  TRAIN:
  - cityscapes7_train
  VAL_ALL:
  - coco_2017_val_all_stuff_sem_seg
DDP:
  BROADCAST_BUFFERS: false
  FIND_UNUSED_PARAMETERS: true
GLOBAL:
  HACK: 1.0
INPUT:
  COLOR_AUG_SSD: true
  CROP:
    ENABLED: true
    SINGLE_CATEGORY_MAX_AREA: 1.0
    SIZE:
    - 512
    - 512
    TYPE: absolute
  DATASET_MAPPER_NAME: mask_former_semantic
  FORMAT: RGB
  MASK_FORMAT: polygon
  MAX_SIZE_TEST: 1024
  MAX_SIZE_TRAIN: 1024
  MIN_SIZE_TEST: 512
  MIN_SIZE_TRAIN:
  - 512
  - 768
  MIN_SIZE_TRAIN_SAMPLING: choice
  RANDOM_FLIP: horizontal
  SIZE_DIVISIBILITY: 32
MODEL:
  ANCHOR_GENERATOR:
    ANGLES:
    - - -90
      - 0
      - 90
    ASPECT_RATIOS:
    - - 0.5
      - 1.0
      - 2.0
    NAME: DefaultAnchorGenerator
    OFFSET: 0.0
    SIZES:
    - - 32
      - 64
      - 128
      - 256
      - 512
  BACKBONE:
    FREEZE_AT: 2
    NAME: build_resnet_backbone
  CLIP_PIXEL_MEAN:
  - 122.7709383
  - 116.7460125
  - 104.09373615
  CLIP_PIXEL_STD:
  - 68.5005327
  - 66.6321579
  - 70.323163
  DEVICE: cuda
  FPN:
    FUSE_TYPE: sum
    IN_FEATURES: []
    NORM: ''
    OUT_CHANNELS: 256
  KEYPOINT_ON: false
  LOAD_PROPOSALS: false
  MASK_FORMER:
    SIZE_DIVISIBILITY: 32
  MASK_ON: false
  META_ARCHITECTURE: CATSeg
  PANOPTIC_FPN:
    COMBINE:
      ENABLED: true
      INSTANCES_CONFIDENCE_THRESH: 0.5
      OVERLAP_THRESH: 0.5
      STUFF_AREA_LIMIT: 4096
    INSTANCE_LOSS_WEIGHT: 1.0
  PIXEL_MEAN:
  - 123.675
  - 116.28
  - 103.53
  PIXEL_STD:
  - 58.395
  - 57.12
  - 57.375
  PROMPT_ENSEMBLE: false
  PROMPT_ENSEMBLE_TYPE: multi_domain
  PROPOSAL_GENERATOR:
    MIN_SIZE: 0
    NAME: RPN
  RESNETS:
    DEFORM_MODULATED: false
    DEFORM_NUM_GROUPS: 1
    DEFORM_ON_PER_STAGE:
    - false
    - false
    - false
    - false
    DEPTH: 50
    NORM: FrozenBN
    NUM_GROUPS: 1
    OUT_FEATURES:
    - res4
    RES2_OUT_CHANNELS: 256
    RES4_DILATION: 1
    RES5_DILATION: 1
    RES5_MULTI_GRID:
    - 1
    - 2
    - 4
    STEM_OUT_CHANNELS: 64
    STEM_TYPE: deeplab
    STRIDE_IN_1X1: true
    WIDTH_PER_GROUP: 64
  RETINANET:
    BBOX_REG_LOSS_TYPE: smooth_l1
    BBOX_REG_WEIGHTS: &id002
    - 1.0
    - 1.0
    - 1.0
    - 1.0
    FOCAL_LOSS_ALPHA: 0.25
    FOCAL_LOSS_GAMMA: 2.0
    IN_FEATURES:
    - p3
    - p4
    - p5
    - p6
    - p7
    IOU_LABELS:
    - 0
    - -1
    - 1
    IOU_THRESHOLDS:
    - 0.4
    - 0.5
    NMS_THRESH_TEST: 0.5
    NORM: ''
    NUM_CLASSES: 80
    NUM_CONVS: 4
    PRIOR_PROB: 0.01
    SCORE_THRESH_TEST: 0.05
    SMOOTH_L1_LOSS_BETA: 0.1
    TOPK_CANDIDATES_TEST: 1000
  ROI_BOX_CASCADE_HEAD:
    BBOX_REG_WEIGHTS:
    - &id001
      - 10.0
      - 10.0
      - 5.0
      - 5.0
    - - 20.0
      - 20.0
      - 10.0
      - 10.0
    - - 30.0
      - 30.0
      - 15.0
      - 15.0
    IOUS:
    - 0.5
    - 0.6
    - 0.7
  ROI_BOX_HEAD:
    BBOX_REG_LOSS_TYPE: smooth_l1
    BBOX_REG_LOSS_WEIGHT: 1.0
    BBOX_REG_WEIGHTS: *id001
    CLS_AGNOSTIC_BBOX_REG: false
    CONV_DIM: 256
    FC_DIM: 1024
    NAME: ''
    NORM: ''
    NUM_CONV: 0
    NUM_FC: 0
    POOLER_RESOLUTION: 14
    POOLER_SAMPLING_RATIO: 0
    POOLER_TYPE: ROIAlignV2
    SMOOTH_L1_BETA: 0.0
    TRAIN_ON_PRED_BOXES: false
  ROI_HEADS:
    BATCH_SIZE_PER_IMAGE: 512
    IN_FEATURES:
    - res4
    IOU_LABELS:
    - 0
    - 1
    IOU_THRESHOLDS:
    - 0.5
    NAME: Res5ROIHeads
    NMS_THRESH_TEST: 0.5
    NUM_CLASSES: 80
    POSITIVE_FRACTION: 0.25
    PROPOSAL_APPEND_GT: true
    SCORE_THRESH_TEST: 0.05
  ROI_KEYPOINT_HEAD:
    CONV_DIMS:
    - 512
    - 512
    - 512
    - 512
    - 512
    - 512
    - 512
    - 512
    LOSS_WEIGHT: 1.0
    MIN_KEYPOINTS_PER_IMAGE: 1
    NAME: KRCNNConvDeconvUpsampleHead
    NORMALIZE_LOSS_BY_VISIBLE_KEYPOINTS: true
    NUM_KEYPOINTS: 17
    POOLER_RESOLUTION: 14
    POOLER_SAMPLING_RATIO: 0
    POOLER_TYPE: ROIAlignV2
  ROI_MASK_HEAD:
    CLS_AGNOSTIC_MASK: false
    CONV_DIM: 256
    NAME: MaskRCNNConvUpsampleHead
    NORM: ''
    NUM_CONV: 0
    POOLER_RESOLUTION: 14
    POOLER_SAMPLING_RATIO: 0
    POOLER_TYPE: ROIAlignV2
  RPN:
    BATCH_SIZE_PER_IMAGE: 256
    BBOX_REG_LOSS_TYPE: smooth_l1
    BBOX_REG_LOSS_WEIGHT: 1.0
    BBOX_REG_WEIGHTS: *id002
    BOUNDARY_THRESH: -1
    CONV_DIMS:
    - -1
    HEAD_NAME: StandardRPNHead
    IN_FEATURES:
    - res4
    IOU_LABELS:
    - 0
    - -1
    - 1
    IOU_THRESHOLDS:
    - 0.3
    - 0.7
    LOSS_WEIGHT: 1.0
    NMS_THRESH: 0.7
    POSITIVE_FRACTION: 0.5
    POST_NMS_TOPK_TEST: 1000
    POST_NMS_TOPK_TRAIN: 2000
    PRE_NMS_TOPK_TEST: 6000
    PRE_NMS_TOPK_TRAIN: 12000
    SMOOTH_L1_BETA: 0.0
  SEM_SEG_HEAD:
    APPEARANCE_GUIDANCE_DIM: 512
    APPEARANCE_GUIDANCE_PROJ_DIM: 128
    ASPP_CHANNELS: 256
    ASPP_DILATIONS:
    - 6
    - 12
    - 18
    ASPP_DROPOUT: 0.1
    ATTENTION_TYPE: mamba
    CACHE_DIR: /data/zd/TTA_VLM/DeCLIP-ZSSS/Pretrain/EVA02_CLIP_B_psz16_s8B.pt
    CLIP_FINETUNE: vision_plus
    CLIP_PRETRAINED: EVA02-CLIP-B-16
    COMMON_STRIDE: 4
    CONVS_DIM: 128
    DECODER_DIMS:
    - 64
    - 32
    DECODER_GUIDANCE_DIMS:
    - 256
    - 128
    DECODER_GUIDANCE_PROJ_DIMS:
    - 32
    - 16
    ENABLE_HIGH_RES: false
    FEATURE_RESOLUTION:
    - 32
    - 32
    HIDDEN_DIMS: 128
    IGNORE_VALUE: 255
    IN_FEATURES:
    - res2
    - res3
    - res4
    LOSS_TYPE: hard_pixel_mining
    LOSS_WEIGHT: 1.0
    NAME: CATSegHead
    NORM: GN
    NUM_CLASSES: 19
    NUM_HEADS: 4
    NUM_LAYERS: 1
    POOLING_SIZES:
    - 1
    - 1
    PROJECT_CHANNELS:
    - 48
    PROJECT_FEATURES:
    - res2
    PROMPT_DEPTH: 0
    PROMPT_LENGTH: 0
    TEST_CLASS_INDEXES: datasets/coco/coco_stuff/split/unseen_indexes.json
    TEST_CLASS_JSON: datasets/inpaint41_vocab.json
    TEXT_GUIDANCE_DIM: 512
    TEXT_GUIDANCE_PROJ_DIM: 128
    TRAIN_CLASS_INDEXES: datasets/coco/coco_stuff/split/seen_indexes.json
    TRAIN_CLASS_JSON: datasets/cityscapes_seen_7.json
    USE_DEPTHWISE_SEPARABLE_CONV: false
    WINDOW_SIZES: 16
  SWIN:
    APE: false
    ATTN_DROP_RATE: 0.0
    DEPTHS:
    - 2
    - 2
    - 6
    - 2
    DROP_PATH_RATE: 0.3
    DROP_RATE: 0.0
    EMBED_DIM: 96
    MLP_RATIO: 4.0
    NUM_HEADS:
    - 3
    - 6
    - 12
    - 24
    OUT_FEATURES:
    - res2
    - res3
    - res4
    - res5
    PATCH_NORM: true
    PATCH_SIZE: 4
    PRETRAIN_IMG_SIZE: 224
    QKV_BIAS: true
    QK_SCALE: null
    WINDOW_SIZE: 7
  WEIGHTS: outputs/cs7_eva_b16_r512/model_0019999.pth
OUTPUT_DIR: outputs/cs7_eva_b16_r512/eval
SEED: -1
SOLVER:
  AMP:
    ENABLED: false
  BACKBONE_MULTIPLIER: 0.0
  BASE_LR: 0.0002
  BIAS_LR_FACTOR: 1.0
  CHECKPOINT_PERIOD: 5000
  CLIP_GRADIENTS:
    CLIP_TYPE: full_model
    CLIP_VALUE: 0.01
    ENABLED: true
    NORM_TYPE: 2.0
  CLIP_MULTIPLIER: 0.01
  GAMMA: 0.1
  IMS_PER_BATCH: 4
  LR_SCHEDULER_NAME: WarmupCosineLR
  MAX_ITER: 20000
  MOMENTUM: 0.9
  NESTEROV: false
  OPTIMIZER: ADAMW
  POLY_LR_CONSTANT_ENDING: 0.0
  POLY_LR_POWER: 0.9
  REFERENCE_WORLD_SIZE: 0
  STEPS:
  - 30000
  WARMUP_FACTOR: 1.0
  WARMUP_ITERS: 0
  WARMUP_METHOD: linear
  WEIGHT_DECAY: 0.0001
  WEIGHT_DECAY_BIAS: null
  WEIGHT_DECAY_EMBED: 0.0
  WEIGHT_DECAY_NORM: 0.0
TEST:
  AUG:
    ENABLED: false
    FLIP: true
    MAX_SIZE: 4000
    MIN_SIZES:
    - 400
    - 500
    - 600
    - 700
    - 800
    - 900
    - 1000
    - 1100
    - 1200
  DETECTIONS_PER_IMAGE: 100
  EVAL_PERIOD: 40000
  EXPECTED_RESULTS: []
  KEYPOINT_OKS_SIGMAS: []
  PRECISE_BN:
    ENABLED: false
    NUM_ITER: 200
  SLIDING_WINDOW: true
  SW_KERNEL: 512
  SW_OUT_RES:
  - 512
  - 1024
  SW_OVERLAP: 0.333
VERSION: 2
VIS_PERIOD: 0

[12/10 04:16:21 detectron2]: Full config saved to outputs/cs7_eva_b16_r512/eval/config.yaml
[12/10 04:16:21 d2.utils.env]: Using a generated random seed 21684692
Freeze text encoder parameters
[12/10 04:16:26 d2.engine.defaults]: Model:
CATSeg(
  (sem_seg_head): CATSegHead(
    (predictor): CATSegPredictor(
      (clip_model): CustomCLIP(
        (visual): EVAVisionTransformer(
          (patch_embed): PatchEmbed(
            (proj): Conv2d(3, 768, kernel_size=(16, 16), stride=(16, 16))
          )
          (pos_drop): Dropout(p=0.0, inplace=False)
          (rope): VisionRotaryEmbeddingFast()
          (blocks): ModuleList(
            (0-11): 12 x Block(
              (norm1): LayerNorm((768,), eps=1e-06, elementwise_affine=True)
              (attn): Attention(
                (q_proj): Linear(in_features=768, out_features=768, bias=False)
                (k_proj): Linear(in_features=768, out_features=768, bias=False)
                (v_proj): Linear(in_features=768, out_features=768, bias=False)
                (attn_drop): Dropout(p=0.0, inplace=False)
                (inner_attn_ln): LayerNorm((768,), eps=1e-06, elementwise_affine=True)
                (proj): Linear(in_features=768, out_features=768, bias=True)
                (proj_drop): Dropout(p=0.0, inplace=False)
                (rope): VisionRotaryEmbeddingFast()
              )
              (drop_path): Identity()
              (norm2): LayerNorm((768,), eps=1e-06, elementwise_affine=True)
              (mlp): SwiGLU(
                (w1): Linear(in_features=768, out_features=2048, bias=True)
                (w2): Linear(in_features=768, out_features=2048, bias=True)
                (act): SiLU()
                (ffn_ln): LayerNorm((2048,), eps=1e-06, elementwise_affine=True)
                (w3): Linear(in_features=2048, out_features=768, bias=True)
                (drop): Dropout(p=0.0, inplace=False)
              )
            )
          )
          (norm): LayerNorm((768,), eps=1e-06, elementwise_affine=True)
          (head): Linear(in_features=768, out_features=512, bias=True)
          (patch_dropout): Identity()
        )
        (text): TextTransformer(
          (token_embedding): Embedding(49408, 512)
          (transformer): Transformer(
            (resblocks): ModuleList(
              (0-11): 12 x ResidualAttentionBlock(
                (ln_1): LayerNorm((512,), eps=1e-05, elementwise_affine=True)
                (attn): Attention(
                  (attn_drop): Dropout(p=0.0, inplace=False)
                  (out_proj): Linear(in_features=512, out_features=512, bias=True)
                  (out_drop): Dropout(p=0.0, inplace=False)
                )
                (ls_1): Identity()
                (ln_2): LayerNorm((512,), eps=1e-05, elementwise_affine=True)
                (mlp): Sequential(
                  (c_fc): Linear(in_features=512, out_features=2048, bias=True)
                  (gelu): GELU(approximate='none')
                  (c_proj): Linear(in_features=2048, out_features=512, bias=True)
                )
                (ls_2): Identity()
              )
            )
          )
          (ln_final): LayerNorm((512,), eps=1e-05, elementwise_affine=True)
        )
      )
      (transformer): AggregatorMambaLite(
        (layers): ModuleList(
          (0): Sequential(
            (0): AxialMambaBlockLite_v2(
              (film): FiLM2D(
                (pool): AdaptiveAvgPool2d(output_size=1)
                (fc): Conv2d(128, 256, kernel_size=(1, 1), stride=(1, 1))
              )
              (pre_mix): Sequential(
                (0): Conv2d(128, 128, kernel_size=(3, 3), stride=(1, 1), padding=(1, 1), groups=128)
                (1): Conv2d(128, 128, kernel_size=(1, 1), stride=(1, 1))
                (2): GELU(approximate='none')
              )
              (seq_row): Mamba1DWithDecayPrior(
                (out_norm): LayerNorm((128,), eps=1e-05, elementwise_affine=True)
                (gate): Sequential(
                  (0): Linear(in_features=128, out_features=128, bias=True)
                  (1): SiLU()
                )
                (proj_in): Linear(in_features=128, out_features=384, bias=True)
                (drop): Dropout(p=0.0, inplace=False)
              )
              (post_proj): Conv2d(128, 128, kernel_size=(1, 1), stride=(1, 1))
              (norm_tok): LayerNorm((128,), eps=1e-05, elementwise_affine=True)
              (ffn): Sequential(
                (0): Linear(in_features=128, out_features=384, bias=True)
                (1): GELU(approximate='none')
                (2): Linear(in_features=384, out_features=128, bias=True)
              )
              (down): Identity()
            )
            (1): ClassMambaLayerLite(
              (pool): AvgPool2d(kernel_size=[1, 1], stride=[1, 1], padding=0)
              (guid_proj): Linear(in_features=128, out_features=256, bias=True)
              (seq_block): _Mamba1DAdapterLite(
                (blocks): ModuleList(
                  (0): PseudoMamba1D(
                    (gate): Sequential(
                      (0): Linear(in_features=128, out_features=128, bias=True)
                      (1): SiLU()
                    )
                    (proj_in): Linear(in_features=128, out_features=384, bias=True)
                    (out_norm): LayerNorm((128,), eps=1e-05, elementwise_affine=True)
                    (drop): Dropout(p=0.0, inplace=False)
                  )
                )
                (norm): LayerNorm((128,), eps=1e-05, elementwise_affine=True)
              )
              (norm1): LayerNorm((128,), eps=1e-05, elementwise_affine=True)
              (norm2): LayerNorm((128,), eps=1e-05, elementwise_affine=True)
              (ffn): Sequential(
                (0): Linear(in_features=128, out_features=384, bias=True)
                (1): GELU(approximate='none')
                (2): Linear(in_features=384, out_features=128, bias=True)
              )
            )
          )
        )
        (conv1): Conv2d(1, 128, kernel_size=(7, 7), stride=(1, 1), padding=(3, 3))
        (guidance_projection): Sequential(
          (0): Conv2d(512, 128, kernel_size=(3, 3), stride=(1, 1), padding=(1, 1))
          (1): ReLU()
        )
        (text_guidance_projection): Sequential(
          (0): Linear(in_features=512, out_features=128, bias=True)
          (1): ReLU()
        )
        (decoder_guidance_projection): ModuleList(
          (0): Sequential(
            (0): Conv2d(256, 32, kernel_size=(3, 3), stride=(1, 1), padding=(1, 1))
            (1): ReLU()
          )
          (1): Sequential(
            (0): Conv2d(128, 16, kernel_size=(3, 3), stride=(1, 1), padding=(1, 1))
            (1): ReLU()
          )
        )
        (decoder1): UpLite(
          (up): ConvTranspose2d(128, 96, kernel_size=(2, 2), stride=(2, 2))
          (conv): Sequential(
            (0): Conv2d(128, 64, kernel_size=(3, 3), stride=(1, 1), padding=(1, 1), bias=False)
            (1): GroupNorm(4, 64, eps=1e-05, affine=True)
            (2): ReLU()
          )
        )
        (decoder2): UpLite(
          (up): ConvTranspose2d(64, 48, kernel_size=(2, 2), stride=(2, 2))
          (conv): Sequential(
            (0): Conv2d(64, 32, kernel_size=(3, 3), stride=(1, 1), padding=(1, 1), bias=False)
            (1): GroupNorm(2, 32, eps=1e-05, affine=True)
            (2): ReLU()
          )
        )
        (head): Conv2d(32, 1, kernel_size=(3, 3), stride=(1, 1), padding=(1, 1))
      )
    )
  )
  (upsample1): ConvTranspose2d(768, 256, kernel_size=(2, 2), stride=(2, 2))
  (upsample2): ConvTranspose2d(768, 128, kernel_size=(4, 4), stride=(4, 4))
)
[12/10 04:16:26 fvcore.common.checkpoint]: [Checkpointer] Loading from outputs/cs7_eva_b16_r512/model_0019999.pth ...
[12/10 04:16:27 d2.data.dataset_mapper]: [DatasetMapper] Augmentations used in inference: [ResizeShortestEdge(short_edge_length=(512, 512), max_size=1024, sample_style='choice')]
[12/10 04:16:27 d2.data.common]: Serializing 998 elements to byte tensors and concatenating them all ...
[12/10 04:16:27 d2.data.common]: Serialized dataset takes 0.27 MiB
[12/10 04:16:27 d2.evaluation.evaluator]: Start inference on 998 batches
Add a new rope freq of shape: torch.Size([1024, 64])
[12/10 04:16:31 d2.evaluation.evaluator]: Inference done 11/998. Dataloading: 0.0018 s/iter. Inference: 0.0834 s/iter. Eval: 0.1614 s/iter. Total: 0.2466 s/iter. ETA=0:04:03
[12/10 04:16:36 d2.evaluation.evaluator]: Inference done 31/998. Dataloading: 0.0018 s/iter. Inference: 0.0907 s/iter. Eval: 0.1592 s/iter. Total: 0.2518 s/iter. ETA=0:04:03
[12/10 04:16:42 d2.evaluation.evaluator]: Inference done 53/998. Dataloading: 0.0019 s/iter. Inference: 0.0864 s/iter. Eval: 0.1533 s/iter. Total: 0.2416 s/iter. ETA=0:03:48
[12/10 04:16:47 d2.evaluation.evaluator]: Inference done 74/998. Dataloading: 0.0019 s/iter. Inference: 0.0848 s/iter. Eval: 0.1546 s/iter. Total: 0.2414 s/iter. ETA=0:03:43
[12/10 04:16:52 d2.evaluation.evaluator]: Inference done 96/998. Dataloading: 0.0019 s/iter. Inference: 0.0840 s/iter. Eval: 0.1524 s/iter. Total: 0.2384 s/iter. ETA=0:03:35
[12/10 04:16:57 d2.evaluation.evaluator]: Inference done 118/998. Dataloading: 0.0019 s/iter. Inference: 0.0837 s/iter. Eval: 0.1523 s/iter. Total: 0.2379 s/iter. ETA=0:03:29
[12/10 04:17:02 d2.evaluation.evaluator]: Inference done 140/998. Dataloading: 0.0019 s/iter. Inference: 0.0834 s/iter. Eval: 0.1515 s/iter. Total: 0.2368 s/iter. ETA=0:03:23
[12/10 04:17:07 d2.evaluation.evaluator]: Inference done 162/998. Dataloading: 0.0019 s/iter. Inference: 0.0832 s/iter. Eval: 0.1507 s/iter. Total: 0.2358 s/iter. ETA=0:03:17
[12/10 04:17:12 d2.evaluation.evaluator]: Inference done 184/998. Dataloading: 0.0019 s/iter. Inference: 0.0830 s/iter. Eval: 0.1501 s/iter. Total: 0.2350 s/iter. ETA=0:03:11
[12/10 04:17:17 d2.evaluation.evaluator]: Inference done 206/998. Dataloading: 0.0019 s/iter. Inference: 0.0828 s/iter. Eval: 0.1496 s/iter. Total: 0.2343 s/iter. ETA=0:03:05
[12/10 04:17:22 d2.evaluation.evaluator]: Inference done 229/998. Dataloading: 0.0019 s/iter. Inference: 0.0825 s/iter. Eval: 0.1491 s/iter. Total: 0.2336 s/iter. ETA=0:02:59
[12/10 04:17:27 d2.evaluation.evaluator]: Inference done 251/998. Dataloading: 0.0019 s/iter. Inference: 0.0824 s/iter. Eval: 0.1492 s/iter. Total: 0.2336 s/iter. ETA=0:02:54
[12/10 04:17:33 d2.evaluation.evaluator]: Inference done 273/998. Dataloading: 0.0019 s/iter. Inference: 0.0824 s/iter. Eval: 0.1495 s/iter. Total: 0.2338 s/iter. ETA=0:02:49
[12/10 04:17:38 d2.evaluation.evaluator]: Inference done 294/998. Dataloading: 0.0019 s/iter. Inference: 0.0824 s/iter. Eval: 0.1498 s/iter. Total: 0.2342 s/iter. ETA=0:02:44
[12/10 04:17:43 d2.evaluation.evaluator]: Inference done 317/998. Dataloading: 0.0019 s/iter. Inference: 0.0823 s/iter. Eval: 0.1493 s/iter. Total: 0.2335 s/iter. ETA=0:02:39
[12/10 04:17:48 d2.evaluation.evaluator]: Inference done 338/998. Dataloading: 0.0019 s/iter. Inference: 0.0823 s/iter. Eval: 0.1498 s/iter. Total: 0.2340 s/iter. ETA=0:02:34
[12/10 04:17:53 d2.evaluation.evaluator]: Inference done 359/998. Dataloading: 0.0019 s/iter. Inference: 0.0822 s/iter. Eval: 0.1500 s/iter. Total: 0.2342 s/iter. ETA=0:02:29
[12/10 04:17:58 d2.evaluation.evaluator]: Inference done 380/998. Dataloading: 0.0019 s/iter. Inference: 0.0822 s/iter. Eval: 0.1503 s/iter. Total: 0.2344 s/iter. ETA=0:02:24
[12/10 04:18:03 d2.evaluation.evaluator]: Inference done 402/998. Dataloading: 0.0019 s/iter. Inference: 0.0821 s/iter. Eval: 0.1505 s/iter. Total: 0.2346 s/iter. ETA=0:02:19
[12/10 04:18:08 d2.evaluation.evaluator]: Inference done 423/998. Dataloading: 0.0019 s/iter. Inference: 0.0822 s/iter. Eval: 0.1507 s/iter. Total: 0.2348 s/iter. ETA=0:02:15
[12/10 04:18:13 d2.evaluation.evaluator]: Inference done 444/998. Dataloading: 0.0019 s/iter. Inference: 0.0822 s/iter. Eval: 0.1510 s/iter. Total: 0.2351 s/iter. ETA=0:02:10
[12/10 04:18:18 d2.evaluation.evaluator]: Inference done 466/998. Dataloading: 0.0019 s/iter. Inference: 0.0821 s/iter. Eval: 0.1510 s/iter. Total: 0.2351 s/iter. ETA=0:02:05
[12/10 04:18:23 d2.evaluation.evaluator]: Inference done 488/998. Dataloading: 0.0019 s/iter. Inference: 0.0821 s/iter. Eval: 0.1509 s/iter. Total: 0.2350 s/iter. ETA=0:01:59
[12/10 04:18:29 d2.evaluation.evaluator]: Inference done 510/998. Dataloading: 0.0019 s/iter. Inference: 0.0821 s/iter. Eval: 0.1508 s/iter. Total: 0.2348 s/iter. ETA=0:01:54
[12/10 04:18:34 d2.evaluation.evaluator]: Inference done 531/998. Dataloading: 0.0019 s/iter. Inference: 0.0821 s/iter. Eval: 0.1512 s/iter. Total: 0.2353 s/iter. ETA=0:01:49
[12/10 04:18:39 d2.evaluation.evaluator]: Inference done 553/998. Dataloading: 0.0019 s/iter. Inference: 0.0820 s/iter. Eval: 0.1511 s/iter. Total: 0.2350 s/iter. ETA=0:01:44
[12/10 04:18:44 d2.evaluation.evaluator]: Inference done 575/998. Dataloading: 0.0019 s/iter. Inference: 0.0819 s/iter. Eval: 0.1510 s/iter. Total: 0.2348 s/iter. ETA=0:01:39
[12/10 04:18:49 d2.evaluation.evaluator]: Inference done 597/998. Dataloading: 0.0019 s/iter. Inference: 0.0819 s/iter. Eval: 0.1508 s/iter. Total: 0.2346 s/iter. ETA=0:01:34
[12/10 04:18:54 d2.evaluation.evaluator]: Inference done 619/998. Dataloading: 0.0019 s/iter. Inference: 0.0819 s/iter. Eval: 0.1507 s/iter. Total: 0.2346 s/iter. ETA=0:01:28
[12/10 04:18:59 d2.evaluation.evaluator]: Inference done 642/998. Dataloading: 0.0019 s/iter. Inference: 0.0819 s/iter. Eval: 0.1504 s/iter. Total: 0.2343 s/iter. ETA=0:01:23
[12/10 04:19:04 d2.evaluation.evaluator]: Inference done 664/998. Dataloading: 0.0019 s/iter. Inference: 0.0819 s/iter. Eval: 0.1505 s/iter. Total: 0.2343 s/iter. ETA=0:01:18
[12/10 04:19:10 d2.evaluation.evaluator]: Inference done 686/998. Dataloading: 0.0019 s/iter. Inference: 0.0818 s/iter. Eval: 0.1506 s/iter. Total: 0.2344 s/iter. ETA=0:01:13
[12/10 04:19:15 d2.evaluation.evaluator]: Inference done 709/998. Dataloading: 0.0019 s/iter. Inference: 0.0818 s/iter. Eval: 0.1503 s/iter. Total: 0.2341 s/iter. ETA=0:01:07
[12/10 04:19:20 d2.evaluation.evaluator]: Inference done 731/998. Dataloading: 0.0019 s/iter. Inference: 0.0817 s/iter. Eval: 0.1503 s/iter. Total: 0.2340 s/iter. ETA=0:01:02
[12/10 04:19:25 d2.evaluation.evaluator]: Inference done 753/998. Dataloading: 0.0019 s/iter. Inference: 0.0817 s/iter. Eval: 0.1502 s/iter. Total: 0.2338 s/iter. ETA=0:00:57
[12/10 04:19:30 d2.evaluation.evaluator]: Inference done 775/998. Dataloading: 0.0019 s/iter. Inference: 0.0817 s/iter. Eval: 0.1501 s/iter. Total: 0.2338 s/iter. ETA=0:00:52
[12/10 04:19:35 d2.evaluation.evaluator]: Inference done 798/998. Dataloading: 0.0019 s/iter. Inference: 0.0817 s/iter. Eval: 0.1500 s/iter. Total: 0.2336 s/iter. ETA=0:00:46
[12/10 04:19:40 d2.evaluation.evaluator]: Inference done 820/998. Dataloading: 0.0019 s/iter. Inference: 0.0817 s/iter. Eval: 0.1501 s/iter. Total: 0.2337 s/iter. ETA=0:00:41
[12/10 04:19:45 d2.evaluation.evaluator]: Inference done 841/998. Dataloading: 0.0019 s/iter. Inference: 0.0817 s/iter. Eval: 0.1503 s/iter. Total: 0.2339 s/iter. ETA=0:00:36
[12/10 04:19:51 d2.evaluation.evaluator]: Inference done 861/998. Dataloading: 0.0019 s/iter. Inference: 0.0817 s/iter. Eval: 0.1508 s/iter. Total: 0.2344 s/iter. ETA=0:00:32
[12/10 04:19:56 d2.evaluation.evaluator]: Inference done 882/998. Dataloading: 0.0019 s/iter. Inference: 0.0817 s/iter. Eval: 0.1510 s/iter. Total: 0.2347 s/iter. ETA=0:00:27
[12/10 04:20:01 d2.evaluation.evaluator]: Inference done 903/998. Dataloading: 0.0019 s/iter. Inference: 0.0817 s/iter. Eval: 0.1512 s/iter. Total: 0.2348 s/iter. ETA=0:00:22
[12/10 04:20:06 d2.evaluation.evaluator]: Inference done 925/998. Dataloading: 0.0019 s/iter. Inference: 0.0816 s/iter. Eval: 0.1513 s/iter. Total: 0.2349 s/iter. ETA=0:00:17
[12/10 04:20:11 d2.evaluation.evaluator]: Inference done 946/998. Dataloading: 0.0019 s/iter. Inference: 0.0816 s/iter. Eval: 0.1515 s/iter. Total: 0.2350 s/iter. ETA=0:00:12
[12/10 04:20:16 d2.evaluation.evaluator]: Inference done 967/998. Dataloading: 0.0019 s/iter. Inference: 0.0816 s/iter. Eval: 0.1517 s/iter. Total: 0.2352 s/iter. ETA=0:00:07
[12/10 04:20:21 d2.evaluation.evaluator]: Inference done 988/998. Dataloading: 0.0019 s/iter. Inference: 0.0816 s/iter. Eval: 0.1519 s/iter. Total: 0.2353 s/iter. ETA=0:00:02
[12/10 04:20:24 d2.evaluation.evaluator]: Total inference time: 0:03:53.847434 (0.235496 s / iter per device, on 1 devices)
[12/10 04:20:24 d2.evaluation.evaluator]: Total inference pure compute time: 0:01:20 (0.081541 s / iter per device, on 1 devices)
[12/10 04:20:24 d2.evaluation.sem_seg_evaluation]: OrderedDict([('sem_seg', {'mIoU': 53.08214999804155, 'fwIoU': 74.95127721265558, 'IoU-road': 85.65149219181266, 'IoU-sidewalk': 49.90697288788156, 'IoU-building': 82.16917425373947, 'IoU-wall': 37.095602056224934, 'IoU-fence': 18.992719578553466, 'IoU-pole': 20.0299389424676, 'IoU-traffic light': 14.029143463386475, 'IoU-traffic sign': 20.541633723817093, 'IoU-vegetation': 69.06453611880339, 'IoU-terrain': 36.15348736304789, 'IoU-sky': 82.8131192533909, 'IoU-person': 39.85498210072391, 'IoU-rider': 0.8065310752385828, 'IoU-car': 72.79758039853195, 'IoU-truck': 51.22709402201261, 'IoU-bus': 31.51015221618208, 'IoU-train': 6.818601941498521, 'IoU-motorcycle': 23.519283192419966, 'IoU-bicycle': 21.782292327311662, 'IoU-bag': 80.9730808666056, 'IoU-ball': 58.52218632233055, 'IoU-barrel': 79.32609332631012, 'IoU-bench': 4.443840408766278, 'IoU-bird': 71.9976285384092, 'IoU-bottle': 79.99311390744764, 'IoU-cart': 54.41603567571537, 'IoU-cat': 78.537550485548, 'IoU-chair': 58.6966168996801, 'IoU-cow': 66.56561113369604, 'IoU-deer': 59.61269953439599, 'IoU-dog': 66.63430130984244, 'IoU-drone': 43.762141532188764, 'IoU-elephant': 74.435009242406, 'IoU-hat': 76.01007013585965, 'IoU-horse': 73.59270720672497, 'IoU-robot': 67.20918270912047, 'IoU-sheep': 64.95340941595754, 'IoU-table': 38.69659383925376, 'IoU-toy': 67.34143513745114, 'IoU-umbrella': 70.41640706075299, 'IoU-zebra': 75.46809812419656, 'mACC': 70.85502679610155, 'pACC': 84.47261217253738, 'ACC-road': 95.54069968811659, 'ACC-sidewalk': 56.423281919363625, 'ACC-building': 89.65888398198061, 'ACC-wall': 46.4722638661565, 'ACC-fence': 24.261988793625132, 'ACC-pole': 35.5920458674147, 'ACC-traffic light': 55.84594491638516, 'ACC-traffic sign': 36.22094313111642, 'ACC-vegetation': 91.67163468970435, 'ACC-terrain': 50.23071629817464, 'ACC-sky': 84.0539845562677, 'ACC-person': 61.164941688618924, 'ACC-rider': 1.3005760745932309, 'ACC-car': 83.43142183554463, 'ACC-truck': 83.59291827374263, 'ACC-bus': 85.75748817030001, 'ACC-train': 7.447554076036098, 'ACC-motorcycle': 31.80685868986459, 'ACC-bicycle': 27.98646803902224, 'ACC-bag': 95.02051597255678, 'ACC-ball': 96.08673087262297, 'ACC-barrel': 86.11449216738987, 'ACC-bench': 82.24191071541053, 'ACC-bird': 82.77266845074315, 'ACC-bottle': 87.3887597784375, 'ACC-cart': 90.14719887721174, 'ACC-cat': 93.46066187512345, 'ACC-chair': 73.46279770744799, 'ACC-cow': 96.10847381427013, 'ACC-deer': 87.14142664585107, 'ACC-dog': 83.77778899687732, 'ACC-drone': 54.931450803026124, 'ACC-elephant': 84.69568113808647, 'ACC-hat': 94.24482196114617, 'ACC-horse': 92.46612776125474, 'ACC-robot': 93.3450351878852, 'ACC-sheep': 72.60040207715384, 'ACC-table': 47.37621094946487, 'ACC-toy': 76.21113390085856, 'ACC-umbrella': 96.92798681194418, 'ACC-zebra': 90.0732076193733})])
[12/10 04:20:24 d2.engine.defaults]: Evaluation results for acdc_inpaint41_test in csv format:
[12/10 04:20:24 d2.evaluation.testing]: copypaste: Task: sem_seg
[12/10 04:20:24 d2.evaluation.testing]: copypaste: mIoU,fwIoU,mACC,pACC
[12/10 04:20:24 d2.evaluation.testing]: copypaste: 53.0821,74.9513,70.8550,84.4726
/data/zd/TTA_VLM/S2_Corr/train_net.py:16: FutureWarning: In the future `np.bool` will be defined as the corresponding NumPy scalar.
  if not hasattr(np, _name):
/data/zd/TTA_VLM/S2_Corr/train_net.py:16: FutureWarning: In the future `np.object` will be defined as the corresponding NumPy scalar.
  if not hasattr(np, _name):
/data/zd/TTA_VLM/S2_Corr/train_net.py:18: FutureWarning: In the future `np.long` will be defined as the corresponding NumPy scalar.
  if not hasattr(np, "long"):
/data2/anaconda3/envs/DeCLIP_CATSeg/lib/python3.10/site-packages/torchvision/datapoints/__init__.py:12: UserWarning: The torchvision.datapoints and torchvision.transforms.v2 namespaces are still Beta. While we do not expect major breaking changes, some APIs may still change according to user feedback. Please submit any feedback you may have in this issue: https://github.com/pytorch/vision/issues/6753, and you can also check out https://github.com/pytorch/vision/issues/7319 to learn more about the APIs that we suspect might involve future changes. You can silence this warning by calling torchvision.disable_beta_transforms_warning().
  warnings.warn(_BETA_TRANSFORMS_WARNING)
/data2/anaconda3/envs/DeCLIP_CATSeg/lib/python3.10/site-packages/torchvision/transforms/v2/__init__.py:54: UserWarning: The torchvision.datapoints and torchvision.transforms.v2 namespaces are still Beta. While we do not expect major breaking changes, some APIs may still change according to user feedback. Please submit any feedback you may have in this issue: https://github.com/pytorch/vision/issues/6753, and you can also check out https://github.com/pytorch/vision/issues/7319 to learn more about the APIs that we suspect might involve future changes. You can silence this warning by calling torchvision.disable_beta_transforms_warning().
  warnings.warn(_BETA_TRANSFORMS_WARNING)
Please 'pip install apex'
Command Line Args: Namespace(config_file='configs/cs7_catseg.yaml', resume=False, eval_only=True, num_gpus=1, num_machines=1, machine_rank=0, dist_url='auto', opts=['OUTPUT_DIR', 'outputs/cs7_eva_b16_r512/eval', 'MODEL.SEM_SEG_HEAD.TEST_CLASS_JSON', 'datasets/inpaint41_vocab.json', 'MODEL.SEM_SEG_HEAD.ENABLE_HIGH_RES', 'False', 'DATASETS.TEST', '("bdd_inpaint41_test",)', 'TEST.SLIDING_WINDOW', 'True', 'MODEL.SEM_SEG_HEAD.POOLING_SIZES', '[1,1]', 'MODEL.WEIGHTS', 'outputs/cs7_eva_b16_r512/model_0019999.pth'])
[12/10 04:20:28 detectron2]: Rank of current process: 0. World size: 1
[12/10 04:20:29 detectron2]: Environment info:
----------------------  ------------------------------------------------------------------------------------------
sys.platform            linux
Python                  3.10.0 (default, Mar  3 2022, 09:58:08) [GCC 7.5.0]
numpy                   1.26.4
detectron2              0.6 @/data2/anaconda3/envs/DeCLIP_CATSeg/lib/python3.10/site-packages/detectron2
Compiler                GCC 7.5
CUDA compiler           CUDA 11.6
detectron2 arch flags   8.0
DETECTRON2_ENV_MODULE   <not set>
PyTorch                 2.0.0+cu117 @/data2/anaconda3/envs/DeCLIP_CATSeg/lib/python3.10/site-packages/torch
PyTorch debug build     False
GPU available           Yes
GPU 0                   GeForce RTX 3090 (arch=8.6)
Driver version          460.84
CUDA_HOME               /usr/local/cuda-11.6
TORCH_CUDA_ARCH_LIST    8.0
Pillow                  9.1.0
torchvision             0.15.1+cu117 @/data2/anaconda3/envs/DeCLIP_CATSeg/lib/python3.10/site-packages/torchvision
torchvision arch flags  3.5, 5.0, 6.0, 7.0, 7.5, 8.0, 8.6
fvcore                  0.1.5.post20221221
iopath                  0.1.9
cv2                     4.11.0
----------------------  ------------------------------------------------------------------------------------------
PyTorch built with:
  - GCC 9.3
  - C++ Version: 201703
  - Intel(R) oneAPI Math Kernel Library Version 2022.2-Product Build 20220804 for Intel(R) 64 architecture applications
  - Intel(R) MKL-DNN v2.7.3 (Git Hash 6dbeffbae1f23cbbeae17adb7b5b13f1f37c080e)
  - OpenMP 201511 (a.k.a. OpenMP 4.5)
  - LAPACK is enabled (usually provided by MKL)
  - NNPACK is enabled
  - CPU capability usage: AVX2
  - CUDA Runtime 11.7
  - NVCC architecture flags: -gencode;arch=compute_37,code=sm_37;-gencode;arch=compute_50,code=sm_50;-gencode;arch=compute_60,code=sm_60;-gencode;arch=compute_70,code=sm_70;-gencode;arch=compute_75,code=sm_75;-gencode;arch=compute_80,code=sm_80;-gencode;arch=compute_86,code=sm_86
  - CuDNN 8.5
  - Magma 2.6.1
  - Build settings: BLAS_INFO=mkl, BUILD_TYPE=Release, CUDA_VERSION=11.7, CUDNN_VERSION=8.5.0, CXX_COMPILER=/opt/rh/devtoolset-9/root/usr/bin/c++, CXX_FLAGS= -D_GLIBCXX_USE_CXX11_ABI=0 -fabi-version=11 -Wno-deprecated -fvisibility-inlines-hidden -DUSE_PTHREADPOOL -DNDEBUG -DUSE_KINETO -DLIBKINETO_NOROCTRACER -DUSE_FBGEMM -DUSE_QNNPACK -DUSE_PYTORCH_QNNPACK -DUSE_XNNPACK -DSYMBOLICATE_MOBILE_DEBUG_HANDLE -O2 -fPIC -Wall -Wextra -Werror=return-type -Werror=non-virtual-dtor -Werror=bool-operation -Wnarrowing -Wno-missing-field-initializers -Wno-type-limits -Wno-array-bounds -Wno-unknown-pragmas -Wunused-local-typedefs -Wno-unused-parameter -Wno-unused-function -Wno-unused-result -Wno-strict-overflow -Wno-strict-aliasing -Wno-error=deprecated-declarations -Wno-stringop-overflow -Wno-psabi -Wno-error=pedantic -Wno-error=redundant-decls -Wno-error=old-style-cast -fdiagnostics-color=always -faligned-new -Wno-unused-but-set-variable -Wno-maybe-uninitialized -fno-math-errno -fno-trapping-math -Werror=format -Werror=cast-function-type -Wno-stringop-overflow, LAPACK_INFO=mkl, PERF_WITH_AVX=1, PERF_WITH_AVX2=1, PERF_WITH_AVX512=1, TORCH_DISABLE_GPU_ASSERTS=ON, TORCH_VERSION=2.0.0, USE_CUDA=ON, USE_CUDNN=ON, USE_EXCEPTION_PTR=1, USE_GFLAGS=OFF, USE_GLOG=OFF, USE_MKL=ON, USE_MKLDNN=ON, USE_MPI=OFF, USE_NCCL=1, USE_NNPACK=ON, USE_OPENMP=ON, USE_ROCM=OFF, 

[12/10 04:20:29 detectron2]: Command line arguments: Namespace(config_file='configs/cs7_catseg.yaml', resume=False, eval_only=True, num_gpus=1, num_machines=1, machine_rank=0, dist_url='auto', opts=['OUTPUT_DIR', 'outputs/cs7_eva_b16_r512/eval', 'MODEL.SEM_SEG_HEAD.TEST_CLASS_JSON', 'datasets/inpaint41_vocab.json', 'MODEL.SEM_SEG_HEAD.ENABLE_HIGH_RES', 'False', 'DATASETS.TEST', '("bdd_inpaint41_test",)', 'TEST.SLIDING_WINDOW', 'True', 'MODEL.SEM_SEG_HEAD.POOLING_SIZES', '[1,1]', 'MODEL.WEIGHTS', 'outputs/cs7_eva_b16_r512/model_0019999.pth'])
[12/10 04:20:29 detectron2]: Contents of args.config_file=configs/cs7_catseg.yaml:
_BASE_: config.yaml
DATASETS:
  TRAIN: ("cityscapes7_train",)
  TEST:  ("cityscapes19_val",)
MODEL:
  META_ARCHITECTURE: "CATSeg"
  PIXEL_MEAN: [123.675, 116.280, 103.530]
  PIXEL_STD: [58.395, 57.120, 57.375]
  SEM_SEG_HEAD:
    NAME: "CATSegHead"
    IN_FEATURES: [ "res2", "res3", "res4" ]
    IGNORE_VALUE: 255
    NUM_CLASSES: 19
    TRAIN_CLASS_JSON: "datasets/cityscapes_seen_7.json"
    TEST_CLASS_JSON:  "datasets/cityscapes_19.json"
    CLIP_PRETRAINED: "EVA02-CLIP-B-16"
    PROMPT_DEPTH: 0
    PROMPT_LENGTH: 0
    TEXT_GUIDANCE_DIM: 512
    TEXT_GUIDANCE_PROJ_DIM: 128
    APPEARANCE_GUIDANCE_DIM: 512
    APPEARANCE_GUIDANCE_PROJ_DIM: 128
    DECODER_DIMS: [ 64, 32 ]
    DECODER_GUIDANCE_DIMS: [ 256, 128 ]
    DECODER_GUIDANCE_PROJ_DIMS: [ 32, 16 ]
    NUM_LAYERS: 1
    NUM_HEADS: 4
    HIDDEN_DIMS: 128
    POOLING_SIZES: [ 1, 1 ]
    FEATURE_RESOLUTION: [ 32, 32 ]
    WINDOW_SIZES: 16
    ATTENTION_TYPE: "mamba"
    CLIP_FINETUNE: "vision_plus"
    CACHE_DIR: "/data/zd/TTA_VLM/DeCLIP-ZSSS/Pretrain/EVA02_CLIP_B_psz16_s8B.pt"
    ENABLE_HIGH_RES: "False"
  PROMPT_ENSEMBLE_TYPE: "multi_domain"
INPUT:
  MIN_SIZE_TRAIN: (512, 768)
  MIN_SIZE_TRAIN_SAMPLING: "choice"
  MAX_SIZE_TRAIN: 1024
  MIN_SIZE_TEST: 512
  MAX_SIZE_TEST: 1024
  CROP:
    ENABLED: True
    TYPE: "absolute"
    SIZE: (512, 512)
  SIZE_DIVISIBILITY: 32
  FORMAT: "RGB"
  DATASET_MAPPER_NAME: "mask_former_semantic"
SOLVER:
  IMS_PER_BATCH: 4
  LR_SCHEDULER_NAME: "WarmupCosineLR"
  BASE_LR: 0.0002
  MAX_ITER: 20000
  BACKBONE_MULTIPLIER: 0.0
  CLIP_MULTIPLIER: 0.01
TEST:
  EVAL_PERIOD: 40000
  SLIDING_WINDOW: True
  SW_KERNEL: 512
  SW_OVERLAP: 0.333
  SW_OUT_RES: [512, 1024]
[12/10 04:20:29 detectron2]: Running with full config:
CUDNN_BENCHMARK: true
DATALOADER:
  ASPECT_RATIO_GROUPING: true
  FILTER_EMPTY_ANNOTATIONS: true
  NUM_WORKERS: 8
  REPEAT_THRESHOLD: 0.0
  SAMPLER_TRAIN: TrainingSampler
DATASETS:
  PRECOMPUTED_PROPOSAL_TOPK_TEST: 1000
  PRECOMPUTED_PROPOSAL_TOPK_TRAIN: 2000
  PROPOSAL_FILES_TEST: []
  PROPOSAL_FILES_TRAIN: []
  TEST:
  - bdd_inpaint41_test
  TRAIN:
  - cityscapes7_train
  VAL_ALL:
  - coco_2017_val_all_stuff_sem_seg
DDP:
  BROADCAST_BUFFERS: false
  FIND_UNUSED_PARAMETERS: true
GLOBAL:
  HACK: 1.0
INPUT:
  COLOR_AUG_SSD: true
  CROP:
    ENABLED: true
    SINGLE_CATEGORY_MAX_AREA: 1.0
    SIZE:
    - 512
    - 512
    TYPE: absolute
  DATASET_MAPPER_NAME: mask_former_semantic
  FORMAT: RGB
  MASK_FORMAT: polygon
  MAX_SIZE_TEST: 1024
  MAX_SIZE_TRAIN: 1024
  MIN_SIZE_TEST: 512
  MIN_SIZE_TRAIN:
  - 512
  - 768
  MIN_SIZE_TRAIN_SAMPLING: choice
  RANDOM_FLIP: horizontal
  SIZE_DIVISIBILITY: 32
MODEL:
  ANCHOR_GENERATOR:
    ANGLES:
    - - -90
      - 0
      - 90
    ASPECT_RATIOS:
    - - 0.5
      - 1.0
      - 2.0
    NAME: DefaultAnchorGenerator
    OFFSET: 0.0
    SIZES:
    - - 32
      - 64
      - 128
      - 256
      - 512
  BACKBONE:
    FREEZE_AT: 2
    NAME: build_resnet_backbone
  CLIP_PIXEL_MEAN:
  - 122.7709383
  - 116.7460125
  - 104.09373615
  CLIP_PIXEL_STD:
  - 68.5005327
  - 66.6321579
  - 70.323163
  DEVICE: cuda
  FPN:
    FUSE_TYPE: sum
    IN_FEATURES: []
    NORM: ''
    OUT_CHANNELS: 256
  KEYPOINT_ON: false
  LOAD_PROPOSALS: false
  MASK_FORMER:
    SIZE_DIVISIBILITY: 32
  MASK_ON: false
  META_ARCHITECTURE: CATSeg
  PANOPTIC_FPN:
    COMBINE:
      ENABLED: true
      INSTANCES_CONFIDENCE_THRESH: 0.5
      OVERLAP_THRESH: 0.5
      STUFF_AREA_LIMIT: 4096
    INSTANCE_LOSS_WEIGHT: 1.0
  PIXEL_MEAN:
  - 123.675
  - 116.28
  - 103.53
  PIXEL_STD:
  - 58.395
  - 57.12
  - 57.375
  PROMPT_ENSEMBLE: false
  PROMPT_ENSEMBLE_TYPE: multi_domain
  PROPOSAL_GENERATOR:
    MIN_SIZE: 0
    NAME: RPN
  RESNETS:
    DEFORM_MODULATED: false
    DEFORM_NUM_GROUPS: 1
    DEFORM_ON_PER_STAGE:
    - false
    - false
    - false
    - false
    DEPTH: 50
    NORM: FrozenBN
    NUM_GROUPS: 1
    OUT_FEATURES:
    - res4
    RES2_OUT_CHANNELS: 256
    RES4_DILATION: 1
    RES5_DILATION: 1
    RES5_MULTI_GRID:
    - 1
    - 2
    - 4
    STEM_OUT_CHANNELS: 64
    STEM_TYPE: deeplab
    STRIDE_IN_1X1: true
    WIDTH_PER_GROUP: 64
  RETINANET:
    BBOX_REG_LOSS_TYPE: smooth_l1
    BBOX_REG_WEIGHTS: &id002
    - 1.0
    - 1.0
    - 1.0
    - 1.0
    FOCAL_LOSS_ALPHA: 0.25
    FOCAL_LOSS_GAMMA: 2.0
    IN_FEATURES:
    - p3
    - p4
    - p5
    - p6
    - p7
    IOU_LABELS:
    - 0
    - -1
    - 1
    IOU_THRESHOLDS:
    - 0.4
    - 0.5
    NMS_THRESH_TEST: 0.5
    NORM: ''
    NUM_CLASSES: 80
    NUM_CONVS: 4
    PRIOR_PROB: 0.01
    SCORE_THRESH_TEST: 0.05
    SMOOTH_L1_LOSS_BETA: 0.1
    TOPK_CANDIDATES_TEST: 1000
  ROI_BOX_CASCADE_HEAD:
    BBOX_REG_WEIGHTS:
    - &id001
      - 10.0
      - 10.0
      - 5.0
      - 5.0
    - - 20.0
      - 20.0
      - 10.0
      - 10.0
    - - 30.0
      - 30.0
      - 15.0
      - 15.0
    IOUS:
    - 0.5
    - 0.6
    - 0.7
  ROI_BOX_HEAD:
    BBOX_REG_LOSS_TYPE: smooth_l1
    BBOX_REG_LOSS_WEIGHT: 1.0
    BBOX_REG_WEIGHTS: *id001
    CLS_AGNOSTIC_BBOX_REG: false
    CONV_DIM: 256
    FC_DIM: 1024
    NAME: ''
    NORM: ''
    NUM_CONV: 0
    NUM_FC: 0
    POOLER_RESOLUTION: 14
    POOLER_SAMPLING_RATIO: 0
    POOLER_TYPE: ROIAlignV2
    SMOOTH_L1_BETA: 0.0
    TRAIN_ON_PRED_BOXES: false
  ROI_HEADS:
    BATCH_SIZE_PER_IMAGE: 512
    IN_FEATURES:
    - res4
    IOU_LABELS:
    - 0
    - 1
    IOU_THRESHOLDS:
    - 0.5
    NAME: Res5ROIHeads
    NMS_THRESH_TEST: 0.5
    NUM_CLASSES: 80
    POSITIVE_FRACTION: 0.25
    PROPOSAL_APPEND_GT: true
    SCORE_THRESH_TEST: 0.05
  ROI_KEYPOINT_HEAD:
    CONV_DIMS:
    - 512
    - 512
    - 512
    - 512
    - 512
    - 512
    - 512
    - 512
    LOSS_WEIGHT: 1.0
    MIN_KEYPOINTS_PER_IMAGE: 1
    NAME: KRCNNConvDeconvUpsampleHead
    NORMALIZE_LOSS_BY_VISIBLE_KEYPOINTS: true
    NUM_KEYPOINTS: 17
    POOLER_RESOLUTION: 14
    POOLER_SAMPLING_RATIO: 0
    POOLER_TYPE: ROIAlignV2
  ROI_MASK_HEAD:
    CLS_AGNOSTIC_MASK: false
    CONV_DIM: 256
    NAME: MaskRCNNConvUpsampleHead
    NORM: ''
    NUM_CONV: 0
    POOLER_RESOLUTION: 14
    POOLER_SAMPLING_RATIO: 0
    POOLER_TYPE: ROIAlignV2
  RPN:
    BATCH_SIZE_PER_IMAGE: 256
    BBOX_REG_LOSS_TYPE: smooth_l1
    BBOX_REG_LOSS_WEIGHT: 1.0
    BBOX_REG_WEIGHTS: *id002
    BOUNDARY_THRESH: -1
    CONV_DIMS:
    - -1
    HEAD_NAME: StandardRPNHead
    IN_FEATURES:
    - res4
    IOU_LABELS:
    - 0
    - -1
    - 1
    IOU_THRESHOLDS:
    - 0.3
    - 0.7
    LOSS_WEIGHT: 1.0
    NMS_THRESH: 0.7
    POSITIVE_FRACTION: 0.5
    POST_NMS_TOPK_TEST: 1000
    POST_NMS_TOPK_TRAIN: 2000
    PRE_NMS_TOPK_TEST: 6000
    PRE_NMS_TOPK_TRAIN: 12000
    SMOOTH_L1_BETA: 0.0
  SEM_SEG_HEAD:
    APPEARANCE_GUIDANCE_DIM: 512
    APPEARANCE_GUIDANCE_PROJ_DIM: 128
    ASPP_CHANNELS: 256
    ASPP_DILATIONS:
    - 6
    - 12
    - 18
    ASPP_DROPOUT: 0.1
    ATTENTION_TYPE: mamba
    CACHE_DIR: /data/zd/TTA_VLM/DeCLIP-ZSSS/Pretrain/EVA02_CLIP_B_psz16_s8B.pt
    CLIP_FINETUNE: vision_plus
    CLIP_PRETRAINED: EVA02-CLIP-B-16
    COMMON_STRIDE: 4
    CONVS_DIM: 128
    DECODER_DIMS:
    - 64
    - 32
    DECODER_GUIDANCE_DIMS:
    - 256
    - 128
    DECODER_GUIDANCE_PROJ_DIMS:
    - 32
    - 16
    ENABLE_HIGH_RES: false
    FEATURE_RESOLUTION:
    - 32
    - 32
    HIDDEN_DIMS: 128
    IGNORE_VALUE: 255
    IN_FEATURES:
    - res2
    - res3
    - res4
    LOSS_TYPE: hard_pixel_mining
    LOSS_WEIGHT: 1.0
    NAME: CATSegHead
    NORM: GN
    NUM_CLASSES: 19
    NUM_HEADS: 4
    NUM_LAYERS: 1
    POOLING_SIZES:
    - 1
    - 1
    PROJECT_CHANNELS:
    - 48
    PROJECT_FEATURES:
    - res2
    PROMPT_DEPTH: 0
    PROMPT_LENGTH: 0
    TEST_CLASS_INDEXES: datasets/coco/coco_stuff/split/unseen_indexes.json
    TEST_CLASS_JSON: datasets/inpaint41_vocab.json
    TEXT_GUIDANCE_DIM: 512
    TEXT_GUIDANCE_PROJ_DIM: 128
    TRAIN_CLASS_INDEXES: datasets/coco/coco_stuff/split/seen_indexes.json
    TRAIN_CLASS_JSON: datasets/cityscapes_seen_7.json
    USE_DEPTHWISE_SEPARABLE_CONV: false
    WINDOW_SIZES: 16
  SWIN:
    APE: false
    ATTN_DROP_RATE: 0.0
    DEPTHS:
    - 2
    - 2
    - 6
    - 2
    DROP_PATH_RATE: 0.3
    DROP_RATE: 0.0
    EMBED_DIM: 96
    MLP_RATIO: 4.0
    NUM_HEADS:
    - 3
    - 6
    - 12
    - 24
    OUT_FEATURES:
    - res2
    - res3
    - res4
    - res5
    PATCH_NORM: true
    PATCH_SIZE: 4
    PRETRAIN_IMG_SIZE: 224
    QKV_BIAS: true
    QK_SCALE: null
    WINDOW_SIZE: 7
  WEIGHTS: outputs/cs7_eva_b16_r512/model_0019999.pth
OUTPUT_DIR: outputs/cs7_eva_b16_r512/eval
SEED: -1
SOLVER:
  AMP:
    ENABLED: false
  BACKBONE_MULTIPLIER: 0.0
  BASE_LR: 0.0002
  BIAS_LR_FACTOR: 1.0
  CHECKPOINT_PERIOD: 5000
  CLIP_GRADIENTS:
    CLIP_TYPE: full_model
    CLIP_VALUE: 0.01
    ENABLED: true
    NORM_TYPE: 2.0
  CLIP_MULTIPLIER: 0.01
  GAMMA: 0.1
  IMS_PER_BATCH: 4
  LR_SCHEDULER_NAME: WarmupCosineLR
  MAX_ITER: 20000
  MOMENTUM: 0.9
  NESTEROV: false
  OPTIMIZER: ADAMW
  POLY_LR_CONSTANT_ENDING: 0.0
  POLY_LR_POWER: 0.9
  REFERENCE_WORLD_SIZE: 0
  STEPS:
  - 30000
  WARMUP_FACTOR: 1.0
  WARMUP_ITERS: 0
  WARMUP_METHOD: linear
  WEIGHT_DECAY: 0.0001
  WEIGHT_DECAY_BIAS: null
  WEIGHT_DECAY_EMBED: 0.0
  WEIGHT_DECAY_NORM: 0.0
TEST:
  AUG:
    ENABLED: false
    FLIP: true
    MAX_SIZE: 4000
    MIN_SIZES:
    - 400
    - 500
    - 600
    - 700
    - 800
    - 900
    - 1000
    - 1100
    - 1200
  DETECTIONS_PER_IMAGE: 100
  EVAL_PERIOD: 40000
  EXPECTED_RESULTS: []
  KEYPOINT_OKS_SIGMAS: []
  PRECISE_BN:
    ENABLED: false
    NUM_ITER: 200
  SLIDING_WINDOW: true
  SW_KERNEL: 512
  SW_OUT_RES:
  - 512
  - 1024
  SW_OVERLAP: 0.333
VERSION: 2
VIS_PERIOD: 0

[12/10 04:20:29 detectron2]: Full config saved to outputs/cs7_eva_b16_r512/eval/config.yaml
[12/10 04:20:29 d2.utils.env]: Using a generated random seed 29647975
Freeze text encoder parameters
[12/10 04:20:34 d2.engine.defaults]: Model:
CATSeg(
  (sem_seg_head): CATSegHead(
    (predictor): CATSegPredictor(
      (clip_model): CustomCLIP(
        (visual): EVAVisionTransformer(
          (patch_embed): PatchEmbed(
            (proj): Conv2d(3, 768, kernel_size=(16, 16), stride=(16, 16))
          )
          (pos_drop): Dropout(p=0.0, inplace=False)
          (rope): VisionRotaryEmbeddingFast()
          (blocks): ModuleList(
            (0-11): 12 x Block(
              (norm1): LayerNorm((768,), eps=1e-06, elementwise_affine=True)
              (attn): Attention(
                (q_proj): Linear(in_features=768, out_features=768, bias=False)
                (k_proj): Linear(in_features=768, out_features=768, bias=False)
                (v_proj): Linear(in_features=768, out_features=768, bias=False)
                (attn_drop): Dropout(p=0.0, inplace=False)
                (inner_attn_ln): LayerNorm((768,), eps=1e-06, elementwise_affine=True)
                (proj): Linear(in_features=768, out_features=768, bias=True)
                (proj_drop): Dropout(p=0.0, inplace=False)
                (rope): VisionRotaryEmbeddingFast()
              )
              (drop_path): Identity()
              (norm2): LayerNorm((768,), eps=1e-06, elementwise_affine=True)
              (mlp): SwiGLU(
                (w1): Linear(in_features=768, out_features=2048, bias=True)
                (w2): Linear(in_features=768, out_features=2048, bias=True)
                (act): SiLU()
                (ffn_ln): LayerNorm((2048,), eps=1e-06, elementwise_affine=True)
                (w3): Linear(in_features=2048, out_features=768, bias=True)
                (drop): Dropout(p=0.0, inplace=False)
              )
            )
          )
          (norm): LayerNorm((768,), eps=1e-06, elementwise_affine=True)
          (head): Linear(in_features=768, out_features=512, bias=True)
          (patch_dropout): Identity()
        )
        (text): TextTransformer(
          (token_embedding): Embedding(49408, 512)
          (transformer): Transformer(
            (resblocks): ModuleList(
              (0-11): 12 x ResidualAttentionBlock(
                (ln_1): LayerNorm((512,), eps=1e-05, elementwise_affine=True)
                (attn): Attention(
                  (attn_drop): Dropout(p=0.0, inplace=False)
                  (out_proj): Linear(in_features=512, out_features=512, bias=True)
                  (out_drop): Dropout(p=0.0, inplace=False)
                )
                (ls_1): Identity()
                (ln_2): LayerNorm((512,), eps=1e-05, elementwise_affine=True)
                (mlp): Sequential(
                  (c_fc): Linear(in_features=512, out_features=2048, bias=True)
                  (gelu): GELU(approximate='none')
                  (c_proj): Linear(in_features=2048, out_features=512, bias=True)
                )
                (ls_2): Identity()
              )
            )
          )
          (ln_final): LayerNorm((512,), eps=1e-05, elementwise_affine=True)
        )
      )
      (transformer): AggregatorMambaLite(
        (layers): ModuleList(
          (0): Sequential(
            (0): AxialMambaBlockLite_v2(
              (film): FiLM2D(
                (pool): AdaptiveAvgPool2d(output_size=1)
                (fc): Conv2d(128, 256, kernel_size=(1, 1), stride=(1, 1))
              )
              (pre_mix): Sequential(
                (0): Conv2d(128, 128, kernel_size=(3, 3), stride=(1, 1), padding=(1, 1), groups=128)
                (1): Conv2d(128, 128, kernel_size=(1, 1), stride=(1, 1))
                (2): GELU(approximate='none')
              )
              (seq_row): Mamba1DWithDecayPrior(
                (out_norm): LayerNorm((128,), eps=1e-05, elementwise_affine=True)
                (gate): Sequential(
                  (0): Linear(in_features=128, out_features=128, bias=True)
                  (1): SiLU()
                )
                (proj_in): Linear(in_features=128, out_features=384, bias=True)
                (drop): Dropout(p=0.0, inplace=False)
              )
              (post_proj): Conv2d(128, 128, kernel_size=(1, 1), stride=(1, 1))
              (norm_tok): LayerNorm((128,), eps=1e-05, elementwise_affine=True)
              (ffn): Sequential(
                (0): Linear(in_features=128, out_features=384, bias=True)
                (1): GELU(approximate='none')
                (2): Linear(in_features=384, out_features=128, bias=True)
              )
              (down): Identity()
            )
            (1): ClassMambaLayerLite(
              (pool): AvgPool2d(kernel_size=[1, 1], stride=[1, 1], padding=0)
              (guid_proj): Linear(in_features=128, out_features=256, bias=True)
              (seq_block): _Mamba1DAdapterLite(
                (blocks): ModuleList(
                  (0): PseudoMamba1D(
                    (gate): Sequential(
                      (0): Linear(in_features=128, out_features=128, bias=True)
                      (1): SiLU()
                    )
                    (proj_in): Linear(in_features=128, out_features=384, bias=True)
                    (out_norm): LayerNorm((128,), eps=1e-05, elementwise_affine=True)
                    (drop): Dropout(p=0.0, inplace=False)
                  )
                )
                (norm): LayerNorm((128,), eps=1e-05, elementwise_affine=True)
              )
              (norm1): LayerNorm((128,), eps=1e-05, elementwise_affine=True)
              (norm2): LayerNorm((128,), eps=1e-05, elementwise_affine=True)
              (ffn): Sequential(
                (0): Linear(in_features=128, out_features=384, bias=True)
                (1): GELU(approximate='none')
                (2): Linear(in_features=384, out_features=128, bias=True)
              )
            )
          )
        )
        (conv1): Conv2d(1, 128, kernel_size=(7, 7), stride=(1, 1), padding=(3, 3))
        (guidance_projection): Sequential(
          (0): Conv2d(512, 128, kernel_size=(3, 3), stride=(1, 1), padding=(1, 1))
          (1): ReLU()
        )
        (text_guidance_projection): Sequential(
          (0): Linear(in_features=512, out_features=128, bias=True)
          (1): ReLU()
        )
        (decoder_guidance_projection): ModuleList(
          (0): Sequential(
            (0): Conv2d(256, 32, kernel_size=(3, 3), stride=(1, 1), padding=(1, 1))
            (1): ReLU()
          )
          (1): Sequential(
            (0): Conv2d(128, 16, kernel_size=(3, 3), stride=(1, 1), padding=(1, 1))
            (1): ReLU()
          )
        )
        (decoder1): UpLite(
          (up): ConvTranspose2d(128, 96, kernel_size=(2, 2), stride=(2, 2))
          (conv): Sequential(
            (0): Conv2d(128, 64, kernel_size=(3, 3), stride=(1, 1), padding=(1, 1), bias=False)
            (1): GroupNorm(4, 64, eps=1e-05, affine=True)
            (2): ReLU()
          )
        )
        (decoder2): UpLite(
          (up): ConvTranspose2d(64, 48, kernel_size=(2, 2), stride=(2, 2))
          (conv): Sequential(
            (0): Conv2d(64, 32, kernel_size=(3, 3), stride=(1, 1), padding=(1, 1), bias=False)
            (1): GroupNorm(2, 32, eps=1e-05, affine=True)
            (2): ReLU()
          )
        )
        (head): Conv2d(32, 1, kernel_size=(3, 3), stride=(1, 1), padding=(1, 1))
      )
    )
  )
  (upsample1): ConvTranspose2d(768, 256, kernel_size=(2, 2), stride=(2, 2))
  (upsample2): ConvTranspose2d(768, 128, kernel_size=(4, 4), stride=(4, 4))
)
[12/10 04:20:34 fvcore.common.checkpoint]: [Checkpointer] Loading from outputs/cs7_eva_b16_r512/model_0019999.pth ...
[12/10 04:20:35 d2.data.dataset_mapper]: [DatasetMapper] Augmentations used in inference: [ResizeShortestEdge(short_edge_length=(512, 512), max_size=1024, sample_style='choice')]
[12/10 04:20:35 d2.data.common]: Serializing 1003 elements to byte tensors and concatenating them all ...
[12/10 04:20:35 d2.data.common]: Serialized dataset takes 0.24 MiB
[12/10 04:20:35 d2.evaluation.evaluator]: Start inference on 1003 batches
Add a new rope freq of shape: torch.Size([1024, 64])
[12/10 04:20:38 d2.evaluation.evaluator]: Inference done 11/1003. Dataloading: 0.0007 s/iter. Inference: 0.0759 s/iter. Eval: 0.0587 s/iter. Total: 0.1353 s/iter. ETA=0:02:14
[12/10 04:20:43 d2.evaluation.evaluator]: Inference done 46/1003. Dataloading: 0.0015 s/iter. Inference: 0.0809 s/iter. Eval: 0.0624 s/iter. Total: 0.1449 s/iter. ETA=0:02:18
[12/10 04:20:48 d2.evaluation.evaluator]: Inference done 82/1003. Dataloading: 0.0017 s/iter. Inference: 0.0788 s/iter. Eval: 0.0633 s/iter. Total: 0.1438 s/iter. ETA=0:02:12
[12/10 04:20:54 d2.evaluation.evaluator]: Inference done 118/1003. Dataloading: 0.0018 s/iter. Inference: 0.0782 s/iter. Eval: 0.0633 s/iter. Total: 0.1433 s/iter. ETA=0:02:06
[12/10 04:20:59 d2.evaluation.evaluator]: Inference done 153/1003. Dataloading: 0.0018 s/iter. Inference: 0.0778 s/iter. Eval: 0.0637 s/iter. Total: 0.1433 s/iter. ETA=0:02:01
[12/10 04:21:04 d2.evaluation.evaluator]: Inference done 187/1003. Dataloading: 0.0018 s/iter. Inference: 0.0783 s/iter. Eval: 0.0644 s/iter. Total: 0.1445 s/iter. ETA=0:01:57
[12/10 04:21:09 d2.evaluation.evaluator]: Inference done 222/1003. Dataloading: 0.0018 s/iter. Inference: 0.0781 s/iter. Eval: 0.0645 s/iter. Total: 0.1445 s/iter. ETA=0:01:52
[12/10 04:21:14 d2.evaluation.evaluator]: Inference done 257/1003. Dataloading: 0.0019 s/iter. Inference: 0.0779 s/iter. Eval: 0.0645 s/iter. Total: 0.1443 s/iter. ETA=0:01:47
[12/10 04:21:19 d2.evaluation.evaluator]: Inference done 291/1003. Dataloading: 0.0019 s/iter. Inference: 0.0779 s/iter. Eval: 0.0652 s/iter. Total: 0.1451 s/iter. ETA=0:01:43
[12/10 04:21:24 d2.evaluation.evaluator]: Inference done 325/1003. Dataloading: 0.0019 s/iter. Inference: 0.0781 s/iter. Eval: 0.0655 s/iter. Total: 0.1456 s/iter. ETA=0:01:38
[12/10 04:21:29 d2.evaluation.evaluator]: Inference done 361/1003. Dataloading: 0.0019 s/iter. Inference: 0.0780 s/iter. Eval: 0.0653 s/iter. Total: 0.1452 s/iter. ETA=0:01:33
[12/10 04:21:34 d2.evaluation.evaluator]: Inference done 396/1003. Dataloading: 0.0019 s/iter. Inference: 0.0779 s/iter. Eval: 0.0651 s/iter. Total: 0.1450 s/iter. ETA=0:01:28
[12/10 04:21:39 d2.evaluation.evaluator]: Inference done 429/1003. Dataloading: 0.0019 s/iter. Inference: 0.0780 s/iter. Eval: 0.0656 s/iter. Total: 0.1456 s/iter. ETA=0:01:23
[12/10 04:21:44 d2.evaluation.evaluator]: Inference done 464/1003. Dataloading: 0.0019 s/iter. Inference: 0.0780 s/iter. Eval: 0.0658 s/iter. Total: 0.1457 s/iter. ETA=0:01:18
[12/10 04:21:49 d2.evaluation.evaluator]: Inference done 498/1003. Dataloading: 0.0020 s/iter. Inference: 0.0780 s/iter. Eval: 0.0660 s/iter. Total: 0.1461 s/iter. ETA=0:01:13
[12/10 04:21:54 d2.evaluation.evaluator]: Inference done 532/1003. Dataloading: 0.0020 s/iter. Inference: 0.0780 s/iter. Eval: 0.0662 s/iter. Total: 0.1463 s/iter. ETA=0:01:08
[12/10 04:21:59 d2.evaluation.evaluator]: Inference done 566/1003. Dataloading: 0.0020 s/iter. Inference: 0.0780 s/iter. Eval: 0.0663 s/iter. Total: 0.1463 s/iter. ETA=0:01:03
[12/10 04:22:05 d2.evaluation.evaluator]: Inference done 600/1003. Dataloading: 0.0020 s/iter. Inference: 0.0779 s/iter. Eval: 0.0666 s/iter. Total: 0.1466 s/iter. ETA=0:00:59
[12/10 04:22:10 d2.evaluation.evaluator]: Inference done 634/1003. Dataloading: 0.0020 s/iter. Inference: 0.0779 s/iter. Eval: 0.0667 s/iter. Total: 0.1467 s/iter. ETA=0:00:54
[12/10 04:22:15 d2.evaluation.evaluator]: Inference done 668/1003. Dataloading: 0.0020 s/iter. Inference: 0.0779 s/iter. Eval: 0.0668 s/iter. Total: 0.1468 s/iter. ETA=0:00:49
[12/10 04:22:20 d2.evaluation.evaluator]: Inference done 702/1003. Dataloading: 0.0020 s/iter. Inference: 0.0779 s/iter. Eval: 0.0669 s/iter. Total: 0.1469 s/iter. ETA=0:00:44
[12/10 04:22:25 d2.evaluation.evaluator]: Inference done 735/1003. Dataloading: 0.0020 s/iter. Inference: 0.0779 s/iter. Eval: 0.0672 s/iter. Total: 0.1472 s/iter. ETA=0:00:39
[12/10 04:22:30 d2.evaluation.evaluator]: Inference done 769/1003. Dataloading: 0.0020 s/iter. Inference: 0.0779 s/iter. Eval: 0.0674 s/iter. Total: 0.1474 s/iter. ETA=0:00:34
[12/10 04:22:35 d2.evaluation.evaluator]: Inference done 801/1003. Dataloading: 0.0020 s/iter. Inference: 0.0780 s/iter. Eval: 0.0676 s/iter. Total: 0.1478 s/iter. ETA=0:00:29
[12/10 04:22:40 d2.evaluation.evaluator]: Inference done 836/1003. Dataloading: 0.0020 s/iter. Inference: 0.0780 s/iter. Eval: 0.0676 s/iter. Total: 0.1477 s/iter. ETA=0:00:24
[12/10 04:22:45 d2.evaluation.evaluator]: Inference done 870/1003. Dataloading: 0.0020 s/iter. Inference: 0.0780 s/iter. Eval: 0.0676 s/iter. Total: 0.1478 s/iter. ETA=0:00:19
[12/10 04:22:50 d2.evaluation.evaluator]: Inference done 904/1003. Dataloading: 0.0020 s/iter. Inference: 0.0780 s/iter. Eval: 0.0676 s/iter. Total: 0.1478 s/iter. ETA=0:00:14
[12/10 04:22:55 d2.evaluation.evaluator]: Inference done 938/1003. Dataloading: 0.0020 s/iter. Inference: 0.0780 s/iter. Eval: 0.0677 s/iter. Total: 0.1478 s/iter. ETA=0:00:09
[12/10 04:23:00 d2.evaluation.evaluator]: Inference done 972/1003. Dataloading: 0.0020 s/iter. Inference: 0.0780 s/iter. Eval: 0.0677 s/iter. Total: 0.1479 s/iter. ETA=0:00:04
[12/10 04:23:05 d2.evaluation.evaluator]: Total inference time: 0:02:27.669033 (0.147965 s / iter per device, on 1 devices)
[12/10 04:23:05 d2.evaluation.evaluator]: Total inference pure compute time: 0:01:17 (0.078016 s / iter per device, on 1 devices)
[12/10 04:23:05 d2.evaluation.sem_seg_evaluation]: OrderedDict([('sem_seg', {'mIoU': 59.01369992116044, 'fwIoU': 82.68849184903601, 'IoU-road': 90.24208601840112, 'IoU-sidewalk': 53.036926856941555, 'IoU-building': 82.43394982673405, 'IoU-wall': 43.246025943997694, 'IoU-fence': 29.48318231037223, 'IoU-pole': 26.498039417651054, 'IoU-traffic light': 13.07623181703523, 'IoU-traffic sign': 13.717355667276912, 'IoU-vegetation': 80.54267493433362, 'IoU-terrain': 32.52900427182192, 'IoU-sky': 93.08934029744222, 'IoU-person': 41.23052137865325, 'IoU-rider': 3.064252407194332, 'IoU-car': 79.37704321744626, 'IoU-truck': 45.58133044150504, 'IoU-bus': 78.3318606156551, 'IoU-train': 0.0, 'IoU-motorcycle': 65.4419974751017, 'IoU-bicycle': 30.9020041337778, 'IoU-bag': 85.94381873035101, 'IoU-ball': 81.87699155243729, 'IoU-barrel': 81.37427963377158, 'IoU-bench': 31.705754930647736, 'IoU-bird': 77.40234507413051, 'IoU-bottle': 72.85097439534299, 'IoU-cart': 69.16950457369076, 'IoU-cat': 60.64497966545418, 'IoU-chair': 61.002211517961356, 'IoU-cow': 78.75443990929163, 'IoU-deer': 66.68214830369874, 'IoU-dog': 72.07251604113617, 'IoU-drone': 47.17858528384844, 'IoU-elephant': 77.12232075954728, 'IoU-hat': 80.22744028455683, 'IoU-horse': 79.30596217502249, 'IoU-robot': 73.17336821220817, 'IoU-sheep': 89.17952042686767, 'IoU-table': 26.726549228585387, 'IoU-toy': 62.033544176132516, 'IoU-umbrella': 67.69603247700185, 'IoU-zebra': 75.61458238455234, 'mACC': 73.16464426392477, 'pACC': 89.66331884382244, 'ACC-road': 93.82017190488838, 'ACC-sidewalk': 70.8173522882977, 'ACC-building': 90.33786690234616, 'ACC-wall': 71.17656078787343, 'ACC-fence': 42.25196616784244, 'ACC-pole': 30.41012423649506, 'ACC-traffic light': 48.87280809106375, 'ACC-traffic sign': 26.440165911207963, 'ACC-vegetation': 91.66943725217546, 'ACC-terrain': 46.67448421238076, 'ACC-sky': 95.37820960393204, 'ACC-person': 61.051767373608165, 'ACC-rider': 5.435145844273643, 'ACC-car': 88.87769942319859, 'ACC-truck': 57.964789564990795, 'ACC-bus': 81.3509983620914, 'ACC-train': 0.0, 'ACC-motorcycle': 77.19249478804726, 'ACC-bicycle': 57.78605572542096, 'ACC-bag': 94.88651423023884, 'ACC-ball': 91.05964524177188, 'ACC-barrel': 96.14444766205999, 'ACC-bench': 88.28191871576348, 'ACC-bird': 90.76940801328422, 'ACC-bottle': 79.98621954399587, 'ACC-cart': 88.18671232876713, 'ACC-cat': 70.84370703429825, 'ACC-chair': 84.38816508888681, 'ACC-cow': 91.67755284698265, 'ACC-deer': 83.73602378446044, 'ACC-dog': 82.62806108656504, 'ACC-drone': 52.96385766050358, 'ACC-elephant': 92.2282169514488, 'ACC-hat': 98.36083081901525, 'ACC-horse': 91.02358208763465, 'ACC-robot': 95.83890438784825, 'ACC-sheep': 95.63211645244193, 'ACC-table': 46.505940185129695, 'ACC-toy': 70.58900106542971, 'ACC-umbrella': 94.65557204715469, 'ACC-zebra': 81.85591914710051})])
[12/10 04:23:05 d2.engine.defaults]: Evaluation results for bdd_inpaint41_test in csv format:
[12/10 04:23:05 d2.evaluation.testing]: copypaste: Task: sem_seg
[12/10 04:23:05 d2.evaluation.testing]: copypaste: mIoU,fwIoU,mACC,pACC
[12/10 04:23:05 d2.evaluation.testing]: copypaste: 59.0137,82.6885,73.1646,89.6633
[12/10 02:01:31] d2.evaluation.testing INFO: copypaste: Task: sem_seg
[12/10 02:01:31] d2.evaluation.testing INFO: copypaste: mIoU,fwIoU,mACC,pACC
[12/10 02:01:31] d2.evaluation.testing INFO: copypaste: 54.0820,88.0374,63.8953,93.3232
[12/10 02:07:59] d2.evaluation.testing INFO: copypaste: Task: sem_seg
[12/10 02:07:59] d2.evaluation.testing INFO: copypaste: mIoU,fwIoU,mACC,pACC
[12/10 02:07:59] d2.evaluation.testing INFO: copypaste: 44.9032,79.5917,60.5282,87.7207
[12/10 02:10:15] d2.evaluation.testing INFO: copypaste: Task: sem_seg
[12/10 02:10:15] d2.evaluation.testing INFO: copypaste: mIoU,fwIoU,mACC,pACC
[12/10 02:10:15] d2.evaluation.testing INFO: copypaste: 49.9977,85.4119,61.8593,91.3792
[12/10 02:52:29] d2.evaluation.testing INFO: copypaste: Task: sem_seg
[12/10 02:52:29] d2.evaluation.testing INFO: copypaste: mIoU,fwIoU,mACC,pACC
[12/10 02:52:29] d2.evaluation.testing INFO: copypaste: 56.1645,86.5964,68.7561,92.2261
[12/10 04:08:52] d2.evaluation.testing INFO: copypaste: Task: sem_seg
[12/10 04:08:52] d2.evaluation.testing INFO: copypaste: mIoU,fwIoU,mACC,pACC
[12/10 04:08:52] d2.evaluation.testing INFO: copypaste: 43.0697,78.4632,56.4898,86.4709
[12/10 04:16:16] d2.evaluation.testing INFO: copypaste: Task: sem_seg
[12/10 04:16:16] d2.evaluation.testing INFO: copypaste: mIoU,fwIoU,mACC,pACC
[12/10 04:16:16] d2.evaluation.testing INFO: copypaste: 36.4045,77.4919,58.4457,84.6006
[12/10 04:20:24] d2.evaluation.testing INFO: copypaste: Task: sem_seg
[12/10 04:20:24] d2.evaluation.testing INFO: copypaste: mIoU,fwIoU,mACC,pACC
[12/10 04:20:24] d2.evaluation.testing INFO: copypaste: 53.0821,74.9513,70.8550,84.4726
[12/10 04:23:05] d2.evaluation.testing INFO: copypaste: Task: sem_seg
[12/10 04:23:05] d2.evaluation.testing INFO: copypaste: mIoU,fwIoU,mACC,pACC
[12/10 04:23:05] d2.evaluation.testing INFO: copypaste: 59.0137,82.6885,73.1646,89.6633
