nohup: ignoring input
/data/zd/TTA_VLM/S2_Corr/train_net.py:16: FutureWarning: In the future `np.bool` will be defined as the corresponding NumPy scalar.
  if not hasattr(np, _name):
/data/zd/TTA_VLM/S2_Corr/train_net.py:16: FutureWarning: In the future `np.object` will be defined as the corresponding NumPy scalar.
  if not hasattr(np, _name):
/data/zd/TTA_VLM/S2_Corr/train_net.py:18: FutureWarning: In the future `np.long` will be defined as the corresponding NumPy scalar.
  if not hasattr(np, "long"):
/data2/anaconda3/envs/DeCLIP_CATSeg/lib/python3.10/site-packages/torchvision/datapoints/__init__.py:12: UserWarning: The torchvision.datapoints and torchvision.transforms.v2 namespaces are still Beta. While we do not expect major breaking changes, some APIs may still change according to user feedback. Please submit any feedback you may have in this issue: https://github.com/pytorch/vision/issues/6753, and you can also check out https://github.com/pytorch/vision/issues/7319 to learn more about the APIs that we suspect might involve future changes. You can silence this warning by calling torchvision.disable_beta_transforms_warning().
  warnings.warn(_BETA_TRANSFORMS_WARNING)
/data2/anaconda3/envs/DeCLIP_CATSeg/lib/python3.10/site-packages/torchvision/transforms/v2/__init__.py:54: UserWarning: The torchvision.datapoints and torchvision.transforms.v2 namespaces are still Beta. While we do not expect major breaking changes, some APIs may still change according to user feedback. Please submit any feedback you may have in this issue: https://github.com/pytorch/vision/issues/6753, and you can also check out https://github.com/pytorch/vision/issues/7319 to learn more about the APIs that we suspect might involve future changes. You can silence this warning by calling torchvision.disable_beta_transforms_warning().
  warnings.warn(_BETA_TRANSFORMS_WARNING)
Please 'pip install apex'
Command Line Args: Namespace(config_file='configs/cs7_catseg_vitl.yaml', resume=True, eval_only=False, num_gpus=1, num_machines=1, machine_rank=0, dist_url='auto', opts=['OUTPUT_DIR', 'outputs/cs7_eva_L14_r448/'])
[12/09 23:54:15 detectron2]: Rank of current process: 0. World size: 1
[12/09 23:54:15 detectron2]: Environment info:
----------------------  ------------------------------------------------------------------------------------------
sys.platform            linux
Python                  3.10.0 (default, Mar  3 2022, 09:58:08) [GCC 7.5.0]
numpy                   1.26.4
detectron2              0.6 @/data2/anaconda3/envs/DeCLIP_CATSeg/lib/python3.10/site-packages/detectron2
Compiler                GCC 7.5
CUDA compiler           CUDA 11.6
detectron2 arch flags   8.0
DETECTRON2_ENV_MODULE   <not set>
PyTorch                 2.0.0+cu117 @/data2/anaconda3/envs/DeCLIP_CATSeg/lib/python3.10/site-packages/torch
PyTorch debug build     False
GPU available           Yes
GPU 0                   GeForce RTX 3090 (arch=8.6)
Driver version          460.84
CUDA_HOME               /usr/local/cuda-11.6
TORCH_CUDA_ARCH_LIST    8.0
Pillow                  9.1.0
torchvision             0.15.1+cu117 @/data2/anaconda3/envs/DeCLIP_CATSeg/lib/python3.10/site-packages/torchvision
torchvision arch flags  3.5, 5.0, 6.0, 7.0, 7.5, 8.0, 8.6
fvcore                  0.1.5.post20221221
iopath                  0.1.9
cv2                     4.11.0
----------------------  ------------------------------------------------------------------------------------------
PyTorch built with:
  - GCC 9.3
  - C++ Version: 201703
  - Intel(R) oneAPI Math Kernel Library Version 2022.2-Product Build 20220804 for Intel(R) 64 architecture applications
  - Intel(R) MKL-DNN v2.7.3 (Git Hash 6dbeffbae1f23cbbeae17adb7b5b13f1f37c080e)
  - OpenMP 201511 (a.k.a. OpenMP 4.5)
  - LAPACK is enabled (usually provided by MKL)
  - NNPACK is enabled
  - CPU capability usage: AVX2
  - CUDA Runtime 11.7
  - NVCC architecture flags: -gencode;arch=compute_37,code=sm_37;-gencode;arch=compute_50,code=sm_50;-gencode;arch=compute_60,code=sm_60;-gencode;arch=compute_70,code=sm_70;-gencode;arch=compute_75,code=sm_75;-gencode;arch=compute_80,code=sm_80;-gencode;arch=compute_86,code=sm_86
  - CuDNN 8.5
  - Magma 2.6.1
  - Build settings: BLAS_INFO=mkl, BUILD_TYPE=Release, CUDA_VERSION=11.7, CUDNN_VERSION=8.5.0, CXX_COMPILER=/opt/rh/devtoolset-9/root/usr/bin/c++, CXX_FLAGS= -D_GLIBCXX_USE_CXX11_ABI=0 -fabi-version=11 -Wno-deprecated -fvisibility-inlines-hidden -DUSE_PTHREADPOOL -DNDEBUG -DUSE_KINETO -DLIBKINETO_NOROCTRACER -DUSE_FBGEMM -DUSE_QNNPACK -DUSE_PYTORCH_QNNPACK -DUSE_XNNPACK -DSYMBOLICATE_MOBILE_DEBUG_HANDLE -O2 -fPIC -Wall -Wextra -Werror=return-type -Werror=non-virtual-dtor -Werror=bool-operation -Wnarrowing -Wno-missing-field-initializers -Wno-type-limits -Wno-array-bounds -Wno-unknown-pragmas -Wunused-local-typedefs -Wno-unused-parameter -Wno-unused-function -Wno-unused-result -Wno-strict-overflow -Wno-strict-aliasing -Wno-error=deprecated-declarations -Wno-stringop-overflow -Wno-psabi -Wno-error=pedantic -Wno-error=redundant-decls -Wno-error=old-style-cast -fdiagnostics-color=always -faligned-new -Wno-unused-but-set-variable -Wno-maybe-uninitialized -fno-math-errno -fno-trapping-math -Werror=format -Werror=cast-function-type -Wno-stringop-overflow, LAPACK_INFO=mkl, PERF_WITH_AVX=1, PERF_WITH_AVX2=1, PERF_WITH_AVX512=1, TORCH_DISABLE_GPU_ASSERTS=ON, TORCH_VERSION=2.0.0, USE_CUDA=ON, USE_CUDNN=ON, USE_EXCEPTION_PTR=1, USE_GFLAGS=OFF, USE_GLOG=OFF, USE_MKL=ON, USE_MKLDNN=ON, USE_MPI=OFF, USE_NCCL=1, USE_NNPACK=ON, USE_OPENMP=ON, USE_ROCM=OFF, 

[12/09 23:54:15 detectron2]: Command line arguments: Namespace(config_file='configs/cs7_catseg_vitl.yaml', resume=True, eval_only=False, num_gpus=1, num_machines=1, machine_rank=0, dist_url='auto', opts=['OUTPUT_DIR', 'outputs/cs7_eva_L14_r448/'])
[12/09 23:54:15 detectron2]: Contents of args.config_file=configs/cs7_catseg_vitl.yaml:
_BASE_: config.yaml
DATASETS:
  TRAIN: ("cityscapes7_train",)
  TEST:  ("cityscapes19_val",)
MODEL:
  META_ARCHITECTURE: "CATSeg"
  PIXEL_MEAN: [123.675, 116.280, 103.530]
  PIXEL_STD: [58.395, 57.120, 57.375]
  SEM_SEG_HEAD:
    NAME: "CATSegHead"
    IN_FEATURES: ["res2", "res3", "res4"]
    IGNORE_VALUE: 255
    NUM_CLASSES: 19
    TRAIN_CLASS_JSON: "datasets/cityscapes_seen_7.json"
    TEST_CLASS_JSON:  "datasets/cityscapes_19.json"
    CLIP_PRETRAINED: "EVA02-CLIP-L-14-336"
    PROMPT_DEPTH: 0
    PROMPT_LENGTH: 0
    TEXT_GUIDANCE_DIM: 768
    TEXT_GUIDANCE_PROJ_DIM: 128
    APPEARANCE_GUIDANCE_DIM: 768
    APPEARANCE_GUIDANCE_PROJ_DIM: 128
    DECODER_DIMS: [64, 32]
    DECODER_GUIDANCE_DIMS: [256, 128]
    DECODER_GUIDANCE_PROJ_DIMS: [32, 16]
    NUM_LAYERS: 1
    NUM_HEADS: 4
    HIDDEN_DIMS: 128
    POOLING_SIZES: [ 1, 1 ]
    FEATURE_RESOLUTION: [32, 32]
    WINDOW_SIZES: 16
    ATTENTION_TYPE: "linear"
    CLIP_FINETUNE: "attention"
    CACHE_DIR: "/data/zd/TTA_VLM/pretrain/EVA02_CLIP_L_336_psz14_s6B.pt"
  PROMPT_ENSEMBLE_TYPE: "multi_domain"
INPUT:
  MIN_SIZE_TRAIN: (448, 640)
  MIN_SIZE_TRAIN_SAMPLING: "choice"
  MAX_SIZE_TRAIN: 1344
  MIN_SIZE_TEST: 448
  MAX_SIZE_TEST: 1008
  CROP:
    ENABLED: True
    TYPE: "absolute"
    SIZE: (448, 448)
  SIZE_DIVISIBILITY: 14
  FORMAT: "RGB"
  DATASET_MAPPER_NAME: "mask_former_semantic"
SOLVER:
  IMS_PER_BATCH: 4
  LR_SCHEDULER_NAME: "WarmupCosineLR"
  BASE_LR: 0.0002
  MAX_ITER: 20000
  BACKBONE_MULTIPLIER: 0.0
  CLIP_MULTIPLIER: 0.01
TEST:
  EVAL_PERIOD: 10000
  SLIDING_WINDOW: True
  SW_KERNEL: 448
  SW_OVERLAP: 0.333
  SW_OUT_RES: [448, 896]
  

[12/09 23:54:15 detectron2]: Running with full config:
CUDNN_BENCHMARK: true
DATALOADER:
  ASPECT_RATIO_GROUPING: true
  FILTER_EMPTY_ANNOTATIONS: true
  NUM_WORKERS: 8
  REPEAT_THRESHOLD: 0.0
  SAMPLER_TRAIN: TrainingSampler
DATASETS:
  PRECOMPUTED_PROPOSAL_TOPK_TEST: 1000
  PRECOMPUTED_PROPOSAL_TOPK_TRAIN: 2000
  PROPOSAL_FILES_TEST: []
  PROPOSAL_FILES_TRAIN: []
  TEST:
  - cityscapes19_val
  TRAIN:
  - cityscapes7_train
  VAL_ALL:
  - coco_2017_val_all_stuff_sem_seg
DDP:
  BROADCAST_BUFFERS: false
  FIND_UNUSED_PARAMETERS: true
GLOBAL:
  HACK: 1.0
INPUT:
  COLOR_AUG_SSD: true
  CROP:
    ENABLED: true
    SINGLE_CATEGORY_MAX_AREA: 1.0
    SIZE:
    - 448
    - 448
    TYPE: absolute
  DATASET_MAPPER_NAME: mask_former_semantic
  FORMAT: RGB
  MASK_FORMAT: polygon
  MAX_SIZE_TEST: 1008
  MAX_SIZE_TRAIN: 1344
  MIN_SIZE_TEST: 448
  MIN_SIZE_TRAIN:
  - 448
  - 640
  MIN_SIZE_TRAIN_SAMPLING: choice
  RANDOM_FLIP: horizontal
  SIZE_DIVISIBILITY: 14
MODEL:
  ANCHOR_GENERATOR:
    ANGLES:
    - - -90
      - 0
      - 90
    ASPECT_RATIOS:
    - - 0.5
      - 1.0
      - 2.0
    NAME: DefaultAnchorGenerator
    OFFSET: 0.0
    SIZES:
    - - 32
      - 64
      - 128
      - 256
      - 512
  BACKBONE:
    FREEZE_AT: 2
    NAME: build_resnet_backbone
  CLIP_PIXEL_MEAN:
  - 122.7709383
  - 116.7460125
  - 104.09373615
  CLIP_PIXEL_STD:
  - 68.5005327
  - 66.6321579
  - 70.323163
  DEVICE: cuda
  FPN:
    FUSE_TYPE: sum
    IN_FEATURES: []
    NORM: ''
    OUT_CHANNELS: 256
  KEYPOINT_ON: false
  LOAD_PROPOSALS: false
  MASK_FORMER:
    SIZE_DIVISIBILITY: 32
  MASK_ON: false
  META_ARCHITECTURE: CATSeg
  PANOPTIC_FPN:
    COMBINE:
      ENABLED: true
      INSTANCES_CONFIDENCE_THRESH: 0.5
      OVERLAP_THRESH: 0.5
      STUFF_AREA_LIMIT: 4096
    INSTANCE_LOSS_WEIGHT: 1.0
  PIXEL_MEAN:
  - 123.675
  - 116.28
  - 103.53
  PIXEL_STD:
  - 58.395
  - 57.12
  - 57.375
  PROMPT_ENSEMBLE: false
  PROMPT_ENSEMBLE_TYPE: multi_domain
  PROPOSAL_GENERATOR:
    MIN_SIZE: 0
    NAME: RPN
  RESNETS:
    DEFORM_MODULATED: false
    DEFORM_NUM_GROUPS: 1
    DEFORM_ON_PER_STAGE:
    - false
    - false
    - false
    - false
    DEPTH: 50
    NORM: FrozenBN
    NUM_GROUPS: 1
    OUT_FEATURES:
    - res4
    RES2_OUT_CHANNELS: 256
    RES4_DILATION: 1
    RES5_DILATION: 1
    RES5_MULTI_GRID:
    - 1
    - 2
    - 4
    STEM_OUT_CHANNELS: 64
    STEM_TYPE: deeplab
    STRIDE_IN_1X1: true
    WIDTH_PER_GROUP: 64
  RETINANET:
    BBOX_REG_LOSS_TYPE: smooth_l1
    BBOX_REG_WEIGHTS: &id002
    - 1.0
    - 1.0
    - 1.0
    - 1.0
    FOCAL_LOSS_ALPHA: 0.25
    FOCAL_LOSS_GAMMA: 2.0
    IN_FEATURES:
    - p3
    - p4
    - p5
    - p6
    - p7
    IOU_LABELS:
    - 0
    - -1
    - 1
    IOU_THRESHOLDS:
    - 0.4
    - 0.5
    NMS_THRESH_TEST: 0.5
    NORM: ''
    NUM_CLASSES: 80
    NUM_CONVS: 4
    PRIOR_PROB: 0.01
    SCORE_THRESH_TEST: 0.05
    SMOOTH_L1_LOSS_BETA: 0.1
    TOPK_CANDIDATES_TEST: 1000
  ROI_BOX_CASCADE_HEAD:
    BBOX_REG_WEIGHTS:
    - &id001
      - 10.0
      - 10.0
      - 5.0
      - 5.0
    - - 20.0
      - 20.0
      - 10.0
      - 10.0
    - - 30.0
      - 30.0
      - 15.0
      - 15.0
    IOUS:
    - 0.5
    - 0.6
    - 0.7
  ROI_BOX_HEAD:
    BBOX_REG_LOSS_TYPE: smooth_l1
    BBOX_REG_LOSS_WEIGHT: 1.0
    BBOX_REG_WEIGHTS: *id001
    CLS_AGNOSTIC_BBOX_REG: false
    CONV_DIM: 256
    FC_DIM: 1024
    NAME: ''
    NORM: ''
    NUM_CONV: 0
    NUM_FC: 0
    POOLER_RESOLUTION: 14
    POOLER_SAMPLING_RATIO: 0
    POOLER_TYPE: ROIAlignV2
    SMOOTH_L1_BETA: 0.0
    TRAIN_ON_PRED_BOXES: false
  ROI_HEADS:
    BATCH_SIZE_PER_IMAGE: 512
    IN_FEATURES:
    - res4
    IOU_LABELS:
    - 0
    - 1
    IOU_THRESHOLDS:
    - 0.5
    NAME: Res5ROIHeads
    NMS_THRESH_TEST: 0.5
    NUM_CLASSES: 80
    POSITIVE_FRACTION: 0.25
    PROPOSAL_APPEND_GT: true
    SCORE_THRESH_TEST: 0.05
  ROI_KEYPOINT_HEAD:
    CONV_DIMS:
    - 512
    - 512
    - 512
    - 512
    - 512
    - 512
    - 512
    - 512
    LOSS_WEIGHT: 1.0
    MIN_KEYPOINTS_PER_IMAGE: 1
    NAME: KRCNNConvDeconvUpsampleHead
    NORMALIZE_LOSS_BY_VISIBLE_KEYPOINTS: true
    NUM_KEYPOINTS: 17
    POOLER_RESOLUTION: 14
    POOLER_SAMPLING_RATIO: 0
    POOLER_TYPE: ROIAlignV2
  ROI_MASK_HEAD:
    CLS_AGNOSTIC_MASK: false
    CONV_DIM: 256
    NAME: MaskRCNNConvUpsampleHead
    NORM: ''
    NUM_CONV: 0
    POOLER_RESOLUTION: 14
    POOLER_SAMPLING_RATIO: 0
    POOLER_TYPE: ROIAlignV2
  RPN:
    BATCH_SIZE_PER_IMAGE: 256
    BBOX_REG_LOSS_TYPE: smooth_l1
    BBOX_REG_LOSS_WEIGHT: 1.0
    BBOX_REG_WEIGHTS: *id002
    BOUNDARY_THRESH: -1
    CONV_DIMS:
    - -1
    HEAD_NAME: StandardRPNHead
    IN_FEATURES:
    - res4
    IOU_LABELS:
    - 0
    - -1
    - 1
    IOU_THRESHOLDS:
    - 0.3
    - 0.7
    LOSS_WEIGHT: 1.0
    NMS_THRESH: 0.7
    POSITIVE_FRACTION: 0.5
    POST_NMS_TOPK_TEST: 1000
    POST_NMS_TOPK_TRAIN: 2000
    PRE_NMS_TOPK_TEST: 6000
    PRE_NMS_TOPK_TRAIN: 12000
    SMOOTH_L1_BETA: 0.0
  SEM_SEG_HEAD:
    APPEARANCE_GUIDANCE_DIM: 768
    APPEARANCE_GUIDANCE_PROJ_DIM: 128
    ASPP_CHANNELS: 256
    ASPP_DILATIONS:
    - 6
    - 12
    - 18
    ASPP_DROPOUT: 0.1
    ATTENTION_TYPE: linear
    CACHE_DIR: /data/zd/TTA_VLM/pretrain/EVA02_CLIP_L_336_psz14_s6B.pt
    CLIP_FINETUNE: attention
    CLIP_PRETRAINED: EVA02-CLIP-L-14-336
    COMMON_STRIDE: 4
    CONVS_DIM: 128
    DECODER_DIMS:
    - 64
    - 32
    DECODER_GUIDANCE_DIMS:
    - 256
    - 128
    DECODER_GUIDANCE_PROJ_DIMS:
    - 32
    - 16
    ENABLE_HIGH_RES: false
    FEATURE_RESOLUTION:
    - 32
    - 32
    HIDDEN_DIMS: 128
    IGNORE_VALUE: 255
    IN_FEATURES:
    - res2
    - res3
    - res4
    LOSS_TYPE: hard_pixel_mining
    LOSS_WEIGHT: 1.0
    NAME: CATSegHead
    NORM: GN
    NUM_CLASSES: 19
    NUM_HEADS: 4
    NUM_LAYERS: 1
    POOLING_SIZES:
    - 1
    - 1
    PROJECT_CHANNELS:
    - 48
    PROJECT_FEATURES:
    - res2
    PROMPT_DEPTH: 0
    PROMPT_LENGTH: 0
    TEST_CLASS_INDEXES: datasets/coco/coco_stuff/split/unseen_indexes.json
    TEST_CLASS_JSON: datasets/cityscapes_19.json
    TEXT_GUIDANCE_DIM: 768
    TEXT_GUIDANCE_PROJ_DIM: 128
    TRAIN_CLASS_INDEXES: datasets/coco/coco_stuff/split/seen_indexes.json
    TRAIN_CLASS_JSON: datasets/cityscapes_seen_7.json
    USE_DEPTHWISE_SEPARABLE_CONV: false
    WINDOW_SIZES: 16
  SWIN:
    APE: false
    ATTN_DROP_RATE: 0.0
    DEPTHS:
    - 2
    - 2
    - 6
    - 2
    DROP_PATH_RATE: 0.3
    DROP_RATE: 0.0
    EMBED_DIM: 96
    MLP_RATIO: 4.0
    NUM_HEADS:
    - 3
    - 6
    - 12
    - 24
    OUT_FEATURES:
    - res2
    - res3
    - res4
    - res5
    PATCH_NORM: true
    PATCH_SIZE: 4
    PRETRAIN_IMG_SIZE: 224
    QKV_BIAS: true
    QK_SCALE: null
    WINDOW_SIZE: 7
  WEIGHTS: ''
OUTPUT_DIR: outputs/cs7_eva_L14_r448/
SEED: -1
SOLVER:
  AMP:
    ENABLED: false
  BACKBONE_MULTIPLIER: 0.0
  BASE_LR: 0.0002
  BIAS_LR_FACTOR: 1.0
  CHECKPOINT_PERIOD: 5000
  CLIP_GRADIENTS:
    CLIP_TYPE: full_model
    CLIP_VALUE: 0.01
    ENABLED: true
    NORM_TYPE: 2.0
  CLIP_MULTIPLIER: 0.01
  GAMMA: 0.1
  IMS_PER_BATCH: 4
  LR_SCHEDULER_NAME: WarmupCosineLR
  MAX_ITER: 20000
  MOMENTUM: 0.9
  NESTEROV: false
  OPTIMIZER: ADAMW
  POLY_LR_CONSTANT_ENDING: 0.0
  POLY_LR_POWER: 0.9
  REFERENCE_WORLD_SIZE: 0
  STEPS:
  - 30000
  WARMUP_FACTOR: 1.0
  WARMUP_ITERS: 0
  WARMUP_METHOD: linear
  WEIGHT_DECAY: 0.0001
  WEIGHT_DECAY_BIAS: null
  WEIGHT_DECAY_EMBED: 0.0
  WEIGHT_DECAY_NORM: 0.0
TEST:
  AUG:
    ENABLED: false
    FLIP: true
    MAX_SIZE: 4000
    MIN_SIZES:
    - 400
    - 500
    - 600
    - 700
    - 800
    - 900
    - 1000
    - 1100
    - 1200
  DETECTIONS_PER_IMAGE: 100
  EVAL_PERIOD: 10000
  EXPECTED_RESULTS: []
  KEYPOINT_OKS_SIGMAS: []
  PRECISE_BN:
    ENABLED: false
    NUM_ITER: 200
  SLIDING_WINDOW: true
  SW_KERNEL: 448
  SW_OUT_RES:
  - 448
  - 896
  SW_OVERLAP: 0.333
VERSION: 2
VIS_PERIOD: 0

[12/09 23:54:15 detectron2]: Full config saved to outputs/cs7_eva_L14_r448/config.yaml
[12/09 23:54:15 d2.utils.env]: Using a generated random seed 16001251
Freeze text encoder parameters
[12/09 23:54:26 d2.engine.defaults]: Model:
CATSeg(
  (sem_seg_head): CATSegHead(
    (predictor): CATSegPredictor(
      (clip_model): CustomCLIP(
        (visual): EVAVisionTransformer(
          (patch_embed): PatchEmbed(
            (proj): Conv2d(3, 1024, kernel_size=(14, 14), stride=(14, 14))
          )
          (pos_drop): Dropout(p=0.0, inplace=False)
          (rope): VisionRotaryEmbeddingFast()
          (blocks): ModuleList(
            (0-23): 24 x Block(
              (norm1): LayerNorm((1024,), eps=1e-06, elementwise_affine=True)
              (attn): Attention(
                (q_proj): Linear(in_features=1024, out_features=1024, bias=False)
                (k_proj): Linear(in_features=1024, out_features=1024, bias=False)
                (v_proj): Linear(in_features=1024, out_features=1024, bias=False)
                (attn_drop): Dropout(p=0.0, inplace=False)
                (inner_attn_ln): LayerNorm((1024,), eps=1e-06, elementwise_affine=True)
                (proj): Linear(in_features=1024, out_features=1024, bias=True)
                (proj_drop): Dropout(p=0.0, inplace=False)
                (rope): VisionRotaryEmbeddingFast()
              )
              (drop_path): Identity()
              (norm2): LayerNorm((1024,), eps=1e-06, elementwise_affine=True)
              (mlp): SwiGLU(
                (w1): Linear(in_features=1024, out_features=2730, bias=True)
                (w2): Linear(in_features=1024, out_features=2730, bias=True)
                (act): SiLU()
                (ffn_ln): LayerNorm((2730,), eps=1e-06, elementwise_affine=True)
                (w3): Linear(in_features=2730, out_features=1024, bias=True)
                (drop): Dropout(p=0.0, inplace=False)
              )
            )
          )
          (norm): LayerNorm((1024,), eps=1e-06, elementwise_affine=True)
          (head): Linear(in_features=1024, out_features=768, bias=True)
          (patch_dropout): Identity()
        )
        (text): TextTransformer(
          (token_embedding): Embedding(49408, 768)
          (transformer): Transformer(
            (resblocks): ModuleList(
              (0-11): 12 x ResidualAttentionBlock(
                (ln_1): LayerNorm((768,), eps=1e-05, elementwise_affine=True)
                (attn): MultiheadAttention(
                  (out_proj): NonDynamicallyQuantizableLinear(in_features=768, out_features=768, bias=True)
                )
                (ls_1): Identity()
                (ln_2): LayerNorm((768,), eps=1e-05, elementwise_affine=True)
                (mlp): Sequential(
                  (c_fc): Linear(in_features=768, out_features=3072, bias=True)
                  (gelu): GELU(approximate='none')
                  (c_proj): Linear(in_features=3072, out_features=768, bias=True)
                )
                (ls_2): Identity()
              )
            )
          )
          (ln_final): LayerNorm((768,), eps=1e-05, elementwise_affine=True)
        )
      )
      (transformer): AggregatorMambaLite(
        (layers): ModuleList(
          (0): Sequential(
            (0): AxialMambaBlockLite_v2(
              (film): FiLM2D(
                (pool): AdaptiveAvgPool2d(output_size=1)
                (fc): Conv2d(128, 256, kernel_size=(1, 1), stride=(1, 1))
              )
              (pre_mix): Sequential(
                (0): Conv2d(128, 128, kernel_size=(3, 3), stride=(1, 1), padding=(1, 1), groups=128)
                (1): Conv2d(128, 128, kernel_size=(1, 1), stride=(1, 1))
                (2): GELU(approximate='none')
              )
              (seq_row): Mamba1DWithDecayPrior(
                (out_norm): LayerNorm((128,), eps=1e-05, elementwise_affine=True)
                (gate): Sequential(
                  (0): Linear(in_features=128, out_features=128, bias=True)
                  (1): SiLU()
                )
                (proj_in): Linear(in_features=128, out_features=384, bias=True)
                (drop): Dropout(p=0.0, inplace=False)
              )
              (post_proj): Conv2d(128, 128, kernel_size=(1, 1), stride=(1, 1))
              (norm_tok): LayerNorm((128,), eps=1e-05, elementwise_affine=True)
              (ffn): Sequential(
                (0): Linear(in_features=128, out_features=384, bias=True)
                (1): GELU(approximate='none')
                (2): Linear(in_features=384, out_features=128, bias=True)
              )
              (down): Identity()
            )
            (1): ClassMambaLayerLite(
              (pool): AvgPool2d(kernel_size=[1, 1], stride=[1, 1], padding=0)
              (guid_proj): Linear(in_features=128, out_features=256, bias=True)
              (seq_block): _Mamba1DAdapterLite(
                (blocks): ModuleList(
                  (0): PseudoMamba1D(
                    (gate): Sequential(
                      (0): Linear(in_features=128, out_features=128, bias=True)
                      (1): SiLU()
                    )
                    (proj_in): Linear(in_features=128, out_features=384, bias=True)
                    (out_norm): LayerNorm((128,), eps=1e-05, elementwise_affine=True)
                    (drop): Dropout(p=0.0, inplace=False)
                  )
                )
                (norm): LayerNorm((128,), eps=1e-05, elementwise_affine=True)
              )
              (norm1): LayerNorm((128,), eps=1e-05, elementwise_affine=True)
              (norm2): LayerNorm((128,), eps=1e-05, elementwise_affine=True)
              (ffn): Sequential(
                (0): Linear(in_features=128, out_features=384, bias=True)
                (1): GELU(approximate='none')
                (2): Linear(in_features=384, out_features=128, bias=True)
              )
            )
          )
        )
        (conv1): Conv2d(1, 128, kernel_size=(7, 7), stride=(1, 1), padding=(3, 3))
        (guidance_projection): Sequential(
          (0): Conv2d(768, 128, kernel_size=(3, 3), stride=(1, 1), padding=(1, 1))
          (1): ReLU()
        )
        (text_guidance_projection): Sequential(
          (0): Linear(in_features=768, out_features=128, bias=True)
          (1): ReLU()
        )
        (decoder_guidance_projection): ModuleList(
          (0): Sequential(
            (0): Conv2d(256, 32, kernel_size=(3, 3), stride=(1, 1), padding=(1, 1))
            (1): ReLU()
          )
          (1): Sequential(
            (0): Conv2d(128, 16, kernel_size=(3, 3), stride=(1, 1), padding=(1, 1))
            (1): ReLU()
          )
        )
        (decoder1): UpLite(
          (up): ConvTranspose2d(128, 96, kernel_size=(2, 2), stride=(2, 2))
          (conv): Sequential(
            (0): Conv2d(128, 64, kernel_size=(3, 3), stride=(1, 1), padding=(1, 1), bias=False)
            (1): GroupNorm(4, 64, eps=1e-05, affine=True)
            (2): ReLU()
          )
        )
        (decoder2): UpLite(
          (up): ConvTranspose2d(64, 48, kernel_size=(2, 2), stride=(2, 2))
          (conv): Sequential(
            (0): Conv2d(64, 32, kernel_size=(3, 3), stride=(1, 1), padding=(1, 1), bias=False)
            (1): GroupNorm(2, 32, eps=1e-05, affine=True)
            (2): ReLU()
          )
        )
        (head): Conv2d(32, 1, kernel_size=(3, 3), stride=(1, 1), padding=(1, 1))
      )
    )
  )
  (upsample1): ConvTranspose2d(1024, 256, kernel_size=(2, 2), stride=(2, 2))
  (upsample2): ConvTranspose2d(1024, 128, kernel_size=(4, 4), stride=(4, 4))
)
[12/09 23:54:26 d2.data.build]: Using training sampler TrainingSampler
[12/09 23:54:26 d2.data.common]: Serializing 2975 elements to byte tensors and concatenating them all ...
[12/09 23:54:26 d2.data.common]: Serialized dataset takes 0.92 MiB
[12/09 23:54:27 fvcore.common.checkpoint]: No checkpoint found. Initializing model from scratch
[12/09 23:54:27 d2.engine.train_loop]: Starting training from iteration 0
Add a new rope freq of shape: torch.Size([1024, 64])
[12/09 23:54:44 d2.utils.events]:  eta: 4:02:09  iter: 19  total_loss: 0.3989  time: 0.7279  data_time: 0.0483  lr: 0.0002  max_mem: 17908M
[12/09 23:54:59 d2.utils.events]:  eta: 4:02:26  iter: 39  total_loss: 0.3659  time: 0.7285  data_time: 0.0072  lr: 0.0002  max_mem: 17908M
[12/09 23:55:14 d2.utils.events]:  eta: 4:02:23  iter: 59  total_loss: 0.2838  time: 0.7303  data_time: 0.0073  lr: 0.0002  max_mem: 17908M
[12/09 23:55:29 d2.utils.events]:  eta: 4:02:10  iter: 79  total_loss: 0.2289  time: 0.7305  data_time: 0.0073  lr: 0.00019999  max_mem: 17908M
[12/09 23:55:43 d2.utils.events]:  eta: 4:02:17  iter: 99  total_loss: 0.1937  time: 0.7314  data_time: 0.0073  lr: 0.00019999  max_mem: 17908M
[12/09 23:55:58 d2.utils.events]:  eta: 4:02:08  iter: 119  total_loss: 0.1834  time: 0.7317  data_time: 0.0068  lr: 0.00019998  max_mem: 17908M
[12/09 23:56:13 d2.utils.events]:  eta: 4:01:55  iter: 139  total_loss: 0.1554  time: 0.7319  data_time: 0.0069  lr: 0.00019998  max_mem: 17908M
[12/09 23:56:28 d2.utils.events]:  eta: 4:01:38  iter: 159  total_loss: 0.1435  time: 0.7316  data_time: 0.0073  lr: 0.00019997  max_mem: 17908M
[12/09 23:56:42 d2.utils.events]:  eta: 4:01:19  iter: 179  total_loss: 0.1237  time: 0.7312  data_time: 0.0069  lr: 0.00019996  max_mem: 17908M
[12/09 23:56:57 d2.utils.events]:  eta: 4:01:07  iter: 199  total_loss: 0.1172  time: 0.7313  data_time: 0.0072  lr: 0.00019995  max_mem: 17908M
[12/09 23:57:12 d2.utils.events]:  eta: 4:00:55  iter: 219  total_loss: 0.116  time: 0.7315  data_time: 0.0071  lr: 0.00019994  max_mem: 17908M
[12/09 23:57:27 d2.utils.events]:  eta: 4:00:48  iter: 239  total_loss: 0.103  time: 0.7318  data_time: 0.0071  lr: 0.00019993  max_mem: 17908M
[12/09 23:57:42 d2.utils.events]:  eta: 4:00:34  iter: 259  total_loss: 0.1078  time: 0.7318  data_time: 0.0070  lr: 0.00019992  max_mem: 17908M
[12/09 23:57:56 d2.utils.events]:  eta: 4:00:13  iter: 279  total_loss: 0.09814  time: 0.7316  data_time: 0.0068  lr: 0.0001999  max_mem: 17908M
[12/09 23:58:11 d2.utils.events]:  eta: 3:59:59  iter: 299  total_loss: 0.08208  time: 0.7316  data_time: 0.0071  lr: 0.00019989  max_mem: 17908M
[12/09 23:58:26 d2.utils.events]:  eta: 3:59:44  iter: 319  total_loss: 0.07858  time: 0.7315  data_time: 0.0068  lr: 0.00019987  max_mem: 17908M
[12/09 23:58:41 d2.utils.events]:  eta: 3:59:25  iter: 339  total_loss: 0.07936  time: 0.7313  data_time: 0.0072  lr: 0.00019986  max_mem: 17908M
[12/09 23:58:56 d2.utils.events]:  eta: 3:59:10  iter: 359  total_loss: 0.07792  time: 0.7313  data_time: 0.0070  lr: 0.00019984  max_mem: 17908M
[12/09 23:59:10 d2.utils.events]:  eta: 3:58:49  iter: 379  total_loss: 0.08195  time: 0.7311  data_time: 0.0070  lr: 0.00019982  max_mem: 17908M
[12/09 23:59:25 d2.utils.events]:  eta: 3:58:28  iter: 399  total_loss: 0.07627  time: 0.7310  data_time: 0.0070  lr: 0.0001998  max_mem: 17908M
[12/09 23:59:40 d2.utils.events]:  eta: 3:58:08  iter: 419  total_loss: 0.06649  time: 0.7308  data_time: 0.0070  lr: 0.00019978  max_mem: 17908M
[12/09 23:59:55 d2.utils.events]:  eta: 3:57:52  iter: 439  total_loss: 0.06264  time: 0.7307  data_time: 0.0071  lr: 0.00019976  max_mem: 17908M
[12/10 00:00:09 d2.utils.events]:  eta: 3:57:37  iter: 459  total_loss: 0.0607  time: 0.7307  data_time: 0.0071  lr: 0.00019974  max_mem: 17908M
[12/10 00:00:24 d2.utils.events]:  eta: 3:57:21  iter: 479  total_loss: 0.05868  time: 0.7308  data_time: 0.0075  lr: 0.00019972  max_mem: 17908M
[12/10 00:00:39 d2.utils.events]:  eta: 3:57:08  iter: 499  total_loss: 0.05772  time: 0.7308  data_time: 0.0073  lr: 0.00019969  max_mem: 17908M
[12/10 00:00:53 d2.utils.events]:  eta: 3:56:51  iter: 519  total_loss: 0.05158  time: 0.7306  data_time: 0.0069  lr: 0.00019967  max_mem: 17908M
[12/10 00:01:08 d2.utils.events]:  eta: 3:56:38  iter: 539  total_loss: 0.05571  time: 0.7307  data_time: 0.0074  lr: 0.00019964  max_mem: 17908M
[12/10 00:01:23 d2.utils.events]:  eta: 3:56:24  iter: 559  total_loss: 0.06042  time: 0.7307  data_time: 0.0071  lr: 0.00019961  max_mem: 17908M
[12/10 00:01:38 d2.utils.events]:  eta: 3:56:07  iter: 579  total_loss: 0.05135  time: 0.7306  data_time: 0.0070  lr: 0.00019959  max_mem: 17908M
[12/10 00:01:52 d2.utils.events]:  eta: 3:55:54  iter: 599  total_loss: 0.05164  time: 0.7307  data_time: 0.0072  lr: 0.00019956  max_mem: 17908M
[12/10 00:02:07 d2.utils.events]:  eta: 3:55:40  iter: 619  total_loss: 0.05785  time: 0.7307  data_time: 0.0071  lr: 0.00019953  max_mem: 17908M
[12/10 00:02:22 d2.utils.events]:  eta: 3:55:25  iter: 639  total_loss: 0.04734  time: 0.7307  data_time: 0.0073  lr: 0.0001995  max_mem: 17908M
[12/10 00:02:37 d2.utils.events]:  eta: 3:55:10  iter: 659  total_loss: 0.04383  time: 0.7307  data_time: 0.0069  lr: 0.00019946  max_mem: 17908M
[12/10 00:02:51 d2.utils.events]:  eta: 3:54:57  iter: 679  total_loss: 0.0495  time: 0.7307  data_time: 0.0070  lr: 0.00019943  max_mem: 17908M
[12/10 00:03:06 d2.utils.events]:  eta: 3:54:41  iter: 699  total_loss: 0.04666  time: 0.7307  data_time: 0.0073  lr: 0.0001994  max_mem: 17908M
[12/10 00:03:21 d2.utils.events]:  eta: 3:54:26  iter: 719  total_loss: 0.0496  time: 0.7310  data_time: 0.0072  lr: 0.00019936  max_mem: 17908M
[12/10 00:03:36 d2.utils.events]:  eta: 3:54:11  iter: 739  total_loss: 0.04475  time: 0.7310  data_time: 0.0071  lr: 0.00019933  max_mem: 17908M
[12/10 00:03:50 d2.utils.events]:  eta: 3:53:57  iter: 759  total_loss: 0.04166  time: 0.7310  data_time: 0.0072  lr: 0.00019929  max_mem: 17908M
[12/10 00:04:05 d2.utils.events]:  eta: 3:53:43  iter: 779  total_loss: 0.03713  time: 0.7310  data_time: 0.0073  lr: 0.00019925  max_mem: 17908M
[12/10 00:04:20 d2.utils.events]:  eta: 3:53:27  iter: 799  total_loss: 0.04151  time: 0.7310  data_time: 0.0075  lr: 0.00019921  max_mem: 17908M
[12/10 00:04:35 d2.utils.events]:  eta: 3:53:12  iter: 819  total_loss: 0.04816  time: 0.7310  data_time: 0.0071  lr: 0.00019917  max_mem: 17908M
[12/10 00:04:49 d2.utils.events]:  eta: 3:52:58  iter: 839  total_loss: 0.04318  time: 0.7310  data_time: 0.0071  lr: 0.00019913  max_mem: 17908M
[12/10 00:05:04 d2.utils.events]:  eta: 3:52:44  iter: 859  total_loss: 0.03999  time: 0.7310  data_time: 0.0073  lr: 0.00019909  max_mem: 17908M
[12/10 00:05:19 d2.utils.events]:  eta: 3:52:28  iter: 879  total_loss: 0.0418  time: 0.7309  data_time: 0.0072  lr: 0.00019905  max_mem: 17908M
[12/10 00:05:33 d2.utils.events]:  eta: 3:52:13  iter: 899  total_loss: 0.04236  time: 0.7308  data_time: 0.0068  lr: 0.000199  max_mem: 17908M
[12/10 00:05:48 d2.utils.events]:  eta: 3:51:58  iter: 919  total_loss: 0.03996  time: 0.7308  data_time: 0.0072  lr: 0.00019896  max_mem: 17908M
[12/10 00:06:03 d2.utils.events]:  eta: 3:51:44  iter: 939  total_loss: 0.03447  time: 0.7308  data_time: 0.0071  lr: 0.00019891  max_mem: 17908M
[12/10 00:06:18 d2.utils.events]:  eta: 3:51:28  iter: 959  total_loss: 0.03622  time: 0.7307  data_time: 0.0067  lr: 0.00019887  max_mem: 17908M
[12/10 00:06:32 d2.utils.events]:  eta: 3:51:13  iter: 979  total_loss: 0.03892  time: 0.7307  data_time: 0.0065  lr: 0.00019882  max_mem: 17908M
[12/10 00:06:47 d2.utils.events]:  eta: 3:50:57  iter: 999  total_loss: 0.04442  time: 0.7306  data_time: 0.0070  lr: 0.00019877  max_mem: 17908M
[12/10 00:07:02 d2.utils.events]:  eta: 3:50:42  iter: 1019  total_loss: 0.03605  time: 0.7306  data_time: 0.0071  lr: 0.00019872  max_mem: 17908M
[12/10 00:07:16 d2.utils.events]:  eta: 3:50:26  iter: 1039  total_loss: 0.04262  time: 0.7305  data_time: 0.0068  lr: 0.00019867  max_mem: 17908M
[12/10 00:07:31 d2.utils.events]:  eta: 3:50:10  iter: 1059  total_loss: 0.04067  time: 0.7305  data_time: 0.0070  lr: 0.00019862  max_mem: 17908M
[12/10 00:07:46 d2.utils.events]:  eta: 3:49:53  iter: 1079  total_loss: 0.0396  time: 0.7304  data_time: 0.0069  lr: 0.00019857  max_mem: 17908M
[12/10 00:08:00 d2.utils.events]:  eta: 3:49:36  iter: 1099  total_loss: 0.03885  time: 0.7304  data_time: 0.0071  lr: 0.00019851  max_mem: 17908M
[12/10 00:08:15 d2.utils.events]:  eta: 3:49:19  iter: 1119  total_loss: 0.03905  time: 0.7303  data_time: 0.0070  lr: 0.00019846  max_mem: 17908M
[12/10 00:08:30 d2.utils.events]:  eta: 3:49:03  iter: 1139  total_loss: 0.0356  time: 0.7303  data_time: 0.0069  lr: 0.0001984  max_mem: 17908M
[12/10 00:08:44 d2.utils.events]:  eta: 3:48:47  iter: 1159  total_loss: 0.03482  time: 0.7303  data_time: 0.0069  lr: 0.00019835  max_mem: 17908M
[12/10 00:08:59 d2.utils.events]:  eta: 3:48:31  iter: 1179  total_loss: 0.03522  time: 0.7302  data_time: 0.0068  lr: 0.00019829  max_mem: 17908M
[12/10 00:09:14 d2.utils.events]:  eta: 3:48:16  iter: 1199  total_loss: 0.03952  time: 0.7302  data_time: 0.0070  lr: 0.00019823  max_mem: 17908M
[12/10 00:09:28 d2.utils.events]:  eta: 3:48:00  iter: 1219  total_loss: 0.03745  time: 0.7302  data_time: 0.0075  lr: 0.00019817  max_mem: 17908M
[12/10 00:09:43 d2.utils.events]:  eta: 3:47:45  iter: 1239  total_loss: 0.03654  time: 0.7302  data_time: 0.0076  lr: 0.00019811  max_mem: 17908M
[12/10 00:09:58 d2.utils.events]:  eta: 3:47:29  iter: 1259  total_loss: 0.0373  time: 0.7302  data_time: 0.0071  lr: 0.00019805  max_mem: 17908M
[12/10 00:10:12 d2.utils.events]:  eta: 3:47:14  iter: 1279  total_loss: 0.03661  time: 0.7302  data_time: 0.0068  lr: 0.00019799  max_mem: 17908M
[12/10 00:10:27 d2.utils.events]:  eta: 3:46:57  iter: 1299  total_loss: 0.04241  time: 0.7301  data_time: 0.0070  lr: 0.00019793  max_mem: 17908M
[12/10 00:10:42 d2.utils.events]:  eta: 3:46:42  iter: 1319  total_loss: 0.03643  time: 0.7301  data_time: 0.0067  lr: 0.00019786  max_mem: 17908M
[12/10 00:10:56 d2.utils.events]:  eta: 3:46:28  iter: 1339  total_loss: 0.03733  time: 0.7301  data_time: 0.0071  lr: 0.0001978  max_mem: 17908M
[12/10 00:11:11 d2.utils.events]:  eta: 3:46:13  iter: 1359  total_loss: 0.03508  time: 0.7301  data_time: 0.0069  lr: 0.00019773  max_mem: 17908M
[12/10 00:11:26 d2.utils.events]:  eta: 3:46:00  iter: 1379  total_loss: 0.0373  time: 0.7300  data_time: 0.0070  lr: 0.00019766  max_mem: 17908M
[12/10 00:11:40 d2.utils.events]:  eta: 3:45:45  iter: 1399  total_loss: 0.03161  time: 0.7300  data_time: 0.0069  lr: 0.0001976  max_mem: 17908M
[12/10 00:11:55 d2.utils.events]:  eta: 3:45:31  iter: 1419  total_loss: 0.03299  time: 0.7300  data_time: 0.0072  lr: 0.00019753  max_mem: 17908M
[12/10 00:12:10 d2.utils.events]:  eta: 3:45:17  iter: 1439  total_loss: 0.03041  time: 0.7300  data_time: 0.0070  lr: 0.00019746  max_mem: 17908M
[12/10 00:12:24 d2.utils.events]:  eta: 3:45:01  iter: 1459  total_loss: 0.03466  time: 0.7299  data_time: 0.0066  lr: 0.00019739  max_mem: 17908M
[12/10 00:12:39 d2.utils.events]:  eta: 3:44:46  iter: 1479  total_loss: 0.0305  time: 0.7299  data_time: 0.0067  lr: 0.00019731  max_mem: 17908M
[12/10 00:12:54 d2.utils.events]:  eta: 3:44:29  iter: 1499  total_loss: 0.03522  time: 0.7299  data_time: 0.0067  lr: 0.00019724  max_mem: 17908M
[12/10 00:13:08 d2.utils.events]:  eta: 3:44:15  iter: 1519  total_loss: 0.02966  time: 0.7298  data_time: 0.0068  lr: 0.00019717  max_mem: 17908M
[12/10 00:13:23 d2.utils.events]:  eta: 3:43:58  iter: 1539  total_loss: 0.03564  time: 0.7298  data_time: 0.0065  lr: 0.00019709  max_mem: 17908M
[12/10 00:13:37 d2.utils.events]:  eta: 3:43:42  iter: 1559  total_loss: 0.04384  time: 0.7298  data_time: 0.0067  lr: 0.00019702  max_mem: 17908M
[12/10 00:13:52 d2.utils.events]:  eta: 3:43:27  iter: 1579  total_loss: 0.03461  time: 0.7297  data_time: 0.0071  lr: 0.00019694  max_mem: 17908M
[12/10 00:14:07 d2.utils.events]:  eta: 3:43:12  iter: 1599  total_loss: 0.03081  time: 0.7297  data_time: 0.0067  lr: 0.00019686  max_mem: 17908M
[12/10 00:14:21 d2.utils.events]:  eta: 3:42:57  iter: 1619  total_loss: 0.03399  time: 0.7297  data_time: 0.0072  lr: 0.00019678  max_mem: 17908M
[12/10 00:14:36 d2.utils.events]:  eta: 3:42:40  iter: 1639  total_loss: 0.03431  time: 0.7298  data_time: 0.0071  lr: 0.0001967  max_mem: 17908M
[12/10 00:14:51 d2.utils.events]:  eta: 3:42:25  iter: 1659  total_loss: 0.03268  time: 0.7298  data_time: 0.0071  lr: 0.00019662  max_mem: 17908M
[12/10 00:15:05 d2.utils.events]:  eta: 3:42:10  iter: 1679  total_loss: 0.03357  time: 0.7297  data_time: 0.0072  lr: 0.00019654  max_mem: 17908M
[12/10 00:15:20 d2.utils.events]:  eta: 3:41:55  iter: 1699  total_loss: 0.03293  time: 0.7297  data_time: 0.0070  lr: 0.00019646  max_mem: 17908M
[12/10 00:15:35 d2.utils.events]:  eta: 3:41:40  iter: 1719  total_loss: 0.03175  time: 0.7297  data_time: 0.0071  lr: 0.00019638  max_mem: 17908M
[12/10 00:15:49 d2.utils.events]:  eta: 3:41:24  iter: 1739  total_loss: 0.03305  time: 0.7297  data_time: 0.0075  lr: 0.00019629  max_mem: 17908M
[12/10 00:16:04 d2.utils.events]:  eta: 3:41:10  iter: 1759  total_loss: 0.03167  time: 0.7297  data_time: 0.0070  lr: 0.00019621  max_mem: 17908M
[12/10 00:16:19 d2.utils.events]:  eta: 3:40:55  iter: 1779  total_loss: 0.03547  time: 0.7297  data_time: 0.0068  lr: 0.00019612  max_mem: 17908M
[12/10 00:16:34 d2.utils.events]:  eta: 3:40:40  iter: 1799  total_loss: 0.03296  time: 0.7297  data_time: 0.0073  lr: 0.00019603  max_mem: 17908M
[12/10 00:16:48 d2.utils.events]:  eta: 3:40:25  iter: 1819  total_loss: 0.03217  time: 0.7297  data_time: 0.0068  lr: 0.00019595  max_mem: 17908M
[12/10 00:17:03 d2.utils.events]:  eta: 3:40:10  iter: 1839  total_loss: 0.03321  time: 0.7297  data_time: 0.0071  lr: 0.00019586  max_mem: 17908M
[12/10 00:17:18 d2.utils.events]:  eta: 3:39:54  iter: 1859  total_loss: 0.0319  time: 0.7296  data_time: 0.0067  lr: 0.00019577  max_mem: 17908M
[12/10 00:17:32 d2.utils.events]:  eta: 3:39:39  iter: 1879  total_loss: 0.03215  time: 0.7296  data_time: 0.0071  lr: 0.00019568  max_mem: 17908M
[12/10 00:17:47 d2.utils.events]:  eta: 3:39:26  iter: 1899  total_loss: 0.03009  time: 0.7296  data_time: 0.0069  lr: 0.00019558  max_mem: 17908M
[12/10 00:18:02 d2.utils.events]:  eta: 3:39:12  iter: 1919  total_loss: 0.03297  time: 0.7296  data_time: 0.0070  lr: 0.00019549  max_mem: 17908M
[12/10 00:18:16 d2.utils.events]:  eta: 3:38:57  iter: 1939  total_loss: 0.0313  time: 0.7296  data_time: 0.0068  lr: 0.0001954  max_mem: 17908M
[12/10 00:18:31 d2.utils.events]:  eta: 3:38:43  iter: 1959  total_loss: 0.03557  time: 0.7296  data_time: 0.0069  lr: 0.0001953  max_mem: 17908M
[12/10 00:18:46 d2.utils.events]:  eta: 3:38:29  iter: 1979  total_loss: 0.03295  time: 0.7296  data_time: 0.0071  lr: 0.00019521  max_mem: 17908M
[12/10 00:19:00 d2.utils.events]:  eta: 3:38:15  iter: 1999  total_loss: 0.03043  time: 0.7296  data_time: 0.0069  lr: 0.00019511  max_mem: 17908M
[12/10 00:19:15 d2.utils.events]:  eta: 3:37:59  iter: 2019  total_loss: 0.0289  time: 0.7296  data_time: 0.0071  lr: 0.00019501  max_mem: 17908M
[12/10 00:19:30 d2.utils.events]:  eta: 3:37:45  iter: 2039  total_loss: 0.03211  time: 0.7296  data_time: 0.0071  lr: 0.00019491  max_mem: 17908M
[12/10 00:19:44 d2.utils.events]:  eta: 3:37:31  iter: 2059  total_loss: 0.0285  time: 0.7296  data_time: 0.0072  lr: 0.00019482  max_mem: 17908M
[12/10 00:19:59 d2.utils.events]:  eta: 3:37:15  iter: 2079  total_loss: 0.03044  time: 0.7295  data_time: 0.0069  lr: 0.00019471  max_mem: 17908M
[12/10 00:20:13 d2.utils.events]:  eta: 3:37:01  iter: 2099  total_loss: 0.03143  time: 0.7295  data_time: 0.0069  lr: 0.00019461  max_mem: 17908M
[12/10 00:20:28 d2.utils.events]:  eta: 3:36:47  iter: 2119  total_loss: 0.03251  time: 0.7295  data_time: 0.0074  lr: 0.00019451  max_mem: 17908M
[12/10 00:20:43 d2.utils.events]:  eta: 3:36:32  iter: 2139  total_loss: 0.0301  time: 0.7295  data_time: 0.0071  lr: 0.00019441  max_mem: 17908M
[12/10 00:20:57 d2.utils.events]:  eta: 3:36:18  iter: 2159  total_loss: 0.03396  time: 0.7295  data_time: 0.0071  lr: 0.0001943  max_mem: 17908M
[12/10 00:21:12 d2.utils.events]:  eta: 3:36:04  iter: 2179  total_loss: 0.02988  time: 0.7295  data_time: 0.0071  lr: 0.0001942  max_mem: 17908M
[12/10 00:21:27 d2.utils.events]:  eta: 3:35:49  iter: 2199  total_loss: 0.03151  time: 0.7295  data_time: 0.0075  lr: 0.00019409  max_mem: 17908M
[12/10 00:21:41 d2.utils.events]:  eta: 3:35:34  iter: 2219  total_loss: 0.02856  time: 0.7295  data_time: 0.0070  lr: 0.00019399  max_mem: 17908M
[12/10 00:21:56 d2.utils.events]:  eta: 3:35:17  iter: 2239  total_loss: 0.03303  time: 0.7295  data_time: 0.0068  lr: 0.00019388  max_mem: 17908M
[12/10 00:22:11 d2.utils.events]:  eta: 3:35:04  iter: 2259  total_loss: 0.02928  time: 0.7295  data_time: 0.0076  lr: 0.00019377  max_mem: 17908M
[12/10 00:22:25 d2.utils.events]:  eta: 3:34:50  iter: 2279  total_loss: 0.02763  time: 0.7295  data_time: 0.0074  lr: 0.00019366  max_mem: 17908M
[12/10 00:22:40 d2.utils.events]:  eta: 3:34:36  iter: 2299  total_loss: 0.03465  time: 0.7295  data_time: 0.0073  lr: 0.00019355  max_mem: 17908M
[12/10 00:22:55 d2.utils.events]:  eta: 3:34:22  iter: 2319  total_loss: 0.03038  time: 0.7295  data_time: 0.0067  lr: 0.00019344  max_mem: 17908M
[12/10 00:23:09 d2.utils.events]:  eta: 3:34:07  iter: 2339  total_loss: 0.03738  time: 0.7294  data_time: 0.0071  lr: 0.00019333  max_mem: 17908M
[12/10 00:23:24 d2.utils.events]:  eta: 3:33:51  iter: 2359  total_loss: 0.03248  time: 0.7294  data_time: 0.0070  lr: 0.00019321  max_mem: 17908M
[12/10 00:23:39 d2.utils.events]:  eta: 3:33:35  iter: 2379  total_loss: 0.03362  time: 0.7294  data_time: 0.0069  lr: 0.0001931  max_mem: 17908M
[12/10 00:23:53 d2.utils.events]:  eta: 3:33:20  iter: 2399  total_loss: 0.03316  time: 0.7294  data_time: 0.0068  lr: 0.00019298  max_mem: 17908M
[12/10 00:24:08 d2.utils.events]:  eta: 3:33:05  iter: 2419  total_loss: 0.03016  time: 0.7294  data_time: 0.0071  lr: 0.00019287  max_mem: 17908M
[12/10 00:24:22 d2.utils.events]:  eta: 3:32:49  iter: 2439  total_loss: 0.02986  time: 0.7293  data_time: 0.0071  lr: 0.00019275  max_mem: 17908M
[12/10 00:24:37 d2.utils.events]:  eta: 3:32:35  iter: 2459  total_loss: 0.02693  time: 0.7293  data_time: 0.0071  lr: 0.00019263  max_mem: 17908M
[12/10 00:24:52 d2.utils.events]:  eta: 3:32:20  iter: 2479  total_loss: 0.03271  time: 0.7293  data_time: 0.0076  lr: 0.00019251  max_mem: 17908M
[12/10 00:25:06 d2.utils.events]:  eta: 3:32:05  iter: 2499  total_loss: 0.03151  time: 0.7293  data_time: 0.0070  lr: 0.00019239  max_mem: 17908M
[12/10 00:25:21 d2.utils.events]:  eta: 3:31:51  iter: 2519  total_loss: 0.03154  time: 0.7293  data_time: 0.0070  lr: 0.00019227  max_mem: 17908M
[12/10 00:25:36 d2.utils.events]:  eta: 3:31:37  iter: 2539  total_loss: 0.02907  time: 0.7293  data_time: 0.0069  lr: 0.00019215  max_mem: 17908M
[12/10 00:25:50 d2.utils.events]:  eta: 3:31:24  iter: 2559  total_loss: 0.0266  time: 0.7293  data_time: 0.0069  lr: 0.00019203  max_mem: 17908M
[12/10 00:26:05 d2.utils.events]:  eta: 3:31:09  iter: 2579  total_loss: 0.03109  time: 0.7293  data_time: 0.0071  lr: 0.00019191  max_mem: 17908M
[12/10 00:26:20 d2.utils.events]:  eta: 3:30:55  iter: 2599  total_loss: 0.03172  time: 0.7293  data_time: 0.0071  lr: 0.00019178  max_mem: 17908M
[12/10 00:26:34 d2.utils.events]:  eta: 3:30:41  iter: 2619  total_loss: 0.03109  time: 0.7293  data_time: 0.0073  lr: 0.00019166  max_mem: 17908M
[12/10 00:26:49 d2.utils.events]:  eta: 3:30:28  iter: 2639  total_loss: 0.02764  time: 0.7293  data_time: 0.0074  lr: 0.00019153  max_mem: 17908M
[12/10 00:27:04 d2.utils.events]:  eta: 3:30:14  iter: 2659  total_loss: 0.02952  time: 0.7293  data_time: 0.0073  lr: 0.0001914  max_mem: 17908M
[12/10 00:27:18 d2.utils.events]:  eta: 3:29:59  iter: 2679  total_loss: 0.03106  time: 0.7293  data_time: 0.0072  lr: 0.00019128  max_mem: 17908M
[12/10 00:27:33 d2.utils.events]:  eta: 3:29:45  iter: 2699  total_loss: 0.02655  time: 0.7293  data_time: 0.0070  lr: 0.00019115  max_mem: 17908M
[12/10 00:27:47 d2.utils.events]:  eta: 3:29:31  iter: 2719  total_loss: 0.02761  time: 0.7293  data_time: 0.0068  lr: 0.00019102  max_mem: 17908M
[12/10 00:28:02 d2.utils.events]:  eta: 3:29:17  iter: 2739  total_loss: 0.02915  time: 0.7293  data_time: 0.0068  lr: 0.00019089  max_mem: 17908M
[12/10 00:28:17 d2.utils.events]:  eta: 3:29:03  iter: 2759  total_loss: 0.03028  time: 0.7293  data_time: 0.0064  lr: 0.00019076  max_mem: 17908M
[12/10 00:28:31 d2.utils.events]:  eta: 3:28:48  iter: 2779  total_loss: 0.02884  time: 0.7293  data_time: 0.0067  lr: 0.00019062  max_mem: 17908M
[12/10 00:28:46 d2.utils.events]:  eta: 3:28:34  iter: 2799  total_loss: 0.03045  time: 0.7293  data_time: 0.0075  lr: 0.00019049  max_mem: 17908M
[12/10 00:29:01 d2.utils.events]:  eta: 3:28:20  iter: 2819  total_loss: 0.03125  time: 0.7293  data_time: 0.0071  lr: 0.00019036  max_mem: 17908M
[12/10 00:29:15 d2.utils.events]:  eta: 3:28:05  iter: 2839  total_loss: 0.03012  time: 0.7293  data_time: 0.0070  lr: 0.00019022  max_mem: 17908M
[12/10 00:29:30 d2.utils.events]:  eta: 3:27:50  iter: 2859  total_loss: 0.02929  time: 0.7293  data_time: 0.0070  lr: 0.00019008  max_mem: 17908M
[12/10 00:29:45 d2.utils.events]:  eta: 3:27:36  iter: 2879  total_loss: 0.03044  time: 0.7293  data_time: 0.0069  lr: 0.00018995  max_mem: 17908M
[12/10 00:29:59 d2.utils.events]:  eta: 3:27:21  iter: 2899  total_loss: 0.0255  time: 0.7293  data_time: 0.0070  lr: 0.00018981  max_mem: 17908M
[12/10 00:30:14 d2.utils.events]:  eta: 3:27:06  iter: 2919  total_loss: 0.02868  time: 0.7293  data_time: 0.0070  lr: 0.00018967  max_mem: 17908M
[12/10 00:30:28 d2.utils.events]:  eta: 3:26:51  iter: 2939  total_loss: 0.03009  time: 0.7293  data_time: 0.0068  lr: 0.00018953  max_mem: 17908M
[12/10 00:30:43 d2.utils.events]:  eta: 3:26:36  iter: 2959  total_loss: 0.02796  time: 0.7293  data_time: 0.0068  lr: 0.00018939  max_mem: 17908M
[12/10 00:30:58 d2.utils.events]:  eta: 3:26:20  iter: 2979  total_loss: 0.02619  time: 0.7293  data_time: 0.0068  lr: 0.00018925  max_mem: 17908M
[12/10 00:31:12 d2.utils.events]:  eta: 3:26:07  iter: 2999  total_loss: 0.03126  time: 0.7293  data_time: 0.0069  lr: 0.00018911  max_mem: 17908M
[12/10 00:31:27 d2.utils.events]:  eta: 3:25:52  iter: 3019  total_loss: 0.0263  time: 0.7293  data_time: 0.0067  lr: 0.00018896  max_mem: 17908M
[12/10 00:31:42 d2.utils.events]:  eta: 3:25:38  iter: 3039  total_loss: 0.0279  time: 0.7292  data_time: 0.0067  lr: 0.00018882  max_mem: 17908M
[12/10 00:31:56 d2.utils.events]:  eta: 3:25:23  iter: 3059  total_loss: 0.02864  time: 0.7292  data_time: 0.0067  lr: 0.00018868  max_mem: 17908M
[12/10 00:32:11 d2.utils.events]:  eta: 3:25:09  iter: 3079  total_loss: 0.02819  time: 0.7292  data_time: 0.0066  lr: 0.00018853  max_mem: 17908M
[12/10 00:32:25 d2.utils.events]:  eta: 3:24:54  iter: 3099  total_loss: 0.02798  time: 0.7292  data_time: 0.0067  lr: 0.00018838  max_mem: 17908M
[12/10 00:32:40 d2.utils.events]:  eta: 3:24:39  iter: 3119  total_loss: 0.02578  time: 0.7292  data_time: 0.0069  lr: 0.00018824  max_mem: 17908M
[12/10 00:32:55 d2.utils.events]:  eta: 3:24:24  iter: 3139  total_loss: 0.02834  time: 0.7292  data_time: 0.0067  lr: 0.00018809  max_mem: 17908M
[12/10 00:33:09 d2.utils.events]:  eta: 3:24:09  iter: 3159  total_loss: 0.02745  time: 0.7292  data_time: 0.0067  lr: 0.00018794  max_mem: 17908M
[12/10 00:33:24 d2.utils.events]:  eta: 3:23:54  iter: 3179  total_loss: 0.02926  time: 0.7292  data_time: 0.0066  lr: 0.00018779  max_mem: 17908M
[12/10 00:33:39 d2.utils.events]:  eta: 3:23:40  iter: 3199  total_loss: 0.02842  time: 0.7292  data_time: 0.0066  lr: 0.00018764  max_mem: 17908M
[12/10 00:33:53 d2.utils.events]:  eta: 3:23:26  iter: 3219  total_loss: 0.02568  time: 0.7292  data_time: 0.0068  lr: 0.00018749  max_mem: 17908M
[12/10 00:34:08 d2.utils.events]:  eta: 3:23:11  iter: 3239  total_loss: 0.02757  time: 0.7292  data_time: 0.0069  lr: 0.00018733  max_mem: 17908M
[12/10 00:34:22 d2.utils.events]:  eta: 3:22:56  iter: 3259  total_loss: 0.02728  time: 0.7292  data_time: 0.0068  lr: 0.00018718  max_mem: 17908M
[12/10 00:34:37 d2.utils.events]:  eta: 3:22:40  iter: 3279  total_loss: 0.02645  time: 0.7292  data_time: 0.0070  lr: 0.00018703  max_mem: 17908M
[12/10 00:34:52 d2.utils.events]:  eta: 3:22:26  iter: 3299  total_loss: 0.03307  time: 0.7291  data_time: 0.0071  lr: 0.00018687  max_mem: 17908M
[12/10 00:35:07 d2.utils.events]:  eta: 3:22:11  iter: 3319  total_loss: 0.02582  time: 0.7291  data_time: 0.0065  lr: 0.00018671  max_mem: 17908M
[12/10 00:35:21 d2.utils.events]:  eta: 3:21:57  iter: 3339  total_loss: 0.02977  time: 0.7291  data_time: 0.0067  lr: 0.00018656  max_mem: 17908M
[12/10 00:35:36 d2.utils.events]:  eta: 3:21:43  iter: 3359  total_loss: 0.029  time: 0.7291  data_time: 0.0070  lr: 0.0001864  max_mem: 17908M
[12/10 00:35:50 d2.utils.events]:  eta: 3:21:28  iter: 3379  total_loss: 0.02673  time: 0.7291  data_time: 0.0068  lr: 0.00018624  max_mem: 17908M
[12/10 00:36:05 d2.utils.events]:  eta: 3:21:14  iter: 3399  total_loss: 0.03007  time: 0.7291  data_time: 0.0071  lr: 0.00018608  max_mem: 17908M
[12/10 00:36:20 d2.utils.events]:  eta: 3:21:01  iter: 3419  total_loss: 0.02636  time: 0.7291  data_time: 0.0072  lr: 0.00018592  max_mem: 17908M
[12/10 00:36:34 d2.utils.events]:  eta: 3:20:47  iter: 3439  total_loss: 0.02633  time: 0.7291  data_time: 0.0071  lr: 0.00018576  max_mem: 17908M
[12/10 00:36:49 d2.utils.events]:  eta: 3:20:33  iter: 3459  total_loss: 0.02893  time: 0.7291  data_time: 0.0071  lr: 0.0001856  max_mem: 17908M
[12/10 00:37:03 d2.utils.events]:  eta: 3:20:18  iter: 3479  total_loss: 0.03135  time: 0.7291  data_time: 0.0068  lr: 0.00018544  max_mem: 17908M
[12/10 00:37:18 d2.utils.events]:  eta: 3:20:04  iter: 3499  total_loss: 0.02764  time: 0.7291  data_time: 0.0071  lr: 0.00018527  max_mem: 17908M
[12/10 00:37:33 d2.utils.events]:  eta: 3:19:50  iter: 3519  total_loss: 0.02904  time: 0.7291  data_time: 0.0070  lr: 0.00018511  max_mem: 17908M
[12/10 00:37:47 d2.utils.events]:  eta: 3:19:35  iter: 3539  total_loss: 0.03341  time: 0.7291  data_time: 0.0069  lr: 0.00018494  max_mem: 17908M
[12/10 00:38:02 d2.utils.events]:  eta: 3:19:20  iter: 3559  total_loss: 0.02951  time: 0.7291  data_time: 0.0068  lr: 0.00018478  max_mem: 17908M
[12/10 00:38:17 d2.utils.events]:  eta: 3:19:06  iter: 3579  total_loss: 0.03171  time: 0.7291  data_time: 0.0070  lr: 0.00018461  max_mem: 17908M
[12/10 00:38:31 d2.utils.events]:  eta: 3:18:51  iter: 3599  total_loss: 0.0297  time: 0.7291  data_time: 0.0067  lr: 0.00018444  max_mem: 17908M
[12/10 00:38:46 d2.utils.events]:  eta: 3:18:35  iter: 3619  total_loss: 0.03017  time: 0.7291  data_time: 0.0067  lr: 0.00018427  max_mem: 17908M
[12/10 00:39:00 d2.utils.events]:  eta: 3:18:20  iter: 3639  total_loss: 0.02723  time: 0.7291  data_time: 0.0070  lr: 0.0001841  max_mem: 17908M
[12/10 00:39:15 d2.utils.events]:  eta: 3:18:06  iter: 3659  total_loss: 0.02767  time: 0.7291  data_time: 0.0072  lr: 0.00018393  max_mem: 17908M
[12/10 00:39:30 d2.utils.events]:  eta: 3:17:52  iter: 3679  total_loss: 0.02612  time: 0.7291  data_time: 0.0068  lr: 0.00018376  max_mem: 17908M
[12/10 00:39:44 d2.utils.events]:  eta: 3:17:36  iter: 3699  total_loss: 0.02876  time: 0.7291  data_time: 0.0071  lr: 0.00018359  max_mem: 17908M
[12/10 00:39:59 d2.utils.events]:  eta: 3:17:23  iter: 3719  total_loss: 0.03034  time: 0.7291  data_time: 0.0077  lr: 0.00018342  max_mem: 17908M
[12/10 00:40:14 d2.utils.events]:  eta: 3:17:06  iter: 3739  total_loss: 0.02883  time: 0.7291  data_time: 0.0070  lr: 0.00018324  max_mem: 17908M
[12/10 00:40:28 d2.utils.events]:  eta: 3:16:51  iter: 3759  total_loss: 0.0247  time: 0.7291  data_time: 0.0072  lr: 0.00018307  max_mem: 17908M
[12/10 00:40:43 d2.utils.events]:  eta: 3:16:37  iter: 3779  total_loss: 0.0267  time: 0.7291  data_time: 0.0072  lr: 0.00018289  max_mem: 17908M
[12/10 00:40:58 d2.utils.events]:  eta: 3:16:22  iter: 3799  total_loss: 0.02847  time: 0.7291  data_time: 0.0072  lr: 0.00018272  max_mem: 17908M
[12/10 00:41:12 d2.utils.events]:  eta: 3:16:07  iter: 3819  total_loss: 0.02621  time: 0.7291  data_time: 0.0073  lr: 0.00018254  max_mem: 17908M
[12/10 00:41:27 d2.utils.events]:  eta: 3:15:52  iter: 3839  total_loss: 0.02387  time: 0.7291  data_time: 0.0072  lr: 0.00018236  max_mem: 17908M
[12/10 00:41:41 d2.utils.events]:  eta: 3:15:38  iter: 3859  total_loss: 0.02506  time: 0.7291  data_time: 0.0070  lr: 0.00018218  max_mem: 17908M
[12/10 00:41:56 d2.utils.events]:  eta: 3:15:24  iter: 3879  total_loss: 0.02813  time: 0.7291  data_time: 0.0066  lr: 0.000182  max_mem: 17908M
[12/10 00:42:11 d2.utils.events]:  eta: 3:15:08  iter: 3899  total_loss: 0.02658  time: 0.7291  data_time: 0.0067  lr: 0.00018182  max_mem: 17908M
[12/10 00:42:25 d2.utils.events]:  eta: 3:14:54  iter: 3919  total_loss: 0.0269  time: 0.7291  data_time: 0.0070  lr: 0.00018164  max_mem: 17908M
[12/10 00:42:40 d2.utils.events]:  eta: 3:14:40  iter: 3939  total_loss: 0.02751  time: 0.7291  data_time: 0.0070  lr: 0.00018146  max_mem: 17908M
[12/10 00:42:54 d2.utils.events]:  eta: 3:14:25  iter: 3959  total_loss: 0.02806  time: 0.7291  data_time: 0.0070  lr: 0.00018128  max_mem: 17908M
[12/10 00:43:09 d2.utils.events]:  eta: 3:14:11  iter: 3979  total_loss: 0.02603  time: 0.7291  data_time: 0.0072  lr: 0.0001811  max_mem: 17908M
[12/10 00:43:24 d2.utils.events]:  eta: 3:13:57  iter: 3999  total_loss: 0.02929  time: 0.7291  data_time: 0.0070  lr: 0.00018091  max_mem: 17908M
[12/10 00:43:38 d2.utils.events]:  eta: 3:13:43  iter: 4019  total_loss: 0.02831  time: 0.7291  data_time: 0.0076  lr: 0.00018073  max_mem: 17908M
[12/10 00:43:53 d2.utils.events]:  eta: 3:13:30  iter: 4039  total_loss: 0.02913  time: 0.7291  data_time: 0.0069  lr: 0.00018054  max_mem: 17908M
[12/10 00:44:07 d2.utils.events]:  eta: 3:13:14  iter: 4059  total_loss: 0.02637  time: 0.7291  data_time: 0.0071  lr: 0.00018035  max_mem: 17908M
[12/10 00:44:22 d2.utils.events]:  eta: 3:13:00  iter: 4079  total_loss: 0.02617  time: 0.7291  data_time: 0.0070  lr: 0.00018017  max_mem: 17908M
[12/10 00:44:37 d2.utils.events]:  eta: 3:12:47  iter: 4099  total_loss: 0.02721  time: 0.7291  data_time: 0.0069  lr: 0.00017998  max_mem: 17908M
[12/10 00:44:51 d2.utils.events]:  eta: 3:12:32  iter: 4119  total_loss: 0.02613  time: 0.7291  data_time: 0.0069  lr: 0.00017979  max_mem: 17908M
[12/10 00:45:06 d2.utils.events]:  eta: 3:12:18  iter: 4139  total_loss: 0.02749  time: 0.7290  data_time: 0.0067  lr: 0.0001796  max_mem: 17908M
[12/10 00:45:21 d2.utils.events]:  eta: 3:12:03  iter: 4159  total_loss: 0.03313  time: 0.7290  data_time: 0.0070  lr: 0.00017941  max_mem: 17908M
[12/10 00:45:35 d2.utils.events]:  eta: 3:11:48  iter: 4179  total_loss: 0.02731  time: 0.7290  data_time: 0.0070  lr: 0.00017922  max_mem: 17908M
[12/10 00:45:50 d2.utils.events]:  eta: 3:11:33  iter: 4199  total_loss: 0.02875  time: 0.7290  data_time: 0.0070  lr: 0.00017903  max_mem: 17908M
[12/10 00:46:04 d2.utils.events]:  eta: 3:11:19  iter: 4219  total_loss: 0.02495  time: 0.7290  data_time: 0.0068  lr: 0.00017883  max_mem: 17908M
[12/10 00:46:19 d2.utils.events]:  eta: 3:11:05  iter: 4239  total_loss: 0.02553  time: 0.7290  data_time: 0.0070  lr: 0.00017864  max_mem: 17908M
[12/10 00:46:34 d2.utils.events]:  eta: 3:10:51  iter: 4259  total_loss: 0.02357  time: 0.7290  data_time: 0.0069  lr: 0.00017844  max_mem: 17908M
[12/10 00:46:48 d2.utils.events]:  eta: 3:10:37  iter: 4279  total_loss: 0.02806  time: 0.7290  data_time: 0.0072  lr: 0.00017825  max_mem: 17908M
[12/10 00:47:03 d2.utils.events]:  eta: 3:10:22  iter: 4299  total_loss: 0.0231  time: 0.7290  data_time: 0.0070  lr: 0.00017805  max_mem: 17908M
[12/10 00:47:17 d2.utils.events]:  eta: 3:10:08  iter: 4319  total_loss: 0.02459  time: 0.7290  data_time: 0.0068  lr: 0.00017786  max_mem: 17908M
[12/10 00:47:32 d2.utils.events]:  eta: 3:09:54  iter: 4339  total_loss: 0.02777  time: 0.7290  data_time: 0.0071  lr: 0.00017766  max_mem: 17908M
[12/10 00:47:47 d2.utils.events]:  eta: 3:09:40  iter: 4359  total_loss: 0.02833  time: 0.7290  data_time: 0.0074  lr: 0.00017746  max_mem: 17908M
[12/10 00:48:01 d2.utils.events]:  eta: 3:09:26  iter: 4379  total_loss: 0.02375  time: 0.7290  data_time: 0.0069  lr: 0.00017726  max_mem: 17908M
[12/10 00:48:16 d2.utils.events]:  eta: 3:09:12  iter: 4399  total_loss: 0.025  time: 0.7291  data_time: 0.0071  lr: 0.00017706  max_mem: 17908M
[12/10 00:48:31 d2.utils.events]:  eta: 3:08:59  iter: 4419  total_loss: 0.02521  time: 0.7291  data_time: 0.0072  lr: 0.00017686  max_mem: 17908M
[12/10 00:48:45 d2.utils.events]:  eta: 3:08:44  iter: 4439  total_loss: 0.02473  time: 0.7291  data_time: 0.0069  lr: 0.00017666  max_mem: 17908M
[12/10 00:49:00 d2.utils.events]:  eta: 3:08:29  iter: 4459  total_loss: 0.03  time: 0.7291  data_time: 0.0065  lr: 0.00017646  max_mem: 17908M
[12/10 00:49:14 d2.utils.events]:  eta: 3:08:14  iter: 4479  total_loss: 0.02909  time: 0.7291  data_time: 0.0068  lr: 0.00017625  max_mem: 17908M
[12/10 00:49:29 d2.utils.events]:  eta: 3:07:58  iter: 4499  total_loss: 0.02623  time: 0.7290  data_time: 0.0068  lr: 0.00017605  max_mem: 17908M
[12/10 00:49:44 d2.utils.events]:  eta: 3:07:43  iter: 4519  total_loss: 0.02586  time: 0.7290  data_time: 0.0066  lr: 0.00017585  max_mem: 17908M
[12/10 00:49:58 d2.utils.events]:  eta: 3:07:29  iter: 4539  total_loss: 0.02614  time: 0.7290  data_time: 0.0071  lr: 0.00017564  max_mem: 17908M
[12/10 00:50:13 d2.utils.events]:  eta: 3:07:15  iter: 4559  total_loss: 0.02439  time: 0.7290  data_time: 0.0072  lr: 0.00017544  max_mem: 17908M
[12/10 00:50:27 d2.utils.events]:  eta: 3:07:00  iter: 4579  total_loss: 0.02949  time: 0.7290  data_time: 0.0069  lr: 0.00017523  max_mem: 17908M
[12/10 00:50:42 d2.utils.events]:  eta: 3:06:46  iter: 4599  total_loss: 0.02463  time: 0.7290  data_time: 0.0069  lr: 0.00017502  max_mem: 17908M
[12/10 00:50:57 d2.utils.events]:  eta: 3:06:33  iter: 4619  total_loss: 0.02847  time: 0.7290  data_time: 0.0071  lr: 0.00017481  max_mem: 17908M
[12/10 00:51:11 d2.utils.events]:  eta: 3:06:18  iter: 4639  total_loss: 0.02449  time: 0.7290  data_time: 0.0068  lr: 0.0001746  max_mem: 17908M
[12/10 00:51:26 d2.utils.events]:  eta: 3:06:01  iter: 4659  total_loss: 0.02898  time: 0.7290  data_time: 0.0071  lr: 0.0001744  max_mem: 17908M
[12/10 00:51:41 d2.utils.events]:  eta: 3:05:48  iter: 4679  total_loss: 0.02751  time: 0.7290  data_time: 0.0076  lr: 0.00017418  max_mem: 17908M
[12/10 00:51:55 d2.utils.events]:  eta: 3:05:33  iter: 4699  total_loss: 0.02665  time: 0.7290  data_time: 0.0069  lr: 0.00017397  max_mem: 17908M
[12/10 00:52:10 d2.utils.events]:  eta: 3:05:18  iter: 4719  total_loss: 0.02583  time: 0.7290  data_time: 0.0070  lr: 0.00017376  max_mem: 17908M
[12/10 00:52:24 d2.utils.events]:  eta: 3:05:03  iter: 4739  total_loss: 0.0264  time: 0.7290  data_time: 0.0071  lr: 0.00017355  max_mem: 17908M
[12/10 00:52:39 d2.utils.events]:  eta: 3:04:50  iter: 4759  total_loss: 0.02566  time: 0.7290  data_time: 0.0072  lr: 0.00017334  max_mem: 17908M
[12/10 00:52:54 d2.utils.events]:  eta: 3:04:35  iter: 4779  total_loss: 0.02638  time: 0.7290  data_time: 0.0072  lr: 0.00017312  max_mem: 17908M
[12/10 00:53:08 d2.utils.events]:  eta: 3:04:20  iter: 4799  total_loss: 0.02431  time: 0.7290  data_time: 0.0069  lr: 0.00017291  max_mem: 17908M
[12/10 00:53:23 d2.utils.events]:  eta: 3:04:05  iter: 4819  total_loss: 0.02638  time: 0.7290  data_time: 0.0068  lr: 0.00017269  max_mem: 17908M
[12/10 00:53:37 d2.utils.events]:  eta: 3:03:51  iter: 4839  total_loss: 0.02559  time: 0.7290  data_time: 0.0072  lr: 0.00017248  max_mem: 17908M
[12/10 00:53:52 d2.utils.events]:  eta: 3:03:36  iter: 4859  total_loss: 0.02357  time: 0.7290  data_time: 0.0073  lr: 0.00017226  max_mem: 17908M
[12/10 00:54:07 d2.utils.events]:  eta: 3:03:21  iter: 4879  total_loss: 0.02575  time: 0.7290  data_time: 0.0071  lr: 0.00017204  max_mem: 17908M
[12/10 00:54:21 d2.utils.events]:  eta: 3:03:08  iter: 4899  total_loss: 0.0277  time: 0.7290  data_time: 0.0073  lr: 0.00017182  max_mem: 17908M
[12/10 00:54:36 d2.utils.events]:  eta: 3:02:53  iter: 4919  total_loss: 0.0261  time: 0.7290  data_time: 0.0071  lr: 0.0001716  max_mem: 17908M
[12/10 00:54:50 d2.utils.events]:  eta: 3:02:39  iter: 4939  total_loss: 0.02793  time: 0.7290  data_time: 0.0070  lr: 0.00017138  max_mem: 17908M
[12/10 00:55:05 d2.utils.events]:  eta: 3:02:24  iter: 4959  total_loss: 0.02871  time: 0.7290  data_time: 0.0071  lr: 0.00017116  max_mem: 17908M
[12/10 00:55:20 d2.utils.events]:  eta: 3:02:10  iter: 4979  total_loss: 0.02559  time: 0.7290  data_time: 0.0070  lr: 0.00017094  max_mem: 17908M
[12/10 00:55:34 fvcore.common.checkpoint]: Saving checkpoint to outputs/cs7_eva_L14_r448/model_0004999.pth
[12/10 00:55:36 d2.utils.events]:  eta: 3:01:55  iter: 4999  total_loss: 0.02614  time: 0.7290  data_time: 0.0069  lr: 0.00017072  max_mem: 17908M
[12/10 00:55:51 d2.utils.events]:  eta: 3:01:40  iter: 5019  total_loss: 0.02494  time: 0.7290  data_time: 0.0069  lr: 0.0001705  max_mem: 17908M
[12/10 00:56:08 d2.utils.events]:  eta: 3:01:24  iter: 5039  total_loss: 0.02385  time: 0.7290  data_time: 0.0069  lr: 0.00017028  max_mem: 17908M
[12/10 00:56:23 d2.utils.events]:  eta: 3:01:10  iter: 5059  total_loss: 0.02769  time: 0.7290  data_time: 0.0075  lr: 0.00017005  max_mem: 17908M
[12/10 00:56:37 d2.utils.events]:  eta: 3:00:55  iter: 5079  total_loss: 0.02473  time: 0.7290  data_time: 0.0068  lr: 0.00016983  max_mem: 17908M
[12/10 00:56:52 d2.utils.events]:  eta: 3:00:40  iter: 5099  total_loss: 0.02586  time: 0.7290  data_time: 0.0070  lr: 0.0001696  max_mem: 17908M
[12/10 00:57:07 d2.utils.events]:  eta: 3:00:25  iter: 5119  total_loss: 0.02599  time: 0.7289  data_time: 0.0067  lr: 0.00016938  max_mem: 17908M
[12/10 00:57:21 d2.utils.events]:  eta: 3:00:11  iter: 5139  total_loss: 0.02461  time: 0.7289  data_time: 0.0068  lr: 0.00016915  max_mem: 17908M
[12/10 00:57:36 d2.utils.events]:  eta: 2:59:56  iter: 5159  total_loss: 0.03043  time: 0.7289  data_time: 0.0069  lr: 0.00016892  max_mem: 17908M
[12/10 00:57:50 d2.utils.events]:  eta: 2:59:42  iter: 5179  total_loss: 0.02697  time: 0.7289  data_time: 0.0067  lr: 0.00016869  max_mem: 17908M
[12/10 00:58:05 d2.utils.events]:  eta: 2:59:28  iter: 5199  total_loss: 0.02407  time: 0.7289  data_time: 0.0070  lr: 0.00016847  max_mem: 17908M
[12/10 00:58:20 d2.utils.events]:  eta: 2:59:14  iter: 5219  total_loss: 0.0237  time: 0.7289  data_time: 0.0069  lr: 0.00016824  max_mem: 17908M
[12/10 00:58:34 d2.utils.events]:  eta: 2:58:59  iter: 5239  total_loss: 0.02719  time: 0.7289  data_time: 0.0069  lr: 0.00016801  max_mem: 17908M
[12/10 00:58:49 d2.utils.events]:  eta: 2:58:44  iter: 5259  total_loss: 0.02254  time: 0.7289  data_time: 0.0070  lr: 0.00016778  max_mem: 17908M
[12/10 00:59:04 d2.utils.events]:  eta: 2:58:29  iter: 5279  total_loss: 0.02368  time: 0.7289  data_time: 0.0068  lr: 0.00016754  max_mem: 17908M
[12/10 00:59:18 d2.utils.events]:  eta: 2:58:14  iter: 5299  total_loss: 0.02746  time: 0.7289  data_time: 0.0073  lr: 0.00016731  max_mem: 17908M
[12/10 00:59:33 d2.utils.events]:  eta: 2:58:00  iter: 5319  total_loss: 0.02535  time: 0.7290  data_time: 0.0071  lr: 0.00016708  max_mem: 17908M
[12/10 00:59:48 d2.utils.events]:  eta: 2:57:45  iter: 5339  total_loss: 0.02621  time: 0.7290  data_time: 0.0068  lr: 0.00016685  max_mem: 17908M
[12/10 01:00:02 d2.utils.events]:  eta: 2:57:30  iter: 5359  total_loss: 0.02342  time: 0.7290  data_time: 0.0071  lr: 0.00016661  max_mem: 17908M
[12/10 01:00:17 d2.utils.events]:  eta: 2:57:15  iter: 5379  total_loss: 0.02675  time: 0.7290  data_time: 0.0068  lr: 0.00016638  max_mem: 17908M
[12/10 01:00:31 d2.utils.events]:  eta: 2:57:00  iter: 5399  total_loss: 0.02645  time: 0.7290  data_time: 0.0069  lr: 0.00016614  max_mem: 17908M
[12/10 01:00:46 d2.utils.events]:  eta: 2:56:45  iter: 5419  total_loss: 0.02506  time: 0.7290  data_time: 0.0069  lr: 0.00016591  max_mem: 17908M
[12/10 01:01:01 d2.utils.events]:  eta: 2:56:31  iter: 5439  total_loss: 0.02437  time: 0.7290  data_time: 0.0069  lr: 0.00016567  max_mem: 17908M
[12/10 01:01:15 d2.utils.events]:  eta: 2:56:18  iter: 5459  total_loss: 0.02326  time: 0.7290  data_time: 0.0069  lr: 0.00016543  max_mem: 17908M
[12/10 01:01:30 d2.utils.events]:  eta: 2:56:04  iter: 5479  total_loss: 0.02424  time: 0.7290  data_time: 0.0066  lr: 0.0001652  max_mem: 17908M
[12/10 01:01:45 d2.utils.events]:  eta: 2:55:50  iter: 5499  total_loss: 0.02482  time: 0.7290  data_time: 0.0073  lr: 0.00016496  max_mem: 17908M
[12/10 01:01:59 d2.utils.events]:  eta: 2:55:36  iter: 5519  total_loss: 0.02769  time: 0.7290  data_time: 0.0074  lr: 0.00016472  max_mem: 17908M
[12/10 01:02:14 d2.utils.events]:  eta: 2:55:21  iter: 5539  total_loss: 0.02346  time: 0.7290  data_time: 0.0073  lr: 0.00016448  max_mem: 17908M
[12/10 01:02:29 d2.utils.events]:  eta: 2:55:06  iter: 5559  total_loss: 0.02519  time: 0.7290  data_time: 0.0074  lr: 0.00016424  max_mem: 17908M
[12/10 01:02:43 d2.utils.events]:  eta: 2:54:52  iter: 5579  total_loss: 0.02403  time: 0.7290  data_time: 0.0068  lr: 0.000164  max_mem: 17908M
[12/10 01:02:58 d2.utils.events]:  eta: 2:54:37  iter: 5599  total_loss: 0.02394  time: 0.7290  data_time: 0.0069  lr: 0.00016375  max_mem: 17908M
[12/10 01:03:12 d2.utils.events]:  eta: 2:54:22  iter: 5619  total_loss: 0.02416  time: 0.7290  data_time: 0.0071  lr: 0.00016351  max_mem: 17908M
[12/10 01:03:27 d2.utils.events]:  eta: 2:54:08  iter: 5639  total_loss: 0.02549  time: 0.7290  data_time: 0.0069  lr: 0.00016327  max_mem: 17908M
[12/10 01:03:41 d2.utils.events]:  eta: 2:53:53  iter: 5659  total_loss: 0.02565  time: 0.7290  data_time: 0.0067  lr: 0.00016303  max_mem: 17908M
[12/10 01:03:56 d2.utils.events]:  eta: 2:53:38  iter: 5679  total_loss: 0.02598  time: 0.7290  data_time: 0.0068  lr: 0.00016278  max_mem: 17908M
[12/10 01:04:11 d2.utils.events]:  eta: 2:53:23  iter: 5699  total_loss: 0.02552  time: 0.7290  data_time: 0.0071  lr: 0.00016254  max_mem: 17908M
[12/10 01:04:25 d2.utils.events]:  eta: 2:53:09  iter: 5719  total_loss: 0.02479  time: 0.7290  data_time: 0.0070  lr: 0.00016229  max_mem: 17908M
[12/10 01:04:40 d2.utils.events]:  eta: 2:52:54  iter: 5739  total_loss: 0.02796  time: 0.7290  data_time: 0.0067  lr: 0.00016204  max_mem: 17908M
[12/10 01:04:55 d2.utils.events]:  eta: 2:52:40  iter: 5759  total_loss: 0.02345  time: 0.7290  data_time: 0.0069  lr: 0.0001618  max_mem: 17908M
[12/10 01:05:09 d2.utils.events]:  eta: 2:52:25  iter: 5779  total_loss: 0.02438  time: 0.7290  data_time: 0.0073  lr: 0.00016155  max_mem: 17908M
[12/10 01:05:24 d2.utils.events]:  eta: 2:52:10  iter: 5799  total_loss: 0.02958  time: 0.7290  data_time: 0.0071  lr: 0.0001613  max_mem: 17908M
[12/10 01:05:38 d2.utils.events]:  eta: 2:51:55  iter: 5819  total_loss: 0.02435  time: 0.7289  data_time: 0.0069  lr: 0.00016105  max_mem: 17908M
[12/10 01:05:53 d2.utils.events]:  eta: 2:51:40  iter: 5839  total_loss: 0.02397  time: 0.7289  data_time: 0.0072  lr: 0.00016081  max_mem: 17908M
[12/10 01:06:08 d2.utils.events]:  eta: 2:51:25  iter: 5859  total_loss: 0.02367  time: 0.7289  data_time: 0.0069  lr: 0.00016056  max_mem: 17908M
[12/10 01:06:22 d2.utils.events]:  eta: 2:51:11  iter: 5879  total_loss: 0.02501  time: 0.7289  data_time: 0.0073  lr: 0.00016031  max_mem: 17908M
[12/10 01:06:37 d2.utils.events]:  eta: 2:50:56  iter: 5899  total_loss: 0.02561  time: 0.7289  data_time: 0.0071  lr: 0.00016005  max_mem: 17908M
[12/10 01:06:51 d2.utils.events]:  eta: 2:50:41  iter: 5919  total_loss: 0.02367  time: 0.7289  data_time: 0.0070  lr: 0.0001598  max_mem: 17908M
[12/10 01:07:06 d2.utils.events]:  eta: 2:50:26  iter: 5939  total_loss: 0.02366  time: 0.7289  data_time: 0.0072  lr: 0.00015955  max_mem: 17908M
[12/10 01:07:21 d2.utils.events]:  eta: 2:50:12  iter: 5959  total_loss: 0.02631  time: 0.7289  data_time: 0.0073  lr: 0.0001593  max_mem: 17908M
[12/10 01:07:35 d2.utils.events]:  eta: 2:49:57  iter: 5979  total_loss: 0.02469  time: 0.7289  data_time: 0.0075  lr: 0.00015905  max_mem: 17908M
[12/10 01:07:50 d2.utils.events]:  eta: 2:49:41  iter: 5999  total_loss: 0.02347  time: 0.7289  data_time: 0.0068  lr: 0.00015879  max_mem: 17908M
[12/10 01:08:04 d2.utils.events]:  eta: 2:49:27  iter: 6019  total_loss: 0.02412  time: 0.7289  data_time: 0.0072  lr: 0.00015854  max_mem: 17908M
[12/10 01:08:19 d2.utils.events]:  eta: 2:49:13  iter: 6039  total_loss: 0.0255  time: 0.7289  data_time: 0.0068  lr: 0.00015828  max_mem: 17908M
[12/10 01:08:34 d2.utils.events]:  eta: 2:48:58  iter: 6059  total_loss: 0.02478  time: 0.7289  data_time: 0.0067  lr: 0.00015803  max_mem: 17908M
[12/10 01:08:48 d2.utils.events]:  eta: 2:48:43  iter: 6079  total_loss: 0.02357  time: 0.7289  data_time: 0.0070  lr: 0.00015777  max_mem: 17908M
[12/10 01:09:03 d2.utils.events]:  eta: 2:48:28  iter: 6099  total_loss: 0.0227  time: 0.7289  data_time: 0.0070  lr: 0.00015751  max_mem: 17908M
[12/10 01:09:17 d2.utils.events]:  eta: 2:48:15  iter: 6119  total_loss: 0.02697  time: 0.7289  data_time: 0.0072  lr: 0.00015726  max_mem: 17908M
[12/10 01:09:32 d2.utils.events]:  eta: 2:48:00  iter: 6139  total_loss: 0.02472  time: 0.7289  data_time: 0.0068  lr: 0.000157  max_mem: 17908M
[12/10 01:09:47 d2.utils.events]:  eta: 2:47:45  iter: 6159  total_loss: 0.02378  time: 0.7289  data_time: 0.0068  lr: 0.00015674  max_mem: 17908M
[12/10 01:10:01 d2.utils.events]:  eta: 2:47:30  iter: 6179  total_loss: 0.02622  time: 0.7289  data_time: 0.0067  lr: 0.00015648  max_mem: 17908M
[12/10 01:10:16 d2.utils.events]:  eta: 2:47:15  iter: 6199  total_loss: 0.02621  time: 0.7289  data_time: 0.0068  lr: 0.00015622  max_mem: 17908M
[12/10 01:10:30 d2.utils.events]:  eta: 2:47:00  iter: 6219  total_loss: 0.02378  time: 0.7289  data_time: 0.0070  lr: 0.00015596  max_mem: 17908M
[12/10 01:10:45 d2.utils.events]:  eta: 2:46:45  iter: 6239  total_loss: 0.02412  time: 0.7289  data_time: 0.0068  lr: 0.0001557  max_mem: 17908M
[12/10 01:11:00 d2.utils.events]:  eta: 2:46:31  iter: 6259  total_loss: 0.02767  time: 0.7289  data_time: 0.0066  lr: 0.00015544  max_mem: 17908M
[12/10 01:11:14 d2.utils.events]:  eta: 2:46:16  iter: 6279  total_loss: 0.02479  time: 0.7289  data_time: 0.0069  lr: 0.00015518  max_mem: 17908M
[12/10 01:11:29 d2.utils.events]:  eta: 2:46:01  iter: 6299  total_loss: 0.02394  time: 0.7289  data_time: 0.0071  lr: 0.00015492  max_mem: 17908M
[12/10 01:11:43 d2.utils.events]:  eta: 2:45:46  iter: 6319  total_loss: 0.0249  time: 0.7289  data_time: 0.0070  lr: 0.00015465  max_mem: 17908M
[12/10 01:11:58 d2.utils.events]:  eta: 2:45:32  iter: 6339  total_loss: 0.02666  time: 0.7289  data_time: 0.0071  lr: 0.00015439  max_mem: 17908M
[12/10 01:12:13 d2.utils.events]:  eta: 2:45:17  iter: 6359  total_loss: 0.02615  time: 0.7289  data_time: 0.0068  lr: 0.00015413  max_mem: 17908M
[12/10 01:12:27 d2.utils.events]:  eta: 2:45:03  iter: 6379  total_loss: 0.02792  time: 0.7289  data_time: 0.0068  lr: 0.00015386  max_mem: 17908M
[12/10 01:12:42 d2.utils.events]:  eta: 2:44:48  iter: 6399  total_loss: 0.02533  time: 0.7289  data_time: 0.0071  lr: 0.0001536  max_mem: 17908M
[12/10 01:12:56 d2.utils.events]:  eta: 2:44:33  iter: 6419  total_loss: 0.0256  time: 0.7288  data_time: 0.0070  lr: 0.00015333  max_mem: 17908M
[12/10 01:13:11 d2.utils.events]:  eta: 2:44:18  iter: 6439  total_loss: 0.02516  time: 0.7288  data_time: 0.0075  lr: 0.00015306  max_mem: 17908M
[12/10 01:13:26 d2.utils.events]:  eta: 2:44:04  iter: 6459  total_loss: 0.02555  time: 0.7288  data_time: 0.0070  lr: 0.0001528  max_mem: 17908M
[12/10 01:13:40 d2.utils.events]:  eta: 2:43:49  iter: 6479  total_loss: 0.02307  time: 0.7288  data_time: 0.0069  lr: 0.00015253  max_mem: 17908M
[12/10 01:13:55 d2.utils.events]:  eta: 2:43:34  iter: 6499  total_loss: 0.02495  time: 0.7289  data_time: 0.0072  lr: 0.00015226  max_mem: 17908M
[12/10 01:14:10 d2.utils.events]:  eta: 2:43:20  iter: 6519  total_loss: 0.02331  time: 0.7288  data_time: 0.0071  lr: 0.000152  max_mem: 17908M
[12/10 01:14:24 d2.utils.events]:  eta: 2:43:05  iter: 6539  total_loss: 0.02202  time: 0.7288  data_time: 0.0073  lr: 0.00015173  max_mem: 17908M
[12/10 01:14:39 d2.utils.events]:  eta: 2:42:50  iter: 6559  total_loss: 0.0229  time: 0.7288  data_time: 0.0071  lr: 0.00015146  max_mem: 17908M
[12/10 01:14:53 d2.utils.events]:  eta: 2:42:36  iter: 6579  total_loss: 0.02704  time: 0.7288  data_time: 0.0072  lr: 0.00015119  max_mem: 17908M
[12/10 01:15:08 d2.utils.events]:  eta: 2:42:22  iter: 6599  total_loss: 0.02396  time: 0.7288  data_time: 0.0073  lr: 0.00015092  max_mem: 17908M
[12/10 01:15:23 d2.utils.events]:  eta: 2:42:07  iter: 6619  total_loss: 0.02473  time: 0.7288  data_time: 0.0069  lr: 0.00015065  max_mem: 17908M
[12/10 01:15:37 d2.utils.events]:  eta: 2:41:53  iter: 6639  total_loss: 0.02418  time: 0.7288  data_time: 0.0069  lr: 0.00015038  max_mem: 17908M
[12/10 01:15:52 d2.utils.events]:  eta: 2:41:38  iter: 6659  total_loss: 0.02443  time: 0.7288  data_time: 0.0074  lr: 0.0001501  max_mem: 17908M
[12/10 01:16:07 d2.utils.events]:  eta: 2:41:23  iter: 6679  total_loss: 0.02374  time: 0.7288  data_time: 0.0069  lr: 0.00014983  max_mem: 17908M
[12/10 01:16:21 d2.utils.events]:  eta: 2:41:09  iter: 6699  total_loss: 0.02484  time: 0.7288  data_time: 0.0072  lr: 0.00014956  max_mem: 17908M
[12/10 01:16:36 d2.utils.events]:  eta: 2:40:55  iter: 6719  total_loss: 0.0247  time: 0.7288  data_time: 0.0070  lr: 0.00014929  max_mem: 17908M
[12/10 01:16:50 d2.utils.events]:  eta: 2:40:40  iter: 6739  total_loss: 0.02275  time: 0.7288  data_time: 0.0067  lr: 0.00014901  max_mem: 17908M
[12/10 01:17:05 d2.utils.events]:  eta: 2:40:25  iter: 6759  total_loss: 0.02331  time: 0.7288  data_time: 0.0070  lr: 0.00014874  max_mem: 17908M
[12/10 01:17:20 d2.utils.events]:  eta: 2:40:11  iter: 6779  total_loss: 0.02509  time: 0.7288  data_time: 0.0071  lr: 0.00014846  max_mem: 17908M
[12/10 01:17:34 d2.utils.events]:  eta: 2:39:57  iter: 6799  total_loss: 0.02492  time: 0.7288  data_time: 0.0067  lr: 0.00014819  max_mem: 17908M
[12/10 01:17:49 d2.utils.events]:  eta: 2:39:43  iter: 6819  total_loss: 0.02461  time: 0.7288  data_time: 0.0068  lr: 0.00014791  max_mem: 17908M
[12/10 01:18:03 d2.utils.events]:  eta: 2:39:28  iter: 6839  total_loss: 0.02245  time: 0.7288  data_time: 0.0070  lr: 0.00014764  max_mem: 17908M
[12/10 01:18:18 d2.utils.events]:  eta: 2:39:14  iter: 6859  total_loss: 0.02439  time: 0.7288  data_time: 0.0074  lr: 0.00014736  max_mem: 17908M
[12/10 01:18:33 d2.utils.events]:  eta: 2:39:00  iter: 6879  total_loss: 0.02381  time: 0.7288  data_time: 0.0071  lr: 0.00014708  max_mem: 17908M
[12/10 01:18:47 d2.utils.events]:  eta: 2:38:45  iter: 6899  total_loss: 0.02284  time: 0.7288  data_time: 0.0072  lr: 0.00014681  max_mem: 17908M
[12/10 01:19:02 d2.utils.events]:  eta: 2:38:31  iter: 6919  total_loss: 0.02156  time: 0.7288  data_time: 0.0072  lr: 0.00014653  max_mem: 17908M
[12/10 01:19:16 d2.utils.events]:  eta: 2:38:16  iter: 6939  total_loss: 0.02222  time: 0.7288  data_time: 0.0071  lr: 0.00014625  max_mem: 17908M
[12/10 01:19:31 d2.utils.events]:  eta: 2:38:02  iter: 6959  total_loss: 0.02303  time: 0.7288  data_time: 0.0071  lr: 0.00014597  max_mem: 17908M
[12/10 01:19:46 d2.utils.events]:  eta: 2:37:47  iter: 6979  total_loss: 0.02332  time: 0.7288  data_time: 0.0072  lr: 0.00014569  max_mem: 17908M
[12/10 01:20:00 d2.utils.events]:  eta: 2:37:33  iter: 6999  total_loss: 0.02377  time: 0.7288  data_time: 0.0070  lr: 0.00014541  max_mem: 17908M
[12/10 01:20:15 d2.utils.events]:  eta: 2:37:19  iter: 7019  total_loss: 0.02427  time: 0.7288  data_time: 0.0071  lr: 0.00014513  max_mem: 17908M
[12/10 01:20:30 d2.utils.events]:  eta: 2:37:04  iter: 7039  total_loss: 0.02885  time: 0.7288  data_time: 0.0071  lr: 0.00014485  max_mem: 17908M
[12/10 01:20:44 d2.utils.events]:  eta: 2:36:50  iter: 7059  total_loss: 0.02428  time: 0.7288  data_time: 0.0067  lr: 0.00014457  max_mem: 17908M
[12/10 01:20:59 d2.utils.events]:  eta: 2:36:35  iter: 7079  total_loss: 0.02386  time: 0.7288  data_time: 0.0067  lr: 0.00014429  max_mem: 17908M
[12/10 01:21:13 d2.utils.events]:  eta: 2:36:21  iter: 7099  total_loss: 0.02467  time: 0.7288  data_time: 0.0068  lr: 0.00014401  max_mem: 17908M
[12/10 01:21:28 d2.utils.events]:  eta: 2:36:06  iter: 7119  total_loss: 0.0227  time: 0.7288  data_time: 0.0067  lr: 0.00014373  max_mem: 17908M
[12/10 01:21:42 d2.utils.events]:  eta: 2:35:51  iter: 7139  total_loss: 0.02742  time: 0.7288  data_time: 0.0069  lr: 0.00014344  max_mem: 17908M
[12/10 01:21:57 d2.utils.events]:  eta: 2:35:37  iter: 7159  total_loss: 0.02918  time: 0.7288  data_time: 0.0070  lr: 0.00014316  max_mem: 17908M
[12/10 01:22:12 d2.utils.events]:  eta: 2:35:22  iter: 7179  total_loss: 0.02605  time: 0.7288  data_time: 0.0070  lr: 0.00014288  max_mem: 17908M
[12/10 01:22:26 d2.utils.events]:  eta: 2:35:08  iter: 7199  total_loss: 0.02752  time: 0.7288  data_time: 0.0074  lr: 0.00014259  max_mem: 17908M
[12/10 01:22:41 d2.utils.events]:  eta: 2:34:54  iter: 7219  total_loss: 0.02274  time: 0.7288  data_time: 0.0071  lr: 0.00014231  max_mem: 17908M
[12/10 01:22:56 d2.utils.events]:  eta: 2:34:40  iter: 7239  total_loss: 0.02595  time: 0.7288  data_time: 0.0071  lr: 0.00014202  max_mem: 17908M
[12/10 01:23:10 d2.utils.events]:  eta: 2:34:25  iter: 7259  total_loss: 0.02415  time: 0.7288  data_time: 0.0073  lr: 0.00014174  max_mem: 17908M
[12/10 01:23:25 d2.utils.events]:  eta: 2:34:12  iter: 7279  total_loss: 0.0247  time: 0.7288  data_time: 0.0076  lr: 0.00014145  max_mem: 17908M
[12/10 01:23:40 d2.utils.events]:  eta: 2:33:58  iter: 7299  total_loss: 0.02462  time: 0.7288  data_time: 0.0071  lr: 0.00014117  max_mem: 17908M
[12/10 01:23:54 d2.utils.events]:  eta: 2:33:43  iter: 7319  total_loss: 0.02358  time: 0.7288  data_time: 0.0071  lr: 0.00014088  max_mem: 17908M
[12/10 01:24:09 d2.utils.events]:  eta: 2:33:28  iter: 7339  total_loss: 0.026  time: 0.7288  data_time: 0.0071  lr: 0.00014059  max_mem: 17908M
[12/10 01:24:23 d2.utils.events]:  eta: 2:33:14  iter: 7359  total_loss: 0.02431  time: 0.7288  data_time: 0.0071  lr: 0.00014031  max_mem: 17908M
[12/10 01:24:38 d2.utils.events]:  eta: 2:32:59  iter: 7379  total_loss: 0.02442  time: 0.7288  data_time: 0.0072  lr: 0.00014002  max_mem: 17908M
[12/10 01:24:53 d2.utils.events]:  eta: 2:32:45  iter: 7399  total_loss: 0.02384  time: 0.7288  data_time: 0.0071  lr: 0.00013973  max_mem: 17908M
[12/10 01:25:07 d2.utils.events]:  eta: 2:32:31  iter: 7419  total_loss: 0.02151  time: 0.7288  data_time: 0.0074  lr: 0.00013944  max_mem: 17908M
[12/10 01:25:22 d2.utils.events]:  eta: 2:32:17  iter: 7439  total_loss: 0.02452  time: 0.7288  data_time: 0.0070  lr: 0.00013915  max_mem: 17908M
[12/10 01:25:36 d2.utils.events]:  eta: 2:32:02  iter: 7459  total_loss: 0.02354  time: 0.7288  data_time: 0.0071  lr: 0.00013886  max_mem: 17908M
[12/10 01:25:51 d2.utils.events]:  eta: 2:31:47  iter: 7479  total_loss: 0.02343  time: 0.7288  data_time: 0.0070  lr: 0.00013857  max_mem: 17908M
[12/10 01:26:06 d2.utils.events]:  eta: 2:31:32  iter: 7499  total_loss: 0.02264  time: 0.7288  data_time: 0.0070  lr: 0.00013828  max_mem: 17908M
[12/10 01:26:20 d2.utils.events]:  eta: 2:31:18  iter: 7519  total_loss: 0.02083  time: 0.7288  data_time: 0.0070  lr: 0.00013799  max_mem: 17908M
[12/10 01:26:35 d2.utils.events]:  eta: 2:31:03  iter: 7539  total_loss: 0.0243  time: 0.7288  data_time: 0.0067  lr: 0.0001377  max_mem: 17908M
[12/10 01:26:49 d2.utils.events]:  eta: 2:30:48  iter: 7559  total_loss: 0.02328  time: 0.7288  data_time: 0.0067  lr: 0.00013741  max_mem: 17908M
[12/10 01:27:04 d2.utils.events]:  eta: 2:30:34  iter: 7579  total_loss: 0.02483  time: 0.7288  data_time: 0.0069  lr: 0.00013712  max_mem: 17908M
[12/10 01:27:19 d2.utils.events]:  eta: 2:30:19  iter: 7599  total_loss: 0.02417  time: 0.7288  data_time: 0.0073  lr: 0.00013683  max_mem: 17908M
[12/10 01:27:33 d2.utils.events]:  eta: 2:30:05  iter: 7619  total_loss: 0.02535  time: 0.7288  data_time: 0.0067  lr: 0.00013653  max_mem: 17908M
[12/10 01:27:48 d2.utils.events]:  eta: 2:29:51  iter: 7639  total_loss: 0.02796  time: 0.7288  data_time: 0.0075  lr: 0.00013624  max_mem: 17908M
[12/10 01:28:03 d2.utils.events]:  eta: 2:29:36  iter: 7659  total_loss: 0.02207  time: 0.7288  data_time: 0.0071  lr: 0.00013595  max_mem: 17908M
[12/10 01:28:17 d2.utils.events]:  eta: 2:29:21  iter: 7679  total_loss: 0.02337  time: 0.7288  data_time: 0.0070  lr: 0.00013566  max_mem: 17908M
[12/10 01:28:32 d2.utils.events]:  eta: 2:29:07  iter: 7699  total_loss: 0.02422  time: 0.7288  data_time: 0.0070  lr: 0.00013536  max_mem: 17908M
[12/10 01:28:46 d2.utils.events]:  eta: 2:28:52  iter: 7719  total_loss: 0.02363  time: 0.7288  data_time: 0.0068  lr: 0.00013507  max_mem: 17908M
[12/10 01:29:01 d2.utils.events]:  eta: 2:28:38  iter: 7739  total_loss: 0.02569  time: 0.7288  data_time: 0.0070  lr: 0.00013477  max_mem: 17908M
[12/10 01:29:16 d2.utils.events]:  eta: 2:28:23  iter: 7759  total_loss: 0.02417  time: 0.7288  data_time: 0.0068  lr: 0.00013448  max_mem: 17908M
[12/10 01:29:30 d2.utils.events]:  eta: 2:28:09  iter: 7779  total_loss: 0.02458  time: 0.7288  data_time: 0.0066  lr: 0.00013418  max_mem: 17908M
[12/10 01:29:45 d2.utils.events]:  eta: 2:27:54  iter: 7799  total_loss: 0.02343  time: 0.7288  data_time: 0.0070  lr: 0.00013389  max_mem: 17908M
[12/10 01:29:59 d2.utils.events]:  eta: 2:27:40  iter: 7819  total_loss: 0.0231  time: 0.7288  data_time: 0.0069  lr: 0.00013359  max_mem: 17908M
[12/10 01:30:14 d2.utils.events]:  eta: 2:27:25  iter: 7839  total_loss: 0.02269  time: 0.7288  data_time: 0.0068  lr: 0.0001333  max_mem: 17908M
[12/10 01:30:29 d2.utils.events]:  eta: 2:27:11  iter: 7859  total_loss: 0.02353  time: 0.7288  data_time: 0.0072  lr: 0.000133  max_mem: 17908M
[12/10 01:30:43 d2.utils.events]:  eta: 2:26:56  iter: 7879  total_loss: 0.02669  time: 0.7288  data_time: 0.0074  lr: 0.0001327  max_mem: 17908M
[12/10 01:30:58 d2.utils.events]:  eta: 2:26:42  iter: 7899  total_loss: 0.02451  time: 0.7288  data_time: 0.0070  lr: 0.00013241  max_mem: 17908M
[12/10 01:31:12 d2.utils.events]:  eta: 2:26:27  iter: 7919  total_loss: 0.02336  time: 0.7288  data_time: 0.0069  lr: 0.00013211  max_mem: 17908M
[12/10 01:31:27 d2.utils.events]:  eta: 2:26:12  iter: 7939  total_loss: 0.0235  time: 0.7288  data_time: 0.0071  lr: 0.00013181  max_mem: 17908M
[12/10 01:31:42 d2.utils.events]:  eta: 2:25:58  iter: 7959  total_loss: 0.02541  time: 0.7288  data_time: 0.0070  lr: 0.00013151  max_mem: 17908M
[12/10 01:31:56 d2.utils.events]:  eta: 2:25:43  iter: 7979  total_loss: 0.02176  time: 0.7288  data_time: 0.0073  lr: 0.00013122  max_mem: 17908M
[12/10 01:32:11 d2.utils.events]:  eta: 2:25:29  iter: 7999  total_loss: 0.02262  time: 0.7288  data_time: 0.0069  lr: 0.00013092  max_mem: 17908M
[12/10 01:32:25 d2.utils.events]:  eta: 2:25:14  iter: 8019  total_loss: 0.02356  time: 0.7288  data_time: 0.0071  lr: 0.00013062  max_mem: 17908M
[12/10 01:32:40 d2.utils.events]:  eta: 2:25:00  iter: 8039  total_loss: 0.02483  time: 0.7288  data_time: 0.0069  lr: 0.00013032  max_mem: 17908M
[12/10 01:32:55 d2.utils.events]:  eta: 2:24:45  iter: 8059  total_loss: 0.02181  time: 0.7288  data_time: 0.0070  lr: 0.00013002  max_mem: 17908M
[12/10 01:33:09 d2.utils.events]:  eta: 2:24:31  iter: 8079  total_loss: 0.02581  time: 0.7288  data_time: 0.0072  lr: 0.00012972  max_mem: 17908M
[12/10 01:33:24 d2.utils.events]:  eta: 2:24:17  iter: 8099  total_loss: 0.0252  time: 0.7288  data_time: 0.0072  lr: 0.00012942  max_mem: 17908M
[12/10 01:33:39 d2.utils.events]:  eta: 2:24:03  iter: 8119  total_loss: 0.02722  time: 0.7288  data_time: 0.0072  lr: 0.00012912  max_mem: 17908M
[12/10 01:33:53 d2.utils.events]:  eta: 2:23:49  iter: 8139  total_loss: 0.02409  time: 0.7288  data_time: 0.0068  lr: 0.00012882  max_mem: 17908M
[12/10 01:34:08 d2.utils.events]:  eta: 2:23:33  iter: 8159  total_loss: 0.02225  time: 0.7288  data_time: 0.0068  lr: 0.00012852  max_mem: 17908M
[12/10 01:34:22 d2.utils.events]:  eta: 2:23:19  iter: 8179  total_loss: 0.02245  time: 0.7288  data_time: 0.0071  lr: 0.00012822  max_mem: 17908M
[12/10 01:34:37 d2.utils.events]:  eta: 2:23:04  iter: 8199  total_loss: 0.02236  time: 0.7288  data_time: 0.0069  lr: 0.00012791  max_mem: 17908M
[12/10 01:34:52 d2.utils.events]:  eta: 2:22:50  iter: 8219  total_loss: 0.02495  time: 0.7288  data_time: 0.0069  lr: 0.00012761  max_mem: 17908M
[12/10 01:35:06 d2.utils.events]:  eta: 2:22:36  iter: 8239  total_loss: 0.02173  time: 0.7288  data_time: 0.0072  lr: 0.00012731  max_mem: 17908M
[12/10 01:35:21 d2.utils.events]:  eta: 2:22:21  iter: 8259  total_loss: 0.02482  time: 0.7288  data_time: 0.0071  lr: 0.00012701  max_mem: 17908M
[12/10 01:35:36 d2.utils.events]:  eta: 2:22:07  iter: 8279  total_loss: 0.02247  time: 0.7288  data_time: 0.0075  lr: 0.00012671  max_mem: 17908M
[12/10 01:35:50 d2.utils.events]:  eta: 2:21:52  iter: 8299  total_loss: 0.0271  time: 0.7288  data_time: 0.0075  lr: 0.0001264  max_mem: 17908M
[12/10 01:36:05 d2.utils.events]:  eta: 2:21:38  iter: 8319  total_loss: 0.02469  time: 0.7288  data_time: 0.0070  lr: 0.0001261  max_mem: 17908M
[12/10 01:36:20 d2.utils.events]:  eta: 2:21:23  iter: 8339  total_loss: 0.02331  time: 0.7288  data_time: 0.0072  lr: 0.0001258  max_mem: 17908M
[12/10 01:36:34 d2.utils.events]:  eta: 2:21:08  iter: 8359  total_loss: 0.0229  time: 0.7288  data_time: 0.0071  lr: 0.00012549  max_mem: 17908M
[12/10 01:36:49 d2.utils.events]:  eta: 2:20:53  iter: 8379  total_loss: 0.02547  time: 0.7288  data_time: 0.0070  lr: 0.00012519  max_mem: 17908M
[12/10 01:37:03 d2.utils.events]:  eta: 2:20:40  iter: 8399  total_loss: 0.02136  time: 0.7288  data_time: 0.0072  lr: 0.00012488  max_mem: 17908M
[12/10 01:37:18 d2.utils.events]:  eta: 2:20:25  iter: 8419  total_loss: 0.02648  time: 0.7288  data_time: 0.0074  lr: 0.00012458  max_mem: 17908M
[12/10 01:37:33 d2.utils.events]:  eta: 2:20:11  iter: 8439  total_loss: 0.02546  time: 0.7288  data_time: 0.0074  lr: 0.00012428  max_mem: 17908M
[12/10 01:37:47 d2.utils.events]:  eta: 2:19:57  iter: 8459  total_loss: 0.02126  time: 0.7288  data_time: 0.0070  lr: 0.00012397  max_mem: 17908M
[12/10 01:38:02 d2.utils.events]:  eta: 2:19:42  iter: 8479  total_loss: 0.02262  time: 0.7288  data_time: 0.0070  lr: 0.00012367  max_mem: 17908M
[12/10 01:38:17 d2.utils.events]:  eta: 2:19:28  iter: 8499  total_loss: 0.0248  time: 0.7288  data_time: 0.0073  lr: 0.00012336  max_mem: 17908M
[12/10 01:38:31 d2.utils.events]:  eta: 2:19:13  iter: 8519  total_loss: 0.02502  time: 0.7288  data_time: 0.0073  lr: 0.00012305  max_mem: 17908M
[12/10 01:38:46 d2.utils.events]:  eta: 2:18:59  iter: 8539  total_loss: 0.0234  time: 0.7288  data_time: 0.0072  lr: 0.00012275  max_mem: 17908M
[12/10 01:39:00 d2.utils.events]:  eta: 2:18:45  iter: 8559  total_loss: 0.02695  time: 0.7288  data_time: 0.0071  lr: 0.00012244  max_mem: 17908M
[12/10 01:39:15 d2.utils.events]:  eta: 2:18:31  iter: 8579  total_loss: 0.02316  time: 0.7288  data_time: 0.0074  lr: 0.00012214  max_mem: 17908M
[12/10 01:39:30 d2.utils.events]:  eta: 2:18:16  iter: 8599  total_loss: 0.02421  time: 0.7288  data_time: 0.0072  lr: 0.00012183  max_mem: 17908M
[12/10 01:39:44 d2.utils.events]:  eta: 2:18:01  iter: 8619  total_loss: 0.02301  time: 0.7288  data_time: 0.0071  lr: 0.00012152  max_mem: 17908M
[12/10 01:39:59 d2.utils.events]:  eta: 2:17:47  iter: 8639  total_loss: 0.02253  time: 0.7288  data_time: 0.0079  lr: 0.00012122  max_mem: 17908M
[12/10 01:40:14 d2.utils.events]:  eta: 2:17:33  iter: 8659  total_loss: 0.02457  time: 0.7288  data_time: 0.0076  lr: 0.00012091  max_mem: 17908M
[12/10 01:40:28 d2.utils.events]:  eta: 2:17:18  iter: 8679  total_loss: 0.02352  time: 0.7288  data_time: 0.0072  lr: 0.0001206  max_mem: 17908M
[12/10 01:40:43 d2.utils.events]:  eta: 2:17:04  iter: 8699  total_loss: 0.02266  time: 0.7288  data_time: 0.0074  lr: 0.00012029  max_mem: 17908M
[12/10 01:40:58 d2.utils.events]:  eta: 2:16:49  iter: 8719  total_loss: 0.0261  time: 0.7288  data_time: 0.0072  lr: 0.00011999  max_mem: 17908M
[12/10 01:41:12 d2.utils.events]:  eta: 2:16:34  iter: 8739  total_loss: 0.02016  time: 0.7288  data_time: 0.0069  lr: 0.00011968  max_mem: 17908M
[12/10 01:41:27 d2.utils.events]:  eta: 2:16:20  iter: 8759  total_loss: 0.02268  time: 0.7288  data_time: 0.0072  lr: 0.00011937  max_mem: 17908M
[12/10 01:41:41 d2.utils.events]:  eta: 2:16:06  iter: 8779  total_loss: 0.02368  time: 0.7288  data_time: 0.0074  lr: 0.00011906  max_mem: 17908M
[12/10 01:41:56 d2.utils.events]:  eta: 2:15:51  iter: 8799  total_loss: 0.02324  time: 0.7288  data_time: 0.0076  lr: 0.00011875  max_mem: 17908M
[12/10 01:42:11 d2.utils.events]:  eta: 2:15:37  iter: 8819  total_loss: 0.02322  time: 0.7288  data_time: 0.0074  lr: 0.00011844  max_mem: 17908M
[12/10 01:42:25 d2.utils.events]:  eta: 2:15:22  iter: 8839  total_loss: 0.02583  time: 0.7288  data_time: 0.0071  lr: 0.00011814  max_mem: 17908M
[12/10 01:42:40 d2.utils.events]:  eta: 2:15:07  iter: 8859  total_loss: 0.02171  time: 0.7288  data_time: 0.0070  lr: 0.00011783  max_mem: 17908M
[12/10 01:42:54 d2.utils.events]:  eta: 2:14:53  iter: 8879  total_loss: 0.02636  time: 0.7288  data_time: 0.0073  lr: 0.00011752  max_mem: 17908M
[12/10 01:43:09 d2.utils.events]:  eta: 2:14:38  iter: 8899  total_loss: 0.02476  time: 0.7288  data_time: 0.0071  lr: 0.00011721  max_mem: 17908M
[12/10 01:43:24 d2.utils.events]:  eta: 2:14:24  iter: 8919  total_loss: 0.02341  time: 0.7288  data_time: 0.0069  lr: 0.0001169  max_mem: 17908M
[12/10 01:43:38 d2.utils.events]:  eta: 2:14:09  iter: 8939  total_loss: 0.02364  time: 0.7288  data_time: 0.0071  lr: 0.00011659  max_mem: 17908M
[12/10 01:43:53 d2.utils.events]:  eta: 2:13:54  iter: 8959  total_loss: 0.0249  time: 0.7288  data_time: 0.0071  lr: 0.00011628  max_mem: 17908M
[12/10 01:44:08 d2.utils.events]:  eta: 2:13:39  iter: 8979  total_loss: 0.02094  time: 0.7288  data_time: 0.0073  lr: 0.00011597  max_mem: 17908M
[12/10 01:44:22 d2.utils.events]:  eta: 2:13:25  iter: 8999  total_loss: 0.02482  time: 0.7289  data_time: 0.0070  lr: 0.00011566  max_mem: 17908M
[12/10 01:44:37 d2.utils.events]:  eta: 2:13:10  iter: 9019  total_loss: 0.02317  time: 0.7288  data_time: 0.0072  lr: 0.00011535  max_mem: 17908M
[12/10 01:44:52 d2.utils.events]:  eta: 2:12:56  iter: 9039  total_loss: 0.02273  time: 0.7288  data_time: 0.0070  lr: 0.00011504  max_mem: 17908M
[12/10 01:45:06 d2.utils.events]:  eta: 2:12:41  iter: 9059  total_loss: 0.02274  time: 0.7288  data_time: 0.0071  lr: 0.00011473  max_mem: 17908M
[12/10 01:45:21 d2.utils.events]:  eta: 2:12:26  iter: 9079  total_loss: 0.02308  time: 0.7288  data_time: 0.0075  lr: 0.00011442  max_mem: 17908M
[12/10 01:45:35 d2.utils.events]:  eta: 2:12:12  iter: 9099  total_loss: 0.02528  time: 0.7288  data_time: 0.0075  lr: 0.00011411  max_mem: 17908M
[12/10 01:45:50 d2.utils.events]:  eta: 2:11:57  iter: 9119  total_loss: 0.02334  time: 0.7288  data_time: 0.0071  lr: 0.00011379  max_mem: 17908M
[12/10 01:46:05 d2.utils.events]:  eta: 2:11:43  iter: 9139  total_loss: 0.02119  time: 0.7288  data_time: 0.0071  lr: 0.00011348  max_mem: 17908M
[12/10 01:46:19 d2.utils.events]:  eta: 2:11:29  iter: 9159  total_loss: 0.02288  time: 0.7288  data_time: 0.0070  lr: 0.00011317  max_mem: 17908M
[12/10 01:46:34 d2.utils.events]:  eta: 2:11:14  iter: 9179  total_loss: 0.02289  time: 0.7288  data_time: 0.0070  lr: 0.00011286  max_mem: 17908M
[12/10 01:46:48 d2.utils.events]:  eta: 2:10:59  iter: 9199  total_loss: 0.02099  time: 0.7288  data_time: 0.0069  lr: 0.00011255  max_mem: 17908M
[12/10 01:47:03 d2.utils.events]:  eta: 2:10:44  iter: 9219  total_loss: 0.02324  time: 0.7288  data_time: 0.0068  lr: 0.00011224  max_mem: 17908M
[12/10 01:47:18 d2.utils.events]:  eta: 2:10:30  iter: 9239  total_loss: 0.02121  time: 0.7288  data_time: 0.0071  lr: 0.00011193  max_mem: 17908M
[12/10 01:47:32 d2.utils.events]:  eta: 2:10:15  iter: 9259  total_loss: 0.02288  time: 0.7288  data_time: 0.0071  lr: 0.00011161  max_mem: 17908M
[12/10 01:47:47 d2.utils.events]:  eta: 2:10:00  iter: 9279  total_loss: 0.0229  time: 0.7288  data_time: 0.0070  lr: 0.0001113  max_mem: 17908M
[12/10 01:48:01 d2.utils.events]:  eta: 2:09:46  iter: 9299  total_loss: 0.02146  time: 0.7288  data_time: 0.0071  lr: 0.00011099  max_mem: 17908M
[12/10 01:48:16 d2.utils.events]:  eta: 2:09:30  iter: 9319  total_loss: 0.02373  time: 0.7288  data_time: 0.0069  lr: 0.00011068  max_mem: 17908M
[12/10 01:48:31 d2.utils.events]:  eta: 2:09:16  iter: 9339  total_loss: 0.02396  time: 0.7288  data_time: 0.0068  lr: 0.00011036  max_mem: 17908M
[12/10 01:48:45 d2.utils.events]:  eta: 2:09:02  iter: 9359  total_loss: 0.02048  time: 0.7288  data_time: 0.0075  lr: 0.00011005  max_mem: 17908M
[12/10 01:49:00 d2.utils.events]:  eta: 2:08:47  iter: 9379  total_loss: 0.02345  time: 0.7288  data_time: 0.0077  lr: 0.00010974  max_mem: 17908M
[12/10 01:49:14 d2.utils.events]:  eta: 2:08:32  iter: 9399  total_loss: 0.02199  time: 0.7288  data_time: 0.0070  lr: 0.00010943  max_mem: 17908M
[12/10 01:49:29 d2.utils.events]:  eta: 2:08:17  iter: 9419  total_loss: 0.02307  time: 0.7288  data_time: 0.0069  lr: 0.00010911  max_mem: 17908M
[12/10 01:49:44 d2.utils.events]:  eta: 2:08:03  iter: 9439  total_loss: 0.02232  time: 0.7288  data_time: 0.0073  lr: 0.0001088  max_mem: 17908M
[12/10 01:49:58 d2.utils.events]:  eta: 2:07:47  iter: 9459  total_loss: 0.02395  time: 0.7288  data_time: 0.0072  lr: 0.00010849  max_mem: 17908M
[12/10 01:50:13 d2.utils.events]:  eta: 2:07:33  iter: 9479  total_loss: 0.02382  time: 0.7288  data_time: 0.0070  lr: 0.00010817  max_mem: 17908M
[12/10 01:50:28 d2.utils.events]:  eta: 2:07:19  iter: 9499  total_loss: 0.02303  time: 0.7288  data_time: 0.0074  lr: 0.00010786  max_mem: 17908M
[12/10 01:50:42 d2.utils.events]:  eta: 2:07:04  iter: 9519  total_loss: 0.0241  time: 0.7288  data_time: 0.0071  lr: 0.00010755  max_mem: 17908M
[12/10 01:50:57 d2.utils.events]:  eta: 2:06:49  iter: 9539  total_loss: 0.02415  time: 0.7288  data_time: 0.0068  lr: 0.00010724  max_mem: 17908M
[12/10 01:51:11 d2.utils.events]:  eta: 2:06:35  iter: 9559  total_loss: 0.02573  time: 0.7288  data_time: 0.0076  lr: 0.00010692  max_mem: 17908M
[12/10 01:51:26 d2.utils.events]:  eta: 2:06:21  iter: 9579  total_loss: 0.02262  time: 0.7288  data_time: 0.0071  lr: 0.00010661  max_mem: 17908M
[12/10 01:51:41 d2.utils.events]:  eta: 2:06:07  iter: 9599  total_loss: 0.02354  time: 0.7288  data_time: 0.0070  lr: 0.00010629  max_mem: 17908M
[12/10 01:51:55 d2.utils.events]:  eta: 2:05:52  iter: 9619  total_loss: 0.02362  time: 0.7288  data_time: 0.0068  lr: 0.00010598  max_mem: 17908M
[12/10 01:52:10 d2.utils.events]:  eta: 2:05:37  iter: 9639  total_loss: 0.02359  time: 0.7288  data_time: 0.0070  lr: 0.00010567  max_mem: 17908M
[12/10 01:52:24 d2.utils.events]:  eta: 2:05:22  iter: 9659  total_loss: 0.02317  time: 0.7288  data_time: 0.0073  lr: 0.00010535  max_mem: 17908M
[12/10 01:52:39 d2.utils.events]:  eta: 2:05:07  iter: 9679  total_loss: 0.0235  time: 0.7288  data_time: 0.0071  lr: 0.00010504  max_mem: 17908M
[12/10 01:52:54 d2.utils.events]:  eta: 2:04:53  iter: 9699  total_loss: 0.02258  time: 0.7288  data_time: 0.0071  lr: 0.00010473  max_mem: 17908M
[12/10 01:53:08 d2.utils.events]:  eta: 2:04:38  iter: 9719  total_loss: 0.02366  time: 0.7288  data_time: 0.0069  lr: 0.00010441  max_mem: 17908M
[12/10 01:53:23 d2.utils.events]:  eta: 2:04:24  iter: 9739  total_loss: 0.02132  time: 0.7288  data_time: 0.0071  lr: 0.0001041  max_mem: 17908M
[12/10 01:53:38 d2.utils.events]:  eta: 2:04:09  iter: 9759  total_loss: 0.02121  time: 0.7288  data_time: 0.0073  lr: 0.00010378  max_mem: 17908M
[12/10 01:53:52 d2.utils.events]:  eta: 2:03:54  iter: 9779  total_loss: 0.02187  time: 0.7288  data_time: 0.0072  lr: 0.00010347  max_mem: 17908M
[12/10 01:54:07 d2.utils.events]:  eta: 2:03:40  iter: 9799  total_loss: 0.02503  time: 0.7288  data_time: 0.0072  lr: 0.00010316  max_mem: 17908M
[12/10 01:54:21 d2.utils.events]:  eta: 2:03:25  iter: 9819  total_loss: 0.02177  time: 0.7288  data_time: 0.0076  lr: 0.00010284  max_mem: 17908M
[12/10 01:54:36 d2.utils.events]:  eta: 2:03:11  iter: 9839  total_loss: 0.02239  time: 0.7288  data_time: 0.0070  lr: 0.00010253  max_mem: 17908M
[12/10 01:54:51 d2.utils.events]:  eta: 2:02:56  iter: 9859  total_loss: 0.02454  time: 0.7288  data_time: 0.0070  lr: 0.00010221  max_mem: 17908M
[12/10 01:55:05 d2.utils.events]:  eta: 2:02:42  iter: 9879  total_loss: 0.02028  time: 0.7288  data_time: 0.0073  lr: 0.0001019  max_mem: 17908M
[12/10 01:55:20 d2.utils.events]:  eta: 2:02:27  iter: 9899  total_loss: 0.02102  time: 0.7288  data_time: 0.0069  lr: 0.00010159  max_mem: 17908M
[12/10 01:55:35 d2.utils.events]:  eta: 2:02:12  iter: 9919  total_loss: 0.02299  time: 0.7288  data_time: 0.0072  lr: 0.00010127  max_mem: 17908M
[12/10 01:55:49 d2.utils.events]:  eta: 2:01:58  iter: 9939  total_loss: 0.02213  time: 0.7288  data_time: 0.0072  lr: 0.00010096  max_mem: 17908M
[12/10 01:56:04 d2.utils.events]:  eta: 2:01:43  iter: 9959  total_loss: 0.02228  time: 0.7288  data_time: 0.0078  lr: 0.00010064  max_mem: 17908M
[12/10 01:56:19 d2.utils.events]:  eta: 2:01:29  iter: 9979  total_loss: 0.0241  time: 0.7288  data_time: 0.0069  lr: 0.00010033  max_mem: 17908M
[12/10 01:56:33 fvcore.common.checkpoint]: Saving checkpoint to outputs/cs7_eva_L14_r448/model_0009999.pth
[12/10 01:56:35 d2.data.dataset_mapper]: [DatasetMapper] Augmentations used in inference: [ResizeShortestEdge(short_edge_length=(448, 448), max_size=1008, sample_style='choice')]
[12/10 01:56:35 d2.data.common]: Serializing 500 elements to byte tensors and concatenating them all ...
[12/10 01:56:35 d2.data.common]: Serialized dataset takes 0.15 MiB
[12/10 01:56:35 d2.evaluation.evaluator]: Start inference on 500 batches
[12/10 01:56:42 d2.evaluation.evaluator]: Inference done 11/500. Dataloading: 0.0014 s/iter. Inference: 0.1469 s/iter. Eval: 0.2426 s/iter. Total: 0.3910 s/iter. ETA=0:03:11
[12/10 01:56:47 d2.evaluation.evaluator]: Inference done 24/500. Dataloading: 0.0015 s/iter. Inference: 0.1469 s/iter. Eval: 0.2481 s/iter. Total: 0.3965 s/iter. ETA=0:03:08
[12/10 01:56:53 d2.evaluation.evaluator]: Inference done 37/500. Dataloading: 0.0016 s/iter. Inference: 0.1468 s/iter. Eval: 0.2545 s/iter. Total: 0.4031 s/iter. ETA=0:03:06
[12/10 01:56:58 d2.evaluation.evaluator]: Inference done 49/500. Dataloading: 0.0017 s/iter. Inference: 0.1471 s/iter. Eval: 0.2590 s/iter. Total: 0.4079 s/iter. ETA=0:03:03
[12/10 01:57:03 d2.evaluation.evaluator]: Inference done 62/500. Dataloading: 0.0017 s/iter. Inference: 0.1476 s/iter. Eval: 0.2598 s/iter. Total: 0.4092 s/iter. ETA=0:02:59
[12/10 01:57:08 d2.evaluation.evaluator]: Inference done 75/500. Dataloading: 0.0017 s/iter. Inference: 0.1475 s/iter. Eval: 0.2598 s/iter. Total: 0.4092 s/iter. ETA=0:02:53
[12/10 01:57:14 d2.evaluation.evaluator]: Inference done 87/500. Dataloading: 0.0017 s/iter. Inference: 0.1475 s/iter. Eval: 0.2621 s/iter. Total: 0.4115 s/iter. ETA=0:02:49
[12/10 01:57:19 d2.evaluation.evaluator]: Inference done 99/500. Dataloading: 0.0017 s/iter. Inference: 0.1474 s/iter. Eval: 0.2631 s/iter. Total: 0.4123 s/iter. ETA=0:02:45
[12/10 01:57:24 d2.evaluation.evaluator]: Inference done 112/500. Dataloading: 0.0017 s/iter. Inference: 0.1472 s/iter. Eval: 0.2624 s/iter. Total: 0.4114 s/iter. ETA=0:02:39
[12/10 01:57:29 d2.evaluation.evaluator]: Inference done 125/500. Dataloading: 0.0017 s/iter. Inference: 0.1471 s/iter. Eval: 0.2607 s/iter. Total: 0.4096 s/iter. ETA=0:02:33
[12/10 01:57:34 d2.evaluation.evaluator]: Inference done 137/500. Dataloading: 0.0017 s/iter. Inference: 0.1470 s/iter. Eval: 0.2615 s/iter. Total: 0.4104 s/iter. ETA=0:02:28
[12/10 01:57:39 d2.evaluation.evaluator]: Inference done 150/500. Dataloading: 0.0017 s/iter. Inference: 0.1470 s/iter. Eval: 0.2615 s/iter. Total: 0.4104 s/iter. ETA=0:02:23
[12/10 01:57:44 d2.evaluation.evaluator]: Inference done 162/500. Dataloading: 0.0017 s/iter. Inference: 0.1473 s/iter. Eval: 0.2619 s/iter. Total: 0.4110 s/iter. ETA=0:02:18
[12/10 01:57:50 d2.evaluation.evaluator]: Inference done 175/500. Dataloading: 0.0018 s/iter. Inference: 0.1472 s/iter. Eval: 0.2615 s/iter. Total: 0.4105 s/iter. ETA=0:02:13
[12/10 01:57:55 d2.evaluation.evaluator]: Inference done 188/500. Dataloading: 0.0018 s/iter. Inference: 0.1472 s/iter. Eval: 0.2614 s/iter. Total: 0.4105 s/iter. ETA=0:02:08
[12/10 01:58:00 d2.evaluation.evaluator]: Inference done 201/500. Dataloading: 0.0018 s/iter. Inference: 0.1471 s/iter. Eval: 0.2611 s/iter. Total: 0.4101 s/iter. ETA=0:02:02
[12/10 01:58:05 d2.evaluation.evaluator]: Inference done 213/500. Dataloading: 0.0018 s/iter. Inference: 0.1471 s/iter. Eval: 0.2615 s/iter. Total: 0.4105 s/iter. ETA=0:01:57
[12/10 01:58:10 d2.evaluation.evaluator]: Inference done 226/500. Dataloading: 0.0018 s/iter. Inference: 0.1471 s/iter. Eval: 0.2608 s/iter. Total: 0.4097 s/iter. ETA=0:01:52
[12/10 01:58:16 d2.evaluation.evaluator]: Inference done 239/500. Dataloading: 0.0018 s/iter. Inference: 0.1471 s/iter. Eval: 0.2602 s/iter. Total: 0.4092 s/iter. ETA=0:01:46
[12/10 01:58:21 d2.evaluation.evaluator]: Inference done 252/500. Dataloading: 0.0018 s/iter. Inference: 0.1471 s/iter. Eval: 0.2594 s/iter. Total: 0.4084 s/iter. ETA=0:01:41
[12/10 01:58:26 d2.evaluation.evaluator]: Inference done 265/500. Dataloading: 0.0018 s/iter. Inference: 0.1471 s/iter. Eval: 0.2597 s/iter. Total: 0.4086 s/iter. ETA=0:01:36
[12/10 01:58:31 d2.evaluation.evaluator]: Inference done 278/500. Dataloading: 0.0018 s/iter. Inference: 0.1472 s/iter. Eval: 0.2587 s/iter. Total: 0.4077 s/iter. ETA=0:01:30
[12/10 01:58:36 d2.evaluation.evaluator]: Inference done 292/500. Dataloading: 0.0018 s/iter. Inference: 0.1471 s/iter. Eval: 0.2569 s/iter. Total: 0.4059 s/iter. ETA=0:01:24
[12/10 01:58:42 d2.evaluation.evaluator]: Inference done 306/500. Dataloading: 0.0018 s/iter. Inference: 0.1471 s/iter. Eval: 0.2554 s/iter. Total: 0.4043 s/iter. ETA=0:01:18
[12/10 01:58:47 d2.evaluation.evaluator]: Inference done 320/500. Dataloading: 0.0018 s/iter. Inference: 0.1470 s/iter. Eval: 0.2536 s/iter. Total: 0.4025 s/iter. ETA=0:01:12
[12/10 01:58:52 d2.evaluation.evaluator]: Inference done 333/500. Dataloading: 0.0018 s/iter. Inference: 0.1471 s/iter. Eval: 0.2530 s/iter. Total: 0.4019 s/iter. ETA=0:01:07
[12/10 01:58:57 d2.evaluation.evaluator]: Inference done 347/500. Dataloading: 0.0018 s/iter. Inference: 0.1470 s/iter. Eval: 0.2520 s/iter. Total: 0.4008 s/iter. ETA=0:01:01
[12/10 01:59:02 d2.evaluation.evaluator]: Inference done 361/500. Dataloading: 0.0018 s/iter. Inference: 0.1470 s/iter. Eval: 0.2511 s/iter. Total: 0.4000 s/iter. ETA=0:00:55
[12/10 01:59:07 d2.evaluation.evaluator]: Inference done 374/500. Dataloading: 0.0018 s/iter. Inference: 0.1470 s/iter. Eval: 0.2507 s/iter. Total: 0.3996 s/iter. ETA=0:00:50
[12/10 01:59:12 d2.evaluation.evaluator]: Inference done 387/500. Dataloading: 0.0018 s/iter. Inference: 0.1470 s/iter. Eval: 0.2504 s/iter. Total: 0.3992 s/iter. ETA=0:00:45
[12/10 01:59:17 d2.evaluation.evaluator]: Inference done 400/500. Dataloading: 0.0018 s/iter. Inference: 0.1470 s/iter. Eval: 0.2500 s/iter. Total: 0.3989 s/iter. ETA=0:00:39
[12/10 01:59:23 d2.evaluation.evaluator]: Inference done 414/500. Dataloading: 0.0018 s/iter. Inference: 0.1469 s/iter. Eval: 0.2495 s/iter. Total: 0.3983 s/iter. ETA=0:00:34
[12/10 01:59:28 d2.evaluation.evaluator]: Inference done 428/500. Dataloading: 0.0018 s/iter. Inference: 0.1469 s/iter. Eval: 0.2490 s/iter. Total: 0.3977 s/iter. ETA=0:00:28
[12/10 01:59:33 d2.evaluation.evaluator]: Inference done 442/500. Dataloading: 0.0018 s/iter. Inference: 0.1468 s/iter. Eval: 0.2483 s/iter. Total: 0.3970 s/iter. ETA=0:00:23
[12/10 01:59:38 d2.evaluation.evaluator]: Inference done 455/500. Dataloading: 0.0018 s/iter. Inference: 0.1468 s/iter. Eval: 0.2480 s/iter. Total: 0.3967 s/iter. ETA=0:00:17
[12/10 01:59:44 d2.evaluation.evaluator]: Inference done 469/500. Dataloading: 0.0018 s/iter. Inference: 0.1468 s/iter. Eval: 0.2475 s/iter. Total: 0.3962 s/iter. ETA=0:00:12
[12/10 01:59:49 d2.evaluation.evaluator]: Inference done 483/500. Dataloading: 0.0018 s/iter. Inference: 0.1468 s/iter. Eval: 0.2472 s/iter. Total: 0.3959 s/iter. ETA=0:00:06
[12/10 01:59:54 d2.evaluation.evaluator]: Inference done 497/500. Dataloading: 0.0018 s/iter. Inference: 0.1467 s/iter. Eval: 0.2466 s/iter. Total: 0.3952 s/iter. ETA=0:00:01
[12/10 01:59:56 d2.evaluation.evaluator]: Total inference time: 0:03:15.700584 (0.395355 s / iter per device, on 1 devices)
[12/10 01:59:56 d2.evaluation.evaluator]: Total inference pure compute time: 0:01:12 (0.146733 s / iter per device, on 1 devices)
[12/10 01:59:56 d2.evaluation.sem_seg_evaluation]: OrderedDict([('sem_seg', {'mIoU': 59.15794536380895, 'fwIoU': 89.3590923717065, 'IoU-road': 97.60559202860324, 'IoU-sidewalk': 80.1953461555318, 'IoU-building': 90.87323886046116, 'IoU-wall': 54.22093900851755, 'IoU-fence': 51.03817039661417, 'IoU-pole': 28.898765096006017, 'IoU-traffic light': 41.121122053396405, 'IoU-traffic sign': 49.31752067202514, 'IoU-vegetation': 89.20760041937798, 'IoU-terrain': 5.238841394566444, 'IoU-sky': 93.676377726832, 'IoU-person': 75.82107056020003, 'IoU-rider': 4.12461059817965, 'IoU-car': 93.43539206812623, 'IoU-truck': 81.83301170735444, 'IoU-bus': 68.98413914038119, 'IoU-train': 0.9869213294810436, 'IoU-motorcycle': 57.9508389524855, 'IoU-bicycle': 59.471463744230014, 'mACC': 68.74381313375946, 'pACC': 94.11849284911938, 'ACC-road': 98.70265448712404, 'ACC-sidewalk': 92.3407642904054, 'ACC-building': 96.02424774786773, 'ACC-wall': 59.60342931793057, 'ACC-fence': 73.082805621276, 'ACC-pole': 31.11586457756608, 'ACC-traffic light': 50.63510844646266, 'ACC-traffic sign': 62.2345724330921, 'ACC-vegetation': 96.94558524245718, 'ACC-terrain': 5.2469193677040975, 'ACC-sky': 97.11073067301072, 'ACC-person': 87.93629089252684, 'ACC-rider': 4.153728185581334, 'ACC-car': 97.56008392672824, 'ACC-truck': 93.66308362664704, 'ACC-bus': 94.21778241286691, 'ACC-train': 1.0840609989020817, 'ACC-motorcycle': 81.12115682750483, 'ACC-bicycle': 83.35358046577583})])
[12/10 01:59:56 d2.engine.defaults]: Evaluation results for cityscapes19_val in csv format:
[12/10 01:59:56 d2.evaluation.testing]: copypaste: Task: sem_seg
[12/10 01:59:56 d2.evaluation.testing]: copypaste: mIoU,fwIoU,mACC,pACC
[12/10 01:59:56 d2.evaluation.testing]: copypaste: 59.1579,89.3591,68.7438,94.1185
[12/10 01:59:56 d2.utils.events]:  eta: 2:01:14  iter: 9999  total_loss: 0.02208  time: 0.7288  data_time: 0.0067  lr: 0.00010002  max_mem: 3695M
[12/10 02:00:10 d2.utils.events]:  eta: 2:00:59  iter: 10019  total_loss: 0.01959  time: 0.7288  data_time: 0.0073  lr: 9.9702e-05  max_mem: 13745M
[12/10 02:00:25 d2.utils.events]:  eta: 2:00:44  iter: 10039  total_loss: 0.02181  time: 0.7288  data_time: 0.0070  lr: 9.9387e-05  max_mem: 13745M
[12/10 02:00:39 d2.utils.events]:  eta: 2:00:30  iter: 10059  total_loss: 0.02743  time: 0.7288  data_time: 0.0071  lr: 9.9073e-05  max_mem: 13745M
[12/10 02:00:54 d2.utils.events]:  eta: 2:00:16  iter: 10079  total_loss: 0.0208  time: 0.7288  data_time: 0.0075  lr: 9.8759e-05  max_mem: 13745M
[12/10 02:01:09 d2.utils.events]:  eta: 2:00:01  iter: 10099  total_loss: 0.02144  time: 0.7288  data_time: 0.0070  lr: 9.8445e-05  max_mem: 13745M
[12/10 02:01:23 d2.utils.events]:  eta: 1:59:47  iter: 10119  total_loss: 0.02032  time: 0.7288  data_time: 0.0072  lr: 9.8131e-05  max_mem: 13745M
[12/10 02:01:38 d2.utils.events]:  eta: 1:59:32  iter: 10139  total_loss: 0.02402  time: 0.7288  data_time: 0.0073  lr: 9.7817e-05  max_mem: 13745M
[12/10 02:01:53 d2.utils.events]:  eta: 1:59:18  iter: 10159  total_loss: 0.02332  time: 0.7288  data_time: 0.0073  lr: 9.7503e-05  max_mem: 13745M
[12/10 02:02:07 d2.utils.events]:  eta: 1:59:04  iter: 10179  total_loss: 0.0214  time: 0.7288  data_time: 0.0071  lr: 9.7189e-05  max_mem: 13745M
[12/10 02:02:22 d2.utils.events]:  eta: 1:58:49  iter: 10199  total_loss: 0.02333  time: 0.7288  data_time: 0.0070  lr: 9.6875e-05  max_mem: 13745M
[12/10 02:02:37 d2.utils.events]:  eta: 1:58:35  iter: 10219  total_loss: 0.02114  time: 0.7288  data_time: 0.0074  lr: 9.6561e-05  max_mem: 13745M
[12/10 02:02:51 d2.utils.events]:  eta: 1:58:21  iter: 10239  total_loss: 0.02394  time: 0.7289  data_time: 0.0073  lr: 9.6247e-05  max_mem: 13745M
[12/10 02:03:06 d2.utils.events]:  eta: 1:58:07  iter: 10259  total_loss: 0.0213  time: 0.7289  data_time: 0.0072  lr: 9.5933e-05  max_mem: 13745M
[12/10 02:03:21 d2.utils.events]:  eta: 1:57:53  iter: 10279  total_loss: 0.02382  time: 0.7289  data_time: 0.0071  lr: 9.5619e-05  max_mem: 13745M
[12/10 02:03:35 d2.utils.events]:  eta: 1:57:40  iter: 10299  total_loss: 0.02222  time: 0.7289  data_time: 0.0072  lr: 9.5305e-05  max_mem: 13745M
[12/10 02:03:50 d2.utils.events]:  eta: 1:57:26  iter: 10319  total_loss: 0.02409  time: 0.7289  data_time: 0.0075  lr: 9.4991e-05  max_mem: 13745M
[12/10 02:04:05 d2.utils.events]:  eta: 1:57:13  iter: 10339  total_loss: 0.02236  time: 0.7289  data_time: 0.0075  lr: 9.4678e-05  max_mem: 13745M
[12/10 02:04:19 d2.utils.events]:  eta: 1:56:58  iter: 10359  total_loss: 0.02071  time: 0.7289  data_time: 0.0076  lr: 9.4364e-05  max_mem: 13745M
[12/10 02:04:34 d2.utils.events]:  eta: 1:56:44  iter: 10379  total_loss: 0.02164  time: 0.7289  data_time: 0.0071  lr: 9.405e-05  max_mem: 13745M
[12/10 02:04:49 d2.utils.events]:  eta: 1:56:29  iter: 10399  total_loss: 0.024  time: 0.7289  data_time: 0.0071  lr: 9.3737e-05  max_mem: 13745M
[12/10 02:05:03 d2.utils.events]:  eta: 1:56:15  iter: 10419  total_loss: 0.02453  time: 0.7289  data_time: 0.0071  lr: 9.3423e-05  max_mem: 13745M
[12/10 02:05:18 d2.utils.events]:  eta: 1:56:00  iter: 10439  total_loss: 0.02326  time: 0.7289  data_time: 0.0071  lr: 9.311e-05  max_mem: 13745M
[12/10 02:05:33 d2.utils.events]:  eta: 1:55:46  iter: 10459  total_loss: 0.02461  time: 0.7289  data_time: 0.0072  lr: 9.2796e-05  max_mem: 13745M
[12/10 02:05:47 d2.utils.events]:  eta: 1:55:32  iter: 10479  total_loss: 0.02232  time: 0.7289  data_time: 0.0072  lr: 9.2483e-05  max_mem: 13745M
[12/10 02:06:02 d2.utils.events]:  eta: 1:55:17  iter: 10499  total_loss: 0.02177  time: 0.7289  data_time: 0.0072  lr: 9.217e-05  max_mem: 13745M
[12/10 02:06:17 d2.utils.events]:  eta: 1:55:04  iter: 10519  total_loss: 0.02375  time: 0.7289  data_time: 0.0075  lr: 9.1857e-05  max_mem: 13745M
[12/10 02:06:31 d2.utils.events]:  eta: 1:54:50  iter: 10539  total_loss: 0.02185  time: 0.7289  data_time: 0.0074  lr: 9.1544e-05  max_mem: 13745M
[12/10 02:06:46 d2.utils.events]:  eta: 1:54:36  iter: 10559  total_loss: 0.02395  time: 0.7289  data_time: 0.0076  lr: 9.1231e-05  max_mem: 13745M
[12/10 02:07:01 d2.utils.events]:  eta: 1:54:21  iter: 10579  total_loss: 0.02093  time: 0.7289  data_time: 0.0074  lr: 9.0918e-05  max_mem: 13745M
[12/10 02:07:15 d2.utils.events]:  eta: 1:54:08  iter: 10599  total_loss: 0.02121  time: 0.7290  data_time: 0.0083  lr: 9.0605e-05  max_mem: 13745M
[12/10 02:07:30 d2.utils.events]:  eta: 1:53:55  iter: 10619  total_loss: 0.02474  time: 0.7290  data_time: 0.0074  lr: 9.0292e-05  max_mem: 13745M
[12/10 02:07:45 d2.utils.events]:  eta: 1:53:40  iter: 10639  total_loss: 0.0199  time: 0.7290  data_time: 0.0075  lr: 8.9979e-05  max_mem: 13745M
[12/10 02:07:59 d2.utils.events]:  eta: 1:53:27  iter: 10659  total_loss: 0.02279  time: 0.7290  data_time: 0.0073  lr: 8.9667e-05  max_mem: 13745M
[12/10 02:08:14 d2.utils.events]:  eta: 1:53:13  iter: 10679  total_loss: 0.02093  time: 0.7290  data_time: 0.0077  lr: 8.9355e-05  max_mem: 13745M
[12/10 02:08:29 d2.utils.events]:  eta: 1:52:58  iter: 10699  total_loss: 0.02364  time: 0.7290  data_time: 0.0071  lr: 8.9042e-05  max_mem: 13745M
[12/10 02:08:43 d2.utils.events]:  eta: 1:52:43  iter: 10719  total_loss: 0.02299  time: 0.7290  data_time: 0.0071  lr: 8.873e-05  max_mem: 13745M
[12/10 02:08:58 d2.utils.events]:  eta: 1:52:29  iter: 10739  total_loss: 0.02101  time: 0.7290  data_time: 0.0074  lr: 8.8418e-05  max_mem: 13745M
[12/10 02:09:13 d2.utils.events]:  eta: 1:52:14  iter: 10759  total_loss: 0.02187  time: 0.7290  data_time: 0.0068  lr: 8.8106e-05  max_mem: 13745M
[12/10 02:09:27 d2.utils.events]:  eta: 1:52:00  iter: 10779  total_loss: 0.0203  time: 0.7290  data_time: 0.0071  lr: 8.7794e-05  max_mem: 13745M
[12/10 02:09:42 d2.utils.events]:  eta: 1:51:46  iter: 10799  total_loss: 0.02305  time: 0.7290  data_time: 0.0074  lr: 8.7482e-05  max_mem: 13745M
[12/10 02:09:57 d2.utils.events]:  eta: 1:51:32  iter: 10819  total_loss: 0.02198  time: 0.7290  data_time: 0.0072  lr: 8.7171e-05  max_mem: 13745M
[12/10 02:10:15 d2.utils.events]:  eta: 1:51:17  iter: 10839  total_loss: 0.02504  time: 0.7290  data_time: 0.0073  lr: 8.6859e-05  max_mem: 13745M
[12/10 02:10:29 d2.utils.events]:  eta: 1:51:03  iter: 10859  total_loss: 0.02119  time: 0.7290  data_time: 0.0072  lr: 8.6548e-05  max_mem: 13745M
[12/10 02:10:44 d2.utils.events]:  eta: 1:50:48  iter: 10879  total_loss: 0.02344  time: 0.7290  data_time: 0.0073  lr: 8.6237e-05  max_mem: 13745M
[12/10 02:10:59 d2.utils.events]:  eta: 1:50:35  iter: 10899  total_loss: 0.02532  time: 0.7290  data_time: 0.0075  lr: 8.5925e-05  max_mem: 13745M
[12/10 02:11:13 d2.utils.events]:  eta: 1:50:21  iter: 10919  total_loss: 0.02118  time: 0.7290  data_time: 0.0073  lr: 8.5614e-05  max_mem: 13745M
[12/10 02:11:28 d2.utils.events]:  eta: 1:50:07  iter: 10939  total_loss: 0.01926  time: 0.7290  data_time: 0.0075  lr: 8.5304e-05  max_mem: 13745M
[12/10 02:11:43 d2.utils.events]:  eta: 1:49:53  iter: 10959  total_loss: 0.02447  time: 0.7290  data_time: 0.0075  lr: 8.4993e-05  max_mem: 13745M
[12/10 02:11:57 d2.utils.events]:  eta: 1:49:38  iter: 10979  total_loss: 0.02359  time: 0.7290  data_time: 0.0077  lr: 8.4682e-05  max_mem: 13745M
[12/10 02:12:12 d2.utils.events]:  eta: 1:49:24  iter: 10999  total_loss: 0.02354  time: 0.7290  data_time: 0.0074  lr: 8.4372e-05  max_mem: 13745M
[12/10 02:12:27 d2.utils.events]:  eta: 1:49:10  iter: 11019  total_loss: 0.02178  time: 0.7290  data_time: 0.0075  lr: 8.4062e-05  max_mem: 13745M
[12/10 02:12:41 d2.utils.events]:  eta: 1:48:56  iter: 11039  total_loss: 0.022  time: 0.7290  data_time: 0.0076  lr: 8.3752e-05  max_mem: 13745M
[12/10 02:12:56 d2.utils.events]:  eta: 1:48:41  iter: 11059  total_loss: 0.0253  time: 0.7290  data_time: 0.0075  lr: 8.3442e-05  max_mem: 13745M
[12/10 02:13:11 d2.utils.events]:  eta: 1:48:27  iter: 11079  total_loss: 0.0228  time: 0.7290  data_time: 0.0076  lr: 8.3132e-05  max_mem: 13745M
[12/10 02:13:25 d2.utils.events]:  eta: 1:48:13  iter: 11099  total_loss: 0.02356  time: 0.7290  data_time: 0.0082  lr: 8.2823e-05  max_mem: 13745M
[12/10 02:13:40 d2.utils.events]:  eta: 1:47:59  iter: 11119  total_loss: 0.02237  time: 0.7290  data_time: 0.0074  lr: 8.2513e-05  max_mem: 13745M
[12/10 02:13:55 d2.utils.events]:  eta: 1:47:44  iter: 11139  total_loss: 0.02071  time: 0.7290  data_time: 0.0072  lr: 8.2204e-05  max_mem: 13745M
[12/10 02:14:09 d2.utils.events]:  eta: 1:47:29  iter: 11159  total_loss: 0.02149  time: 0.7290  data_time: 0.0073  lr: 8.1895e-05  max_mem: 13745M
[12/10 02:14:24 d2.utils.events]:  eta: 1:47:15  iter: 11179  total_loss: 0.02091  time: 0.7290  data_time: 0.0073  lr: 8.1586e-05  max_mem: 13745M
[12/10 02:14:38 d2.utils.events]:  eta: 1:47:00  iter: 11199  total_loss: 0.02225  time: 0.7290  data_time: 0.0072  lr: 8.1277e-05  max_mem: 13745M
[12/10 02:14:53 d2.utils.events]:  eta: 1:46:45  iter: 11219  total_loss: 0.02118  time: 0.7290  data_time: 0.0073  lr: 8.0969e-05  max_mem: 13745M
[12/10 02:15:08 d2.utils.events]:  eta: 1:46:30  iter: 11239  total_loss: 0.02421  time: 0.7290  data_time: 0.0073  lr: 8.066e-05  max_mem: 13745M
[12/10 02:15:22 d2.utils.events]:  eta: 1:46:14  iter: 11259  total_loss: 0.02158  time: 0.7290  data_time: 0.0073  lr: 8.0352e-05  max_mem: 13745M
[12/10 02:15:37 d2.utils.events]:  eta: 1:45:59  iter: 11279  total_loss: 0.02244  time: 0.7290  data_time: 0.0072  lr: 8.0044e-05  max_mem: 13745M
[12/10 02:15:52 d2.utils.events]:  eta: 1:45:44  iter: 11299  total_loss: 0.02536  time: 0.7290  data_time: 0.0072  lr: 7.9737e-05  max_mem: 13745M
[12/10 02:16:06 d2.utils.events]:  eta: 1:45:29  iter: 11319  total_loss: 0.02527  time: 0.7290  data_time: 0.0077  lr: 7.9429e-05  max_mem: 13745M
[12/10 02:16:21 d2.utils.events]:  eta: 1:45:14  iter: 11339  total_loss: 0.02213  time: 0.7290  data_time: 0.0071  lr: 7.9122e-05  max_mem: 13745M
[12/10 02:16:36 d2.utils.events]:  eta: 1:44:59  iter: 11359  total_loss: 0.02073  time: 0.7290  data_time: 0.0072  lr: 7.8815e-05  max_mem: 13745M
[12/10 02:16:50 d2.utils.events]:  eta: 1:44:45  iter: 11379  total_loss: 0.02196  time: 0.7290  data_time: 0.0073  lr: 7.8508e-05  max_mem: 13745M
[12/10 02:17:05 d2.utils.events]:  eta: 1:44:30  iter: 11399  total_loss: 0.02097  time: 0.7290  data_time: 0.0073  lr: 7.8201e-05  max_mem: 13745M
[12/10 02:17:19 d2.utils.events]:  eta: 1:44:15  iter: 11419  total_loss: 0.02218  time: 0.7290  data_time: 0.0071  lr: 7.7895e-05  max_mem: 13745M
[12/10 02:17:34 d2.utils.events]:  eta: 1:44:01  iter: 11439  total_loss: 0.02261  time: 0.7290  data_time: 0.0075  lr: 7.7588e-05  max_mem: 13745M
[12/10 02:17:49 d2.utils.events]:  eta: 1:43:46  iter: 11459  total_loss: 0.01991  time: 0.7290  data_time: 0.0076  lr: 7.7282e-05  max_mem: 13745M
[12/10 02:18:03 d2.utils.events]:  eta: 1:43:32  iter: 11479  total_loss: 0.02307  time: 0.7290  data_time: 0.0076  lr: 7.6976e-05  max_mem: 13745M
[12/10 02:18:18 d2.utils.events]:  eta: 1:43:17  iter: 11499  total_loss: 0.02111  time: 0.7291  data_time: 0.0072  lr: 7.6671e-05  max_mem: 13745M
[12/10 02:18:33 d2.utils.events]:  eta: 1:43:01  iter: 11519  total_loss: 0.02179  time: 0.7291  data_time: 0.0071  lr: 7.6365e-05  max_mem: 13745M
[12/10 02:18:47 d2.utils.events]:  eta: 1:42:47  iter: 11539  total_loss: 0.02372  time: 0.7291  data_time: 0.0074  lr: 7.606e-05  max_mem: 13745M
[12/10 02:19:02 d2.utils.events]:  eta: 1:42:32  iter: 11559  total_loss: 0.02158  time: 0.7291  data_time: 0.0072  lr: 7.5755e-05  max_mem: 13745M
[12/10 02:19:17 d2.utils.events]:  eta: 1:42:17  iter: 11579  total_loss: 0.02267  time: 0.7291  data_time: 0.0073  lr: 7.5451e-05  max_mem: 13745M
[12/10 02:19:31 d2.utils.events]:  eta: 1:42:02  iter: 11599  total_loss: 0.0218  time: 0.7291  data_time: 0.0073  lr: 7.5146e-05  max_mem: 13745M
[12/10 02:19:46 d2.utils.events]:  eta: 1:41:48  iter: 11619  total_loss: 0.02328  time: 0.7291  data_time: 0.0071  lr: 7.4842e-05  max_mem: 13745M
[12/10 02:20:01 d2.utils.events]:  eta: 1:41:33  iter: 11639  total_loss: 0.01975  time: 0.7291  data_time: 0.0070  lr: 7.4538e-05  max_mem: 13745M
[12/10 02:20:15 d2.utils.events]:  eta: 1:41:19  iter: 11659  total_loss: 0.02307  time: 0.7291  data_time: 0.0073  lr: 7.4234e-05  max_mem: 13745M
[12/10 02:20:30 d2.utils.events]:  eta: 1:41:04  iter: 11679  total_loss: 0.02095  time: 0.7291  data_time: 0.0072  lr: 7.3931e-05  max_mem: 13745M
[12/10 02:20:45 d2.utils.events]:  eta: 1:40:49  iter: 11699  total_loss: 0.0239  time: 0.7291  data_time: 0.0073  lr: 7.3628e-05  max_mem: 13745M
[12/10 02:20:59 d2.utils.events]:  eta: 1:40:35  iter: 11719  total_loss: 0.02211  time: 0.7291  data_time: 0.0071  lr: 7.3325e-05  max_mem: 13745M
[12/10 02:21:14 d2.utils.events]:  eta: 1:40:20  iter: 11739  total_loss: 0.02283  time: 0.7291  data_time: 0.0073  lr: 7.3022e-05  max_mem: 13745M
[12/10 02:21:28 d2.utils.events]:  eta: 1:40:06  iter: 11759  total_loss: 0.02265  time: 0.7291  data_time: 0.0073  lr: 7.272e-05  max_mem: 13745M
[12/10 02:21:43 d2.utils.events]:  eta: 1:39:51  iter: 11779  total_loss: 0.02194  time: 0.7291  data_time: 0.0075  lr: 7.2418e-05  max_mem: 13745M
[12/10 02:21:58 d2.utils.events]:  eta: 1:39:37  iter: 11799  total_loss: 0.02185  time: 0.7291  data_time: 0.0085  lr: 7.2116e-05  max_mem: 13745M
[12/10 02:22:13 d2.utils.events]:  eta: 1:39:22  iter: 11819  total_loss: 0.02413  time: 0.7291  data_time: 0.0086  lr: 7.1814e-05  max_mem: 13745M
[12/10 02:22:27 d2.utils.events]:  eta: 1:39:08  iter: 11839  total_loss: 0.02225  time: 0.7291  data_time: 0.0080  lr: 7.1513e-05  max_mem: 13745M
[12/10 02:22:42 d2.utils.events]:  eta: 1:38:55  iter: 11859  total_loss: 0.0231  time: 0.7291  data_time: 0.0078  lr: 7.1212e-05  max_mem: 13745M
[12/10 02:22:57 d2.utils.events]:  eta: 1:38:40  iter: 11879  total_loss: 0.02202  time: 0.7291  data_time: 0.0077  lr: 7.0911e-05  max_mem: 13745M
[12/10 02:23:11 d2.utils.events]:  eta: 1:38:25  iter: 11899  total_loss: 0.02295  time: 0.7291  data_time: 0.0074  lr: 7.0611e-05  max_mem: 13745M
[12/10 02:23:26 d2.utils.events]:  eta: 1:38:11  iter: 11919  total_loss: 0.02117  time: 0.7291  data_time: 0.0074  lr: 7.0311e-05  max_mem: 13745M
[12/10 02:23:41 d2.utils.events]:  eta: 1:37:56  iter: 11939  total_loss: 0.02399  time: 0.7291  data_time: 0.0070  lr: 7.0011e-05  max_mem: 13745M
[12/10 02:23:55 d2.utils.events]:  eta: 1:37:41  iter: 11959  total_loss: 0.02061  time: 0.7291  data_time: 0.0073  lr: 6.9711e-05  max_mem: 13745M
[12/10 02:24:10 d2.utils.events]:  eta: 1:37:26  iter: 11979  total_loss: 0.02082  time: 0.7291  data_time: 0.0070  lr: 6.9412e-05  max_mem: 13745M
[12/10 02:24:24 d2.utils.events]:  eta: 1:37:12  iter: 11999  total_loss: 0.02083  time: 0.7291  data_time: 0.0074  lr: 6.9113e-05  max_mem: 13745M
[12/10 02:24:39 d2.utils.events]:  eta: 1:36:58  iter: 12019  total_loss: 0.02574  time: 0.7291  data_time: 0.0078  lr: 6.8815e-05  max_mem: 13745M
[12/10 02:24:54 d2.utils.events]:  eta: 1:36:43  iter: 12039  total_loss: 0.02201  time: 0.7291  data_time: 0.0075  lr: 6.8516e-05  max_mem: 13745M
[12/10 02:25:08 d2.utils.events]:  eta: 1:36:28  iter: 12059  total_loss: 0.02271  time: 0.7291  data_time: 0.0072  lr: 6.8218e-05  max_mem: 13745M
[12/10 02:25:23 d2.utils.events]:  eta: 1:36:13  iter: 12079  total_loss: 0.02202  time: 0.7291  data_time: 0.0074  lr: 6.7921e-05  max_mem: 13745M
[12/10 02:25:38 d2.utils.events]:  eta: 1:35:59  iter: 12099  total_loss: 0.02124  time: 0.7291  data_time: 0.0075  lr: 6.7623e-05  max_mem: 13745M
[12/10 02:25:52 d2.utils.events]:  eta: 1:35:44  iter: 12119  total_loss: 0.02036  time: 0.7291  data_time: 0.0080  lr: 6.7326e-05  max_mem: 13745M
[12/10 02:26:07 d2.utils.events]:  eta: 1:35:30  iter: 12139  total_loss: 0.02259  time: 0.7291  data_time: 0.0080  lr: 6.7029e-05  max_mem: 13745M
[12/10 02:26:22 d2.utils.events]:  eta: 1:35:15  iter: 12159  total_loss: 0.0242  time: 0.7291  data_time: 0.0086  lr: 6.6733e-05  max_mem: 13745M
[12/10 02:26:36 d2.utils.events]:  eta: 1:35:01  iter: 12179  total_loss: 0.02116  time: 0.7291  data_time: 0.0078  lr: 6.6437e-05  max_mem: 13745M
[12/10 02:26:51 d2.utils.events]:  eta: 1:34:47  iter: 12199  total_loss: 0.02356  time: 0.7291  data_time: 0.0077  lr: 6.6141e-05  max_mem: 13745M
[12/10 02:27:06 d2.utils.events]:  eta: 1:34:33  iter: 12219  total_loss: 0.02423  time: 0.7291  data_time: 0.0082  lr: 6.5846e-05  max_mem: 13745M
[12/10 02:27:20 d2.utils.events]:  eta: 1:34:19  iter: 12239  total_loss: 0.02134  time: 0.7291  data_time: 0.0080  lr: 6.555e-05  max_mem: 13745M
[12/10 02:27:35 d2.utils.events]:  eta: 1:34:04  iter: 12259  total_loss: 0.01989  time: 0.7292  data_time: 0.0074  lr: 6.5256e-05  max_mem: 13745M
[12/10 02:27:50 d2.utils.events]:  eta: 1:33:50  iter: 12279  total_loss: 0.01907  time: 0.7292  data_time: 0.0076  lr: 6.4961e-05  max_mem: 13745M
[12/10 02:28:04 d2.utils.events]:  eta: 1:33:36  iter: 12299  total_loss: 0.02406  time: 0.7292  data_time: 0.0075  lr: 6.4667e-05  max_mem: 13745M
[12/10 02:28:19 d2.utils.events]:  eta: 1:33:22  iter: 12319  total_loss: 0.02379  time: 0.7292  data_time: 0.0074  lr: 6.4373e-05  max_mem: 13745M
[12/10 02:28:34 d2.utils.events]:  eta: 1:33:07  iter: 12339  total_loss: 0.02153  time: 0.7292  data_time: 0.0074  lr: 6.408e-05  max_mem: 13745M
[12/10 02:28:48 d2.utils.events]:  eta: 1:32:52  iter: 12359  total_loss: 0.02297  time: 0.7292  data_time: 0.0077  lr: 6.3787e-05  max_mem: 13745M
[12/10 02:29:03 d2.utils.events]:  eta: 1:32:38  iter: 12379  total_loss: 0.02288  time: 0.7292  data_time: 0.0074  lr: 6.3494e-05  max_mem: 13745M
[12/10 02:29:18 d2.utils.events]:  eta: 1:32:23  iter: 12399  total_loss: 0.02169  time: 0.7292  data_time: 0.0073  lr: 6.3202e-05  max_mem: 13745M
[12/10 02:29:32 d2.utils.events]:  eta: 1:32:09  iter: 12419  total_loss: 0.02102  time: 0.7292  data_time: 0.0076  lr: 6.291e-05  max_mem: 13745M
[12/10 02:29:47 d2.utils.events]:  eta: 1:31:54  iter: 12439  total_loss: 0.02128  time: 0.7292  data_time: 0.0072  lr: 6.2619e-05  max_mem: 13745M
[12/10 02:30:02 d2.utils.events]:  eta: 1:31:40  iter: 12459  total_loss: 0.02204  time: 0.7292  data_time: 0.0078  lr: 6.2327e-05  max_mem: 13745M
[12/10 02:30:16 d2.utils.events]:  eta: 1:31:25  iter: 12479  total_loss: 0.02207  time: 0.7292  data_time: 0.0076  lr: 6.2037e-05  max_mem: 13745M
[12/10 02:30:31 d2.utils.events]:  eta: 1:31:11  iter: 12499  total_loss: 0.0212  time: 0.7292  data_time: 0.0079  lr: 6.1746e-05  max_mem: 13745M
[12/10 02:30:46 d2.utils.events]:  eta: 1:30:56  iter: 12519  total_loss: 0.01997  time: 0.7292  data_time: 0.0077  lr: 6.1456e-05  max_mem: 13745M
[12/10 02:31:00 d2.utils.events]:  eta: 1:30:42  iter: 12539  total_loss: 0.02089  time: 0.7292  data_time: 0.0083  lr: 6.1166e-05  max_mem: 13745M
[12/10 02:31:15 d2.utils.events]:  eta: 1:30:28  iter: 12559  total_loss: 0.02079  time: 0.7292  data_time: 0.0081  lr: 6.0877e-05  max_mem: 13745M
[12/10 02:31:30 d2.utils.events]:  eta: 1:30:14  iter: 12579  total_loss: 0.02023  time: 0.7292  data_time: 0.0074  lr: 6.0588e-05  max_mem: 13745M
[12/10 02:31:44 d2.utils.events]:  eta: 1:30:00  iter: 12599  total_loss: 0.02197  time: 0.7292  data_time: 0.0078  lr: 6.03e-05  max_mem: 13745M
[12/10 02:31:59 d2.utils.events]:  eta: 1:29:45  iter: 12619  total_loss: 0.02202  time: 0.7292  data_time: 0.0075  lr: 6.0011e-05  max_mem: 13745M
[12/10 02:32:14 d2.utils.events]:  eta: 1:29:30  iter: 12639  total_loss: 0.02533  time: 0.7292  data_time: 0.0076  lr: 5.9724e-05  max_mem: 13745M
[12/10 02:32:28 d2.utils.events]:  eta: 1:29:15  iter: 12659  total_loss: 0.02291  time: 0.7292  data_time: 0.0074  lr: 5.9436e-05  max_mem: 13745M
[12/10 02:32:43 d2.utils.events]:  eta: 1:29:01  iter: 12679  total_loss: 0.02098  time: 0.7292  data_time: 0.0078  lr: 5.9149e-05  max_mem: 13745M
[12/10 02:32:58 d2.utils.events]:  eta: 1:28:46  iter: 12699  total_loss: 0.02147  time: 0.7292  data_time: 0.0075  lr: 5.8863e-05  max_mem: 13745M
[12/10 02:33:12 d2.utils.events]:  eta: 1:28:32  iter: 12719  total_loss: 0.02401  time: 0.7292  data_time: 0.0074  lr: 5.8577e-05  max_mem: 13745M
[12/10 02:33:27 d2.utils.events]:  eta: 1:28:17  iter: 12739  total_loss: 0.02287  time: 0.7292  data_time: 0.0074  lr: 5.8291e-05  max_mem: 13745M
[12/10 02:33:42 d2.utils.events]:  eta: 1:28:03  iter: 12759  total_loss: 0.01967  time: 0.7292  data_time: 0.0076  lr: 5.8006e-05  max_mem: 13745M
[12/10 02:33:56 d2.utils.events]:  eta: 1:27:48  iter: 12779  total_loss: 0.02305  time: 0.7292  data_time: 0.0073  lr: 5.7721e-05  max_mem: 13745M
[12/10 02:34:11 d2.utils.events]:  eta: 1:27:33  iter: 12799  total_loss: 0.02055  time: 0.7292  data_time: 0.0073  lr: 5.7436e-05  max_mem: 13745M
[12/10 02:34:26 d2.utils.events]:  eta: 1:27:19  iter: 12819  total_loss: 0.02156  time: 0.7292  data_time: 0.0073  lr: 5.7152e-05  max_mem: 13745M
[12/10 02:34:40 d2.utils.events]:  eta: 1:27:03  iter: 12839  total_loss: 0.02227  time: 0.7292  data_time: 0.0076  lr: 5.6869e-05  max_mem: 13745M
[12/10 02:34:55 d2.utils.events]:  eta: 1:26:49  iter: 12859  total_loss: 0.02597  time: 0.7292  data_time: 0.0077  lr: 5.6585e-05  max_mem: 13745M
[12/10 02:35:10 d2.utils.events]:  eta: 1:26:35  iter: 12879  total_loss: 0.02189  time: 0.7292  data_time: 0.0077  lr: 5.6303e-05  max_mem: 13745M
[12/10 02:35:24 d2.utils.events]:  eta: 1:26:20  iter: 12899  total_loss: 0.02083  time: 0.7292  data_time: 0.0075  lr: 5.602e-05  max_mem: 13745M
[12/10 02:35:39 d2.utils.events]:  eta: 1:26:06  iter: 12919  total_loss: 0.02059  time: 0.7292  data_time: 0.0075  lr: 5.5738e-05  max_mem: 13745M
[12/10 02:35:53 d2.utils.events]:  eta: 1:25:51  iter: 12939  total_loss: 0.02215  time: 0.7292  data_time: 0.0073  lr: 5.5457e-05  max_mem: 13745M
[12/10 02:36:08 d2.utils.events]:  eta: 1:25:36  iter: 12959  total_loss: 0.02165  time: 0.7292  data_time: 0.0075  lr: 5.5176e-05  max_mem: 13745M
[12/10 02:36:23 d2.utils.events]:  eta: 1:25:22  iter: 12979  total_loss: 0.02122  time: 0.7292  data_time: 0.0075  lr: 5.4895e-05  max_mem: 13745M
[12/10 02:36:37 d2.utils.events]:  eta: 1:25:08  iter: 12999  total_loss: 0.02417  time: 0.7292  data_time: 0.0074  lr: 5.4615e-05  max_mem: 13745M
[12/10 02:36:52 d2.utils.events]:  eta: 1:24:53  iter: 13019  total_loss: 0.02257  time: 0.7292  data_time: 0.0072  lr: 5.4335e-05  max_mem: 13745M
[12/10 02:37:07 d2.utils.events]:  eta: 1:24:38  iter: 13039  total_loss: 0.02071  time: 0.7292  data_time: 0.0073  lr: 5.4056e-05  max_mem: 13745M
[12/10 02:37:21 d2.utils.events]:  eta: 1:24:24  iter: 13059  total_loss: 0.02678  time: 0.7293  data_time: 0.0075  lr: 5.3777e-05  max_mem: 13745M
[12/10 02:37:36 d2.utils.events]:  eta: 1:24:09  iter: 13079  total_loss: 0.02348  time: 0.7293  data_time: 0.0071  lr: 5.3499e-05  max_mem: 13745M
[12/10 02:37:51 d2.utils.events]:  eta: 1:23:55  iter: 13099  total_loss: 0.02034  time: 0.7293  data_time: 0.0074  lr: 5.3221e-05  max_mem: 13745M
[12/10 02:38:12 d2.utils.events]:  eta: 1:23:40  iter: 13119  total_loss: 0.0212  time: 0.7293  data_time: 0.0075  lr: 5.2943e-05  max_mem: 13745M
[12/10 02:38:26 d2.utils.events]:  eta: 1:23:25  iter: 13139  total_loss: 0.0244  time: 0.7293  data_time: 0.0074  lr: 5.2666e-05  max_mem: 13745M
[12/10 02:38:41 d2.utils.events]:  eta: 1:23:11  iter: 13159  total_loss: 0.02142  time: 0.7293  data_time: 0.0074  lr: 5.239e-05  max_mem: 13745M
[12/10 02:38:56 d2.utils.events]:  eta: 1:22:56  iter: 13179  total_loss: 0.02156  time: 0.7293  data_time: 0.0076  lr: 5.2114e-05  max_mem: 13745M
[12/10 02:39:10 d2.utils.events]:  eta: 1:22:41  iter: 13199  total_loss: 0.02098  time: 0.7293  data_time: 0.0076  lr: 5.1838e-05  max_mem: 13745M
[12/10 02:39:25 d2.utils.events]:  eta: 1:22:26  iter: 13219  total_loss: 0.01995  time: 0.7293  data_time: 0.0074  lr: 5.1563e-05  max_mem: 13745M
[12/10 02:39:40 d2.utils.events]:  eta: 1:22:11  iter: 13239  total_loss: 0.02276  time: 0.7293  data_time: 0.0074  lr: 5.1289e-05  max_mem: 13745M
[12/10 02:39:54 d2.utils.events]:  eta: 1:21:57  iter: 13259  total_loss: 0.02311  time: 0.7293  data_time: 0.0074  lr: 5.1015e-05  max_mem: 13745M
[12/10 02:40:09 d2.utils.events]:  eta: 1:21:42  iter: 13279  total_loss: 0.02086  time: 0.7293  data_time: 0.0074  lr: 5.0741e-05  max_mem: 13745M
[12/10 02:40:24 d2.utils.events]:  eta: 1:21:27  iter: 13299  total_loss: 0.02707  time: 0.7293  data_time: 0.0074  lr: 5.0468e-05  max_mem: 13745M
[12/10 02:40:38 d2.utils.events]:  eta: 1:21:12  iter: 13319  total_loss: 0.02262  time: 0.7293  data_time: 0.0074  lr: 5.0195e-05  max_mem: 13745M
[12/10 02:40:53 d2.utils.events]:  eta: 1:20:58  iter: 13339  total_loss: 0.01988  time: 0.7293  data_time: 0.0076  lr: 4.9923e-05  max_mem: 13745M
[12/10 02:41:08 d2.utils.events]:  eta: 1:20:43  iter: 13359  total_loss: 0.0217  time: 0.7293  data_time: 0.0072  lr: 4.9651e-05  max_mem: 13745M
[12/10 02:41:22 d2.utils.events]:  eta: 1:20:29  iter: 13379  total_loss: 0.02195  time: 0.7293  data_time: 0.0072  lr: 4.938e-05  max_mem: 13745M
[12/10 02:41:37 d2.utils.events]:  eta: 1:20:14  iter: 13399  total_loss: 0.01984  time: 0.7293  data_time: 0.0071  lr: 4.9109e-05  max_mem: 13745M
[12/10 02:41:51 d2.utils.events]:  eta: 1:19:59  iter: 13419  total_loss: 0.02013  time: 0.7293  data_time: 0.0076  lr: 4.8839e-05  max_mem: 13745M
[12/10 02:42:06 d2.utils.events]:  eta: 1:19:45  iter: 13439  total_loss: 0.02217  time: 0.7293  data_time: 0.0077  lr: 4.857e-05  max_mem: 13745M
[12/10 02:42:21 d2.utils.events]:  eta: 1:19:30  iter: 13459  total_loss: 0.02201  time: 0.7293  data_time: 0.0072  lr: 4.83e-05  max_mem: 13745M
[12/10 02:42:35 d2.utils.events]:  eta: 1:19:15  iter: 13479  total_loss: 0.02395  time: 0.7293  data_time: 0.0079  lr: 4.8032e-05  max_mem: 13745M
[12/10 02:42:50 d2.utils.events]:  eta: 1:19:01  iter: 13499  total_loss: 0.02223  time: 0.7293  data_time: 0.0075  lr: 4.7764e-05  max_mem: 13745M
[12/10 02:43:05 d2.utils.events]:  eta: 1:18:46  iter: 13519  total_loss: 0.02081  time: 0.7293  data_time: 0.0075  lr: 4.7496e-05  max_mem: 13745M
[12/10 02:43:19 d2.utils.events]:  eta: 1:18:31  iter: 13539  total_loss: 0.0204  time: 0.7293  data_time: 0.0076  lr: 4.7229e-05  max_mem: 13745M
[12/10 02:43:34 d2.utils.events]:  eta: 1:18:17  iter: 13559  total_loss: 0.02098  time: 0.7293  data_time: 0.0074  lr: 4.6962e-05  max_mem: 13745M
[12/10 02:43:49 d2.utils.events]:  eta: 1:18:02  iter: 13579  total_loss: 0.02134  time: 0.7293  data_time: 0.0076  lr: 4.6696e-05  max_mem: 13745M
[12/10 02:44:03 d2.utils.events]:  eta: 1:17:48  iter: 13599  total_loss: 0.02488  time: 0.7293  data_time: 0.0077  lr: 4.6431e-05  max_mem: 13745M
[12/10 02:44:18 d2.utils.events]:  eta: 1:17:33  iter: 13619  total_loss: 0.02445  time: 0.7293  data_time: 0.0074  lr: 4.6166e-05  max_mem: 13745M
[12/10 02:44:33 d2.utils.events]:  eta: 1:17:19  iter: 13639  total_loss: 0.02372  time: 0.7293  data_time: 0.0074  lr: 4.5901e-05  max_mem: 13745M
[12/10 02:44:47 d2.utils.events]:  eta: 1:17:04  iter: 13659  total_loss: 0.0218  time: 0.7293  data_time: 0.0072  lr: 4.5637e-05  max_mem: 13745M
[12/10 02:45:02 d2.utils.events]:  eta: 1:16:49  iter: 13679  total_loss: 0.02107  time: 0.7293  data_time: 0.0073  lr: 4.5374e-05  max_mem: 13745M
[12/10 02:45:17 d2.utils.events]:  eta: 1:16:35  iter: 13699  total_loss: 0.02178  time: 0.7293  data_time: 0.0073  lr: 4.5111e-05  max_mem: 13745M
[12/10 02:45:31 d2.utils.events]:  eta: 1:16:20  iter: 13719  total_loss: 0.023  time: 0.7293  data_time: 0.0074  lr: 4.4849e-05  max_mem: 13745M
[12/10 02:45:46 d2.utils.events]:  eta: 1:16:05  iter: 13739  total_loss: 0.01981  time: 0.7293  data_time: 0.0072  lr: 4.4587e-05  max_mem: 13745M
[12/10 02:46:00 d2.utils.events]:  eta: 1:15:51  iter: 13759  total_loss: 0.02175  time: 0.7293  data_time: 0.0076  lr: 4.4325e-05  max_mem: 13745M
[12/10 02:46:15 d2.utils.events]:  eta: 1:15:36  iter: 13779  total_loss: 0.02321  time: 0.7293  data_time: 0.0073  lr: 4.4065e-05  max_mem: 13745M
[12/10 02:46:30 d2.utils.events]:  eta: 1:15:21  iter: 13799  total_loss: 0.02391  time: 0.7293  data_time: 0.0074  lr: 4.3805e-05  max_mem: 13745M
[12/10 02:46:44 d2.utils.events]:  eta: 1:15:06  iter: 13819  total_loss: 0.02536  time: 0.7293  data_time: 0.0076  lr: 4.3545e-05  max_mem: 13745M
[12/10 02:46:59 d2.utils.events]:  eta: 1:14:52  iter: 13839  total_loss: 0.02101  time: 0.7293  data_time: 0.0077  lr: 4.3286e-05  max_mem: 13745M
[12/10 02:47:14 d2.utils.events]:  eta: 1:14:37  iter: 13859  total_loss: 0.02267  time: 0.7293  data_time: 0.0074  lr: 4.3028e-05  max_mem: 13745M
[12/10 02:47:28 d2.utils.events]:  eta: 1:14:22  iter: 13879  total_loss: 0.01975  time: 0.7293  data_time: 0.0073  lr: 4.277e-05  max_mem: 13745M
[12/10 02:47:43 d2.utils.events]:  eta: 1:14:07  iter: 13899  total_loss: 0.02412  time: 0.7293  data_time: 0.0074  lr: 4.2512e-05  max_mem: 13745M
[12/10 02:47:58 d2.utils.events]:  eta: 1:13:53  iter: 13919  total_loss: 0.02035  time: 0.7293  data_time: 0.0074  lr: 4.2256e-05  max_mem: 13745M
[12/10 02:48:12 d2.utils.events]:  eta: 1:13:38  iter: 13939  total_loss: 0.02428  time: 0.7293  data_time: 0.0073  lr: 4.1999e-05  max_mem: 13745M
[12/10 02:48:27 d2.utils.events]:  eta: 1:13:24  iter: 13959  total_loss: 0.02176  time: 0.7293  data_time: 0.0073  lr: 4.1744e-05  max_mem: 13745M
[12/10 02:48:42 d2.utils.events]:  eta: 1:13:09  iter: 13979  total_loss: 0.02669  time: 0.7293  data_time: 0.0077  lr: 4.1489e-05  max_mem: 13745M
[12/10 02:48:56 d2.utils.events]:  eta: 1:12:54  iter: 13999  total_loss: 0.02272  time: 0.7293  data_time: 0.0072  lr: 4.1234e-05  max_mem: 13745M
[12/10 02:49:11 d2.utils.events]:  eta: 1:12:39  iter: 14019  total_loss: 0.02334  time: 0.7293  data_time: 0.0073  lr: 4.098e-05  max_mem: 13745M
[12/10 02:49:25 d2.utils.events]:  eta: 1:12:25  iter: 14039  total_loss: 0.02342  time: 0.7293  data_time: 0.0071  lr: 4.0727e-05  max_mem: 13745M
[12/10 02:49:40 d2.utils.events]:  eta: 1:12:10  iter: 14059  total_loss: 0.02332  time: 0.7293  data_time: 0.0074  lr: 4.0474e-05  max_mem: 13745M
[12/10 02:49:55 d2.utils.events]:  eta: 1:11:56  iter: 14079  total_loss: 0.02204  time: 0.7293  data_time: 0.0074  lr: 4.0222e-05  max_mem: 13745M
[12/10 02:50:09 d2.utils.events]:  eta: 1:11:41  iter: 14099  total_loss: 0.02075  time: 0.7293  data_time: 0.0074  lr: 3.9971e-05  max_mem: 13745M
[12/10 02:50:24 d2.utils.events]:  eta: 1:11:27  iter: 14119  total_loss: 0.0203  time: 0.7293  data_time: 0.0075  lr: 3.972e-05  max_mem: 13745M
[12/10 02:50:39 d2.utils.events]:  eta: 1:11:12  iter: 14139  total_loss: 0.02204  time: 0.7293  data_time: 0.0076  lr: 3.9469e-05  max_mem: 13745M
[12/10 02:50:53 d2.utils.events]:  eta: 1:10:58  iter: 14159  total_loss: 0.02314  time: 0.7293  data_time: 0.0072  lr: 3.9219e-05  max_mem: 13745M
[12/10 02:51:08 d2.utils.events]:  eta: 1:10:43  iter: 14179  total_loss: 0.02277  time: 0.7293  data_time: 0.0075  lr: 3.897e-05  max_mem: 13745M
[12/10 02:51:23 d2.utils.events]:  eta: 1:10:29  iter: 14199  total_loss: 0.02068  time: 0.7293  data_time: 0.0078  lr: 3.8722e-05  max_mem: 13745M
[12/10 02:51:38 d2.utils.events]:  eta: 1:10:14  iter: 14219  total_loss: 0.02196  time: 0.7293  data_time: 0.0073  lr: 3.8474e-05  max_mem: 13745M
[12/10 02:51:52 d2.utils.events]:  eta: 1:10:00  iter: 14239  total_loss: 0.01899  time: 0.7293  data_time: 0.0074  lr: 3.8226e-05  max_mem: 13745M
[12/10 02:52:07 d2.utils.events]:  eta: 1:09:45  iter: 14259  total_loss: 0.02423  time: 0.7293  data_time: 0.0073  lr: 3.798e-05  max_mem: 13745M
[12/10 02:52:22 d2.utils.events]:  eta: 1:09:31  iter: 14279  total_loss: 0.02171  time: 0.7293  data_time: 0.0072  lr: 3.7734e-05  max_mem: 13745M
[12/10 02:52:36 d2.utils.events]:  eta: 1:09:16  iter: 14299  total_loss: 0.02263  time: 0.7293  data_time: 0.0076  lr: 3.7488e-05  max_mem: 13745M
[12/10 02:52:51 d2.utils.events]:  eta: 1:09:02  iter: 14319  total_loss: 0.02039  time: 0.7294  data_time: 0.0076  lr: 3.7243e-05  max_mem: 13745M
[12/10 02:53:06 d2.utils.events]:  eta: 1:08:47  iter: 14339  total_loss: 0.01996  time: 0.7294  data_time: 0.0076  lr: 3.6999e-05  max_mem: 13745M
[12/10 02:53:20 d2.utils.events]:  eta: 1:08:32  iter: 14359  total_loss: 0.01937  time: 0.7294  data_time: 0.0071  lr: 3.6755e-05  max_mem: 13745M
[12/10 02:53:35 d2.utils.events]:  eta: 1:08:18  iter: 14379  total_loss: 0.02098  time: 0.7294  data_time: 0.0075  lr: 3.6512e-05  max_mem: 13745M
[12/10 02:53:49 d2.utils.events]:  eta: 1:08:03  iter: 14399  total_loss: 0.0219  time: 0.7294  data_time: 0.0072  lr: 3.627e-05  max_mem: 13745M
[12/10 02:54:04 d2.utils.events]:  eta: 1:07:49  iter: 14419  total_loss: 0.02255  time: 0.7294  data_time: 0.0076  lr: 3.6028e-05  max_mem: 13745M
[12/10 02:54:19 d2.utils.events]:  eta: 1:07:34  iter: 14439  total_loss: 0.02411  time: 0.7294  data_time: 0.0077  lr: 3.5787e-05  max_mem: 13745M
[12/10 02:54:33 d2.utils.events]:  eta: 1:07:19  iter: 14459  total_loss: 0.02016  time: 0.7294  data_time: 0.0074  lr: 3.5546e-05  max_mem: 13745M
[12/10 02:54:48 d2.utils.events]:  eta: 1:07:04  iter: 14479  total_loss: 0.02111  time: 0.7294  data_time: 0.0075  lr: 3.5306e-05  max_mem: 13745M
[12/10 02:55:03 d2.utils.events]:  eta: 1:06:50  iter: 14499  total_loss: 0.02186  time: 0.7294  data_time: 0.0073  lr: 3.5067e-05  max_mem: 13745M
[12/10 02:55:17 d2.utils.events]:  eta: 1:06:35  iter: 14519  total_loss: 0.02073  time: 0.7294  data_time: 0.0072  lr: 3.4829e-05  max_mem: 13745M
[12/10 02:55:32 d2.utils.events]:  eta: 1:06:21  iter: 14539  total_loss: 0.0212  time: 0.7294  data_time: 0.0071  lr: 3.4591e-05  max_mem: 13745M
[12/10 02:55:47 d2.utils.events]:  eta: 1:06:06  iter: 14559  total_loss: 0.02266  time: 0.7294  data_time: 0.0073  lr: 3.4353e-05  max_mem: 13745M
[12/10 02:56:01 d2.utils.events]:  eta: 1:05:52  iter: 14579  total_loss: 0.02331  time: 0.7294  data_time: 0.0073  lr: 3.4117e-05  max_mem: 13745M
[12/10 02:56:16 d2.utils.events]:  eta: 1:05:37  iter: 14599  total_loss: 0.02174  time: 0.7294  data_time: 0.0075  lr: 3.3881e-05  max_mem: 13745M
[12/10 02:56:31 d2.utils.events]:  eta: 1:05:22  iter: 14619  total_loss: 0.02439  time: 0.7294  data_time: 0.0075  lr: 3.3645e-05  max_mem: 13745M
[12/10 02:56:45 d2.utils.events]:  eta: 1:05:08  iter: 14639  total_loss: 0.01901  time: 0.7294  data_time: 0.0077  lr: 3.3411e-05  max_mem: 13745M
[12/10 02:57:00 d2.utils.events]:  eta: 1:04:53  iter: 14659  total_loss: 0.02314  time: 0.7294  data_time: 0.0074  lr: 3.3176e-05  max_mem: 13745M
[12/10 02:57:15 d2.utils.events]:  eta: 1:04:39  iter: 14679  total_loss: 0.01895  time: 0.7294  data_time: 0.0073  lr: 3.2943e-05  max_mem: 13745M
[12/10 02:57:29 d2.utils.events]:  eta: 1:04:24  iter: 14699  total_loss: 0.0206  time: 0.7294  data_time: 0.0074  lr: 3.271e-05  max_mem: 13745M
[12/10 02:57:44 d2.utils.events]:  eta: 1:04:09  iter: 14719  total_loss: 0.02053  time: 0.7294  data_time: 0.0075  lr: 3.2478e-05  max_mem: 13745M
[12/10 02:57:59 d2.utils.events]:  eta: 1:03:55  iter: 14739  total_loss: 0.02125  time: 0.7294  data_time: 0.0073  lr: 3.2247e-05  max_mem: 13745M
[12/10 02:58:13 d2.utils.events]:  eta: 1:03:41  iter: 14759  total_loss: 0.02016  time: 0.7294  data_time: 0.0074  lr: 3.2016e-05  max_mem: 13745M
[12/10 02:58:28 d2.utils.events]:  eta: 1:03:26  iter: 14779  total_loss: 0.02373  time: 0.7294  data_time: 0.0074  lr: 3.1786e-05  max_mem: 13745M
[12/10 02:58:43 d2.utils.events]:  eta: 1:03:12  iter: 14799  total_loss: 0.02383  time: 0.7294  data_time: 0.0079  lr: 3.1557e-05  max_mem: 13745M
[12/10 02:58:57 d2.utils.events]:  eta: 1:02:57  iter: 14819  total_loss: 0.02174  time: 0.7294  data_time: 0.0072  lr: 3.1328e-05  max_mem: 13745M
[12/10 02:59:12 d2.utils.events]:  eta: 1:02:42  iter: 14839  total_loss: 0.02491  time: 0.7294  data_time: 0.0072  lr: 3.11e-05  max_mem: 13745M
[12/10 02:59:26 d2.utils.events]:  eta: 1:02:28  iter: 14859  total_loss: 0.02179  time: 0.7294  data_time: 0.0075  lr: 3.0873e-05  max_mem: 13745M
[12/10 02:59:41 d2.utils.events]:  eta: 1:02:13  iter: 14879  total_loss: 0.0208  time: 0.7294  data_time: 0.0074  lr: 3.0646e-05  max_mem: 13745M
[12/10 02:59:56 d2.utils.events]:  eta: 1:01:59  iter: 14899  total_loss: 0.02399  time: 0.7294  data_time: 0.0073  lr: 3.042e-05  max_mem: 13745M
[12/10 03:00:10 d2.utils.events]:  eta: 1:01:44  iter: 14919  total_loss: 0.02271  time: 0.7294  data_time: 0.0073  lr: 3.0195e-05  max_mem: 13745M
[12/10 03:00:25 d2.utils.events]:  eta: 1:01:29  iter: 14939  total_loss: 0.02214  time: 0.7294  data_time: 0.0075  lr: 2.997e-05  max_mem: 13745M
[12/10 03:00:40 d2.utils.events]:  eta: 1:01:15  iter: 14959  total_loss: 0.0208  time: 0.7294  data_time: 0.0075  lr: 2.9746e-05  max_mem: 13745M
[12/10 03:00:54 d2.utils.events]:  eta: 1:01:00  iter: 14979  total_loss: 0.02167  time: 0.7294  data_time: 0.0076  lr: 2.9523e-05  max_mem: 13745M
[12/10 03:01:09 fvcore.common.checkpoint]: Saving checkpoint to outputs/cs7_eva_L14_r448/model_0014999.pth
[12/10 03:01:11 d2.utils.events]:  eta: 1:00:46  iter: 14999  total_loss: 0.02137  time: 0.7294  data_time: 0.0074  lr: 2.93e-05  max_mem: 13745M
[12/10 03:01:26 d2.utils.events]:  eta: 1:00:31  iter: 15019  total_loss: 0.01998  time: 0.7294  data_time: 0.0074  lr: 2.9079e-05  max_mem: 13745M
[12/10 03:01:40 d2.utils.events]:  eta: 1:00:17  iter: 15039  total_loss: 0.02111  time: 0.7294  data_time: 0.0077  lr: 2.8857e-05  max_mem: 13745M
[12/10 03:02:03 d2.utils.events]:  eta: 1:00:02  iter: 15059  total_loss: 0.01949  time: 0.7294  data_time: 0.0075  lr: 2.8637e-05  max_mem: 13745M
[12/10 03:02:18 d2.utils.events]:  eta: 0:59:47  iter: 15079  total_loss: 0.02156  time: 0.7294  data_time: 0.0075  lr: 2.8417e-05  max_mem: 13745M
[12/10 03:02:33 d2.utils.events]:  eta: 0:59:32  iter: 15099  total_loss: 0.02196  time: 0.7294  data_time: 0.0074  lr: 2.8198e-05  max_mem: 13745M
[12/10 03:02:47 d2.utils.events]:  eta: 0:59:18  iter: 15119  total_loss: 0.02002  time: 0.7294  data_time: 0.0076  lr: 2.798e-05  max_mem: 13745M
[12/10 03:03:02 d2.utils.events]:  eta: 0:59:03  iter: 15139  total_loss: 0.02016  time: 0.7294  data_time: 0.0073  lr: 2.7762e-05  max_mem: 13745M
[12/10 03:03:17 d2.utils.events]:  eta: 0:58:49  iter: 15159  total_loss: 0.02018  time: 0.7294  data_time: 0.0075  lr: 2.7546e-05  max_mem: 13745M
[12/10 03:03:31 d2.utils.events]:  eta: 0:58:34  iter: 15179  total_loss: 0.0209  time: 0.7294  data_time: 0.0073  lr: 2.7329e-05  max_mem: 13745M
[12/10 03:03:46 d2.utils.events]:  eta: 0:58:19  iter: 15199  total_loss: 0.02251  time: 0.7294  data_time: 0.0074  lr: 2.7114e-05  max_mem: 13745M
[12/10 03:04:01 d2.utils.events]:  eta: 0:58:05  iter: 15219  total_loss: 0.02144  time: 0.7294  data_time: 0.0073  lr: 2.6899e-05  max_mem: 13745M
[12/10 03:04:15 d2.utils.events]:  eta: 0:57:50  iter: 15239  total_loss: 0.02154  time: 0.7294  data_time: 0.0078  lr: 2.6685e-05  max_mem: 13745M
[12/10 03:04:30 d2.utils.events]:  eta: 0:57:36  iter: 15259  total_loss: 0.02195  time: 0.7294  data_time: 0.0073  lr: 2.6472e-05  max_mem: 13745M
[12/10 03:04:45 d2.utils.events]:  eta: 0:57:21  iter: 15279  total_loss: 0.02182  time: 0.7294  data_time: 0.0073  lr: 2.6259e-05  max_mem: 13745M
[12/10 03:04:59 d2.utils.events]:  eta: 0:57:06  iter: 15299  total_loss: 0.02196  time: 0.7294  data_time: 0.0072  lr: 2.6047e-05  max_mem: 13745M
[12/10 03:05:14 d2.utils.events]:  eta: 0:56:52  iter: 15319  total_loss: 0.02008  time: 0.7294  data_time: 0.0073  lr: 2.5836e-05  max_mem: 13745M
[12/10 03:05:29 d2.utils.events]:  eta: 0:56:37  iter: 15339  total_loss: 0.02315  time: 0.7294  data_time: 0.0073  lr: 2.5626e-05  max_mem: 13745M
[12/10 03:05:43 d2.utils.events]:  eta: 0:56:23  iter: 15359  total_loss: 0.0218  time: 0.7294  data_time: 0.0074  lr: 2.5416e-05  max_mem: 13745M
[12/10 03:05:58 d2.utils.events]:  eta: 0:56:08  iter: 15379  total_loss: 0.02084  time: 0.7294  data_time: 0.0071  lr: 2.5207e-05  max_mem: 13745M
[12/10 03:06:12 d2.utils.events]:  eta: 0:55:54  iter: 15399  total_loss: 0.02128  time: 0.7294  data_time: 0.0073  lr: 2.4999e-05  max_mem: 13745M
[12/10 03:06:27 d2.utils.events]:  eta: 0:55:39  iter: 15419  total_loss: 0.02455  time: 0.7294  data_time: 0.0076  lr: 2.4792e-05  max_mem: 13745M
[12/10 03:06:42 d2.utils.events]:  eta: 0:55:25  iter: 15439  total_loss: 0.02107  time: 0.7294  data_time: 0.0077  lr: 2.4585e-05  max_mem: 13745M
[12/10 03:06:57 d2.utils.events]:  eta: 0:55:10  iter: 15459  total_loss: 0.02173  time: 0.7294  data_time: 0.0074  lr: 2.4379e-05  max_mem: 13745M
[12/10 03:07:11 d2.utils.events]:  eta: 0:54:56  iter: 15479  total_loss: 0.02253  time: 0.7294  data_time: 0.0072  lr: 2.4174e-05  max_mem: 13745M
[12/10 03:07:26 d2.utils.events]:  eta: 0:54:41  iter: 15499  total_loss: 0.02235  time: 0.7294  data_time: 0.0072  lr: 2.397e-05  max_mem: 13745M
[12/10 03:07:40 d2.utils.events]:  eta: 0:54:27  iter: 15519  total_loss: 0.02203  time: 0.7294  data_time: 0.0077  lr: 2.3766e-05  max_mem: 13745M
[12/10 03:07:55 d2.utils.events]:  eta: 0:54:12  iter: 15539  total_loss: 0.02055  time: 0.7294  data_time: 0.0074  lr: 2.3563e-05  max_mem: 13745M
[12/10 03:08:10 d2.utils.events]:  eta: 0:53:57  iter: 15559  total_loss: 0.02167  time: 0.7294  data_time: 0.0071  lr: 2.3361e-05  max_mem: 13745M
[12/10 03:08:24 d2.utils.events]:  eta: 0:53:43  iter: 15579  total_loss: 0.02567  time: 0.7294  data_time: 0.0072  lr: 2.3159e-05  max_mem: 13745M
[12/10 03:08:39 d2.utils.events]:  eta: 0:53:28  iter: 15599  total_loss: 0.02112  time: 0.7294  data_time: 0.0074  lr: 2.2959e-05  max_mem: 13745M
[12/10 03:08:54 d2.utils.events]:  eta: 0:53:14  iter: 15619  total_loss: 0.02254  time: 0.7294  data_time: 0.0074  lr: 2.2759e-05  max_mem: 13745M
[12/10 03:09:08 d2.utils.events]:  eta: 0:52:59  iter: 15639  total_loss: 0.02208  time: 0.7294  data_time: 0.0071  lr: 2.256e-05  max_mem: 13745M
[12/10 03:09:23 d2.utils.events]:  eta: 0:52:44  iter: 15659  total_loss: 0.0223  time: 0.7294  data_time: 0.0074  lr: 2.2361e-05  max_mem: 13745M
[12/10 03:09:38 d2.utils.events]:  eta: 0:52:29  iter: 15679  total_loss: 0.0202  time: 0.7294  data_time: 0.0072  lr: 2.2164e-05  max_mem: 13745M
[12/10 03:09:52 d2.utils.events]:  eta: 0:52:15  iter: 15699  total_loss: 0.02245  time: 0.7294  data_time: 0.0073  lr: 2.1967e-05  max_mem: 13745M
[12/10 03:10:07 d2.utils.events]:  eta: 0:52:00  iter: 15719  total_loss: 0.0217  time: 0.7294  data_time: 0.0071  lr: 2.1771e-05  max_mem: 13745M
[12/10 03:10:21 d2.utils.events]:  eta: 0:51:46  iter: 15739  total_loss: 0.02307  time: 0.7294  data_time: 0.0071  lr: 2.1575e-05  max_mem: 13745M
[12/10 03:10:36 d2.utils.events]:  eta: 0:51:31  iter: 15759  total_loss: 0.02258  time: 0.7294  data_time: 0.0072  lr: 2.1381e-05  max_mem: 13745M
[12/10 03:10:51 d2.utils.events]:  eta: 0:51:16  iter: 15779  total_loss: 0.0208  time: 0.7294  data_time: 0.0071  lr: 2.1187e-05  max_mem: 13745M
[12/10 03:11:05 d2.utils.events]:  eta: 0:51:01  iter: 15799  total_loss: 0.02269  time: 0.7294  data_time: 0.0072  lr: 2.0994e-05  max_mem: 13745M
[12/10 03:11:20 d2.utils.events]:  eta: 0:50:47  iter: 15819  total_loss: 0.02492  time: 0.7294  data_time: 0.0073  lr: 2.0802e-05  max_mem: 13745M
[12/10 03:11:35 d2.utils.events]:  eta: 0:50:32  iter: 15839  total_loss: 0.02106  time: 0.7294  data_time: 0.0073  lr: 2.0611e-05  max_mem: 13745M
[12/10 03:11:49 d2.utils.events]:  eta: 0:50:18  iter: 15859  total_loss: 0.02176  time: 0.7294  data_time: 0.0073  lr: 2.042e-05  max_mem: 13745M
[12/10 03:12:04 d2.utils.events]:  eta: 0:50:03  iter: 15879  total_loss: 0.0201  time: 0.7294  data_time: 0.0075  lr: 2.023e-05  max_mem: 13745M
[12/10 03:12:18 d2.utils.events]:  eta: 0:49:48  iter: 15899  total_loss: 0.01947  time: 0.7294  data_time: 0.0076  lr: 2.0041e-05  max_mem: 13745M
[12/10 03:12:33 d2.utils.events]:  eta: 0:49:34  iter: 15919  total_loss: 0.02336  time: 0.7294  data_time: 0.0076  lr: 1.9853e-05  max_mem: 13745M
[12/10 03:12:48 d2.utils.events]:  eta: 0:49:19  iter: 15939  total_loss: 0.02365  time: 0.7294  data_time: 0.0072  lr: 1.9665e-05  max_mem: 13745M
[12/10 03:13:02 d2.utils.events]:  eta: 0:49:04  iter: 15959  total_loss: 0.02169  time: 0.7294  data_time: 0.0074  lr: 1.9479e-05  max_mem: 13745M
[12/10 03:13:17 d2.utils.events]:  eta: 0:48:50  iter: 15979  total_loss: 0.02154  time: 0.7294  data_time: 0.0073  lr: 1.9293e-05  max_mem: 13745M
[12/10 03:13:32 d2.utils.events]:  eta: 0:48:35  iter: 15999  total_loss: 0.02198  time: 0.7294  data_time: 0.0074  lr: 1.9108e-05  max_mem: 13745M
[12/10 03:13:46 d2.utils.events]:  eta: 0:48:20  iter: 16019  total_loss: 0.02192  time: 0.7294  data_time: 0.0077  lr: 1.8923e-05  max_mem: 13745M
[12/10 03:14:01 d2.utils.events]:  eta: 0:48:06  iter: 16039  total_loss: 0.02057  time: 0.7294  data_time: 0.0075  lr: 1.874e-05  max_mem: 13745M
[12/10 03:14:16 d2.utils.events]:  eta: 0:47:51  iter: 16059  total_loss: 0.02046  time: 0.7294  data_time: 0.0072  lr: 1.8557e-05  max_mem: 13745M
[12/10 03:14:30 d2.utils.events]:  eta: 0:47:37  iter: 16079  total_loss: 0.02105  time: 0.7294  data_time: 0.0072  lr: 1.8375e-05  max_mem: 13745M
[12/10 03:14:45 d2.utils.events]:  eta: 0:47:22  iter: 16099  total_loss: 0.02065  time: 0.7294  data_time: 0.0074  lr: 1.8194e-05  max_mem: 13745M
[12/10 03:14:59 d2.utils.events]:  eta: 0:47:08  iter: 16119  total_loss: 0.02053  time: 0.7294  data_time: 0.0070  lr: 1.8014e-05  max_mem: 13745M
[12/10 03:15:14 d2.utils.events]:  eta: 0:46:53  iter: 16139  total_loss: 0.0197  time: 0.7294  data_time: 0.0072  lr: 1.7834e-05  max_mem: 13745M
[12/10 03:15:29 d2.utils.events]:  eta: 0:46:38  iter: 16159  total_loss: 0.02088  time: 0.7294  data_time: 0.0071  lr: 1.7656e-05  max_mem: 13745M
[12/10 03:15:43 d2.utils.events]:  eta: 0:46:23  iter: 16179  total_loss: 0.02063  time: 0.7294  data_time: 0.0072  lr: 1.7478e-05  max_mem: 13745M
[12/10 03:15:58 d2.utils.events]:  eta: 0:46:09  iter: 16199  total_loss: 0.02344  time: 0.7294  data_time: 0.0079  lr: 1.7301e-05  max_mem: 13745M
[12/10 03:16:13 d2.utils.events]:  eta: 0:45:54  iter: 16219  total_loss: 0.02169  time: 0.7294  data_time: 0.0081  lr: 1.7125e-05  max_mem: 13745M
[12/10 03:16:27 d2.utils.events]:  eta: 0:45:39  iter: 16239  total_loss: 0.02413  time: 0.7294  data_time: 0.0072  lr: 1.6949e-05  max_mem: 13745M
[12/10 03:16:42 d2.utils.events]:  eta: 0:45:25  iter: 16259  total_loss: 0.02221  time: 0.7294  data_time: 0.0071  lr: 1.6775e-05  max_mem: 13745M
[12/10 03:16:57 d2.utils.events]:  eta: 0:45:10  iter: 16279  total_loss: 0.01968  time: 0.7294  data_time: 0.0075  lr: 1.6601e-05  max_mem: 13745M
[12/10 03:17:11 d2.utils.events]:  eta: 0:44:56  iter: 16299  total_loss: 0.02006  time: 0.7294  data_time: 0.0071  lr: 1.6428e-05  max_mem: 13745M
[12/10 03:17:26 d2.utils.events]:  eta: 0:44:41  iter: 16319  total_loss: 0.02068  time: 0.7294  data_time: 0.0074  lr: 1.6256e-05  max_mem: 13745M
[12/10 03:17:40 d2.utils.events]:  eta: 0:44:26  iter: 16339  total_loss: 0.02096  time: 0.7294  data_time: 0.0072  lr: 1.6084e-05  max_mem: 13745M
[12/10 03:17:55 d2.utils.events]:  eta: 0:44:12  iter: 16359  total_loss: 0.02168  time: 0.7294  data_time: 0.0072  lr: 1.5914e-05  max_mem: 13745M
[12/10 03:18:10 d2.utils.events]:  eta: 0:43:57  iter: 16379  total_loss: 0.02063  time: 0.7294  data_time: 0.0074  lr: 1.5744e-05  max_mem: 13745M
[12/10 03:18:24 d2.utils.events]:  eta: 0:43:42  iter: 16399  total_loss: 0.02047  time: 0.7294  data_time: 0.0073  lr: 1.5576e-05  max_mem: 13745M
[12/10 03:18:39 d2.utils.events]:  eta: 0:43:28  iter: 16419  total_loss: 0.02134  time: 0.7294  data_time: 0.0070  lr: 1.5408e-05  max_mem: 13745M
[12/10 03:18:54 d2.utils.events]:  eta: 0:43:13  iter: 16439  total_loss: 0.02099  time: 0.7294  data_time: 0.0072  lr: 1.5241e-05  max_mem: 13745M
[12/10 03:19:08 d2.utils.events]:  eta: 0:42:58  iter: 16459  total_loss: 0.01992  time: 0.7294  data_time: 0.0073  lr: 1.5074e-05  max_mem: 13745M
[12/10 03:19:23 d2.utils.events]:  eta: 0:42:44  iter: 16479  total_loss: 0.01952  time: 0.7294  data_time: 0.0072  lr: 1.4909e-05  max_mem: 13745M
[12/10 03:19:37 d2.utils.events]:  eta: 0:42:29  iter: 16499  total_loss: 0.02066  time: 0.7294  data_time: 0.0072  lr: 1.4744e-05  max_mem: 13745M
[12/10 03:19:52 d2.utils.events]:  eta: 0:42:14  iter: 16519  total_loss: 0.02142  time: 0.7294  data_time: 0.0071  lr: 1.458e-05  max_mem: 13745M
[12/10 03:20:07 d2.utils.events]:  eta: 0:42:00  iter: 16539  total_loss: 0.02227  time: 0.7294  data_time: 0.0074  lr: 1.4417e-05  max_mem: 13745M
[12/10 03:20:21 d2.utils.events]:  eta: 0:41:45  iter: 16559  total_loss: 0.02322  time: 0.7294  data_time: 0.0074  lr: 1.4255e-05  max_mem: 13745M
[12/10 03:20:36 d2.utils.events]:  eta: 0:41:31  iter: 16579  total_loss: 0.02053  time: 0.7294  data_time: 0.0072  lr: 1.4094e-05  max_mem: 13745M
[12/10 03:20:51 d2.utils.events]:  eta: 0:41:16  iter: 16599  total_loss: 0.02123  time: 0.7294  data_time: 0.0071  lr: 1.3934e-05  max_mem: 13745M
[12/10 03:21:05 d2.utils.events]:  eta: 0:41:02  iter: 16619  total_loss: 0.02049  time: 0.7294  data_time: 0.0077  lr: 1.3774e-05  max_mem: 13745M
[12/10 03:21:20 d2.utils.events]:  eta: 0:40:47  iter: 16639  total_loss: 0.02243  time: 0.7294  data_time: 0.0071  lr: 1.3616e-05  max_mem: 13745M
[12/10 03:21:35 d2.utils.events]:  eta: 0:40:32  iter: 16659  total_loss: 0.02125  time: 0.7294  data_time: 0.0073  lr: 1.3458e-05  max_mem: 13745M
[12/10 03:21:49 d2.utils.events]:  eta: 0:40:18  iter: 16679  total_loss: 0.0224  time: 0.7294  data_time: 0.0073  lr: 1.3301e-05  max_mem: 13745M
[12/10 03:22:04 d2.utils.events]:  eta: 0:40:03  iter: 16699  total_loss: 0.02158  time: 0.7294  data_time: 0.0073  lr: 1.3145e-05  max_mem: 13745M
[12/10 03:22:18 d2.utils.events]:  eta: 0:39:49  iter: 16719  total_loss: 0.02216  time: 0.7294  data_time: 0.0075  lr: 1.2989e-05  max_mem: 13745M
[12/10 03:22:33 d2.utils.events]:  eta: 0:39:34  iter: 16739  total_loss: 0.02173  time: 0.7294  data_time: 0.0070  lr: 1.2835e-05  max_mem: 13745M
[12/10 03:22:48 d2.utils.events]:  eta: 0:39:19  iter: 16759  total_loss: 0.02014  time: 0.7294  data_time: 0.0072  lr: 1.2681e-05  max_mem: 13745M
[12/10 03:23:02 d2.utils.events]:  eta: 0:39:05  iter: 16779  total_loss: 0.02249  time: 0.7294  data_time: 0.0070  lr: 1.2529e-05  max_mem: 13745M
[12/10 03:23:17 d2.utils.events]:  eta: 0:38:50  iter: 16799  total_loss: 0.02141  time: 0.7294  data_time: 0.0077  lr: 1.2377e-05  max_mem: 13745M
[12/10 03:23:32 d2.utils.events]:  eta: 0:38:36  iter: 16819  total_loss: 0.02249  time: 0.7294  data_time: 0.0074  lr: 1.2226e-05  max_mem: 13745M
[12/10 03:23:46 d2.utils.events]:  eta: 0:38:21  iter: 16839  total_loss: 0.02157  time: 0.7294  data_time: 0.0074  lr: 1.2076e-05  max_mem: 13745M
[12/10 03:24:01 d2.utils.events]:  eta: 0:38:07  iter: 16859  total_loss: 0.02192  time: 0.7294  data_time: 0.0074  lr: 1.1927e-05  max_mem: 13745M
[12/10 03:24:16 d2.utils.events]:  eta: 0:37:52  iter: 16879  total_loss: 0.02054  time: 0.7294  data_time: 0.0071  lr: 1.1778e-05  max_mem: 13745M
[12/10 03:24:30 d2.utils.events]:  eta: 0:37:37  iter: 16899  total_loss: 0.02639  time: 0.7294  data_time: 0.0069  lr: 1.1631e-05  max_mem: 13745M
[12/10 03:24:45 d2.utils.events]:  eta: 0:37:23  iter: 16919  total_loss: 0.02304  time: 0.7294  data_time: 0.0070  lr: 1.1484e-05  max_mem: 13745M
[12/10 03:25:00 d2.utils.events]:  eta: 0:37:08  iter: 16939  total_loss: 0.02071  time: 0.7294  data_time: 0.0077  lr: 1.1338e-05  max_mem: 13745M
[12/10 03:25:14 d2.utils.events]:  eta: 0:36:54  iter: 16959  total_loss: 0.02017  time: 0.7294  data_time: 0.0072  lr: 1.1194e-05  max_mem: 13745M
[12/10 03:25:29 d2.utils.events]:  eta: 0:36:39  iter: 16979  total_loss: 0.02146  time: 0.7294  data_time: 0.0071  lr: 1.105e-05  max_mem: 13745M
[12/10 03:25:43 d2.utils.events]:  eta: 0:36:25  iter: 16999  total_loss: 0.02233  time: 0.7294  data_time: 0.0072  lr: 1.0906e-05  max_mem: 13745M
[12/10 03:25:58 d2.utils.events]:  eta: 0:36:10  iter: 17019  total_loss: 0.0206  time: 0.7294  data_time: 0.0075  lr: 1.0764e-05  max_mem: 13745M
[12/10 03:26:13 d2.utils.events]:  eta: 0:35:55  iter: 17039  total_loss: 0.02161  time: 0.7294  data_time: 0.0071  lr: 1.0623e-05  max_mem: 13745M
[12/10 03:26:27 d2.utils.events]:  eta: 0:35:41  iter: 17059  total_loss: 0.02163  time: 0.7294  data_time: 0.0072  lr: 1.0482e-05  max_mem: 13745M
[12/10 03:26:42 d2.utils.events]:  eta: 0:35:26  iter: 17079  total_loss: 0.0224  time: 0.7294  data_time: 0.0078  lr: 1.0343e-05  max_mem: 13745M
[12/10 03:26:57 d2.utils.events]:  eta: 0:35:12  iter: 17099  total_loss: 0.02096  time: 0.7294  data_time: 0.0070  lr: 1.0204e-05  max_mem: 13745M
[12/10 03:27:11 d2.utils.events]:  eta: 0:34:57  iter: 17119  total_loss: 0.02227  time: 0.7294  data_time: 0.0071  lr: 1.0066e-05  max_mem: 13745M
[12/10 03:27:26 d2.utils.events]:  eta: 0:34:43  iter: 17139  total_loss: 0.02299  time: 0.7294  data_time: 0.0071  lr: 9.9294e-06  max_mem: 13745M
[12/10 03:27:40 d2.utils.events]:  eta: 0:34:28  iter: 17159  total_loss: 0.02188  time: 0.7294  data_time: 0.0073  lr: 9.7934e-06  max_mem: 13745M
[12/10 03:27:55 d2.utils.events]:  eta: 0:34:14  iter: 17179  total_loss: 0.02131  time: 0.7294  data_time: 0.0076  lr: 9.6582e-06  max_mem: 13745M
[12/10 03:28:10 d2.utils.events]:  eta: 0:33:59  iter: 17199  total_loss: 0.02071  time: 0.7294  data_time: 0.0076  lr: 9.524e-06  max_mem: 13745M
[12/10 03:28:24 d2.utils.events]:  eta: 0:33:44  iter: 17219  total_loss: 0.02071  time: 0.7294  data_time: 0.0074  lr: 9.3906e-06  max_mem: 13745M
[12/10 03:28:39 d2.utils.events]:  eta: 0:33:30  iter: 17239  total_loss: 0.02095  time: 0.7294  data_time: 0.0075  lr: 9.2582e-06  max_mem: 13745M
[12/10 03:28:54 d2.utils.events]:  eta: 0:33:15  iter: 17259  total_loss: 0.02448  time: 0.7294  data_time: 0.0073  lr: 9.1266e-06  max_mem: 13745M
[12/10 03:29:08 d2.utils.events]:  eta: 0:33:01  iter: 17279  total_loss: 0.02029  time: 0.7294  data_time: 0.0078  lr: 8.9959e-06  max_mem: 13745M
[12/10 03:29:23 d2.utils.events]:  eta: 0:32:46  iter: 17299  total_loss: 0.02038  time: 0.7294  data_time: 0.0073  lr: 8.8661e-06  max_mem: 13745M
[12/10 03:29:38 d2.utils.events]:  eta: 0:32:32  iter: 17319  total_loss: 0.02073  time: 0.7294  data_time: 0.0072  lr: 8.7373e-06  max_mem: 13745M
[12/10 03:29:52 d2.utils.events]:  eta: 0:32:17  iter: 17339  total_loss: 0.01928  time: 0.7294  data_time: 0.0080  lr: 8.6093e-06  max_mem: 13745M
[12/10 03:30:07 d2.utils.events]:  eta: 0:32:02  iter: 17359  total_loss: 0.02355  time: 0.7294  data_time: 0.0072  lr: 8.4822e-06  max_mem: 13745M
[12/10 03:30:22 d2.utils.events]:  eta: 0:31:48  iter: 17379  total_loss: 0.01995  time: 0.7294  data_time: 0.0074  lr: 8.356e-06  max_mem: 13745M
[12/10 03:30:36 d2.utils.events]:  eta: 0:31:33  iter: 17399  total_loss: 0.02125  time: 0.7294  data_time: 0.0083  lr: 8.2308e-06  max_mem: 13745M
[12/10 03:30:51 d2.utils.events]:  eta: 0:31:19  iter: 17419  total_loss: 0.0212  time: 0.7294  data_time: 0.0074  lr: 8.1064e-06  max_mem: 13745M
[12/10 03:31:13 d2.utils.events]:  eta: 0:31:04  iter: 17439  total_loss: 0.02074  time: 0.7294  data_time: 0.0077  lr: 7.983e-06  max_mem: 13745M
[12/10 03:31:27 d2.utils.events]:  eta: 0:30:50  iter: 17459  total_loss: 0.01894  time: 0.7294  data_time: 0.0074  lr: 7.8604e-06  max_mem: 13745M
[12/10 03:31:42 d2.utils.events]:  eta: 0:30:35  iter: 17479  total_loss: 0.0216  time: 0.7294  data_time: 0.0073  lr: 7.7388e-06  max_mem: 13745M
[12/10 03:31:57 d2.utils.events]:  eta: 0:30:21  iter: 17499  total_loss: 0.02228  time: 0.7294  data_time: 0.0077  lr: 7.6181e-06  max_mem: 13745M
[12/10 03:32:11 d2.utils.events]:  eta: 0:30:06  iter: 17519  total_loss: 0.0202  time: 0.7294  data_time: 0.0076  lr: 7.4982e-06  max_mem: 13745M
[12/10 03:32:26 d2.utils.events]:  eta: 0:29:51  iter: 17539  total_loss: 0.02195  time: 0.7294  data_time: 0.0075  lr: 7.3793e-06  max_mem: 13745M
[12/10 03:32:40 d2.utils.events]:  eta: 0:29:37  iter: 17559  total_loss: 0.02103  time: 0.7294  data_time: 0.0080  lr: 7.2614e-06  max_mem: 13745M
[12/10 03:32:55 d2.utils.events]:  eta: 0:29:22  iter: 17579  total_loss: 0.02142  time: 0.7294  data_time: 0.0078  lr: 7.1443e-06  max_mem: 13745M
[12/10 03:33:10 d2.utils.events]:  eta: 0:29:08  iter: 17599  total_loss: 0.02058  time: 0.7294  data_time: 0.0073  lr: 7.0281e-06  max_mem: 13745M
[12/10 03:33:24 d2.utils.events]:  eta: 0:28:53  iter: 17619  total_loss: 0.02118  time: 0.7294  data_time: 0.0075  lr: 6.9129e-06  max_mem: 13745M
[12/10 03:33:39 d2.utils.events]:  eta: 0:28:39  iter: 17639  total_loss: 0.02192  time: 0.7294  data_time: 0.0074  lr: 6.7986e-06  max_mem: 13745M
[12/10 03:33:54 d2.utils.events]:  eta: 0:28:24  iter: 17659  total_loss: 0.01956  time: 0.7294  data_time: 0.0075  lr: 6.6852e-06  max_mem: 13745M
[12/10 03:34:08 d2.utils.events]:  eta: 0:28:10  iter: 17679  total_loss: 0.02073  time: 0.7294  data_time: 0.0076  lr: 6.5727e-06  max_mem: 13745M
[12/10 03:34:23 d2.utils.events]:  eta: 0:27:55  iter: 17699  total_loss: 0.02025  time: 0.7294  data_time: 0.0074  lr: 6.4612e-06  max_mem: 13745M
[12/10 03:34:38 d2.utils.events]:  eta: 0:27:41  iter: 17719  total_loss: 0.0205  time: 0.7294  data_time: 0.0075  lr: 6.3505e-06  max_mem: 13745M
[12/10 03:34:52 d2.utils.events]:  eta: 0:27:26  iter: 17739  total_loss: 0.0217  time: 0.7294  data_time: 0.0075  lr: 6.2408e-06  max_mem: 13745M
[12/10 03:35:07 d2.utils.events]:  eta: 0:27:12  iter: 17759  total_loss: 0.02161  time: 0.7295  data_time: 0.0075  lr: 6.132e-06  max_mem: 13745M
[12/10 03:35:22 d2.utils.events]:  eta: 0:26:57  iter: 17779  total_loss: 0.02156  time: 0.7295  data_time: 0.0077  lr: 6.0242e-06  max_mem: 13745M
[12/10 03:35:37 d2.utils.events]:  eta: 0:26:43  iter: 17799  total_loss: 0.02444  time: 0.7295  data_time: 0.0077  lr: 5.9172e-06  max_mem: 13745M
[12/10 03:35:51 d2.utils.events]:  eta: 0:26:28  iter: 17819  total_loss: 0.02172  time: 0.7295  data_time: 0.0077  lr: 5.8112e-06  max_mem: 13745M
[12/10 03:36:06 d2.utils.events]:  eta: 0:26:14  iter: 17839  total_loss: 0.01844  time: 0.7295  data_time: 0.0078  lr: 5.7062e-06  max_mem: 13745M
[12/10 03:36:21 d2.utils.events]:  eta: 0:25:59  iter: 17859  total_loss: 0.02054  time: 0.7295  data_time: 0.0075  lr: 5.602e-06  max_mem: 13745M
[12/10 03:36:35 d2.utils.events]:  eta: 0:25:45  iter: 17879  total_loss: 0.02001  time: 0.7295  data_time: 0.0077  lr: 5.4988e-06  max_mem: 13745M
[12/10 03:36:50 d2.utils.events]:  eta: 0:25:30  iter: 17899  total_loss: 0.02251  time: 0.7295  data_time: 0.0074  lr: 5.3966e-06  max_mem: 13745M
[12/10 03:37:05 d2.utils.events]:  eta: 0:25:16  iter: 17919  total_loss: 0.01955  time: 0.7295  data_time: 0.0074  lr: 5.2952e-06  max_mem: 13745M
[12/10 03:37:19 d2.utils.events]:  eta: 0:25:01  iter: 17939  total_loss: 0.02201  time: 0.7295  data_time: 0.0073  lr: 5.1948e-06  max_mem: 13745M
[12/10 03:37:34 d2.utils.events]:  eta: 0:24:47  iter: 17959  total_loss: 0.02233  time: 0.7295  data_time: 0.0073  lr: 5.0953e-06  max_mem: 13745M
[12/10 03:37:49 d2.utils.events]:  eta: 0:24:32  iter: 17979  total_loss: 0.02059  time: 0.7295  data_time: 0.0075  lr: 4.9968e-06  max_mem: 13745M
[12/10 03:38:03 d2.utils.events]:  eta: 0:24:18  iter: 17999  total_loss: 0.01953  time: 0.7295  data_time: 0.0076  lr: 4.8992e-06  max_mem: 13745M
[12/10 03:38:18 d2.utils.events]:  eta: 0:24:03  iter: 18019  total_loss: 0.0226  time: 0.7295  data_time: 0.0076  lr: 4.8025e-06  max_mem: 13745M
[12/10 03:38:33 d2.utils.events]:  eta: 0:23:49  iter: 18039  total_loss: 0.02103  time: 0.7295  data_time: 0.0074  lr: 4.7068e-06  max_mem: 13745M
[12/10 03:38:47 d2.utils.events]:  eta: 0:23:34  iter: 18059  total_loss: 0.02068  time: 0.7295  data_time: 0.0076  lr: 4.612e-06  max_mem: 13745M
[12/10 03:39:02 d2.utils.events]:  eta: 0:23:19  iter: 18079  total_loss: 0.02291  time: 0.7295  data_time: 0.0077  lr: 4.5182e-06  max_mem: 13745M
[12/10 03:39:16 d2.utils.events]:  eta: 0:23:05  iter: 18099  total_loss: 0.02147  time: 0.7295  data_time: 0.0075  lr: 4.4253e-06  max_mem: 13745M
[12/10 03:39:31 d2.utils.events]:  eta: 0:22:50  iter: 18119  total_loss: 0.01917  time: 0.7295  data_time: 0.0076  lr: 4.3334e-06  max_mem: 13745M
[12/10 03:39:46 d2.utils.events]:  eta: 0:22:36  iter: 18139  total_loss: 0.01999  time: 0.7295  data_time: 0.0076  lr: 4.2424e-06  max_mem: 13745M
[12/10 03:40:00 d2.utils.events]:  eta: 0:22:21  iter: 18159  total_loss: 0.02276  time: 0.7295  data_time: 0.0075  lr: 4.1523e-06  max_mem: 13745M
[12/10 03:40:15 d2.utils.events]:  eta: 0:22:07  iter: 18179  total_loss: 0.02071  time: 0.7295  data_time: 0.0078  lr: 4.0632e-06  max_mem: 13745M
[12/10 03:40:30 d2.utils.events]:  eta: 0:21:52  iter: 18199  total_loss: 0.02002  time: 0.7295  data_time: 0.0076  lr: 3.975e-06  max_mem: 13745M
[12/10 03:40:44 d2.utils.events]:  eta: 0:21:38  iter: 18219  total_loss: 0.02083  time: 0.7295  data_time: 0.0072  lr: 3.8878e-06  max_mem: 13745M
[12/10 03:40:59 d2.utils.events]:  eta: 0:21:23  iter: 18239  total_loss: 0.01931  time: 0.7295  data_time: 0.0077  lr: 3.8015e-06  max_mem: 13745M
[12/10 03:41:14 d2.utils.events]:  eta: 0:21:08  iter: 18259  total_loss: 0.0204  time: 0.7295  data_time: 0.0075  lr: 3.7162e-06  max_mem: 13745M
[12/10 03:41:28 d2.utils.events]:  eta: 0:20:54  iter: 18279  total_loss: 0.02369  time: 0.7295  data_time: 0.0077  lr: 3.6318e-06  max_mem: 13745M
[12/10 03:41:43 d2.utils.events]:  eta: 0:20:39  iter: 18299  total_loss: 0.01936  time: 0.7295  data_time: 0.0076  lr: 3.5484e-06  max_mem: 13745M
[12/10 03:41:58 d2.utils.events]:  eta: 0:20:25  iter: 18319  total_loss: 0.02205  time: 0.7295  data_time: 0.0079  lr: 3.4659e-06  max_mem: 13745M
[12/10 03:42:12 d2.utils.events]:  eta: 0:20:10  iter: 18339  total_loss: 0.02182  time: 0.7295  data_time: 0.0075  lr: 3.3844e-06  max_mem: 13745M
[12/10 03:42:27 d2.utils.events]:  eta: 0:19:56  iter: 18359  total_loss: 0.02137  time: 0.7295  data_time: 0.0077  lr: 3.3039e-06  max_mem: 13745M
[12/10 03:42:42 d2.utils.events]:  eta: 0:19:41  iter: 18379  total_loss: 0.02015  time: 0.7295  data_time: 0.0076  lr: 3.2242e-06  max_mem: 13745M
[12/10 03:42:56 d2.utils.events]:  eta: 0:19:26  iter: 18399  total_loss: 0.02117  time: 0.7295  data_time: 0.0078  lr: 3.1456e-06  max_mem: 13745M
[12/10 03:43:11 d2.utils.events]:  eta: 0:19:12  iter: 18419  total_loss: 0.01946  time: 0.7295  data_time: 0.0076  lr: 3.0679e-06  max_mem: 13745M
[12/10 03:43:26 d2.utils.events]:  eta: 0:18:57  iter: 18439  total_loss: 0.02085  time: 0.7295  data_time: 0.0079  lr: 2.9912e-06  max_mem: 13745M
[12/10 03:43:40 d2.utils.events]:  eta: 0:18:43  iter: 18459  total_loss: 0.02378  time: 0.7295  data_time: 0.0074  lr: 2.9154e-06  max_mem: 13745M
[12/10 03:43:55 d2.utils.events]:  eta: 0:18:28  iter: 18479  total_loss: 0.02065  time: 0.7295  data_time: 0.0079  lr: 2.8405e-06  max_mem: 13745M
[12/10 03:44:10 d2.utils.events]:  eta: 0:18:14  iter: 18499  total_loss: 0.02138  time: 0.7295  data_time: 0.0076  lr: 2.7667e-06  max_mem: 13745M
[12/10 03:44:24 d2.utils.events]:  eta: 0:17:59  iter: 18519  total_loss: 0.02015  time: 0.7295  data_time: 0.0076  lr: 2.6938e-06  max_mem: 13745M
[12/10 03:44:39 d2.utils.events]:  eta: 0:17:45  iter: 18539  total_loss: 0.02085  time: 0.7295  data_time: 0.0076  lr: 2.6218e-06  max_mem: 13745M
[12/10 03:44:54 d2.utils.events]:  eta: 0:17:30  iter: 18559  total_loss: 0.01891  time: 0.7295  data_time: 0.0074  lr: 2.5508e-06  max_mem: 13745M
[12/10 03:45:08 d2.utils.events]:  eta: 0:17:15  iter: 18579  total_loss: 0.01972  time: 0.7295  data_time: 0.0076  lr: 2.4808e-06  max_mem: 13745M
[12/10 03:45:23 d2.utils.events]:  eta: 0:17:01  iter: 18599  total_loss: 0.02047  time: 0.7295  data_time: 0.0079  lr: 2.4118e-06  max_mem: 13745M
[12/10 03:45:38 d2.utils.events]:  eta: 0:16:46  iter: 18619  total_loss: 0.02231  time: 0.7295  data_time: 0.0081  lr: 2.3437e-06  max_mem: 13745M
[12/10 03:45:53 d2.utils.events]:  eta: 0:16:32  iter: 18639  total_loss: 0.02236  time: 0.7295  data_time: 0.0078  lr: 2.2765e-06  max_mem: 13745M
[12/10 03:46:07 d2.utils.events]:  eta: 0:16:17  iter: 18659  total_loss: 0.02162  time: 0.7295  data_time: 0.0075  lr: 2.2103e-06  max_mem: 13745M
[12/10 03:46:22 d2.utils.events]:  eta: 0:16:03  iter: 18679  total_loss: 0.02095  time: 0.7295  data_time: 0.0076  lr: 2.1451e-06  max_mem: 13745M
[12/10 03:46:37 d2.utils.events]:  eta: 0:15:48  iter: 18699  total_loss: 0.02272  time: 0.7296  data_time: 0.0079  lr: 2.0809e-06  max_mem: 13745M
[12/10 03:46:52 d2.utils.events]:  eta: 0:15:34  iter: 18719  total_loss: 0.01938  time: 0.7296  data_time: 0.0078  lr: 2.0176e-06  max_mem: 13745M
[12/10 03:47:06 d2.utils.events]:  eta: 0:15:19  iter: 18739  total_loss: 0.02054  time: 0.7296  data_time: 0.0077  lr: 1.9553e-06  max_mem: 13745M
[12/10 03:47:21 d2.utils.events]:  eta: 0:15:04  iter: 18759  total_loss: 0.02043  time: 0.7296  data_time: 0.0077  lr: 1.894e-06  max_mem: 13745M
[12/10 03:47:36 d2.utils.events]:  eta: 0:14:50  iter: 18779  total_loss: 0.02014  time: 0.7296  data_time: 0.0078  lr: 1.8336e-06  max_mem: 13745M
[12/10 03:47:50 d2.utils.events]:  eta: 0:14:36  iter: 18799  total_loss: 0.02052  time: 0.7296  data_time: 0.0080  lr: 1.7742e-06  max_mem: 13745M
[12/10 03:48:05 d2.utils.events]:  eta: 0:14:21  iter: 18819  total_loss: 0.02235  time: 0.7296  data_time: 0.0077  lr: 1.7158e-06  max_mem: 13745M
[12/10 03:48:20 d2.utils.events]:  eta: 0:14:06  iter: 18839  total_loss: 0.02483  time: 0.7296  data_time: 0.0078  lr: 1.6583e-06  max_mem: 13745M
[12/10 03:48:35 d2.utils.events]:  eta: 0:13:52  iter: 18859  total_loss: 0.02053  time: 0.7296  data_time: 0.0073  lr: 1.6018e-06  max_mem: 13745M
[12/10 03:48:49 d2.utils.events]:  eta: 0:13:37  iter: 18879  total_loss: 0.02131  time: 0.7296  data_time: 0.0075  lr: 1.5463e-06  max_mem: 13745M
[12/10 03:49:04 d2.utils.events]:  eta: 0:13:22  iter: 18899  total_loss: 0.0207  time: 0.7296  data_time: 0.0073  lr: 1.4918e-06  max_mem: 13745M
[12/10 03:49:18 d2.utils.events]:  eta: 0:13:08  iter: 18919  total_loss: 0.02001  time: 0.7296  data_time: 0.0075  lr: 1.4382e-06  max_mem: 13745M
[12/10 03:49:33 d2.utils.events]:  eta: 0:12:53  iter: 18939  total_loss: 0.02063  time: 0.7296  data_time: 0.0079  lr: 1.3856e-06  max_mem: 13745M
[12/10 03:49:48 d2.utils.events]:  eta: 0:12:39  iter: 18959  total_loss: 0.01935  time: 0.7296  data_time: 0.0074  lr: 1.334e-06  max_mem: 13745M
[12/10 03:50:02 d2.utils.events]:  eta: 0:12:24  iter: 18979  total_loss: 0.02148  time: 0.7296  data_time: 0.0075  lr: 1.2833e-06  max_mem: 13745M
[12/10 03:50:17 d2.utils.events]:  eta: 0:12:10  iter: 18999  total_loss: 0.02242  time: 0.7296  data_time: 0.0078  lr: 1.2336e-06  max_mem: 13745M
[12/10 03:50:32 d2.utils.events]:  eta: 0:11:55  iter: 19019  total_loss: 0.02206  time: 0.7296  data_time: 0.0077  lr: 1.1849e-06  max_mem: 13745M
[12/10 03:50:46 d2.utils.events]:  eta: 0:11:40  iter: 19039  total_loss: 0.02092  time: 0.7296  data_time: 0.0079  lr: 1.1372e-06  max_mem: 13745M
[12/10 03:51:01 d2.utils.events]:  eta: 0:11:26  iter: 19059  total_loss: 0.0218  time: 0.7296  data_time: 0.0079  lr: 1.0904e-06  max_mem: 13745M
[12/10 03:51:16 d2.utils.events]:  eta: 0:11:11  iter: 19079  total_loss: 0.02268  time: 0.7296  data_time: 0.0076  lr: 1.0447e-06  max_mem: 13745M
[12/10 03:51:30 d2.utils.events]:  eta: 0:10:57  iter: 19099  total_loss: 0.0203  time: 0.7296  data_time: 0.0075  lr: 9.9985e-07  max_mem: 13745M
[12/10 03:51:45 d2.utils.events]:  eta: 0:10:42  iter: 19119  total_loss: 0.02236  time: 0.7296  data_time: 0.0079  lr: 9.5602e-07  max_mem: 13745M
[12/10 03:52:00 d2.utils.events]:  eta: 0:10:27  iter: 19139  total_loss: 0.02175  time: 0.7296  data_time: 0.0079  lr: 9.1317e-07  max_mem: 13745M
[12/10 03:52:14 d2.utils.events]:  eta: 0:10:13  iter: 19159  total_loss: 0.02193  time: 0.7296  data_time: 0.0074  lr: 8.713e-07  max_mem: 13745M
[12/10 03:52:29 d2.utils.events]:  eta: 0:09:58  iter: 19179  total_loss: 0.02281  time: 0.7296  data_time: 0.0073  lr: 8.3041e-07  max_mem: 13745M
[12/10 03:52:44 d2.utils.events]:  eta: 0:09:44  iter: 19199  total_loss: 0.02048  time: 0.7296  data_time: 0.0074  lr: 7.905e-07  max_mem: 13745M
[12/10 03:52:58 d2.utils.events]:  eta: 0:09:29  iter: 19219  total_loss: 0.0217  time: 0.7296  data_time: 0.0078  lr: 7.5157e-07  max_mem: 13745M
[12/10 03:53:13 d2.utils.events]:  eta: 0:09:14  iter: 19239  total_loss: 0.02333  time: 0.7296  data_time: 0.0075  lr: 7.1361e-07  max_mem: 13745M
[12/10 03:53:28 d2.utils.events]:  eta: 0:09:00  iter: 19259  total_loss: 0.02094  time: 0.7296  data_time: 0.0076  lr: 6.7664e-07  max_mem: 13745M
[12/10 03:53:42 d2.utils.events]:  eta: 0:08:45  iter: 19279  total_loss: 0.01936  time: 0.7296  data_time: 0.0078  lr: 6.4064e-07  max_mem: 13745M
[12/10 03:53:57 d2.utils.events]:  eta: 0:08:31  iter: 19299  total_loss: 0.02308  time: 0.7296  data_time: 0.0077  lr: 6.0563e-07  max_mem: 13745M
[12/10 03:54:12 d2.utils.events]:  eta: 0:08:16  iter: 19319  total_loss: 0.02071  time: 0.7296  data_time: 0.0077  lr: 5.716e-07  max_mem: 13745M
[12/10 03:54:26 d2.utils.events]:  eta: 0:08:02  iter: 19339  total_loss: 0.0217  time: 0.7296  data_time: 0.0075  lr: 5.3855e-07  max_mem: 13745M
[12/10 03:54:41 d2.utils.events]:  eta: 0:07:47  iter: 19359  total_loss: 0.02152  time: 0.7296  data_time: 0.0074  lr: 5.0648e-07  max_mem: 13745M
[12/10 03:54:56 d2.utils.events]:  eta: 0:07:32  iter: 19379  total_loss: 0.01801  time: 0.7296  data_time: 0.0074  lr: 4.7539e-07  max_mem: 13745M
[12/10 03:55:10 d2.utils.events]:  eta: 0:07:18  iter: 19399  total_loss: 0.02154  time: 0.7296  data_time: 0.0076  lr: 4.4528e-07  max_mem: 13745M
[12/10 03:55:25 d2.utils.events]:  eta: 0:07:03  iter: 19419  total_loss: 0.02154  time: 0.7296  data_time: 0.0076  lr: 4.1616e-07  max_mem: 13745M
[12/10 03:55:40 d2.utils.events]:  eta: 0:06:48  iter: 19439  total_loss: 0.02199  time: 0.7296  data_time: 0.0077  lr: 3.8802e-07  max_mem: 13745M
[12/10 03:55:54 d2.utils.events]:  eta: 0:06:34  iter: 19459  total_loss: 0.02552  time: 0.7296  data_time: 0.0074  lr: 3.6086e-07  max_mem: 13745M
[12/10 03:56:09 d2.utils.events]:  eta: 0:06:19  iter: 19479  total_loss: 0.02256  time: 0.7296  data_time: 0.0074  lr: 3.3469e-07  max_mem: 13745M
[12/10 03:56:24 d2.utils.events]:  eta: 0:06:05  iter: 19499  total_loss: 0.01889  time: 0.7296  data_time: 0.0074  lr: 3.095e-07  max_mem: 13745M
[12/10 03:56:38 d2.utils.events]:  eta: 0:05:50  iter: 19519  total_loss: 0.02186  time: 0.7296  data_time: 0.0076  lr: 2.8529e-07  max_mem: 13745M
[12/10 03:56:53 d2.utils.events]:  eta: 0:05:35  iter: 19539  total_loss: 0.02324  time: 0.7296  data_time: 0.0079  lr: 2.6207e-07  max_mem: 13745M
[12/10 03:57:08 d2.utils.events]:  eta: 0:05:21  iter: 19559  total_loss: 0.02182  time: 0.7296  data_time: 0.0078  lr: 2.3984e-07  max_mem: 13745M
[12/10 03:57:22 d2.utils.events]:  eta: 0:05:06  iter: 19579  total_loss: 0.0203  time: 0.7296  data_time: 0.0080  lr: 2.1858e-07  max_mem: 13745M
[12/10 03:57:37 d2.utils.events]:  eta: 0:04:52  iter: 19599  total_loss: 0.02173  time: 0.7296  data_time: 0.0077  lr: 1.9831e-07  max_mem: 13745M
[12/10 03:57:52 d2.utils.events]:  eta: 0:04:37  iter: 19619  total_loss: 0.02352  time: 0.7296  data_time: 0.0075  lr: 1.7903e-07  max_mem: 13745M
[12/10 03:58:07 d2.utils.events]:  eta: 0:04:22  iter: 19639  total_loss: 0.01795  time: 0.7296  data_time: 0.0074  lr: 1.6073e-07  max_mem: 13745M
[12/10 03:58:21 d2.utils.events]:  eta: 0:04:08  iter: 19659  total_loss: 0.02115  time: 0.7297  data_time: 0.0078  lr: 1.4342e-07  max_mem: 13745M
[12/10 03:58:36 d2.utils.events]:  eta: 0:03:53  iter: 19679  total_loss: 0.02189  time: 0.7297  data_time: 0.0078  lr: 1.2709e-07  max_mem: 13745M
[12/10 03:58:51 d2.utils.events]:  eta: 0:03:39  iter: 19699  total_loss: 0.01866  time: 0.7297  data_time: 0.0080  lr: 1.1175e-07  max_mem: 13745M
[12/10 03:59:05 d2.utils.events]:  eta: 0:03:24  iter: 19719  total_loss: 0.02137  time: 0.7297  data_time: 0.0076  lr: 9.7398e-08  max_mem: 13745M
[12/10 03:59:20 d2.utils.events]:  eta: 0:03:09  iter: 19739  total_loss: 0.02246  time: 0.7297  data_time: 0.0077  lr: 8.4029e-08  max_mem: 13745M
[12/10 03:59:35 d2.utils.events]:  eta: 0:02:55  iter: 19759  total_loss: 0.02143  time: 0.7297  data_time: 0.0077  lr: 7.1646e-08  max_mem: 13745M
[12/10 03:59:50 d2.utils.events]:  eta: 0:02:40  iter: 19779  total_loss: 0.02036  time: 0.7297  data_time: 0.0082  lr: 6.0249e-08  max_mem: 13745M
[12/10 04:00:04 d2.utils.events]:  eta: 0:02:26  iter: 19799  total_loss: 0.02033  time: 0.7297  data_time: 0.0077  lr: 4.9839e-08  max_mem: 13745M
[12/10 04:00:19 d2.utils.events]:  eta: 0:02:11  iter: 19819  total_loss: 0.02074  time: 0.7297  data_time: 0.0081  lr: 4.0415e-08  max_mem: 13745M
[12/10 04:00:34 d2.utils.events]:  eta: 0:01:56  iter: 19839  total_loss: 0.02301  time: 0.7297  data_time: 0.0079  lr: 3.1977e-08  max_mem: 13745M
[12/10 04:00:48 d2.utils.events]:  eta: 0:01:42  iter: 19859  total_loss: 0.02044  time: 0.7297  data_time: 0.0077  lr: 2.4526e-08  max_mem: 13745M
[12/10 04:01:03 d2.utils.events]:  eta: 0:01:27  iter: 19879  total_loss: 0.01995  time: 0.7297  data_time: 0.0076  lr: 1.8062e-08  max_mem: 13745M
[12/10 04:01:18 d2.utils.events]:  eta: 0:01:13  iter: 19899  total_loss: 0.02161  time: 0.7297  data_time: 0.0082  lr: 1.2585e-08  max_mem: 13745M
[12/10 04:01:32 d2.utils.events]:  eta: 0:00:58  iter: 19919  total_loss: 0.02052  time: 0.7297  data_time: 0.0077  lr: 8.0942e-09  max_mem: 13745M
[12/10 04:01:47 d2.utils.events]:  eta: 0:00:43  iter: 19939  total_loss: 0.02086  time: 0.7297  data_time: 0.0078  lr: 4.5906e-09  max_mem: 13745M
[12/10 04:02:02 d2.utils.events]:  eta: 0:00:29  iter: 19959  total_loss: 0.02319  time: 0.7297  data_time: 0.0076  lr: 2.0738e-09  max_mem: 13745M
[12/10 04:02:17 d2.utils.events]:  eta: 0:00:14  iter: 19979  total_loss: 0.02363  time: 0.7297  data_time: 0.0080  lr: 5.4406e-10  max_mem: 13745M
[12/10 04:02:31 fvcore.common.checkpoint]: Saving checkpoint to outputs/cs7_eva_L14_r448/model_0019999.pth
[12/10 04:02:33 fvcore.common.checkpoint]: Saving checkpoint to outputs/cs7_eva_L14_r448/model_final.pth
[12/10 04:02:36 d2.utils.events]:  eta: 0:00:00  iter: 19999  total_loss: 0.02124  time: 0.7297  data_time: 0.0078  lr: 1.2337e-12  max_mem: 13745M
[12/10 04:02:36 d2.engine.hooks]: Overall training speed: 19998 iterations in 4:03:12 (0.7297 s / it)
[12/10 04:02:36 d2.engine.hooks]: Total training time: 4:08:04 (0:04:51 on hooks)
[12/10 04:02:36 d2.data.dataset_mapper]: [DatasetMapper] Augmentations used in inference: [ResizeShortestEdge(short_edge_length=(448, 448), max_size=1008, sample_style='choice')]
[12/10 04:02:36 d2.data.common]: Serializing 500 elements to byte tensors and concatenating them all ...
[12/10 04:02:36 d2.data.common]: Serialized dataset takes 0.15 MiB
[12/10 04:02:36 d2.evaluation.evaluator]: Start inference on 500 batches
[12/10 04:02:43 d2.evaluation.evaluator]: Inference done 11/500. Dataloading: 0.0010 s/iter. Inference: 0.1466 s/iter. Eval: 0.2894 s/iter. Total: 0.4370 s/iter. ETA=0:03:33
[12/10 04:02:48 d2.evaluation.evaluator]: Inference done 23/500. Dataloading: 0.0015 s/iter. Inference: 0.1461 s/iter. Eval: 0.2919 s/iter. Total: 0.4396 s/iter. ETA=0:03:29
[12/10 04:02:53 d2.evaluation.evaluator]: Inference done 35/500. Dataloading: 0.0017 s/iter. Inference: 0.1465 s/iter. Eval: 0.2904 s/iter. Total: 0.4386 s/iter. ETA=0:03:23
[12/10 04:02:58 d2.evaluation.evaluator]: Inference done 46/500. Dataloading: 0.0018 s/iter. Inference: 0.1472 s/iter. Eval: 0.2943 s/iter. Total: 0.4433 s/iter. ETA=0:03:21
[12/10 04:03:04 d2.evaluation.evaluator]: Inference done 58/500. Dataloading: 0.0018 s/iter. Inference: 0.1475 s/iter. Eval: 0.2942 s/iter. Total: 0.4436 s/iter. ETA=0:03:16
[12/10 04:03:09 d2.evaluation.evaluator]: Inference done 70/500. Dataloading: 0.0019 s/iter. Inference: 0.1473 s/iter. Eval: 0.2948 s/iter. Total: 0.4441 s/iter. ETA=0:03:10
[12/10 04:03:14 d2.evaluation.evaluator]: Inference done 82/500. Dataloading: 0.0019 s/iter. Inference: 0.1471 s/iter. Eval: 0.2930 s/iter. Total: 0.4422 s/iter. ETA=0:03:04
[12/10 04:03:20 d2.evaluation.evaluator]: Inference done 94/500. Dataloading: 0.0019 s/iter. Inference: 0.1470 s/iter. Eval: 0.2925 s/iter. Total: 0.4416 s/iter. ETA=0:02:59
[12/10 04:03:25 d2.evaluation.evaluator]: Inference done 106/500. Dataloading: 0.0020 s/iter. Inference: 0.1472 s/iter. Eval: 0.2920 s/iter. Total: 0.4414 s/iter. ETA=0:02:53
[12/10 04:03:30 d2.evaluation.evaluator]: Inference done 118/500. Dataloading: 0.0020 s/iter. Inference: 0.1472 s/iter. Eval: 0.2913 s/iter. Total: 0.4406 s/iter. ETA=0:02:48
[12/10 04:03:36 d2.evaluation.evaluator]: Inference done 131/500. Dataloading: 0.0021 s/iter. Inference: 0.1472 s/iter. Eval: 0.2888 s/iter. Total: 0.4382 s/iter. ETA=0:02:41
[12/10 04:03:41 d2.evaluation.evaluator]: Inference done 143/500. Dataloading: 0.0021 s/iter. Inference: 0.1473 s/iter. Eval: 0.2879 s/iter. Total: 0.4374 s/iter. ETA=0:02:36
[12/10 04:03:46 d2.evaluation.evaluator]: Inference done 155/500. Dataloading: 0.0021 s/iter. Inference: 0.1472 s/iter. Eval: 0.2872 s/iter. Total: 0.4366 s/iter. ETA=0:02:30
[12/10 04:03:51 d2.evaluation.evaluator]: Inference done 167/500. Dataloading: 0.0021 s/iter. Inference: 0.1472 s/iter. Eval: 0.2858 s/iter. Total: 0.4353 s/iter. ETA=0:02:24
[12/10 04:03:56 d2.evaluation.evaluator]: Inference done 179/500. Dataloading: 0.0021 s/iter. Inference: 0.1472 s/iter. Eval: 0.2851 s/iter. Total: 0.4345 s/iter. ETA=0:02:19
[12/10 04:04:01 d2.evaluation.evaluator]: Inference done 191/500. Dataloading: 0.0021 s/iter. Inference: 0.1472 s/iter. Eval: 0.2846 s/iter. Total: 0.4340 s/iter. ETA=0:02:14
[12/10 04:04:06 d2.evaluation.evaluator]: Inference done 203/500. Dataloading: 0.0021 s/iter. Inference: 0.1472 s/iter. Eval: 0.2845 s/iter. Total: 0.4339 s/iter. ETA=0:02:08
[12/10 04:04:11 d2.evaluation.evaluator]: Inference done 215/500. Dataloading: 0.0021 s/iter. Inference: 0.1472 s/iter. Eval: 0.2841 s/iter. Total: 0.4336 s/iter. ETA=0:02:03
[12/10 04:04:17 d2.evaluation.evaluator]: Inference done 227/500. Dataloading: 0.0021 s/iter. Inference: 0.1474 s/iter. Eval: 0.2843 s/iter. Total: 0.4339 s/iter. ETA=0:01:58
[12/10 04:04:22 d2.evaluation.evaluator]: Inference done 239/500. Dataloading: 0.0021 s/iter. Inference: 0.1474 s/iter. Eval: 0.2851 s/iter. Total: 0.4348 s/iter. ETA=0:01:53
[12/10 04:04:27 d2.evaluation.evaluator]: Inference done 251/500. Dataloading: 0.0021 s/iter. Inference: 0.1475 s/iter. Eval: 0.2845 s/iter. Total: 0.4342 s/iter. ETA=0:01:48
[12/10 04:04:32 d2.evaluation.evaluator]: Inference done 263/500. Dataloading: 0.0021 s/iter. Inference: 0.1475 s/iter. Eval: 0.2845 s/iter. Total: 0.4342 s/iter. ETA=0:01:42
[12/10 04:04:37 d2.evaluation.evaluator]: Inference done 275/500. Dataloading: 0.0021 s/iter. Inference: 0.1474 s/iter. Eval: 0.2838 s/iter. Total: 0.4335 s/iter. ETA=0:01:37
[12/10 04:04:43 d2.evaluation.evaluator]: Inference done 288/500. Dataloading: 0.0021 s/iter. Inference: 0.1475 s/iter. Eval: 0.2827 s/iter. Total: 0.4324 s/iter. ETA=0:01:31
[12/10 04:04:48 d2.evaluation.evaluator]: Inference done 301/500. Dataloading: 0.0021 s/iter. Inference: 0.1475 s/iter. Eval: 0.2811 s/iter. Total: 0.4309 s/iter. ETA=0:01:25
[12/10 04:04:53 d2.evaluation.evaluator]: Inference done 314/500. Dataloading: 0.0022 s/iter. Inference: 0.1475 s/iter. Eval: 0.2795 s/iter. Total: 0.4293 s/iter. ETA=0:01:19
[12/10 04:04:58 d2.evaluation.evaluator]: Inference done 327/500. Dataloading: 0.0022 s/iter. Inference: 0.1474 s/iter. Eval: 0.2780 s/iter. Total: 0.4277 s/iter. ETA=0:01:13
[12/10 04:05:03 d2.evaluation.evaluator]: Inference done 340/500. Dataloading: 0.0021 s/iter. Inference: 0.1474 s/iter. Eval: 0.2770 s/iter. Total: 0.4266 s/iter. ETA=0:01:08
[12/10 04:05:08 d2.evaluation.evaluator]: Inference done 353/500. Dataloading: 0.0022 s/iter. Inference: 0.1474 s/iter. Eval: 0.2762 s/iter. Total: 0.4258 s/iter. ETA=0:01:02
[12/10 04:05:14 d2.evaluation.evaluator]: Inference done 366/500. Dataloading: 0.0022 s/iter. Inference: 0.1474 s/iter. Eval: 0.2758 s/iter. Total: 0.4255 s/iter. ETA=0:00:57
[12/10 04:05:19 d2.evaluation.evaluator]: Inference done 378/500. Dataloading: 0.0022 s/iter. Inference: 0.1475 s/iter. Eval: 0.2762 s/iter. Total: 0.4259 s/iter. ETA=0:00:51
[12/10 04:05:24 d2.evaluation.evaluator]: Inference done 390/500. Dataloading: 0.0022 s/iter. Inference: 0.1475 s/iter. Eval: 0.2763 s/iter. Total: 0.4260 s/iter. ETA=0:00:46
[12/10 04:05:30 d2.evaluation.evaluator]: Inference done 403/500. Dataloading: 0.0022 s/iter. Inference: 0.1475 s/iter. Eval: 0.2759 s/iter. Total: 0.4256 s/iter. ETA=0:00:41
[12/10 04:05:35 d2.evaluation.evaluator]: Inference done 416/500. Dataloading: 0.0022 s/iter. Inference: 0.1475 s/iter. Eval: 0.2753 s/iter. Total: 0.4251 s/iter. ETA=0:00:35
[12/10 04:05:40 d2.evaluation.evaluator]: Inference done 428/500. Dataloading: 0.0022 s/iter. Inference: 0.1475 s/iter. Eval: 0.2755 s/iter. Total: 0.4253 s/iter. ETA=0:00:30
[12/10 04:05:45 d2.evaluation.evaluator]: Inference done 440/500. Dataloading: 0.0022 s/iter. Inference: 0.1475 s/iter. Eval: 0.2755 s/iter. Total: 0.4253 s/iter. ETA=0:00:25
[12/10 04:05:51 d2.evaluation.evaluator]: Inference done 453/500. Dataloading: 0.0022 s/iter. Inference: 0.1474 s/iter. Eval: 0.2754 s/iter. Total: 0.4251 s/iter. ETA=0:00:19
[12/10 04:05:56 d2.evaluation.evaluator]: Inference done 465/500. Dataloading: 0.0022 s/iter. Inference: 0.1475 s/iter. Eval: 0.2755 s/iter. Total: 0.4252 s/iter. ETA=0:00:14
[12/10 04:06:01 d2.evaluation.evaluator]: Inference done 478/500. Dataloading: 0.0022 s/iter. Inference: 0.1475 s/iter. Eval: 0.2750 s/iter. Total: 0.4247 s/iter. ETA=0:00:09
[12/10 04:06:06 d2.evaluation.evaluator]: Inference done 490/500. Dataloading: 0.0022 s/iter. Inference: 0.1475 s/iter. Eval: 0.2752 s/iter. Total: 0.4250 s/iter. ETA=0:00:04
[12/10 04:06:11 d2.evaluation.evaluator]: Total inference time: 0:03:30.475825 (0.425204 s / iter per device, on 1 devices)
[12/10 04:06:11 d2.evaluation.evaluator]: Total inference pure compute time: 0:01:12 (0.147463 s / iter per device, on 1 devices)
[12/10 04:06:11 d2.evaluation.sem_seg_evaluation]: OrderedDict([('sem_seg', {'mIoU': 59.46116687469116, 'fwIoU': 89.60857414668529, 'IoU-road': 97.69003493439907, 'IoU-sidewalk': 80.90631568483059, 'IoU-building': 91.23960008072464, 'IoU-wall': 54.78789130692028, 'IoU-fence': 50.51677650476876, 'IoU-pole': 29.929335133922496, 'IoU-traffic light': 39.155690178578574, 'IoU-traffic sign': 52.548873291515974, 'IoU-vegetation': 89.3574588412717, 'IoU-terrain': 5.89692167857563, 'IoU-sky': 93.92692003494561, 'IoU-person': 76.45153672497072, 'IoU-rider': 7.2400138127121805, 'IoU-car': 93.6882739646547, 'IoU-truck': 80.24035451341116, 'IoU-bus': 67.39327547294674, 'IoU-train': 0.8591078804274219, 'IoU-motorcycle': 57.55485085357749, 'IoU-bicycle': 60.37893972597858, 'mACC': 69.18119412977896, 'pACC': 94.25332108760823, 'ACC-road': 98.72092712640764, 'ACC-sidewalk': 92.5685075520186, 'ACC-building': 96.04323852646391, 'ACC-wall': 59.03854709286149, 'ACC-fence': 74.34740140340584, 'ACC-pole': 32.50614661794097, 'ACC-traffic light': 51.266798477812834, 'ACC-traffic sign': 64.30824153730613, 'ACC-vegetation': 97.07945037359436, 'ACC-terrain': 5.902390903465501, 'ACC-sky': 97.60950534276292, 'ACC-person': 89.22593824666733, 'ACC-rider': 7.373399108773572, 'ACC-car': 97.76728173964095, 'ACC-truck': 93.3625487789504, 'ACC-bus': 90.86155140249325, 'ACC-train': 0.9527565693398828, 'ACC-motorcycle': 82.09578948812577, 'ACC-bicycle': 83.41226817776885})])
[12/10 04:06:11 d2.engine.defaults]: Evaluation results for cityscapes19_val in csv format:
[12/10 04:06:11 d2.evaluation.testing]: copypaste: Task: sem_seg
[12/10 04:06:11 d2.evaluation.testing]: copypaste: mIoU,fwIoU,mACC,pACC
[12/10 04:06:11 d2.evaluation.testing]: copypaste: 59.4612,89.6086,69.1812,94.2533
/data/zd/TTA_VLM/S2_Corr/train_net.py:16: FutureWarning: In the future `np.bool` will be defined as the corresponding NumPy scalar.
  if not hasattr(np, _name):
/data/zd/TTA_VLM/S2_Corr/train_net.py:16: FutureWarning: In the future `np.object` will be defined as the corresponding NumPy scalar.
  if not hasattr(np, _name):
/data/zd/TTA_VLM/S2_Corr/train_net.py:18: FutureWarning: In the future `np.long` will be defined as the corresponding NumPy scalar.
  if not hasattr(np, "long"):
/data2/anaconda3/envs/DeCLIP_CATSeg/lib/python3.10/site-packages/torchvision/datapoints/__init__.py:12: UserWarning: The torchvision.datapoints and torchvision.transforms.v2 namespaces are still Beta. While we do not expect major breaking changes, some APIs may still change according to user feedback. Please submit any feedback you may have in this issue: https://github.com/pytorch/vision/issues/6753, and you can also check out https://github.com/pytorch/vision/issues/7319 to learn more about the APIs that we suspect might involve future changes. You can silence this warning by calling torchvision.disable_beta_transforms_warning().
  warnings.warn(_BETA_TRANSFORMS_WARNING)
/data2/anaconda3/envs/DeCLIP_CATSeg/lib/python3.10/site-packages/torchvision/transforms/v2/__init__.py:54: UserWarning: The torchvision.datapoints and torchvision.transforms.v2 namespaces are still Beta. While we do not expect major breaking changes, some APIs may still change according to user feedback. Please submit any feedback you may have in this issue: https://github.com/pytorch/vision/issues/6753, and you can also check out https://github.com/pytorch/vision/issues/7319 to learn more about the APIs that we suspect might involve future changes. You can silence this warning by calling torchvision.disable_beta_transforms_warning().
  warnings.warn(_BETA_TRANSFORMS_WARNING)
Please 'pip install apex'
Command Line Args: Namespace(config_file='configs/cs7_catseg_vitl.yaml', resume=False, eval_only=True, num_gpus=1, num_machines=1, machine_rank=0, dist_url='auto', opts=['OUTPUT_DIR', 'outputs/cs7_eva_L14_r448//eval', 'MODEL.SEM_SEG_HEAD.TEST_CLASS_JSON', 'datasets/cityscapes_19.json', 'MODEL.SEM_SEG_HEAD.ENABLE_HIGH_RES', 'False', 'DATASETS.TEST', '("cityscapes19_val",)', 'TEST.SLIDING_WINDOW', 'True', 'MODEL.SEM_SEG_HEAD.POOLING_SIZES', '[1,1]', 'MODEL.WEIGHTS', 'outputs/cs7_eva_L14_r448//model_0019999.pth'])
[12/10 04:06:16 detectron2]: Rank of current process: 0. World size: 1
[12/10 04:06:17 detectron2]: Environment info:
----------------------  ------------------------------------------------------------------------------------------
sys.platform            linux
Python                  3.10.0 (default, Mar  3 2022, 09:58:08) [GCC 7.5.0]
numpy                   1.26.4
detectron2              0.6 @/data2/anaconda3/envs/DeCLIP_CATSeg/lib/python3.10/site-packages/detectron2
Compiler                GCC 7.5
CUDA compiler           CUDA 11.6
detectron2 arch flags   8.0
DETECTRON2_ENV_MODULE   <not set>
PyTorch                 2.0.0+cu117 @/data2/anaconda3/envs/DeCLIP_CATSeg/lib/python3.10/site-packages/torch
PyTorch debug build     False
GPU available           Yes
GPU 0                   GeForce RTX 3090 (arch=8.6)
Driver version          460.84
CUDA_HOME               /usr/local/cuda-11.6
TORCH_CUDA_ARCH_LIST    8.0
Pillow                  9.1.0
torchvision             0.15.1+cu117 @/data2/anaconda3/envs/DeCLIP_CATSeg/lib/python3.10/site-packages/torchvision
torchvision arch flags  3.5, 5.0, 6.0, 7.0, 7.5, 8.0, 8.6
fvcore                  0.1.5.post20221221
iopath                  0.1.9
cv2                     4.11.0
----------------------  ------------------------------------------------------------------------------------------
PyTorch built with:
  - GCC 9.3
  - C++ Version: 201703
  - Intel(R) oneAPI Math Kernel Library Version 2022.2-Product Build 20220804 for Intel(R) 64 architecture applications
  - Intel(R) MKL-DNN v2.7.3 (Git Hash 6dbeffbae1f23cbbeae17adb7b5b13f1f37c080e)
  - OpenMP 201511 (a.k.a. OpenMP 4.5)
  - LAPACK is enabled (usually provided by MKL)
  - NNPACK is enabled
  - CPU capability usage: AVX2
  - CUDA Runtime 11.7
  - NVCC architecture flags: -gencode;arch=compute_37,code=sm_37;-gencode;arch=compute_50,code=sm_50;-gencode;arch=compute_60,code=sm_60;-gencode;arch=compute_70,code=sm_70;-gencode;arch=compute_75,code=sm_75;-gencode;arch=compute_80,code=sm_80;-gencode;arch=compute_86,code=sm_86
  - CuDNN 8.5
  - Magma 2.6.1
  - Build settings: BLAS_INFO=mkl, BUILD_TYPE=Release, CUDA_VERSION=11.7, CUDNN_VERSION=8.5.0, CXX_COMPILER=/opt/rh/devtoolset-9/root/usr/bin/c++, CXX_FLAGS= -D_GLIBCXX_USE_CXX11_ABI=0 -fabi-version=11 -Wno-deprecated -fvisibility-inlines-hidden -DUSE_PTHREADPOOL -DNDEBUG -DUSE_KINETO -DLIBKINETO_NOROCTRACER -DUSE_FBGEMM -DUSE_QNNPACK -DUSE_PYTORCH_QNNPACK -DUSE_XNNPACK -DSYMBOLICATE_MOBILE_DEBUG_HANDLE -O2 -fPIC -Wall -Wextra -Werror=return-type -Werror=non-virtual-dtor -Werror=bool-operation -Wnarrowing -Wno-missing-field-initializers -Wno-type-limits -Wno-array-bounds -Wno-unknown-pragmas -Wunused-local-typedefs -Wno-unused-parameter -Wno-unused-function -Wno-unused-result -Wno-strict-overflow -Wno-strict-aliasing -Wno-error=deprecated-declarations -Wno-stringop-overflow -Wno-psabi -Wno-error=pedantic -Wno-error=redundant-decls -Wno-error=old-style-cast -fdiagnostics-color=always -faligned-new -Wno-unused-but-set-variable -Wno-maybe-uninitialized -fno-math-errno -fno-trapping-math -Werror=format -Werror=cast-function-type -Wno-stringop-overflow, LAPACK_INFO=mkl, PERF_WITH_AVX=1, PERF_WITH_AVX2=1, PERF_WITH_AVX512=1, TORCH_DISABLE_GPU_ASSERTS=ON, TORCH_VERSION=2.0.0, USE_CUDA=ON, USE_CUDNN=ON, USE_EXCEPTION_PTR=1, USE_GFLAGS=OFF, USE_GLOG=OFF, USE_MKL=ON, USE_MKLDNN=ON, USE_MPI=OFF, USE_NCCL=1, USE_NNPACK=ON, USE_OPENMP=ON, USE_ROCM=OFF, 

[12/10 04:06:17 detectron2]: Command line arguments: Namespace(config_file='configs/cs7_catseg_vitl.yaml', resume=False, eval_only=True, num_gpus=1, num_machines=1, machine_rank=0, dist_url='auto', opts=['OUTPUT_DIR', 'outputs/cs7_eva_L14_r448//eval', 'MODEL.SEM_SEG_HEAD.TEST_CLASS_JSON', 'datasets/cityscapes_19.json', 'MODEL.SEM_SEG_HEAD.ENABLE_HIGH_RES', 'False', 'DATASETS.TEST', '("cityscapes19_val",)', 'TEST.SLIDING_WINDOW', 'True', 'MODEL.SEM_SEG_HEAD.POOLING_SIZES', '[1,1]', 'MODEL.WEIGHTS', 'outputs/cs7_eva_L14_r448//model_0019999.pth'])
[12/10 04:06:17 detectron2]: Contents of args.config_file=configs/cs7_catseg_vitl.yaml:
_BASE_: config.yaml
DATASETS:
  TRAIN: ("cityscapes7_train",)
  TEST:  ("cityscapes19_val",)
MODEL:
  META_ARCHITECTURE: "CATSeg"
  PIXEL_MEAN: [123.675, 116.280, 103.530]
  PIXEL_STD: [58.395, 57.120, 57.375]
  SEM_SEG_HEAD:
    NAME: "CATSegHead"
    IN_FEATURES: ["res2", "res3", "res4"]
    IGNORE_VALUE: 255
    NUM_CLASSES: 19
    TRAIN_CLASS_JSON: "datasets/cityscapes_seen_7.json"
    TEST_CLASS_JSON:  "datasets/cityscapes_19.json"
    CLIP_PRETRAINED: "EVA02-CLIP-L-14-336"
    PROMPT_DEPTH: 0
    PROMPT_LENGTH: 0
    TEXT_GUIDANCE_DIM: 768
    TEXT_GUIDANCE_PROJ_DIM: 128
    APPEARANCE_GUIDANCE_DIM: 768
    APPEARANCE_GUIDANCE_PROJ_DIM: 128
    DECODER_DIMS: [64, 32]
    DECODER_GUIDANCE_DIMS: [256, 128]
    DECODER_GUIDANCE_PROJ_DIMS: [32, 16]
    NUM_LAYERS: 1
    NUM_HEADS: 4
    HIDDEN_DIMS: 128
    POOLING_SIZES: [ 1, 1 ]
    FEATURE_RESOLUTION: [32, 32]
    WINDOW_SIZES: 16
    ATTENTION_TYPE: "linear"
    CLIP_FINETUNE: "attention"
    CACHE_DIR: "/data/zd/TTA_VLM/pretrain/EVA02_CLIP_L_336_psz14_s6B.pt"
  PROMPT_ENSEMBLE_TYPE: "multi_domain"
INPUT:
  MIN_SIZE_TRAIN: (448, 640)
  MIN_SIZE_TRAIN_SAMPLING: "choice"
  MAX_SIZE_TRAIN: 1344
  MIN_SIZE_TEST: 448
  MAX_SIZE_TEST: 1008
  CROP:
    ENABLED: True
    TYPE: "absolute"
    SIZE: (448, 448)
  SIZE_DIVISIBILITY: 14
  FORMAT: "RGB"
  DATASET_MAPPER_NAME: "mask_former_semantic"
SOLVER:
  IMS_PER_BATCH: 4
  LR_SCHEDULER_NAME: "WarmupCosineLR"
  BASE_LR: 0.0002
  MAX_ITER: 20000
  BACKBONE_MULTIPLIER: 0.0
  CLIP_MULTIPLIER: 0.01
TEST:
  EVAL_PERIOD: 10000
  SLIDING_WINDOW: True
  SW_KERNEL: 448
  SW_OVERLAP: 0.333
  SW_OUT_RES: [448, 896]
  

[12/10 04:06:17 detectron2]: Running with full config:
CUDNN_BENCHMARK: true
DATALOADER:
  ASPECT_RATIO_GROUPING: true
  FILTER_EMPTY_ANNOTATIONS: true
  NUM_WORKERS: 8
  REPEAT_THRESHOLD: 0.0
  SAMPLER_TRAIN: TrainingSampler
DATASETS:
  PRECOMPUTED_PROPOSAL_TOPK_TEST: 1000
  PRECOMPUTED_PROPOSAL_TOPK_TRAIN: 2000
  PROPOSAL_FILES_TEST: []
  PROPOSAL_FILES_TRAIN: []
  TEST:
  - cityscapes19_val
  TRAIN:
  - cityscapes7_train
  VAL_ALL:
  - coco_2017_val_all_stuff_sem_seg
DDP:
  BROADCAST_BUFFERS: false
  FIND_UNUSED_PARAMETERS: true
GLOBAL:
  HACK: 1.0
INPUT:
  COLOR_AUG_SSD: true
  CROP:
    ENABLED: true
    SINGLE_CATEGORY_MAX_AREA: 1.0
    SIZE:
    - 448
    - 448
    TYPE: absolute
  DATASET_MAPPER_NAME: mask_former_semantic
  FORMAT: RGB
  MASK_FORMAT: polygon
  MAX_SIZE_TEST: 1008
  MAX_SIZE_TRAIN: 1344
  MIN_SIZE_TEST: 448
  MIN_SIZE_TRAIN:
  - 448
  - 640
  MIN_SIZE_TRAIN_SAMPLING: choice
  RANDOM_FLIP: horizontal
  SIZE_DIVISIBILITY: 14
MODEL:
  ANCHOR_GENERATOR:
    ANGLES:
    - - -90
      - 0
      - 90
    ASPECT_RATIOS:
    - - 0.5
      - 1.0
      - 2.0
    NAME: DefaultAnchorGenerator
    OFFSET: 0.0
    SIZES:
    - - 32
      - 64
      - 128
      - 256
      - 512
  BACKBONE:
    FREEZE_AT: 2
    NAME: build_resnet_backbone
  CLIP_PIXEL_MEAN:
  - 122.7709383
  - 116.7460125
  - 104.09373615
  CLIP_PIXEL_STD:
  - 68.5005327
  - 66.6321579
  - 70.323163
  DEVICE: cuda
  FPN:
    FUSE_TYPE: sum
    IN_FEATURES: []
    NORM: ''
    OUT_CHANNELS: 256
  KEYPOINT_ON: false
  LOAD_PROPOSALS: false
  MASK_FORMER:
    SIZE_DIVISIBILITY: 32
  MASK_ON: false
  META_ARCHITECTURE: CATSeg
  PANOPTIC_FPN:
    COMBINE:
      ENABLED: true
      INSTANCES_CONFIDENCE_THRESH: 0.5
      OVERLAP_THRESH: 0.5
      STUFF_AREA_LIMIT: 4096
    INSTANCE_LOSS_WEIGHT: 1.0
  PIXEL_MEAN:
  - 123.675
  - 116.28
  - 103.53
  PIXEL_STD:
  - 58.395
  - 57.12
  - 57.375
  PROMPT_ENSEMBLE: false
  PROMPT_ENSEMBLE_TYPE: multi_domain
  PROPOSAL_GENERATOR:
    MIN_SIZE: 0
    NAME: RPN
  RESNETS:
    DEFORM_MODULATED: false
    DEFORM_NUM_GROUPS: 1
    DEFORM_ON_PER_STAGE:
    - false
    - false
    - false
    - false
    DEPTH: 50
    NORM: FrozenBN
    NUM_GROUPS: 1
    OUT_FEATURES:
    - res4
    RES2_OUT_CHANNELS: 256
    RES4_DILATION: 1
    RES5_DILATION: 1
    RES5_MULTI_GRID:
    - 1
    - 2
    - 4
    STEM_OUT_CHANNELS: 64
    STEM_TYPE: deeplab
    STRIDE_IN_1X1: true
    WIDTH_PER_GROUP: 64
  RETINANET:
    BBOX_REG_LOSS_TYPE: smooth_l1
    BBOX_REG_WEIGHTS: &id002
    - 1.0
    - 1.0
    - 1.0
    - 1.0
    FOCAL_LOSS_ALPHA: 0.25
    FOCAL_LOSS_GAMMA: 2.0
    IN_FEATURES:
    - p3
    - p4
    - p5
    - p6
    - p7
    IOU_LABELS:
    - 0
    - -1
    - 1
    IOU_THRESHOLDS:
    - 0.4
    - 0.5
    NMS_THRESH_TEST: 0.5
    NORM: ''
    NUM_CLASSES: 80
    NUM_CONVS: 4
    PRIOR_PROB: 0.01
    SCORE_THRESH_TEST: 0.05
    SMOOTH_L1_LOSS_BETA: 0.1
    TOPK_CANDIDATES_TEST: 1000
  ROI_BOX_CASCADE_HEAD:
    BBOX_REG_WEIGHTS:
    - &id001
      - 10.0
      - 10.0
      - 5.0
      - 5.0
    - - 20.0
      - 20.0
      - 10.0
      - 10.0
    - - 30.0
      - 30.0
      - 15.0
      - 15.0
    IOUS:
    - 0.5
    - 0.6
    - 0.7
  ROI_BOX_HEAD:
    BBOX_REG_LOSS_TYPE: smooth_l1
    BBOX_REG_LOSS_WEIGHT: 1.0
    BBOX_REG_WEIGHTS: *id001
    CLS_AGNOSTIC_BBOX_REG: false
    CONV_DIM: 256
    FC_DIM: 1024
    NAME: ''
    NORM: ''
    NUM_CONV: 0
    NUM_FC: 0
    POOLER_RESOLUTION: 14
    POOLER_SAMPLING_RATIO: 0
    POOLER_TYPE: ROIAlignV2
    SMOOTH_L1_BETA: 0.0
    TRAIN_ON_PRED_BOXES: false
  ROI_HEADS:
    BATCH_SIZE_PER_IMAGE: 512
    IN_FEATURES:
    - res4
    IOU_LABELS:
    - 0
    - 1
    IOU_THRESHOLDS:
    - 0.5
    NAME: Res5ROIHeads
    NMS_THRESH_TEST: 0.5
    NUM_CLASSES: 80
    POSITIVE_FRACTION: 0.25
    PROPOSAL_APPEND_GT: true
    SCORE_THRESH_TEST: 0.05
  ROI_KEYPOINT_HEAD:
    CONV_DIMS:
    - 512
    - 512
    - 512
    - 512
    - 512
    - 512
    - 512
    - 512
    LOSS_WEIGHT: 1.0
    MIN_KEYPOINTS_PER_IMAGE: 1
    NAME: KRCNNConvDeconvUpsampleHead
    NORMALIZE_LOSS_BY_VISIBLE_KEYPOINTS: true
    NUM_KEYPOINTS: 17
    POOLER_RESOLUTION: 14
    POOLER_SAMPLING_RATIO: 0
    POOLER_TYPE: ROIAlignV2
  ROI_MASK_HEAD:
    CLS_AGNOSTIC_MASK: false
    CONV_DIM: 256
    NAME: MaskRCNNConvUpsampleHead
    NORM: ''
    NUM_CONV: 0
    POOLER_RESOLUTION: 14
    POOLER_SAMPLING_RATIO: 0
    POOLER_TYPE: ROIAlignV2
  RPN:
    BATCH_SIZE_PER_IMAGE: 256
    BBOX_REG_LOSS_TYPE: smooth_l1
    BBOX_REG_LOSS_WEIGHT: 1.0
    BBOX_REG_WEIGHTS: *id002
    BOUNDARY_THRESH: -1
    CONV_DIMS:
    - -1
    HEAD_NAME: StandardRPNHead
    IN_FEATURES:
    - res4
    IOU_LABELS:
    - 0
    - -1
    - 1
    IOU_THRESHOLDS:
    - 0.3
    - 0.7
    LOSS_WEIGHT: 1.0
    NMS_THRESH: 0.7
    POSITIVE_FRACTION: 0.5
    POST_NMS_TOPK_TEST: 1000
    POST_NMS_TOPK_TRAIN: 2000
    PRE_NMS_TOPK_TEST: 6000
    PRE_NMS_TOPK_TRAIN: 12000
    SMOOTH_L1_BETA: 0.0
  SEM_SEG_HEAD:
    APPEARANCE_GUIDANCE_DIM: 768
    APPEARANCE_GUIDANCE_PROJ_DIM: 128
    ASPP_CHANNELS: 256
    ASPP_DILATIONS:
    - 6
    - 12
    - 18
    ASPP_DROPOUT: 0.1
    ATTENTION_TYPE: linear
    CACHE_DIR: /data/zd/TTA_VLM/pretrain/EVA02_CLIP_L_336_psz14_s6B.pt
    CLIP_FINETUNE: attention
    CLIP_PRETRAINED: EVA02-CLIP-L-14-336
    COMMON_STRIDE: 4
    CONVS_DIM: 128
    DECODER_DIMS:
    - 64
    - 32
    DECODER_GUIDANCE_DIMS:
    - 256
    - 128
    DECODER_GUIDANCE_PROJ_DIMS:
    - 32
    - 16
    ENABLE_HIGH_RES: false
    FEATURE_RESOLUTION:
    - 32
    - 32
    HIDDEN_DIMS: 128
    IGNORE_VALUE: 255
    IN_FEATURES:
    - res2
    - res3
    - res4
    LOSS_TYPE: hard_pixel_mining
    LOSS_WEIGHT: 1.0
    NAME: CATSegHead
    NORM: GN
    NUM_CLASSES: 19
    NUM_HEADS: 4
    NUM_LAYERS: 1
    POOLING_SIZES:
    - 1
    - 1
    PROJECT_CHANNELS:
    - 48
    PROJECT_FEATURES:
    - res2
    PROMPT_DEPTH: 0
    PROMPT_LENGTH: 0
    TEST_CLASS_INDEXES: datasets/coco/coco_stuff/split/unseen_indexes.json
    TEST_CLASS_JSON: datasets/cityscapes_19.json
    TEXT_GUIDANCE_DIM: 768
    TEXT_GUIDANCE_PROJ_DIM: 128
    TRAIN_CLASS_INDEXES: datasets/coco/coco_stuff/split/seen_indexes.json
    TRAIN_CLASS_JSON: datasets/cityscapes_seen_7.json
    USE_DEPTHWISE_SEPARABLE_CONV: false
    WINDOW_SIZES: 16
  SWIN:
    APE: false
    ATTN_DROP_RATE: 0.0
    DEPTHS:
    - 2
    - 2
    - 6
    - 2
    DROP_PATH_RATE: 0.3
    DROP_RATE: 0.0
    EMBED_DIM: 96
    MLP_RATIO: 4.0
    NUM_HEADS:
    - 3
    - 6
    - 12
    - 24
    OUT_FEATURES:
    - res2
    - res3
    - res4
    - res5
    PATCH_NORM: true
    PATCH_SIZE: 4
    PRETRAIN_IMG_SIZE: 224
    QKV_BIAS: true
    QK_SCALE: null
    WINDOW_SIZE: 7
  WEIGHTS: outputs/cs7_eva_L14_r448//model_0019999.pth
OUTPUT_DIR: outputs/cs7_eva_L14_r448//eval
SEED: -1
SOLVER:
  AMP:
    ENABLED: false
  BACKBONE_MULTIPLIER: 0.0
  BASE_LR: 0.0002
  BIAS_LR_FACTOR: 1.0
  CHECKPOINT_PERIOD: 5000
  CLIP_GRADIENTS:
    CLIP_TYPE: full_model
    CLIP_VALUE: 0.01
    ENABLED: true
    NORM_TYPE: 2.0
  CLIP_MULTIPLIER: 0.01
  GAMMA: 0.1
  IMS_PER_BATCH: 4
  LR_SCHEDULER_NAME: WarmupCosineLR
  MAX_ITER: 20000
  MOMENTUM: 0.9
  NESTEROV: false
  OPTIMIZER: ADAMW
  POLY_LR_CONSTANT_ENDING: 0.0
  POLY_LR_POWER: 0.9
  REFERENCE_WORLD_SIZE: 0
  STEPS:
  - 30000
  WARMUP_FACTOR: 1.0
  WARMUP_ITERS: 0
  WARMUP_METHOD: linear
  WEIGHT_DECAY: 0.0001
  WEIGHT_DECAY_BIAS: null
  WEIGHT_DECAY_EMBED: 0.0
  WEIGHT_DECAY_NORM: 0.0
TEST:
  AUG:
    ENABLED: false
    FLIP: true
    MAX_SIZE: 4000
    MIN_SIZES:
    - 400
    - 500
    - 600
    - 700
    - 800
    - 900
    - 1000
    - 1100
    - 1200
  DETECTIONS_PER_IMAGE: 100
  EVAL_PERIOD: 10000
  EXPECTED_RESULTS: []
  KEYPOINT_OKS_SIGMAS: []
  PRECISE_BN:
    ENABLED: false
    NUM_ITER: 200
  SLIDING_WINDOW: true
  SW_KERNEL: 448
  SW_OUT_RES:
  - 448
  - 896
  SW_OVERLAP: 0.333
VERSION: 2
VIS_PERIOD: 0

[12/10 04:06:17 detectron2]: Full config saved to outputs/cs7_eva_L14_r448//eval/config.yaml
[12/10 04:06:17 d2.utils.env]: Using a generated random seed 17143465
Freeze text encoder parameters
[12/10 04:06:27 d2.engine.defaults]: Model:
CATSeg(
  (sem_seg_head): CATSegHead(
    (predictor): CATSegPredictor(
      (clip_model): CustomCLIP(
        (visual): EVAVisionTransformer(
          (patch_embed): PatchEmbed(
            (proj): Conv2d(3, 1024, kernel_size=(14, 14), stride=(14, 14))
          )
          (pos_drop): Dropout(p=0.0, inplace=False)
          (rope): VisionRotaryEmbeddingFast()
          (blocks): ModuleList(
            (0-23): 24 x Block(
              (norm1): LayerNorm((1024,), eps=1e-06, elementwise_affine=True)
              (attn): Attention(
                (q_proj): Linear(in_features=1024, out_features=1024, bias=False)
                (k_proj): Linear(in_features=1024, out_features=1024, bias=False)
                (v_proj): Linear(in_features=1024, out_features=1024, bias=False)
                (attn_drop): Dropout(p=0.0, inplace=False)
                (inner_attn_ln): LayerNorm((1024,), eps=1e-06, elementwise_affine=True)
                (proj): Linear(in_features=1024, out_features=1024, bias=True)
                (proj_drop): Dropout(p=0.0, inplace=False)
                (rope): VisionRotaryEmbeddingFast()
              )
              (drop_path): Identity()
              (norm2): LayerNorm((1024,), eps=1e-06, elementwise_affine=True)
              (mlp): SwiGLU(
                (w1): Linear(in_features=1024, out_features=2730, bias=True)
                (w2): Linear(in_features=1024, out_features=2730, bias=True)
                (act): SiLU()
                (ffn_ln): LayerNorm((2730,), eps=1e-06, elementwise_affine=True)
                (w3): Linear(in_features=2730, out_features=1024, bias=True)
                (drop): Dropout(p=0.0, inplace=False)
              )
            )
          )
          (norm): LayerNorm((1024,), eps=1e-06, elementwise_affine=True)
          (head): Linear(in_features=1024, out_features=768, bias=True)
          (patch_dropout): Identity()
        )
        (text): TextTransformer(
          (token_embedding): Embedding(49408, 768)
          (transformer): Transformer(
            (resblocks): ModuleList(
              (0-11): 12 x ResidualAttentionBlock(
                (ln_1): LayerNorm((768,), eps=1e-05, elementwise_affine=True)
                (attn): MultiheadAttention(
                  (out_proj): NonDynamicallyQuantizableLinear(in_features=768, out_features=768, bias=True)
                )
                (ls_1): Identity()
                (ln_2): LayerNorm((768,), eps=1e-05, elementwise_affine=True)
                (mlp): Sequential(
                  (c_fc): Linear(in_features=768, out_features=3072, bias=True)
                  (gelu): GELU(approximate='none')
                  (c_proj): Linear(in_features=3072, out_features=768, bias=True)
                )
                (ls_2): Identity()
              )
            )
          )
          (ln_final): LayerNorm((768,), eps=1e-05, elementwise_affine=True)
        )
      )
      (transformer): AggregatorMambaLite(
        (layers): ModuleList(
          (0): Sequential(
            (0): AxialMambaBlockLite_v2(
              (film): FiLM2D(
                (pool): AdaptiveAvgPool2d(output_size=1)
                (fc): Conv2d(128, 256, kernel_size=(1, 1), stride=(1, 1))
              )
              (pre_mix): Sequential(
                (0): Conv2d(128, 128, kernel_size=(3, 3), stride=(1, 1), padding=(1, 1), groups=128)
                (1): Conv2d(128, 128, kernel_size=(1, 1), stride=(1, 1))
                (2): GELU(approximate='none')
              )
              (seq_row): Mamba1DWithDecayPrior(
                (out_norm): LayerNorm((128,), eps=1e-05, elementwise_affine=True)
                (gate): Sequential(
                  (0): Linear(in_features=128, out_features=128, bias=True)
                  (1): SiLU()
                )
                (proj_in): Linear(in_features=128, out_features=384, bias=True)
                (drop): Dropout(p=0.0, inplace=False)
              )
              (post_proj): Conv2d(128, 128, kernel_size=(1, 1), stride=(1, 1))
              (norm_tok): LayerNorm((128,), eps=1e-05, elementwise_affine=True)
              (ffn): Sequential(
                (0): Linear(in_features=128, out_features=384, bias=True)
                (1): GELU(approximate='none')
                (2): Linear(in_features=384, out_features=128, bias=True)
              )
              (down): Identity()
            )
            (1): ClassMambaLayerLite(
              (pool): AvgPool2d(kernel_size=[1, 1], stride=[1, 1], padding=0)
              (guid_proj): Linear(in_features=128, out_features=256, bias=True)
              (seq_block): _Mamba1DAdapterLite(
                (blocks): ModuleList(
                  (0): PseudoMamba1D(
                    (gate): Sequential(
                      (0): Linear(in_features=128, out_features=128, bias=True)
                      (1): SiLU()
                    )
                    (proj_in): Linear(in_features=128, out_features=384, bias=True)
                    (out_norm): LayerNorm((128,), eps=1e-05, elementwise_affine=True)
                    (drop): Dropout(p=0.0, inplace=False)
                  )
                )
                (norm): LayerNorm((128,), eps=1e-05, elementwise_affine=True)
              )
              (norm1): LayerNorm((128,), eps=1e-05, elementwise_affine=True)
              (norm2): LayerNorm((128,), eps=1e-05, elementwise_affine=True)
              (ffn): Sequential(
                (0): Linear(in_features=128, out_features=384, bias=True)
                (1): GELU(approximate='none')
                (2): Linear(in_features=384, out_features=128, bias=True)
              )
            )
          )
        )
        (conv1): Conv2d(1, 128, kernel_size=(7, 7), stride=(1, 1), padding=(3, 3))
        (guidance_projection): Sequential(
          (0): Conv2d(768, 128, kernel_size=(3, 3), stride=(1, 1), padding=(1, 1))
          (1): ReLU()
        )
        (text_guidance_projection): Sequential(
          (0): Linear(in_features=768, out_features=128, bias=True)
          (1): ReLU()
        )
        (decoder_guidance_projection): ModuleList(
          (0): Sequential(
            (0): Conv2d(256, 32, kernel_size=(3, 3), stride=(1, 1), padding=(1, 1))
            (1): ReLU()
          )
          (1): Sequential(
            (0): Conv2d(128, 16, kernel_size=(3, 3), stride=(1, 1), padding=(1, 1))
            (1): ReLU()
          )
        )
        (decoder1): UpLite(
          (up): ConvTranspose2d(128, 96, kernel_size=(2, 2), stride=(2, 2))
          (conv): Sequential(
            (0): Conv2d(128, 64, kernel_size=(3, 3), stride=(1, 1), padding=(1, 1), bias=False)
            (1): GroupNorm(4, 64, eps=1e-05, affine=True)
            (2): ReLU()
          )
        )
        (decoder2): UpLite(
          (up): ConvTranspose2d(64, 48, kernel_size=(2, 2), stride=(2, 2))
          (conv): Sequential(
            (0): Conv2d(64, 32, kernel_size=(3, 3), stride=(1, 1), padding=(1, 1), bias=False)
            (1): GroupNorm(2, 32, eps=1e-05, affine=True)
            (2): ReLU()
          )
        )
        (head): Conv2d(32, 1, kernel_size=(3, 3), stride=(1, 1), padding=(1, 1))
      )
    )
  )
  (upsample1): ConvTranspose2d(1024, 256, kernel_size=(2, 2), stride=(2, 2))
  (upsample2): ConvTranspose2d(1024, 128, kernel_size=(4, 4), stride=(4, 4))
)
[12/10 04:06:27 fvcore.common.checkpoint]: [Checkpointer] Loading from outputs/cs7_eva_L14_r448//model_0019999.pth ...
[12/10 04:06:29 d2.data.dataset_mapper]: [DatasetMapper] Augmentations used in inference: [ResizeShortestEdge(short_edge_length=(448, 448), max_size=1008, sample_style='choice')]
[12/10 04:06:29 d2.data.common]: Serializing 500 elements to byte tensors and concatenating them all ...
[12/10 04:06:29 d2.data.common]: Serialized dataset takes 0.15 MiB
[12/10 04:06:29 d2.evaluation.evaluator]: Start inference on 500 batches
Add a new rope freq of shape: torch.Size([1024, 64])
[12/10 04:06:35 d2.evaluation.evaluator]: Inference done 11/500. Dataloading: 0.0016 s/iter. Inference: 0.1466 s/iter. Eval: 0.2976 s/iter. Total: 0.4459 s/iter. ETA=0:03:38
[12/10 04:06:41 d2.evaluation.evaluator]: Inference done 22/500. Dataloading: 0.0016 s/iter. Inference: 0.1468 s/iter. Eval: 0.3123 s/iter. Total: 0.4608 s/iter. ETA=0:03:40
[12/10 04:06:46 d2.evaluation.evaluator]: Inference done 33/500. Dataloading: 0.0016 s/iter. Inference: 0.1468 s/iter. Eval: 0.3123 s/iter. Total: 0.4608 s/iter. ETA=0:03:35
[12/10 04:06:51 d2.evaluation.evaluator]: Inference done 44/500. Dataloading: 0.0016 s/iter. Inference: 0.1467 s/iter. Eval: 0.3107 s/iter. Total: 0.4591 s/iter. ETA=0:03:29
[12/10 04:06:56 d2.evaluation.evaluator]: Inference done 56/500. Dataloading: 0.0017 s/iter. Inference: 0.1465 s/iter. Eval: 0.3053 s/iter. Total: 0.4535 s/iter. ETA=0:03:21
[12/10 04:07:01 d2.evaluation.evaluator]: Inference done 68/500. Dataloading: 0.0017 s/iter. Inference: 0.1464 s/iter. Eval: 0.3046 s/iter. Total: 0.4527 s/iter. ETA=0:03:15
[12/10 04:07:07 d2.evaluation.evaluator]: Inference done 80/500. Dataloading: 0.0017 s/iter. Inference: 0.1463 s/iter. Eval: 0.3044 s/iter. Total: 0.4525 s/iter. ETA=0:03:10
[12/10 04:07:12 d2.evaluation.evaluator]: Inference done 92/500. Dataloading: 0.0017 s/iter. Inference: 0.1463 s/iter. Eval: 0.3037 s/iter. Total: 0.4518 s/iter. ETA=0:03:04
[12/10 04:07:17 d2.evaluation.evaluator]: Inference done 103/500. Dataloading: 0.0017 s/iter. Inference: 0.1463 s/iter. Eval: 0.3045 s/iter. Total: 0.4526 s/iter. ETA=0:02:59
[12/10 04:07:22 d2.evaluation.evaluator]: Inference done 115/500. Dataloading: 0.0017 s/iter. Inference: 0.1463 s/iter. Eval: 0.3018 s/iter. Total: 0.4499 s/iter. ETA=0:02:53
[12/10 04:07:27 d2.evaluation.evaluator]: Inference done 128/500. Dataloading: 0.0017 s/iter. Inference: 0.1462 s/iter. Eval: 0.2958 s/iter. Total: 0.4438 s/iter. ETA=0:02:45
[12/10 04:07:33 d2.evaluation.evaluator]: Inference done 141/500. Dataloading: 0.0017 s/iter. Inference: 0.1462 s/iter. Eval: 0.2929 s/iter. Total: 0.4409 s/iter. ETA=0:02:38
[12/10 04:07:38 d2.evaluation.evaluator]: Inference done 154/500. Dataloading: 0.0017 s/iter. Inference: 0.1462 s/iter. Eval: 0.2902 s/iter. Total: 0.4382 s/iter. ETA=0:02:31
[12/10 04:07:43 d2.evaluation.evaluator]: Inference done 167/500. Dataloading: 0.0017 s/iter. Inference: 0.1462 s/iter. Eval: 0.2865 s/iter. Total: 0.4346 s/iter. ETA=0:02:24
[12/10 04:07:48 d2.evaluation.evaluator]: Inference done 180/500. Dataloading: 0.0017 s/iter. Inference: 0.1462 s/iter. Eval: 0.2851 s/iter. Total: 0.4331 s/iter. ETA=0:02:18
[12/10 04:07:54 d2.evaluation.evaluator]: Inference done 192/500. Dataloading: 0.0017 s/iter. Inference: 0.1462 s/iter. Eval: 0.2842 s/iter. Total: 0.4321 s/iter. ETA=0:02:13
[12/10 04:07:59 d2.evaluation.evaluator]: Inference done 205/500. Dataloading: 0.0017 s/iter. Inference: 0.1462 s/iter. Eval: 0.2824 s/iter. Total: 0.4303 s/iter. ETA=0:02:06
[12/10 04:08:04 d2.evaluation.evaluator]: Inference done 218/500. Dataloading: 0.0017 s/iter. Inference: 0.1461 s/iter. Eval: 0.2803 s/iter. Total: 0.4282 s/iter. ETA=0:02:00
[12/10 04:08:09 d2.evaluation.evaluator]: Inference done 231/500. Dataloading: 0.0017 s/iter. Inference: 0.1461 s/iter. Eval: 0.2779 s/iter. Total: 0.4258 s/iter. ETA=0:01:54
[12/10 04:08:14 d2.evaluation.evaluator]: Inference done 244/500. Dataloading: 0.0018 s/iter. Inference: 0.1461 s/iter. Eval: 0.2759 s/iter. Total: 0.4238 s/iter. ETA=0:01:48
[12/10 04:08:19 d2.evaluation.evaluator]: Inference done 257/500. Dataloading: 0.0018 s/iter. Inference: 0.1461 s/iter. Eval: 0.2742 s/iter. Total: 0.4221 s/iter. ETA=0:01:42
[12/10 04:08:24 d2.evaluation.evaluator]: Inference done 271/500. Dataloading: 0.0018 s/iter. Inference: 0.1460 s/iter. Eval: 0.2719 s/iter. Total: 0.4198 s/iter. ETA=0:01:36
[12/10 04:08:30 d2.evaluation.evaluator]: Inference done 285/500. Dataloading: 0.0018 s/iter. Inference: 0.1460 s/iter. Eval: 0.2698 s/iter. Total: 0.4176 s/iter. ETA=0:01:29
[12/10 04:08:35 d2.evaluation.evaluator]: Inference done 300/500. Dataloading: 0.0018 s/iter. Inference: 0.1460 s/iter. Eval: 0.2665 s/iter. Total: 0.4143 s/iter. ETA=0:01:22
[12/10 04:08:40 d2.evaluation.evaluator]: Inference done 315/500. Dataloading: 0.0018 s/iter. Inference: 0.1460 s/iter. Eval: 0.2633 s/iter. Total: 0.4111 s/iter. ETA=0:01:16
[12/10 04:08:45 d2.evaluation.evaluator]: Inference done 330/500. Dataloading: 0.0018 s/iter. Inference: 0.1461 s/iter. Eval: 0.2603 s/iter. Total: 0.4082 s/iter. ETA=0:01:09
[12/10 04:08:50 d2.evaluation.evaluator]: Inference done 344/500. Dataloading: 0.0018 s/iter. Inference: 0.1461 s/iter. Eval: 0.2584 s/iter. Total: 0.4063 s/iter. ETA=0:01:03
[12/10 04:08:56 d2.evaluation.evaluator]: Inference done 359/500. Dataloading: 0.0018 s/iter. Inference: 0.1461 s/iter. Eval: 0.2559 s/iter. Total: 0.4039 s/iter. ETA=0:00:56
[12/10 04:09:01 d2.evaluation.evaluator]: Inference done 372/500. Dataloading: 0.0018 s/iter. Inference: 0.1462 s/iter. Eval: 0.2555 s/iter. Total: 0.4035 s/iter. ETA=0:00:51
[12/10 04:09:06 d2.evaluation.evaluator]: Inference done 385/500. Dataloading: 0.0018 s/iter. Inference: 0.1462 s/iter. Eval: 0.2549 s/iter. Total: 0.4030 s/iter. ETA=0:00:46
[12/10 04:09:11 d2.evaluation.evaluator]: Inference done 397/500. Dataloading: 0.0018 s/iter. Inference: 0.1464 s/iter. Eval: 0.2553 s/iter. Total: 0.4035 s/iter. ETA=0:00:41
[12/10 04:09:16 d2.evaluation.evaluator]: Inference done 410/500. Dataloading: 0.0018 s/iter. Inference: 0.1465 s/iter. Eval: 0.2555 s/iter. Total: 0.4039 s/iter. ETA=0:00:36
[12/10 04:09:22 d2.evaluation.evaluator]: Inference done 423/500. Dataloading: 0.0018 s/iter. Inference: 0.1465 s/iter. Eval: 0.2556 s/iter. Total: 0.4040 s/iter. ETA=0:00:31
[12/10 04:09:27 d2.evaluation.evaluator]: Inference done 435/500. Dataloading: 0.0018 s/iter. Inference: 0.1466 s/iter. Eval: 0.2560 s/iter. Total: 0.4044 s/iter. ETA=0:00:26
[12/10 04:09:32 d2.evaluation.evaluator]: Inference done 447/500. Dataloading: 0.0018 s/iter. Inference: 0.1467 s/iter. Eval: 0.2563 s/iter. Total: 0.4048 s/iter. ETA=0:00:21
[12/10 04:09:37 d2.evaluation.evaluator]: Inference done 460/500. Dataloading: 0.0018 s/iter. Inference: 0.1467 s/iter. Eval: 0.2567 s/iter. Total: 0.4053 s/iter. ETA=0:00:16
[12/10 04:09:42 d2.evaluation.evaluator]: Inference done 473/500. Dataloading: 0.0018 s/iter. Inference: 0.1467 s/iter. Eval: 0.2568 s/iter. Total: 0.4053 s/iter. ETA=0:00:10
[12/10 04:09:47 d2.evaluation.evaluator]: Inference done 486/500. Dataloading: 0.0018 s/iter. Inference: 0.1467 s/iter. Eval: 0.2564 s/iter. Total: 0.4049 s/iter. ETA=0:00:05
[12/10 04:09:53 d2.evaluation.evaluator]: Inference done 499/500. Dataloading: 0.0018 s/iter. Inference: 0.1468 s/iter. Eval: 0.2567 s/iter. Total: 0.4053 s/iter. ETA=0:00:00
[12/10 04:09:53 d2.evaluation.evaluator]: Total inference time: 0:03:20.739630 (0.405535 s / iter per device, on 1 devices)
[12/10 04:09:53 d2.evaluation.evaluator]: Total inference pure compute time: 0:01:12 (0.146854 s / iter per device, on 1 devices)
[12/10 04:09:54 d2.evaluation.sem_seg_evaluation]: OrderedDict([('sem_seg', {'mIoU': 59.45988742642548, 'fwIoU': 89.61122288806513, 'IoU-road': 97.69541329847071, 'IoU-sidewalk': 80.75752579502529, 'IoU-building': 91.22586076989617, 'IoU-wall': 55.18742171019353, 'IoU-fence': 50.523277951894826, 'IoU-pole': 29.779588066726927, 'IoU-traffic light': 39.18272195513926, 'IoU-traffic sign': 52.59509278017631, 'IoU-vegetation': 89.41897610305071, 'IoU-terrain': 6.012541686072676, 'IoU-sky': 93.92686058439266, 'IoU-person': 76.26512306026126, 'IoU-rider': 5.927082890794271, 'IoU-car': 93.69069505100668, 'IoU-truck': 80.88085988882825, 'IoU-bus': 67.7962401470558, 'IoU-train': 0.8477532489504465, 'IoU-motorcycle': 57.571440937989934, 'IoU-bicycle': 60.45338517615873, 'mACC': 69.2010350430999, 'pACC': 94.25323119375199, 'ACC-road': 98.70427747938659, 'ACC-sidewalk': 92.65369688935634, 'ACC-building': 95.97838804397684, 'ACC-wall': 59.52824559915606, 'ACC-fence': 74.35671475064144, 'ACC-pole': 32.34484166975687, 'ACC-traffic light': 51.67364501192586, 'ACC-traffic sign': 64.0834763550596, 'ACC-vegetation': 97.14462814807914, 'ACC-terrain': 6.01792813717814, 'ACC-sky': 97.61825863208492, 'ACC-person': 89.47250010239769, 'ACC-rider': 6.017985905407799, 'ACC-car': 97.74758479380385, 'ACC-truck': 93.33143023577641, 'ACC-bus': 91.48773735542352, 'ACC-train': 0.9420002655159682, 'ACC-motorcycle': 82.11842664873986, 'ACC-bicycle': 83.59789979523143})])
[12/10 04:09:54 d2.engine.defaults]: Evaluation results for cityscapes19_val in csv format:
[12/10 04:09:54 d2.evaluation.testing]: copypaste: Task: sem_seg
[12/10 04:09:54 d2.evaluation.testing]: copypaste: mIoU,fwIoU,mACC,pACC
[12/10 04:09:54 d2.evaluation.testing]: copypaste: 59.4599,89.6112,69.2010,94.2532
/data/zd/TTA_VLM/S2_Corr/train_net.py:16: FutureWarning: In the future `np.bool` will be defined as the corresponding NumPy scalar.
  if not hasattr(np, _name):
/data/zd/TTA_VLM/S2_Corr/train_net.py:16: FutureWarning: In the future `np.object` will be defined as the corresponding NumPy scalar.
  if not hasattr(np, _name):
/data/zd/TTA_VLM/S2_Corr/train_net.py:18: FutureWarning: In the future `np.long` will be defined as the corresponding NumPy scalar.
  if not hasattr(np, "long"):
/data2/anaconda3/envs/DeCLIP_CATSeg/lib/python3.10/site-packages/torchvision/datapoints/__init__.py:12: UserWarning: The torchvision.datapoints and torchvision.transforms.v2 namespaces are still Beta. While we do not expect major breaking changes, some APIs may still change according to user feedback. Please submit any feedback you may have in this issue: https://github.com/pytorch/vision/issues/6753, and you can also check out https://github.com/pytorch/vision/issues/7319 to learn more about the APIs that we suspect might involve future changes. You can silence this warning by calling torchvision.disable_beta_transforms_warning().
  warnings.warn(_BETA_TRANSFORMS_WARNING)
/data2/anaconda3/envs/DeCLIP_CATSeg/lib/python3.10/site-packages/torchvision/transforms/v2/__init__.py:54: UserWarning: The torchvision.datapoints and torchvision.transforms.v2 namespaces are still Beta. While we do not expect major breaking changes, some APIs may still change according to user feedback. Please submit any feedback you may have in this issue: https://github.com/pytorch/vision/issues/6753, and you can also check out https://github.com/pytorch/vision/issues/7319 to learn more about the APIs that we suspect might involve future changes. You can silence this warning by calling torchvision.disable_beta_transforms_warning().
  warnings.warn(_BETA_TRANSFORMS_WARNING)
Please 'pip install apex'
Command Line Args: Namespace(config_file='configs/cs7_catseg_vitl.yaml', resume=False, eval_only=True, num_gpus=1, num_machines=1, machine_rank=0, dist_url='auto', opts=['OUTPUT_DIR', 'outputs/cs7_eva_L14_r448//eval', 'MODEL.SEM_SEG_HEAD.TEST_CLASS_JSON', 'datasets/cityscapes_19.json', 'MODEL.SEM_SEG_HEAD.ENABLE_HIGH_RES', 'False', 'DATASETS.TEST', '("ACDC_train_seg",)', 'TEST.SLIDING_WINDOW', 'True', 'MODEL.SEM_SEG_HEAD.POOLING_SIZES', '[1,1]', 'MODEL.WEIGHTS', 'outputs/cs7_eva_L14_r448//model_0019999.pth'])
[12/10 04:09:58 detectron2]: Rank of current process: 0. World size: 1
[12/10 04:09:59 detectron2]: Environment info:
----------------------  ------------------------------------------------------------------------------------------
sys.platform            linux
Python                  3.10.0 (default, Mar  3 2022, 09:58:08) [GCC 7.5.0]
numpy                   1.26.4
detectron2              0.6 @/data2/anaconda3/envs/DeCLIP_CATSeg/lib/python3.10/site-packages/detectron2
Compiler                GCC 7.5
CUDA compiler           CUDA 11.6
detectron2 arch flags   8.0
DETECTRON2_ENV_MODULE   <not set>
PyTorch                 2.0.0+cu117 @/data2/anaconda3/envs/DeCLIP_CATSeg/lib/python3.10/site-packages/torch
PyTorch debug build     False
GPU available           Yes
GPU 0                   GeForce RTX 3090 (arch=8.6)
Driver version          460.84
CUDA_HOME               /usr/local/cuda-11.6
TORCH_CUDA_ARCH_LIST    8.0
Pillow                  9.1.0
torchvision             0.15.1+cu117 @/data2/anaconda3/envs/DeCLIP_CATSeg/lib/python3.10/site-packages/torchvision
torchvision arch flags  3.5, 5.0, 6.0, 7.0, 7.5, 8.0, 8.6
fvcore                  0.1.5.post20221221
iopath                  0.1.9
cv2                     4.11.0
----------------------  ------------------------------------------------------------------------------------------
PyTorch built with:
  - GCC 9.3
  - C++ Version: 201703
  - Intel(R) oneAPI Math Kernel Library Version 2022.2-Product Build 20220804 for Intel(R) 64 architecture applications
  - Intel(R) MKL-DNN v2.7.3 (Git Hash 6dbeffbae1f23cbbeae17adb7b5b13f1f37c080e)
  - OpenMP 201511 (a.k.a. OpenMP 4.5)
  - LAPACK is enabled (usually provided by MKL)
  - NNPACK is enabled
  - CPU capability usage: AVX2
  - CUDA Runtime 11.7
  - NVCC architecture flags: -gencode;arch=compute_37,code=sm_37;-gencode;arch=compute_50,code=sm_50;-gencode;arch=compute_60,code=sm_60;-gencode;arch=compute_70,code=sm_70;-gencode;arch=compute_75,code=sm_75;-gencode;arch=compute_80,code=sm_80;-gencode;arch=compute_86,code=sm_86
  - CuDNN 8.5
  - Magma 2.6.1
  - Build settings: BLAS_INFO=mkl, BUILD_TYPE=Release, CUDA_VERSION=11.7, CUDNN_VERSION=8.5.0, CXX_COMPILER=/opt/rh/devtoolset-9/root/usr/bin/c++, CXX_FLAGS= -D_GLIBCXX_USE_CXX11_ABI=0 -fabi-version=11 -Wno-deprecated -fvisibility-inlines-hidden -DUSE_PTHREADPOOL -DNDEBUG -DUSE_KINETO -DLIBKINETO_NOROCTRACER -DUSE_FBGEMM -DUSE_QNNPACK -DUSE_PYTORCH_QNNPACK -DUSE_XNNPACK -DSYMBOLICATE_MOBILE_DEBUG_HANDLE -O2 -fPIC -Wall -Wextra -Werror=return-type -Werror=non-virtual-dtor -Werror=bool-operation -Wnarrowing -Wno-missing-field-initializers -Wno-type-limits -Wno-array-bounds -Wno-unknown-pragmas -Wunused-local-typedefs -Wno-unused-parameter -Wno-unused-function -Wno-unused-result -Wno-strict-overflow -Wno-strict-aliasing -Wno-error=deprecated-declarations -Wno-stringop-overflow -Wno-psabi -Wno-error=pedantic -Wno-error=redundant-decls -Wno-error=old-style-cast -fdiagnostics-color=always -faligned-new -Wno-unused-but-set-variable -Wno-maybe-uninitialized -fno-math-errno -fno-trapping-math -Werror=format -Werror=cast-function-type -Wno-stringop-overflow, LAPACK_INFO=mkl, PERF_WITH_AVX=1, PERF_WITH_AVX2=1, PERF_WITH_AVX512=1, TORCH_DISABLE_GPU_ASSERTS=ON, TORCH_VERSION=2.0.0, USE_CUDA=ON, USE_CUDNN=ON, USE_EXCEPTION_PTR=1, USE_GFLAGS=OFF, USE_GLOG=OFF, USE_MKL=ON, USE_MKLDNN=ON, USE_MPI=OFF, USE_NCCL=1, USE_NNPACK=ON, USE_OPENMP=ON, USE_ROCM=OFF, 

[12/10 04:09:59 detectron2]: Command line arguments: Namespace(config_file='configs/cs7_catseg_vitl.yaml', resume=False, eval_only=True, num_gpus=1, num_machines=1, machine_rank=0, dist_url='auto', opts=['OUTPUT_DIR', 'outputs/cs7_eva_L14_r448//eval', 'MODEL.SEM_SEG_HEAD.TEST_CLASS_JSON', 'datasets/cityscapes_19.json', 'MODEL.SEM_SEG_HEAD.ENABLE_HIGH_RES', 'False', 'DATASETS.TEST', '("ACDC_train_seg",)', 'TEST.SLIDING_WINDOW', 'True', 'MODEL.SEM_SEG_HEAD.POOLING_SIZES', '[1,1]', 'MODEL.WEIGHTS', 'outputs/cs7_eva_L14_r448//model_0019999.pth'])
[12/10 04:09:59 detectron2]: Contents of args.config_file=configs/cs7_catseg_vitl.yaml:
_BASE_: config.yaml
DATASETS:
  TRAIN: ("cityscapes7_train",)
  TEST:  ("cityscapes19_val",)
MODEL:
  META_ARCHITECTURE: "CATSeg"
  PIXEL_MEAN: [123.675, 116.280, 103.530]
  PIXEL_STD: [58.395, 57.120, 57.375]
  SEM_SEG_HEAD:
    NAME: "CATSegHead"
    IN_FEATURES: ["res2", "res3", "res4"]
    IGNORE_VALUE: 255
    NUM_CLASSES: 19
    TRAIN_CLASS_JSON: "datasets/cityscapes_seen_7.json"
    TEST_CLASS_JSON:  "datasets/cityscapes_19.json"
    CLIP_PRETRAINED: "EVA02-CLIP-L-14-336"
    PROMPT_DEPTH: 0
    PROMPT_LENGTH: 0
    TEXT_GUIDANCE_DIM: 768
    TEXT_GUIDANCE_PROJ_DIM: 128
    APPEARANCE_GUIDANCE_DIM: 768
    APPEARANCE_GUIDANCE_PROJ_DIM: 128
    DECODER_DIMS: [64, 32]
    DECODER_GUIDANCE_DIMS: [256, 128]
    DECODER_GUIDANCE_PROJ_DIMS: [32, 16]
    NUM_LAYERS: 1
    NUM_HEADS: 4
    HIDDEN_DIMS: 128
    POOLING_SIZES: [ 1, 1 ]
    FEATURE_RESOLUTION: [32, 32]
    WINDOW_SIZES: 16
    ATTENTION_TYPE: "linear"
    CLIP_FINETUNE: "attention"
    CACHE_DIR: "/data/zd/TTA_VLM/pretrain/EVA02_CLIP_L_336_psz14_s6B.pt"
  PROMPT_ENSEMBLE_TYPE: "multi_domain"
INPUT:
  MIN_SIZE_TRAIN: (448, 640)
  MIN_SIZE_TRAIN_SAMPLING: "choice"
  MAX_SIZE_TRAIN: 1344
  MIN_SIZE_TEST: 448
  MAX_SIZE_TEST: 1008
  CROP:
    ENABLED: True
    TYPE: "absolute"
    SIZE: (448, 448)
  SIZE_DIVISIBILITY: 14
  FORMAT: "RGB"
  DATASET_MAPPER_NAME: "mask_former_semantic"
SOLVER:
  IMS_PER_BATCH: 4
  LR_SCHEDULER_NAME: "WarmupCosineLR"
  BASE_LR: 0.0002
  MAX_ITER: 20000
  BACKBONE_MULTIPLIER: 0.0
  CLIP_MULTIPLIER: 0.01
TEST:
  EVAL_PERIOD: 10000
  SLIDING_WINDOW: True
  SW_KERNEL: 448
  SW_OVERLAP: 0.333
  SW_OUT_RES: [448, 896]
  

[12/10 04:09:59 detectron2]: Running with full config:
CUDNN_BENCHMARK: true
DATALOADER:
  ASPECT_RATIO_GROUPING: true
  FILTER_EMPTY_ANNOTATIONS: true
  NUM_WORKERS: 8
  REPEAT_THRESHOLD: 0.0
  SAMPLER_TRAIN: TrainingSampler
DATASETS:
  PRECOMPUTED_PROPOSAL_TOPK_TEST: 1000
  PRECOMPUTED_PROPOSAL_TOPK_TRAIN: 2000
  PROPOSAL_FILES_TEST: []
  PROPOSAL_FILES_TRAIN: []
  TEST:
  - ACDC_train_seg
  TRAIN:
  - cityscapes7_train
  VAL_ALL:
  - coco_2017_val_all_stuff_sem_seg
DDP:
  BROADCAST_BUFFERS: false
  FIND_UNUSED_PARAMETERS: true
GLOBAL:
  HACK: 1.0
INPUT:
  COLOR_AUG_SSD: true
  CROP:
    ENABLED: true
    SINGLE_CATEGORY_MAX_AREA: 1.0
    SIZE:
    - 448
    - 448
    TYPE: absolute
  DATASET_MAPPER_NAME: mask_former_semantic
  FORMAT: RGB
  MASK_FORMAT: polygon
  MAX_SIZE_TEST: 1008
  MAX_SIZE_TRAIN: 1344
  MIN_SIZE_TEST: 448
  MIN_SIZE_TRAIN:
  - 448
  - 640
  MIN_SIZE_TRAIN_SAMPLING: choice
  RANDOM_FLIP: horizontal
  SIZE_DIVISIBILITY: 14
MODEL:
  ANCHOR_GENERATOR:
    ANGLES:
    - - -90
      - 0
      - 90
    ASPECT_RATIOS:
    - - 0.5
      - 1.0
      - 2.0
    NAME: DefaultAnchorGenerator
    OFFSET: 0.0
    SIZES:
    - - 32
      - 64
      - 128
      - 256
      - 512
  BACKBONE:
    FREEZE_AT: 2
    NAME: build_resnet_backbone
  CLIP_PIXEL_MEAN:
  - 122.7709383
  - 116.7460125
  - 104.09373615
  CLIP_PIXEL_STD:
  - 68.5005327
  - 66.6321579
  - 70.323163
  DEVICE: cuda
  FPN:
    FUSE_TYPE: sum
    IN_FEATURES: []
    NORM: ''
    OUT_CHANNELS: 256
  KEYPOINT_ON: false
  LOAD_PROPOSALS: false
  MASK_FORMER:
    SIZE_DIVISIBILITY: 32
  MASK_ON: false
  META_ARCHITECTURE: CATSeg
  PANOPTIC_FPN:
    COMBINE:
      ENABLED: true
      INSTANCES_CONFIDENCE_THRESH: 0.5
      OVERLAP_THRESH: 0.5
      STUFF_AREA_LIMIT: 4096
    INSTANCE_LOSS_WEIGHT: 1.0
  PIXEL_MEAN:
  - 123.675
  - 116.28
  - 103.53
  PIXEL_STD:
  - 58.395
  - 57.12
  - 57.375
  PROMPT_ENSEMBLE: false
  PROMPT_ENSEMBLE_TYPE: multi_domain
  PROPOSAL_GENERATOR:
    MIN_SIZE: 0
    NAME: RPN
  RESNETS:
    DEFORM_MODULATED: false
    DEFORM_NUM_GROUPS: 1
    DEFORM_ON_PER_STAGE:
    - false
    - false
    - false
    - false
    DEPTH: 50
    NORM: FrozenBN
    NUM_GROUPS: 1
    OUT_FEATURES:
    - res4
    RES2_OUT_CHANNELS: 256
    RES4_DILATION: 1
    RES5_DILATION: 1
    RES5_MULTI_GRID:
    - 1
    - 2
    - 4
    STEM_OUT_CHANNELS: 64
    STEM_TYPE: deeplab
    STRIDE_IN_1X1: true
    WIDTH_PER_GROUP: 64
  RETINANET:
    BBOX_REG_LOSS_TYPE: smooth_l1
    BBOX_REG_WEIGHTS: &id002
    - 1.0
    - 1.0
    - 1.0
    - 1.0
    FOCAL_LOSS_ALPHA: 0.25
    FOCAL_LOSS_GAMMA: 2.0
    IN_FEATURES:
    - p3
    - p4
    - p5
    - p6
    - p7
    IOU_LABELS:
    - 0
    - -1
    - 1
    IOU_THRESHOLDS:
    - 0.4
    - 0.5
    NMS_THRESH_TEST: 0.5
    NORM: ''
    NUM_CLASSES: 80
    NUM_CONVS: 4
    PRIOR_PROB: 0.01
    SCORE_THRESH_TEST: 0.05
    SMOOTH_L1_LOSS_BETA: 0.1
    TOPK_CANDIDATES_TEST: 1000
  ROI_BOX_CASCADE_HEAD:
    BBOX_REG_WEIGHTS:
    - &id001
      - 10.0
      - 10.0
      - 5.0
      - 5.0
    - - 20.0
      - 20.0
      - 10.0
      - 10.0
    - - 30.0
      - 30.0
      - 15.0
      - 15.0
    IOUS:
    - 0.5
    - 0.6
    - 0.7
  ROI_BOX_HEAD:
    BBOX_REG_LOSS_TYPE: smooth_l1
    BBOX_REG_LOSS_WEIGHT: 1.0
    BBOX_REG_WEIGHTS: *id001
    CLS_AGNOSTIC_BBOX_REG: false
    CONV_DIM: 256
    FC_DIM: 1024
    NAME: ''
    NORM: ''
    NUM_CONV: 0
    NUM_FC: 0
    POOLER_RESOLUTION: 14
    POOLER_SAMPLING_RATIO: 0
    POOLER_TYPE: ROIAlignV2
    SMOOTH_L1_BETA: 0.0
    TRAIN_ON_PRED_BOXES: false
  ROI_HEADS:
    BATCH_SIZE_PER_IMAGE: 512
    IN_FEATURES:
    - res4
    IOU_LABELS:
    - 0
    - 1
    IOU_THRESHOLDS:
    - 0.5
    NAME: Res5ROIHeads
    NMS_THRESH_TEST: 0.5
    NUM_CLASSES: 80
    POSITIVE_FRACTION: 0.25
    PROPOSAL_APPEND_GT: true
    SCORE_THRESH_TEST: 0.05
  ROI_KEYPOINT_HEAD:
    CONV_DIMS:
    - 512
    - 512
    - 512
    - 512
    - 512
    - 512
    - 512
    - 512
    LOSS_WEIGHT: 1.0
    MIN_KEYPOINTS_PER_IMAGE: 1
    NAME: KRCNNConvDeconvUpsampleHead
    NORMALIZE_LOSS_BY_VISIBLE_KEYPOINTS: true
    NUM_KEYPOINTS: 17
    POOLER_RESOLUTION: 14
    POOLER_SAMPLING_RATIO: 0
    POOLER_TYPE: ROIAlignV2
  ROI_MASK_HEAD:
    CLS_AGNOSTIC_MASK: false
    CONV_DIM: 256
    NAME: MaskRCNNConvUpsampleHead
    NORM: ''
    NUM_CONV: 0
    POOLER_RESOLUTION: 14
    POOLER_SAMPLING_RATIO: 0
    POOLER_TYPE: ROIAlignV2
  RPN:
    BATCH_SIZE_PER_IMAGE: 256
    BBOX_REG_LOSS_TYPE: smooth_l1
    BBOX_REG_LOSS_WEIGHT: 1.0
    BBOX_REG_WEIGHTS: *id002
    BOUNDARY_THRESH: -1
    CONV_DIMS:
    - -1
    HEAD_NAME: StandardRPNHead
    IN_FEATURES:
    - res4
    IOU_LABELS:
    - 0
    - -1
    - 1
    IOU_THRESHOLDS:
    - 0.3
    - 0.7
    LOSS_WEIGHT: 1.0
    NMS_THRESH: 0.7
    POSITIVE_FRACTION: 0.5
    POST_NMS_TOPK_TEST: 1000
    POST_NMS_TOPK_TRAIN: 2000
    PRE_NMS_TOPK_TEST: 6000
    PRE_NMS_TOPK_TRAIN: 12000
    SMOOTH_L1_BETA: 0.0
  SEM_SEG_HEAD:
    APPEARANCE_GUIDANCE_DIM: 768
    APPEARANCE_GUIDANCE_PROJ_DIM: 128
    ASPP_CHANNELS: 256
    ASPP_DILATIONS:
    - 6
    - 12
    - 18
    ASPP_DROPOUT: 0.1
    ATTENTION_TYPE: linear
    CACHE_DIR: /data/zd/TTA_VLM/pretrain/EVA02_CLIP_L_336_psz14_s6B.pt
    CLIP_FINETUNE: attention
    CLIP_PRETRAINED: EVA02-CLIP-L-14-336
    COMMON_STRIDE: 4
    CONVS_DIM: 128
    DECODER_DIMS:
    - 64
    - 32
    DECODER_GUIDANCE_DIMS:
    - 256
    - 128
    DECODER_GUIDANCE_PROJ_DIMS:
    - 32
    - 16
    ENABLE_HIGH_RES: false
    FEATURE_RESOLUTION:
    - 32
    - 32
    HIDDEN_DIMS: 128
    IGNORE_VALUE: 255
    IN_FEATURES:
    - res2
    - res3
    - res4
    LOSS_TYPE: hard_pixel_mining
    LOSS_WEIGHT: 1.0
    NAME: CATSegHead
    NORM: GN
    NUM_CLASSES: 19
    NUM_HEADS: 4
    NUM_LAYERS: 1
    POOLING_SIZES:
    - 1
    - 1
    PROJECT_CHANNELS:
    - 48
    PROJECT_FEATURES:
    - res2
    PROMPT_DEPTH: 0
    PROMPT_LENGTH: 0
    TEST_CLASS_INDEXES: datasets/coco/coco_stuff/split/unseen_indexes.json
    TEST_CLASS_JSON: datasets/cityscapes_19.json
    TEXT_GUIDANCE_DIM: 768
    TEXT_GUIDANCE_PROJ_DIM: 128
    TRAIN_CLASS_INDEXES: datasets/coco/coco_stuff/split/seen_indexes.json
    TRAIN_CLASS_JSON: datasets/cityscapes_seen_7.json
    USE_DEPTHWISE_SEPARABLE_CONV: false
    WINDOW_SIZES: 16
  SWIN:
    APE: false
    ATTN_DROP_RATE: 0.0
    DEPTHS:
    - 2
    - 2
    - 6
    - 2
    DROP_PATH_RATE: 0.3
    DROP_RATE: 0.0
    EMBED_DIM: 96
    MLP_RATIO: 4.0
    NUM_HEADS:
    - 3
    - 6
    - 12
    - 24
    OUT_FEATURES:
    - res2
    - res3
    - res4
    - res5
    PATCH_NORM: true
    PATCH_SIZE: 4
    PRETRAIN_IMG_SIZE: 224
    QKV_BIAS: true
    QK_SCALE: null
    WINDOW_SIZE: 7
  WEIGHTS: outputs/cs7_eva_L14_r448//model_0019999.pth
OUTPUT_DIR: outputs/cs7_eva_L14_r448//eval
SEED: -1
SOLVER:
  AMP:
    ENABLED: false
  BACKBONE_MULTIPLIER: 0.0
  BASE_LR: 0.0002
  BIAS_LR_FACTOR: 1.0
  CHECKPOINT_PERIOD: 5000
  CLIP_GRADIENTS:
    CLIP_TYPE: full_model
    CLIP_VALUE: 0.01
    ENABLED: true
    NORM_TYPE: 2.0
  CLIP_MULTIPLIER: 0.01
  GAMMA: 0.1
  IMS_PER_BATCH: 4
  LR_SCHEDULER_NAME: WarmupCosineLR
  MAX_ITER: 20000
  MOMENTUM: 0.9
  NESTEROV: false
  OPTIMIZER: ADAMW
  POLY_LR_CONSTANT_ENDING: 0.0
  POLY_LR_POWER: 0.9
  REFERENCE_WORLD_SIZE: 0
  STEPS:
  - 30000
  WARMUP_FACTOR: 1.0
  WARMUP_ITERS: 0
  WARMUP_METHOD: linear
  WEIGHT_DECAY: 0.0001
  WEIGHT_DECAY_BIAS: null
  WEIGHT_DECAY_EMBED: 0.0
  WEIGHT_DECAY_NORM: 0.0
TEST:
  AUG:
    ENABLED: false
    FLIP: true
    MAX_SIZE: 4000
    MIN_SIZES:
    - 400
    - 500
    - 600
    - 700
    - 800
    - 900
    - 1000
    - 1100
    - 1200
  DETECTIONS_PER_IMAGE: 100
  EVAL_PERIOD: 10000
  EXPECTED_RESULTS: []
  KEYPOINT_OKS_SIGMAS: []
  PRECISE_BN:
    ENABLED: false
    NUM_ITER: 200
  SLIDING_WINDOW: true
  SW_KERNEL: 448
  SW_OUT_RES:
  - 448
  - 896
  SW_OVERLAP: 0.333
VERSION: 2
VIS_PERIOD: 0

[12/10 04:09:59 detectron2]: Full config saved to outputs/cs7_eva_L14_r448//eval/config.yaml
[12/10 04:09:59 d2.utils.env]: Using a generated random seed 59257002
Freeze text encoder parameters
[12/10 04:10:09 d2.engine.defaults]: Model:
CATSeg(
  (sem_seg_head): CATSegHead(
    (predictor): CATSegPredictor(
      (clip_model): CustomCLIP(
        (visual): EVAVisionTransformer(
          (patch_embed): PatchEmbed(
            (proj): Conv2d(3, 1024, kernel_size=(14, 14), stride=(14, 14))
          )
          (pos_drop): Dropout(p=0.0, inplace=False)
          (rope): VisionRotaryEmbeddingFast()
          (blocks): ModuleList(
            (0-23): 24 x Block(
              (norm1): LayerNorm((1024,), eps=1e-06, elementwise_affine=True)
              (attn): Attention(
                (q_proj): Linear(in_features=1024, out_features=1024, bias=False)
                (k_proj): Linear(in_features=1024, out_features=1024, bias=False)
                (v_proj): Linear(in_features=1024, out_features=1024, bias=False)
                (attn_drop): Dropout(p=0.0, inplace=False)
                (inner_attn_ln): LayerNorm((1024,), eps=1e-06, elementwise_affine=True)
                (proj): Linear(in_features=1024, out_features=1024, bias=True)
                (proj_drop): Dropout(p=0.0, inplace=False)
                (rope): VisionRotaryEmbeddingFast()
              )
              (drop_path): Identity()
              (norm2): LayerNorm((1024,), eps=1e-06, elementwise_affine=True)
              (mlp): SwiGLU(
                (w1): Linear(in_features=1024, out_features=2730, bias=True)
                (w2): Linear(in_features=1024, out_features=2730, bias=True)
                (act): SiLU()
                (ffn_ln): LayerNorm((2730,), eps=1e-06, elementwise_affine=True)
                (w3): Linear(in_features=2730, out_features=1024, bias=True)
                (drop): Dropout(p=0.0, inplace=False)
              )
            )
          )
          (norm): LayerNorm((1024,), eps=1e-06, elementwise_affine=True)
          (head): Linear(in_features=1024, out_features=768, bias=True)
          (patch_dropout): Identity()
        )
        (text): TextTransformer(
          (token_embedding): Embedding(49408, 768)
          (transformer): Transformer(
            (resblocks): ModuleList(
              (0-11): 12 x ResidualAttentionBlock(
                (ln_1): LayerNorm((768,), eps=1e-05, elementwise_affine=True)
                (attn): MultiheadAttention(
                  (out_proj): NonDynamicallyQuantizableLinear(in_features=768, out_features=768, bias=True)
                )
                (ls_1): Identity()
                (ln_2): LayerNorm((768,), eps=1e-05, elementwise_affine=True)
                (mlp): Sequential(
                  (c_fc): Linear(in_features=768, out_features=3072, bias=True)
                  (gelu): GELU(approximate='none')
                  (c_proj): Linear(in_features=3072, out_features=768, bias=True)
                )
                (ls_2): Identity()
              )
            )
          )
          (ln_final): LayerNorm((768,), eps=1e-05, elementwise_affine=True)
        )
      )
      (transformer): AggregatorMambaLite(
        (layers): ModuleList(
          (0): Sequential(
            (0): AxialMambaBlockLite_v2(
              (film): FiLM2D(
                (pool): AdaptiveAvgPool2d(output_size=1)
                (fc): Conv2d(128, 256, kernel_size=(1, 1), stride=(1, 1))
              )
              (pre_mix): Sequential(
                (0): Conv2d(128, 128, kernel_size=(3, 3), stride=(1, 1), padding=(1, 1), groups=128)
                (1): Conv2d(128, 128, kernel_size=(1, 1), stride=(1, 1))
                (2): GELU(approximate='none')
              )
              (seq_row): Mamba1DWithDecayPrior(
                (out_norm): LayerNorm((128,), eps=1e-05, elementwise_affine=True)
                (gate): Sequential(
                  (0): Linear(in_features=128, out_features=128, bias=True)
                  (1): SiLU()
                )
                (proj_in): Linear(in_features=128, out_features=384, bias=True)
                (drop): Dropout(p=0.0, inplace=False)
              )
              (post_proj): Conv2d(128, 128, kernel_size=(1, 1), stride=(1, 1))
              (norm_tok): LayerNorm((128,), eps=1e-05, elementwise_affine=True)
              (ffn): Sequential(
                (0): Linear(in_features=128, out_features=384, bias=True)
                (1): GELU(approximate='none')
                (2): Linear(in_features=384, out_features=128, bias=True)
              )
              (down): Identity()
            )
            (1): ClassMambaLayerLite(
              (pool): AvgPool2d(kernel_size=[1, 1], stride=[1, 1], padding=0)
              (guid_proj): Linear(in_features=128, out_features=256, bias=True)
              (seq_block): _Mamba1DAdapterLite(
                (blocks): ModuleList(
                  (0): PseudoMamba1D(
                    (gate): Sequential(
                      (0): Linear(in_features=128, out_features=128, bias=True)
                      (1): SiLU()
                    )
                    (proj_in): Linear(in_features=128, out_features=384, bias=True)
                    (out_norm): LayerNorm((128,), eps=1e-05, elementwise_affine=True)
                    (drop): Dropout(p=0.0, inplace=False)
                  )
                )
                (norm): LayerNorm((128,), eps=1e-05, elementwise_affine=True)
              )
              (norm1): LayerNorm((128,), eps=1e-05, elementwise_affine=True)
              (norm2): LayerNorm((128,), eps=1e-05, elementwise_affine=True)
              (ffn): Sequential(
                (0): Linear(in_features=128, out_features=384, bias=True)
                (1): GELU(approximate='none')
                (2): Linear(in_features=384, out_features=128, bias=True)
              )
            )
          )
        )
        (conv1): Conv2d(1, 128, kernel_size=(7, 7), stride=(1, 1), padding=(3, 3))
        (guidance_projection): Sequential(
          (0): Conv2d(768, 128, kernel_size=(3, 3), stride=(1, 1), padding=(1, 1))
          (1): ReLU()
        )
        (text_guidance_projection): Sequential(
          (0): Linear(in_features=768, out_features=128, bias=True)
          (1): ReLU()
        )
        (decoder_guidance_projection): ModuleList(
          (0): Sequential(
            (0): Conv2d(256, 32, kernel_size=(3, 3), stride=(1, 1), padding=(1, 1))
            (1): ReLU()
          )
          (1): Sequential(
            (0): Conv2d(128, 16, kernel_size=(3, 3), stride=(1, 1), padding=(1, 1))
            (1): ReLU()
          )
        )
        (decoder1): UpLite(
          (up): ConvTranspose2d(128, 96, kernel_size=(2, 2), stride=(2, 2))
          (conv): Sequential(
            (0): Conv2d(128, 64, kernel_size=(3, 3), stride=(1, 1), padding=(1, 1), bias=False)
            (1): GroupNorm(4, 64, eps=1e-05, affine=True)
            (2): ReLU()
          )
        )
        (decoder2): UpLite(
          (up): ConvTranspose2d(64, 48, kernel_size=(2, 2), stride=(2, 2))
          (conv): Sequential(
            (0): Conv2d(64, 32, kernel_size=(3, 3), stride=(1, 1), padding=(1, 1), bias=False)
            (1): GroupNorm(2, 32, eps=1e-05, affine=True)
            (2): ReLU()
          )
        )
        (head): Conv2d(32, 1, kernel_size=(3, 3), stride=(1, 1), padding=(1, 1))
      )
    )
  )
  (upsample1): ConvTranspose2d(1024, 256, kernel_size=(2, 2), stride=(2, 2))
  (upsample2): ConvTranspose2d(1024, 128, kernel_size=(4, 4), stride=(4, 4))
)
[12/10 04:10:09 fvcore.common.checkpoint]: [Checkpointer] Loading from outputs/cs7_eva_L14_r448//model_0019999.pth ...
[12/10 04:10:11 d2.data.datasets.coco]: Loaded 1600 images with semantic segmentation from /data/zd/data/ACDC/rgb_anon/train/
[12/10 04:10:11 d2.data.dataset_mapper]: [DatasetMapper] Augmentations used in inference: [ResizeShortestEdge(short_edge_length=(448, 448), max_size=1008, sample_style='choice')]
[12/10 04:10:11 d2.data.common]: Serializing 1600 elements to byte tensors and concatenating them all ...
[12/10 04:10:11 d2.data.common]: Serialized dataset takes 0.29 MiB
[12/10 04:10:11 d2.data.datasets.coco]: Loaded 1600 images with semantic segmentation from /data/zd/data/ACDC/rgb_anon/train/
[12/10 04:10:11 d2.evaluation.evaluator]: Start inference on 1600 batches
Add a new rope freq of shape: torch.Size([1024, 64])
[12/10 04:10:17 d2.evaluation.evaluator]: Inference done 11/1600. Dataloading: 0.0021 s/iter. Inference: 0.1505 s/iter. Eval: 0.1612 s/iter. Total: 0.3138 s/iter. ETA=0:08:18
[12/10 04:10:22 d2.evaluation.evaluator]: Inference done 27/1600. Dataloading: 0.0018 s/iter. Inference: 0.1499 s/iter. Eval: 0.1669 s/iter. Total: 0.3187 s/iter. ETA=0:08:21
[12/10 04:10:27 d2.evaluation.evaluator]: Inference done 44/1600. Dataloading: 0.0018 s/iter. Inference: 0.1497 s/iter. Eval: 0.1591 s/iter. Total: 0.3107 s/iter. ETA=0:08:03
[12/10 04:10:32 d2.evaluation.evaluator]: Inference done 60/1600. Dataloading: 0.0018 s/iter. Inference: 0.1496 s/iter. Eval: 0.1598 s/iter. Total: 0.3113 s/iter. ETA=0:07:59
[12/10 04:10:37 d2.evaluation.evaluator]: Inference done 77/1600. Dataloading: 0.0018 s/iter. Inference: 0.1490 s/iter. Eval: 0.1599 s/iter. Total: 0.3108 s/iter. ETA=0:07:53
[12/10 04:10:42 d2.evaluation.evaluator]: Inference done 93/1600. Dataloading: 0.0019 s/iter. Inference: 0.1488 s/iter. Eval: 0.1611 s/iter. Total: 0.3118 s/iter. ETA=0:07:49
[12/10 04:10:47 d2.evaluation.evaluator]: Inference done 110/1600. Dataloading: 0.0019 s/iter. Inference: 0.1484 s/iter. Eval: 0.1591 s/iter. Total: 0.3095 s/iter. ETA=0:07:41
[12/10 04:10:52 d2.evaluation.evaluator]: Inference done 127/1600. Dataloading: 0.0019 s/iter. Inference: 0.1481 s/iter. Eval: 0.1581 s/iter. Total: 0.3082 s/iter. ETA=0:07:33
[12/10 04:10:58 d2.evaluation.evaluator]: Inference done 145/1600. Dataloading: 0.0020 s/iter. Inference: 0.1479 s/iter. Eval: 0.1562 s/iter. Total: 0.3061 s/iter. ETA=0:07:25
[12/10 04:11:03 d2.evaluation.evaluator]: Inference done 161/1600. Dataloading: 0.0020 s/iter. Inference: 0.1480 s/iter. Eval: 0.1567 s/iter. Total: 0.3068 s/iter. ETA=0:07:21
[12/10 04:11:08 d2.evaluation.evaluator]: Inference done 178/1600. Dataloading: 0.0020 s/iter. Inference: 0.1479 s/iter. Eval: 0.1574 s/iter. Total: 0.3074 s/iter. ETA=0:07:17
[12/10 04:11:13 d2.evaluation.evaluator]: Inference done 195/1600. Dataloading: 0.0020 s/iter. Inference: 0.1479 s/iter. Eval: 0.1575 s/iter. Total: 0.3075 s/iter. ETA=0:07:12
[12/10 04:11:19 d2.evaluation.evaluator]: Inference done 212/1600. Dataloading: 0.0020 s/iter. Inference: 0.1479 s/iter. Eval: 0.1578 s/iter. Total: 0.3078 s/iter. ETA=0:07:07
[12/10 04:11:24 d2.evaluation.evaluator]: Inference done 229/1600. Dataloading: 0.0020 s/iter. Inference: 0.1478 s/iter. Eval: 0.1575 s/iter. Total: 0.3073 s/iter. ETA=0:07:01
[12/10 04:11:29 d2.evaluation.evaluator]: Inference done 246/1600. Dataloading: 0.0020 s/iter. Inference: 0.1477 s/iter. Eval: 0.1571 s/iter. Total: 0.3069 s/iter. ETA=0:06:55
[12/10 04:11:34 d2.evaluation.evaluator]: Inference done 263/1600. Dataloading: 0.0020 s/iter. Inference: 0.1476 s/iter. Eval: 0.1573 s/iter. Total: 0.3070 s/iter. ETA=0:06:50
[12/10 04:11:39 d2.evaluation.evaluator]: Inference done 280/1600. Dataloading: 0.0020 s/iter. Inference: 0.1475 s/iter. Eval: 0.1574 s/iter. Total: 0.3070 s/iter. ETA=0:06:45
[12/10 04:11:44 d2.evaluation.evaluator]: Inference done 297/1600. Dataloading: 0.0020 s/iter. Inference: 0.1474 s/iter. Eval: 0.1572 s/iter. Total: 0.3067 s/iter. ETA=0:06:39
[12/10 04:11:50 d2.evaluation.evaluator]: Inference done 314/1600. Dataloading: 0.0020 s/iter. Inference: 0.1473 s/iter. Eval: 0.1574 s/iter. Total: 0.3068 s/iter. ETA=0:06:34
[12/10 04:11:55 d2.evaluation.evaluator]: Inference done 331/1600. Dataloading: 0.0020 s/iter. Inference: 0.1472 s/iter. Eval: 0.1577 s/iter. Total: 0.3070 s/iter. ETA=0:06:29
[12/10 04:12:00 d2.evaluation.evaluator]: Inference done 348/1600. Dataloading: 0.0020 s/iter. Inference: 0.1472 s/iter. Eval: 0.1571 s/iter. Total: 0.3064 s/iter. ETA=0:06:23
[12/10 04:12:05 d2.evaluation.evaluator]: Inference done 365/1600. Dataloading: 0.0020 s/iter. Inference: 0.1471 s/iter. Eval: 0.1566 s/iter. Total: 0.3058 s/iter. ETA=0:06:17
[12/10 04:12:10 d2.evaluation.evaluator]: Inference done 381/1600. Dataloading: 0.0020 s/iter. Inference: 0.1472 s/iter. Eval: 0.1570 s/iter. Total: 0.3062 s/iter. ETA=0:06:13
[12/10 04:12:15 d2.evaluation.evaluator]: Inference done 398/1600. Dataloading: 0.0020 s/iter. Inference: 0.1471 s/iter. Eval: 0.1567 s/iter. Total: 0.3059 s/iter. ETA=0:06:07
[12/10 04:12:20 d2.evaluation.evaluator]: Inference done 415/1600. Dataloading: 0.0020 s/iter. Inference: 0.1470 s/iter. Eval: 0.1564 s/iter. Total: 0.3055 s/iter. ETA=0:06:02
[12/10 04:12:25 d2.evaluation.evaluator]: Inference done 432/1600. Dataloading: 0.0020 s/iter. Inference: 0.1470 s/iter. Eval: 0.1566 s/iter. Total: 0.3057 s/iter. ETA=0:05:57
[12/10 04:12:31 d2.evaluation.evaluator]: Inference done 449/1600. Dataloading: 0.0020 s/iter. Inference: 0.1470 s/iter. Eval: 0.1566 s/iter. Total: 0.3056 s/iter. ETA=0:05:51
[12/10 04:12:36 d2.evaluation.evaluator]: Inference done 466/1600. Dataloading: 0.0020 s/iter. Inference: 0.1470 s/iter. Eval: 0.1566 s/iter. Total: 0.3056 s/iter. ETA=0:05:46
[12/10 04:12:41 d2.evaluation.evaluator]: Inference done 483/1600. Dataloading: 0.0020 s/iter. Inference: 0.1470 s/iter. Eval: 0.1566 s/iter. Total: 0.3057 s/iter. ETA=0:05:41
[12/10 04:12:46 d2.evaluation.evaluator]: Inference done 500/1600. Dataloading: 0.0020 s/iter. Inference: 0.1470 s/iter. Eval: 0.1566 s/iter. Total: 0.3057 s/iter. ETA=0:05:36
[12/10 04:12:51 d2.evaluation.evaluator]: Inference done 517/1600. Dataloading: 0.0020 s/iter. Inference: 0.1470 s/iter. Eval: 0.1566 s/iter. Total: 0.3057 s/iter. ETA=0:05:31
[12/10 04:12:56 d2.evaluation.evaluator]: Inference done 533/1600. Dataloading: 0.0020 s/iter. Inference: 0.1470 s/iter. Eval: 0.1569 s/iter. Total: 0.3059 s/iter. ETA=0:05:26
[12/10 04:13:02 d2.evaluation.evaluator]: Inference done 550/1600. Dataloading: 0.0020 s/iter. Inference: 0.1470 s/iter. Eval: 0.1569 s/iter. Total: 0.3059 s/iter. ETA=0:05:21
[12/10 04:13:07 d2.evaluation.evaluator]: Inference done 567/1600. Dataloading: 0.0020 s/iter. Inference: 0.1469 s/iter. Eval: 0.1568 s/iter. Total: 0.3058 s/iter. ETA=0:05:15
[12/10 04:13:12 d2.evaluation.evaluator]: Inference done 584/1600. Dataloading: 0.0020 s/iter. Inference: 0.1469 s/iter. Eval: 0.1568 s/iter. Total: 0.3058 s/iter. ETA=0:05:10
[12/10 04:13:17 d2.evaluation.evaluator]: Inference done 601/1600. Dataloading: 0.0020 s/iter. Inference: 0.1469 s/iter. Eval: 0.1565 s/iter. Total: 0.3055 s/iter. ETA=0:05:05
[12/10 04:13:22 d2.evaluation.evaluator]: Inference done 618/1600. Dataloading: 0.0020 s/iter. Inference: 0.1469 s/iter. Eval: 0.1564 s/iter. Total: 0.3054 s/iter. ETA=0:04:59
[12/10 04:13:27 d2.evaluation.evaluator]: Inference done 635/1600. Dataloading: 0.0020 s/iter. Inference: 0.1469 s/iter. Eval: 0.1564 s/iter. Total: 0.3054 s/iter. ETA=0:04:54
[12/10 04:13:32 d2.evaluation.evaluator]: Inference done 652/1600. Dataloading: 0.0020 s/iter. Inference: 0.1469 s/iter. Eval: 0.1562 s/iter. Total: 0.3051 s/iter. ETA=0:04:49
[12/10 04:13:37 d2.evaluation.evaluator]: Inference done 669/1600. Dataloading: 0.0020 s/iter. Inference: 0.1469 s/iter. Eval: 0.1561 s/iter. Total: 0.3051 s/iter. ETA=0:04:44
[12/10 04:13:43 d2.evaluation.evaluator]: Inference done 687/1600. Dataloading: 0.0020 s/iter. Inference: 0.1468 s/iter. Eval: 0.1557 s/iter. Total: 0.3046 s/iter. ETA=0:04:38
[12/10 04:13:48 d2.evaluation.evaluator]: Inference done 704/1600. Dataloading: 0.0020 s/iter. Inference: 0.1468 s/iter. Eval: 0.1557 s/iter. Total: 0.3045 s/iter. ETA=0:04:32
[12/10 04:13:53 d2.evaluation.evaluator]: Inference done 721/1600. Dataloading: 0.0020 s/iter. Inference: 0.1468 s/iter. Eval: 0.1557 s/iter. Total: 0.3045 s/iter. ETA=0:04:27
[12/10 04:13:58 d2.evaluation.evaluator]: Inference done 738/1600. Dataloading: 0.0020 s/iter. Inference: 0.1467 s/iter. Eval: 0.1556 s/iter. Total: 0.3044 s/iter. ETA=0:04:22
[12/10 04:14:03 d2.evaluation.evaluator]: Inference done 754/1600. Dataloading: 0.0020 s/iter. Inference: 0.1468 s/iter. Eval: 0.1559 s/iter. Total: 0.3047 s/iter. ETA=0:04:17
[12/10 04:14:08 d2.evaluation.evaluator]: Inference done 771/1600. Dataloading: 0.0020 s/iter. Inference: 0.1468 s/iter. Eval: 0.1558 s/iter. Total: 0.3047 s/iter. ETA=0:04:12
[12/10 04:14:13 d2.evaluation.evaluator]: Inference done 788/1600. Dataloading: 0.0020 s/iter. Inference: 0.1468 s/iter. Eval: 0.1556 s/iter. Total: 0.3044 s/iter. ETA=0:04:07
[12/10 04:14:18 d2.evaluation.evaluator]: Inference done 805/1600. Dataloading: 0.0020 s/iter. Inference: 0.1468 s/iter. Eval: 0.1556 s/iter. Total: 0.3045 s/iter. ETA=0:04:02
[12/10 04:14:24 d2.evaluation.evaluator]: Inference done 822/1600. Dataloading: 0.0020 s/iter. Inference: 0.1468 s/iter. Eval: 0.1555 s/iter. Total: 0.3044 s/iter. ETA=0:03:56
[12/10 04:14:29 d2.evaluation.evaluator]: Inference done 839/1600. Dataloading: 0.0020 s/iter. Inference: 0.1468 s/iter. Eval: 0.1556 s/iter. Total: 0.3045 s/iter. ETA=0:03:51
[12/10 04:14:34 d2.evaluation.evaluator]: Inference done 856/1600. Dataloading: 0.0020 s/iter. Inference: 0.1468 s/iter. Eval: 0.1556 s/iter. Total: 0.3044 s/iter. ETA=0:03:46
[12/10 04:14:39 d2.evaluation.evaluator]: Inference done 873/1600. Dataloading: 0.0020 s/iter. Inference: 0.1467 s/iter. Eval: 0.1555 s/iter. Total: 0.3043 s/iter. ETA=0:03:41
[12/10 04:14:44 d2.evaluation.evaluator]: Inference done 890/1600. Dataloading: 0.0020 s/iter. Inference: 0.1467 s/iter. Eval: 0.1557 s/iter. Total: 0.3045 s/iter. ETA=0:03:36
[12/10 04:14:49 d2.evaluation.evaluator]: Inference done 906/1600. Dataloading: 0.0020 s/iter. Inference: 0.1467 s/iter. Eval: 0.1559 s/iter. Total: 0.3047 s/iter. ETA=0:03:31
[12/10 04:14:54 d2.evaluation.evaluator]: Inference done 922/1600. Dataloading: 0.0020 s/iter. Inference: 0.1467 s/iter. Eval: 0.1561 s/iter. Total: 0.3049 s/iter. ETA=0:03:26
[12/10 04:15:00 d2.evaluation.evaluator]: Inference done 939/1600. Dataloading: 0.0020 s/iter. Inference: 0.1467 s/iter. Eval: 0.1561 s/iter. Total: 0.3049 s/iter. ETA=0:03:21
[12/10 04:15:05 d2.evaluation.evaluator]: Inference done 956/1600. Dataloading: 0.0020 s/iter. Inference: 0.1467 s/iter. Eval: 0.1562 s/iter. Total: 0.3050 s/iter. ETA=0:03:16
[12/10 04:15:10 d2.evaluation.evaluator]: Inference done 973/1600. Dataloading: 0.0020 s/iter. Inference: 0.1467 s/iter. Eval: 0.1561 s/iter. Total: 0.3049 s/iter. ETA=0:03:11
[12/10 04:15:15 d2.evaluation.evaluator]: Inference done 990/1600. Dataloading: 0.0020 s/iter. Inference: 0.1467 s/iter. Eval: 0.1561 s/iter. Total: 0.3049 s/iter. ETA=0:03:05
[12/10 04:15:20 d2.evaluation.evaluator]: Inference done 1007/1600. Dataloading: 0.0020 s/iter. Inference: 0.1467 s/iter. Eval: 0.1560 s/iter. Total: 0.3048 s/iter. ETA=0:03:00
[12/10 04:15:25 d2.evaluation.evaluator]: Inference done 1024/1600. Dataloading: 0.0020 s/iter. Inference: 0.1467 s/iter. Eval: 0.1561 s/iter. Total: 0.3048 s/iter. ETA=0:02:55
[12/10 04:15:31 d2.evaluation.evaluator]: Inference done 1041/1600. Dataloading: 0.0020 s/iter. Inference: 0.1467 s/iter. Eval: 0.1561 s/iter. Total: 0.3049 s/iter. ETA=0:02:50
[12/10 04:15:36 d2.evaluation.evaluator]: Inference done 1058/1600. Dataloading: 0.0020 s/iter. Inference: 0.1467 s/iter. Eval: 0.1560 s/iter. Total: 0.3047 s/iter. ETA=0:02:45
[12/10 04:15:41 d2.evaluation.evaluator]: Inference done 1075/1600. Dataloading: 0.0020 s/iter. Inference: 0.1467 s/iter. Eval: 0.1560 s/iter. Total: 0.3047 s/iter. ETA=0:02:39
[12/10 04:15:46 d2.evaluation.evaluator]: Inference done 1092/1600. Dataloading: 0.0020 s/iter. Inference: 0.1467 s/iter. Eval: 0.1559 s/iter. Total: 0.3046 s/iter. ETA=0:02:34
[12/10 04:15:51 d2.evaluation.evaluator]: Inference done 1109/1600. Dataloading: 0.0020 s/iter. Inference: 0.1467 s/iter. Eval: 0.1559 s/iter. Total: 0.3046 s/iter. ETA=0:02:29
[12/10 04:15:56 d2.evaluation.evaluator]: Inference done 1126/1600. Dataloading: 0.0020 s/iter. Inference: 0.1467 s/iter. Eval: 0.1559 s/iter. Total: 0.3047 s/iter. ETA=0:02:24
[12/10 04:16:01 d2.evaluation.evaluator]: Inference done 1143/1600. Dataloading: 0.0020 s/iter. Inference: 0.1466 s/iter. Eval: 0.1558 s/iter. Total: 0.3045 s/iter. ETA=0:02:19
[12/10 04:16:06 d2.evaluation.evaluator]: Inference done 1160/1600. Dataloading: 0.0020 s/iter. Inference: 0.1466 s/iter. Eval: 0.1557 s/iter. Total: 0.3044 s/iter. ETA=0:02:13
[12/10 04:16:12 d2.evaluation.evaluator]: Inference done 1177/1600. Dataloading: 0.0020 s/iter. Inference: 0.1466 s/iter. Eval: 0.1557 s/iter. Total: 0.3044 s/iter. ETA=0:02:08
[12/10 04:16:17 d2.evaluation.evaluator]: Inference done 1194/1600. Dataloading: 0.0020 s/iter. Inference: 0.1466 s/iter. Eval: 0.1556 s/iter. Total: 0.3043 s/iter. ETA=0:02:03
[12/10 04:16:22 d2.evaluation.evaluator]: Inference done 1212/1600. Dataloading: 0.0020 s/iter. Inference: 0.1466 s/iter. Eval: 0.1555 s/iter. Total: 0.3041 s/iter. ETA=0:01:58
[12/10 04:16:27 d2.evaluation.evaluator]: Inference done 1229/1600. Dataloading: 0.0020 s/iter. Inference: 0.1466 s/iter. Eval: 0.1555 s/iter. Total: 0.3042 s/iter. ETA=0:01:52
[12/10 04:16:32 d2.evaluation.evaluator]: Inference done 1246/1600. Dataloading: 0.0020 s/iter. Inference: 0.1466 s/iter. Eval: 0.1556 s/iter. Total: 0.3042 s/iter. ETA=0:01:47
[12/10 04:16:38 d2.evaluation.evaluator]: Inference done 1263/1600. Dataloading: 0.0020 s/iter. Inference: 0.1466 s/iter. Eval: 0.1556 s/iter. Total: 0.3043 s/iter. ETA=0:01:42
[12/10 04:16:43 d2.evaluation.evaluator]: Inference done 1280/1600. Dataloading: 0.0020 s/iter. Inference: 0.1466 s/iter. Eval: 0.1557 s/iter. Total: 0.3043 s/iter. ETA=0:01:37
[12/10 04:16:48 d2.evaluation.evaluator]: Inference done 1297/1600. Dataloading: 0.0020 s/iter. Inference: 0.1465 s/iter. Eval: 0.1557 s/iter. Total: 0.3043 s/iter. ETA=0:01:32
[12/10 04:16:53 d2.evaluation.evaluator]: Inference done 1313/1600. Dataloading: 0.0020 s/iter. Inference: 0.1465 s/iter. Eval: 0.1558 s/iter. Total: 0.3044 s/iter. ETA=0:01:27
[12/10 04:16:58 d2.evaluation.evaluator]: Inference done 1330/1600. Dataloading: 0.0020 s/iter. Inference: 0.1465 s/iter. Eval: 0.1559 s/iter. Total: 0.3045 s/iter. ETA=0:01:22
[12/10 04:17:03 d2.evaluation.evaluator]: Inference done 1346/1600. Dataloading: 0.0020 s/iter. Inference: 0.1465 s/iter. Eval: 0.1560 s/iter. Total: 0.3046 s/iter. ETA=0:01:17
[12/10 04:17:09 d2.evaluation.evaluator]: Inference done 1363/1600. Dataloading: 0.0020 s/iter. Inference: 0.1465 s/iter. Eval: 0.1560 s/iter. Total: 0.3046 s/iter. ETA=0:01:12
[12/10 04:17:14 d2.evaluation.evaluator]: Inference done 1380/1600. Dataloading: 0.0020 s/iter. Inference: 0.1465 s/iter. Eval: 0.1561 s/iter. Total: 0.3047 s/iter. ETA=0:01:07
[12/10 04:17:19 d2.evaluation.evaluator]: Inference done 1396/1600. Dataloading: 0.0020 s/iter. Inference: 0.1465 s/iter. Eval: 0.1563 s/iter. Total: 0.3049 s/iter. ETA=0:01:02
[12/10 04:17:24 d2.evaluation.evaluator]: Inference done 1413/1600. Dataloading: 0.0020 s/iter. Inference: 0.1465 s/iter. Eval: 0.1564 s/iter. Total: 0.3050 s/iter. ETA=0:00:57
[12/10 04:17:29 d2.evaluation.evaluator]: Inference done 1429/1600. Dataloading: 0.0020 s/iter. Inference: 0.1465 s/iter. Eval: 0.1565 s/iter. Total: 0.3051 s/iter. ETA=0:00:52
[12/10 04:17:35 d2.evaluation.evaluator]: Inference done 1447/1600. Dataloading: 0.0020 s/iter. Inference: 0.1465 s/iter. Eval: 0.1564 s/iter. Total: 0.3049 s/iter. ETA=0:00:46
[12/10 04:17:40 d2.evaluation.evaluator]: Inference done 1464/1600. Dataloading: 0.0020 s/iter. Inference: 0.1465 s/iter. Eval: 0.1563 s/iter. Total: 0.3049 s/iter. ETA=0:00:41
[12/10 04:17:45 d2.evaluation.evaluator]: Inference done 1482/1600. Dataloading: 0.0020 s/iter. Inference: 0.1465 s/iter. Eval: 0.1562 s/iter. Total: 0.3047 s/iter. ETA=0:00:35
[12/10 04:17:50 d2.evaluation.evaluator]: Inference done 1499/1600. Dataloading: 0.0020 s/iter. Inference: 0.1465 s/iter. Eval: 0.1561 s/iter. Total: 0.3047 s/iter. ETA=0:00:30
[12/10 04:17:55 d2.evaluation.evaluator]: Inference done 1516/1600. Dataloading: 0.0020 s/iter. Inference: 0.1465 s/iter. Eval: 0.1562 s/iter. Total: 0.3047 s/iter. ETA=0:00:25
[12/10 04:18:00 d2.evaluation.evaluator]: Inference done 1533/1600. Dataloading: 0.0020 s/iter. Inference: 0.1465 s/iter. Eval: 0.1562 s/iter. Total: 0.3047 s/iter. ETA=0:00:20
[12/10 04:18:06 d2.evaluation.evaluator]: Inference done 1550/1600. Dataloading: 0.0020 s/iter. Inference: 0.1465 s/iter. Eval: 0.1562 s/iter. Total: 0.3048 s/iter. ETA=0:00:15
[12/10 04:18:11 d2.evaluation.evaluator]: Inference done 1567/1600. Dataloading: 0.0020 s/iter. Inference: 0.1465 s/iter. Eval: 0.1561 s/iter. Total: 0.3047 s/iter. ETA=0:00:10
[12/10 04:18:16 d2.evaluation.evaluator]: Inference done 1584/1600. Dataloading: 0.0020 s/iter. Inference: 0.1465 s/iter. Eval: 0.1561 s/iter. Total: 0.3046 s/iter. ETA=0:00:04
[12/10 04:18:21 d2.evaluation.evaluator]: Total inference time: 0:08:05.924805 (0.304655 s / iter per device, on 1 devices)
[12/10 04:18:21 d2.evaluation.evaluator]: Total inference pure compute time: 0:03:53 (0.146466 s / iter per device, on 1 devices)
[12/10 04:18:21 d2.evaluation.sem_seg_evaluation]: OrderedDict([('sem_seg', {'mIoU': 54.55538124179441, 'fwIoU': 85.87373397917595, 'IoU-road': 92.09497758193508, 'IoU-sidewalk': 67.29196021705049, 'IoU-building': 89.38171951944864, 'IoU-wall': 51.08562232199858, 'IoU-fence': 37.89085534135149, 'IoU-pole': 41.26209296175144, 'IoU-traffic light': 43.644799676614724, 'IoU-traffic sign': 46.77416205356418, 'IoU-vegetation': 84.48525518622947, 'IoU-terrain': 19.324828807326632, 'IoU-sky': 95.7758718735787, 'IoU-person': 63.00288147090013, 'IoU-rider': 9.496378266009499, 'IoU-car': 87.13708464222995, 'IoU-truck': 68.98591902601733, 'IoU-bus': 33.975821956501825, 'IoU-train': 16.110993736394605, 'IoU-motorcycle': 42.33526445037988, 'IoU-bicycle': 46.49575450481137, 'mACC': 68.51800640028051, 'pACC': 91.9333336494465, 'ACC-road': 98.25284202191938, 'ACC-sidewalk': 77.37006934395808, 'ACC-building': 95.40676231387108, 'ACC-wall': 62.25627058290642, 'ACC-fence': 48.20702276138601, 'ACC-pole': 51.4826792251506, 'ACC-traffic light': 68.76948399220714, 'ACC-traffic sign': 72.19778078281531, 'ACC-vegetation': 94.60612925148504, 'ACC-terrain': 19.706387564746592, 'ACC-sky': 97.27022716585186, 'ACC-person': 80.05940732549594, 'ACC-rider': 10.879999494262247, 'ACC-car': 93.47786635302651, 'ACC-truck': 90.3329379413876, 'ACC-bus': 92.44252383127791, 'ACC-train': 18.005687312635015, 'ACC-motorcycle': 56.15734101184117, 'ACC-bicycle': 74.96070332910556})])
[12/10 04:18:21 d2.engine.defaults]: Evaluation results for ACDC_train_seg in csv format:
[12/10 04:18:21 d2.evaluation.testing]: copypaste: Task: sem_seg
[12/10 04:18:21 d2.evaluation.testing]: copypaste: mIoU,fwIoU,mACC,pACC
[12/10 04:18:21 d2.evaluation.testing]: copypaste: 54.5554,85.8737,68.5180,91.9333
/data/zd/TTA_VLM/S2_Corr/train_net.py:16: FutureWarning: In the future `np.bool` will be defined as the corresponding NumPy scalar.
  if not hasattr(np, _name):
/data/zd/TTA_VLM/S2_Corr/train_net.py:16: FutureWarning: In the future `np.object` will be defined as the corresponding NumPy scalar.
  if not hasattr(np, _name):
/data/zd/TTA_VLM/S2_Corr/train_net.py:18: FutureWarning: In the future `np.long` will be defined as the corresponding NumPy scalar.
  if not hasattr(np, "long"):
/data2/anaconda3/envs/DeCLIP_CATSeg/lib/python3.10/site-packages/torchvision/datapoints/__init__.py:12: UserWarning: The torchvision.datapoints and torchvision.transforms.v2 namespaces are still Beta. While we do not expect major breaking changes, some APIs may still change according to user feedback. Please submit any feedback you may have in this issue: https://github.com/pytorch/vision/issues/6753, and you can also check out https://github.com/pytorch/vision/issues/7319 to learn more about the APIs that we suspect might involve future changes. You can silence this warning by calling torchvision.disable_beta_transforms_warning().
  warnings.warn(_BETA_TRANSFORMS_WARNING)
/data2/anaconda3/envs/DeCLIP_CATSeg/lib/python3.10/site-packages/torchvision/transforms/v2/__init__.py:54: UserWarning: The torchvision.datapoints and torchvision.transforms.v2 namespaces are still Beta. While we do not expect major breaking changes, some APIs may still change according to user feedback. Please submit any feedback you may have in this issue: https://github.com/pytorch/vision/issues/6753, and you can also check out https://github.com/pytorch/vision/issues/7319 to learn more about the APIs that we suspect might involve future changes. You can silence this warning by calling torchvision.disable_beta_transforms_warning().
  warnings.warn(_BETA_TRANSFORMS_WARNING)
Please 'pip install apex'
Command Line Args: Namespace(config_file='configs/cs7_catseg_vitl.yaml', resume=False, eval_only=True, num_gpus=1, num_machines=1, machine_rank=0, dist_url='auto', opts=['OUTPUT_DIR', 'outputs/cs7_eva_L14_r448//eval', 'MODEL.SEM_SEG_HEAD.TEST_CLASS_JSON', 'datasets/cityscapes_19.json', 'MODEL.SEM_SEG_HEAD.ENABLE_HIGH_RES', 'False', 'DATASETS.TEST', '("bdd100k_val_seg",)', 'TEST.SLIDING_WINDOW', 'True', 'MODEL.SEM_SEG_HEAD.POOLING_SIZES', '[1,1]', 'MODEL.WEIGHTS', 'outputs/cs7_eva_L14_r448//model_0019999.pth'])
[12/10 04:18:26 detectron2]: Rank of current process: 0. World size: 1
[12/10 04:18:26 detectron2]: Environment info:
----------------------  ------------------------------------------------------------------------------------------
sys.platform            linux
Python                  3.10.0 (default, Mar  3 2022, 09:58:08) [GCC 7.5.0]
numpy                   1.26.4
detectron2              0.6 @/data2/anaconda3/envs/DeCLIP_CATSeg/lib/python3.10/site-packages/detectron2
Compiler                GCC 7.5
CUDA compiler           CUDA 11.6
detectron2 arch flags   8.0
DETECTRON2_ENV_MODULE   <not set>
PyTorch                 2.0.0+cu117 @/data2/anaconda3/envs/DeCLIP_CATSeg/lib/python3.10/site-packages/torch
PyTorch debug build     False
GPU available           Yes
GPU 0                   GeForce RTX 3090 (arch=8.6)
Driver version          460.84
CUDA_HOME               /usr/local/cuda-11.6
TORCH_CUDA_ARCH_LIST    8.0
Pillow                  9.1.0
torchvision             0.15.1+cu117 @/data2/anaconda3/envs/DeCLIP_CATSeg/lib/python3.10/site-packages/torchvision
torchvision arch flags  3.5, 5.0, 6.0, 7.0, 7.5, 8.0, 8.6
fvcore                  0.1.5.post20221221
iopath                  0.1.9
cv2                     4.11.0
----------------------  ------------------------------------------------------------------------------------------
PyTorch built with:
  - GCC 9.3
  - C++ Version: 201703
  - Intel(R) oneAPI Math Kernel Library Version 2022.2-Product Build 20220804 for Intel(R) 64 architecture applications
  - Intel(R) MKL-DNN v2.7.3 (Git Hash 6dbeffbae1f23cbbeae17adb7b5b13f1f37c080e)
  - OpenMP 201511 (a.k.a. OpenMP 4.5)
  - LAPACK is enabled (usually provided by MKL)
  - NNPACK is enabled
  - CPU capability usage: AVX2
  - CUDA Runtime 11.7
  - NVCC architecture flags: -gencode;arch=compute_37,code=sm_37;-gencode;arch=compute_50,code=sm_50;-gencode;arch=compute_60,code=sm_60;-gencode;arch=compute_70,code=sm_70;-gencode;arch=compute_75,code=sm_75;-gencode;arch=compute_80,code=sm_80;-gencode;arch=compute_86,code=sm_86
  - CuDNN 8.5
  - Magma 2.6.1
  - Build settings: BLAS_INFO=mkl, BUILD_TYPE=Release, CUDA_VERSION=11.7, CUDNN_VERSION=8.5.0, CXX_COMPILER=/opt/rh/devtoolset-9/root/usr/bin/c++, CXX_FLAGS= -D_GLIBCXX_USE_CXX11_ABI=0 -fabi-version=11 -Wno-deprecated -fvisibility-inlines-hidden -DUSE_PTHREADPOOL -DNDEBUG -DUSE_KINETO -DLIBKINETO_NOROCTRACER -DUSE_FBGEMM -DUSE_QNNPACK -DUSE_PYTORCH_QNNPACK -DUSE_XNNPACK -DSYMBOLICATE_MOBILE_DEBUG_HANDLE -O2 -fPIC -Wall -Wextra -Werror=return-type -Werror=non-virtual-dtor -Werror=bool-operation -Wnarrowing -Wno-missing-field-initializers -Wno-type-limits -Wno-array-bounds -Wno-unknown-pragmas -Wunused-local-typedefs -Wno-unused-parameter -Wno-unused-function -Wno-unused-result -Wno-strict-overflow -Wno-strict-aliasing -Wno-error=deprecated-declarations -Wno-stringop-overflow -Wno-psabi -Wno-error=pedantic -Wno-error=redundant-decls -Wno-error=old-style-cast -fdiagnostics-color=always -faligned-new -Wno-unused-but-set-variable -Wno-maybe-uninitialized -fno-math-errno -fno-trapping-math -Werror=format -Werror=cast-function-type -Wno-stringop-overflow, LAPACK_INFO=mkl, PERF_WITH_AVX=1, PERF_WITH_AVX2=1, PERF_WITH_AVX512=1, TORCH_DISABLE_GPU_ASSERTS=ON, TORCH_VERSION=2.0.0, USE_CUDA=ON, USE_CUDNN=ON, USE_EXCEPTION_PTR=1, USE_GFLAGS=OFF, USE_GLOG=OFF, USE_MKL=ON, USE_MKLDNN=ON, USE_MPI=OFF, USE_NCCL=1, USE_NNPACK=ON, USE_OPENMP=ON, USE_ROCM=OFF, 

[12/10 04:18:26 detectron2]: Command line arguments: Namespace(config_file='configs/cs7_catseg_vitl.yaml', resume=False, eval_only=True, num_gpus=1, num_machines=1, machine_rank=0, dist_url='auto', opts=['OUTPUT_DIR', 'outputs/cs7_eva_L14_r448//eval', 'MODEL.SEM_SEG_HEAD.TEST_CLASS_JSON', 'datasets/cityscapes_19.json', 'MODEL.SEM_SEG_HEAD.ENABLE_HIGH_RES', 'False', 'DATASETS.TEST', '("bdd100k_val_seg",)', 'TEST.SLIDING_WINDOW', 'True', 'MODEL.SEM_SEG_HEAD.POOLING_SIZES', '[1,1]', 'MODEL.WEIGHTS', 'outputs/cs7_eva_L14_r448//model_0019999.pth'])
[12/10 04:18:26 detectron2]: Contents of args.config_file=configs/cs7_catseg_vitl.yaml:
_BASE_: config.yaml
DATASETS:
  TRAIN: ("cityscapes7_train",)
  TEST:  ("cityscapes19_val",)
MODEL:
  META_ARCHITECTURE: "CATSeg"
  PIXEL_MEAN: [123.675, 116.280, 103.530]
  PIXEL_STD: [58.395, 57.120, 57.375]
  SEM_SEG_HEAD:
    NAME: "CATSegHead"
    IN_FEATURES: ["res2", "res3", "res4"]
    IGNORE_VALUE: 255
    NUM_CLASSES: 19
    TRAIN_CLASS_JSON: "datasets/cityscapes_seen_7.json"
    TEST_CLASS_JSON:  "datasets/cityscapes_19.json"
    CLIP_PRETRAINED: "EVA02-CLIP-L-14-336"
    PROMPT_DEPTH: 0
    PROMPT_LENGTH: 0
    TEXT_GUIDANCE_DIM: 768
    TEXT_GUIDANCE_PROJ_DIM: 128
    APPEARANCE_GUIDANCE_DIM: 768
    APPEARANCE_GUIDANCE_PROJ_DIM: 128
    DECODER_DIMS: [64, 32]
    DECODER_GUIDANCE_DIMS: [256, 128]
    DECODER_GUIDANCE_PROJ_DIMS: [32, 16]
    NUM_LAYERS: 1
    NUM_HEADS: 4
    HIDDEN_DIMS: 128
    POOLING_SIZES: [ 1, 1 ]
    FEATURE_RESOLUTION: [32, 32]
    WINDOW_SIZES: 16
    ATTENTION_TYPE: "linear"
    CLIP_FINETUNE: "attention"
    CACHE_DIR: "/data/zd/TTA_VLM/pretrain/EVA02_CLIP_L_336_psz14_s6B.pt"
  PROMPT_ENSEMBLE_TYPE: "multi_domain"
INPUT:
  MIN_SIZE_TRAIN: (448, 640)
  MIN_SIZE_TRAIN_SAMPLING: "choice"
  MAX_SIZE_TRAIN: 1344
  MIN_SIZE_TEST: 448
  MAX_SIZE_TEST: 1008
  CROP:
    ENABLED: True
    TYPE: "absolute"
    SIZE: (448, 448)
  SIZE_DIVISIBILITY: 14
  FORMAT: "RGB"
  DATASET_MAPPER_NAME: "mask_former_semantic"
SOLVER:
  IMS_PER_BATCH: 4
  LR_SCHEDULER_NAME: "WarmupCosineLR"
  BASE_LR: 0.0002
  MAX_ITER: 20000
  BACKBONE_MULTIPLIER: 0.0
  CLIP_MULTIPLIER: 0.01
TEST:
  EVAL_PERIOD: 10000
  SLIDING_WINDOW: True
  SW_KERNEL: 448
  SW_OVERLAP: 0.333
  SW_OUT_RES: [448, 896]
  

[12/10 04:18:26 detectron2]: Running with full config:
CUDNN_BENCHMARK: true
DATALOADER:
  ASPECT_RATIO_GROUPING: true
  FILTER_EMPTY_ANNOTATIONS: true
  NUM_WORKERS: 8
  REPEAT_THRESHOLD: 0.0
  SAMPLER_TRAIN: TrainingSampler
DATASETS:
  PRECOMPUTED_PROPOSAL_TOPK_TEST: 1000
  PRECOMPUTED_PROPOSAL_TOPK_TRAIN: 2000
  PROPOSAL_FILES_TEST: []
  PROPOSAL_FILES_TRAIN: []
  TEST:
  - bdd100k_val_seg
  TRAIN:
  - cityscapes7_train
  VAL_ALL:
  - coco_2017_val_all_stuff_sem_seg
DDP:
  BROADCAST_BUFFERS: false
  FIND_UNUSED_PARAMETERS: true
GLOBAL:
  HACK: 1.0
INPUT:
  COLOR_AUG_SSD: true
  CROP:
    ENABLED: true
    SINGLE_CATEGORY_MAX_AREA: 1.0
    SIZE:
    - 448
    - 448
    TYPE: absolute
  DATASET_MAPPER_NAME: mask_former_semantic
  FORMAT: RGB
  MASK_FORMAT: polygon
  MAX_SIZE_TEST: 1008
  MAX_SIZE_TRAIN: 1344
  MIN_SIZE_TEST: 448
  MIN_SIZE_TRAIN:
  - 448
  - 640
  MIN_SIZE_TRAIN_SAMPLING: choice
  RANDOM_FLIP: horizontal
  SIZE_DIVISIBILITY: 14
MODEL:
  ANCHOR_GENERATOR:
    ANGLES:
    - - -90
      - 0
      - 90
    ASPECT_RATIOS:
    - - 0.5
      - 1.0
      - 2.0
    NAME: DefaultAnchorGenerator
    OFFSET: 0.0
    SIZES:
    - - 32
      - 64
      - 128
      - 256
      - 512
  BACKBONE:
    FREEZE_AT: 2
    NAME: build_resnet_backbone
  CLIP_PIXEL_MEAN:
  - 122.7709383
  - 116.7460125
  - 104.09373615
  CLIP_PIXEL_STD:
  - 68.5005327
  - 66.6321579
  - 70.323163
  DEVICE: cuda
  FPN:
    FUSE_TYPE: sum
    IN_FEATURES: []
    NORM: ''
    OUT_CHANNELS: 256
  KEYPOINT_ON: false
  LOAD_PROPOSALS: false
  MASK_FORMER:
    SIZE_DIVISIBILITY: 32
  MASK_ON: false
  META_ARCHITECTURE: CATSeg
  PANOPTIC_FPN:
    COMBINE:
      ENABLED: true
      INSTANCES_CONFIDENCE_THRESH: 0.5
      OVERLAP_THRESH: 0.5
      STUFF_AREA_LIMIT: 4096
    INSTANCE_LOSS_WEIGHT: 1.0
  PIXEL_MEAN:
  - 123.675
  - 116.28
  - 103.53
  PIXEL_STD:
  - 58.395
  - 57.12
  - 57.375
  PROMPT_ENSEMBLE: false
  PROMPT_ENSEMBLE_TYPE: multi_domain
  PROPOSAL_GENERATOR:
    MIN_SIZE: 0
    NAME: RPN
  RESNETS:
    DEFORM_MODULATED: false
    DEFORM_NUM_GROUPS: 1
    DEFORM_ON_PER_STAGE:
    - false
    - false
    - false
    - false
    DEPTH: 50
    NORM: FrozenBN
    NUM_GROUPS: 1
    OUT_FEATURES:
    - res4
    RES2_OUT_CHANNELS: 256
    RES4_DILATION: 1
    RES5_DILATION: 1
    RES5_MULTI_GRID:
    - 1
    - 2
    - 4
    STEM_OUT_CHANNELS: 64
    STEM_TYPE: deeplab
    STRIDE_IN_1X1: true
    WIDTH_PER_GROUP: 64
  RETINANET:
    BBOX_REG_LOSS_TYPE: smooth_l1
    BBOX_REG_WEIGHTS: &id002
    - 1.0
    - 1.0
    - 1.0
    - 1.0
    FOCAL_LOSS_ALPHA: 0.25
    FOCAL_LOSS_GAMMA: 2.0
    IN_FEATURES:
    - p3
    - p4
    - p5
    - p6
    - p7
    IOU_LABELS:
    - 0
    - -1
    - 1
    IOU_THRESHOLDS:
    - 0.4
    - 0.5
    NMS_THRESH_TEST: 0.5
    NORM: ''
    NUM_CLASSES: 80
    NUM_CONVS: 4
    PRIOR_PROB: 0.01
    SCORE_THRESH_TEST: 0.05
    SMOOTH_L1_LOSS_BETA: 0.1
    TOPK_CANDIDATES_TEST: 1000
  ROI_BOX_CASCADE_HEAD:
    BBOX_REG_WEIGHTS:
    - &id001
      - 10.0
      - 10.0
      - 5.0
      - 5.0
    - - 20.0
      - 20.0
      - 10.0
      - 10.0
    - - 30.0
      - 30.0
      - 15.0
      - 15.0
    IOUS:
    - 0.5
    - 0.6
    - 0.7
  ROI_BOX_HEAD:
    BBOX_REG_LOSS_TYPE: smooth_l1
    BBOX_REG_LOSS_WEIGHT: 1.0
    BBOX_REG_WEIGHTS: *id001
    CLS_AGNOSTIC_BBOX_REG: false
    CONV_DIM: 256
    FC_DIM: 1024
    NAME: ''
    NORM: ''
    NUM_CONV: 0
    NUM_FC: 0
    POOLER_RESOLUTION: 14
    POOLER_SAMPLING_RATIO: 0
    POOLER_TYPE: ROIAlignV2
    SMOOTH_L1_BETA: 0.0
    TRAIN_ON_PRED_BOXES: false
  ROI_HEADS:
    BATCH_SIZE_PER_IMAGE: 512
    IN_FEATURES:
    - res4
    IOU_LABELS:
    - 0
    - 1
    IOU_THRESHOLDS:
    - 0.5
    NAME: Res5ROIHeads
    NMS_THRESH_TEST: 0.5
    NUM_CLASSES: 80
    POSITIVE_FRACTION: 0.25
    PROPOSAL_APPEND_GT: true
    SCORE_THRESH_TEST: 0.05
  ROI_KEYPOINT_HEAD:
    CONV_DIMS:
    - 512
    - 512
    - 512
    - 512
    - 512
    - 512
    - 512
    - 512
    LOSS_WEIGHT: 1.0
    MIN_KEYPOINTS_PER_IMAGE: 1
    NAME: KRCNNConvDeconvUpsampleHead
    NORMALIZE_LOSS_BY_VISIBLE_KEYPOINTS: true
    NUM_KEYPOINTS: 17
    POOLER_RESOLUTION: 14
    POOLER_SAMPLING_RATIO: 0
    POOLER_TYPE: ROIAlignV2
  ROI_MASK_HEAD:
    CLS_AGNOSTIC_MASK: false
    CONV_DIM: 256
    NAME: MaskRCNNConvUpsampleHead
    NORM: ''
    NUM_CONV: 0
    POOLER_RESOLUTION: 14
    POOLER_SAMPLING_RATIO: 0
    POOLER_TYPE: ROIAlignV2
  RPN:
    BATCH_SIZE_PER_IMAGE: 256
    BBOX_REG_LOSS_TYPE: smooth_l1
    BBOX_REG_LOSS_WEIGHT: 1.0
    BBOX_REG_WEIGHTS: *id002
    BOUNDARY_THRESH: -1
    CONV_DIMS:
    - -1
    HEAD_NAME: StandardRPNHead
    IN_FEATURES:
    - res4
    IOU_LABELS:
    - 0
    - -1
    - 1
    IOU_THRESHOLDS:
    - 0.3
    - 0.7
    LOSS_WEIGHT: 1.0
    NMS_THRESH: 0.7
    POSITIVE_FRACTION: 0.5
    POST_NMS_TOPK_TEST: 1000
    POST_NMS_TOPK_TRAIN: 2000
    PRE_NMS_TOPK_TEST: 6000
    PRE_NMS_TOPK_TRAIN: 12000
    SMOOTH_L1_BETA: 0.0
  SEM_SEG_HEAD:
    APPEARANCE_GUIDANCE_DIM: 768
    APPEARANCE_GUIDANCE_PROJ_DIM: 128
    ASPP_CHANNELS: 256
    ASPP_DILATIONS:
    - 6
    - 12
    - 18
    ASPP_DROPOUT: 0.1
    ATTENTION_TYPE: linear
    CACHE_DIR: /data/zd/TTA_VLM/pretrain/EVA02_CLIP_L_336_psz14_s6B.pt
    CLIP_FINETUNE: attention
    CLIP_PRETRAINED: EVA02-CLIP-L-14-336
    COMMON_STRIDE: 4
    CONVS_DIM: 128
    DECODER_DIMS:
    - 64
    - 32
    DECODER_GUIDANCE_DIMS:
    - 256
    - 128
    DECODER_GUIDANCE_PROJ_DIMS:
    - 32
    - 16
    ENABLE_HIGH_RES: false
    FEATURE_RESOLUTION:
    - 32
    - 32
    HIDDEN_DIMS: 128
    IGNORE_VALUE: 255
    IN_FEATURES:
    - res2
    - res3
    - res4
    LOSS_TYPE: hard_pixel_mining
    LOSS_WEIGHT: 1.0
    NAME: CATSegHead
    NORM: GN
    NUM_CLASSES: 19
    NUM_HEADS: 4
    NUM_LAYERS: 1
    POOLING_SIZES:
    - 1
    - 1
    PROJECT_CHANNELS:
    - 48
    PROJECT_FEATURES:
    - res2
    PROMPT_DEPTH: 0
    PROMPT_LENGTH: 0
    TEST_CLASS_INDEXES: datasets/coco/coco_stuff/split/unseen_indexes.json
    TEST_CLASS_JSON: datasets/cityscapes_19.json
    TEXT_GUIDANCE_DIM: 768
    TEXT_GUIDANCE_PROJ_DIM: 128
    TRAIN_CLASS_INDEXES: datasets/coco/coco_stuff/split/seen_indexes.json
    TRAIN_CLASS_JSON: datasets/cityscapes_seen_7.json
    USE_DEPTHWISE_SEPARABLE_CONV: false
    WINDOW_SIZES: 16
  SWIN:
    APE: false
    ATTN_DROP_RATE: 0.0
    DEPTHS:
    - 2
    - 2
    - 6
    - 2
    DROP_PATH_RATE: 0.3
    DROP_RATE: 0.0
    EMBED_DIM: 96
    MLP_RATIO: 4.0
    NUM_HEADS:
    - 3
    - 6
    - 12
    - 24
    OUT_FEATURES:
    - res2
    - res3
    - res4
    - res5
    PATCH_NORM: true
    PATCH_SIZE: 4
    PRETRAIN_IMG_SIZE: 224
    QKV_BIAS: true
    QK_SCALE: null
    WINDOW_SIZE: 7
  WEIGHTS: outputs/cs7_eva_L14_r448//model_0019999.pth
OUTPUT_DIR: outputs/cs7_eva_L14_r448//eval
SEED: -1
SOLVER:
  AMP:
    ENABLED: false
  BACKBONE_MULTIPLIER: 0.0
  BASE_LR: 0.0002
  BIAS_LR_FACTOR: 1.0
  CHECKPOINT_PERIOD: 5000
  CLIP_GRADIENTS:
    CLIP_TYPE: full_model
    CLIP_VALUE: 0.01
    ENABLED: true
    NORM_TYPE: 2.0
  CLIP_MULTIPLIER: 0.01
  GAMMA: 0.1
  IMS_PER_BATCH: 4
  LR_SCHEDULER_NAME: WarmupCosineLR
  MAX_ITER: 20000
  MOMENTUM: 0.9
  NESTEROV: false
  OPTIMIZER: ADAMW
  POLY_LR_CONSTANT_ENDING: 0.0
  POLY_LR_POWER: 0.9
  REFERENCE_WORLD_SIZE: 0
  STEPS:
  - 30000
  WARMUP_FACTOR: 1.0
  WARMUP_ITERS: 0
  WARMUP_METHOD: linear
  WEIGHT_DECAY: 0.0001
  WEIGHT_DECAY_BIAS: null
  WEIGHT_DECAY_EMBED: 0.0
  WEIGHT_DECAY_NORM: 0.0
TEST:
  AUG:
    ENABLED: false
    FLIP: true
    MAX_SIZE: 4000
    MIN_SIZES:
    - 400
    - 500
    - 600
    - 700
    - 800
    - 900
    - 1000
    - 1100
    - 1200
  DETECTIONS_PER_IMAGE: 100
  EVAL_PERIOD: 10000
  EXPECTED_RESULTS: []
  KEYPOINT_OKS_SIGMAS: []
  PRECISE_BN:
    ENABLED: false
    NUM_ITER: 200
  SLIDING_WINDOW: true
  SW_KERNEL: 448
  SW_OUT_RES:
  - 448
  - 896
  SW_OVERLAP: 0.333
VERSION: 2
VIS_PERIOD: 0

[12/10 04:18:27 detectron2]: Full config saved to outputs/cs7_eva_L14_r448//eval/config.yaml
[12/10 04:18:27 d2.utils.env]: Using a generated random seed 27114544
Freeze text encoder parameters
[12/10 04:18:37 d2.engine.defaults]: Model:
CATSeg(
  (sem_seg_head): CATSegHead(
    (predictor): CATSegPredictor(
      (clip_model): CustomCLIP(
        (visual): EVAVisionTransformer(
          (patch_embed): PatchEmbed(
            (proj): Conv2d(3, 1024, kernel_size=(14, 14), stride=(14, 14))
          )
          (pos_drop): Dropout(p=0.0, inplace=False)
          (rope): VisionRotaryEmbeddingFast()
          (blocks): ModuleList(
            (0-23): 24 x Block(
              (norm1): LayerNorm((1024,), eps=1e-06, elementwise_affine=True)
              (attn): Attention(
                (q_proj): Linear(in_features=1024, out_features=1024, bias=False)
                (k_proj): Linear(in_features=1024, out_features=1024, bias=False)
                (v_proj): Linear(in_features=1024, out_features=1024, bias=False)
                (attn_drop): Dropout(p=0.0, inplace=False)
                (inner_attn_ln): LayerNorm((1024,), eps=1e-06, elementwise_affine=True)
                (proj): Linear(in_features=1024, out_features=1024, bias=True)
                (proj_drop): Dropout(p=0.0, inplace=False)
                (rope): VisionRotaryEmbeddingFast()
              )
              (drop_path): Identity()
              (norm2): LayerNorm((1024,), eps=1e-06, elementwise_affine=True)
              (mlp): SwiGLU(
                (w1): Linear(in_features=1024, out_features=2730, bias=True)
                (w2): Linear(in_features=1024, out_features=2730, bias=True)
                (act): SiLU()
                (ffn_ln): LayerNorm((2730,), eps=1e-06, elementwise_affine=True)
                (w3): Linear(in_features=2730, out_features=1024, bias=True)
                (drop): Dropout(p=0.0, inplace=False)
              )
            )
          )
          (norm): LayerNorm((1024,), eps=1e-06, elementwise_affine=True)
          (head): Linear(in_features=1024, out_features=768, bias=True)
          (patch_dropout): Identity()
        )
        (text): TextTransformer(
          (token_embedding): Embedding(49408, 768)
          (transformer): Transformer(
            (resblocks): ModuleList(
              (0-11): 12 x ResidualAttentionBlock(
                (ln_1): LayerNorm((768,), eps=1e-05, elementwise_affine=True)
                (attn): MultiheadAttention(
                  (out_proj): NonDynamicallyQuantizableLinear(in_features=768, out_features=768, bias=True)
                )
                (ls_1): Identity()
                (ln_2): LayerNorm((768,), eps=1e-05, elementwise_affine=True)
                (mlp): Sequential(
                  (c_fc): Linear(in_features=768, out_features=3072, bias=True)
                  (gelu): GELU(approximate='none')
                  (c_proj): Linear(in_features=3072, out_features=768, bias=True)
                )
                (ls_2): Identity()
              )
            )
          )
          (ln_final): LayerNorm((768,), eps=1e-05, elementwise_affine=True)
        )
      )
      (transformer): AggregatorMambaLite(
        (layers): ModuleList(
          (0): Sequential(
            (0): AxialMambaBlockLite_v2(
              (film): FiLM2D(
                (pool): AdaptiveAvgPool2d(output_size=1)
                (fc): Conv2d(128, 256, kernel_size=(1, 1), stride=(1, 1))
              )
              (pre_mix): Sequential(
                (0): Conv2d(128, 128, kernel_size=(3, 3), stride=(1, 1), padding=(1, 1), groups=128)
                (1): Conv2d(128, 128, kernel_size=(1, 1), stride=(1, 1))
                (2): GELU(approximate='none')
              )
              (seq_row): Mamba1DWithDecayPrior(
                (out_norm): LayerNorm((128,), eps=1e-05, elementwise_affine=True)
                (gate): Sequential(
                  (0): Linear(in_features=128, out_features=128, bias=True)
                  (1): SiLU()
                )
                (proj_in): Linear(in_features=128, out_features=384, bias=True)
                (drop): Dropout(p=0.0, inplace=False)
              )
              (post_proj): Conv2d(128, 128, kernel_size=(1, 1), stride=(1, 1))
              (norm_tok): LayerNorm((128,), eps=1e-05, elementwise_affine=True)
              (ffn): Sequential(
                (0): Linear(in_features=128, out_features=384, bias=True)
                (1): GELU(approximate='none')
                (2): Linear(in_features=384, out_features=128, bias=True)
              )
              (down): Identity()
            )
            (1): ClassMambaLayerLite(
              (pool): AvgPool2d(kernel_size=[1, 1], stride=[1, 1], padding=0)
              (guid_proj): Linear(in_features=128, out_features=256, bias=True)
              (seq_block): _Mamba1DAdapterLite(
                (blocks): ModuleList(
                  (0): PseudoMamba1D(
                    (gate): Sequential(
                      (0): Linear(in_features=128, out_features=128, bias=True)
                      (1): SiLU()
                    )
                    (proj_in): Linear(in_features=128, out_features=384, bias=True)
                    (out_norm): LayerNorm((128,), eps=1e-05, elementwise_affine=True)
                    (drop): Dropout(p=0.0, inplace=False)
                  )
                )
                (norm): LayerNorm((128,), eps=1e-05, elementwise_affine=True)
              )
              (norm1): LayerNorm((128,), eps=1e-05, elementwise_affine=True)
              (norm2): LayerNorm((128,), eps=1e-05, elementwise_affine=True)
              (ffn): Sequential(
                (0): Linear(in_features=128, out_features=384, bias=True)
                (1): GELU(approximate='none')
                (2): Linear(in_features=384, out_features=128, bias=True)
              )
            )
          )
        )
        (conv1): Conv2d(1, 128, kernel_size=(7, 7), stride=(1, 1), padding=(3, 3))
        (guidance_projection): Sequential(
          (0): Conv2d(768, 128, kernel_size=(3, 3), stride=(1, 1), padding=(1, 1))
          (1): ReLU()
        )
        (text_guidance_projection): Sequential(
          (0): Linear(in_features=768, out_features=128, bias=True)
          (1): ReLU()
        )
        (decoder_guidance_projection): ModuleList(
          (0): Sequential(
            (0): Conv2d(256, 32, kernel_size=(3, 3), stride=(1, 1), padding=(1, 1))
            (1): ReLU()
          )
          (1): Sequential(
            (0): Conv2d(128, 16, kernel_size=(3, 3), stride=(1, 1), padding=(1, 1))
            (1): ReLU()
          )
        )
        (decoder1): UpLite(
          (up): ConvTranspose2d(128, 96, kernel_size=(2, 2), stride=(2, 2))
          (conv): Sequential(
            (0): Conv2d(128, 64, kernel_size=(3, 3), stride=(1, 1), padding=(1, 1), bias=False)
            (1): GroupNorm(4, 64, eps=1e-05, affine=True)
            (2): ReLU()
          )
        )
        (decoder2): UpLite(
          (up): ConvTranspose2d(64, 48, kernel_size=(2, 2), stride=(2, 2))
          (conv): Sequential(
            (0): Conv2d(64, 32, kernel_size=(3, 3), stride=(1, 1), padding=(1, 1), bias=False)
            (1): GroupNorm(2, 32, eps=1e-05, affine=True)
            (2): ReLU()
          )
        )
        (head): Conv2d(32, 1, kernel_size=(3, 3), stride=(1, 1), padding=(1, 1))
      )
    )
  )
  (upsample1): ConvTranspose2d(1024, 256, kernel_size=(2, 2), stride=(2, 2))
  (upsample2): ConvTranspose2d(1024, 128, kernel_size=(4, 4), stride=(4, 4))
)
[12/10 04:18:37 fvcore.common.checkpoint]: [Checkpointer] Loading from outputs/cs7_eva_L14_r448//model_0019999.pth ...
[12/10 04:18:39 d2.data.datasets.coco]: Loaded 1000 images with semantic segmentation from /data/zd/data/BDD/bdd-100k/bdd100k/images/10k/val/
[12/10 04:18:39 d2.data.dataset_mapper]: [DatasetMapper] Augmentations used in inference: [ResizeShortestEdge(short_edge_length=(448, 448), max_size=1008, sample_style='choice')]
[12/10 04:18:39 d2.data.common]: Serializing 1000 elements to byte tensors and concatenating them all ...
[12/10 04:18:39 d2.data.common]: Serialized dataset takes 0.20 MiB
[12/10 04:18:39 d2.data.datasets.coco]: Loaded 1000 images with semantic segmentation from /data/zd/data/BDD/bdd-100k/bdd100k/images/10k/val/
[12/10 04:18:39 d2.evaluation.evaluator]: Start inference on 1000 batches
Add a new rope freq of shape: torch.Size([1024, 64])
[12/10 04:18:43 d2.evaluation.evaluator]: Inference done 11/1000. Dataloading: 0.0006 s/iter. Inference: 0.1448 s/iter. Eval: 0.0661 s/iter. Total: 0.2116 s/iter. ETA=0:03:29
[12/10 04:18:48 d2.evaluation.evaluator]: Inference done 35/1000. Dataloading: 0.0014 s/iter. Inference: 0.1451 s/iter. Eval: 0.0653 s/iter. Total: 0.2118 s/iter. ETA=0:03:24
[12/10 04:18:53 d2.evaluation.evaluator]: Inference done 59/1000. Dataloading: 0.0015 s/iter. Inference: 0.1453 s/iter. Eval: 0.0643 s/iter. Total: 0.2112 s/iter. ETA=0:03:18
[12/10 04:18:58 d2.evaluation.evaluator]: Inference done 83/1000. Dataloading: 0.0016 s/iter. Inference: 0.1454 s/iter. Eval: 0.0647 s/iter. Total: 0.2117 s/iter. ETA=0:03:14
[12/10 04:19:03 d2.evaluation.evaluator]: Inference done 107/1000. Dataloading: 0.0016 s/iter. Inference: 0.1455 s/iter. Eval: 0.0645 s/iter. Total: 0.2116 s/iter. ETA=0:03:08
[12/10 04:19:08 d2.evaluation.evaluator]: Inference done 131/1000. Dataloading: 0.0016 s/iter. Inference: 0.1456 s/iter. Eval: 0.0644 s/iter. Total: 0.2117 s/iter. ETA=0:03:04
[12/10 04:19:13 d2.evaluation.evaluator]: Inference done 155/1000. Dataloading: 0.0016 s/iter. Inference: 0.1457 s/iter. Eval: 0.0645 s/iter. Total: 0.2119 s/iter. ETA=0:02:59
[12/10 04:19:18 d2.evaluation.evaluator]: Inference done 179/1000. Dataloading: 0.0017 s/iter. Inference: 0.1458 s/iter. Eval: 0.0644 s/iter. Total: 0.2120 s/iter. ETA=0:02:54
[12/10 04:19:23 d2.evaluation.evaluator]: Inference done 203/1000. Dataloading: 0.0017 s/iter. Inference: 0.1459 s/iter. Eval: 0.0643 s/iter. Total: 0.2120 s/iter. ETA=0:02:48
[12/10 04:19:28 d2.evaluation.evaluator]: Inference done 227/1000. Dataloading: 0.0017 s/iter. Inference: 0.1460 s/iter. Eval: 0.0645 s/iter. Total: 0.2122 s/iter. ETA=0:02:43
[12/10 04:19:34 d2.evaluation.evaluator]: Inference done 251/1000. Dataloading: 0.0017 s/iter. Inference: 0.1460 s/iter. Eval: 0.0649 s/iter. Total: 0.2127 s/iter. ETA=0:02:39
[12/10 04:19:39 d2.evaluation.evaluator]: Inference done 275/1000. Dataloading: 0.0017 s/iter. Inference: 0.1461 s/iter. Eval: 0.0650 s/iter. Total: 0.2128 s/iter. ETA=0:02:34
[12/10 04:19:44 d2.evaluation.evaluator]: Inference done 299/1000. Dataloading: 0.0017 s/iter. Inference: 0.1463 s/iter. Eval: 0.0649 s/iter. Total: 0.2129 s/iter. ETA=0:02:29
[12/10 04:19:49 d2.evaluation.evaluator]: Inference done 322/1000. Dataloading: 0.0017 s/iter. Inference: 0.1464 s/iter. Eval: 0.0650 s/iter. Total: 0.2132 s/iter. ETA=0:02:24
[12/10 04:19:54 d2.evaluation.evaluator]: Inference done 346/1000. Dataloading: 0.0017 s/iter. Inference: 0.1465 s/iter. Eval: 0.0649 s/iter. Total: 0.2132 s/iter. ETA=0:02:19
[12/10 04:19:59 d2.evaluation.evaluator]: Inference done 369/1000. Dataloading: 0.0018 s/iter. Inference: 0.1467 s/iter. Eval: 0.0651 s/iter. Total: 0.2136 s/iter. ETA=0:02:14
[12/10 04:20:04 d2.evaluation.evaluator]: Inference done 393/1000. Dataloading: 0.0018 s/iter. Inference: 0.1468 s/iter. Eval: 0.0651 s/iter. Total: 0.2137 s/iter. ETA=0:02:09
[12/10 04:20:09 d2.evaluation.evaluator]: Inference done 417/1000. Dataloading: 0.0018 s/iter. Inference: 0.1468 s/iter. Eval: 0.0650 s/iter. Total: 0.2137 s/iter. ETA=0:02:04
[12/10 04:20:14 d2.evaluation.evaluator]: Inference done 441/1000. Dataloading: 0.0018 s/iter. Inference: 0.1469 s/iter. Eval: 0.0649 s/iter. Total: 0.2136 s/iter. ETA=0:01:59
[12/10 04:20:20 d2.evaluation.evaluator]: Inference done 465/1000. Dataloading: 0.0018 s/iter. Inference: 0.1470 s/iter. Eval: 0.0648 s/iter. Total: 0.2137 s/iter. ETA=0:01:54
[12/10 04:20:25 d2.evaluation.evaluator]: Inference done 489/1000. Dataloading: 0.0018 s/iter. Inference: 0.1471 s/iter. Eval: 0.0647 s/iter. Total: 0.2137 s/iter. ETA=0:01:49
[12/10 04:20:30 d2.evaluation.evaluator]: Inference done 513/1000. Dataloading: 0.0018 s/iter. Inference: 0.1471 s/iter. Eval: 0.0644 s/iter. Total: 0.2135 s/iter. ETA=0:01:43
[12/10 04:20:35 d2.evaluation.evaluator]: Inference done 537/1000. Dataloading: 0.0018 s/iter. Inference: 0.1473 s/iter. Eval: 0.0645 s/iter. Total: 0.2136 s/iter. ETA=0:01:38
[12/10 04:20:40 d2.evaluation.evaluator]: Inference done 561/1000. Dataloading: 0.0018 s/iter. Inference: 0.1473 s/iter. Eval: 0.0645 s/iter. Total: 0.2137 s/iter. ETA=0:01:33
[12/10 04:20:45 d2.evaluation.evaluator]: Inference done 585/1000. Dataloading: 0.0018 s/iter. Inference: 0.1473 s/iter. Eval: 0.0645 s/iter. Total: 0.2137 s/iter. ETA=0:01:28
[12/10 04:20:50 d2.evaluation.evaluator]: Inference done 609/1000. Dataloading: 0.0018 s/iter. Inference: 0.1473 s/iter. Eval: 0.0644 s/iter. Total: 0.2136 s/iter. ETA=0:01:23
[12/10 04:20:55 d2.evaluation.evaluator]: Inference done 633/1000. Dataloading: 0.0018 s/iter. Inference: 0.1473 s/iter. Eval: 0.0644 s/iter. Total: 0.2136 s/iter. ETA=0:01:18
[12/10 04:21:01 d2.evaluation.evaluator]: Inference done 657/1000. Dataloading: 0.0019 s/iter. Inference: 0.1473 s/iter. Eval: 0.0643 s/iter. Total: 0.2136 s/iter. ETA=0:01:13
[12/10 04:21:06 d2.evaluation.evaluator]: Inference done 681/1000. Dataloading: 0.0019 s/iter. Inference: 0.1473 s/iter. Eval: 0.0643 s/iter. Total: 0.2135 s/iter. ETA=0:01:08
[12/10 04:21:11 d2.evaluation.evaluator]: Inference done 705/1000. Dataloading: 0.0019 s/iter. Inference: 0.1473 s/iter. Eval: 0.0643 s/iter. Total: 0.2135 s/iter. ETA=0:01:02
[12/10 04:21:16 d2.evaluation.evaluator]: Inference done 729/1000. Dataloading: 0.0019 s/iter. Inference: 0.1473 s/iter. Eval: 0.0643 s/iter. Total: 0.2135 s/iter. ETA=0:00:57
[12/10 04:21:21 d2.evaluation.evaluator]: Inference done 753/1000. Dataloading: 0.0019 s/iter. Inference: 0.1473 s/iter. Eval: 0.0642 s/iter. Total: 0.2135 s/iter. ETA=0:00:52
[12/10 04:21:26 d2.evaluation.evaluator]: Inference done 778/1000. Dataloading: 0.0019 s/iter. Inference: 0.1472 s/iter. Eval: 0.0639 s/iter. Total: 0.2131 s/iter. ETA=0:00:47
[12/10 04:21:31 d2.evaluation.evaluator]: Inference done 803/1000. Dataloading: 0.0019 s/iter. Inference: 0.1472 s/iter. Eval: 0.0637 s/iter. Total: 0.2129 s/iter. ETA=0:00:41
[12/10 04:21:36 d2.evaluation.evaluator]: Inference done 827/1000. Dataloading: 0.0019 s/iter. Inference: 0.1472 s/iter. Eval: 0.0637 s/iter. Total: 0.2129 s/iter. ETA=0:00:36
[12/10 04:21:41 d2.evaluation.evaluator]: Inference done 852/1000. Dataloading: 0.0019 s/iter. Inference: 0.1472 s/iter. Eval: 0.0635 s/iter. Total: 0.2127 s/iter. ETA=0:00:31
[12/10 04:21:47 d2.evaluation.evaluator]: Inference done 877/1000. Dataloading: 0.0019 s/iter. Inference: 0.1472 s/iter. Eval: 0.0634 s/iter. Total: 0.2126 s/iter. ETA=0:00:26
[12/10 04:21:52 d2.evaluation.evaluator]: Inference done 901/1000. Dataloading: 0.0019 s/iter. Inference: 0.1472 s/iter. Eval: 0.0634 s/iter. Total: 0.2125 s/iter. ETA=0:00:21
[12/10 04:21:57 d2.evaluation.evaluator]: Inference done 926/1000. Dataloading: 0.0019 s/iter. Inference: 0.1472 s/iter. Eval: 0.0633 s/iter. Total: 0.2124 s/iter. ETA=0:00:15
[12/10 04:22:02 d2.evaluation.evaluator]: Inference done 950/1000. Dataloading: 0.0019 s/iter. Inference: 0.1471 s/iter. Eval: 0.0632 s/iter. Total: 0.2123 s/iter. ETA=0:00:10
[12/10 04:22:07 d2.evaluation.evaluator]: Inference done 974/1000. Dataloading: 0.0019 s/iter. Inference: 0.1471 s/iter. Eval: 0.0632 s/iter. Total: 0.2123 s/iter. ETA=0:00:05
[12/10 04:22:12 d2.evaluation.evaluator]: Inference done 998/1000. Dataloading: 0.0019 s/iter. Inference: 0.1471 s/iter. Eval: 0.0632 s/iter. Total: 0.2123 s/iter. ETA=0:00:00
[12/10 04:22:13 d2.evaluation.evaluator]: Total inference time: 0:03:31.334148 (0.212396 s / iter per device, on 1 devices)
[12/10 04:22:13 d2.evaluation.evaluator]: Total inference pure compute time: 0:02:26 (0.147133 s / iter per device, on 1 devices)
[12/10 04:22:13 d2.evaluation.sem_seg_evaluation]: OrderedDict([('sem_seg', {'mIoU': 53.706979087654595, 'fwIoU': 87.36057300370337, 'IoU-road': 94.97398456430312, 'IoU-sidewalk': 67.08267563041709, 'IoU-building': 87.05993880618288, 'IoU-wall': 31.945985335592187, 'IoU-fence': 37.865386113207244, 'IoU-pole': 36.41167155172237, 'IoU-traffic light': 32.230790884769725, 'IoU-traffic sign': 36.48520396628016, 'IoU-vegetation': 85.02544433439272, 'IoU-terrain': 17.133603695552907, 'IoU-sky': 94.85853621700929, 'IoU-person': 69.65653019511954, 'IoU-rider': 0.6426815299750308, 'IoU-car': 90.4592445990433, 'IoU-truck': 51.74215495234411, 'IoU-bus': 78.15861137600334, 'IoU-train': 0.24050976138828636, 'IoU-motorcycle': 62.580010907316506, 'IoU-bicycle': 45.87963824481745, 'mACC': 65.84583721877353, 'pACC': 92.7430379751645, 'ACC-road': 96.93865846515173, 'ACC-sidewalk': 85.11396109086898, 'ACC-building': 92.03125749943813, 'ACC-wall': 47.14765263926052, 'ACC-fence': 55.7552907619315, 'ACC-pole': 42.157009096470055, 'ACC-traffic light': 61.17084971175588, 'ACC-traffic sign': 66.34171345826859, 'ACC-vegetation': 95.47519500129394, 'ACC-terrain': 18.78733047603541, 'ACC-sky': 96.75585929182292, 'ACC-person': 80.86512039855197, 'ACC-rider': 1.475231295585307, 'ACC-car': 96.70506955503404, 'ACC-truck': 66.90760658594282, 'ACC-bus': 81.17524183077836, 'ACC-train': 0.809705511839775, 'ACC-motorcycle': 80.37177324965211, 'ACC-bicycle': 85.0863812370152})])
[12/10 04:22:13 d2.engine.defaults]: Evaluation results for bdd100k_val_seg in csv format:
[12/10 04:22:13 d2.evaluation.testing]: copypaste: Task: sem_seg
[12/10 04:22:13 d2.evaluation.testing]: copypaste: mIoU,fwIoU,mACC,pACC
[12/10 04:22:13 d2.evaluation.testing]: copypaste: 53.7070,87.3606,65.8458,92.7430
/data/zd/TTA_VLM/S2_Corr/train_net.py:16: FutureWarning: In the future `np.bool` will be defined as the corresponding NumPy scalar.
  if not hasattr(np, _name):
/data/zd/TTA_VLM/S2_Corr/train_net.py:16: FutureWarning: In the future `np.object` will be defined as the corresponding NumPy scalar.
  if not hasattr(np, _name):
/data/zd/TTA_VLM/S2_Corr/train_net.py:18: FutureWarning: In the future `np.long` will be defined as the corresponding NumPy scalar.
  if not hasattr(np, "long"):
/data2/anaconda3/envs/DeCLIP_CATSeg/lib/python3.10/site-packages/torchvision/datapoints/__init__.py:12: UserWarning: The torchvision.datapoints and torchvision.transforms.v2 namespaces are still Beta. While we do not expect major breaking changes, some APIs may still change according to user feedback. Please submit any feedback you may have in this issue: https://github.com/pytorch/vision/issues/6753, and you can also check out https://github.com/pytorch/vision/issues/7319 to learn more about the APIs that we suspect might involve future changes. You can silence this warning by calling torchvision.disable_beta_transforms_warning().
  warnings.warn(_BETA_TRANSFORMS_WARNING)
/data2/anaconda3/envs/DeCLIP_CATSeg/lib/python3.10/site-packages/torchvision/transforms/v2/__init__.py:54: UserWarning: The torchvision.datapoints and torchvision.transforms.v2 namespaces are still Beta. While we do not expect major breaking changes, some APIs may still change according to user feedback. Please submit any feedback you may have in this issue: https://github.com/pytorch/vision/issues/6753, and you can also check out https://github.com/pytorch/vision/issues/7319 to learn more about the APIs that we suspect might involve future changes. You can silence this warning by calling torchvision.disable_beta_transforms_warning().
  warnings.warn(_BETA_TRANSFORMS_WARNING)
Please 'pip install apex'
Command Line Args: Namespace(config_file='configs/cs7_catseg_vitl.yaml', resume=False, eval_only=True, num_gpus=1, num_machines=1, machine_rank=0, dist_url='auto', opts=['OUTPUT_DIR', 'outputs/cs7_eva_L14_r448//eval', 'MODEL.SEM_SEG_HEAD.TEST_CLASS_JSON', 'datasets/cityscapes_19.json', 'MODEL.SEM_SEG_HEAD.ENABLE_HIGH_RES', 'False', 'DATASETS.TEST', '("mapillary_val_seg",)', 'TEST.SLIDING_WINDOW', 'True', 'MODEL.SEM_SEG_HEAD.POOLING_SIZES', '[1,1]', 'MODEL.WEIGHTS', 'outputs/cs7_eva_L14_r448//model_0019999.pth'])
[12/10 04:22:18 detectron2]: Rank of current process: 0. World size: 1
[12/10 04:22:18 detectron2]: Environment info:
----------------------  ------------------------------------------------------------------------------------------
sys.platform            linux
Python                  3.10.0 (default, Mar  3 2022, 09:58:08) [GCC 7.5.0]
numpy                   1.26.4
detectron2              0.6 @/data2/anaconda3/envs/DeCLIP_CATSeg/lib/python3.10/site-packages/detectron2
Compiler                GCC 7.5
CUDA compiler           CUDA 11.6
detectron2 arch flags   8.0
DETECTRON2_ENV_MODULE   <not set>
PyTorch                 2.0.0+cu117 @/data2/anaconda3/envs/DeCLIP_CATSeg/lib/python3.10/site-packages/torch
PyTorch debug build     False
GPU available           Yes
GPU 0                   GeForce RTX 3090 (arch=8.6)
Driver version          460.84
CUDA_HOME               /usr/local/cuda-11.6
TORCH_CUDA_ARCH_LIST    8.0
Pillow                  9.1.0
torchvision             0.15.1+cu117 @/data2/anaconda3/envs/DeCLIP_CATSeg/lib/python3.10/site-packages/torchvision
torchvision arch flags  3.5, 5.0, 6.0, 7.0, 7.5, 8.0, 8.6
fvcore                  0.1.5.post20221221
iopath                  0.1.9
cv2                     4.11.0
----------------------  ------------------------------------------------------------------------------------------
PyTorch built with:
  - GCC 9.3
  - C++ Version: 201703
  - Intel(R) oneAPI Math Kernel Library Version 2022.2-Product Build 20220804 for Intel(R) 64 architecture applications
  - Intel(R) MKL-DNN v2.7.3 (Git Hash 6dbeffbae1f23cbbeae17adb7b5b13f1f37c080e)
  - OpenMP 201511 (a.k.a. OpenMP 4.5)
  - LAPACK is enabled (usually provided by MKL)
  - NNPACK is enabled
  - CPU capability usage: AVX2
  - CUDA Runtime 11.7
  - NVCC architecture flags: -gencode;arch=compute_37,code=sm_37;-gencode;arch=compute_50,code=sm_50;-gencode;arch=compute_60,code=sm_60;-gencode;arch=compute_70,code=sm_70;-gencode;arch=compute_75,code=sm_75;-gencode;arch=compute_80,code=sm_80;-gencode;arch=compute_86,code=sm_86
  - CuDNN 8.5
  - Magma 2.6.1
  - Build settings: BLAS_INFO=mkl, BUILD_TYPE=Release, CUDA_VERSION=11.7, CUDNN_VERSION=8.5.0, CXX_COMPILER=/opt/rh/devtoolset-9/root/usr/bin/c++, CXX_FLAGS= -D_GLIBCXX_USE_CXX11_ABI=0 -fabi-version=11 -Wno-deprecated -fvisibility-inlines-hidden -DUSE_PTHREADPOOL -DNDEBUG -DUSE_KINETO -DLIBKINETO_NOROCTRACER -DUSE_FBGEMM -DUSE_QNNPACK -DUSE_PYTORCH_QNNPACK -DUSE_XNNPACK -DSYMBOLICATE_MOBILE_DEBUG_HANDLE -O2 -fPIC -Wall -Wextra -Werror=return-type -Werror=non-virtual-dtor -Werror=bool-operation -Wnarrowing -Wno-missing-field-initializers -Wno-type-limits -Wno-array-bounds -Wno-unknown-pragmas -Wunused-local-typedefs -Wno-unused-parameter -Wno-unused-function -Wno-unused-result -Wno-strict-overflow -Wno-strict-aliasing -Wno-error=deprecated-declarations -Wno-stringop-overflow -Wno-psabi -Wno-error=pedantic -Wno-error=redundant-decls -Wno-error=old-style-cast -fdiagnostics-color=always -faligned-new -Wno-unused-but-set-variable -Wno-maybe-uninitialized -fno-math-errno -fno-trapping-math -Werror=format -Werror=cast-function-type -Wno-stringop-overflow, LAPACK_INFO=mkl, PERF_WITH_AVX=1, PERF_WITH_AVX2=1, PERF_WITH_AVX512=1, TORCH_DISABLE_GPU_ASSERTS=ON, TORCH_VERSION=2.0.0, USE_CUDA=ON, USE_CUDNN=ON, USE_EXCEPTION_PTR=1, USE_GFLAGS=OFF, USE_GLOG=OFF, USE_MKL=ON, USE_MKLDNN=ON, USE_MPI=OFF, USE_NCCL=1, USE_NNPACK=ON, USE_OPENMP=ON, USE_ROCM=OFF, 

[12/10 04:22:18 detectron2]: Command line arguments: Namespace(config_file='configs/cs7_catseg_vitl.yaml', resume=False, eval_only=True, num_gpus=1, num_machines=1, machine_rank=0, dist_url='auto', opts=['OUTPUT_DIR', 'outputs/cs7_eva_L14_r448//eval', 'MODEL.SEM_SEG_HEAD.TEST_CLASS_JSON', 'datasets/cityscapes_19.json', 'MODEL.SEM_SEG_HEAD.ENABLE_HIGH_RES', 'False', 'DATASETS.TEST', '("mapillary_val_seg",)', 'TEST.SLIDING_WINDOW', 'True', 'MODEL.SEM_SEG_HEAD.POOLING_SIZES', '[1,1]', 'MODEL.WEIGHTS', 'outputs/cs7_eva_L14_r448//model_0019999.pth'])
[12/10 04:22:18 detectron2]: Contents of args.config_file=configs/cs7_catseg_vitl.yaml:
_BASE_: config.yaml
DATASETS:
  TRAIN: ("cityscapes7_train",)
  TEST:  ("cityscapes19_val",)
MODEL:
  META_ARCHITECTURE: "CATSeg"
  PIXEL_MEAN: [123.675, 116.280, 103.530]
  PIXEL_STD: [58.395, 57.120, 57.375]
  SEM_SEG_HEAD:
    NAME: "CATSegHead"
    IN_FEATURES: ["res2", "res3", "res4"]
    IGNORE_VALUE: 255
    NUM_CLASSES: 19
    TRAIN_CLASS_JSON: "datasets/cityscapes_seen_7.json"
    TEST_CLASS_JSON:  "datasets/cityscapes_19.json"
    CLIP_PRETRAINED: "EVA02-CLIP-L-14-336"
    PROMPT_DEPTH: 0
    PROMPT_LENGTH: 0
    TEXT_GUIDANCE_DIM: 768
    TEXT_GUIDANCE_PROJ_DIM: 128
    APPEARANCE_GUIDANCE_DIM: 768
    APPEARANCE_GUIDANCE_PROJ_DIM: 128
    DECODER_DIMS: [64, 32]
    DECODER_GUIDANCE_DIMS: [256, 128]
    DECODER_GUIDANCE_PROJ_DIMS: [32, 16]
    NUM_LAYERS: 1
    NUM_HEADS: 4
    HIDDEN_DIMS: 128
    POOLING_SIZES: [ 1, 1 ]
    FEATURE_RESOLUTION: [32, 32]
    WINDOW_SIZES: 16
    ATTENTION_TYPE: "linear"
    CLIP_FINETUNE: "attention"
    CACHE_DIR: "/data/zd/TTA_VLM/pretrain/EVA02_CLIP_L_336_psz14_s6B.pt"
  PROMPT_ENSEMBLE_TYPE: "multi_domain"
INPUT:
  MIN_SIZE_TRAIN: (448, 640)
  MIN_SIZE_TRAIN_SAMPLING: "choice"
  MAX_SIZE_TRAIN: 1344
  MIN_SIZE_TEST: 448
  MAX_SIZE_TEST: 1008
  CROP:
    ENABLED: True
    TYPE: "absolute"
    SIZE: (448, 448)
  SIZE_DIVISIBILITY: 14
  FORMAT: "RGB"
  DATASET_MAPPER_NAME: "mask_former_semantic"
SOLVER:
  IMS_PER_BATCH: 4
  LR_SCHEDULER_NAME: "WarmupCosineLR"
  BASE_LR: 0.0002
  MAX_ITER: 20000
  BACKBONE_MULTIPLIER: 0.0
  CLIP_MULTIPLIER: 0.01
TEST:
  EVAL_PERIOD: 10000
  SLIDING_WINDOW: True
  SW_KERNEL: 448
  SW_OVERLAP: 0.333
  SW_OUT_RES: [448, 896]
  

[12/10 04:22:18 detectron2]: Running with full config:
CUDNN_BENCHMARK: true
DATALOADER:
  ASPECT_RATIO_GROUPING: true
  FILTER_EMPTY_ANNOTATIONS: true
  NUM_WORKERS: 8
  REPEAT_THRESHOLD: 0.0
  SAMPLER_TRAIN: TrainingSampler
DATASETS:
  PRECOMPUTED_PROPOSAL_TOPK_TEST: 1000
  PRECOMPUTED_PROPOSAL_TOPK_TRAIN: 2000
  PROPOSAL_FILES_TEST: []
  PROPOSAL_FILES_TRAIN: []
  TEST:
  - mapillary_val_seg
  TRAIN:
  - cityscapes7_train
  VAL_ALL:
  - coco_2017_val_all_stuff_sem_seg
DDP:
  BROADCAST_BUFFERS: false
  FIND_UNUSED_PARAMETERS: true
GLOBAL:
  HACK: 1.0
INPUT:
  COLOR_AUG_SSD: true
  CROP:
    ENABLED: true
    SINGLE_CATEGORY_MAX_AREA: 1.0
    SIZE:
    - 448
    - 448
    TYPE: absolute
  DATASET_MAPPER_NAME: mask_former_semantic
  FORMAT: RGB
  MASK_FORMAT: polygon
  MAX_SIZE_TEST: 1008
  MAX_SIZE_TRAIN: 1344
  MIN_SIZE_TEST: 448
  MIN_SIZE_TRAIN:
  - 448
  - 640
  MIN_SIZE_TRAIN_SAMPLING: choice
  RANDOM_FLIP: horizontal
  SIZE_DIVISIBILITY: 14
MODEL:
  ANCHOR_GENERATOR:
    ANGLES:
    - - -90
      - 0
      - 90
    ASPECT_RATIOS:
    - - 0.5
      - 1.0
      - 2.0
    NAME: DefaultAnchorGenerator
    OFFSET: 0.0
    SIZES:
    - - 32
      - 64
      - 128
      - 256
      - 512
  BACKBONE:
    FREEZE_AT: 2
    NAME: build_resnet_backbone
  CLIP_PIXEL_MEAN:
  - 122.7709383
  - 116.7460125
  - 104.09373615
  CLIP_PIXEL_STD:
  - 68.5005327
  - 66.6321579
  - 70.323163
  DEVICE: cuda
  FPN:
    FUSE_TYPE: sum
    IN_FEATURES: []
    NORM: ''
    OUT_CHANNELS: 256
  KEYPOINT_ON: false
  LOAD_PROPOSALS: false
  MASK_FORMER:
    SIZE_DIVISIBILITY: 32
  MASK_ON: false
  META_ARCHITECTURE: CATSeg
  PANOPTIC_FPN:
    COMBINE:
      ENABLED: true
      INSTANCES_CONFIDENCE_THRESH: 0.5
      OVERLAP_THRESH: 0.5
      STUFF_AREA_LIMIT: 4096
    INSTANCE_LOSS_WEIGHT: 1.0
  PIXEL_MEAN:
  - 123.675
  - 116.28
  - 103.53
  PIXEL_STD:
  - 58.395
  - 57.12
  - 57.375
  PROMPT_ENSEMBLE: false
  PROMPT_ENSEMBLE_TYPE: multi_domain
  PROPOSAL_GENERATOR:
    MIN_SIZE: 0
    NAME: RPN
  RESNETS:
    DEFORM_MODULATED: false
    DEFORM_NUM_GROUPS: 1
    DEFORM_ON_PER_STAGE:
    - false
    - false
    - false
    - false
    DEPTH: 50
    NORM: FrozenBN
    NUM_GROUPS: 1
    OUT_FEATURES:
    - res4
    RES2_OUT_CHANNELS: 256
    RES4_DILATION: 1
    RES5_DILATION: 1
    RES5_MULTI_GRID:
    - 1
    - 2
    - 4
    STEM_OUT_CHANNELS: 64
    STEM_TYPE: deeplab
    STRIDE_IN_1X1: true
    WIDTH_PER_GROUP: 64
  RETINANET:
    BBOX_REG_LOSS_TYPE: smooth_l1
    BBOX_REG_WEIGHTS: &id002
    - 1.0
    - 1.0
    - 1.0
    - 1.0
    FOCAL_LOSS_ALPHA: 0.25
    FOCAL_LOSS_GAMMA: 2.0
    IN_FEATURES:
    - p3
    - p4
    - p5
    - p6
    - p7
    IOU_LABELS:
    - 0
    - -1
    - 1
    IOU_THRESHOLDS:
    - 0.4
    - 0.5
    NMS_THRESH_TEST: 0.5
    NORM: ''
    NUM_CLASSES: 80
    NUM_CONVS: 4
    PRIOR_PROB: 0.01
    SCORE_THRESH_TEST: 0.05
    SMOOTH_L1_LOSS_BETA: 0.1
    TOPK_CANDIDATES_TEST: 1000
  ROI_BOX_CASCADE_HEAD:
    BBOX_REG_WEIGHTS:
    - &id001
      - 10.0
      - 10.0
      - 5.0
      - 5.0
    - - 20.0
      - 20.0
      - 10.0
      - 10.0
    - - 30.0
      - 30.0
      - 15.0
      - 15.0
    IOUS:
    - 0.5
    - 0.6
    - 0.7
  ROI_BOX_HEAD:
    BBOX_REG_LOSS_TYPE: smooth_l1
    BBOX_REG_LOSS_WEIGHT: 1.0
    BBOX_REG_WEIGHTS: *id001
    CLS_AGNOSTIC_BBOX_REG: false
    CONV_DIM: 256
    FC_DIM: 1024
    NAME: ''
    NORM: ''
    NUM_CONV: 0
    NUM_FC: 0
    POOLER_RESOLUTION: 14
    POOLER_SAMPLING_RATIO: 0
    POOLER_TYPE: ROIAlignV2
    SMOOTH_L1_BETA: 0.0
    TRAIN_ON_PRED_BOXES: false
  ROI_HEADS:
    BATCH_SIZE_PER_IMAGE: 512
    IN_FEATURES:
    - res4
    IOU_LABELS:
    - 0
    - 1
    IOU_THRESHOLDS:
    - 0.5
    NAME: Res5ROIHeads
    NMS_THRESH_TEST: 0.5
    NUM_CLASSES: 80
    POSITIVE_FRACTION: 0.25
    PROPOSAL_APPEND_GT: true
    SCORE_THRESH_TEST: 0.05
  ROI_KEYPOINT_HEAD:
    CONV_DIMS:
    - 512
    - 512
    - 512
    - 512
    - 512
    - 512
    - 512
    - 512
    LOSS_WEIGHT: 1.0
    MIN_KEYPOINTS_PER_IMAGE: 1
    NAME: KRCNNConvDeconvUpsampleHead
    NORMALIZE_LOSS_BY_VISIBLE_KEYPOINTS: true
    NUM_KEYPOINTS: 17
    POOLER_RESOLUTION: 14
    POOLER_SAMPLING_RATIO: 0
    POOLER_TYPE: ROIAlignV2
  ROI_MASK_HEAD:
    CLS_AGNOSTIC_MASK: false
    CONV_DIM: 256
    NAME: MaskRCNNConvUpsampleHead
    NORM: ''
    NUM_CONV: 0
    POOLER_RESOLUTION: 14
    POOLER_SAMPLING_RATIO: 0
    POOLER_TYPE: ROIAlignV2
  RPN:
    BATCH_SIZE_PER_IMAGE: 256
    BBOX_REG_LOSS_TYPE: smooth_l1
    BBOX_REG_LOSS_WEIGHT: 1.0
    BBOX_REG_WEIGHTS: *id002
    BOUNDARY_THRESH: -1
    CONV_DIMS:
    - -1
    HEAD_NAME: StandardRPNHead
    IN_FEATURES:
    - res4
    IOU_LABELS:
    - 0
    - -1
    - 1
    IOU_THRESHOLDS:
    - 0.3
    - 0.7
    LOSS_WEIGHT: 1.0
    NMS_THRESH: 0.7
    POSITIVE_FRACTION: 0.5
    POST_NMS_TOPK_TEST: 1000
    POST_NMS_TOPK_TRAIN: 2000
    PRE_NMS_TOPK_TEST: 6000
    PRE_NMS_TOPK_TRAIN: 12000
    SMOOTH_L1_BETA: 0.0
  SEM_SEG_HEAD:
    APPEARANCE_GUIDANCE_DIM: 768
    APPEARANCE_GUIDANCE_PROJ_DIM: 128
    ASPP_CHANNELS: 256
    ASPP_DILATIONS:
    - 6
    - 12
    - 18
    ASPP_DROPOUT: 0.1
    ATTENTION_TYPE: linear
    CACHE_DIR: /data/zd/TTA_VLM/pretrain/EVA02_CLIP_L_336_psz14_s6B.pt
    CLIP_FINETUNE: attention
    CLIP_PRETRAINED: EVA02-CLIP-L-14-336
    COMMON_STRIDE: 4
    CONVS_DIM: 128
    DECODER_DIMS:
    - 64
    - 32
    DECODER_GUIDANCE_DIMS:
    - 256
    - 128
    DECODER_GUIDANCE_PROJ_DIMS:
    - 32
    - 16
    ENABLE_HIGH_RES: false
    FEATURE_RESOLUTION:
    - 32
    - 32
    HIDDEN_DIMS: 128
    IGNORE_VALUE: 255
    IN_FEATURES:
    - res2
    - res3
    - res4
    LOSS_TYPE: hard_pixel_mining
    LOSS_WEIGHT: 1.0
    NAME: CATSegHead
    NORM: GN
    NUM_CLASSES: 19
    NUM_HEADS: 4
    NUM_LAYERS: 1
    POOLING_SIZES:
    - 1
    - 1
    PROJECT_CHANNELS:
    - 48
    PROJECT_FEATURES:
    - res2
    PROMPT_DEPTH: 0
    PROMPT_LENGTH: 0
    TEST_CLASS_INDEXES: datasets/coco/coco_stuff/split/unseen_indexes.json
    TEST_CLASS_JSON: datasets/cityscapes_19.json
    TEXT_GUIDANCE_DIM: 768
    TEXT_GUIDANCE_PROJ_DIM: 128
    TRAIN_CLASS_INDEXES: datasets/coco/coco_stuff/split/seen_indexes.json
    TRAIN_CLASS_JSON: datasets/cityscapes_seen_7.json
    USE_DEPTHWISE_SEPARABLE_CONV: false
    WINDOW_SIZES: 16
  SWIN:
    APE: false
    ATTN_DROP_RATE: 0.0
    DEPTHS:
    - 2
    - 2
    - 6
    - 2
    DROP_PATH_RATE: 0.3
    DROP_RATE: 0.0
    EMBED_DIM: 96
    MLP_RATIO: 4.0
    NUM_HEADS:
    - 3
    - 6
    - 12
    - 24
    OUT_FEATURES:
    - res2
    - res3
    - res4
    - res5
    PATCH_NORM: true
    PATCH_SIZE: 4
    PRETRAIN_IMG_SIZE: 224
    QKV_BIAS: true
    QK_SCALE: null
    WINDOW_SIZE: 7
  WEIGHTS: outputs/cs7_eva_L14_r448//model_0019999.pth
OUTPUT_DIR: outputs/cs7_eva_L14_r448//eval
SEED: -1
SOLVER:
  AMP:
    ENABLED: false
  BACKBONE_MULTIPLIER: 0.0
  BASE_LR: 0.0002
  BIAS_LR_FACTOR: 1.0
  CHECKPOINT_PERIOD: 5000
  CLIP_GRADIENTS:
    CLIP_TYPE: full_model
    CLIP_VALUE: 0.01
    ENABLED: true
    NORM_TYPE: 2.0
  CLIP_MULTIPLIER: 0.01
  GAMMA: 0.1
  IMS_PER_BATCH: 4
  LR_SCHEDULER_NAME: WarmupCosineLR
  MAX_ITER: 20000
  MOMENTUM: 0.9
  NESTEROV: false
  OPTIMIZER: ADAMW
  POLY_LR_CONSTANT_ENDING: 0.0
  POLY_LR_POWER: 0.9
  REFERENCE_WORLD_SIZE: 0
  STEPS:
  - 30000
  WARMUP_FACTOR: 1.0
  WARMUP_ITERS: 0
  WARMUP_METHOD: linear
  WEIGHT_DECAY: 0.0001
  WEIGHT_DECAY_BIAS: null
  WEIGHT_DECAY_EMBED: 0.0
  WEIGHT_DECAY_NORM: 0.0
TEST:
  AUG:
    ENABLED: false
    FLIP: true
    MAX_SIZE: 4000
    MIN_SIZES:
    - 400
    - 500
    - 600
    - 700
    - 800
    - 900
    - 1000
    - 1100
    - 1200
  DETECTIONS_PER_IMAGE: 100
  EVAL_PERIOD: 10000
  EXPECTED_RESULTS: []
  KEYPOINT_OKS_SIGMAS: []
  PRECISE_BN:
    ENABLED: false
    NUM_ITER: 200
  SLIDING_WINDOW: true
  SW_KERNEL: 448
  SW_OUT_RES:
  - 448
  - 896
  SW_OVERLAP: 0.333
VERSION: 2
VIS_PERIOD: 0

[12/10 04:22:18 detectron2]: Full config saved to outputs/cs7_eva_L14_r448//eval/config.yaml
[12/10 04:22:18 d2.utils.env]: Using a generated random seed 18877082
Freeze text encoder parameters
[12/10 04:22:28 d2.engine.defaults]: Model:
CATSeg(
  (sem_seg_head): CATSegHead(
    (predictor): CATSegPredictor(
      (clip_model): CustomCLIP(
        (visual): EVAVisionTransformer(
          (patch_embed): PatchEmbed(
            (proj): Conv2d(3, 1024, kernel_size=(14, 14), stride=(14, 14))
          )
          (pos_drop): Dropout(p=0.0, inplace=False)
          (rope): VisionRotaryEmbeddingFast()
          (blocks): ModuleList(
            (0-23): 24 x Block(
              (norm1): LayerNorm((1024,), eps=1e-06, elementwise_affine=True)
              (attn): Attention(
                (q_proj): Linear(in_features=1024, out_features=1024, bias=False)
                (k_proj): Linear(in_features=1024, out_features=1024, bias=False)
                (v_proj): Linear(in_features=1024, out_features=1024, bias=False)
                (attn_drop): Dropout(p=0.0, inplace=False)
                (inner_attn_ln): LayerNorm((1024,), eps=1e-06, elementwise_affine=True)
                (proj): Linear(in_features=1024, out_features=1024, bias=True)
                (proj_drop): Dropout(p=0.0, inplace=False)
                (rope): VisionRotaryEmbeddingFast()
              )
              (drop_path): Identity()
              (norm2): LayerNorm((1024,), eps=1e-06, elementwise_affine=True)
              (mlp): SwiGLU(
                (w1): Linear(in_features=1024, out_features=2730, bias=True)
                (w2): Linear(in_features=1024, out_features=2730, bias=True)
                (act): SiLU()
                (ffn_ln): LayerNorm((2730,), eps=1e-06, elementwise_affine=True)
                (w3): Linear(in_features=2730, out_features=1024, bias=True)
                (drop): Dropout(p=0.0, inplace=False)
              )
            )
          )
          (norm): LayerNorm((1024,), eps=1e-06, elementwise_affine=True)
          (head): Linear(in_features=1024, out_features=768, bias=True)
          (patch_dropout): Identity()
        )
        (text): TextTransformer(
          (token_embedding): Embedding(49408, 768)
          (transformer): Transformer(
            (resblocks): ModuleList(
              (0-11): 12 x ResidualAttentionBlock(
                (ln_1): LayerNorm((768,), eps=1e-05, elementwise_affine=True)
                (attn): MultiheadAttention(
                  (out_proj): NonDynamicallyQuantizableLinear(in_features=768, out_features=768, bias=True)
                )
                (ls_1): Identity()
                (ln_2): LayerNorm((768,), eps=1e-05, elementwise_affine=True)
                (mlp): Sequential(
                  (c_fc): Linear(in_features=768, out_features=3072, bias=True)
                  (gelu): GELU(approximate='none')
                  (c_proj): Linear(in_features=3072, out_features=768, bias=True)
                )
                (ls_2): Identity()
              )
            )
          )
          (ln_final): LayerNorm((768,), eps=1e-05, elementwise_affine=True)
        )
      )
      (transformer): AggregatorMambaLite(
        (layers): ModuleList(
          (0): Sequential(
            (0): AxialMambaBlockLite_v2(
              (film): FiLM2D(
                (pool): AdaptiveAvgPool2d(output_size=1)
                (fc): Conv2d(128, 256, kernel_size=(1, 1), stride=(1, 1))
              )
              (pre_mix): Sequential(
                (0): Conv2d(128, 128, kernel_size=(3, 3), stride=(1, 1), padding=(1, 1), groups=128)
                (1): Conv2d(128, 128, kernel_size=(1, 1), stride=(1, 1))
                (2): GELU(approximate='none')
              )
              (seq_row): Mamba1DWithDecayPrior(
                (out_norm): LayerNorm((128,), eps=1e-05, elementwise_affine=True)
                (gate): Sequential(
                  (0): Linear(in_features=128, out_features=128, bias=True)
                  (1): SiLU()
                )
                (proj_in): Linear(in_features=128, out_features=384, bias=True)
                (drop): Dropout(p=0.0, inplace=False)
              )
              (post_proj): Conv2d(128, 128, kernel_size=(1, 1), stride=(1, 1))
              (norm_tok): LayerNorm((128,), eps=1e-05, elementwise_affine=True)
              (ffn): Sequential(
                (0): Linear(in_features=128, out_features=384, bias=True)
                (1): GELU(approximate='none')
                (2): Linear(in_features=384, out_features=128, bias=True)
              )
              (down): Identity()
            )
            (1): ClassMambaLayerLite(
              (pool): AvgPool2d(kernel_size=[1, 1], stride=[1, 1], padding=0)
              (guid_proj): Linear(in_features=128, out_features=256, bias=True)
              (seq_block): _Mamba1DAdapterLite(
                (blocks): ModuleList(
                  (0): PseudoMamba1D(
                    (gate): Sequential(
                      (0): Linear(in_features=128, out_features=128, bias=True)
                      (1): SiLU()
                    )
                    (proj_in): Linear(in_features=128, out_features=384, bias=True)
                    (out_norm): LayerNorm((128,), eps=1e-05, elementwise_affine=True)
                    (drop): Dropout(p=0.0, inplace=False)
                  )
                )
                (norm): LayerNorm((128,), eps=1e-05, elementwise_affine=True)
              )
              (norm1): LayerNorm((128,), eps=1e-05, elementwise_affine=True)
              (norm2): LayerNorm((128,), eps=1e-05, elementwise_affine=True)
              (ffn): Sequential(
                (0): Linear(in_features=128, out_features=384, bias=True)
                (1): GELU(approximate='none')
                (2): Linear(in_features=384, out_features=128, bias=True)
              )
            )
          )
        )
        (conv1): Conv2d(1, 128, kernel_size=(7, 7), stride=(1, 1), padding=(3, 3))
        (guidance_projection): Sequential(
          (0): Conv2d(768, 128, kernel_size=(3, 3), stride=(1, 1), padding=(1, 1))
          (1): ReLU()
        )
        (text_guidance_projection): Sequential(
          (0): Linear(in_features=768, out_features=128, bias=True)
          (1): ReLU()
        )
        (decoder_guidance_projection): ModuleList(
          (0): Sequential(
            (0): Conv2d(256, 32, kernel_size=(3, 3), stride=(1, 1), padding=(1, 1))
            (1): ReLU()
          )
          (1): Sequential(
            (0): Conv2d(128, 16, kernel_size=(3, 3), stride=(1, 1), padding=(1, 1))
            (1): ReLU()
          )
        )
        (decoder1): UpLite(
          (up): ConvTranspose2d(128, 96, kernel_size=(2, 2), stride=(2, 2))
          (conv): Sequential(
            (0): Conv2d(128, 64, kernel_size=(3, 3), stride=(1, 1), padding=(1, 1), bias=False)
            (1): GroupNorm(4, 64, eps=1e-05, affine=True)
            (2): ReLU()
          )
        )
        (decoder2): UpLite(
          (up): ConvTranspose2d(64, 48, kernel_size=(2, 2), stride=(2, 2))
          (conv): Sequential(
            (0): Conv2d(64, 32, kernel_size=(3, 3), stride=(1, 1), padding=(1, 1), bias=False)
            (1): GroupNorm(2, 32, eps=1e-05, affine=True)
            (2): ReLU()
          )
        )
        (head): Conv2d(32, 1, kernel_size=(3, 3), stride=(1, 1), padding=(1, 1))
      )
    )
  )
  (upsample1): ConvTranspose2d(1024, 256, kernel_size=(2, 2), stride=(2, 2))
  (upsample2): ConvTranspose2d(1024, 128, kernel_size=(4, 4), stride=(4, 4))
)
[12/10 04:22:28 fvcore.common.checkpoint]: [Checkpointer] Loading from outputs/cs7_eva_L14_r448//model_0019999.pth ...
[12/10 04:22:30 d2.data.datasets.coco]: Loaded 2000 images with semantic segmentation from /data/zd/data/Mapillary/mapillary/val/images/
[12/10 04:22:30 d2.data.dataset_mapper]: [DatasetMapper] Augmentations used in inference: [ResizeShortestEdge(short_edge_length=(448, 448), max_size=1008, sample_style='choice')]
[12/10 04:22:30 d2.data.common]: Serializing 2000 elements to byte tensors and concatenating them all ...
[12/10 04:22:30 d2.data.common]: Serialized dataset takes 0.42 MiB
[12/10 04:22:30 d2.data.datasets.coco]: Loaded 2000 images with semantic segmentation from /data/zd/data/Mapillary/mapillary/val/images/
[12/10 04:22:30 d2.evaluation.evaluator]: Start inference on 2000 batches
Add a new rope freq of shape: torch.Size([1024, 64])
[12/10 04:22:47 d2.evaluation.evaluator]: Inference done 11/2000. Dataloading: 0.0006 s/iter. Inference: 0.1502 s/iter. Eval: 1.3437 s/iter. Total: 1.4946 s/iter. ETA=0:49:32
[12/10 04:22:53 d2.evaluation.evaluator]: Inference done 16/2000. Dataloading: 0.0010 s/iter. Inference: 0.1511 s/iter. Eval: 1.2321 s/iter. Total: 1.3843 s/iter. ETA=0:45:46
[12/10 04:22:59 d2.evaluation.evaluator]: Inference done 21/2000. Dataloading: 0.0012 s/iter. Inference: 0.1497 s/iter. Eval: 1.1749 s/iter. Total: 1.3260 s/iter. ETA=0:43:44
[12/10 04:23:05 d2.evaluation.evaluator]: Inference done 24/2000. Dataloading: 0.0013 s/iter. Inference: 0.1499 s/iter. Eval: 1.2564 s/iter. Total: 1.4077 s/iter. ETA=0:46:21
[12/10 04:23:10 d2.evaluation.evaluator]: Inference done 28/2000. Dataloading: 0.0014 s/iter. Inference: 0.1499 s/iter. Eval: 1.2610 s/iter. Total: 1.4123 s/iter. ETA=0:46:25
[12/10 04:23:16 d2.evaluation.evaluator]: Inference done 33/2000. Dataloading: 0.0015 s/iter. Inference: 0.1493 s/iter. Eval: 1.2190 s/iter. Total: 1.3698 s/iter. ETA=0:44:54
[12/10 04:23:21 d2.evaluation.evaluator]: Inference done 38/2000. Dataloading: 0.0016 s/iter. Inference: 0.1490 s/iter. Eval: 1.1702 s/iter. Total: 1.3208 s/iter. ETA=0:43:11
[12/10 04:23:28 d2.evaluation.evaluator]: Inference done 43/2000. Dataloading: 0.0016 s/iter. Inference: 0.1486 s/iter. Eval: 1.1575 s/iter. Total: 1.3078 s/iter. ETA=0:42:39
[12/10 04:23:33 d2.evaluation.evaluator]: Inference done 48/2000. Dataloading: 0.0016 s/iter. Inference: 0.1486 s/iter. Eval: 1.1303 s/iter. Total: 1.2806 s/iter. ETA=0:41:39
[12/10 04:23:39 d2.evaluation.evaluator]: Inference done 54/2000. Dataloading: 0.0016 s/iter. Inference: 0.1485 s/iter. Eval: 1.1084 s/iter. Total: 1.2586 s/iter. ETA=0:40:49
[12/10 04:23:45 d2.evaluation.evaluator]: Inference done 59/2000. Dataloading: 0.0016 s/iter. Inference: 0.1487 s/iter. Eval: 1.0939 s/iter. Total: 1.2443 s/iter. ETA=0:40:15
[12/10 04:23:50 d2.evaluation.evaluator]: Inference done 64/2000. Dataloading: 0.0016 s/iter. Inference: 0.1489 s/iter. Eval: 1.0783 s/iter. Total: 1.2290 s/iter. ETA=0:39:39
[12/10 04:23:56 d2.evaluation.evaluator]: Inference done 69/2000. Dataloading: 0.0016 s/iter. Inference: 0.1488 s/iter. Eval: 1.0729 s/iter. Total: 1.2234 s/iter. ETA=0:39:22
[12/10 04:24:03 d2.evaluation.evaluator]: Inference done 75/2000. Dataloading: 0.0016 s/iter. Inference: 0.1486 s/iter. Eval: 1.0605 s/iter. Total: 1.2108 s/iter. ETA=0:38:50
[12/10 04:24:08 d2.evaluation.evaluator]: Inference done 79/2000. Dataloading: 0.0016 s/iter. Inference: 0.1487 s/iter. Eval: 1.0730 s/iter. Total: 1.2234 s/iter. ETA=0:39:10
[12/10 04:24:15 d2.evaluation.evaluator]: Inference done 83/2000. Dataloading: 0.0016 s/iter. Inference: 0.1487 s/iter. Eval: 1.0965 s/iter. Total: 1.2470 s/iter. ETA=0:39:50
[12/10 04:24:20 d2.evaluation.evaluator]: Inference done 88/2000. Dataloading: 0.0016 s/iter. Inference: 0.1487 s/iter. Eval: 1.0837 s/iter. Total: 1.2342 s/iter. ETA=0:39:19
[12/10 04:24:26 d2.evaluation.evaluator]: Inference done 93/2000. Dataloading: 0.0016 s/iter. Inference: 0.1486 s/iter. Eval: 1.0778 s/iter. Total: 1.2282 s/iter. ETA=0:39:02
[12/10 04:24:32 d2.evaluation.evaluator]: Inference done 98/2000. Dataloading: 0.0017 s/iter. Inference: 0.1486 s/iter. Eval: 1.0774 s/iter. Total: 1.2277 s/iter. ETA=0:38:55
[12/10 04:24:38 d2.evaluation.evaluator]: Inference done 103/2000. Dataloading: 0.0016 s/iter. Inference: 0.1485 s/iter. Eval: 1.0715 s/iter. Total: 1.2218 s/iter. ETA=0:38:37
[12/10 04:24:43 d2.evaluation.evaluator]: Inference done 109/2000. Dataloading: 0.0017 s/iter. Inference: 0.1484 s/iter. Eval: 1.0567 s/iter. Total: 1.2069 s/iter. ETA=0:38:02
[12/10 04:24:51 d2.evaluation.evaluator]: Inference done 115/2000. Dataloading: 0.0017 s/iter. Inference: 0.1484 s/iter. Eval: 1.0578 s/iter. Total: 1.2079 s/iter. ETA=0:37:56
[12/10 04:24:56 d2.evaluation.evaluator]: Inference done 119/2000. Dataloading: 0.0017 s/iter. Inference: 0.1484 s/iter. Eval: 1.0617 s/iter. Total: 1.2119 s/iter. ETA=0:37:59
[12/10 04:25:02 d2.evaluation.evaluator]: Inference done 124/2000. Dataloading: 0.0017 s/iter. Inference: 0.1484 s/iter. Eval: 1.0575 s/iter. Total: 1.2077 s/iter. ETA=0:37:45
[12/10 04:25:07 d2.evaluation.evaluator]: Inference done 129/2000. Dataloading: 0.0017 s/iter. Inference: 0.1486 s/iter. Eval: 1.0504 s/iter. Total: 1.2007 s/iter. ETA=0:37:26
[12/10 04:25:12 d2.evaluation.evaluator]: Inference done 134/2000. Dataloading: 0.0017 s/iter. Inference: 0.1487 s/iter. Eval: 1.0463 s/iter. Total: 1.1967 s/iter. ETA=0:37:13
[12/10 04:25:17 d2.evaluation.evaluator]: Inference done 138/2000. Dataloading: 0.0017 s/iter. Inference: 0.1488 s/iter. Eval: 1.0492 s/iter. Total: 1.1998 s/iter. ETA=0:37:13
[12/10 04:25:23 d2.evaluation.evaluator]: Inference done 142/2000. Dataloading: 0.0017 s/iter. Inference: 0.1491 s/iter. Eval: 1.0533 s/iter. Total: 1.2042 s/iter. ETA=0:37:17
[12/10 04:25:28 d2.evaluation.evaluator]: Inference done 145/2000. Dataloading: 0.0017 s/iter. Inference: 0.1493 s/iter. Eval: 1.0653 s/iter. Total: 1.2163 s/iter. ETA=0:37:36
[12/10 04:25:35 d2.evaluation.evaluator]: Inference done 149/2000. Dataloading: 0.0017 s/iter. Inference: 0.1492 s/iter. Eval: 1.0777 s/iter. Total: 1.2287 s/iter. ETA=0:37:54
[12/10 04:25:40 d2.evaluation.evaluator]: Inference done 153/2000. Dataloading: 0.0017 s/iter. Inference: 0.1493 s/iter. Eval: 1.0784 s/iter. Total: 1.2295 s/iter. ETA=0:37:50
[12/10 04:25:45 d2.evaluation.evaluator]: Inference done 156/2000. Dataloading: 0.0017 s/iter. Inference: 0.1492 s/iter. Eval: 1.0912 s/iter. Total: 1.2422 s/iter. ETA=0:38:10
[12/10 04:25:52 d2.evaluation.evaluator]: Inference done 161/2000. Dataloading: 0.0017 s/iter. Inference: 0.1493 s/iter. Eval: 1.0909 s/iter. Total: 1.2420 s/iter. ETA=0:38:04
[12/10 04:25:58 d2.evaluation.evaluator]: Inference done 165/2000. Dataloading: 0.0017 s/iter. Inference: 0.1492 s/iter. Eval: 1.1027 s/iter. Total: 1.2537 s/iter. ETA=0:38:20
[12/10 04:26:05 d2.evaluation.evaluator]: Inference done 171/2000. Dataloading: 0.0017 s/iter. Inference: 0.1492 s/iter. Eval: 1.0987 s/iter. Total: 1.2497 s/iter. ETA=0:38:05
[12/10 04:26:10 d2.evaluation.evaluator]: Inference done 175/2000. Dataloading: 0.0017 s/iter. Inference: 0.1492 s/iter. Eval: 1.0999 s/iter. Total: 1.2509 s/iter. ETA=0:38:02
[12/10 04:26:17 d2.evaluation.evaluator]: Inference done 178/2000. Dataloading: 0.0017 s/iter. Inference: 0.1493 s/iter. Eval: 1.1136 s/iter. Total: 1.2646 s/iter. ETA=0:38:24
[12/10 04:26:22 d2.evaluation.evaluator]: Inference done 181/2000. Dataloading: 0.0017 s/iter. Inference: 0.1493 s/iter. Eval: 1.1215 s/iter. Total: 1.2726 s/iter. ETA=0:38:34
[12/10 04:26:27 d2.evaluation.evaluator]: Inference done 185/2000. Dataloading: 0.0017 s/iter. Inference: 0.1494 s/iter. Eval: 1.1222 s/iter. Total: 1.2733 s/iter. ETA=0:38:31
[12/10 04:26:32 d2.evaluation.evaluator]: Inference done 190/2000. Dataloading: 0.0017 s/iter. Inference: 0.1493 s/iter. Eval: 1.1158 s/iter. Total: 1.2668 s/iter. ETA=0:38:12
[12/10 04:26:38 d2.evaluation.evaluator]: Inference done 194/2000. Dataloading: 0.0017 s/iter. Inference: 0.1492 s/iter. Eval: 1.1190 s/iter. Total: 1.2700 s/iter. ETA=0:38:13
[12/10 04:26:44 d2.evaluation.evaluator]: Inference done 200/2000. Dataloading: 0.0017 s/iter. Inference: 0.1492 s/iter. Eval: 1.1120 s/iter. Total: 1.2630 s/iter. ETA=0:37:53
[12/10 04:26:49 d2.evaluation.evaluator]: Inference done 204/2000. Dataloading: 0.0017 s/iter. Inference: 0.1492 s/iter. Eval: 1.1119 s/iter. Total: 1.2628 s/iter. ETA=0:37:48
[12/10 04:26:54 d2.evaluation.evaluator]: Inference done 211/2000. Dataloading: 0.0017 s/iter. Inference: 0.1492 s/iter. Eval: 1.0939 s/iter. Total: 1.2448 s/iter. ETA=0:37:06
[12/10 04:27:00 d2.evaluation.evaluator]: Inference done 216/2000. Dataloading: 0.0017 s/iter. Inference: 0.1491 s/iter. Eval: 1.0925 s/iter. Total: 1.2434 s/iter. ETA=0:36:58
[12/10 04:27:06 d2.evaluation.evaluator]: Inference done 223/2000. Dataloading: 0.0017 s/iter. Inference: 0.1491 s/iter. Eval: 1.0802 s/iter. Total: 1.2311 s/iter. ETA=0:36:27
[12/10 04:27:13 d2.evaluation.evaluator]: Inference done 227/2000. Dataloading: 0.0017 s/iter. Inference: 0.1490 s/iter. Eval: 1.0893 s/iter. Total: 1.2401 s/iter. ETA=0:36:38
[12/10 04:27:18 d2.evaluation.evaluator]: Inference done 232/2000. Dataloading: 0.0017 s/iter. Inference: 0.1490 s/iter. Eval: 1.0847 s/iter. Total: 1.2355 s/iter. ETA=0:36:24
[12/10 04:27:25 d2.evaluation.evaluator]: Inference done 237/2000. Dataloading: 0.0017 s/iter. Inference: 0.1490 s/iter. Eval: 1.0856 s/iter. Total: 1.2363 s/iter. ETA=0:36:19
[12/10 04:27:33 d2.evaluation.evaluator]: Inference done 240/2000. Dataloading: 0.0017 s/iter. Inference: 0.1490 s/iter. Eval: 1.1045 s/iter. Total: 1.2552 s/iter. ETA=0:36:49
[12/10 04:27:39 d2.evaluation.evaluator]: Inference done 246/2000. Dataloading: 0.0017 s/iter. Inference: 0.1490 s/iter. Eval: 1.0980 s/iter. Total: 1.2487 s/iter. ETA=0:36:30
[12/10 04:27:44 d2.evaluation.evaluator]: Inference done 251/2000. Dataloading: 0.0017 s/iter. Inference: 0.1490 s/iter. Eval: 1.0946 s/iter. Total: 1.2453 s/iter. ETA=0:36:17
[12/10 04:27:49 d2.evaluation.evaluator]: Inference done 255/2000. Dataloading: 0.0017 s/iter. Inference: 0.1489 s/iter. Eval: 1.0955 s/iter. Total: 1.2462 s/iter. ETA=0:36:14
[12/10 04:27:55 d2.evaluation.evaluator]: Inference done 259/2000. Dataloading: 0.0017 s/iter. Inference: 0.1490 s/iter. Eval: 1.0961 s/iter. Total: 1.2469 s/iter. ETA=0:36:10
[12/10 04:28:00 d2.evaluation.evaluator]: Inference done 263/2000. Dataloading: 0.0017 s/iter. Inference: 0.1491 s/iter. Eval: 1.0972 s/iter. Total: 1.2480 s/iter. ETA=0:36:07
[12/10 04:28:06 d2.evaluation.evaluator]: Inference done 270/2000. Dataloading: 0.0017 s/iter. Inference: 0.1490 s/iter. Eval: 1.0881 s/iter. Total: 1.2389 s/iter. ETA=0:35:43
[12/10 04:28:12 d2.evaluation.evaluator]: Inference done 274/2000. Dataloading: 0.0017 s/iter. Inference: 0.1490 s/iter. Eval: 1.0905 s/iter. Total: 1.2413 s/iter. ETA=0:35:42
[12/10 04:28:17 d2.evaluation.evaluator]: Inference done 281/2000. Dataloading: 0.0017 s/iter. Inference: 0.1490 s/iter. Eval: 1.0780 s/iter. Total: 1.2287 s/iter. ETA=0:35:12
[12/10 04:28:22 d2.evaluation.evaluator]: Inference done 285/2000. Dataloading: 0.0017 s/iter. Inference: 0.1490 s/iter. Eval: 1.0783 s/iter. Total: 1.2290 s/iter. ETA=0:35:07
[12/10 04:28:27 d2.evaluation.evaluator]: Inference done 290/2000. Dataloading: 0.0017 s/iter. Inference: 0.1490 s/iter. Eval: 1.0762 s/iter. Total: 1.2269 s/iter. ETA=0:34:58
[12/10 04:28:34 d2.evaluation.evaluator]: Inference done 296/2000. Dataloading: 0.0017 s/iter. Inference: 0.1489 s/iter. Eval: 1.0719 s/iter. Total: 1.2225 s/iter. ETA=0:34:43
[12/10 04:28:39 d2.evaluation.evaluator]: Inference done 300/2000. Dataloading: 0.0017 s/iter. Inference: 0.1489 s/iter. Eval: 1.0740 s/iter. Total: 1.2247 s/iter. ETA=0:34:41
[12/10 04:28:45 d2.evaluation.evaluator]: Inference done 305/2000. Dataloading: 0.0017 s/iter. Inference: 0.1490 s/iter. Eval: 1.0720 s/iter. Total: 1.2227 s/iter. ETA=0:34:32
[12/10 04:28:50 d2.evaluation.evaluator]: Inference done 310/2000. Dataloading: 0.0017 s/iter. Inference: 0.1490 s/iter. Eval: 1.0692 s/iter. Total: 1.2199 s/iter. ETA=0:34:21
[12/10 04:28:56 d2.evaluation.evaluator]: Inference done 314/2000. Dataloading: 0.0016 s/iter. Inference: 0.1490 s/iter. Eval: 1.0734 s/iter. Total: 1.2242 s/iter. ETA=0:34:24
[12/10 04:29:03 d2.evaluation.evaluator]: Inference done 318/2000. Dataloading: 0.0016 s/iter. Inference: 0.1490 s/iter. Eval: 1.0793 s/iter. Total: 1.2301 s/iter. ETA=0:34:28
[12/10 04:29:08 d2.evaluation.evaluator]: Inference done 321/2000. Dataloading: 0.0016 s/iter. Inference: 0.1490 s/iter. Eval: 1.0836 s/iter. Total: 1.2343 s/iter. ETA=0:34:32
[12/10 04:29:14 d2.evaluation.evaluator]: Inference done 327/2000. Dataloading: 0.0016 s/iter. Inference: 0.1490 s/iter. Eval: 1.0790 s/iter. Total: 1.2297 s/iter. ETA=0:34:17
[12/10 04:29:19 d2.evaluation.evaluator]: Inference done 331/2000. Dataloading: 0.0016 s/iter. Inference: 0.1490 s/iter. Eval: 1.0802 s/iter. Total: 1.2310 s/iter. ETA=0:34:14
[12/10 04:29:24 d2.evaluation.evaluator]: Inference done 337/2000. Dataloading: 0.0016 s/iter. Inference: 0.1490 s/iter. Eval: 1.0736 s/iter. Total: 1.2244 s/iter. ETA=0:33:56
[12/10 04:29:30 d2.evaluation.evaluator]: Inference done 342/2000. Dataloading: 0.0016 s/iter. Inference: 0.1491 s/iter. Eval: 1.0724 s/iter. Total: 1.2233 s/iter. ETA=0:33:48
[12/10 04:29:36 d2.evaluation.evaluator]: Inference done 347/2000. Dataloading: 0.0016 s/iter. Inference: 0.1491 s/iter. Eval: 1.0712 s/iter. Total: 1.2221 s/iter. ETA=0:33:40
[12/10 04:29:41 d2.evaluation.evaluator]: Inference done 350/2000. Dataloading: 0.0016 s/iter. Inference: 0.1492 s/iter. Eval: 1.0763 s/iter. Total: 1.2273 s/iter. ETA=0:33:45
[12/10 04:29:47 d2.evaluation.evaluator]: Inference done 355/2000. Dataloading: 0.0016 s/iter. Inference: 0.1492 s/iter. Eval: 1.0746 s/iter. Total: 1.2255 s/iter. ETA=0:33:35
[12/10 04:29:52 d2.evaluation.evaluator]: Inference done 362/2000. Dataloading: 0.0016 s/iter. Inference: 0.1492 s/iter. Eval: 1.0652 s/iter. Total: 1.2161 s/iter. ETA=0:33:12
[12/10 04:29:58 d2.evaluation.evaluator]: Inference done 365/2000. Dataloading: 0.0016 s/iter. Inference: 0.1492 s/iter. Eval: 1.0720 s/iter. Total: 1.2230 s/iter. ETA=0:33:19
[12/10 04:30:04 d2.evaluation.evaluator]: Inference done 369/2000. Dataloading: 0.0016 s/iter. Inference: 0.1492 s/iter. Eval: 1.0757 s/iter. Total: 1.2266 s/iter. ETA=0:33:20
[12/10 04:30:10 d2.evaluation.evaluator]: Inference done 373/2000. Dataloading: 0.0016 s/iter. Inference: 0.1492 s/iter. Eval: 1.0777 s/iter. Total: 1.2286 s/iter. ETA=0:33:18
[12/10 04:30:15 d2.evaluation.evaluator]: Inference done 379/2000. Dataloading: 0.0016 s/iter. Inference: 0.1492 s/iter. Eval: 1.0723 s/iter. Total: 1.2232 s/iter. ETA=0:33:02
[12/10 04:30:22 d2.evaluation.evaluator]: Inference done 386/2000. Dataloading: 0.0016 s/iter. Inference: 0.1491 s/iter. Eval: 1.0670 s/iter. Total: 1.2179 s/iter. ETA=0:32:45
[12/10 04:30:28 d2.evaluation.evaluator]: Inference done 391/2000. Dataloading: 0.0016 s/iter. Inference: 0.1491 s/iter. Eval: 1.0666 s/iter. Total: 1.2175 s/iter. ETA=0:32:38
[12/10 04:30:33 d2.evaluation.evaluator]: Inference done 395/2000. Dataloading: 0.0016 s/iter. Inference: 0.1491 s/iter. Eval: 1.0671 s/iter. Total: 1.2179 s/iter. ETA=0:32:34
[12/10 04:30:38 d2.evaluation.evaluator]: Inference done 401/2000. Dataloading: 0.0016 s/iter. Inference: 0.1490 s/iter. Eval: 1.0626 s/iter. Total: 1.2134 s/iter. ETA=0:32:20
[12/10 04:30:44 d2.evaluation.evaluator]: Inference done 405/2000. Dataloading: 0.0016 s/iter. Inference: 0.1490 s/iter. Eval: 1.0639 s/iter. Total: 1.2147 s/iter. ETA=0:32:17
[12/10 04:30:49 d2.evaluation.evaluator]: Inference done 412/2000. Dataloading: 0.0016 s/iter. Inference: 0.1490 s/iter. Eval: 1.0569 s/iter. Total: 1.2077 s/iter. ETA=0:31:57
[12/10 04:30:55 d2.evaluation.evaluator]: Inference done 415/2000. Dataloading: 0.0016 s/iter. Inference: 0.1491 s/iter. Eval: 1.0611 s/iter. Total: 1.2119 s/iter. ETA=0:32:00
[12/10 04:31:01 d2.evaluation.evaluator]: Inference done 421/2000. Dataloading: 0.0016 s/iter. Inference: 0.1490 s/iter. Eval: 1.0579 s/iter. Total: 1.2087 s/iter. ETA=0:31:48
[12/10 04:31:07 d2.evaluation.evaluator]: Inference done 426/2000. Dataloading: 0.0016 s/iter. Inference: 0.1491 s/iter. Eval: 1.0596 s/iter. Total: 1.2104 s/iter. ETA=0:31:45
[12/10 04:31:13 d2.evaluation.evaluator]: Inference done 430/2000. Dataloading: 0.0016 s/iter. Inference: 0.1492 s/iter. Eval: 1.0604 s/iter. Total: 1.2113 s/iter. ETA=0:31:41
[12/10 04:31:19 d2.evaluation.evaluator]: Inference done 435/2000. Dataloading: 0.0016 s/iter. Inference: 0.1493 s/iter. Eval: 1.0612 s/iter. Total: 1.2122 s/iter. ETA=0:31:37
[12/10 04:31:24 d2.evaluation.evaluator]: Inference done 439/2000. Dataloading: 0.0016 s/iter. Inference: 0.1493 s/iter. Eval: 1.0624 s/iter. Total: 1.2135 s/iter. ETA=0:31:34
[12/10 04:31:30 d2.evaluation.evaluator]: Inference done 442/2000. Dataloading: 0.0016 s/iter. Inference: 0.1493 s/iter. Eval: 1.0666 s/iter. Total: 1.2177 s/iter. ETA=0:31:37
[12/10 04:31:35 d2.evaluation.evaluator]: Inference done 447/2000. Dataloading: 0.0016 s/iter. Inference: 0.1493 s/iter. Eval: 1.0645 s/iter. Total: 1.2156 s/iter. ETA=0:31:27
[12/10 04:31:40 d2.evaluation.evaluator]: Inference done 450/2000. Dataloading: 0.0016 s/iter. Inference: 0.1494 s/iter. Eval: 1.0681 s/iter. Total: 1.2192 s/iter. ETA=0:31:29
[12/10 04:31:46 d2.evaluation.evaluator]: Inference done 456/2000. Dataloading: 0.0017 s/iter. Inference: 0.1494 s/iter. Eval: 1.0634 s/iter. Total: 1.2146 s/iter. ETA=0:31:15
[12/10 04:31:51 d2.evaluation.evaluator]: Inference done 459/2000. Dataloading: 0.0017 s/iter. Inference: 0.1494 s/iter. Eval: 1.0671 s/iter. Total: 1.2183 s/iter. ETA=0:31:17
[12/10 04:31:57 d2.evaluation.evaluator]: Inference done 463/2000. Dataloading: 0.0017 s/iter. Inference: 0.1495 s/iter. Eval: 1.0695 s/iter. Total: 1.2207 s/iter. ETA=0:31:16
[12/10 04:32:02 d2.evaluation.evaluator]: Inference done 467/2000. Dataloading: 0.0017 s/iter. Inference: 0.1494 s/iter. Eval: 1.0702 s/iter. Total: 1.2214 s/iter. ETA=0:31:12
[12/10 04:32:08 d2.evaluation.evaluator]: Inference done 473/2000. Dataloading: 0.0017 s/iter. Inference: 0.1494 s/iter. Eval: 1.0674 s/iter. Total: 1.2186 s/iter. ETA=0:31:00
[12/10 04:32:17 d2.evaluation.evaluator]: Inference done 478/2000. Dataloading: 0.0017 s/iter. Inference: 0.1495 s/iter. Eval: 1.0729 s/iter. Total: 1.2241 s/iter. ETA=0:31:03
[12/10 04:32:23 d2.evaluation.evaluator]: Inference done 482/2000. Dataloading: 0.0017 s/iter. Inference: 0.1495 s/iter. Eval: 1.0756 s/iter. Total: 1.2268 s/iter. ETA=0:31:02
[12/10 04:32:28 d2.evaluation.evaluator]: Inference done 486/2000. Dataloading: 0.0017 s/iter. Inference: 0.1495 s/iter. Eval: 1.0764 s/iter. Total: 1.2277 s/iter. ETA=0:30:58
[12/10 04:32:35 d2.evaluation.evaluator]: Inference done 491/2000. Dataloading: 0.0017 s/iter. Inference: 0.1495 s/iter. Eval: 1.0781 s/iter. Total: 1.2293 s/iter. ETA=0:30:55
[12/10 04:32:42 d2.evaluation.evaluator]: Inference done 495/2000. Dataloading: 0.0017 s/iter. Inference: 0.1495 s/iter. Eval: 1.0809 s/iter. Total: 1.2322 s/iter. ETA=0:30:54
[12/10 04:32:47 d2.evaluation.evaluator]: Inference done 498/2000. Dataloading: 0.0017 s/iter. Inference: 0.1495 s/iter. Eval: 1.0842 s/iter. Total: 1.2354 s/iter. ETA=0:30:55
[12/10 04:32:52 d2.evaluation.evaluator]: Inference done 502/2000. Dataloading: 0.0017 s/iter. Inference: 0.1495 s/iter. Eval: 1.0852 s/iter. Total: 1.2364 s/iter. ETA=0:30:52
[12/10 04:32:58 d2.evaluation.evaluator]: Inference done 508/2000. Dataloading: 0.0017 s/iter. Inference: 0.1494 s/iter. Eval: 1.0824 s/iter. Total: 1.2335 s/iter. ETA=0:30:40
[12/10 04:33:04 d2.evaluation.evaluator]: Inference done 515/2000. Dataloading: 0.0017 s/iter. Inference: 0.1494 s/iter. Eval: 1.0768 s/iter. Total: 1.2280 s/iter. ETA=0:30:23
[12/10 04:33:10 d2.evaluation.evaluator]: Inference done 518/2000. Dataloading: 0.0017 s/iter. Inference: 0.1494 s/iter. Eval: 1.0814 s/iter. Total: 1.2326 s/iter. ETA=0:30:26
[12/10 04:33:16 d2.evaluation.evaluator]: Inference done 523/2000. Dataloading: 0.0017 s/iter. Inference: 0.1494 s/iter. Eval: 1.0808 s/iter. Total: 1.2319 s/iter. ETA=0:30:19
[12/10 04:33:22 d2.evaluation.evaluator]: Inference done 527/2000. Dataloading: 0.0017 s/iter. Inference: 0.1494 s/iter. Eval: 1.0821 s/iter. Total: 1.2333 s/iter. ETA=0:30:16
[12/10 04:33:28 d2.evaluation.evaluator]: Inference done 531/2000. Dataloading: 0.0016 s/iter. Inference: 0.1494 s/iter. Eval: 1.0843 s/iter. Total: 1.2354 s/iter. ETA=0:30:14
[12/10 04:33:34 d2.evaluation.evaluator]: Inference done 536/2000. Dataloading: 0.0016 s/iter. Inference: 0.1494 s/iter. Eval: 1.0839 s/iter. Total: 1.2350 s/iter. ETA=0:30:08
[12/10 04:33:39 d2.evaluation.evaluator]: Inference done 541/2000. Dataloading: 0.0016 s/iter. Inference: 0.1493 s/iter. Eval: 1.0825 s/iter. Total: 1.2336 s/iter. ETA=0:29:59
[12/10 04:33:44 d2.evaluation.evaluator]: Inference done 545/2000. Dataloading: 0.0016 s/iter. Inference: 0.1493 s/iter. Eval: 1.0833 s/iter. Total: 1.2344 s/iter. ETA=0:29:56
[12/10 04:33:50 d2.evaluation.evaluator]: Inference done 552/2000. Dataloading: 0.0016 s/iter. Inference: 0.1493 s/iter. Eval: 1.0784 s/iter. Total: 1.2295 s/iter. ETA=0:29:40
[12/10 04:33:56 d2.evaluation.evaluator]: Inference done 555/2000. Dataloading: 0.0016 s/iter. Inference: 0.1493 s/iter. Eval: 1.0814 s/iter. Total: 1.2324 s/iter. ETA=0:29:40
[12/10 04:34:01 d2.evaluation.evaluator]: Inference done 561/2000. Dataloading: 0.0016 s/iter. Inference: 0.1493 s/iter. Eval: 1.0785 s/iter. Total: 1.2296 s/iter. ETA=0:29:29
[12/10 04:34:07 d2.evaluation.evaluator]: Inference done 567/2000. Dataloading: 0.0016 s/iter. Inference: 0.1493 s/iter. Eval: 1.0747 s/iter. Total: 1.2257 s/iter. ETA=0:29:16
[12/10 04:34:13 d2.evaluation.evaluator]: Inference done 571/2000. Dataloading: 0.0016 s/iter. Inference: 0.1493 s/iter. Eval: 1.0769 s/iter. Total: 1.2279 s/iter. ETA=0:29:14
[12/10 04:34:18 d2.evaluation.evaluator]: Inference done 575/2000. Dataloading: 0.0016 s/iter. Inference: 0.1493 s/iter. Eval: 1.0775 s/iter. Total: 1.2285 s/iter. ETA=0:29:10
[12/10 04:34:24 d2.evaluation.evaluator]: Inference done 579/2000. Dataloading: 0.0016 s/iter. Inference: 0.1493 s/iter. Eval: 1.0793 s/iter. Total: 1.2303 s/iter. ETA=0:29:08
[12/10 04:34:31 d2.evaluation.evaluator]: Inference done 584/2000. Dataloading: 0.0016 s/iter. Inference: 0.1492 s/iter. Eval: 1.0801 s/iter. Total: 1.2311 s/iter. ETA=0:29:03
[12/10 04:34:37 d2.evaluation.evaluator]: Inference done 589/2000. Dataloading: 0.0016 s/iter. Inference: 0.1492 s/iter. Eval: 1.0808 s/iter. Total: 1.2318 s/iter. ETA=0:28:58
[12/10 04:34:44 d2.evaluation.evaluator]: Inference done 594/2000. Dataloading: 0.0016 s/iter. Inference: 0.1492 s/iter. Eval: 1.0817 s/iter. Total: 1.2327 s/iter. ETA=0:28:53
[12/10 04:34:49 d2.evaluation.evaluator]: Inference done 600/2000. Dataloading: 0.0016 s/iter. Inference: 0.1492 s/iter. Eval: 1.0784 s/iter. Total: 1.2293 s/iter. ETA=0:28:41
[12/10 04:34:56 d2.evaluation.evaluator]: Inference done 605/2000. Dataloading: 0.0016 s/iter. Inference: 0.1492 s/iter. Eval: 1.0790 s/iter. Total: 1.2299 s/iter. ETA=0:28:35
[12/10 04:35:03 d2.evaluation.evaluator]: Inference done 611/2000. Dataloading: 0.0016 s/iter. Inference: 0.1492 s/iter. Eval: 1.0780 s/iter. Total: 1.2290 s/iter. ETA=0:28:27
[12/10 04:35:09 d2.evaluation.evaluator]: Inference done 615/2000. Dataloading: 0.0016 s/iter. Inference: 0.1492 s/iter. Eval: 1.0801 s/iter. Total: 1.2310 s/iter. ETA=0:28:24
[12/10 04:35:14 d2.evaluation.evaluator]: Inference done 621/2000. Dataloading: 0.0016 s/iter. Inference: 0.1492 s/iter. Eval: 1.0770 s/iter. Total: 1.2279 s/iter. ETA=0:28:13
[12/10 04:35:19 d2.evaluation.evaluator]: Inference done 626/2000. Dataloading: 0.0016 s/iter. Inference: 0.1492 s/iter. Eval: 1.0753 s/iter. Total: 1.2262 s/iter. ETA=0:28:04
[12/10 04:35:25 d2.evaluation.evaluator]: Inference done 632/2000. Dataloading: 0.0016 s/iter. Inference: 0.1492 s/iter. Eval: 1.0721 s/iter. Total: 1.2230 s/iter. ETA=0:27:53
[12/10 04:35:30 d2.evaluation.evaluator]: Inference done 637/2000. Dataloading: 0.0016 s/iter. Inference: 0.1492 s/iter. Eval: 1.0716 s/iter. Total: 1.2225 s/iter. ETA=0:27:46
[12/10 04:35:37 d2.evaluation.evaluator]: Inference done 641/2000. Dataloading: 0.0016 s/iter. Inference: 0.1492 s/iter. Eval: 1.0736 s/iter. Total: 1.2245 s/iter. ETA=0:27:44
[12/10 04:35:43 d2.evaluation.evaluator]: Inference done 646/2000. Dataloading: 0.0016 s/iter. Inference: 0.1492 s/iter. Eval: 1.0743 s/iter. Total: 1.2252 s/iter. ETA=0:27:38
[12/10 04:35:49 d2.evaluation.evaluator]: Inference done 651/2000. Dataloading: 0.0016 s/iter. Inference: 0.1492 s/iter. Eval: 1.0732 s/iter. Total: 1.2241 s/iter. ETA=0:27:31
[12/10 04:35:54 d2.evaluation.evaluator]: Inference done 656/2000. Dataloading: 0.0016 s/iter. Inference: 0.1491 s/iter. Eval: 1.0724 s/iter. Total: 1.2233 s/iter. ETA=0:27:24
[12/10 04:36:00 d2.evaluation.evaluator]: Inference done 660/2000. Dataloading: 0.0016 s/iter. Inference: 0.1492 s/iter. Eval: 1.0735 s/iter. Total: 1.2244 s/iter. ETA=0:27:20
[12/10 04:36:06 d2.evaluation.evaluator]: Inference done 667/2000. Dataloading: 0.0016 s/iter. Inference: 0.1492 s/iter. Eval: 1.0703 s/iter. Total: 1.2212 s/iter. ETA=0:27:07
[12/10 04:36:12 d2.evaluation.evaluator]: Inference done 672/2000. Dataloading: 0.0016 s/iter. Inference: 0.1492 s/iter. Eval: 1.0696 s/iter. Total: 1.2205 s/iter. ETA=0:27:00
[12/10 04:36:17 d2.evaluation.evaluator]: Inference done 675/2000. Dataloading: 0.0016 s/iter. Inference: 0.1492 s/iter. Eval: 1.0719 s/iter. Total: 1.2229 s/iter. ETA=0:27:00
[12/10 04:36:23 d2.evaluation.evaluator]: Inference done 679/2000. Dataloading: 0.0016 s/iter. Inference: 0.1492 s/iter. Eval: 1.0731 s/iter. Total: 1.2240 s/iter. ETA=0:26:56
[12/10 04:36:29 d2.evaluation.evaluator]: Inference done 684/2000. Dataloading: 0.0016 s/iter. Inference: 0.1492 s/iter. Eval: 1.0729 s/iter. Total: 1.2238 s/iter. ETA=0:26:50
[12/10 04:36:35 d2.evaluation.evaluator]: Inference done 689/2000. Dataloading: 0.0016 s/iter. Inference: 0.1492 s/iter. Eval: 1.0725 s/iter. Total: 1.2234 s/iter. ETA=0:26:43
[12/10 04:36:40 d2.evaluation.evaluator]: Inference done 693/2000. Dataloading: 0.0016 s/iter. Inference: 0.1492 s/iter. Eval: 1.0730 s/iter. Total: 1.2239 s/iter. ETA=0:26:39
[12/10 04:36:45 d2.evaluation.evaluator]: Inference done 698/2000. Dataloading: 0.0016 s/iter. Inference: 0.1491 s/iter. Eval: 1.0722 s/iter. Total: 1.2231 s/iter. ETA=0:26:32
[12/10 04:36:51 d2.evaluation.evaluator]: Inference done 702/2000. Dataloading: 0.0016 s/iter. Inference: 0.1492 s/iter. Eval: 1.0728 s/iter. Total: 1.2236 s/iter. ETA=0:26:28
[12/10 04:36:57 d2.evaluation.evaluator]: Inference done 705/2000. Dataloading: 0.0016 s/iter. Inference: 0.1492 s/iter. Eval: 1.0769 s/iter. Total: 1.2278 s/iter. ETA=0:26:30
[12/10 04:37:03 d2.evaluation.evaluator]: Inference done 709/2000. Dataloading: 0.0016 s/iter. Inference: 0.1492 s/iter. Eval: 1.0780 s/iter. Total: 1.2289 s/iter. ETA=0:26:26
[12/10 04:37:08 d2.evaluation.evaluator]: Inference done 713/2000. Dataloading: 0.0016 s/iter. Inference: 0.1492 s/iter. Eval: 1.0783 s/iter. Total: 1.2292 s/iter. ETA=0:26:21
[12/10 04:37:13 d2.evaluation.evaluator]: Inference done 719/2000. Dataloading: 0.0016 s/iter. Inference: 0.1492 s/iter. Eval: 1.0752 s/iter. Total: 1.2261 s/iter. ETA=0:26:10
[12/10 04:37:20 d2.evaluation.evaluator]: Inference done 723/2000. Dataloading: 0.0016 s/iter. Inference: 0.1492 s/iter. Eval: 1.0773 s/iter. Total: 1.2283 s/iter. ETA=0:26:08
[12/10 04:37:26 d2.evaluation.evaluator]: Inference done 728/2000. Dataloading: 0.0016 s/iter. Inference: 0.1493 s/iter. Eval: 1.0770 s/iter. Total: 1.2280 s/iter. ETA=0:26:02
[12/10 04:37:32 d2.evaluation.evaluator]: Inference done 733/2000. Dataloading: 0.0016 s/iter. Inference: 0.1492 s/iter. Eval: 1.0769 s/iter. Total: 1.2278 s/iter. ETA=0:25:55
[12/10 04:37:38 d2.evaluation.evaluator]: Inference done 738/2000. Dataloading: 0.0016 s/iter. Inference: 0.1492 s/iter. Eval: 1.0766 s/iter. Total: 1.2276 s/iter. ETA=0:25:49
[12/10 04:37:43 d2.evaluation.evaluator]: Inference done 743/2000. Dataloading: 0.0016 s/iter. Inference: 0.1492 s/iter. Eval: 1.0756 s/iter. Total: 1.2265 s/iter. ETA=0:25:41
[12/10 04:37:50 d2.evaluation.evaluator]: Inference done 748/2000. Dataloading: 0.0016 s/iter. Inference: 0.1492 s/iter. Eval: 1.0764 s/iter. Total: 1.2274 s/iter. ETA=0:25:36
[12/10 04:37:55 d2.evaluation.evaluator]: Inference done 754/2000. Dataloading: 0.0016 s/iter. Inference: 0.1493 s/iter. Eval: 1.0741 s/iter. Total: 1.2251 s/iter. ETA=0:25:26
[12/10 04:38:01 d2.evaluation.evaluator]: Inference done 761/2000. Dataloading: 0.0016 s/iter. Inference: 0.1493 s/iter. Eval: 1.0700 s/iter. Total: 1.2210 s/iter. ETA=0:25:12
[12/10 04:38:08 d2.evaluation.evaluator]: Inference done 768/2000. Dataloading: 0.0016 s/iter. Inference: 0.1493 s/iter. Eval: 1.0679 s/iter. Total: 1.2190 s/iter. ETA=0:25:01
[12/10 04:38:14 d2.evaluation.evaluator]: Inference done 772/2000. Dataloading: 0.0016 s/iter. Inference: 0.1494 s/iter. Eval: 1.0690 s/iter. Total: 1.2202 s/iter. ETA=0:24:58
[12/10 04:38:19 d2.evaluation.evaluator]: Inference done 777/2000. Dataloading: 0.0016 s/iter. Inference: 0.1494 s/iter. Eval: 1.0676 s/iter. Total: 1.2188 s/iter. ETA=0:24:50
[12/10 04:38:25 d2.evaluation.evaluator]: Inference done 781/2000. Dataloading: 0.0016 s/iter. Inference: 0.1494 s/iter. Eval: 1.0693 s/iter. Total: 1.2205 s/iter. ETA=0:24:47
[12/10 04:38:31 d2.evaluation.evaluator]: Inference done 787/2000. Dataloading: 0.0016 s/iter. Inference: 0.1494 s/iter. Eval: 1.0684 s/iter. Total: 1.2195 s/iter. ETA=0:24:39
[12/10 04:38:37 d2.evaluation.evaluator]: Inference done 791/2000. Dataloading: 0.0016 s/iter. Inference: 0.1494 s/iter. Eval: 1.0697 s/iter. Total: 1.2208 s/iter. ETA=0:24:36
[12/10 04:38:44 d2.evaluation.evaluator]: Inference done 798/2000. Dataloading: 0.0016 s/iter. Inference: 0.1494 s/iter. Eval: 1.0669 s/iter. Total: 1.2181 s/iter. ETA=0:24:24
[12/10 04:38:49 d2.evaluation.evaluator]: Inference done 802/2000. Dataloading: 0.0016 s/iter. Inference: 0.1494 s/iter. Eval: 1.0671 s/iter. Total: 1.2183 s/iter. ETA=0:24:19
[12/10 04:38:54 d2.evaluation.evaluator]: Inference done 806/2000. Dataloading: 0.0016 s/iter. Inference: 0.1494 s/iter. Eval: 1.0677 s/iter. Total: 1.2188 s/iter. ETA=0:24:15
[12/10 04:39:00 d2.evaluation.evaluator]: Inference done 811/2000. Dataloading: 0.0016 s/iter. Inference: 0.1494 s/iter. Eval: 1.0668 s/iter. Total: 1.2180 s/iter. ETA=0:24:08
[12/10 04:39:05 d2.evaluation.evaluator]: Inference done 815/2000. Dataloading: 0.0016 s/iter. Inference: 0.1494 s/iter. Eval: 1.0677 s/iter. Total: 1.2188 s/iter. ETA=0:24:04
[12/10 04:39:11 d2.evaluation.evaluator]: Inference done 820/2000. Dataloading: 0.0016 s/iter. Inference: 0.1494 s/iter. Eval: 1.0671 s/iter. Total: 1.2183 s/iter. ETA=0:23:57
[12/10 04:39:16 d2.evaluation.evaluator]: Inference done 822/2000. Dataloading: 0.0016 s/iter. Inference: 0.1495 s/iter. Eval: 1.0710 s/iter. Total: 1.2222 s/iter. ETA=0:23:59
[12/10 04:39:24 d2.evaluation.evaluator]: Inference done 825/2000. Dataloading: 0.0016 s/iter. Inference: 0.1495 s/iter. Eval: 1.0761 s/iter. Total: 1.2273 s/iter. ETA=0:24:02
[12/10 04:39:30 d2.evaluation.evaluator]: Inference done 831/2000. Dataloading: 0.0016 s/iter. Inference: 0.1495 s/iter. Eval: 1.0737 s/iter. Total: 1.2249 s/iter. ETA=0:23:51
[12/10 04:39:36 d2.evaluation.evaluator]: Inference done 837/2000. Dataloading: 0.0016 s/iter. Inference: 0.1494 s/iter. Eval: 1.0722 s/iter. Total: 1.2233 s/iter. ETA=0:23:42
[12/10 04:39:42 d2.evaluation.evaluator]: Inference done 842/2000. Dataloading: 0.0016 s/iter. Inference: 0.1494 s/iter. Eval: 1.0724 s/iter. Total: 1.2235 s/iter. ETA=0:23:36
[12/10 04:39:48 d2.evaluation.evaluator]: Inference done 846/2000. Dataloading: 0.0016 s/iter. Inference: 0.1494 s/iter. Eval: 1.0743 s/iter. Total: 1.2255 s/iter. ETA=0:23:34
[12/10 04:39:54 d2.evaluation.evaluator]: Inference done 851/2000. Dataloading: 0.0016 s/iter. Inference: 0.1494 s/iter. Eval: 1.0734 s/iter. Total: 1.2245 s/iter. ETA=0:23:26
[12/10 04:39:59 d2.evaluation.evaluator]: Inference done 857/2000. Dataloading: 0.0016 s/iter. Inference: 0.1494 s/iter. Eval: 1.0709 s/iter. Total: 1.2220 s/iter. ETA=0:23:16
[12/10 04:40:04 d2.evaluation.evaluator]: Inference done 863/2000. Dataloading: 0.0016 s/iter. Inference: 0.1494 s/iter. Eval: 1.0685 s/iter. Total: 1.2196 s/iter. ETA=0:23:06
[12/10 04:40:10 d2.evaluation.evaluator]: Inference done 867/2000. Dataloading: 0.0016 s/iter. Inference: 0.1494 s/iter. Eval: 1.0691 s/iter. Total: 1.2202 s/iter. ETA=0:23:02
[12/10 04:40:16 d2.evaluation.evaluator]: Inference done 871/2000. Dataloading: 0.0016 s/iter. Inference: 0.1494 s/iter. Eval: 1.0706 s/iter. Total: 1.2217 s/iter. ETA=0:22:59
[12/10 04:40:22 d2.evaluation.evaluator]: Inference done 877/2000. Dataloading: 0.0016 s/iter. Inference: 0.1494 s/iter. Eval: 1.0689 s/iter. Total: 1.2201 s/iter. ETA=0:22:50
[12/10 04:40:28 d2.evaluation.evaluator]: Inference done 882/2000. Dataloading: 0.0016 s/iter. Inference: 0.1495 s/iter. Eval: 1.0692 s/iter. Total: 1.2204 s/iter. ETA=0:22:44
[12/10 04:40:34 d2.evaluation.evaluator]: Inference done 887/2000. Dataloading: 0.0016 s/iter. Inference: 0.1495 s/iter. Eval: 1.0693 s/iter. Total: 1.2205 s/iter. ETA=0:22:38
[12/10 04:40:40 d2.evaluation.evaluator]: Inference done 891/2000. Dataloading: 0.0016 s/iter. Inference: 0.1495 s/iter. Eval: 1.0699 s/iter. Total: 1.2211 s/iter. ETA=0:22:34
[12/10 04:40:46 d2.evaluation.evaluator]: Inference done 896/2000. Dataloading: 0.0016 s/iter. Inference: 0.1495 s/iter. Eval: 1.0701 s/iter. Total: 1.2213 s/iter. ETA=0:22:28
[12/10 04:40:52 d2.evaluation.evaluator]: Inference done 901/2000. Dataloading: 0.0016 s/iter. Inference: 0.1495 s/iter. Eval: 1.0699 s/iter. Total: 1.2211 s/iter. ETA=0:22:22
[12/10 04:40:58 d2.evaluation.evaluator]: Inference done 906/2000. Dataloading: 0.0016 s/iter. Inference: 0.1495 s/iter. Eval: 1.0695 s/iter. Total: 1.2208 s/iter. ETA=0:22:15
[12/10 04:41:04 d2.evaluation.evaluator]: Inference done 911/2000. Dataloading: 0.0016 s/iter. Inference: 0.1496 s/iter. Eval: 1.0698 s/iter. Total: 1.2211 s/iter. ETA=0:22:09
[12/10 04:41:10 d2.evaluation.evaluator]: Inference done 915/2000. Dataloading: 0.0016 s/iter. Inference: 0.1496 s/iter. Eval: 1.0704 s/iter. Total: 1.2217 s/iter. ETA=0:22:05
[12/10 04:41:15 d2.evaluation.evaluator]: Inference done 920/2000. Dataloading: 0.0016 s/iter. Inference: 0.1495 s/iter. Eval: 1.0695 s/iter. Total: 1.2208 s/iter. ETA=0:21:58
[12/10 04:41:21 d2.evaluation.evaluator]: Inference done 926/2000. Dataloading: 0.0016 s/iter. Inference: 0.1496 s/iter. Eval: 1.0684 s/iter. Total: 1.2197 s/iter. ETA=0:21:49
[12/10 04:41:26 d2.evaluation.evaluator]: Inference done 930/2000. Dataloading: 0.0016 s/iter. Inference: 0.1496 s/iter. Eval: 1.0689 s/iter. Total: 1.2202 s/iter. ETA=0:21:45
[12/10 04:41:33 d2.evaluation.evaluator]: Inference done 934/2000. Dataloading: 0.0016 s/iter. Inference: 0.1495 s/iter. Eval: 1.0702 s/iter. Total: 1.2215 s/iter. ETA=0:21:42
[12/10 04:41:38 d2.evaluation.evaluator]: Inference done 940/2000. Dataloading: 0.0016 s/iter. Inference: 0.1495 s/iter. Eval: 1.0683 s/iter. Total: 1.2195 s/iter. ETA=0:21:32
[12/10 04:41:43 d2.evaluation.evaluator]: Inference done 943/2000. Dataloading: 0.0016 s/iter. Inference: 0.1495 s/iter. Eval: 1.0700 s/iter. Total: 1.2213 s/iter. ETA=0:21:30
[12/10 04:41:49 d2.evaluation.evaluator]: Inference done 948/2000. Dataloading: 0.0016 s/iter. Inference: 0.1495 s/iter. Eval: 1.0691 s/iter. Total: 1.2204 s/iter. ETA=0:21:23
[12/10 04:41:54 d2.evaluation.evaluator]: Inference done 952/2000. Dataloading: 0.0016 s/iter. Inference: 0.1495 s/iter. Eval: 1.0694 s/iter. Total: 1.2207 s/iter. ETA=0:21:19
[12/10 04:41:59 d2.evaluation.evaluator]: Inference done 956/2000. Dataloading: 0.0016 s/iter. Inference: 0.1496 s/iter. Eval: 1.0695 s/iter. Total: 1.2208 s/iter. ETA=0:21:14
[12/10 04:42:07 d2.evaluation.evaluator]: Inference done 960/2000. Dataloading: 0.0016 s/iter. Inference: 0.1496 s/iter. Eval: 1.0730 s/iter. Total: 1.2243 s/iter. ETA=0:21:13
[12/10 04:42:13 d2.evaluation.evaluator]: Inference done 965/2000. Dataloading: 0.0016 s/iter. Inference: 0.1496 s/iter. Eval: 1.0725 s/iter. Total: 1.2238 s/iter. ETA=0:21:06
[12/10 04:42:19 d2.evaluation.evaluator]: Inference done 972/2000. Dataloading: 0.0016 s/iter. Inference: 0.1495 s/iter. Eval: 1.0702 s/iter. Total: 1.2215 s/iter. ETA=0:20:55
[12/10 04:42:24 d2.evaluation.evaluator]: Inference done 975/2000. Dataloading: 0.0016 s/iter. Inference: 0.1495 s/iter. Eval: 1.0718 s/iter. Total: 1.2231 s/iter. ETA=0:20:53
[12/10 04:42:31 d2.evaluation.evaluator]: Inference done 980/2000. Dataloading: 0.0016 s/iter. Inference: 0.1495 s/iter. Eval: 1.0724 s/iter. Total: 1.2237 s/iter. ETA=0:20:48
[12/10 04:42:36 d2.evaluation.evaluator]: Inference done 986/2000. Dataloading: 0.0016 s/iter. Inference: 0.1495 s/iter. Eval: 1.0706 s/iter. Total: 1.2219 s/iter. ETA=0:20:38
[12/10 04:42:42 d2.evaluation.evaluator]: Inference done 992/2000. Dataloading: 0.0016 s/iter. Inference: 0.1495 s/iter. Eval: 1.0691 s/iter. Total: 1.2204 s/iter. ETA=0:20:30
[12/10 04:42:47 d2.evaluation.evaluator]: Inference done 996/2000. Dataloading: 0.0016 s/iter. Inference: 0.1495 s/iter. Eval: 1.0693 s/iter. Total: 1.2205 s/iter. ETA=0:20:25
[12/10 04:42:53 d2.evaluation.evaluator]: Inference done 1001/2000. Dataloading: 0.0016 s/iter. Inference: 0.1495 s/iter. Eval: 1.0692 s/iter. Total: 1.2204 s/iter. ETA=0:20:19
[12/10 04:42:58 d2.evaluation.evaluator]: Inference done 1005/2000. Dataloading: 0.0016 s/iter. Inference: 0.1495 s/iter. Eval: 1.0693 s/iter. Total: 1.2205 s/iter. ETA=0:20:14
[12/10 04:43:04 d2.evaluation.evaluator]: Inference done 1009/2000. Dataloading: 0.0016 s/iter. Inference: 0.1495 s/iter. Eval: 1.0697 s/iter. Total: 1.2210 s/iter. ETA=0:20:09
[12/10 04:43:09 d2.evaluation.evaluator]: Inference done 1014/2000. Dataloading: 0.0016 s/iter. Inference: 0.1495 s/iter. Eval: 1.0686 s/iter. Total: 1.2199 s/iter. ETA=0:20:02
[12/10 04:43:15 d2.evaluation.evaluator]: Inference done 1019/2000. Dataloading: 0.0016 s/iter. Inference: 0.1495 s/iter. Eval: 1.0684 s/iter. Total: 1.2196 s/iter. ETA=0:19:56
[12/10 04:43:21 d2.evaluation.evaluator]: Inference done 1025/2000. Dataloading: 0.0016 s/iter. Inference: 0.1495 s/iter. Eval: 1.0671 s/iter. Total: 1.2184 s/iter. ETA=0:19:47
[12/10 04:43:26 d2.evaluation.evaluator]: Inference done 1029/2000. Dataloading: 0.0016 s/iter. Inference: 0.1495 s/iter. Eval: 1.0673 s/iter. Total: 1.2186 s/iter. ETA=0:19:43
[12/10 04:43:32 d2.evaluation.evaluator]: Inference done 1034/2000. Dataloading: 0.0016 s/iter. Inference: 0.1495 s/iter. Eval: 1.0676 s/iter. Total: 1.2189 s/iter. ETA=0:19:37
[12/10 04:43:41 d2.evaluation.evaluator]: Inference done 1040/2000. Dataloading: 0.0016 s/iter. Inference: 0.1495 s/iter. Eval: 1.0690 s/iter. Total: 1.2203 s/iter. ETA=0:19:31
[12/10 04:43:50 d2.evaluation.evaluator]: Inference done 1044/2000. Dataloading: 0.0016 s/iter. Inference: 0.1495 s/iter. Eval: 1.0731 s/iter. Total: 1.2243 s/iter. ETA=0:19:30
[12/10 04:43:56 d2.evaluation.evaluator]: Inference done 1049/2000. Dataloading: 0.0016 s/iter. Inference: 0.1495 s/iter. Eval: 1.0731 s/iter. Total: 1.2244 s/iter. ETA=0:19:24
[12/10 04:44:02 d2.evaluation.evaluator]: Inference done 1055/2000. Dataloading: 0.0016 s/iter. Inference: 0.1495 s/iter. Eval: 1.0715 s/iter. Total: 1.2228 s/iter. ETA=0:19:15
[12/10 04:44:08 d2.evaluation.evaluator]: Inference done 1062/2000. Dataloading: 0.0016 s/iter. Inference: 0.1495 s/iter. Eval: 1.0697 s/iter. Total: 1.2209 s/iter. ETA=0:19:05
[12/10 04:44:15 d2.evaluation.evaluator]: Inference done 1068/2000. Dataloading: 0.0016 s/iter. Inference: 0.1495 s/iter. Eval: 1.0690 s/iter. Total: 1.2202 s/iter. ETA=0:18:57
[12/10 04:44:20 d2.evaluation.evaluator]: Inference done 1070/2000. Dataloading: 0.0016 s/iter. Inference: 0.1495 s/iter. Eval: 1.0720 s/iter. Total: 1.2232 s/iter. ETA=0:18:57
[12/10 04:44:26 d2.evaluation.evaluator]: Inference done 1074/2000. Dataloading: 0.0016 s/iter. Inference: 0.1495 s/iter. Eval: 1.0729 s/iter. Total: 1.2241 s/iter. ETA=0:18:53
[12/10 04:44:32 d2.evaluation.evaluator]: Inference done 1079/2000. Dataloading: 0.0016 s/iter. Inference: 0.1494 s/iter. Eval: 1.0725 s/iter. Total: 1.2237 s/iter. ETA=0:18:46
[12/10 04:44:38 d2.evaluation.evaluator]: Inference done 1083/2000. Dataloading: 0.0016 s/iter. Inference: 0.1494 s/iter. Eval: 1.0731 s/iter. Total: 1.2242 s/iter. ETA=0:18:42
[12/10 04:44:43 d2.evaluation.evaluator]: Inference done 1090/2000. Dataloading: 0.0016 s/iter. Inference: 0.1494 s/iter. Eval: 1.0700 s/iter. Total: 1.2212 s/iter. ETA=0:18:31
[12/10 04:44:49 d2.evaluation.evaluator]: Inference done 1096/2000. Dataloading: 0.0016 s/iter. Inference: 0.1494 s/iter. Eval: 1.0687 s/iter. Total: 1.2198 s/iter. ETA=0:18:22
[12/10 04:44:54 d2.evaluation.evaluator]: Inference done 1102/2000. Dataloading: 0.0016 s/iter. Inference: 0.1494 s/iter. Eval: 1.0672 s/iter. Total: 1.2183 s/iter. ETA=0:18:14
[12/10 04:45:00 d2.evaluation.evaluator]: Inference done 1107/2000. Dataloading: 0.0016 s/iter. Inference: 0.1494 s/iter. Eval: 1.0669 s/iter. Total: 1.2181 s/iter. ETA=0:18:07
[12/10 04:45:06 d2.evaluation.evaluator]: Inference done 1111/2000. Dataloading: 0.0016 s/iter. Inference: 0.1494 s/iter. Eval: 1.0680 s/iter. Total: 1.2192 s/iter. ETA=0:18:03
[12/10 04:45:12 d2.evaluation.evaluator]: Inference done 1115/2000. Dataloading: 0.0016 s/iter. Inference: 0.1494 s/iter. Eval: 1.0686 s/iter. Total: 1.2198 s/iter. ETA=0:17:59
[12/10 04:45:17 d2.evaluation.evaluator]: Inference done 1121/2000. Dataloading: 0.0016 s/iter. Inference: 0.1494 s/iter. Eval: 1.0670 s/iter. Total: 1.2181 s/iter. ETA=0:17:50
[12/10 04:45:22 d2.evaluation.evaluator]: Inference done 1125/2000. Dataloading: 0.0016 s/iter. Inference: 0.1494 s/iter. Eval: 1.0672 s/iter. Total: 1.2183 s/iter. ETA=0:17:46
[12/10 04:45:27 d2.evaluation.evaluator]: Inference done 1131/2000. Dataloading: 0.0016 s/iter. Inference: 0.1494 s/iter. Eval: 1.0653 s/iter. Total: 1.2164 s/iter. ETA=0:17:37
[12/10 04:45:33 d2.evaluation.evaluator]: Inference done 1135/2000. Dataloading: 0.0016 s/iter. Inference: 0.1494 s/iter. Eval: 1.0655 s/iter. Total: 1.2166 s/iter. ETA=0:17:32
[12/10 04:45:38 d2.evaluation.evaluator]: Inference done 1141/2000. Dataloading: 0.0016 s/iter. Inference: 0.1494 s/iter. Eval: 1.0642 s/iter. Total: 1.2153 s/iter. ETA=0:17:23
[12/10 04:45:44 d2.evaluation.evaluator]: Inference done 1146/2000. Dataloading: 0.0016 s/iter. Inference: 0.1494 s/iter. Eval: 1.0637 s/iter. Total: 1.2148 s/iter. ETA=0:17:17
[12/10 04:45:49 d2.evaluation.evaluator]: Inference done 1151/2000. Dataloading: 0.0016 s/iter. Inference: 0.1494 s/iter. Eval: 1.0630 s/iter. Total: 1.2141 s/iter. ETA=0:17:10
[12/10 04:45:55 d2.evaluation.evaluator]: Inference done 1156/2000. Dataloading: 0.0016 s/iter. Inference: 0.1493 s/iter. Eval: 1.0625 s/iter. Total: 1.2136 s/iter. ETA=0:17:04
[12/10 04:46:01 d2.evaluation.evaluator]: Inference done 1161/2000. Dataloading: 0.0016 s/iter. Inference: 0.1493 s/iter. Eval: 1.0629 s/iter. Total: 1.2140 s/iter. ETA=0:16:58
[12/10 04:46:07 d2.evaluation.evaluator]: Inference done 1165/2000. Dataloading: 0.0016 s/iter. Inference: 0.1493 s/iter. Eval: 1.0639 s/iter. Total: 1.2150 s/iter. ETA=0:16:54
[12/10 04:46:12 d2.evaluation.evaluator]: Inference done 1171/2000. Dataloading: 0.0016 s/iter. Inference: 0.1493 s/iter. Eval: 1.0620 s/iter. Total: 1.2131 s/iter. ETA=0:16:45
[12/10 04:46:18 d2.evaluation.evaluator]: Inference done 1176/2000. Dataloading: 0.0016 s/iter. Inference: 0.1493 s/iter. Eval: 1.0614 s/iter. Total: 1.2124 s/iter. ETA=0:16:39
[12/10 04:46:24 d2.evaluation.evaluator]: Inference done 1180/2000. Dataloading: 0.0016 s/iter. Inference: 0.1493 s/iter. Eval: 1.0625 s/iter. Total: 1.2135 s/iter. ETA=0:16:35
[12/10 04:46:29 d2.evaluation.evaluator]: Inference done 1185/2000. Dataloading: 0.0016 s/iter. Inference: 0.1493 s/iter. Eval: 1.0621 s/iter. Total: 1.2131 s/iter. ETA=0:16:28
[12/10 04:46:35 d2.evaluation.evaluator]: Inference done 1189/2000. Dataloading: 0.0016 s/iter. Inference: 0.1493 s/iter. Eval: 1.0629 s/iter. Total: 1.2139 s/iter. ETA=0:16:24
[12/10 04:46:41 d2.evaluation.evaluator]: Inference done 1193/2000. Dataloading: 0.0016 s/iter. Inference: 0.1492 s/iter. Eval: 1.0638 s/iter. Total: 1.2147 s/iter. ETA=0:16:20
[12/10 04:46:47 d2.evaluation.evaluator]: Inference done 1199/2000. Dataloading: 0.0016 s/iter. Inference: 0.1492 s/iter. Eval: 1.0624 s/iter. Total: 1.2134 s/iter. ETA=0:16:11
[12/10 04:46:52 d2.evaluation.evaluator]: Inference done 1205/2000. Dataloading: 0.0016 s/iter. Inference: 0.1492 s/iter. Eval: 1.0606 s/iter. Total: 1.2115 s/iter. ETA=0:16:03
[12/10 04:46:57 d2.evaluation.evaluator]: Inference done 1211/2000. Dataloading: 0.0016 s/iter. Inference: 0.1492 s/iter. Eval: 1.0589 s/iter. Total: 1.2098 s/iter. ETA=0:15:54
[12/10 04:47:03 d2.evaluation.evaluator]: Inference done 1217/2000. Dataloading: 0.0016 s/iter. Inference: 0.1492 s/iter. Eval: 1.0580 s/iter. Total: 1.2089 s/iter. ETA=0:15:46
[12/10 04:47:09 d2.evaluation.evaluator]: Inference done 1222/2000. Dataloading: 0.0016 s/iter. Inference: 0.1492 s/iter. Eval: 1.0582 s/iter. Total: 1.2091 s/iter. ETA=0:15:40
[12/10 04:47:14 d2.evaluation.evaluator]: Inference done 1227/2000. Dataloading: 0.0016 s/iter. Inference: 0.1491 s/iter. Eval: 1.0575 s/iter. Total: 1.2083 s/iter. ETA=0:15:34
[12/10 04:47:20 d2.evaluation.evaluator]: Inference done 1232/2000. Dataloading: 0.0016 s/iter. Inference: 0.1491 s/iter. Eval: 1.0569 s/iter. Total: 1.2078 s/iter. ETA=0:15:27
[12/10 04:47:25 d2.evaluation.evaluator]: Inference done 1237/2000. Dataloading: 0.0016 s/iter. Inference: 0.1491 s/iter. Eval: 1.0562 s/iter. Total: 1.2070 s/iter. ETA=0:15:20
[12/10 04:47:31 d2.evaluation.evaluator]: Inference done 1243/2000. Dataloading: 0.0016 s/iter. Inference: 0.1491 s/iter. Eval: 1.0550 s/iter. Total: 1.2059 s/iter. ETA=0:15:12
[12/10 04:47:36 d2.evaluation.evaluator]: Inference done 1248/2000. Dataloading: 0.0016 s/iter. Inference: 0.1491 s/iter. Eval: 1.0545 s/iter. Total: 1.2054 s/iter. ETA=0:15:06
[12/10 04:47:42 d2.evaluation.evaluator]: Inference done 1255/2000. Dataloading: 0.0016 s/iter. Inference: 0.1491 s/iter. Eval: 1.0529 s/iter. Total: 1.2037 s/iter. ETA=0:14:56
[12/10 04:47:48 d2.evaluation.evaluator]: Inference done 1260/2000. Dataloading: 0.0016 s/iter. Inference: 0.1490 s/iter. Eval: 1.0526 s/iter. Total: 1.2034 s/iter. ETA=0:14:50
[12/10 04:47:53 d2.evaluation.evaluator]: Inference done 1265/2000. Dataloading: 0.0016 s/iter. Inference: 0.1490 s/iter. Eval: 1.0520 s/iter. Total: 1.2027 s/iter. ETA=0:14:44
[12/10 04:47:59 d2.evaluation.evaluator]: Inference done 1270/2000. Dataloading: 0.0016 s/iter. Inference: 0.1490 s/iter. Eval: 1.0521 s/iter. Total: 1.2028 s/iter. ETA=0:14:38
[12/10 04:48:05 d2.evaluation.evaluator]: Inference done 1275/2000. Dataloading: 0.0016 s/iter. Inference: 0.1490 s/iter. Eval: 1.0515 s/iter. Total: 1.2022 s/iter. ETA=0:14:31
[12/10 04:48:11 d2.evaluation.evaluator]: Inference done 1280/2000. Dataloading: 0.0016 s/iter. Inference: 0.1490 s/iter. Eval: 1.0521 s/iter. Total: 1.2028 s/iter. ETA=0:14:26
[12/10 04:48:17 d2.evaluation.evaluator]: Inference done 1286/2000. Dataloading: 0.0016 s/iter. Inference: 0.1490 s/iter. Eval: 1.0508 s/iter. Total: 1.2015 s/iter. ETA=0:14:17
[12/10 04:48:22 d2.evaluation.evaluator]: Inference done 1289/2000. Dataloading: 0.0016 s/iter. Inference: 0.1490 s/iter. Eval: 1.0523 s/iter. Total: 1.2030 s/iter. ETA=0:14:15
[12/10 04:48:28 d2.evaluation.evaluator]: Inference done 1293/2000. Dataloading: 0.0016 s/iter. Inference: 0.1490 s/iter. Eval: 1.0533 s/iter. Total: 1.2040 s/iter. ETA=0:14:11
[12/10 04:48:34 d2.evaluation.evaluator]: Inference done 1298/2000. Dataloading: 0.0016 s/iter. Inference: 0.1490 s/iter. Eval: 1.0527 s/iter. Total: 1.2034 s/iter. ETA=0:14:04
[12/10 04:48:40 d2.evaluation.evaluator]: Inference done 1304/2000. Dataloading: 0.0016 s/iter. Inference: 0.1489 s/iter. Eval: 1.0520 s/iter. Total: 1.2027 s/iter. ETA=0:13:57
[12/10 04:48:45 d2.evaluation.evaluator]: Inference done 1310/2000. Dataloading: 0.0016 s/iter. Inference: 0.1489 s/iter. Eval: 1.0506 s/iter. Total: 1.2012 s/iter. ETA=0:13:48
[12/10 04:48:52 d2.evaluation.evaluator]: Inference done 1315/2000. Dataloading: 0.0016 s/iter. Inference: 0.1489 s/iter. Eval: 1.0511 s/iter. Total: 1.2017 s/iter. ETA=0:13:43
[12/10 04:48:59 d2.evaluation.evaluator]: Inference done 1319/2000. Dataloading: 0.0016 s/iter. Inference: 0.1489 s/iter. Eval: 1.0524 s/iter. Total: 1.2030 s/iter. ETA=0:13:39
[12/10 04:49:04 d2.evaluation.evaluator]: Inference done 1322/2000. Dataloading: 0.0016 s/iter. Inference: 0.1489 s/iter. Eval: 1.0541 s/iter. Total: 1.2047 s/iter. ETA=0:13:36
[12/10 04:49:10 d2.evaluation.evaluator]: Inference done 1326/2000. Dataloading: 0.0016 s/iter. Inference: 0.1489 s/iter. Eval: 1.0544 s/iter. Total: 1.2050 s/iter. ETA=0:13:32
[12/10 04:49:15 d2.evaluation.evaluator]: Inference done 1331/2000. Dataloading: 0.0016 s/iter. Inference: 0.1489 s/iter. Eval: 1.0543 s/iter. Total: 1.2049 s/iter. ETA=0:13:26
[12/10 04:49:21 d2.evaluation.evaluator]: Inference done 1335/2000. Dataloading: 0.0016 s/iter. Inference: 0.1489 s/iter. Eval: 1.0551 s/iter. Total: 1.2057 s/iter. ETA=0:13:21
[12/10 04:49:27 d2.evaluation.evaluator]: Inference done 1340/2000. Dataloading: 0.0016 s/iter. Inference: 0.1489 s/iter. Eval: 1.0545 s/iter. Total: 1.2051 s/iter. ETA=0:13:15
[12/10 04:49:32 d2.evaluation.evaluator]: Inference done 1343/2000. Dataloading: 0.0016 s/iter. Inference: 0.1489 s/iter. Eval: 1.0558 s/iter. Total: 1.2063 s/iter. ETA=0:13:12
[12/10 04:49:38 d2.evaluation.evaluator]: Inference done 1346/2000. Dataloading: 0.0016 s/iter. Inference: 0.1489 s/iter. Eval: 1.0575 s/iter. Total: 1.2081 s/iter. ETA=0:13:10
[12/10 04:49:44 d2.evaluation.evaluator]: Inference done 1351/2000. Dataloading: 0.0016 s/iter. Inference: 0.1489 s/iter. Eval: 1.0575 s/iter. Total: 1.2081 s/iter. ETA=0:13:04
[12/10 04:49:52 d2.evaluation.evaluator]: Inference done 1354/2000. Dataloading: 0.0016 s/iter. Inference: 0.1489 s/iter. Eval: 1.0607 s/iter. Total: 1.2113 s/iter. ETA=0:13:02
[12/10 04:49:57 d2.evaluation.evaluator]: Inference done 1360/2000. Dataloading: 0.0016 s/iter. Inference: 0.1489 s/iter. Eval: 1.0590 s/iter. Total: 1.2096 s/iter. ETA=0:12:54
[12/10 04:50:03 d2.evaluation.evaluator]: Inference done 1365/2000. Dataloading: 0.0016 s/iter. Inference: 0.1488 s/iter. Eval: 1.0593 s/iter. Total: 1.2098 s/iter. ETA=0:12:48
[12/10 04:50:09 d2.evaluation.evaluator]: Inference done 1369/2000. Dataloading: 0.0016 s/iter. Inference: 0.1488 s/iter. Eval: 1.0597 s/iter. Total: 1.2103 s/iter. ETA=0:12:43
[12/10 04:50:15 d2.evaluation.evaluator]: Inference done 1375/2000. Dataloading: 0.0016 s/iter. Inference: 0.1488 s/iter. Eval: 1.0588 s/iter. Total: 1.2093 s/iter. ETA=0:12:35
[12/10 04:50:20 d2.evaluation.evaluator]: Inference done 1381/2000. Dataloading: 0.0016 s/iter. Inference: 0.1488 s/iter. Eval: 1.0576 s/iter. Total: 1.2082 s/iter. ETA=0:12:27
[12/10 04:50:26 d2.evaluation.evaluator]: Inference done 1387/2000. Dataloading: 0.0016 s/iter. Inference: 0.1488 s/iter. Eval: 1.0562 s/iter. Total: 1.2068 s/iter. ETA=0:12:19
[12/10 04:50:31 d2.evaluation.evaluator]: Inference done 1392/2000. Dataloading: 0.0016 s/iter. Inference: 0.1488 s/iter. Eval: 1.0557 s/iter. Total: 1.2062 s/iter. ETA=0:12:13
[12/10 04:50:37 d2.evaluation.evaluator]: Inference done 1397/2000. Dataloading: 0.0016 s/iter. Inference: 0.1488 s/iter. Eval: 1.0560 s/iter. Total: 1.2066 s/iter. ETA=0:12:07
[12/10 04:50:42 d2.evaluation.evaluator]: Inference done 1401/2000. Dataloading: 0.0016 s/iter. Inference: 0.1488 s/iter. Eval: 1.0562 s/iter. Total: 1.2067 s/iter. ETA=0:12:02
[12/10 04:50:48 d2.evaluation.evaluator]: Inference done 1406/2000. Dataloading: 0.0016 s/iter. Inference: 0.1488 s/iter. Eval: 1.0556 s/iter. Total: 1.2061 s/iter. ETA=0:11:56
[12/10 04:50:54 d2.evaluation.evaluator]: Inference done 1409/2000. Dataloading: 0.0016 s/iter. Inference: 0.1488 s/iter. Eval: 1.0577 s/iter. Total: 1.2082 s/iter. ETA=0:11:54
[12/10 04:51:00 d2.evaluation.evaluator]: Inference done 1415/2000. Dataloading: 0.0016 s/iter. Inference: 0.1488 s/iter. Eval: 1.0564 s/iter. Total: 1.2069 s/iter. ETA=0:11:46
[12/10 04:51:05 d2.evaluation.evaluator]: Inference done 1420/2000. Dataloading: 0.0016 s/iter. Inference: 0.1488 s/iter. Eval: 1.0559 s/iter. Total: 1.2064 s/iter. ETA=0:11:39
[12/10 04:51:11 d2.evaluation.evaluator]: Inference done 1425/2000. Dataloading: 0.0016 s/iter. Inference: 0.1487 s/iter. Eval: 1.0562 s/iter. Total: 1.2067 s/iter. ETA=0:11:33
[12/10 04:51:17 d2.evaluation.evaluator]: Inference done 1430/2000. Dataloading: 0.0016 s/iter. Inference: 0.1487 s/iter. Eval: 1.0557 s/iter. Total: 1.2062 s/iter. ETA=0:11:27
[12/10 04:51:22 d2.evaluation.evaluator]: Inference done 1438/2000. Dataloading: 0.0016 s/iter. Inference: 0.1487 s/iter. Eval: 1.0526 s/iter. Total: 1.2030 s/iter. ETA=0:11:16
[12/10 04:51:28 d2.evaluation.evaluator]: Inference done 1444/2000. Dataloading: 0.0016 s/iter. Inference: 0.1487 s/iter. Eval: 1.0519 s/iter. Total: 1.2024 s/iter. ETA=0:11:08
[12/10 04:51:33 d2.evaluation.evaluator]: Inference done 1449/2000. Dataloading: 0.0016 s/iter. Inference: 0.1487 s/iter. Eval: 1.0513 s/iter. Total: 1.2018 s/iter. ETA=0:11:02
[12/10 04:51:38 d2.evaluation.evaluator]: Inference done 1453/2000. Dataloading: 0.0016 s/iter. Inference: 0.1487 s/iter. Eval: 1.0516 s/iter. Total: 1.2020 s/iter. ETA=0:10:57
[12/10 04:51:47 d2.evaluation.evaluator]: Inference done 1457/2000. Dataloading: 0.0016 s/iter. Inference: 0.1487 s/iter. Eval: 1.0540 s/iter. Total: 1.2044 s/iter. ETA=0:10:54
[12/10 04:51:53 d2.evaluation.evaluator]: Inference done 1463/2000. Dataloading: 0.0016 s/iter. Inference: 0.1487 s/iter. Eval: 1.0534 s/iter. Total: 1.2038 s/iter. ETA=0:10:46
[12/10 04:51:58 d2.evaluation.evaluator]: Inference done 1467/2000. Dataloading: 0.0016 s/iter. Inference: 0.1487 s/iter. Eval: 1.0535 s/iter. Total: 1.2039 s/iter. ETA=0:10:41
[12/10 04:52:04 d2.evaluation.evaluator]: Inference done 1473/2000. Dataloading: 0.0016 s/iter. Inference: 0.1486 s/iter. Eval: 1.0528 s/iter. Total: 1.2032 s/iter. ETA=0:10:34
[12/10 04:52:10 d2.evaluation.evaluator]: Inference done 1478/2000. Dataloading: 0.0016 s/iter. Inference: 0.1486 s/iter. Eval: 1.0528 s/iter. Total: 1.2031 s/iter. ETA=0:10:28
[12/10 04:52:17 d2.evaluation.evaluator]: Inference done 1485/2000. Dataloading: 0.0016 s/iter. Inference: 0.1486 s/iter. Eval: 1.0521 s/iter. Total: 1.2024 s/iter. ETA=0:10:19
[12/10 04:52:24 d2.evaluation.evaluator]: Inference done 1489/2000. Dataloading: 0.0016 s/iter. Inference: 0.1486 s/iter. Eval: 1.0532 s/iter. Total: 1.2036 s/iter. ETA=0:10:15
[12/10 04:52:31 d2.evaluation.evaluator]: Inference done 1495/2000. Dataloading: 0.0016 s/iter. Inference: 0.1486 s/iter. Eval: 1.0528 s/iter. Total: 1.2032 s/iter. ETA=0:10:07
[12/10 04:52:36 d2.evaluation.evaluator]: Inference done 1502/2000. Dataloading: 0.0016 s/iter. Inference: 0.1486 s/iter. Eval: 1.0510 s/iter. Total: 1.2013 s/iter. ETA=0:09:58
[12/10 04:52:42 d2.evaluation.evaluator]: Inference done 1509/2000. Dataloading: 0.0016 s/iter. Inference: 0.1486 s/iter. Eval: 1.0494 s/iter. Total: 1.1998 s/iter. ETA=0:09:49
[12/10 04:52:50 d2.evaluation.evaluator]: Inference done 1513/2000. Dataloading: 0.0016 s/iter. Inference: 0.1486 s/iter. Eval: 1.0516 s/iter. Total: 1.2020 s/iter. ETA=0:09:45
[12/10 04:52:56 d2.evaluation.evaluator]: Inference done 1518/2000. Dataloading: 0.0016 s/iter. Inference: 0.1486 s/iter. Eval: 1.0514 s/iter. Total: 1.2017 s/iter. ETA=0:09:39
[12/10 04:53:02 d2.evaluation.evaluator]: Inference done 1523/2000. Dataloading: 0.0016 s/iter. Inference: 0.1486 s/iter. Eval: 1.0512 s/iter. Total: 1.2015 s/iter. ETA=0:09:33
[12/10 04:53:07 d2.evaluation.evaluator]: Inference done 1528/2000. Dataloading: 0.0016 s/iter. Inference: 0.1486 s/iter. Eval: 1.0510 s/iter. Total: 1.2013 s/iter. ETA=0:09:27
[12/10 04:53:12 d2.evaluation.evaluator]: Inference done 1532/2000. Dataloading: 0.0016 s/iter. Inference: 0.1486 s/iter. Eval: 1.0512 s/iter. Total: 1.2015 s/iter. ETA=0:09:22
[12/10 04:53:18 d2.evaluation.evaluator]: Inference done 1538/2000. Dataloading: 0.0016 s/iter. Inference: 0.1485 s/iter. Eval: 1.0499 s/iter. Total: 1.2001 s/iter. ETA=0:09:14
[12/10 04:53:23 d2.evaluation.evaluator]: Inference done 1543/2000. Dataloading: 0.0016 s/iter. Inference: 0.1485 s/iter. Eval: 1.0497 s/iter. Total: 1.2000 s/iter. ETA=0:09:08
[12/10 04:53:29 d2.evaluation.evaluator]: Inference done 1547/2000. Dataloading: 0.0016 s/iter. Inference: 0.1485 s/iter. Eval: 1.0500 s/iter. Total: 1.2002 s/iter. ETA=0:09:03
[12/10 04:53:34 d2.evaluation.evaluator]: Inference done 1550/2000. Dataloading: 0.0016 s/iter. Inference: 0.1485 s/iter. Eval: 1.0510 s/iter. Total: 1.2012 s/iter. ETA=0:09:00
[12/10 04:53:39 d2.evaluation.evaluator]: Inference done 1554/2000. Dataloading: 0.0016 s/iter. Inference: 0.1485 s/iter. Eval: 1.0512 s/iter. Total: 1.2015 s/iter. ETA=0:08:55
[12/10 04:53:45 d2.evaluation.evaluator]: Inference done 1558/2000. Dataloading: 0.0016 s/iter. Inference: 0.1485 s/iter. Eval: 1.0522 s/iter. Total: 1.2025 s/iter. ETA=0:08:51
[12/10 04:53:50 d2.evaluation.evaluator]: Inference done 1565/2000. Dataloading: 0.0016 s/iter. Inference: 0.1485 s/iter. Eval: 1.0502 s/iter. Total: 1.2004 s/iter. ETA=0:08:42
[12/10 04:53:56 d2.evaluation.evaluator]: Inference done 1570/2000. Dataloading: 0.0016 s/iter. Inference: 0.1485 s/iter. Eval: 1.0502 s/iter. Total: 1.2004 s/iter. ETA=0:08:36
[12/10 04:54:02 d2.evaluation.evaluator]: Inference done 1575/2000. Dataloading: 0.0016 s/iter. Inference: 0.1485 s/iter. Eval: 1.0500 s/iter. Total: 1.2002 s/iter. ETA=0:08:30
[12/10 04:54:08 d2.evaluation.evaluator]: Inference done 1582/2000. Dataloading: 0.0016 s/iter. Inference: 0.1485 s/iter. Eval: 1.0481 s/iter. Total: 1.1983 s/iter. ETA=0:08:20
[12/10 04:54:13 d2.evaluation.evaluator]: Inference done 1587/2000. Dataloading: 0.0016 s/iter. Inference: 0.1485 s/iter. Eval: 1.0479 s/iter. Total: 1.1981 s/iter. ETA=0:08:14
[12/10 04:54:18 d2.evaluation.evaluator]: Inference done 1591/2000. Dataloading: 0.0016 s/iter. Inference: 0.1485 s/iter. Eval: 1.0482 s/iter. Total: 1.1983 s/iter. ETA=0:08:10
[12/10 04:54:24 d2.evaluation.evaluator]: Inference done 1596/2000. Dataloading: 0.0016 s/iter. Inference: 0.1485 s/iter. Eval: 1.0477 s/iter. Total: 1.1978 s/iter. ETA=0:08:03
[12/10 04:54:29 d2.evaluation.evaluator]: Inference done 1600/2000. Dataloading: 0.0016 s/iter. Inference: 0.1485 s/iter. Eval: 1.0482 s/iter. Total: 1.1984 s/iter. ETA=0:07:59
[12/10 04:54:35 d2.evaluation.evaluator]: Inference done 1603/2000. Dataloading: 0.0016 s/iter. Inference: 0.1485 s/iter. Eval: 1.0495 s/iter. Total: 1.1997 s/iter. ETA=0:07:56
[12/10 04:54:40 d2.evaluation.evaluator]: Inference done 1609/2000. Dataloading: 0.0016 s/iter. Inference: 0.1485 s/iter. Eval: 1.0482 s/iter. Total: 1.1984 s/iter. ETA=0:07:48
[12/10 04:54:46 d2.evaluation.evaluator]: Inference done 1614/2000. Dataloading: 0.0016 s/iter. Inference: 0.1484 s/iter. Eval: 1.0480 s/iter. Total: 1.1982 s/iter. ETA=0:07:42
[12/10 04:54:51 d2.evaluation.evaluator]: Inference done 1620/2000. Dataloading: 0.0016 s/iter. Inference: 0.1484 s/iter. Eval: 1.0471 s/iter. Total: 1.1973 s/iter. ETA=0:07:34
[12/10 04:54:57 d2.evaluation.evaluator]: Inference done 1624/2000. Dataloading: 0.0016 s/iter. Inference: 0.1484 s/iter. Eval: 1.0475 s/iter. Total: 1.1977 s/iter. ETA=0:07:30
[12/10 04:55:02 d2.evaluation.evaluator]: Inference done 1628/2000. Dataloading: 0.0016 s/iter. Inference: 0.1484 s/iter. Eval: 1.0478 s/iter. Total: 1.1980 s/iter. ETA=0:07:25
[12/10 04:55:10 d2.evaluation.evaluator]: Inference done 1632/2000. Dataloading: 0.0016 s/iter. Inference: 0.1484 s/iter. Eval: 1.0497 s/iter. Total: 1.1998 s/iter. ETA=0:07:21
[12/10 04:55:15 d2.evaluation.evaluator]: Inference done 1637/2000. Dataloading: 0.0016 s/iter. Inference: 0.1484 s/iter. Eval: 1.0491 s/iter. Total: 1.1992 s/iter. ETA=0:07:15
[12/10 04:55:21 d2.evaluation.evaluator]: Inference done 1641/2000. Dataloading: 0.0016 s/iter. Inference: 0.1484 s/iter. Eval: 1.0501 s/iter. Total: 1.2003 s/iter. ETA=0:07:10
[12/10 04:55:27 d2.evaluation.evaluator]: Inference done 1646/2000. Dataloading: 0.0016 s/iter. Inference: 0.1484 s/iter. Eval: 1.0496 s/iter. Total: 1.1997 s/iter. ETA=0:07:04
[12/10 04:55:32 d2.evaluation.evaluator]: Inference done 1650/2000. Dataloading: 0.0016 s/iter. Inference: 0.1484 s/iter. Eval: 1.0501 s/iter. Total: 1.2003 s/iter. ETA=0:07:00
[12/10 04:55:39 d2.evaluation.evaluator]: Inference done 1657/2000. Dataloading: 0.0016 s/iter. Inference: 0.1484 s/iter. Eval: 1.0491 s/iter. Total: 1.1992 s/iter. ETA=0:06:51
[12/10 04:55:45 d2.evaluation.evaluator]: Inference done 1662/2000. Dataloading: 0.0016 s/iter. Inference: 0.1484 s/iter. Eval: 1.0491 s/iter. Total: 1.1992 s/iter. ETA=0:06:45
[12/10 04:55:51 d2.evaluation.evaluator]: Inference done 1668/2000. Dataloading: 0.0016 s/iter. Inference: 0.1484 s/iter. Eval: 1.0482 s/iter. Total: 1.1983 s/iter. ETA=0:06:37
[12/10 04:55:57 d2.evaluation.evaluator]: Inference done 1673/2000. Dataloading: 0.0016 s/iter. Inference: 0.1484 s/iter. Eval: 1.0484 s/iter. Total: 1.1985 s/iter. ETA=0:06:31
[12/10 04:56:02 d2.evaluation.evaluator]: Inference done 1679/2000. Dataloading: 0.0016 s/iter. Inference: 0.1483 s/iter. Eval: 1.0473 s/iter. Total: 1.1974 s/iter. ETA=0:06:24
[12/10 04:56:10 d2.evaluation.evaluator]: Inference done 1684/2000. Dataloading: 0.0016 s/iter. Inference: 0.1483 s/iter. Eval: 1.0485 s/iter. Total: 1.1986 s/iter. ETA=0:06:18
[12/10 04:56:17 d2.evaluation.evaluator]: Inference done 1689/2000. Dataloading: 0.0016 s/iter. Inference: 0.1483 s/iter. Eval: 1.0489 s/iter. Total: 1.1989 s/iter. ETA=0:06:12
[12/10 04:56:23 d2.evaluation.evaluator]: Inference done 1693/2000. Dataloading: 0.0016 s/iter. Inference: 0.1483 s/iter. Eval: 1.0496 s/iter. Total: 1.1996 s/iter. ETA=0:06:08
[12/10 04:56:29 d2.evaluation.evaluator]: Inference done 1697/2000. Dataloading: 0.0016 s/iter. Inference: 0.1483 s/iter. Eval: 1.0504 s/iter. Total: 1.2004 s/iter. ETA=0:06:03
[12/10 04:56:34 d2.evaluation.evaluator]: Inference done 1701/2000. Dataloading: 0.0016 s/iter. Inference: 0.1483 s/iter. Eval: 1.0505 s/iter. Total: 1.2005 s/iter. ETA=0:05:58
[12/10 04:56:40 d2.evaluation.evaluator]: Inference done 1705/2000. Dataloading: 0.0016 s/iter. Inference: 0.1483 s/iter. Eval: 1.0514 s/iter. Total: 1.2015 s/iter. ETA=0:05:54
[12/10 04:56:49 d2.evaluation.evaluator]: Inference done 1710/2000. Dataloading: 0.0016 s/iter. Inference: 0.1483 s/iter. Eval: 1.0529 s/iter. Total: 1.2030 s/iter. ETA=0:05:48
[12/10 04:56:55 d2.evaluation.evaluator]: Inference done 1715/2000. Dataloading: 0.0016 s/iter. Inference: 0.1483 s/iter. Eval: 1.0532 s/iter. Total: 1.2033 s/iter. ETA=0:05:42
[12/10 04:57:01 d2.evaluation.evaluator]: Inference done 1721/2000. Dataloading: 0.0016 s/iter. Inference: 0.1483 s/iter. Eval: 1.0523 s/iter. Total: 1.2023 s/iter. ETA=0:05:35
[12/10 04:57:07 d2.evaluation.evaluator]: Inference done 1726/2000. Dataloading: 0.0016 s/iter. Inference: 0.1483 s/iter. Eval: 1.0522 s/iter. Total: 1.2022 s/iter. ETA=0:05:29
[12/10 04:57:13 d2.evaluation.evaluator]: Inference done 1732/2000. Dataloading: 0.0016 s/iter. Inference: 0.1483 s/iter. Eval: 1.0519 s/iter. Total: 1.2019 s/iter. ETA=0:05:22
[12/10 04:57:19 d2.evaluation.evaluator]: Inference done 1736/2000. Dataloading: 0.0016 s/iter. Inference: 0.1483 s/iter. Eval: 1.0521 s/iter. Total: 1.2021 s/iter. ETA=0:05:17
[12/10 04:57:25 d2.evaluation.evaluator]: Inference done 1741/2000. Dataloading: 0.0016 s/iter. Inference: 0.1483 s/iter. Eval: 1.0524 s/iter. Total: 1.2024 s/iter. ETA=0:05:11
[12/10 04:57:32 d2.evaluation.evaluator]: Inference done 1748/2000. Dataloading: 0.0016 s/iter. Inference: 0.1483 s/iter. Eval: 1.0512 s/iter. Total: 1.2012 s/iter. ETA=0:05:02
[12/10 04:57:37 d2.evaluation.evaluator]: Inference done 1753/2000. Dataloading: 0.0016 s/iter. Inference: 0.1483 s/iter. Eval: 1.0510 s/iter. Total: 1.2010 s/iter. ETA=0:04:56
[12/10 04:57:43 d2.evaluation.evaluator]: Inference done 1759/2000. Dataloading: 0.0016 s/iter. Inference: 0.1483 s/iter. Eval: 1.0502 s/iter. Total: 1.2002 s/iter. ETA=0:04:49
[12/10 04:57:49 d2.evaluation.evaluator]: Inference done 1764/2000. Dataloading: 0.0016 s/iter. Inference: 0.1482 s/iter. Eval: 1.0500 s/iter. Total: 1.2000 s/iter. ETA=0:04:43
[12/10 04:57:54 d2.evaluation.evaluator]: Inference done 1768/2000. Dataloading: 0.0016 s/iter. Inference: 0.1482 s/iter. Eval: 1.0502 s/iter. Total: 1.2001 s/iter. ETA=0:04:38
[12/10 04:57:59 d2.evaluation.evaluator]: Inference done 1772/2000. Dataloading: 0.0016 s/iter. Inference: 0.1482 s/iter. Eval: 1.0504 s/iter. Total: 1.2004 s/iter. ETA=0:04:33
[12/10 04:58:05 d2.evaluation.evaluator]: Inference done 1776/2000. Dataloading: 0.0016 s/iter. Inference: 0.1482 s/iter. Eval: 1.0514 s/iter. Total: 1.2014 s/iter. ETA=0:04:29
[12/10 04:58:11 d2.evaluation.evaluator]: Inference done 1780/2000. Dataloading: 0.0016 s/iter. Inference: 0.1482 s/iter. Eval: 1.0520 s/iter. Total: 1.2020 s/iter. ETA=0:04:24
[12/10 04:58:17 d2.evaluation.evaluator]: Inference done 1785/2000. Dataloading: 0.0016 s/iter. Inference: 0.1482 s/iter. Eval: 1.0519 s/iter. Total: 1.2019 s/iter. ETA=0:04:18
[12/10 04:58:22 d2.evaluation.evaluator]: Inference done 1792/2000. Dataloading: 0.0016 s/iter. Inference: 0.1482 s/iter. Eval: 1.0502 s/iter. Total: 1.2001 s/iter. ETA=0:04:09
[12/10 04:58:28 d2.evaluation.evaluator]: Inference done 1796/2000. Dataloading: 0.0016 s/iter. Inference: 0.1482 s/iter. Eval: 1.0504 s/iter. Total: 1.2003 s/iter. ETA=0:04:04
[12/10 04:58:33 d2.evaluation.evaluator]: Inference done 1802/2000. Dataloading: 0.0016 s/iter. Inference: 0.1482 s/iter. Eval: 1.0494 s/iter. Total: 1.1994 s/iter. ETA=0:03:57
[12/10 04:58:39 d2.evaluation.evaluator]: Inference done 1806/2000. Dataloading: 0.0016 s/iter. Inference: 0.1482 s/iter. Eval: 1.0503 s/iter. Total: 1.2002 s/iter. ETA=0:03:52
[12/10 04:58:45 d2.evaluation.evaluator]: Inference done 1812/2000. Dataloading: 0.0016 s/iter. Inference: 0.1482 s/iter. Eval: 1.0493 s/iter. Total: 1.1992 s/iter. ETA=0:03:45
[12/10 04:58:50 d2.evaluation.evaluator]: Inference done 1817/2000. Dataloading: 0.0016 s/iter. Inference: 0.1482 s/iter. Eval: 1.0489 s/iter. Total: 1.1988 s/iter. ETA=0:03:39
[12/10 04:58:56 d2.evaluation.evaluator]: Inference done 1821/2000. Dataloading: 0.0016 s/iter. Inference: 0.1482 s/iter. Eval: 1.0496 s/iter. Total: 1.1995 s/iter. ETA=0:03:34
[12/10 04:59:01 d2.evaluation.evaluator]: Inference done 1825/2000. Dataloading: 0.0016 s/iter. Inference: 0.1482 s/iter. Eval: 1.0499 s/iter. Total: 1.1998 s/iter. ETA=0:03:29
[12/10 04:59:07 d2.evaluation.evaluator]: Inference done 1830/2000. Dataloading: 0.0016 s/iter. Inference: 0.1482 s/iter. Eval: 1.0496 s/iter. Total: 1.1995 s/iter. ETA=0:03:23
[12/10 04:59:12 d2.evaluation.evaluator]: Inference done 1834/2000. Dataloading: 0.0016 s/iter. Inference: 0.1482 s/iter. Eval: 1.0500 s/iter. Total: 1.1999 s/iter. ETA=0:03:19
[12/10 04:59:18 d2.evaluation.evaluator]: Inference done 1839/2000. Dataloading: 0.0016 s/iter. Inference: 0.1482 s/iter. Eval: 1.0499 s/iter. Total: 1.1999 s/iter. ETA=0:03:13
[12/10 04:59:24 d2.evaluation.evaluator]: Inference done 1846/2000. Dataloading: 0.0016 s/iter. Inference: 0.1482 s/iter. Eval: 1.0486 s/iter. Total: 1.1985 s/iter. ETA=0:03:04
[12/10 04:59:30 d2.evaluation.evaluator]: Inference done 1852/2000. Dataloading: 0.0016 s/iter. Inference: 0.1482 s/iter. Eval: 1.0479 s/iter. Total: 1.1978 s/iter. ETA=0:02:57
[12/10 04:59:35 d2.evaluation.evaluator]: Inference done 1856/2000. Dataloading: 0.0016 s/iter. Inference: 0.1482 s/iter. Eval: 1.0481 s/iter. Total: 1.1980 s/iter. ETA=0:02:52
[12/10 04:59:41 d2.evaluation.evaluator]: Inference done 1862/2000. Dataloading: 0.0016 s/iter. Inference: 0.1481 s/iter. Eval: 1.0475 s/iter. Total: 1.1974 s/iter. ETA=0:02:45
[12/10 04:59:47 d2.evaluation.evaluator]: Inference done 1868/2000. Dataloading: 0.0016 s/iter. Inference: 0.1481 s/iter. Eval: 1.0465 s/iter. Total: 1.1963 s/iter. ETA=0:02:37
[12/10 04:59:52 d2.evaluation.evaluator]: Inference done 1874/2000. Dataloading: 0.0016 s/iter. Inference: 0.1482 s/iter. Eval: 1.0456 s/iter. Total: 1.1956 s/iter. ETA=0:02:30
[12/10 04:59:58 d2.evaluation.evaluator]: Inference done 1880/2000. Dataloading: 0.0016 s/iter. Inference: 0.1482 s/iter. Eval: 1.0448 s/iter. Total: 1.1947 s/iter. ETA=0:02:23
[12/10 05:00:04 d2.evaluation.evaluator]: Inference done 1884/2000. Dataloading: 0.0016 s/iter. Inference: 0.1482 s/iter. Eval: 1.0457 s/iter. Total: 1.1956 s/iter. ETA=0:02:18
[12/10 05:00:10 d2.evaluation.evaluator]: Inference done 1890/2000. Dataloading: 0.0016 s/iter. Inference: 0.1482 s/iter. Eval: 1.0446 s/iter. Total: 1.1945 s/iter. ETA=0:02:11
[12/10 05:00:15 d2.evaluation.evaluator]: Inference done 1894/2000. Dataloading: 0.0016 s/iter. Inference: 0.1482 s/iter. Eval: 1.0447 s/iter. Total: 1.1947 s/iter. ETA=0:02:06
[12/10 05:00:20 d2.evaluation.evaluator]: Inference done 1900/2000. Dataloading: 0.0016 s/iter. Inference: 0.1482 s/iter. Eval: 1.0439 s/iter. Total: 1.1938 s/iter. ETA=0:01:59
[12/10 05:00:27 d2.evaluation.evaluator]: Inference done 1905/2000. Dataloading: 0.0016 s/iter. Inference: 0.1482 s/iter. Eval: 1.0441 s/iter. Total: 1.1941 s/iter. ETA=0:01:53
[12/10 05:00:32 d2.evaluation.evaluator]: Inference done 1912/2000. Dataloading: 0.0016 s/iter. Inference: 0.1482 s/iter. Eval: 1.0426 s/iter. Total: 1.1925 s/iter. ETA=0:01:44
[12/10 05:00:37 d2.evaluation.evaluator]: Inference done 1918/2000. Dataloading: 0.0016 s/iter. Inference: 0.1482 s/iter. Eval: 1.0415 s/iter. Total: 1.1914 s/iter. ETA=0:01:37
[12/10 05:00:43 d2.evaluation.evaluator]: Inference done 1922/2000. Dataloading: 0.0016 s/iter. Inference: 0.1482 s/iter. Eval: 1.0421 s/iter. Total: 1.1920 s/iter. ETA=0:01:32
[12/10 05:00:48 d2.evaluation.evaluator]: Inference done 1929/2000. Dataloading: 0.0016 s/iter. Inference: 0.1482 s/iter. Eval: 1.0404 s/iter. Total: 1.1903 s/iter. ETA=0:01:24
[12/10 05:00:54 d2.evaluation.evaluator]: Inference done 1934/2000. Dataloading: 0.0016 s/iter. Inference: 0.1481 s/iter. Eval: 1.0406 s/iter. Total: 1.1905 s/iter. ETA=0:01:18
[12/10 05:01:00 d2.evaluation.evaluator]: Inference done 1939/2000. Dataloading: 0.0016 s/iter. Inference: 0.1481 s/iter. Eval: 1.0406 s/iter. Total: 1.1905 s/iter. ETA=0:01:12
[12/10 05:01:05 d2.evaluation.evaluator]: Inference done 1945/2000. Dataloading: 0.0016 s/iter. Inference: 0.1481 s/iter. Eval: 1.0396 s/iter. Total: 1.1895 s/iter. ETA=0:01:05
[12/10 05:01:11 d2.evaluation.evaluator]: Inference done 1948/2000. Dataloading: 0.0016 s/iter. Inference: 0.1481 s/iter. Eval: 1.0404 s/iter. Total: 1.1903 s/iter. ETA=0:01:01
[12/10 05:01:16 d2.evaluation.evaluator]: Inference done 1953/2000. Dataloading: 0.0016 s/iter. Inference: 0.1481 s/iter. Eval: 1.0401 s/iter. Total: 1.1899 s/iter. ETA=0:00:55
[12/10 05:01:21 d2.evaluation.evaluator]: Inference done 1958/2000. Dataloading: 0.0016 s/iter. Inference: 0.1481 s/iter. Eval: 1.0399 s/iter. Total: 1.1897 s/iter. ETA=0:00:49
[12/10 05:01:26 d2.evaluation.evaluator]: Inference done 1964/2000. Dataloading: 0.0016 s/iter. Inference: 0.1481 s/iter. Eval: 1.0388 s/iter. Total: 1.1887 s/iter. ETA=0:00:42
[12/10 05:01:32 d2.evaluation.evaluator]: Inference done 1968/2000. Dataloading: 0.0016 s/iter. Inference: 0.1481 s/iter. Eval: 1.0392 s/iter. Total: 1.1891 s/iter. ETA=0:00:38
[12/10 05:01:37 d2.evaluation.evaluator]: Inference done 1976/2000. Dataloading: 0.0016 s/iter. Inference: 0.1481 s/iter. Eval: 1.0372 s/iter. Total: 1.1870 s/iter. ETA=0:00:28
[12/10 05:01:42 d2.evaluation.evaluator]: Inference done 1980/2000. Dataloading: 0.0016 s/iter. Inference: 0.1481 s/iter. Eval: 1.0373 s/iter. Total: 1.1871 s/iter. ETA=0:00:23
[12/10 05:01:49 d2.evaluation.evaluator]: Inference done 1986/2000. Dataloading: 0.0016 s/iter. Inference: 0.1481 s/iter. Eval: 1.0369 s/iter. Total: 1.1867 s/iter. ETA=0:00:16
[12/10 05:01:54 d2.evaluation.evaluator]: Inference done 1991/2000. Dataloading: 0.0016 s/iter. Inference: 0.1481 s/iter. Eval: 1.0365 s/iter. Total: 1.1863 s/iter. ETA=0:00:10
[12/10 05:01:59 d2.evaluation.evaluator]: Inference done 1994/2000. Dataloading: 0.0016 s/iter. Inference: 0.1481 s/iter. Eval: 1.0374 s/iter. Total: 1.1872 s/iter. ETA=0:00:07
[12/10 05:02:04 d2.evaluation.evaluator]: Inference done 1998/2000. Dataloading: 0.0016 s/iter. Inference: 0.1481 s/iter. Eval: 1.0376 s/iter. Total: 1.1874 s/iter. ETA=0:00:02
[12/10 05:02:06 d2.evaluation.evaluator]: Total inference time: 0:39:28.001666 (1.186968 s / iter per device, on 1 devices)
[12/10 05:02:06 d2.evaluation.evaluator]: Total inference pure compute time: 0:04:55 (0.148073 s / iter per device, on 1 devices)
[12/10 05:02:07 d2.evaluation.sem_seg_evaluation]: OrderedDict([('sem_seg', {'mIoU': 60.06107562874242, 'fwIoU': 88.15314750647123, 'IoU-road': 92.75755619385251, 'IoU-sidewalk': 63.20449777641469, 'IoU-building': 88.90281872623751, 'IoU-wall': 55.612786982920916, 'IoU-fence': 45.42488876267772, 'IoU-pole': 42.35638449485554, 'IoU-traffic light': 42.59421928710998, 'IoU-traffic sign': 57.59918916432737, 'IoU-vegetation': 87.52017991023533, 'IoU-terrain': 20.74651826995829, 'IoU-sky': 97.52356320517734, 'IoU-person': 74.31601155761403, 'IoU-rider': 18.27808772498164, 'IoU-car': 90.1894846529515, 'IoU-truck': 72.10015491437825, 'IoU-bus': 71.59416580046296, 'IoU-train': 18.908826492251855, 'IoU-motorcycle': 52.52531964721799, 'IoU-bicycle': 49.00578338248054, 'mACC': 72.39474852940744, 'pACC': 93.3388336793031, 'ACC-road': 98.05084567141454, 'ACC-sidewalk': 73.52157803642932, 'ACC-building': 95.28366335969402, 'ACC-wall': 66.13271341653059, 'ACC-fence': 60.406694816888496, 'ACC-pole': 48.83041243830596, 'ACC-traffic light': 67.012281023547, 'ACC-traffic sign': 80.32451146729856, 'ACC-vegetation': 94.86543668357311, 'ACC-terrain': 22.03864035393444, 'ACC-sky': 98.99680070948153, 'ACC-person': 87.95025342303664, 'ACC-rider': 19.402804500900707, 'ACC-car': 95.70851408558747, 'ACC-truck': 92.66233383196857, 'ACC-bus': 85.74465144299744, 'ACC-train': 25.71648642718411, 'ACC-motorcycle': 83.92164037043813, 'ACC-bicycle': 78.92995999953061})])
[12/10 05:02:07 d2.engine.defaults]: Evaluation results for mapillary_val_seg in csv format:
[12/10 05:02:07 d2.evaluation.testing]: copypaste: Task: sem_seg
[12/10 05:02:07 d2.evaluation.testing]: copypaste: mIoU,fwIoU,mACC,pACC
[12/10 05:02:07 d2.evaluation.testing]: copypaste: 60.0611,88.1531,72.3947,93.3388
[12/10 04:09:54] d2.evaluation.testing INFO: copypaste: Task: sem_seg
[12/10 04:09:54] d2.evaluation.testing INFO: copypaste: mIoU,fwIoU,mACC,pACC
[12/10 04:09:54] d2.evaluation.testing INFO: copypaste: 59.4599,89.6112,69.2010,94.2532
[12/10 04:18:21] d2.evaluation.testing INFO: copypaste: Task: sem_seg
[12/10 04:18:21] d2.evaluation.testing INFO: copypaste: mIoU,fwIoU,mACC,pACC
[12/10 04:18:21] d2.evaluation.testing INFO: copypaste: 54.5554,85.8737,68.5180,91.9333
[12/10 04:22:13] d2.evaluation.testing INFO: copypaste: Task: sem_seg
[12/10 04:22:13] d2.evaluation.testing INFO: copypaste: mIoU,fwIoU,mACC,pACC
[12/10 04:22:13] d2.evaluation.testing INFO: copypaste: 53.7070,87.3606,65.8458,92.7430
[12/10 05:02:07] d2.evaluation.testing INFO: copypaste: Task: sem_seg
[12/10 05:02:07] d2.evaluation.testing INFO: copypaste: mIoU,fwIoU,mACC,pACC
[12/10 05:02:07] d2.evaluation.testing INFO: copypaste: 60.0611,88.1531,72.3947,93.3388
/data/zd/TTA_VLM/S2_Corr/train_net.py:16: FutureWarning: In the future `np.bool` will be defined as the corresponding NumPy scalar.
  if not hasattr(np, _name):
/data/zd/TTA_VLM/S2_Corr/train_net.py:16: FutureWarning: In the future `np.object` will be defined as the corresponding NumPy scalar.
  if not hasattr(np, _name):
/data/zd/TTA_VLM/S2_Corr/train_net.py:18: FutureWarning: In the future `np.long` will be defined as the corresponding NumPy scalar.
  if not hasattr(np, "long"):
/data2/anaconda3/envs/DeCLIP_CATSeg/lib/python3.10/site-packages/torchvision/datapoints/__init__.py:12: UserWarning: The torchvision.datapoints and torchvision.transforms.v2 namespaces are still Beta. While we do not expect major breaking changes, some APIs may still change according to user feedback. Please submit any feedback you may have in this issue: https://github.com/pytorch/vision/issues/6753, and you can also check out https://github.com/pytorch/vision/issues/7319 to learn more about the APIs that we suspect might involve future changes. You can silence this warning by calling torchvision.disable_beta_transforms_warning().
  warnings.warn(_BETA_TRANSFORMS_WARNING)
/data2/anaconda3/envs/DeCLIP_CATSeg/lib/python3.10/site-packages/torchvision/transforms/v2/__init__.py:54: UserWarning: The torchvision.datapoints and torchvision.transforms.v2 namespaces are still Beta. While we do not expect major breaking changes, some APIs may still change according to user feedback. Please submit any feedback you may have in this issue: https://github.com/pytorch/vision/issues/6753, and you can also check out https://github.com/pytorch/vision/issues/7319 to learn more about the APIs that we suspect might involve future changes. You can silence this warning by calling torchvision.disable_beta_transforms_warning().
  warnings.warn(_BETA_TRANSFORMS_WARNING)
Please 'pip install apex'
Command Line Args: Namespace(config_file='configs/cs7_catseg_vitl.yaml', resume=False, eval_only=True, num_gpus=1, num_machines=1, machine_rank=0, dist_url='auto', opts=['OUTPUT_DIR', 'outputs/cs7_eva_L14_r448//eval', 'MODEL.SEM_SEG_HEAD.TEST_CLASS_JSON', 'datasets/mapi_30.json', 'MODEL.SEM_SEG_HEAD.ENABLE_HIGH_RES', 'False', 'DATASETS.TEST', '("mapillary_train_val_seg_30",)', 'TEST.SLIDING_WINDOW', 'True', 'MODEL.SEM_SEG_HEAD.POOLING_SIZES', '[1,1]', 'MODEL.WEIGHTS', 'outputs/cs7_eva_L14_r448//model_0019999.pth'])
[12/10 05:02:11 detectron2]: Rank of current process: 0. World size: 1
[12/10 05:02:12 detectron2]: Environment info:
----------------------  ------------------------------------------------------------------------------------------
sys.platform            linux
Python                  3.10.0 (default, Mar  3 2022, 09:58:08) [GCC 7.5.0]
numpy                   1.26.4
detectron2              0.6 @/data2/anaconda3/envs/DeCLIP_CATSeg/lib/python3.10/site-packages/detectron2
Compiler                GCC 7.5
CUDA compiler           CUDA 11.6
detectron2 arch flags   8.0
DETECTRON2_ENV_MODULE   <not set>
PyTorch                 2.0.0+cu117 @/data2/anaconda3/envs/DeCLIP_CATSeg/lib/python3.10/site-packages/torch
PyTorch debug build     False
GPU available           Yes
GPU 0                   GeForce RTX 3090 (arch=8.6)
Driver version          460.84
CUDA_HOME               /usr/local/cuda-11.6
TORCH_CUDA_ARCH_LIST    8.0
Pillow                  9.1.0
torchvision             0.15.1+cu117 @/data2/anaconda3/envs/DeCLIP_CATSeg/lib/python3.10/site-packages/torchvision
torchvision arch flags  3.5, 5.0, 6.0, 7.0, 7.5, 8.0, 8.6
fvcore                  0.1.5.post20221221
iopath                  0.1.9
cv2                     4.11.0
----------------------  ------------------------------------------------------------------------------------------
PyTorch built with:
  - GCC 9.3
  - C++ Version: 201703
  - Intel(R) oneAPI Math Kernel Library Version 2022.2-Product Build 20220804 for Intel(R) 64 architecture applications
  - Intel(R) MKL-DNN v2.7.3 (Git Hash 6dbeffbae1f23cbbeae17adb7b5b13f1f37c080e)
  - OpenMP 201511 (a.k.a. OpenMP 4.5)
  - LAPACK is enabled (usually provided by MKL)
  - NNPACK is enabled
  - CPU capability usage: AVX2
  - CUDA Runtime 11.7
  - NVCC architecture flags: -gencode;arch=compute_37,code=sm_37;-gencode;arch=compute_50,code=sm_50;-gencode;arch=compute_60,code=sm_60;-gencode;arch=compute_70,code=sm_70;-gencode;arch=compute_75,code=sm_75;-gencode;arch=compute_80,code=sm_80;-gencode;arch=compute_86,code=sm_86
  - CuDNN 8.5
  - Magma 2.6.1
  - Build settings: BLAS_INFO=mkl, BUILD_TYPE=Release, CUDA_VERSION=11.7, CUDNN_VERSION=8.5.0, CXX_COMPILER=/opt/rh/devtoolset-9/root/usr/bin/c++, CXX_FLAGS= -D_GLIBCXX_USE_CXX11_ABI=0 -fabi-version=11 -Wno-deprecated -fvisibility-inlines-hidden -DUSE_PTHREADPOOL -DNDEBUG -DUSE_KINETO -DLIBKINETO_NOROCTRACER -DUSE_FBGEMM -DUSE_QNNPACK -DUSE_PYTORCH_QNNPACK -DUSE_XNNPACK -DSYMBOLICATE_MOBILE_DEBUG_HANDLE -O2 -fPIC -Wall -Wextra -Werror=return-type -Werror=non-virtual-dtor -Werror=bool-operation -Wnarrowing -Wno-missing-field-initializers -Wno-type-limits -Wno-array-bounds -Wno-unknown-pragmas -Wunused-local-typedefs -Wno-unused-parameter -Wno-unused-function -Wno-unused-result -Wno-strict-overflow -Wno-strict-aliasing -Wno-error=deprecated-declarations -Wno-stringop-overflow -Wno-psabi -Wno-error=pedantic -Wno-error=redundant-decls -Wno-error=old-style-cast -fdiagnostics-color=always -faligned-new -Wno-unused-but-set-variable -Wno-maybe-uninitialized -fno-math-errno -fno-trapping-math -Werror=format -Werror=cast-function-type -Wno-stringop-overflow, LAPACK_INFO=mkl, PERF_WITH_AVX=1, PERF_WITH_AVX2=1, PERF_WITH_AVX512=1, TORCH_DISABLE_GPU_ASSERTS=ON, TORCH_VERSION=2.0.0, USE_CUDA=ON, USE_CUDNN=ON, USE_EXCEPTION_PTR=1, USE_GFLAGS=OFF, USE_GLOG=OFF, USE_MKL=ON, USE_MKLDNN=ON, USE_MPI=OFF, USE_NCCL=1, USE_NNPACK=ON, USE_OPENMP=ON, USE_ROCM=OFF, 

[12/10 05:02:12 detectron2]: Command line arguments: Namespace(config_file='configs/cs7_catseg_vitl.yaml', resume=False, eval_only=True, num_gpus=1, num_machines=1, machine_rank=0, dist_url='auto', opts=['OUTPUT_DIR', 'outputs/cs7_eva_L14_r448//eval', 'MODEL.SEM_SEG_HEAD.TEST_CLASS_JSON', 'datasets/mapi_30.json', 'MODEL.SEM_SEG_HEAD.ENABLE_HIGH_RES', 'False', 'DATASETS.TEST', '("mapillary_train_val_seg_30",)', 'TEST.SLIDING_WINDOW', 'True', 'MODEL.SEM_SEG_HEAD.POOLING_SIZES', '[1,1]', 'MODEL.WEIGHTS', 'outputs/cs7_eva_L14_r448//model_0019999.pth'])
[12/10 05:02:12 detectron2]: Contents of args.config_file=configs/cs7_catseg_vitl.yaml:
_BASE_: config.yaml
DATASETS:
  TRAIN: ("cityscapes7_train",)
  TEST:  ("cityscapes19_val",)
MODEL:
  META_ARCHITECTURE: "CATSeg"
  PIXEL_MEAN: [123.675, 116.280, 103.530]
  PIXEL_STD: [58.395, 57.120, 57.375]
  SEM_SEG_HEAD:
    NAME: "CATSegHead"
    IN_FEATURES: ["res2", "res3", "res4"]
    IGNORE_VALUE: 255
    NUM_CLASSES: 19
    TRAIN_CLASS_JSON: "datasets/cityscapes_seen_7.json"
    TEST_CLASS_JSON:  "datasets/cityscapes_19.json"
    CLIP_PRETRAINED: "EVA02-CLIP-L-14-336"
    PROMPT_DEPTH: 0
    PROMPT_LENGTH: 0
    TEXT_GUIDANCE_DIM: 768
    TEXT_GUIDANCE_PROJ_DIM: 128
    APPEARANCE_GUIDANCE_DIM: 768
    APPEARANCE_GUIDANCE_PROJ_DIM: 128
    DECODER_DIMS: [64, 32]
    DECODER_GUIDANCE_DIMS: [256, 128]
    DECODER_GUIDANCE_PROJ_DIMS: [32, 16]
    NUM_LAYERS: 1
    NUM_HEADS: 4
    HIDDEN_DIMS: 128
    POOLING_SIZES: [ 1, 1 ]
    FEATURE_RESOLUTION: [32, 32]
    WINDOW_SIZES: 16
    ATTENTION_TYPE: "linear"
    CLIP_FINETUNE: "attention"
    CACHE_DIR: "/data/zd/TTA_VLM/pretrain/EVA02_CLIP_L_336_psz14_s6B.pt"
  PROMPT_ENSEMBLE_TYPE: "multi_domain"
INPUT:
  MIN_SIZE_TRAIN: (448, 640)
  MIN_SIZE_TRAIN_SAMPLING: "choice"
  MAX_SIZE_TRAIN: 1344
  MIN_SIZE_TEST: 448
  MAX_SIZE_TEST: 1008
  CROP:
    ENABLED: True
    TYPE: "absolute"
    SIZE: (448, 448)
  SIZE_DIVISIBILITY: 14
  FORMAT: "RGB"
  DATASET_MAPPER_NAME: "mask_former_semantic"
SOLVER:
  IMS_PER_BATCH: 4
  LR_SCHEDULER_NAME: "WarmupCosineLR"
  BASE_LR: 0.0002
  MAX_ITER: 20000
  BACKBONE_MULTIPLIER: 0.0
  CLIP_MULTIPLIER: 0.01
TEST:
  EVAL_PERIOD: 10000
  SLIDING_WINDOW: True
  SW_KERNEL: 448
  SW_OVERLAP: 0.333
  SW_OUT_RES: [448, 896]
  

[12/10 05:02:12 detectron2]: Running with full config:
CUDNN_BENCHMARK: true
DATALOADER:
  ASPECT_RATIO_GROUPING: true
  FILTER_EMPTY_ANNOTATIONS: true
  NUM_WORKERS: 8
  REPEAT_THRESHOLD: 0.0
  SAMPLER_TRAIN: TrainingSampler
DATASETS:
  PRECOMPUTED_PROPOSAL_TOPK_TEST: 1000
  PRECOMPUTED_PROPOSAL_TOPK_TRAIN: 2000
  PROPOSAL_FILES_TEST: []
  PROPOSAL_FILES_TRAIN: []
  TEST:
  - mapillary_train_val_seg_30
  TRAIN:
  - cityscapes7_train
  VAL_ALL:
  - coco_2017_val_all_stuff_sem_seg
DDP:
  BROADCAST_BUFFERS: false
  FIND_UNUSED_PARAMETERS: true
GLOBAL:
  HACK: 1.0
INPUT:
  COLOR_AUG_SSD: true
  CROP:
    ENABLED: true
    SINGLE_CATEGORY_MAX_AREA: 1.0
    SIZE:
    - 448
    - 448
    TYPE: absolute
  DATASET_MAPPER_NAME: mask_former_semantic
  FORMAT: RGB
  MASK_FORMAT: polygon
  MAX_SIZE_TEST: 1008
  MAX_SIZE_TRAIN: 1344
  MIN_SIZE_TEST: 448
  MIN_SIZE_TRAIN:
  - 448
  - 640
  MIN_SIZE_TRAIN_SAMPLING: choice
  RANDOM_FLIP: horizontal
  SIZE_DIVISIBILITY: 14
MODEL:
  ANCHOR_GENERATOR:
    ANGLES:
    - - -90
      - 0
      - 90
    ASPECT_RATIOS:
    - - 0.5
      - 1.0
      - 2.0
    NAME: DefaultAnchorGenerator
    OFFSET: 0.0
    SIZES:
    - - 32
      - 64
      - 128
      - 256
      - 512
  BACKBONE:
    FREEZE_AT: 2
    NAME: build_resnet_backbone
  CLIP_PIXEL_MEAN:
  - 122.7709383
  - 116.7460125
  - 104.09373615
  CLIP_PIXEL_STD:
  - 68.5005327
  - 66.6321579
  - 70.323163
  DEVICE: cuda
  FPN:
    FUSE_TYPE: sum
    IN_FEATURES: []
    NORM: ''
    OUT_CHANNELS: 256
  KEYPOINT_ON: false
  LOAD_PROPOSALS: false
  MASK_FORMER:
    SIZE_DIVISIBILITY: 32
  MASK_ON: false
  META_ARCHITECTURE: CATSeg
  PANOPTIC_FPN:
    COMBINE:
      ENABLED: true
      INSTANCES_CONFIDENCE_THRESH: 0.5
      OVERLAP_THRESH: 0.5
      STUFF_AREA_LIMIT: 4096
    INSTANCE_LOSS_WEIGHT: 1.0
  PIXEL_MEAN:
  - 123.675
  - 116.28
  - 103.53
  PIXEL_STD:
  - 58.395
  - 57.12
  - 57.375
  PROMPT_ENSEMBLE: false
  PROMPT_ENSEMBLE_TYPE: multi_domain
  PROPOSAL_GENERATOR:
    MIN_SIZE: 0
    NAME: RPN
  RESNETS:
    DEFORM_MODULATED: false
    DEFORM_NUM_GROUPS: 1
    DEFORM_ON_PER_STAGE:
    - false
    - false
    - false
    - false
    DEPTH: 50
    NORM: FrozenBN
    NUM_GROUPS: 1
    OUT_FEATURES:
    - res4
    RES2_OUT_CHANNELS: 256
    RES4_DILATION: 1
    RES5_DILATION: 1
    RES5_MULTI_GRID:
    - 1
    - 2
    - 4
    STEM_OUT_CHANNELS: 64
    STEM_TYPE: deeplab
    STRIDE_IN_1X1: true
    WIDTH_PER_GROUP: 64
  RETINANET:
    BBOX_REG_LOSS_TYPE: smooth_l1
    BBOX_REG_WEIGHTS: &id002
    - 1.0
    - 1.0
    - 1.0
    - 1.0
    FOCAL_LOSS_ALPHA: 0.25
    FOCAL_LOSS_GAMMA: 2.0
    IN_FEATURES:
    - p3
    - p4
    - p5
    - p6
    - p7
    IOU_LABELS:
    - 0
    - -1
    - 1
    IOU_THRESHOLDS:
    - 0.4
    - 0.5
    NMS_THRESH_TEST: 0.5
    NORM: ''
    NUM_CLASSES: 80
    NUM_CONVS: 4
    PRIOR_PROB: 0.01
    SCORE_THRESH_TEST: 0.05
    SMOOTH_L1_LOSS_BETA: 0.1
    TOPK_CANDIDATES_TEST: 1000
  ROI_BOX_CASCADE_HEAD:
    BBOX_REG_WEIGHTS:
    - &id001
      - 10.0
      - 10.0
      - 5.0
      - 5.0
    - - 20.0
      - 20.0
      - 10.0
      - 10.0
    - - 30.0
      - 30.0
      - 15.0
      - 15.0
    IOUS:
    - 0.5
    - 0.6
    - 0.7
  ROI_BOX_HEAD:
    BBOX_REG_LOSS_TYPE: smooth_l1
    BBOX_REG_LOSS_WEIGHT: 1.0
    BBOX_REG_WEIGHTS: *id001
    CLS_AGNOSTIC_BBOX_REG: false
    CONV_DIM: 256
    FC_DIM: 1024
    NAME: ''
    NORM: ''
    NUM_CONV: 0
    NUM_FC: 0
    POOLER_RESOLUTION: 14
    POOLER_SAMPLING_RATIO: 0
    POOLER_TYPE: ROIAlignV2
    SMOOTH_L1_BETA: 0.0
    TRAIN_ON_PRED_BOXES: false
  ROI_HEADS:
    BATCH_SIZE_PER_IMAGE: 512
    IN_FEATURES:
    - res4
    IOU_LABELS:
    - 0
    - 1
    IOU_THRESHOLDS:
    - 0.5
    NAME: Res5ROIHeads
    NMS_THRESH_TEST: 0.5
    NUM_CLASSES: 80
    POSITIVE_FRACTION: 0.25
    PROPOSAL_APPEND_GT: true
    SCORE_THRESH_TEST: 0.05
  ROI_KEYPOINT_HEAD:
    CONV_DIMS:
    - 512
    - 512
    - 512
    - 512
    - 512
    - 512
    - 512
    - 512
    LOSS_WEIGHT: 1.0
    MIN_KEYPOINTS_PER_IMAGE: 1
    NAME: KRCNNConvDeconvUpsampleHead
    NORMALIZE_LOSS_BY_VISIBLE_KEYPOINTS: true
    NUM_KEYPOINTS: 17
    POOLER_RESOLUTION: 14
    POOLER_SAMPLING_RATIO: 0
    POOLER_TYPE: ROIAlignV2
  ROI_MASK_HEAD:
    CLS_AGNOSTIC_MASK: false
    CONV_DIM: 256
    NAME: MaskRCNNConvUpsampleHead
    NORM: ''
    NUM_CONV: 0
    POOLER_RESOLUTION: 14
    POOLER_SAMPLING_RATIO: 0
    POOLER_TYPE: ROIAlignV2
  RPN:
    BATCH_SIZE_PER_IMAGE: 256
    BBOX_REG_LOSS_TYPE: smooth_l1
    BBOX_REG_LOSS_WEIGHT: 1.0
    BBOX_REG_WEIGHTS: *id002
    BOUNDARY_THRESH: -1
    CONV_DIMS:
    - -1
    HEAD_NAME: StandardRPNHead
    IN_FEATURES:
    - res4
    IOU_LABELS:
    - 0
    - -1
    - 1
    IOU_THRESHOLDS:
    - 0.3
    - 0.7
    LOSS_WEIGHT: 1.0
    NMS_THRESH: 0.7
    POSITIVE_FRACTION: 0.5
    POST_NMS_TOPK_TEST: 1000
    POST_NMS_TOPK_TRAIN: 2000
    PRE_NMS_TOPK_TEST: 6000
    PRE_NMS_TOPK_TRAIN: 12000
    SMOOTH_L1_BETA: 0.0
  SEM_SEG_HEAD:
    APPEARANCE_GUIDANCE_DIM: 768
    APPEARANCE_GUIDANCE_PROJ_DIM: 128
    ASPP_CHANNELS: 256
    ASPP_DILATIONS:
    - 6
    - 12
    - 18
    ASPP_DROPOUT: 0.1
    ATTENTION_TYPE: linear
    CACHE_DIR: /data/zd/TTA_VLM/pretrain/EVA02_CLIP_L_336_psz14_s6B.pt
    CLIP_FINETUNE: attention
    CLIP_PRETRAINED: EVA02-CLIP-L-14-336
    COMMON_STRIDE: 4
    CONVS_DIM: 128
    DECODER_DIMS:
    - 64
    - 32
    DECODER_GUIDANCE_DIMS:
    - 256
    - 128
    DECODER_GUIDANCE_PROJ_DIMS:
    - 32
    - 16
    ENABLE_HIGH_RES: false
    FEATURE_RESOLUTION:
    - 32
    - 32
    HIDDEN_DIMS: 128
    IGNORE_VALUE: 255
    IN_FEATURES:
    - res2
    - res3
    - res4
    LOSS_TYPE: hard_pixel_mining
    LOSS_WEIGHT: 1.0
    NAME: CATSegHead
    NORM: GN
    NUM_CLASSES: 19
    NUM_HEADS: 4
    NUM_LAYERS: 1
    POOLING_SIZES:
    - 1
    - 1
    PROJECT_CHANNELS:
    - 48
    PROJECT_FEATURES:
    - res2
    PROMPT_DEPTH: 0
    PROMPT_LENGTH: 0
    TEST_CLASS_INDEXES: datasets/coco/coco_stuff/split/unseen_indexes.json
    TEST_CLASS_JSON: datasets/mapi_30.json
    TEXT_GUIDANCE_DIM: 768
    TEXT_GUIDANCE_PROJ_DIM: 128
    TRAIN_CLASS_INDEXES: datasets/coco/coco_stuff/split/seen_indexes.json
    TRAIN_CLASS_JSON: datasets/cityscapes_seen_7.json
    USE_DEPTHWISE_SEPARABLE_CONV: false
    WINDOW_SIZES: 16
  SWIN:
    APE: false
    ATTN_DROP_RATE: 0.0
    DEPTHS:
    - 2
    - 2
    - 6
    - 2
    DROP_PATH_RATE: 0.3
    DROP_RATE: 0.0
    EMBED_DIM: 96
    MLP_RATIO: 4.0
    NUM_HEADS:
    - 3
    - 6
    - 12
    - 24
    OUT_FEATURES:
    - res2
    - res3
    - res4
    - res5
    PATCH_NORM: true
    PATCH_SIZE: 4
    PRETRAIN_IMG_SIZE: 224
    QKV_BIAS: true
    QK_SCALE: null
    WINDOW_SIZE: 7
  WEIGHTS: outputs/cs7_eva_L14_r448//model_0019999.pth
OUTPUT_DIR: outputs/cs7_eva_L14_r448//eval
SEED: -1
SOLVER:
  AMP:
    ENABLED: false
  BACKBONE_MULTIPLIER: 0.0
  BASE_LR: 0.0002
  BIAS_LR_FACTOR: 1.0
  CHECKPOINT_PERIOD: 5000
  CLIP_GRADIENTS:
    CLIP_TYPE: full_model
    CLIP_VALUE: 0.01
    ENABLED: true
    NORM_TYPE: 2.0
  CLIP_MULTIPLIER: 0.01
  GAMMA: 0.1
  IMS_PER_BATCH: 4
  LR_SCHEDULER_NAME: WarmupCosineLR
  MAX_ITER: 20000
  MOMENTUM: 0.9
  NESTEROV: false
  OPTIMIZER: ADAMW
  POLY_LR_CONSTANT_ENDING: 0.0
  POLY_LR_POWER: 0.9
  REFERENCE_WORLD_SIZE: 0
  STEPS:
  - 30000
  WARMUP_FACTOR: 1.0
  WARMUP_ITERS: 0
  WARMUP_METHOD: linear
  WEIGHT_DECAY: 0.0001
  WEIGHT_DECAY_BIAS: null
  WEIGHT_DECAY_EMBED: 0.0
  WEIGHT_DECAY_NORM: 0.0
TEST:
  AUG:
    ENABLED: false
    FLIP: true
    MAX_SIZE: 4000
    MIN_SIZES:
    - 400
    - 500
    - 600
    - 700
    - 800
    - 900
    - 1000
    - 1100
    - 1200
  DETECTIONS_PER_IMAGE: 100
  EVAL_PERIOD: 10000
  EXPECTED_RESULTS: []
  KEYPOINT_OKS_SIGMAS: []
  PRECISE_BN:
    ENABLED: false
    NUM_ITER: 200
  SLIDING_WINDOW: true
  SW_KERNEL: 448
  SW_OUT_RES:
  - 448
  - 896
  SW_OVERLAP: 0.333
VERSION: 2
VIS_PERIOD: 0

[12/10 05:02:12 detectron2]: Full config saved to outputs/cs7_eva_L14_r448//eval/config.yaml
[12/10 05:02:12 d2.utils.env]: Using a generated random seed 12368184
Freeze text encoder parameters
[12/10 05:02:21 d2.engine.defaults]: Model:
CATSeg(
  (sem_seg_head): CATSegHead(
    (predictor): CATSegPredictor(
      (clip_model): CustomCLIP(
        (visual): EVAVisionTransformer(
          (patch_embed): PatchEmbed(
            (proj): Conv2d(3, 1024, kernel_size=(14, 14), stride=(14, 14))
          )
          (pos_drop): Dropout(p=0.0, inplace=False)
          (rope): VisionRotaryEmbeddingFast()
          (blocks): ModuleList(
            (0-23): 24 x Block(
              (norm1): LayerNorm((1024,), eps=1e-06, elementwise_affine=True)
              (attn): Attention(
                (q_proj): Linear(in_features=1024, out_features=1024, bias=False)
                (k_proj): Linear(in_features=1024, out_features=1024, bias=False)
                (v_proj): Linear(in_features=1024, out_features=1024, bias=False)
                (attn_drop): Dropout(p=0.0, inplace=False)
                (inner_attn_ln): LayerNorm((1024,), eps=1e-06, elementwise_affine=True)
                (proj): Linear(in_features=1024, out_features=1024, bias=True)
                (proj_drop): Dropout(p=0.0, inplace=False)
                (rope): VisionRotaryEmbeddingFast()
              )
              (drop_path): Identity()
              (norm2): LayerNorm((1024,), eps=1e-06, elementwise_affine=True)
              (mlp): SwiGLU(
                (w1): Linear(in_features=1024, out_features=2730, bias=True)
                (w2): Linear(in_features=1024, out_features=2730, bias=True)
                (act): SiLU()
                (ffn_ln): LayerNorm((2730,), eps=1e-06, elementwise_affine=True)
                (w3): Linear(in_features=2730, out_features=1024, bias=True)
                (drop): Dropout(p=0.0, inplace=False)
              )
            )
          )
          (norm): LayerNorm((1024,), eps=1e-06, elementwise_affine=True)
          (head): Linear(in_features=1024, out_features=768, bias=True)
          (patch_dropout): Identity()
        )
        (text): TextTransformer(
          (token_embedding): Embedding(49408, 768)
          (transformer): Transformer(
            (resblocks): ModuleList(
              (0-11): 12 x ResidualAttentionBlock(
                (ln_1): LayerNorm((768,), eps=1e-05, elementwise_affine=True)
                (attn): MultiheadAttention(
                  (out_proj): NonDynamicallyQuantizableLinear(in_features=768, out_features=768, bias=True)
                )
                (ls_1): Identity()
                (ln_2): LayerNorm((768,), eps=1e-05, elementwise_affine=True)
                (mlp): Sequential(
                  (c_fc): Linear(in_features=768, out_features=3072, bias=True)
                  (gelu): GELU(approximate='none')
                  (c_proj): Linear(in_features=3072, out_features=768, bias=True)
                )
                (ls_2): Identity()
              )
            )
          )
          (ln_final): LayerNorm((768,), eps=1e-05, elementwise_affine=True)
        )
      )
      (transformer): AggregatorMambaLite(
        (layers): ModuleList(
          (0): Sequential(
            (0): AxialMambaBlockLite_v2(
              (film): FiLM2D(
                (pool): AdaptiveAvgPool2d(output_size=1)
                (fc): Conv2d(128, 256, kernel_size=(1, 1), stride=(1, 1))
              )
              (pre_mix): Sequential(
                (0): Conv2d(128, 128, kernel_size=(3, 3), stride=(1, 1), padding=(1, 1), groups=128)
                (1): Conv2d(128, 128, kernel_size=(1, 1), stride=(1, 1))
                (2): GELU(approximate='none')
              )
              (seq_row): Mamba1DWithDecayPrior(
                (out_norm): LayerNorm((128,), eps=1e-05, elementwise_affine=True)
                (gate): Sequential(
                  (0): Linear(in_features=128, out_features=128, bias=True)
                  (1): SiLU()
                )
                (proj_in): Linear(in_features=128, out_features=384, bias=True)
                (drop): Dropout(p=0.0, inplace=False)
              )
              (post_proj): Conv2d(128, 128, kernel_size=(1, 1), stride=(1, 1))
              (norm_tok): LayerNorm((128,), eps=1e-05, elementwise_affine=True)
              (ffn): Sequential(
                (0): Linear(in_features=128, out_features=384, bias=True)
                (1): GELU(approximate='none')
                (2): Linear(in_features=384, out_features=128, bias=True)
              )
              (down): Identity()
            )
            (1): ClassMambaLayerLite(
              (pool): AvgPool2d(kernel_size=[1, 1], stride=[1, 1], padding=0)
              (guid_proj): Linear(in_features=128, out_features=256, bias=True)
              (seq_block): _Mamba1DAdapterLite(
                (blocks): ModuleList(
                  (0): PseudoMamba1D(
                    (gate): Sequential(
                      (0): Linear(in_features=128, out_features=128, bias=True)
                      (1): SiLU()
                    )
                    (proj_in): Linear(in_features=128, out_features=384, bias=True)
                    (out_norm): LayerNorm((128,), eps=1e-05, elementwise_affine=True)
                    (drop): Dropout(p=0.0, inplace=False)
                  )
                )
                (norm): LayerNorm((128,), eps=1e-05, elementwise_affine=True)
              )
              (norm1): LayerNorm((128,), eps=1e-05, elementwise_affine=True)
              (norm2): LayerNorm((128,), eps=1e-05, elementwise_affine=True)
              (ffn): Sequential(
                (0): Linear(in_features=128, out_features=384, bias=True)
                (1): GELU(approximate='none')
                (2): Linear(in_features=384, out_features=128, bias=True)
              )
            )
          )
        )
        (conv1): Conv2d(1, 128, kernel_size=(7, 7), stride=(1, 1), padding=(3, 3))
        (guidance_projection): Sequential(
          (0): Conv2d(768, 128, kernel_size=(3, 3), stride=(1, 1), padding=(1, 1))
          (1): ReLU()
        )
        (text_guidance_projection): Sequential(
          (0): Linear(in_features=768, out_features=128, bias=True)
          (1): ReLU()
        )
        (decoder_guidance_projection): ModuleList(
          (0): Sequential(
            (0): Conv2d(256, 32, kernel_size=(3, 3), stride=(1, 1), padding=(1, 1))
            (1): ReLU()
          )
          (1): Sequential(
            (0): Conv2d(128, 16, kernel_size=(3, 3), stride=(1, 1), padding=(1, 1))
            (1): ReLU()
          )
        )
        (decoder1): UpLite(
          (up): ConvTranspose2d(128, 96, kernel_size=(2, 2), stride=(2, 2))
          (conv): Sequential(
            (0): Conv2d(128, 64, kernel_size=(3, 3), stride=(1, 1), padding=(1, 1), bias=False)
            (1): GroupNorm(4, 64, eps=1e-05, affine=True)
            (2): ReLU()
          )
        )
        (decoder2): UpLite(
          (up): ConvTranspose2d(64, 48, kernel_size=(2, 2), stride=(2, 2))
          (conv): Sequential(
            (0): Conv2d(64, 32, kernel_size=(3, 3), stride=(1, 1), padding=(1, 1), bias=False)
            (1): GroupNorm(2, 32, eps=1e-05, affine=True)
            (2): ReLU()
          )
        )
        (head): Conv2d(32, 1, kernel_size=(3, 3), stride=(1, 1), padding=(1, 1))
      )
    )
  )
  (upsample1): ConvTranspose2d(1024, 256, kernel_size=(2, 2), stride=(2, 2))
  (upsample2): ConvTranspose2d(1024, 128, kernel_size=(4, 4), stride=(4, 4))
)
[12/10 05:02:21 fvcore.common.checkpoint]: [Checkpointer] Loading from outputs/cs7_eva_L14_r448//model_0019999.pth ...
[12/10 05:02:23 d2.data.datasets.coco]: Loaded 3943 images with semantic segmentation from /data/zd/data/Mapillary/mapillary/OV_30/images/
[12/10 05:02:23 d2.data.dataset_mapper]: [DatasetMapper] Augmentations used in inference: [ResizeShortestEdge(short_edge_length=(448, 448), max_size=1008, sample_style='choice')]
[12/10 05:02:23 d2.data.common]: Serializing 3943 elements to byte tensors and concatenating them all ...
[12/10 05:02:23 d2.data.common]: Serialized dataset takes 0.75 MiB
[12/10 05:02:23 d2.data.datasets.coco]: Loaded 3943 images with semantic segmentation from /data/zd/data/Mapillary/mapillary/OV_30/images/
[12/10 05:02:23 d2.evaluation.evaluator]: Start inference on 3943 batches
Add a new rope freq of shape: torch.Size([1024, 64])
[12/10 05:02:42 d2.evaluation.evaluator]: Inference done 11/3943. Dataloading: 0.0017 s/iter. Inference: 0.1595 s/iter. Eval: 1.8319 s/iter. Total: 1.9931 s/iter. ETA=2:10:37
[12/10 05:02:48 d2.evaluation.evaluator]: Inference done 16/3943. Dataloading: 0.0013 s/iter. Inference: 0.1597 s/iter. Eval: 1.4916 s/iter. Total: 1.6526 s/iter. ETA=1:48:09
[12/10 05:02:55 d2.evaluation.evaluator]: Inference done 20/3943. Dataloading: 0.0014 s/iter. Inference: 0.1583 s/iter. Eval: 1.5108 s/iter. Total: 1.6705 s/iter. ETA=1:49:13
[12/10 05:03:00 d2.evaluation.evaluator]: Inference done 25/3943. Dataloading: 0.0015 s/iter. Inference: 0.1574 s/iter. Eval: 1.3555 s/iter. Total: 1.5145 s/iter. ETA=1:38:53
[12/10 05:03:07 d2.evaluation.evaluator]: Inference done 29/3943. Dataloading: 0.0015 s/iter. Inference: 0.1573 s/iter. Eval: 1.4058 s/iter. Total: 1.5647 s/iter. ETA=1:42:04
[12/10 05:03:15 d2.evaluation.evaluator]: Inference done 34/3943. Dataloading: 0.0015 s/iter. Inference: 0.1582 s/iter. Eval: 1.3942 s/iter. Total: 1.5540 s/iter. ETA=1:41:14
[12/10 05:03:20 d2.evaluation.evaluator]: Inference done 37/3943. Dataloading: 0.0016 s/iter. Inference: 0.1582 s/iter. Eval: 1.4086 s/iter. Total: 1.5685 s/iter. ETA=1:42:06
[12/10 05:03:28 d2.evaluation.evaluator]: Inference done 43/3943. Dataloading: 0.0016 s/iter. Inference: 0.1580 s/iter. Eval: 1.3806 s/iter. Total: 1.5404 s/iter. ETA=1:40:07
[12/10 05:03:34 d2.evaluation.evaluator]: Inference done 47/3943. Dataloading: 0.0016 s/iter. Inference: 0.1579 s/iter. Eval: 1.3700 s/iter. Total: 1.5296 s/iter. ETA=1:39:19
[12/10 05:03:41 d2.evaluation.evaluator]: Inference done 51/3943. Dataloading: 0.0016 s/iter. Inference: 0.1579 s/iter. Eval: 1.3776 s/iter. Total: 1.5373 s/iter. ETA=1:39:43
[12/10 05:03:46 d2.evaluation.evaluator]: Inference done 56/3943. Dataloading: 0.0017 s/iter. Inference: 0.1575 s/iter. Eval: 1.3396 s/iter. Total: 1.4989 s/iter. ETA=1:37:06
[12/10 05:03:53 d2.evaluation.evaluator]: Inference done 60/3943. Dataloading: 0.0017 s/iter. Inference: 0.1574 s/iter. Eval: 1.3534 s/iter. Total: 1.5126 s/iter. ETA=1:37:53
[12/10 05:03:59 d2.evaluation.evaluator]: Inference done 65/3943. Dataloading: 0.0017 s/iter. Inference: 0.1575 s/iter. Eval: 1.3308 s/iter. Total: 1.4901 s/iter. ETA=1:36:18
[12/10 05:04:04 d2.evaluation.evaluator]: Inference done 68/3943. Dataloading: 0.0017 s/iter. Inference: 0.1575 s/iter. Eval: 1.3403 s/iter. Total: 1.4996 s/iter. ETA=1:36:50
[12/10 05:04:10 d2.evaluation.evaluator]: Inference done 73/3943. Dataloading: 0.0017 s/iter. Inference: 0.1573 s/iter. Eval: 1.3191 s/iter. Total: 1.4781 s/iter. ETA=1:35:20
[12/10 05:04:16 d2.evaluation.evaluator]: Inference done 77/3943. Dataloading: 0.0017 s/iter. Inference: 0.1572 s/iter. Eval: 1.3075 s/iter. Total: 1.4665 s/iter. ETA=1:34:29
[12/10 05:04:23 d2.evaluation.evaluator]: Inference done 81/3943. Dataloading: 0.0017 s/iter. Inference: 0.1573 s/iter. Eval: 1.3283 s/iter. Total: 1.4874 s/iter. ETA=1:35:44
[12/10 05:04:29 d2.evaluation.evaluator]: Inference done 86/3943. Dataloading: 0.0017 s/iter. Inference: 0.1573 s/iter. Eval: 1.3138 s/iter. Total: 1.4729 s/iter. ETA=1:34:40
[12/10 05:04:35 d2.evaluation.evaluator]: Inference done 91/3943. Dataloading: 0.0017 s/iter. Inference: 0.1572 s/iter. Eval: 1.2928 s/iter. Total: 1.4517 s/iter. ETA=1:33:12
[12/10 05:04:41 d2.evaluation.evaluator]: Inference done 95/3943. Dataloading: 0.0017 s/iter. Inference: 0.1571 s/iter. Eval: 1.2943 s/iter. Total: 1.4532 s/iter. ETA=1:33:11
[12/10 05:04:47 d2.evaluation.evaluator]: Inference done 99/3943. Dataloading: 0.0017 s/iter. Inference: 0.1574 s/iter. Eval: 1.2950 s/iter. Total: 1.4542 s/iter. ETA=1:33:09
[12/10 05:04:53 d2.evaluation.evaluator]: Inference done 105/3943. Dataloading: 0.0017 s/iter. Inference: 0.1573 s/iter. Eval: 1.2687 s/iter. Total: 1.4278 s/iter. ETA=1:31:19
[12/10 05:04:58 d2.evaluation.evaluator]: Inference done 111/3943. Dataloading: 0.0017 s/iter. Inference: 0.1571 s/iter. Eval: 1.2421 s/iter. Total: 1.4009 s/iter. ETA=1:29:28
[12/10 05:05:04 d2.evaluation.evaluator]: Inference done 115/3943. Dataloading: 0.0017 s/iter. Inference: 0.1571 s/iter. Eval: 1.2436 s/iter. Total: 1.4025 s/iter. ETA=1:29:28
[12/10 05:05:11 d2.evaluation.evaluator]: Inference done 119/3943. Dataloading: 0.0017 s/iter. Inference: 0.1572 s/iter. Eval: 1.2548 s/iter. Total: 1.4138 s/iter. ETA=1:30:06
[12/10 05:05:17 d2.evaluation.evaluator]: Inference done 125/3943. Dataloading: 0.0017 s/iter. Inference: 0.1572 s/iter. Eval: 1.2332 s/iter. Total: 1.3922 s/iter. ETA=1:28:35
[12/10 05:05:22 d2.evaluation.evaluator]: Inference done 130/3943. Dataloading: 0.0017 s/iter. Inference: 0.1570 s/iter. Eval: 1.2193 s/iter. Total: 1.3781 s/iter. ETA=1:27:34
[12/10 05:05:28 d2.evaluation.evaluator]: Inference done 137/3943. Dataloading: 0.0017 s/iter. Inference: 0.1568 s/iter. Eval: 1.1920 s/iter. Total: 1.3506 s/iter. ETA=1:25:40
[12/10 05:05:33 d2.evaluation.evaluator]: Inference done 141/3943. Dataloading: 0.0017 s/iter. Inference: 0.1567 s/iter. Eval: 1.1894 s/iter. Total: 1.3479 s/iter. ETA=1:25:24
[12/10 05:05:38 d2.evaluation.evaluator]: Inference done 145/3943. Dataloading: 0.0017 s/iter. Inference: 0.1566 s/iter. Eval: 1.1880 s/iter. Total: 1.3464 s/iter. ETA=1:25:13
[12/10 05:05:45 d2.evaluation.evaluator]: Inference done 149/3943. Dataloading: 0.0017 s/iter. Inference: 0.1565 s/iter. Eval: 1.1953 s/iter. Total: 1.3536 s/iter. ETA=1:25:35
[12/10 05:05:51 d2.evaluation.evaluator]: Inference done 153/3943. Dataloading: 0.0017 s/iter. Inference: 0.1565 s/iter. Eval: 1.1978 s/iter. Total: 1.3561 s/iter. ETA=1:25:39
[12/10 05:05:56 d2.evaluation.evaluator]: Inference done 155/3943. Dataloading: 0.0017 s/iter. Inference: 0.1565 s/iter. Eval: 1.2158 s/iter. Total: 1.3741 s/iter. ETA=1:26:45
[12/10 05:06:03 d2.evaluation.evaluator]: Inference done 160/3943. Dataloading: 0.0017 s/iter. Inference: 0.1565 s/iter. Eval: 1.2180 s/iter. Total: 1.3763 s/iter. ETA=1:26:46
[12/10 05:06:09 d2.evaluation.evaluator]: Inference done 163/3943. Dataloading: 0.0017 s/iter. Inference: 0.1567 s/iter. Eval: 1.2293 s/iter. Total: 1.3878 s/iter. ETA=1:27:25
[12/10 05:06:15 d2.evaluation.evaluator]: Inference done 167/3943. Dataloading: 0.0017 s/iter. Inference: 0.1566 s/iter. Eval: 1.2317 s/iter. Total: 1.3901 s/iter. ETA=1:27:29
[12/10 05:06:22 d2.evaluation.evaluator]: Inference done 173/3943. Dataloading: 0.0017 s/iter. Inference: 0.1565 s/iter. Eval: 1.2227 s/iter. Total: 1.3810 s/iter. ETA=1:26:46
[12/10 05:06:29 d2.evaluation.evaluator]: Inference done 176/3943. Dataloading: 0.0017 s/iter. Inference: 0.1566 s/iter. Eval: 1.2377 s/iter. Total: 1.3960 s/iter. ETA=1:27:38
[12/10 05:06:34 d2.evaluation.evaluator]: Inference done 181/3943. Dataloading: 0.0017 s/iter. Inference: 0.1565 s/iter. Eval: 1.2266 s/iter. Total: 1.3849 s/iter. ETA=1:26:50
[12/10 05:06:39 d2.evaluation.evaluator]: Inference done 185/3943. Dataloading: 0.0017 s/iter. Inference: 0.1564 s/iter. Eval: 1.2269 s/iter. Total: 1.3851 s/iter. ETA=1:26:45
[12/10 05:06:45 d2.evaluation.evaluator]: Inference done 189/3943. Dataloading: 0.0017 s/iter. Inference: 0.1565 s/iter. Eval: 1.2301 s/iter. Total: 1.3884 s/iter. ETA=1:26:51
[12/10 05:06:51 d2.evaluation.evaluator]: Inference done 192/3943. Dataloading: 0.0017 s/iter. Inference: 0.1566 s/iter. Eval: 1.2365 s/iter. Total: 1.3949 s/iter. ETA=1:27:12
[12/10 05:06:57 d2.evaluation.evaluator]: Inference done 197/3943. Dataloading: 0.0017 s/iter. Inference: 0.1565 s/iter. Eval: 1.2325 s/iter. Total: 1.3907 s/iter. ETA=1:26:49
[12/10 05:07:03 d2.evaluation.evaluator]: Inference done 200/3943. Dataloading: 0.0017 s/iter. Inference: 0.1565 s/iter. Eval: 1.2411 s/iter. Total: 1.3994 s/iter. ETA=1:27:17
[12/10 05:07:08 d2.evaluation.evaluator]: Inference done 206/3943. Dataloading: 0.0017 s/iter. Inference: 0.1564 s/iter. Eval: 1.2262 s/iter. Total: 1.3844 s/iter. ETA=1:26:13
[12/10 05:07:14 d2.evaluation.evaluator]: Inference done 211/3943. Dataloading: 0.0017 s/iter. Inference: 0.1564 s/iter. Eval: 1.2209 s/iter. Total: 1.3791 s/iter. ETA=1:25:46
[12/10 05:07:19 d2.evaluation.evaluator]: Inference done 216/3943. Dataloading: 0.0017 s/iter. Inference: 0.1563 s/iter. Eval: 1.2125 s/iter. Total: 1.3706 s/iter. ETA=1:25:08
[12/10 05:07:25 d2.evaluation.evaluator]: Inference done 220/3943. Dataloading: 0.0017 s/iter. Inference: 0.1564 s/iter. Eval: 1.2154 s/iter. Total: 1.3736 s/iter. ETA=1:25:13
[12/10 05:07:31 d2.evaluation.evaluator]: Inference done 225/3943. Dataloading: 0.0017 s/iter. Inference: 0.1564 s/iter. Eval: 1.2082 s/iter. Total: 1.3664 s/iter. ETA=1:24:40
[12/10 05:07:36 d2.evaluation.evaluator]: Inference done 233/3943. Dataloading: 0.0017 s/iter. Inference: 0.1564 s/iter. Eval: 1.1851 s/iter. Total: 1.3433 s/iter. ETA=1:23:03
[12/10 05:07:43 d2.evaluation.evaluator]: Inference done 238/3943. Dataloading: 0.0017 s/iter. Inference: 0.1565 s/iter. Eval: 1.1870 s/iter. Total: 1.3453 s/iter. ETA=1:23:04
[12/10 05:07:49 d2.evaluation.evaluator]: Inference done 243/3943. Dataloading: 0.0017 s/iter. Inference: 0.1566 s/iter. Eval: 1.1831 s/iter. Total: 1.3415 s/iter. ETA=1:22:43
[12/10 05:07:54 d2.evaluation.evaluator]: Inference done 246/3943. Dataloading: 0.0017 s/iter. Inference: 0.1567 s/iter. Eval: 1.1871 s/iter. Total: 1.3456 s/iter. ETA=1:22:54
[12/10 05:08:02 d2.evaluation.evaluator]: Inference done 251/3943. Dataloading: 0.0017 s/iter. Inference: 0.1567 s/iter. Eval: 1.1908 s/iter. Total: 1.3494 s/iter. ETA=1:23:01
[12/10 05:08:07 d2.evaluation.evaluator]: Inference done 256/3943. Dataloading: 0.0017 s/iter. Inference: 0.1567 s/iter. Eval: 1.1850 s/iter. Total: 1.3435 s/iter. ETA=1:22:33
[12/10 05:08:13 d2.evaluation.evaluator]: Inference done 262/3943. Dataloading: 0.0017 s/iter. Inference: 0.1567 s/iter. Eval: 1.1757 s/iter. Total: 1.3342 s/iter. ETA=1:21:51
[12/10 05:08:18 d2.evaluation.evaluator]: Inference done 266/3943. Dataloading: 0.0018 s/iter. Inference: 0.1567 s/iter. Eval: 1.1759 s/iter. Total: 1.3344 s/iter. ETA=1:21:46
[12/10 05:08:24 d2.evaluation.evaluator]: Inference done 272/3943. Dataloading: 0.0018 s/iter. Inference: 0.1567 s/iter. Eval: 1.1687 s/iter. Total: 1.3272 s/iter. ETA=1:21:12
[12/10 05:08:30 d2.evaluation.evaluator]: Inference done 278/3943. Dataloading: 0.0018 s/iter. Inference: 0.1566 s/iter. Eval: 1.1614 s/iter. Total: 1.3199 s/iter. ETA=1:20:37
[12/10 05:08:35 d2.evaluation.evaluator]: Inference done 283/3943. Dataloading: 0.0018 s/iter. Inference: 0.1567 s/iter. Eval: 1.1559 s/iter. Total: 1.3145 s/iter. ETA=1:20:10
[12/10 05:08:40 d2.evaluation.evaluator]: Inference done 287/3943. Dataloading: 0.0018 s/iter. Inference: 0.1567 s/iter. Eval: 1.1553 s/iter. Total: 1.3139 s/iter. ETA=1:20:03
[12/10 05:08:46 d2.evaluation.evaluator]: Inference done 290/3943. Dataloading: 0.0018 s/iter. Inference: 0.1567 s/iter. Eval: 1.1596 s/iter. Total: 1.3182 s/iter. ETA=1:20:15
[12/10 05:08:51 d2.evaluation.evaluator]: Inference done 296/3943. Dataloading: 0.0018 s/iter. Inference: 0.1567 s/iter. Eval: 1.1520 s/iter. Total: 1.3105 s/iter. ETA=1:19:39
[12/10 05:08:57 d2.evaluation.evaluator]: Inference done 300/3943. Dataloading: 0.0018 s/iter. Inference: 0.1566 s/iter. Eval: 1.1531 s/iter. Total: 1.3117 s/iter. ETA=1:19:38
[12/10 05:09:02 d2.evaluation.evaluator]: Inference done 303/3943. Dataloading: 0.0018 s/iter. Inference: 0.1567 s/iter. Eval: 1.1579 s/iter. Total: 1.3165 s/iter. ETA=1:19:52
[12/10 05:09:08 d2.evaluation.evaluator]: Inference done 307/3943. Dataloading: 0.0018 s/iter. Inference: 0.1567 s/iter. Eval: 1.1581 s/iter. Total: 1.3166 s/iter. ETA=1:19:47
[12/10 05:09:14 d2.evaluation.evaluator]: Inference done 310/3943. Dataloading: 0.0018 s/iter. Inference: 0.1567 s/iter. Eval: 1.1672 s/iter. Total: 1.3258 s/iter. ETA=1:20:16
[12/10 05:09:19 d2.evaluation.evaluator]: Inference done 315/3943. Dataloading: 0.0018 s/iter. Inference: 0.1567 s/iter. Eval: 1.1620 s/iter. Total: 1.3206 s/iter. ETA=1:19:51
[12/10 05:09:26 d2.evaluation.evaluator]: Inference done 319/3943. Dataloading: 0.0018 s/iter. Inference: 0.1567 s/iter. Eval: 1.1652 s/iter. Total: 1.3238 s/iter. ETA=1:19:57
[12/10 05:09:31 d2.evaluation.evaluator]: Inference done 322/3943. Dataloading: 0.0018 s/iter. Inference: 0.1568 s/iter. Eval: 1.1711 s/iter. Total: 1.3297 s/iter. ETA=1:20:14
[12/10 05:09:37 d2.evaluation.evaluator]: Inference done 326/3943. Dataloading: 0.0018 s/iter. Inference: 0.1568 s/iter. Eval: 1.1705 s/iter. Total: 1.3293 s/iter. ETA=1:20:07
[12/10 05:09:42 d2.evaluation.evaluator]: Inference done 330/3943. Dataloading: 0.0018 s/iter. Inference: 0.1568 s/iter. Eval: 1.1698 s/iter. Total: 1.3286 s/iter. ETA=1:20:00
[12/10 05:09:49 d2.evaluation.evaluator]: Inference done 334/3943. Dataloading: 0.0018 s/iter. Inference: 0.1568 s/iter. Eval: 1.1744 s/iter. Total: 1.3331 s/iter. ETA=1:20:11
[12/10 05:09:55 d2.evaluation.evaluator]: Inference done 336/3943. Dataloading: 0.0018 s/iter. Inference: 0.1569 s/iter. Eval: 1.1867 s/iter. Total: 1.3455 s/iter. ETA=1:20:53
[12/10 05:10:00 d2.evaluation.evaluator]: Inference done 340/3943. Dataloading: 0.0018 s/iter. Inference: 0.1570 s/iter. Eval: 1.1857 s/iter. Total: 1.3446 s/iter. ETA=1:20:44
[12/10 05:10:07 d2.evaluation.evaluator]: Inference done 346/3943. Dataloading: 0.0018 s/iter. Inference: 0.1570 s/iter. Eval: 1.1819 s/iter. Total: 1.3408 s/iter. ETA=1:20:22
[12/10 05:10:13 d2.evaluation.evaluator]: Inference done 350/3943. Dataloading: 0.0018 s/iter. Inference: 0.1569 s/iter. Eval: 1.1836 s/iter. Total: 1.3424 s/iter. ETA=1:20:23
[12/10 05:10:18 d2.evaluation.evaluator]: Inference done 355/3943. Dataloading: 0.0018 s/iter. Inference: 0.1569 s/iter. Eval: 1.1789 s/iter. Total: 1.3377 s/iter. ETA=1:19:59
[12/10 05:10:24 d2.evaluation.evaluator]: Inference done 360/3943. Dataloading: 0.0018 s/iter. Inference: 0.1569 s/iter. Eval: 1.1755 s/iter. Total: 1.3343 s/iter. ETA=1:19:40
[12/10 05:10:29 d2.evaluation.evaluator]: Inference done 363/3943. Dataloading: 0.0018 s/iter. Inference: 0.1569 s/iter. Eval: 1.1788 s/iter. Total: 1.3377 s/iter. ETA=1:19:49
[12/10 05:10:34 d2.evaluation.evaluator]: Inference done 366/3943. Dataloading: 0.0018 s/iter. Inference: 0.1570 s/iter. Eval: 1.1825 s/iter. Total: 1.3414 s/iter. ETA=1:19:58
[12/10 05:10:40 d2.evaluation.evaluator]: Inference done 370/3943. Dataloading: 0.0018 s/iter. Inference: 0.1570 s/iter. Eval: 1.1843 s/iter. Total: 1.3432 s/iter. ETA=1:19:59
[12/10 05:10:48 d2.evaluation.evaluator]: Inference done 376/3943. Dataloading: 0.0018 s/iter. Inference: 0.1570 s/iter. Eval: 1.1845 s/iter. Total: 1.3435 s/iter. ETA=1:19:52
[12/10 05:10:53 d2.evaluation.evaluator]: Inference done 381/3943. Dataloading: 0.0018 s/iter. Inference: 0.1570 s/iter. Eval: 1.1800 s/iter. Total: 1.3390 s/iter. ETA=1:19:29
[12/10 05:10:59 d2.evaluation.evaluator]: Inference done 383/3943. Dataloading: 0.0018 s/iter. Inference: 0.1571 s/iter. Eval: 1.1884 s/iter. Total: 1.3474 s/iter. ETA=1:19:56
[12/10 05:11:04 d2.evaluation.evaluator]: Inference done 387/3943. Dataloading: 0.0018 s/iter. Inference: 0.1571 s/iter. Eval: 1.1876 s/iter. Total: 1.3467 s/iter. ETA=1:19:48
[12/10 05:11:11 d2.evaluation.evaluator]: Inference done 392/3943. Dataloading: 0.0018 s/iter. Inference: 0.1571 s/iter. Eval: 1.1878 s/iter. Total: 1.3468 s/iter. ETA=1:19:42
[12/10 05:11:16 d2.evaluation.evaluator]: Inference done 398/3943. Dataloading: 0.0018 s/iter. Inference: 0.1570 s/iter. Eval: 1.1800 s/iter. Total: 1.3390 s/iter. ETA=1:19:06
[12/10 05:11:22 d2.evaluation.evaluator]: Inference done 404/3943. Dataloading: 0.0018 s/iter. Inference: 0.1570 s/iter. Eval: 1.1737 s/iter. Total: 1.3326 s/iter. ETA=1:18:36
[12/10 05:11:27 d2.evaluation.evaluator]: Inference done 408/3943. Dataloading: 0.0018 s/iter. Inference: 0.1570 s/iter. Eval: 1.1729 s/iter. Total: 1.3318 s/iter. ETA=1:18:28
[12/10 05:11:32 d2.evaluation.evaluator]: Inference done 413/3943. Dataloading: 0.0018 s/iter. Inference: 0.1570 s/iter. Eval: 1.1701 s/iter. Total: 1.3290 s/iter. ETA=1:18:11
[12/10 05:11:38 d2.evaluation.evaluator]: Inference done 418/3943. Dataloading: 0.0018 s/iter. Inference: 0.1569 s/iter. Eval: 1.1688 s/iter. Total: 1.3277 s/iter. ETA=1:18:00
[12/10 05:11:44 d2.evaluation.evaluator]: Inference done 423/3943. Dataloading: 0.0018 s/iter. Inference: 0.1569 s/iter. Eval: 1.1658 s/iter. Total: 1.3247 s/iter. ETA=1:17:42
[12/10 05:11:50 d2.evaluation.evaluator]: Inference done 427/3943. Dataloading: 0.0018 s/iter. Inference: 0.1569 s/iter. Eval: 1.1685 s/iter. Total: 1.3273 s/iter. ETA=1:17:46
[12/10 05:11:55 d2.evaluation.evaluator]: Inference done 432/3943. Dataloading: 0.0018 s/iter. Inference: 0.1569 s/iter. Eval: 1.1650 s/iter. Total: 1.3238 s/iter. ETA=1:17:27
[12/10 05:12:00 d2.evaluation.evaluator]: Inference done 438/3943. Dataloading: 0.0019 s/iter. Inference: 0.1568 s/iter. Eval: 1.1587 s/iter. Total: 1.3176 s/iter. ETA=1:16:58
[12/10 05:12:07 d2.evaluation.evaluator]: Inference done 442/3943. Dataloading: 0.0019 s/iter. Inference: 0.1568 s/iter. Eval: 1.1610 s/iter. Total: 1.3198 s/iter. ETA=1:17:00
[12/10 05:12:12 d2.evaluation.evaluator]: Inference done 445/3943. Dataloading: 0.0019 s/iter. Inference: 0.1568 s/iter. Eval: 1.1642 s/iter. Total: 1.3230 s/iter. ETA=1:17:07
[12/10 05:12:18 d2.evaluation.evaluator]: Inference done 450/3943. Dataloading: 0.0019 s/iter. Inference: 0.1568 s/iter. Eval: 1.1626 s/iter. Total: 1.3214 s/iter. ETA=1:16:55
[12/10 05:12:23 d2.evaluation.evaluator]: Inference done 454/3943. Dataloading: 0.0019 s/iter. Inference: 0.1568 s/iter. Eval: 1.1621 s/iter. Total: 1.3209 s/iter. ETA=1:16:48
[12/10 05:12:29 d2.evaluation.evaluator]: Inference done 459/3943. Dataloading: 0.0019 s/iter. Inference: 0.1567 s/iter. Eval: 1.1610 s/iter. Total: 1.3197 s/iter. ETA=1:16:37
[12/10 05:12:35 d2.evaluation.evaluator]: Inference done 463/3943. Dataloading: 0.0019 s/iter. Inference: 0.1567 s/iter. Eval: 1.1616 s/iter. Total: 1.3203 s/iter. ETA=1:16:34
[12/10 05:12:40 d2.evaluation.evaluator]: Inference done 467/3943. Dataloading: 0.0019 s/iter. Inference: 0.1567 s/iter. Eval: 1.1615 s/iter. Total: 1.3202 s/iter. ETA=1:16:28
[12/10 05:12:46 d2.evaluation.evaluator]: Inference done 471/3943. Dataloading: 0.0019 s/iter. Inference: 0.1568 s/iter. Eval: 1.1626 s/iter. Total: 1.3214 s/iter. ETA=1:16:27
[12/10 05:12:52 d2.evaluation.evaluator]: Inference done 476/3943. Dataloading: 0.0019 s/iter. Inference: 0.1568 s/iter. Eval: 1.1613 s/iter. Total: 1.3201 s/iter. ETA=1:16:16
[12/10 05:12:58 d2.evaluation.evaluator]: Inference done 479/3943. Dataloading: 0.0019 s/iter. Inference: 0.1568 s/iter. Eval: 1.1670 s/iter. Total: 1.3258 s/iter. ETA=1:16:32
[12/10 05:13:04 d2.evaluation.evaluator]: Inference done 485/3943. Dataloading: 0.0019 s/iter. Inference: 0.1568 s/iter. Eval: 1.1621 s/iter. Total: 1.3209 s/iter. ETA=1:16:07
[12/10 05:13:11 d2.evaluation.evaluator]: Inference done 489/3943. Dataloading: 0.0019 s/iter. Inference: 0.1568 s/iter. Eval: 1.1655 s/iter. Total: 1.3242 s/iter. ETA=1:16:13
[12/10 05:13:17 d2.evaluation.evaluator]: Inference done 494/3943. Dataloading: 0.0019 s/iter. Inference: 0.1568 s/iter. Eval: 1.1642 s/iter. Total: 1.3229 s/iter. ETA=1:16:02
[12/10 05:13:23 d2.evaluation.evaluator]: Inference done 497/3943. Dataloading: 0.0019 s/iter. Inference: 0.1567 s/iter. Eval: 1.1677 s/iter. Total: 1.3264 s/iter. ETA=1:16:10
[12/10 05:13:28 d2.evaluation.evaluator]: Inference done 501/3943. Dataloading: 0.0019 s/iter. Inference: 0.1567 s/iter. Eval: 1.1676 s/iter. Total: 1.3264 s/iter. ETA=1:16:05
[12/10 05:13:33 d2.evaluation.evaluator]: Inference done 504/3943. Dataloading: 0.0019 s/iter. Inference: 0.1568 s/iter. Eval: 1.1699 s/iter. Total: 1.3286 s/iter. ETA=1:16:09
[12/10 05:13:39 d2.evaluation.evaluator]: Inference done 508/3943. Dataloading: 0.0019 s/iter. Inference: 0.1567 s/iter. Eval: 1.1705 s/iter. Total: 1.3292 s/iter. ETA=1:16:05
[12/10 05:13:44 d2.evaluation.evaluator]: Inference done 513/3943. Dataloading: 0.0019 s/iter. Inference: 0.1567 s/iter. Eval: 1.1676 s/iter. Total: 1.3264 s/iter. ETA=1:15:49
[12/10 05:13:49 d2.evaluation.evaluator]: Inference done 518/3943. Dataloading: 0.0019 s/iter. Inference: 0.1567 s/iter. Eval: 1.1655 s/iter. Total: 1.3242 s/iter. ETA=1:15:35
[12/10 05:13:57 d2.evaluation.evaluator]: Inference done 523/3943. Dataloading: 0.0019 s/iter. Inference: 0.1567 s/iter. Eval: 1.1684 s/iter. Total: 1.3271 s/iter. ETA=1:15:38
[12/10 05:14:02 d2.evaluation.evaluator]: Inference done 528/3943. Dataloading: 0.0019 s/iter. Inference: 0.1567 s/iter. Eval: 1.1654 s/iter. Total: 1.3242 s/iter. ETA=1:15:22
[12/10 05:14:08 d2.evaluation.evaluator]: Inference done 531/3943. Dataloading: 0.0019 s/iter. Inference: 0.1568 s/iter. Eval: 1.1681 s/iter. Total: 1.3269 s/iter. ETA=1:15:27
[12/10 05:14:13 d2.evaluation.evaluator]: Inference done 535/3943. Dataloading: 0.0019 s/iter. Inference: 0.1567 s/iter. Eval: 1.1682 s/iter. Total: 1.3269 s/iter. ETA=1:15:22
[12/10 05:14:19 d2.evaluation.evaluator]: Inference done 541/3943. Dataloading: 0.0019 s/iter. Inference: 0.1567 s/iter. Eval: 1.1648 s/iter. Total: 1.3235 s/iter. ETA=1:15:02
[12/10 05:14:25 d2.evaluation.evaluator]: Inference done 545/3943. Dataloading: 0.0019 s/iter. Inference: 0.1567 s/iter. Eval: 1.1648 s/iter. Total: 1.3234 s/iter. ETA=1:14:57
[12/10 05:14:30 d2.evaluation.evaluator]: Inference done 549/3943. Dataloading: 0.0019 s/iter. Inference: 0.1567 s/iter. Eval: 1.1643 s/iter. Total: 1.3230 s/iter. ETA=1:14:50
[12/10 05:14:35 d2.evaluation.evaluator]: Inference done 553/3943. Dataloading: 0.0019 s/iter. Inference: 0.1567 s/iter. Eval: 1.1642 s/iter. Total: 1.3229 s/iter. ETA=1:14:44
[12/10 05:14:41 d2.evaluation.evaluator]: Inference done 557/3943. Dataloading: 0.0019 s/iter. Inference: 0.1567 s/iter. Eval: 1.1654 s/iter. Total: 1.3241 s/iter. ETA=1:14:43
[12/10 05:14:47 d2.evaluation.evaluator]: Inference done 563/3943. Dataloading: 0.0019 s/iter. Inference: 0.1567 s/iter. Eval: 1.1619 s/iter. Total: 1.3205 s/iter. ETA=1:14:23
[12/10 05:14:52 d2.evaluation.evaluator]: Inference done 568/3943. Dataloading: 0.0019 s/iter. Inference: 0.1566 s/iter. Eval: 1.1597 s/iter. Total: 1.3183 s/iter. ETA=1:14:09
[12/10 05:14:57 d2.evaluation.evaluator]: Inference done 572/3943. Dataloading: 0.0019 s/iter. Inference: 0.1566 s/iter. Eval: 1.1597 s/iter. Total: 1.3183 s/iter. ETA=1:14:04
[12/10 05:15:04 d2.evaluation.evaluator]: Inference done 579/3943. Dataloading: 0.0019 s/iter. Inference: 0.1566 s/iter. Eval: 1.1552 s/iter. Total: 1.3138 s/iter. ETA=1:13:39
[12/10 05:15:10 d2.evaluation.evaluator]: Inference done 585/3943. Dataloading: 0.0019 s/iter. Inference: 0.1566 s/iter. Eval: 1.1517 s/iter. Total: 1.3103 s/iter. ETA=1:13:20
[12/10 05:15:15 d2.evaluation.evaluator]: Inference done 590/3943. Dataloading: 0.0019 s/iter. Inference: 0.1566 s/iter. Eval: 1.1495 s/iter. Total: 1.3081 s/iter. ETA=1:13:06
[12/10 05:15:21 d2.evaluation.evaluator]: Inference done 596/3943. Dataloading: 0.0019 s/iter. Inference: 0.1566 s/iter. Eval: 1.1460 s/iter. Total: 1.3046 s/iter. ETA=1:12:46
[12/10 05:15:28 d2.evaluation.evaluator]: Inference done 601/3943. Dataloading: 0.0019 s/iter. Inference: 0.1565 s/iter. Eval: 1.1466 s/iter. Total: 1.3051 s/iter. ETA=1:12:41
[12/10 05:15:33 d2.evaluation.evaluator]: Inference done 606/3943. Dataloading: 0.0019 s/iter. Inference: 0.1566 s/iter. Eval: 1.1450 s/iter. Total: 1.3036 s/iter. ETA=1:12:30
[12/10 05:15:39 d2.evaluation.evaluator]: Inference done 611/3943. Dataloading: 0.0019 s/iter. Inference: 0.1566 s/iter. Eval: 1.1435 s/iter. Total: 1.3021 s/iter. ETA=1:12:18
[12/10 05:15:44 d2.evaluation.evaluator]: Inference done 614/3943. Dataloading: 0.0019 s/iter. Inference: 0.1566 s/iter. Eval: 1.1458 s/iter. Total: 1.3044 s/iter. ETA=1:12:22
[12/10 05:15:50 d2.evaluation.evaluator]: Inference done 618/3943. Dataloading: 0.0019 s/iter. Inference: 0.1566 s/iter. Eval: 1.1460 s/iter. Total: 1.3046 s/iter. ETA=1:12:17
[12/10 05:15:55 d2.evaluation.evaluator]: Inference done 623/3943. Dataloading: 0.0019 s/iter. Inference: 0.1566 s/iter. Eval: 1.1443 s/iter. Total: 1.3030 s/iter. ETA=1:12:05
[12/10 05:16:00 d2.evaluation.evaluator]: Inference done 627/3943. Dataloading: 0.0019 s/iter. Inference: 0.1566 s/iter. Eval: 1.1442 s/iter. Total: 1.3028 s/iter. ETA=1:12:00
[12/10 05:16:06 d2.evaluation.evaluator]: Inference done 632/3943. Dataloading: 0.0019 s/iter. Inference: 0.1566 s/iter. Eval: 1.1423 s/iter. Total: 1.3009 s/iter. ETA=1:11:47
[12/10 05:16:11 d2.evaluation.evaluator]: Inference done 635/3943. Dataloading: 0.0019 s/iter. Inference: 0.1566 s/iter. Eval: 1.1444 s/iter. Total: 1.3031 s/iter. ETA=1:11:50
[12/10 05:16:16 d2.evaluation.evaluator]: Inference done 638/3943. Dataloading: 0.0019 s/iter. Inference: 0.1566 s/iter. Eval: 1.1462 s/iter. Total: 1.3048 s/iter. ETA=1:11:52
[12/10 05:16:22 d2.evaluation.evaluator]: Inference done 643/3943. Dataloading: 0.0019 s/iter. Inference: 0.1566 s/iter. Eval: 1.1462 s/iter. Total: 1.3049 s/iter. ETA=1:11:46
[12/10 05:16:29 d2.evaluation.evaluator]: Inference done 648/3943. Dataloading: 0.0019 s/iter. Inference: 0.1566 s/iter. Eval: 1.1457 s/iter. Total: 1.3044 s/iter. ETA=1:11:37
[12/10 05:16:35 d2.evaluation.evaluator]: Inference done 653/3943. Dataloading: 0.0019 s/iter. Inference: 0.1566 s/iter. Eval: 1.1449 s/iter. Total: 1.3035 s/iter. ETA=1:11:28
[12/10 05:16:40 d2.evaluation.evaluator]: Inference done 657/3943. Dataloading: 0.0019 s/iter. Inference: 0.1566 s/iter. Eval: 1.1446 s/iter. Total: 1.3032 s/iter. ETA=1:11:22
[12/10 05:16:45 d2.evaluation.evaluator]: Inference done 661/3943. Dataloading: 0.0019 s/iter. Inference: 0.1566 s/iter. Eval: 1.1444 s/iter. Total: 1.3030 s/iter. ETA=1:11:16
[12/10 05:16:50 d2.evaluation.evaluator]: Inference done 666/3943. Dataloading: 0.0019 s/iter. Inference: 0.1566 s/iter. Eval: 1.1424 s/iter. Total: 1.3010 s/iter. ETA=1:11:03
[12/10 05:16:56 d2.evaluation.evaluator]: Inference done 670/3943. Dataloading: 0.0019 s/iter. Inference: 0.1566 s/iter. Eval: 1.1432 s/iter. Total: 1.3018 s/iter. ETA=1:11:00
[12/10 05:17:01 d2.evaluation.evaluator]: Inference done 674/3943. Dataloading: 0.0019 s/iter. Inference: 0.1566 s/iter. Eval: 1.1430 s/iter. Total: 1.3016 s/iter. ETA=1:10:54
[12/10 05:17:06 d2.evaluation.evaluator]: Inference done 678/3943. Dataloading: 0.0019 s/iter. Inference: 0.1566 s/iter. Eval: 1.1429 s/iter. Total: 1.3015 s/iter. ETA=1:10:49
[12/10 05:17:12 d2.evaluation.evaluator]: Inference done 683/3943. Dataloading: 0.0019 s/iter. Inference: 0.1566 s/iter. Eval: 1.1422 s/iter. Total: 1.3008 s/iter. ETA=1:10:40
[12/10 05:17:18 d2.evaluation.evaluator]: Inference done 688/3943. Dataloading: 0.0019 s/iter. Inference: 0.1566 s/iter. Eval: 1.1414 s/iter. Total: 1.3000 s/iter. ETA=1:10:31
[12/10 05:17:23 d2.evaluation.evaluator]: Inference done 693/3943. Dataloading: 0.0019 s/iter. Inference: 0.1566 s/iter. Eval: 1.1399 s/iter. Total: 1.2985 s/iter. ETA=1:10:20
[12/10 05:17:30 d2.evaluation.evaluator]: Inference done 697/3943. Dataloading: 0.0019 s/iter. Inference: 0.1566 s/iter. Eval: 1.1425 s/iter. Total: 1.3011 s/iter. ETA=1:10:23
[12/10 05:17:35 d2.evaluation.evaluator]: Inference done 701/3943. Dataloading: 0.0019 s/iter. Inference: 0.1566 s/iter. Eval: 1.1425 s/iter. Total: 1.3011 s/iter. ETA=1:10:18
[12/10 05:17:41 d2.evaluation.evaluator]: Inference done 705/3943. Dataloading: 0.0019 s/iter. Inference: 0.1566 s/iter. Eval: 1.1429 s/iter. Total: 1.3015 s/iter. ETA=1:10:14
[12/10 05:17:48 d2.evaluation.evaluator]: Inference done 710/3943. Dataloading: 0.0019 s/iter. Inference: 0.1566 s/iter. Eval: 1.1430 s/iter. Total: 1.3016 s/iter. ETA=1:10:08
[12/10 05:17:53 d2.evaluation.evaluator]: Inference done 713/3943. Dataloading: 0.0019 s/iter. Inference: 0.1566 s/iter. Eval: 1.1455 s/iter. Total: 1.3042 s/iter. ETA=1:10:12
[12/10 05:18:00 d2.evaluation.evaluator]: Inference done 716/3943. Dataloading: 0.0019 s/iter. Inference: 0.1566 s/iter. Eval: 1.1492 s/iter. Total: 1.3079 s/iter. ETA=1:10:20
[12/10 05:18:05 d2.evaluation.evaluator]: Inference done 720/3943. Dataloading: 0.0019 s/iter. Inference: 0.1566 s/iter. Eval: 1.1493 s/iter. Total: 1.3080 s/iter. ETA=1:10:15
[12/10 05:18:11 d2.evaluation.evaluator]: Inference done 725/3943. Dataloading: 0.0019 s/iter. Inference: 0.1566 s/iter. Eval: 1.1480 s/iter. Total: 1.3067 s/iter. ETA=1:10:04
[12/10 05:18:16 d2.evaluation.evaluator]: Inference done 730/3943. Dataloading: 0.0019 s/iter. Inference: 0.1566 s/iter. Eval: 1.1465 s/iter. Total: 1.3052 s/iter. ETA=1:09:53
[12/10 05:18:23 d2.evaluation.evaluator]: Inference done 735/3943. Dataloading: 0.0019 s/iter. Inference: 0.1566 s/iter. Eval: 1.1471 s/iter. Total: 1.3058 s/iter. ETA=1:09:48
[12/10 05:18:29 d2.evaluation.evaluator]: Inference done 739/3943. Dataloading: 0.0019 s/iter. Inference: 0.1567 s/iter. Eval: 1.1474 s/iter. Total: 1.3061 s/iter. ETA=1:09:44
[12/10 05:18:34 d2.evaluation.evaluator]: Inference done 744/3943. Dataloading: 0.0019 s/iter. Inference: 0.1566 s/iter. Eval: 1.1455 s/iter. Total: 1.3042 s/iter. ETA=1:09:32
[12/10 05:18:39 d2.evaluation.evaluator]: Inference done 747/3943. Dataloading: 0.0019 s/iter. Inference: 0.1567 s/iter. Eval: 1.1475 s/iter. Total: 1.3062 s/iter. ETA=1:09:34
[12/10 05:18:44 d2.evaluation.evaluator]: Inference done 749/3943. Dataloading: 0.0019 s/iter. Inference: 0.1567 s/iter. Eval: 1.1509 s/iter. Total: 1.3096 s/iter. ETA=1:09:42
[12/10 05:18:49 d2.evaluation.evaluator]: Inference done 752/3943. Dataloading: 0.0019 s/iter. Inference: 0.1567 s/iter. Eval: 1.1524 s/iter. Total: 1.3111 s/iter. ETA=1:09:43
[12/10 05:18:55 d2.evaluation.evaluator]: Inference done 755/3943. Dataloading: 0.0019 s/iter. Inference: 0.1567 s/iter. Eval: 1.1544 s/iter. Total: 1.3131 s/iter. ETA=1:09:46
[12/10 05:19:00 d2.evaluation.evaluator]: Inference done 758/3943. Dataloading: 0.0019 s/iter. Inference: 0.1567 s/iter. Eval: 1.1559 s/iter. Total: 1.3146 s/iter. ETA=1:09:46
[12/10 05:19:06 d2.evaluation.evaluator]: Inference done 761/3943. Dataloading: 0.0019 s/iter. Inference: 0.1567 s/iter. Eval: 1.1587 s/iter. Total: 1.3174 s/iter. ETA=1:09:51
[12/10 05:19:12 d2.evaluation.evaluator]: Inference done 766/3943. Dataloading: 0.0019 s/iter. Inference: 0.1567 s/iter. Eval: 1.1577 s/iter. Total: 1.3165 s/iter. ETA=1:09:42
[12/10 05:19:18 d2.evaluation.evaluator]: Inference done 770/3943. Dataloading: 0.0019 s/iter. Inference: 0.1567 s/iter. Eval: 1.1595 s/iter. Total: 1.3182 s/iter. ETA=1:09:42
[12/10 05:19:25 d2.evaluation.evaluator]: Inference done 776/3943. Dataloading: 0.0019 s/iter. Inference: 0.1567 s/iter. Eval: 1.1574 s/iter. Total: 1.3162 s/iter. ETA=1:09:28
[12/10 05:19:30 d2.evaluation.evaluator]: Inference done 781/3943. Dataloading: 0.0019 s/iter. Inference: 0.1567 s/iter. Eval: 1.1554 s/iter. Total: 1.3142 s/iter. ETA=1:09:15
[12/10 05:19:35 d2.evaluation.evaluator]: Inference done 787/3943. Dataloading: 0.0019 s/iter. Inference: 0.1567 s/iter. Eval: 1.1526 s/iter. Total: 1.3114 s/iter. ETA=1:08:58
[12/10 05:19:41 d2.evaluation.evaluator]: Inference done 791/3943. Dataloading: 0.0019 s/iter. Inference: 0.1567 s/iter. Eval: 1.1527 s/iter. Total: 1.3114 s/iter. ETA=1:08:53
[12/10 05:19:48 d2.evaluation.evaluator]: Inference done 795/3943. Dataloading: 0.0019 s/iter. Inference: 0.1567 s/iter. Eval: 1.1547 s/iter. Total: 1.3134 s/iter. ETA=1:08:54
[12/10 05:19:54 d2.evaluation.evaluator]: Inference done 800/3943. Dataloading: 0.0019 s/iter. Inference: 0.1567 s/iter. Eval: 1.1546 s/iter. Total: 1.3133 s/iter. ETA=1:08:47
[12/10 05:20:01 d2.evaluation.evaluator]: Inference done 803/3943. Dataloading: 0.0019 s/iter. Inference: 0.1567 s/iter. Eval: 1.1578 s/iter. Total: 1.3165 s/iter. ETA=1:08:53
[12/10 05:20:06 d2.evaluation.evaluator]: Inference done 808/3943. Dataloading: 0.0019 s/iter. Inference: 0.1567 s/iter. Eval: 1.1569 s/iter. Total: 1.3156 s/iter. ETA=1:08:44
[12/10 05:20:12 d2.evaluation.evaluator]: Inference done 813/3943. Dataloading: 0.0019 s/iter. Inference: 0.1567 s/iter. Eval: 1.1559 s/iter. Total: 1.3146 s/iter. ETA=1:08:34
[12/10 05:20:18 d2.evaluation.evaluator]: Inference done 817/3943. Dataloading: 0.0019 s/iter. Inference: 0.1567 s/iter. Eval: 1.1566 s/iter. Total: 1.3154 s/iter. ETA=1:08:31
[12/10 05:20:23 d2.evaluation.evaluator]: Inference done 820/3943. Dataloading: 0.0019 s/iter. Inference: 0.1567 s/iter. Eval: 1.1581 s/iter. Total: 1.3169 s/iter. ETA=1:08:32
[12/10 05:20:29 d2.evaluation.evaluator]: Inference done 824/3943. Dataloading: 0.0019 s/iter. Inference: 0.1567 s/iter. Eval: 1.1591 s/iter. Total: 1.3179 s/iter. ETA=1:08:30
[12/10 05:20:35 d2.evaluation.evaluator]: Inference done 827/3943. Dataloading: 0.0019 s/iter. Inference: 0.1567 s/iter. Eval: 1.1613 s/iter. Total: 1.3201 s/iter. ETA=1:08:33
[12/10 05:20:42 d2.evaluation.evaluator]: Inference done 832/3943. Dataloading: 0.0019 s/iter. Inference: 0.1568 s/iter. Eval: 1.1615 s/iter. Total: 1.3203 s/iter. ETA=1:08:27
[12/10 05:20:48 d2.evaluation.evaluator]: Inference done 838/3943. Dataloading: 0.0019 s/iter. Inference: 0.1568 s/iter. Eval: 1.1592 s/iter. Total: 1.3180 s/iter. ETA=1:08:12
[12/10 05:20:54 d2.evaluation.evaluator]: Inference done 844/3943. Dataloading: 0.0019 s/iter. Inference: 0.1568 s/iter. Eval: 1.1568 s/iter. Total: 1.3156 s/iter. ETA=1:07:56
[12/10 05:20:59 d2.evaluation.evaluator]: Inference done 846/3943. Dataloading: 0.0019 s/iter. Inference: 0.1568 s/iter. Eval: 1.1598 s/iter. Total: 1.3186 s/iter. ETA=1:08:03
[12/10 05:21:04 d2.evaluation.evaluator]: Inference done 850/3943. Dataloading: 0.0019 s/iter. Inference: 0.1568 s/iter. Eval: 1.1598 s/iter. Total: 1.3186 s/iter. ETA=1:07:58
[12/10 05:21:09 d2.evaluation.evaluator]: Inference done 852/3943. Dataloading: 0.0019 s/iter. Inference: 0.1568 s/iter. Eval: 1.1628 s/iter. Total: 1.3216 s/iter. ETA=1:08:05
[12/10 05:21:17 d2.evaluation.evaluator]: Inference done 855/3943. Dataloading: 0.0019 s/iter. Inference: 0.1568 s/iter. Eval: 1.1667 s/iter. Total: 1.3256 s/iter. ETA=1:08:13
[12/10 05:21:22 d2.evaluation.evaluator]: Inference done 860/3943. Dataloading: 0.0019 s/iter. Inference: 0.1568 s/iter. Eval: 1.1657 s/iter. Total: 1.3246 s/iter. ETA=1:08:03
[12/10 05:21:29 d2.evaluation.evaluator]: Inference done 866/3943. Dataloading: 0.0019 s/iter. Inference: 0.1568 s/iter. Eval: 1.1641 s/iter. Total: 1.3230 s/iter. ETA=1:07:50
[12/10 05:21:34 d2.evaluation.evaluator]: Inference done 870/3943. Dataloading: 0.0019 s/iter. Inference: 0.1568 s/iter. Eval: 1.1640 s/iter. Total: 1.3229 s/iter. ETA=1:07:45
[12/10 05:21:40 d2.evaluation.evaluator]: Inference done 873/3943. Dataloading: 0.0019 s/iter. Inference: 0.1568 s/iter. Eval: 1.1656 s/iter. Total: 1.3245 s/iter. ETA=1:07:46
[12/10 05:21:45 d2.evaluation.evaluator]: Inference done 876/3943. Dataloading: 0.0019 s/iter. Inference: 0.1569 s/iter. Eval: 1.1675 s/iter. Total: 1.3264 s/iter. ETA=1:07:48
[12/10 05:21:51 d2.evaluation.evaluator]: Inference done 881/3943. Dataloading: 0.0019 s/iter. Inference: 0.1569 s/iter. Eval: 1.1671 s/iter. Total: 1.3260 s/iter. ETA=1:07:40
[12/10 05:21:59 d2.evaluation.evaluator]: Inference done 884/3943. Dataloading: 0.0019 s/iter. Inference: 0.1569 s/iter. Eval: 1.1705 s/iter. Total: 1.3294 s/iter. ETA=1:07:46
[12/10 05:22:04 d2.evaluation.evaluator]: Inference done 888/3943. Dataloading: 0.0019 s/iter. Inference: 0.1569 s/iter. Eval: 1.1712 s/iter. Total: 1.3301 s/iter. ETA=1:07:43
[12/10 05:22:10 d2.evaluation.evaluator]: Inference done 892/3943. Dataloading: 0.0019 s/iter. Inference: 0.1569 s/iter. Eval: 1.1716 s/iter. Total: 1.3305 s/iter. ETA=1:07:39
[12/10 05:22:16 d2.evaluation.evaluator]: Inference done 895/3943. Dataloading: 0.0019 s/iter. Inference: 0.1569 s/iter. Eval: 1.1739 s/iter. Total: 1.3328 s/iter. ETA=1:07:42
[12/10 05:22:23 d2.evaluation.evaluator]: Inference done 899/3943. Dataloading: 0.0019 s/iter. Inference: 0.1569 s/iter. Eval: 1.1754 s/iter. Total: 1.3343 s/iter. ETA=1:07:41
[12/10 05:22:30 d2.evaluation.evaluator]: Inference done 903/3943. Dataloading: 0.0019 s/iter. Inference: 0.1569 s/iter. Eval: 1.1771 s/iter. Total: 1.3360 s/iter. ETA=1:07:41
[12/10 05:22:35 d2.evaluation.evaluator]: Inference done 906/3943. Dataloading: 0.0019 s/iter. Inference: 0.1569 s/iter. Eval: 1.1783 s/iter. Total: 1.3372 s/iter. ETA=1:07:41
[12/10 05:22:41 d2.evaluation.evaluator]: Inference done 910/3943. Dataloading: 0.0019 s/iter. Inference: 0.1569 s/iter. Eval: 1.1790 s/iter. Total: 1.3380 s/iter. ETA=1:07:38
[12/10 05:22:48 d2.evaluation.evaluator]: Inference done 914/3943. Dataloading: 0.0019 s/iter. Inference: 0.1569 s/iter. Eval: 1.1809 s/iter. Total: 1.3399 s/iter. ETA=1:07:38
[12/10 05:22:54 d2.evaluation.evaluator]: Inference done 919/3943. Dataloading: 0.0019 s/iter. Inference: 0.1570 s/iter. Eval: 1.1797 s/iter. Total: 1.3387 s/iter. ETA=1:07:28
[12/10 05:22:59 d2.evaluation.evaluator]: Inference done 923/3943. Dataloading: 0.0019 s/iter. Inference: 0.1570 s/iter. Eval: 1.1798 s/iter. Total: 1.3388 s/iter. ETA=1:07:23
[12/10 05:23:04 d2.evaluation.evaluator]: Inference done 926/3943. Dataloading: 0.0019 s/iter. Inference: 0.1570 s/iter. Eval: 1.1812 s/iter. Total: 1.3402 s/iter. ETA=1:07:23
[12/10 05:23:10 d2.evaluation.evaluator]: Inference done 930/3943. Dataloading: 0.0019 s/iter. Inference: 0.1570 s/iter. Eval: 1.1813 s/iter. Total: 1.3403 s/iter. ETA=1:07:18
[12/10 05:23:15 d2.evaluation.evaluator]: Inference done 933/3943. Dataloading: 0.0019 s/iter. Inference: 0.1570 s/iter. Eval: 1.1830 s/iter. Total: 1.3420 s/iter. ETA=1:07:19
[12/10 05:23:22 d2.evaluation.evaluator]: Inference done 939/3943. Dataloading: 0.0019 s/iter. Inference: 0.1570 s/iter. Eval: 1.1811 s/iter. Total: 1.3401 s/iter. ETA=1:07:05
[12/10 05:23:29 d2.evaluation.evaluator]: Inference done 943/3943. Dataloading: 0.0019 s/iter. Inference: 0.1570 s/iter. Eval: 1.1832 s/iter. Total: 1.3422 s/iter. ETA=1:07:06
[12/10 05:23:36 d2.evaluation.evaluator]: Inference done 946/3943. Dataloading: 0.0019 s/iter. Inference: 0.1570 s/iter. Eval: 1.1860 s/iter. Total: 1.3450 s/iter. ETA=1:07:11
[12/10 05:23:41 d2.evaluation.evaluator]: Inference done 950/3943. Dataloading: 0.0019 s/iter. Inference: 0.1570 s/iter. Eval: 1.1860 s/iter. Total: 1.3451 s/iter. ETA=1:07:05
[12/10 05:23:47 d2.evaluation.evaluator]: Inference done 955/3943. Dataloading: 0.0019 s/iter. Inference: 0.1570 s/iter. Eval: 1.1851 s/iter. Total: 1.3442 s/iter. ETA=1:06:56
[12/10 05:23:53 d2.evaluation.evaluator]: Inference done 958/3943. Dataloading: 0.0019 s/iter. Inference: 0.1571 s/iter. Eval: 1.1876 s/iter. Total: 1.3467 s/iter. ETA=1:06:59
[12/10 05:23:59 d2.evaluation.evaluator]: Inference done 962/3943. Dataloading: 0.0019 s/iter. Inference: 0.1571 s/iter. Eval: 1.1878 s/iter. Total: 1.3469 s/iter. ETA=1:06:55
[12/10 05:24:05 d2.evaluation.evaluator]: Inference done 966/3943. Dataloading: 0.0019 s/iter. Inference: 0.1571 s/iter. Eval: 1.1882 s/iter. Total: 1.3473 s/iter. ETA=1:06:50
[12/10 05:24:11 d2.evaluation.evaluator]: Inference done 971/3943. Dataloading: 0.0019 s/iter. Inference: 0.1571 s/iter. Eval: 1.1875 s/iter. Total: 1.3465 s/iter. ETA=1:06:41
[12/10 05:24:16 d2.evaluation.evaluator]: Inference done 975/3943. Dataloading: 0.0019 s/iter. Inference: 0.1570 s/iter. Eval: 1.1878 s/iter. Total: 1.3469 s/iter. ETA=1:06:37
[12/10 05:24:23 d2.evaluation.evaluator]: Inference done 979/3943. Dataloading: 0.0019 s/iter. Inference: 0.1571 s/iter. Eval: 1.1885 s/iter. Total: 1.3476 s/iter. ETA=1:06:34
[12/10 05:24:29 d2.evaluation.evaluator]: Inference done 982/3943. Dataloading: 0.0019 s/iter. Inference: 0.1571 s/iter. Eval: 1.1905 s/iter. Total: 1.3496 s/iter. ETA=1:06:36
[12/10 05:24:34 d2.evaluation.evaluator]: Inference done 987/3943. Dataloading: 0.0019 s/iter. Inference: 0.1570 s/iter. Eval: 1.1895 s/iter. Total: 1.3486 s/iter. ETA=1:06:26
[12/10 05:24:39 d2.evaluation.evaluator]: Inference done 991/3943. Dataloading: 0.0019 s/iter. Inference: 0.1570 s/iter. Eval: 1.1892 s/iter. Total: 1.3483 s/iter. ETA=1:06:20
[12/10 05:24:46 d2.evaluation.evaluator]: Inference done 994/3943. Dataloading: 0.0019 s/iter. Inference: 0.1571 s/iter. Eval: 1.1913 s/iter. Total: 1.3504 s/iter. ETA=1:06:22
[12/10 05:24:51 d2.evaluation.evaluator]: Inference done 996/3943. Dataloading: 0.0019 s/iter. Inference: 0.1571 s/iter. Eval: 1.1943 s/iter. Total: 1.3534 s/iter. ETA=1:06:28
[12/10 05:24:58 d2.evaluation.evaluator]: Inference done 1002/3943. Dataloading: 0.0019 s/iter. Inference: 0.1571 s/iter. Eval: 1.1929 s/iter. Total: 1.3520 s/iter. ETA=1:06:16
[12/10 05:25:04 d2.evaluation.evaluator]: Inference done 1006/3943. Dataloading: 0.0019 s/iter. Inference: 0.1571 s/iter. Eval: 1.1933 s/iter. Total: 1.3524 s/iter. ETA=1:06:12
[12/10 05:25:12 d2.evaluation.evaluator]: Inference done 1010/3943. Dataloading: 0.0019 s/iter. Inference: 0.1571 s/iter. Eval: 1.1957 s/iter. Total: 1.3548 s/iter. ETA=1:06:13
[12/10 05:25:18 d2.evaluation.evaluator]: Inference done 1013/3943. Dataloading: 0.0019 s/iter. Inference: 0.1571 s/iter. Eval: 1.1977 s/iter. Total: 1.3569 s/iter. ETA=1:06:15
[12/10 05:25:25 d2.evaluation.evaluator]: Inference done 1016/3943. Dataloading: 0.0019 s/iter. Inference: 0.1572 s/iter. Eval: 1.2011 s/iter. Total: 1.3603 s/iter. ETA=1:06:21
[12/10 05:25:31 d2.evaluation.evaluator]: Inference done 1019/3943. Dataloading: 0.0019 s/iter. Inference: 0.1572 s/iter. Eval: 1.2029 s/iter. Total: 1.3622 s/iter. ETA=1:06:22
[12/10 05:25:37 d2.evaluation.evaluator]: Inference done 1022/3943. Dataloading: 0.0019 s/iter. Inference: 0.1572 s/iter. Eval: 1.2048 s/iter. Total: 1.3641 s/iter. ETA=1:06:24
[12/10 05:25:44 d2.evaluation.evaluator]: Inference done 1026/3943. Dataloading: 0.0019 s/iter. Inference: 0.1572 s/iter. Eval: 1.2058 s/iter. Total: 1.3650 s/iter. ETA=1:06:21
[12/10 05:25:49 d2.evaluation.evaluator]: Inference done 1028/3943. Dataloading: 0.0019 s/iter. Inference: 0.1572 s/iter. Eval: 1.2080 s/iter. Total: 1.3673 s/iter. ETA=1:06:25
[12/10 05:25:54 d2.evaluation.evaluator]: Inference done 1031/3943. Dataloading: 0.0019 s/iter. Inference: 0.1572 s/iter. Eval: 1.2090 s/iter. Total: 1.3683 s/iter. ETA=1:06:24
[12/10 05:26:00 d2.evaluation.evaluator]: Inference done 1034/3943. Dataloading: 0.0019 s/iter. Inference: 0.1572 s/iter. Eval: 1.2112 s/iter. Total: 1.3705 s/iter. ETA=1:06:26
[12/10 05:26:05 d2.evaluation.evaluator]: Inference done 1038/3943. Dataloading: 0.0019 s/iter. Inference: 0.1572 s/iter. Eval: 1.2110 s/iter. Total: 1.3703 s/iter. ETA=1:06:20
[12/10 05:26:11 d2.evaluation.evaluator]: Inference done 1041/3943. Dataloading: 0.0019 s/iter. Inference: 0.1573 s/iter. Eval: 1.2122 s/iter. Total: 1.3715 s/iter. ETA=1:06:20
[12/10 05:26:16 d2.evaluation.evaluator]: Inference done 1045/3943. Dataloading: 0.0019 s/iter. Inference: 0.1573 s/iter. Eval: 1.2117 s/iter. Total: 1.3711 s/iter. ETA=1:06:13
[12/10 05:26:23 d2.evaluation.evaluator]: Inference done 1048/3943. Dataloading: 0.0019 s/iter. Inference: 0.1573 s/iter. Eval: 1.2145 s/iter. Total: 1.3738 s/iter. ETA=1:06:17
[12/10 05:26:28 d2.evaluation.evaluator]: Inference done 1052/3943. Dataloading: 0.0019 s/iter. Inference: 0.1573 s/iter. Eval: 1.2146 s/iter. Total: 1.3739 s/iter. ETA=1:06:12
[12/10 05:26:34 d2.evaluation.evaluator]: Inference done 1056/3943. Dataloading: 0.0019 s/iter. Inference: 0.1573 s/iter. Eval: 1.2146 s/iter. Total: 1.3739 s/iter. ETA=1:06:06
[12/10 05:26:39 d2.evaluation.evaluator]: Inference done 1061/3943. Dataloading: 0.0019 s/iter. Inference: 0.1573 s/iter. Eval: 1.2134 s/iter. Total: 1.3727 s/iter. ETA=1:05:56
[12/10 05:26:45 d2.evaluation.evaluator]: Inference done 1065/3943. Dataloading: 0.0019 s/iter. Inference: 0.1572 s/iter. Eval: 1.2135 s/iter. Total: 1.3728 s/iter. ETA=1:05:50
[12/10 05:26:52 d2.evaluation.evaluator]: Inference done 1070/3943. Dataloading: 0.0019 s/iter. Inference: 0.1572 s/iter. Eval: 1.2135 s/iter. Total: 1.3728 s/iter. ETA=1:05:44
[12/10 05:26:57 d2.evaluation.evaluator]: Inference done 1073/3943. Dataloading: 0.0019 s/iter. Inference: 0.1573 s/iter. Eval: 1.2144 s/iter. Total: 1.3737 s/iter. ETA=1:05:42
[12/10 05:27:04 d2.evaluation.evaluator]: Inference done 1076/3943. Dataloading: 0.0019 s/iter. Inference: 0.1573 s/iter. Eval: 1.2168 s/iter. Total: 1.3761 s/iter. ETA=1:05:45
[12/10 05:27:09 d2.evaluation.evaluator]: Inference done 1081/3943. Dataloading: 0.0019 s/iter. Inference: 0.1573 s/iter. Eval: 1.2157 s/iter. Total: 1.3750 s/iter. ETA=1:05:35
[12/10 05:27:15 d2.evaluation.evaluator]: Inference done 1085/3943. Dataloading: 0.0019 s/iter. Inference: 0.1573 s/iter. Eval: 1.2159 s/iter. Total: 1.3752 s/iter. ETA=1:05:30
[12/10 05:27:23 d2.evaluation.evaluator]: Inference done 1090/3943. Dataloading: 0.0019 s/iter. Inference: 0.1572 s/iter. Eval: 1.2172 s/iter. Total: 1.3765 s/iter. ETA=1:05:27
[12/10 05:27:30 d2.evaluation.evaluator]: Inference done 1094/3943. Dataloading: 0.0019 s/iter. Inference: 0.1573 s/iter. Eval: 1.2177 s/iter. Total: 1.3770 s/iter. ETA=1:05:23
[12/10 05:27:35 d2.evaluation.evaluator]: Inference done 1098/3943. Dataloading: 0.0019 s/iter. Inference: 0.1572 s/iter. Eval: 1.2178 s/iter. Total: 1.3771 s/iter. ETA=1:05:17
[12/10 05:27:41 d2.evaluation.evaluator]: Inference done 1103/3943. Dataloading: 0.0019 s/iter. Inference: 0.1572 s/iter. Eval: 1.2172 s/iter. Total: 1.3765 s/iter. ETA=1:05:09
[12/10 05:27:48 d2.evaluation.evaluator]: Inference done 1107/3943. Dataloading: 0.0019 s/iter. Inference: 0.1572 s/iter. Eval: 1.2180 s/iter. Total: 1.3773 s/iter. ETA=1:05:05
[12/10 05:27:55 d2.evaluation.evaluator]: Inference done 1111/3943. Dataloading: 0.0019 s/iter. Inference: 0.1572 s/iter. Eval: 1.2199 s/iter. Total: 1.3792 s/iter. ETA=1:05:05
[12/10 05:28:01 d2.evaluation.evaluator]: Inference done 1115/3943. Dataloading: 0.0019 s/iter. Inference: 0.1572 s/iter. Eval: 1.2199 s/iter. Total: 1.3791 s/iter. ETA=1:05:00
[12/10 05:28:09 d2.evaluation.evaluator]: Inference done 1120/3943. Dataloading: 0.0019 s/iter. Inference: 0.1572 s/iter. Eval: 1.2212 s/iter. Total: 1.3805 s/iter. ETA=1:04:57
[12/10 05:28:14 d2.evaluation.evaluator]: Inference done 1125/3943. Dataloading: 0.0019 s/iter. Inference: 0.1573 s/iter. Eval: 1.2197 s/iter. Total: 1.3790 s/iter. ETA=1:04:45
[12/10 05:28:20 d2.evaluation.evaluator]: Inference done 1129/3943. Dataloading: 0.0019 s/iter. Inference: 0.1573 s/iter. Eval: 1.2196 s/iter. Total: 1.3789 s/iter. ETA=1:04:40
[12/10 05:28:25 d2.evaluation.evaluator]: Inference done 1133/3943. Dataloading: 0.0019 s/iter. Inference: 0.1573 s/iter. Eval: 1.2194 s/iter. Total: 1.3787 s/iter. ETA=1:04:34
[12/10 05:28:32 d2.evaluation.evaluator]: Inference done 1140/3943. Dataloading: 0.0019 s/iter. Inference: 0.1572 s/iter. Eval: 1.2168 s/iter. Total: 1.3761 s/iter. ETA=1:04:17
[12/10 05:28:38 d2.evaluation.evaluator]: Inference done 1144/3943. Dataloading: 0.0019 s/iter. Inference: 0.1572 s/iter. Eval: 1.2170 s/iter. Total: 1.3763 s/iter. ETA=1:04:12
[12/10 05:28:43 d2.evaluation.evaluator]: Inference done 1148/3943. Dataloading: 0.0019 s/iter. Inference: 0.1572 s/iter. Eval: 1.2172 s/iter. Total: 1.3765 s/iter. ETA=1:04:07
[12/10 05:28:49 d2.evaluation.evaluator]: Inference done 1153/3943. Dataloading: 0.0019 s/iter. Inference: 0.1572 s/iter. Eval: 1.2158 s/iter. Total: 1.3751 s/iter. ETA=1:03:56
[12/10 05:28:55 d2.evaluation.evaluator]: Inference done 1156/3943. Dataloading: 0.0019 s/iter. Inference: 0.1572 s/iter. Eval: 1.2175 s/iter. Total: 1.3768 s/iter. ETA=1:03:57
[12/10 05:29:00 d2.evaluation.evaluator]: Inference done 1161/3943. Dataloading: 0.0019 s/iter. Inference: 0.1572 s/iter. Eval: 1.2159 s/iter. Total: 1.3752 s/iter. ETA=1:03:45
[12/10 05:29:05 d2.evaluation.evaluator]: Inference done 1165/3943. Dataloading: 0.0019 s/iter. Inference: 0.1572 s/iter. Eval: 1.2161 s/iter. Total: 1.3754 s/iter. ETA=1:03:40
[12/10 05:29:11 d2.evaluation.evaluator]: Inference done 1170/3943. Dataloading: 0.0019 s/iter. Inference: 0.1573 s/iter. Eval: 1.2150 s/iter. Total: 1.3743 s/iter. ETA=1:03:30
[12/10 05:29:16 d2.evaluation.evaluator]: Inference done 1174/3943. Dataloading: 0.0019 s/iter. Inference: 0.1573 s/iter. Eval: 1.2148 s/iter. Total: 1.3742 s/iter. ETA=1:03:25
[12/10 05:29:22 d2.evaluation.evaluator]: Inference done 1176/3943. Dataloading: 0.0019 s/iter. Inference: 0.1573 s/iter. Eval: 1.2170 s/iter. Total: 1.3763 s/iter. ETA=1:03:28
[12/10 05:29:28 d2.evaluation.evaluator]: Inference done 1180/3943. Dataloading: 0.0019 s/iter. Inference: 0.1573 s/iter. Eval: 1.2180 s/iter. Total: 1.3773 s/iter. ETA=1:03:25
[12/10 05:29:33 d2.evaluation.evaluator]: Inference done 1183/3943. Dataloading: 0.0019 s/iter. Inference: 0.1573 s/iter. Eval: 1.2188 s/iter. Total: 1.3782 s/iter. ETA=1:03:23
[12/10 05:29:40 d2.evaluation.evaluator]: Inference done 1186/3943. Dataloading: 0.0019 s/iter. Inference: 0.1573 s/iter. Eval: 1.2209 s/iter. Total: 1.3802 s/iter. ETA=1:03:25
[12/10 05:29:47 d2.evaluation.evaluator]: Inference done 1190/3943. Dataloading: 0.0019 s/iter. Inference: 0.1573 s/iter. Eval: 1.2222 s/iter. Total: 1.3816 s/iter. ETA=1:03:23
[12/10 05:29:53 d2.evaluation.evaluator]: Inference done 1194/3943. Dataloading: 0.0019 s/iter. Inference: 0.1573 s/iter. Eval: 1.2226 s/iter. Total: 1.3820 s/iter. ETA=1:03:19
[12/10 05:29:59 d2.evaluation.evaluator]: Inference done 1198/3943. Dataloading: 0.0019 s/iter. Inference: 0.1574 s/iter. Eval: 1.2233 s/iter. Total: 1.3827 s/iter. ETA=1:03:15
[12/10 05:30:06 d2.evaluation.evaluator]: Inference done 1202/3943. Dataloading: 0.0019 s/iter. Inference: 0.1574 s/iter. Eval: 1.2243 s/iter. Total: 1.3838 s/iter. ETA=1:03:12
[12/10 05:30:13 d2.evaluation.evaluator]: Inference done 1206/3943. Dataloading: 0.0019 s/iter. Inference: 0.1574 s/iter. Eval: 1.2255 s/iter. Total: 1.3849 s/iter. ETA=1:03:10
[12/10 05:30:19 d2.evaluation.evaluator]: Inference done 1210/3943. Dataloading: 0.0019 s/iter. Inference: 0.1574 s/iter. Eval: 1.2253 s/iter. Total: 1.3847 s/iter. ETA=1:03:04
[12/10 05:30:24 d2.evaluation.evaluator]: Inference done 1213/3943. Dataloading: 0.0019 s/iter. Inference: 0.1574 s/iter. Eval: 1.2260 s/iter. Total: 1.3855 s/iter. ETA=1:03:02
[12/10 05:30:30 d2.evaluation.evaluator]: Inference done 1217/3943. Dataloading: 0.0019 s/iter. Inference: 0.1574 s/iter. Eval: 1.2263 s/iter. Total: 1.3858 s/iter. ETA=1:02:57
[12/10 05:30:37 d2.evaluation.evaluator]: Inference done 1222/3943. Dataloading: 0.0019 s/iter. Inference: 0.1574 s/iter. Eval: 1.2266 s/iter. Total: 1.3860 s/iter. ETA=1:02:51
[12/10 05:30:42 d2.evaluation.evaluator]: Inference done 1225/3943. Dataloading: 0.0019 s/iter. Inference: 0.1574 s/iter. Eval: 1.2278 s/iter. Total: 1.3873 s/iter. ETA=1:02:50
[12/10 05:30:48 d2.evaluation.evaluator]: Inference done 1231/3943. Dataloading: 0.0019 s/iter. Inference: 0.1574 s/iter. Eval: 1.2258 s/iter. Total: 1.3853 s/iter. ETA=1:02:36
[12/10 05:30:54 d2.evaluation.evaluator]: Inference done 1236/3943. Dataloading: 0.0019 s/iter. Inference: 0.1574 s/iter. Eval: 1.2251 s/iter. Total: 1.3846 s/iter. ETA=1:02:28
[12/10 05:31:00 d2.evaluation.evaluator]: Inference done 1239/3943. Dataloading: 0.0019 s/iter. Inference: 0.1574 s/iter. Eval: 1.2260 s/iter. Total: 1.3855 s/iter. ETA=1:02:26
[12/10 05:31:08 d2.evaluation.evaluator]: Inference done 1246/3943. Dataloading: 0.0019 s/iter. Inference: 0.1574 s/iter. Eval: 1.2248 s/iter. Total: 1.3843 s/iter. ETA=1:02:13
[12/10 05:31:13 d2.evaluation.evaluator]: Inference done 1251/3943. Dataloading: 0.0019 s/iter. Inference: 0.1574 s/iter. Eval: 1.2234 s/iter. Total: 1.3829 s/iter. ETA=1:02:02
[12/10 05:31:18 d2.evaluation.evaluator]: Inference done 1255/3943. Dataloading: 0.0019 s/iter. Inference: 0.1574 s/iter. Eval: 1.2230 s/iter. Total: 1.3825 s/iter. ETA=1:01:56
[12/10 05:31:24 d2.evaluation.evaluator]: Inference done 1259/3943. Dataloading: 0.0019 s/iter. Inference: 0.1574 s/iter. Eval: 1.2232 s/iter. Total: 1.3827 s/iter. ETA=1:01:51
[12/10 05:31:30 d2.evaluation.evaluator]: Inference done 1262/3943. Dataloading: 0.0019 s/iter. Inference: 0.1574 s/iter. Eval: 1.2246 s/iter. Total: 1.3840 s/iter. ETA=1:01:50
[12/10 05:31:37 d2.evaluation.evaluator]: Inference done 1266/3943. Dataloading: 0.0019 s/iter. Inference: 0.1574 s/iter. Eval: 1.2257 s/iter. Total: 1.3852 s/iter. ETA=1:01:48
[12/10 05:31:42 d2.evaluation.evaluator]: Inference done 1269/3943. Dataloading: 0.0019 s/iter. Inference: 0.1575 s/iter. Eval: 1.2264 s/iter. Total: 1.3859 s/iter. ETA=1:01:45
[12/10 05:31:47 d2.evaluation.evaluator]: Inference done 1273/3943. Dataloading: 0.0019 s/iter. Inference: 0.1575 s/iter. Eval: 1.2262 s/iter. Total: 1.3857 s/iter. ETA=1:01:39
[12/10 05:31:53 d2.evaluation.evaluator]: Inference done 1276/3943. Dataloading: 0.0019 s/iter. Inference: 0.1574 s/iter. Eval: 1.2274 s/iter. Total: 1.3869 s/iter. ETA=1:01:38
[12/10 05:32:00 d2.evaluation.evaluator]: Inference done 1282/3943. Dataloading: 0.0019 s/iter. Inference: 0.1575 s/iter. Eval: 1.2263 s/iter. Total: 1.3858 s/iter. ETA=1:01:27
[12/10 05:32:05 d2.evaluation.evaluator]: Inference done 1286/3943. Dataloading: 0.0019 s/iter. Inference: 0.1575 s/iter. Eval: 1.2260 s/iter. Total: 1.3855 s/iter. ETA=1:01:21
[12/10 05:32:10 d2.evaluation.evaluator]: Inference done 1290/3943. Dataloading: 0.0019 s/iter. Inference: 0.1575 s/iter. Eval: 1.2256 s/iter. Total: 1.3851 s/iter. ETA=1:01:14
[12/10 05:32:16 d2.evaluation.evaluator]: Inference done 1294/3943. Dataloading: 0.0019 s/iter. Inference: 0.1575 s/iter. Eval: 1.2262 s/iter. Total: 1.3857 s/iter. ETA=1:01:10
[12/10 05:32:22 d2.evaluation.evaluator]: Inference done 1299/3943. Dataloading: 0.0019 s/iter. Inference: 0.1575 s/iter. Eval: 1.2255 s/iter. Total: 1.3850 s/iter. ETA=1:01:02
[12/10 05:32:28 d2.evaluation.evaluator]: Inference done 1304/3943. Dataloading: 0.0019 s/iter. Inference: 0.1575 s/iter. Eval: 1.2249 s/iter. Total: 1.3844 s/iter. ETA=1:00:53
[12/10 05:32:35 d2.evaluation.evaluator]: Inference done 1307/3943. Dataloading: 0.0019 s/iter. Inference: 0.1575 s/iter. Eval: 1.2268 s/iter. Total: 1.3863 s/iter. ETA=1:00:54
[12/10 05:32:40 d2.evaluation.evaluator]: Inference done 1311/3943. Dataloading: 0.0019 s/iter. Inference: 0.1575 s/iter. Eval: 1.2268 s/iter. Total: 1.3863 s/iter. ETA=1:00:48
[12/10 05:32:46 d2.evaluation.evaluator]: Inference done 1315/3943. Dataloading: 0.0019 s/iter. Inference: 0.1575 s/iter. Eval: 1.2269 s/iter. Total: 1.3864 s/iter. ETA=1:00:43
[12/10 05:32:52 d2.evaluation.evaluator]: Inference done 1320/3943. Dataloading: 0.0019 s/iter. Inference: 0.1575 s/iter. Eval: 1.2265 s/iter. Total: 1.3860 s/iter. ETA=1:00:35
[12/10 05:32:58 d2.evaluation.evaluator]: Inference done 1323/3943. Dataloading: 0.0019 s/iter. Inference: 0.1575 s/iter. Eval: 1.2272 s/iter. Total: 1.3867 s/iter. ETA=1:00:33
[12/10 05:33:04 d2.evaluation.evaluator]: Inference done 1326/3943. Dataloading: 0.0019 s/iter. Inference: 0.1575 s/iter. Eval: 1.2289 s/iter. Total: 1.3884 s/iter. ETA=1:00:33
[12/10 05:33:09 d2.evaluation.evaluator]: Inference done 1329/3943. Dataloading: 0.0019 s/iter. Inference: 0.1575 s/iter. Eval: 1.2297 s/iter. Total: 1.3892 s/iter. ETA=1:00:31
[12/10 05:33:16 d2.evaluation.evaluator]: Inference done 1334/3943. Dataloading: 0.0019 s/iter. Inference: 0.1575 s/iter. Eval: 1.2292 s/iter. Total: 1.3887 s/iter. ETA=1:00:23
[12/10 05:33:22 d2.evaluation.evaluator]: Inference done 1340/3943. Dataloading: 0.0019 s/iter. Inference: 0.1575 s/iter. Eval: 1.2279 s/iter. Total: 1.3874 s/iter. ETA=1:00:11
[12/10 05:33:28 d2.evaluation.evaluator]: Inference done 1344/3943. Dataloading: 0.0019 s/iter. Inference: 0.1575 s/iter. Eval: 1.2283 s/iter. Total: 1.3879 s/iter. ETA=1:00:07
[12/10 05:33:34 d2.evaluation.evaluator]: Inference done 1348/3943. Dataloading: 0.0019 s/iter. Inference: 0.1575 s/iter. Eval: 1.2286 s/iter. Total: 1.3881 s/iter. ETA=1:00:02
[12/10 05:33:40 d2.evaluation.evaluator]: Inference done 1354/3943. Dataloading: 0.0019 s/iter. Inference: 0.1575 s/iter. Eval: 1.2266 s/iter. Total: 1.3861 s/iter. ETA=0:59:48
[12/10 05:33:46 d2.evaluation.evaluator]: Inference done 1359/3943. Dataloading: 0.0019 s/iter. Inference: 0.1575 s/iter. Eval: 1.2259 s/iter. Total: 1.3854 s/iter. ETA=0:59:39
[12/10 05:33:52 d2.evaluation.evaluator]: Inference done 1363/3943. Dataloading: 0.0019 s/iter. Inference: 0.1575 s/iter. Eval: 1.2262 s/iter. Total: 1.3857 s/iter. ETA=0:59:35
[12/10 05:33:57 d2.evaluation.evaluator]: Inference done 1367/3943. Dataloading: 0.0019 s/iter. Inference: 0.1575 s/iter. Eval: 1.2258 s/iter. Total: 1.3853 s/iter. ETA=0:59:28
[12/10 05:34:03 d2.evaluation.evaluator]: Inference done 1371/3943. Dataloading: 0.0019 s/iter. Inference: 0.1575 s/iter. Eval: 1.2262 s/iter. Total: 1.3858 s/iter. ETA=0:59:24
[12/10 05:34:08 d2.evaluation.evaluator]: Inference done 1375/3943. Dataloading: 0.0019 s/iter. Inference: 0.1575 s/iter. Eval: 1.2259 s/iter. Total: 1.3854 s/iter. ETA=0:59:17
[12/10 05:34:14 d2.evaluation.evaluator]: Inference done 1379/3943. Dataloading: 0.0019 s/iter. Inference: 0.1575 s/iter. Eval: 1.2263 s/iter. Total: 1.3858 s/iter. ETA=0:59:13
[12/10 05:34:20 d2.evaluation.evaluator]: Inference done 1383/3943. Dataloading: 0.0019 s/iter. Inference: 0.1575 s/iter. Eval: 1.2264 s/iter. Total: 1.3859 s/iter. ETA=0:59:07
[12/10 05:34:25 d2.evaluation.evaluator]: Inference done 1386/3943. Dataloading: 0.0019 s/iter. Inference: 0.1575 s/iter. Eval: 1.2272 s/iter. Total: 1.3867 s/iter. ETA=0:59:05
[12/10 05:34:31 d2.evaluation.evaluator]: Inference done 1390/3943. Dataloading: 0.0019 s/iter. Inference: 0.1575 s/iter. Eval: 1.2272 s/iter. Total: 1.3867 s/iter. ETA=0:59:00
[12/10 05:34:36 d2.evaluation.evaluator]: Inference done 1394/3943. Dataloading: 0.0019 s/iter. Inference: 0.1575 s/iter. Eval: 1.2270 s/iter. Total: 1.3866 s/iter. ETA=0:58:54
[12/10 05:34:42 d2.evaluation.evaluator]: Inference done 1397/3943. Dataloading: 0.0019 s/iter. Inference: 0.1575 s/iter. Eval: 1.2286 s/iter. Total: 1.3881 s/iter. ETA=0:58:54
[12/10 05:34:49 d2.evaluation.evaluator]: Inference done 1402/3943. Dataloading: 0.0019 s/iter. Inference: 0.1576 s/iter. Eval: 1.2287 s/iter. Total: 1.3883 s/iter. ETA=0:58:47
[12/10 05:34:55 d2.evaluation.evaluator]: Inference done 1406/3943. Dataloading: 0.0019 s/iter. Inference: 0.1576 s/iter. Eval: 1.2286 s/iter. Total: 1.3882 s/iter. ETA=0:58:41
[12/10 05:35:02 d2.evaluation.evaluator]: Inference done 1410/3943. Dataloading: 0.0019 s/iter. Inference: 0.1576 s/iter. Eval: 1.2295 s/iter. Total: 1.3891 s/iter. ETA=0:58:38
[12/10 05:35:07 d2.evaluation.evaluator]: Inference done 1414/3943. Dataloading: 0.0019 s/iter. Inference: 0.1576 s/iter. Eval: 1.2295 s/iter. Total: 1.3891 s/iter. ETA=0:58:33
[12/10 05:35:13 d2.evaluation.evaluator]: Inference done 1420/3943. Dataloading: 0.0019 s/iter. Inference: 0.1576 s/iter. Eval: 1.2275 s/iter. Total: 1.3871 s/iter. ETA=0:58:19
[12/10 05:35:18 d2.evaluation.evaluator]: Inference done 1423/3943. Dataloading: 0.0019 s/iter. Inference: 0.1576 s/iter. Eval: 1.2282 s/iter. Total: 1.3878 s/iter. ETA=0:58:17
[12/10 05:35:26 d2.evaluation.evaluator]: Inference done 1428/3943. Dataloading: 0.0019 s/iter. Inference: 0.1576 s/iter. Eval: 1.2289 s/iter. Total: 1.3885 s/iter. ETA=0:58:12
[12/10 05:35:31 d2.evaluation.evaluator]: Inference done 1430/3943. Dataloading: 0.0019 s/iter. Inference: 0.1576 s/iter. Eval: 1.2309 s/iter. Total: 1.3905 s/iter. ETA=0:58:14
[12/10 05:35:37 d2.evaluation.evaluator]: Inference done 1434/3943. Dataloading: 0.0019 s/iter. Inference: 0.1576 s/iter. Eval: 1.2306 s/iter. Total: 1.3902 s/iter. ETA=0:58:07
[12/10 05:35:43 d2.evaluation.evaluator]: Inference done 1438/3943. Dataloading: 0.0019 s/iter. Inference: 0.1576 s/iter. Eval: 1.2310 s/iter. Total: 1.3906 s/iter. ETA=0:58:03
[12/10 05:35:48 d2.evaluation.evaluator]: Inference done 1441/3943. Dataloading: 0.0019 s/iter. Inference: 0.1576 s/iter. Eval: 1.2316 s/iter. Total: 1.3913 s/iter. ETA=0:58:00
[12/10 05:35:54 d2.evaluation.evaluator]: Inference done 1446/3943. Dataloading: 0.0019 s/iter. Inference: 0.1576 s/iter. Eval: 1.2310 s/iter. Total: 1.3906 s/iter. ETA=0:57:52
[12/10 05:36:00 d2.evaluation.evaluator]: Inference done 1453/3943. Dataloading: 0.0019 s/iter. Inference: 0.1576 s/iter. Eval: 1.2284 s/iter. Total: 1.3880 s/iter. ETA=0:57:36
[12/10 05:36:05 d2.evaluation.evaluator]: Inference done 1457/3943. Dataloading: 0.0019 s/iter. Inference: 0.1576 s/iter. Eval: 1.2282 s/iter. Total: 1.3879 s/iter. ETA=0:57:30
[12/10 05:36:11 d2.evaluation.evaluator]: Inference done 1460/3943. Dataloading: 0.0019 s/iter. Inference: 0.1576 s/iter. Eval: 1.2291 s/iter. Total: 1.3887 s/iter. ETA=0:57:28
[12/10 05:36:17 d2.evaluation.evaluator]: Inference done 1464/3943. Dataloading: 0.0019 s/iter. Inference: 0.1576 s/iter. Eval: 1.2294 s/iter. Total: 1.3891 s/iter. ETA=0:57:23
[12/10 05:36:23 d2.evaluation.evaluator]: Inference done 1470/3943. Dataloading: 0.0019 s/iter. Inference: 0.1576 s/iter. Eval: 1.2280 s/iter. Total: 1.3876 s/iter. ETA=0:57:11
[12/10 05:36:29 d2.evaluation.evaluator]: Inference done 1474/3943. Dataloading: 0.0019 s/iter. Inference: 0.1576 s/iter. Eval: 1.2281 s/iter. Total: 1.3877 s/iter. ETA=0:57:06
[12/10 05:36:35 d2.evaluation.evaluator]: Inference done 1479/3943. Dataloading: 0.0019 s/iter. Inference: 0.1576 s/iter. Eval: 1.2277 s/iter. Total: 1.3873 s/iter. ETA=0:56:58
[12/10 05:36:41 d2.evaluation.evaluator]: Inference done 1483/3943. Dataloading: 0.0019 s/iter. Inference: 0.1576 s/iter. Eval: 1.2277 s/iter. Total: 1.3874 s/iter. ETA=0:56:52
[12/10 05:36:46 d2.evaluation.evaluator]: Inference done 1487/3943. Dataloading: 0.0019 s/iter. Inference: 0.1576 s/iter. Eval: 1.2275 s/iter. Total: 1.3871 s/iter. ETA=0:56:46
[12/10 05:36:52 d2.evaluation.evaluator]: Inference done 1490/3943. Dataloading: 0.0019 s/iter. Inference: 0.1576 s/iter. Eval: 1.2288 s/iter. Total: 1.3884 s/iter. ETA=0:56:45
[12/10 05:36:58 d2.evaluation.evaluator]: Inference done 1494/3943. Dataloading: 0.0019 s/iter. Inference: 0.1576 s/iter. Eval: 1.2293 s/iter. Total: 1.3890 s/iter. ETA=0:56:41
[12/10 05:37:06 d2.evaluation.evaluator]: Inference done 1499/3943. Dataloading: 0.0019 s/iter. Inference: 0.1576 s/iter. Eval: 1.2300 s/iter. Total: 1.3896 s/iter. ETA=0:56:36
[12/10 05:37:12 d2.evaluation.evaluator]: Inference done 1505/3943. Dataloading: 0.0019 s/iter. Inference: 0.1576 s/iter. Eval: 1.2283 s/iter. Total: 1.3880 s/iter. ETA=0:56:23
[12/10 05:37:18 d2.evaluation.evaluator]: Inference done 1509/3943. Dataloading: 0.0019 s/iter. Inference: 0.1576 s/iter. Eval: 1.2287 s/iter. Total: 1.3884 s/iter. ETA=0:56:19
[12/10 05:37:24 d2.evaluation.evaluator]: Inference done 1512/3943. Dataloading: 0.0019 s/iter. Inference: 0.1576 s/iter. Eval: 1.2298 s/iter. Total: 1.3895 s/iter. ETA=0:56:17
[12/10 05:37:29 d2.evaluation.evaluator]: Inference done 1516/3943. Dataloading: 0.0019 s/iter. Inference: 0.1577 s/iter. Eval: 1.2294 s/iter. Total: 1.3891 s/iter. ETA=0:56:11
[12/10 05:37:34 d2.evaluation.evaluator]: Inference done 1520/3943. Dataloading: 0.0019 s/iter. Inference: 0.1577 s/iter. Eval: 1.2291 s/iter. Total: 1.3888 s/iter. ETA=0:56:05
[12/10 05:37:39 d2.evaluation.evaluator]: Inference done 1524/3943. Dataloading: 0.0019 s/iter. Inference: 0.1577 s/iter. Eval: 1.2290 s/iter. Total: 1.3887 s/iter. ETA=0:55:59
[12/10 05:37:46 d2.evaluation.evaluator]: Inference done 1530/3943. Dataloading: 0.0019 s/iter. Inference: 0.1577 s/iter. Eval: 1.2279 s/iter. Total: 1.3876 s/iter. ETA=0:55:48
[12/10 05:37:51 d2.evaluation.evaluator]: Inference done 1536/3943. Dataloading: 0.0019 s/iter. Inference: 0.1577 s/iter. Eval: 1.2259 s/iter. Total: 1.3856 s/iter. ETA=0:55:35
[12/10 05:37:57 d2.evaluation.evaluator]: Inference done 1539/3943. Dataloading: 0.0019 s/iter. Inference: 0.1577 s/iter. Eval: 1.2266 s/iter. Total: 1.3863 s/iter. ETA=0:55:32
[12/10 05:38:02 d2.evaluation.evaluator]: Inference done 1542/3943. Dataloading: 0.0019 s/iter. Inference: 0.1577 s/iter. Eval: 1.2276 s/iter. Total: 1.3873 s/iter. ETA=0:55:30
[12/10 05:38:08 d2.evaluation.evaluator]: Inference done 1545/3943. Dataloading: 0.0019 s/iter. Inference: 0.1577 s/iter. Eval: 1.2286 s/iter. Total: 1.3884 s/iter. ETA=0:55:29
[12/10 05:38:14 d2.evaluation.evaluator]: Inference done 1551/3943. Dataloading: 0.0019 s/iter. Inference: 0.1577 s/iter. Eval: 1.2270 s/iter. Total: 1.3867 s/iter. ETA=0:55:17
[12/10 05:38:20 d2.evaluation.evaluator]: Inference done 1554/3943. Dataloading: 0.0019 s/iter. Inference: 0.1577 s/iter. Eval: 1.2282 s/iter. Total: 1.3879 s/iter. ETA=0:55:15
[12/10 05:38:25 d2.evaluation.evaluator]: Inference done 1558/3943. Dataloading: 0.0019 s/iter. Inference: 0.1577 s/iter. Eval: 1.2280 s/iter. Total: 1.3877 s/iter. ETA=0:55:09
[12/10 05:38:31 d2.evaluation.evaluator]: Inference done 1563/3943. Dataloading: 0.0019 s/iter. Inference: 0.1577 s/iter. Eval: 1.2272 s/iter. Total: 1.3870 s/iter. ETA=0:55:01
[12/10 05:38:36 d2.evaluation.evaluator]: Inference done 1567/3943. Dataloading: 0.0019 s/iter. Inference: 0.1577 s/iter. Eval: 1.2272 s/iter. Total: 1.3869 s/iter. ETA=0:54:55
[12/10 05:38:42 d2.evaluation.evaluator]: Inference done 1570/3943. Dataloading: 0.0019 s/iter. Inference: 0.1577 s/iter. Eval: 1.2282 s/iter. Total: 1.3879 s/iter. ETA=0:54:53
[12/10 05:38:47 d2.evaluation.evaluator]: Inference done 1574/3943. Dataloading: 0.0019 s/iter. Inference: 0.1577 s/iter. Eval: 1.2280 s/iter. Total: 1.3877 s/iter. ETA=0:54:47
[12/10 05:38:53 d2.evaluation.evaluator]: Inference done 1577/3943. Dataloading: 0.0019 s/iter. Inference: 0.1578 s/iter. Eval: 1.2287 s/iter. Total: 1.3885 s/iter. ETA=0:54:45
[12/10 05:38:58 d2.evaluation.evaluator]: Inference done 1582/3943. Dataloading: 0.0019 s/iter. Inference: 0.1578 s/iter. Eval: 1.2277 s/iter. Total: 1.3875 s/iter. ETA=0:54:35
[12/10 05:39:04 d2.evaluation.evaluator]: Inference done 1585/3943. Dataloading: 0.0019 s/iter. Inference: 0.1578 s/iter. Eval: 1.2288 s/iter. Total: 1.3886 s/iter. ETA=0:54:34
[12/10 05:39:09 d2.evaluation.evaluator]: Inference done 1590/3943. Dataloading: 0.0019 s/iter. Inference: 0.1578 s/iter. Eval: 1.2279 s/iter. Total: 1.3876 s/iter. ETA=0:54:25
[12/10 05:39:15 d2.evaluation.evaluator]: Inference done 1592/3943. Dataloading: 0.0019 s/iter. Inference: 0.1578 s/iter. Eval: 1.2295 s/iter. Total: 1.3893 s/iter. ETA=0:54:26
[12/10 05:39:20 d2.evaluation.evaluator]: Inference done 1594/3943. Dataloading: 0.0019 s/iter. Inference: 0.1578 s/iter. Eval: 1.2309 s/iter. Total: 1.3907 s/iter. ETA=0:54:26
[12/10 05:39:25 d2.evaluation.evaluator]: Inference done 1598/3943. Dataloading: 0.0019 s/iter. Inference: 0.1578 s/iter. Eval: 1.2308 s/iter. Total: 1.3906 s/iter. ETA=0:54:20
[12/10 05:39:31 d2.evaluation.evaluator]: Inference done 1602/3943. Dataloading: 0.0019 s/iter. Inference: 0.1578 s/iter. Eval: 1.2310 s/iter. Total: 1.3908 s/iter. ETA=0:54:15
[12/10 05:39:37 d2.evaluation.evaluator]: Inference done 1607/3943. Dataloading: 0.0019 s/iter. Inference: 0.1578 s/iter. Eval: 1.2304 s/iter. Total: 1.3902 s/iter. ETA=0:54:07
[12/10 05:39:44 d2.evaluation.evaluator]: Inference done 1611/3943. Dataloading: 0.0019 s/iter. Inference: 0.1578 s/iter. Eval: 1.2313 s/iter. Total: 1.3911 s/iter. ETA=0:54:03
[12/10 05:39:49 d2.evaluation.evaluator]: Inference done 1617/3943. Dataloading: 0.0019 s/iter. Inference: 0.1578 s/iter. Eval: 1.2292 s/iter. Total: 1.3890 s/iter. ETA=0:53:50
[12/10 05:39:56 d2.evaluation.evaluator]: Inference done 1622/3943. Dataloading: 0.0019 s/iter. Inference: 0.1578 s/iter. Eval: 1.2292 s/iter. Total: 1.3890 s/iter. ETA=0:53:43
[12/10 05:40:03 d2.evaluation.evaluator]: Inference done 1625/3943. Dataloading: 0.0019 s/iter. Inference: 0.1578 s/iter. Eval: 1.2307 s/iter. Total: 1.3905 s/iter. ETA=0:53:43
[12/10 05:40:08 d2.evaluation.evaluator]: Inference done 1629/3943. Dataloading: 0.0019 s/iter. Inference: 0.1578 s/iter. Eval: 1.2304 s/iter. Total: 1.3902 s/iter. ETA=0:53:36
[12/10 05:40:13 d2.evaluation.evaluator]: Inference done 1633/3943. Dataloading: 0.0019 s/iter. Inference: 0.1578 s/iter. Eval: 1.2304 s/iter. Total: 1.3902 s/iter. ETA=0:53:31
[12/10 05:40:19 d2.evaluation.evaluator]: Inference done 1636/3943. Dataloading: 0.0019 s/iter. Inference: 0.1578 s/iter. Eval: 1.2313 s/iter. Total: 1.3912 s/iter. ETA=0:53:29
[12/10 05:40:25 d2.evaluation.evaluator]: Inference done 1641/3943. Dataloading: 0.0019 s/iter. Inference: 0.1578 s/iter. Eval: 1.2306 s/iter. Total: 1.3904 s/iter. ETA=0:53:20
[12/10 05:40:30 d2.evaluation.evaluator]: Inference done 1645/3943. Dataloading: 0.0019 s/iter. Inference: 0.1578 s/iter. Eval: 1.2306 s/iter. Total: 1.3905 s/iter. ETA=0:53:15
[12/10 05:40:36 d2.evaluation.evaluator]: Inference done 1649/3943. Dataloading: 0.0019 s/iter. Inference: 0.1578 s/iter. Eval: 1.2305 s/iter. Total: 1.3903 s/iter. ETA=0:53:09
[12/10 05:40:44 d2.evaluation.evaluator]: Inference done 1655/3943. Dataloading: 0.0019 s/iter. Inference: 0.1578 s/iter. Eval: 1.2307 s/iter. Total: 1.3905 s/iter. ETA=0:53:01
[12/10 05:40:51 d2.evaluation.evaluator]: Inference done 1658/3943. Dataloading: 0.0019 s/iter. Inference: 0.1578 s/iter. Eval: 1.2321 s/iter. Total: 1.3920 s/iter. ETA=0:53:00
[12/10 05:40:56 d2.evaluation.evaluator]: Inference done 1661/3943. Dataloading: 0.0019 s/iter. Inference: 0.1578 s/iter. Eval: 1.2328 s/iter. Total: 1.3926 s/iter. ETA=0:52:57
[12/10 05:41:01 d2.evaluation.evaluator]: Inference done 1665/3943. Dataloading: 0.0019 s/iter. Inference: 0.1578 s/iter. Eval: 1.2326 s/iter. Total: 1.3925 s/iter. ETA=0:52:52
[12/10 05:41:07 d2.evaluation.evaluator]: Inference done 1669/3943. Dataloading: 0.0019 s/iter. Inference: 0.1578 s/iter. Eval: 1.2325 s/iter. Total: 1.3923 s/iter. ETA=0:52:46
[12/10 05:41:12 d2.evaluation.evaluator]: Inference done 1672/3943. Dataloading: 0.0019 s/iter. Inference: 0.1578 s/iter. Eval: 1.2330 s/iter. Total: 1.3928 s/iter. ETA=0:52:43
[12/10 05:41:17 d2.evaluation.evaluator]: Inference done 1677/3943. Dataloading: 0.0019 s/iter. Inference: 0.1578 s/iter. Eval: 1.2319 s/iter. Total: 1.3918 s/iter. ETA=0:52:33
[12/10 05:41:24 d2.evaluation.evaluator]: Inference done 1682/3943. Dataloading: 0.0019 s/iter. Inference: 0.1578 s/iter. Eval: 1.2319 s/iter. Total: 1.3917 s/iter. ETA=0:52:26
[12/10 05:41:30 d2.evaluation.evaluator]: Inference done 1688/3943. Dataloading: 0.0019 s/iter. Inference: 0.1578 s/iter. Eval: 1.2304 s/iter. Total: 1.3902 s/iter. ETA=0:52:14
[12/10 05:41:38 d2.evaluation.evaluator]: Inference done 1693/3943. Dataloading: 0.0019 s/iter. Inference: 0.1580 s/iter. Eval: 1.2312 s/iter. Total: 1.3911 s/iter. ETA=0:52:10
[12/10 05:41:43 d2.evaluation.evaluator]: Inference done 1696/3943. Dataloading: 0.0019 s/iter. Inference: 0.1580 s/iter. Eval: 1.2317 s/iter. Total: 1.3917 s/iter. ETA=0:52:07
[12/10 05:41:50 d2.evaluation.evaluator]: Inference done 1699/3943. Dataloading: 0.0019 s/iter. Inference: 0.1580 s/iter. Eval: 1.2332 s/iter. Total: 1.3932 s/iter. ETA=0:52:06
[12/10 05:41:56 d2.evaluation.evaluator]: Inference done 1703/3943. Dataloading: 0.0019 s/iter. Inference: 0.1580 s/iter. Eval: 1.2334 s/iter. Total: 1.3934 s/iter. ETA=0:52:01
[12/10 05:42:04 d2.evaluation.evaluator]: Inference done 1706/3943. Dataloading: 0.0019 s/iter. Inference: 0.1580 s/iter. Eval: 1.2358 s/iter. Total: 1.3957 s/iter. ETA=0:52:02
[12/10 05:42:09 d2.evaluation.evaluator]: Inference done 1713/3943. Dataloading: 0.0019 s/iter. Inference: 0.1580 s/iter. Eval: 1.2331 s/iter. Total: 1.3931 s/iter. ETA=0:51:46
[12/10 05:42:15 d2.evaluation.evaluator]: Inference done 1718/3943. Dataloading: 0.0019 s/iter. Inference: 0.1580 s/iter. Eval: 1.2322 s/iter. Total: 1.3922 s/iter. ETA=0:51:37
[12/10 05:42:20 d2.evaluation.evaluator]: Inference done 1723/3943. Dataloading: 0.0019 s/iter. Inference: 0.1580 s/iter. Eval: 1.2311 s/iter. Total: 1.3910 s/iter. ETA=0:51:28
[12/10 05:42:26 d2.evaluation.evaluator]: Inference done 1729/3943. Dataloading: 0.0019 s/iter. Inference: 0.1580 s/iter. Eval: 1.2296 s/iter. Total: 1.3896 s/iter. ETA=0:51:16
[12/10 05:42:31 d2.evaluation.evaluator]: Inference done 1733/3943. Dataloading: 0.0019 s/iter. Inference: 0.1580 s/iter. Eval: 1.2297 s/iter. Total: 1.3897 s/iter. ETA=0:51:11
[12/10 05:42:36 d2.evaluation.evaluator]: Inference done 1738/3943. Dataloading: 0.0019 s/iter. Inference: 0.1580 s/iter. Eval: 1.2286 s/iter. Total: 1.3886 s/iter. ETA=0:51:01
[12/10 05:42:42 d2.evaluation.evaluator]: Inference done 1742/3943. Dataloading: 0.0019 s/iter. Inference: 0.1580 s/iter. Eval: 1.2289 s/iter. Total: 1.3889 s/iter. ETA=0:50:56
[12/10 05:42:48 d2.evaluation.evaluator]: Inference done 1746/3943. Dataloading: 0.0019 s/iter. Inference: 0.1580 s/iter. Eval: 1.2292 s/iter. Total: 1.3892 s/iter. ETA=0:50:51
[12/10 05:42:55 d2.evaluation.evaluator]: Inference done 1751/3943. Dataloading: 0.0019 s/iter. Inference: 0.1580 s/iter. Eval: 1.2290 s/iter. Total: 1.3890 s/iter. ETA=0:50:44
[12/10 05:43:00 d2.evaluation.evaluator]: Inference done 1755/3943. Dataloading: 0.0019 s/iter. Inference: 0.1580 s/iter. Eval: 1.2289 s/iter. Total: 1.3888 s/iter. ETA=0:50:38
[12/10 05:43:06 d2.evaluation.evaluator]: Inference done 1760/3943. Dataloading: 0.0019 s/iter. Inference: 0.1580 s/iter. Eval: 1.2283 s/iter. Total: 1.3883 s/iter. ETA=0:50:30
[12/10 05:43:12 d2.evaluation.evaluator]: Inference done 1764/3943. Dataloading: 0.0019 s/iter. Inference: 0.1580 s/iter. Eval: 1.2285 s/iter. Total: 1.3885 s/iter. ETA=0:50:25
[12/10 05:43:19 d2.evaluation.evaluator]: Inference done 1769/3943. Dataloading: 0.0019 s/iter. Inference: 0.1580 s/iter. Eval: 1.2282 s/iter. Total: 1.3882 s/iter. ETA=0:50:17
[12/10 05:43:24 d2.evaluation.evaluator]: Inference done 1773/3943. Dataloading: 0.0019 s/iter. Inference: 0.1580 s/iter. Eval: 1.2279 s/iter. Total: 1.3879 s/iter. ETA=0:50:11
[12/10 05:43:29 d2.evaluation.evaluator]: Inference done 1778/3943. Dataloading: 0.0019 s/iter. Inference: 0.1580 s/iter. Eval: 1.2271 s/iter. Total: 1.3871 s/iter. ETA=0:50:02
[12/10 05:43:35 d2.evaluation.evaluator]: Inference done 1781/3943. Dataloading: 0.0019 s/iter. Inference: 0.1580 s/iter. Eval: 1.2281 s/iter. Total: 1.3881 s/iter. ETA=0:50:01
[12/10 05:43:41 d2.evaluation.evaluator]: Inference done 1785/3943. Dataloading: 0.0019 s/iter. Inference: 0.1580 s/iter. Eval: 1.2280 s/iter. Total: 1.3880 s/iter. ETA=0:49:55
[12/10 05:43:46 d2.evaluation.evaluator]: Inference done 1789/3943. Dataloading: 0.0019 s/iter. Inference: 0.1580 s/iter. Eval: 1.2277 s/iter. Total: 1.3877 s/iter. ETA=0:49:49
[12/10 05:43:52 d2.evaluation.evaluator]: Inference done 1794/3943. Dataloading: 0.0019 s/iter. Inference: 0.1580 s/iter. Eval: 1.2273 s/iter. Total: 1.3872 s/iter. ETA=0:49:41
[12/10 05:43:57 d2.evaluation.evaluator]: Inference done 1798/3943. Dataloading: 0.0019 s/iter. Inference: 0.1580 s/iter. Eval: 1.2273 s/iter. Total: 1.3872 s/iter. ETA=0:49:35
[12/10 05:44:02 d2.evaluation.evaluator]: Inference done 1801/3943. Dataloading: 0.0019 s/iter. Inference: 0.1580 s/iter. Eval: 1.2277 s/iter. Total: 1.3877 s/iter. ETA=0:49:32
[12/10 05:44:08 d2.evaluation.evaluator]: Inference done 1805/3943. Dataloading: 0.0019 s/iter. Inference: 0.1580 s/iter. Eval: 1.2279 s/iter. Total: 1.3879 s/iter. ETA=0:49:27
[12/10 05:44:14 d2.evaluation.evaluator]: Inference done 1809/3943. Dataloading: 0.0019 s/iter. Inference: 0.1580 s/iter. Eval: 1.2279 s/iter. Total: 1.3878 s/iter. ETA=0:49:21
[12/10 05:44:19 d2.evaluation.evaluator]: Inference done 1813/3943. Dataloading: 0.0019 s/iter. Inference: 0.1580 s/iter. Eval: 1.2279 s/iter. Total: 1.3878 s/iter. ETA=0:49:16
[12/10 05:44:24 d2.evaluation.evaluator]: Inference done 1816/3943. Dataloading: 0.0019 s/iter. Inference: 0.1580 s/iter. Eval: 1.2285 s/iter. Total: 1.3884 s/iter. ETA=0:49:13
[12/10 05:44:30 d2.evaluation.evaluator]: Inference done 1821/3943. Dataloading: 0.0019 s/iter. Inference: 0.1580 s/iter. Eval: 1.2279 s/iter. Total: 1.3879 s/iter. ETA=0:49:05
[12/10 05:44:36 d2.evaluation.evaluator]: Inference done 1827/3943. Dataloading: 0.0019 s/iter. Inference: 0.1580 s/iter. Eval: 1.2266 s/iter. Total: 1.3866 s/iter. ETA=0:48:54
[12/10 05:44:42 d2.evaluation.evaluator]: Inference done 1831/3943. Dataloading: 0.0019 s/iter. Inference: 0.1580 s/iter. Eval: 1.2268 s/iter. Total: 1.3868 s/iter. ETA=0:48:48
[12/10 05:44:48 d2.evaluation.evaluator]: Inference done 1835/3943. Dataloading: 0.0019 s/iter. Inference: 0.1580 s/iter. Eval: 1.2270 s/iter. Total: 1.3870 s/iter. ETA=0:48:43
[12/10 05:44:55 d2.evaluation.evaluator]: Inference done 1839/3943. Dataloading: 0.0019 s/iter. Inference: 0.1580 s/iter. Eval: 1.2280 s/iter. Total: 1.3879 s/iter. ETA=0:48:40
[12/10 05:45:00 d2.evaluation.evaluator]: Inference done 1843/3943. Dataloading: 0.0019 s/iter. Inference: 0.1580 s/iter. Eval: 1.2277 s/iter. Total: 1.3877 s/iter. ETA=0:48:34
[12/10 05:45:07 d2.evaluation.evaluator]: Inference done 1848/3943. Dataloading: 0.0019 s/iter. Inference: 0.1580 s/iter. Eval: 1.2275 s/iter. Total: 1.3875 s/iter. ETA=0:48:26
[12/10 05:45:14 d2.evaluation.evaluator]: Inference done 1853/3943. Dataloading: 0.0019 s/iter. Inference: 0.1580 s/iter. Eval: 1.2273 s/iter. Total: 1.3873 s/iter. ETA=0:48:19
[12/10 05:45:22 d2.evaluation.evaluator]: Inference done 1859/3943. Dataloading: 0.0019 s/iter. Inference: 0.1580 s/iter. Eval: 1.2271 s/iter. Total: 1.3871 s/iter. ETA=0:48:10
[12/10 05:45:27 d2.evaluation.evaluator]: Inference done 1863/3943. Dataloading: 0.0019 s/iter. Inference: 0.1580 s/iter. Eval: 1.2269 s/iter. Total: 1.3869 s/iter. ETA=0:48:04
[12/10 05:45:32 d2.evaluation.evaluator]: Inference done 1866/3943. Dataloading: 0.0019 s/iter. Inference: 0.1580 s/iter. Eval: 1.2273 s/iter. Total: 1.3873 s/iter. ETA=0:48:01
[12/10 05:45:38 d2.evaluation.evaluator]: Inference done 1869/3943. Dataloading: 0.0019 s/iter. Inference: 0.1580 s/iter. Eval: 1.2287 s/iter. Total: 1.3887 s/iter. ETA=0:48:00
[12/10 05:45:44 d2.evaluation.evaluator]: Inference done 1875/3943. Dataloading: 0.0019 s/iter. Inference: 0.1580 s/iter. Eval: 1.2274 s/iter. Total: 1.3874 s/iter. ETA=0:47:49
[12/10 05:45:49 d2.evaluation.evaluator]: Inference done 1878/3943. Dataloading: 0.0019 s/iter. Inference: 0.1580 s/iter. Eval: 1.2278 s/iter. Total: 1.3878 s/iter. ETA=0:47:45
[12/10 05:45:56 d2.evaluation.evaluator]: Inference done 1881/3943. Dataloading: 0.0019 s/iter. Inference: 0.1580 s/iter. Eval: 1.2290 s/iter. Total: 1.3890 s/iter. ETA=0:47:44
[12/10 05:46:02 d2.evaluation.evaluator]: Inference done 1888/3943. Dataloading: 0.0018 s/iter. Inference: 0.1580 s/iter. Eval: 1.2270 s/iter. Total: 1.3870 s/iter. ETA=0:47:30
[12/10 05:46:07 d2.evaluation.evaluator]: Inference done 1891/3943. Dataloading: 0.0018 s/iter. Inference: 0.1580 s/iter. Eval: 1.2278 s/iter. Total: 1.3879 s/iter. ETA=0:47:27
[12/10 05:46:13 d2.evaluation.evaluator]: Inference done 1894/3943. Dataloading: 0.0018 s/iter. Inference: 0.1580 s/iter. Eval: 1.2285 s/iter. Total: 1.3885 s/iter. ETA=0:47:25
[12/10 05:46:20 d2.evaluation.evaluator]: Inference done 1900/3943. Dataloading: 0.0018 s/iter. Inference: 0.1580 s/iter. Eval: 1.2277 s/iter. Total: 1.3878 s/iter. ETA=0:47:15
[12/10 05:46:26 d2.evaluation.evaluator]: Inference done 1906/3943. Dataloading: 0.0018 s/iter. Inference: 0.1580 s/iter. Eval: 1.2266 s/iter. Total: 1.3866 s/iter. ETA=0:47:04
[12/10 05:46:32 d2.evaluation.evaluator]: Inference done 1910/3943. Dataloading: 0.0018 s/iter. Inference: 0.1580 s/iter. Eval: 1.2268 s/iter. Total: 1.3869 s/iter. ETA=0:46:59
[12/10 05:46:37 d2.evaluation.evaluator]: Inference done 1913/3943. Dataloading: 0.0018 s/iter. Inference: 0.1580 s/iter. Eval: 1.2275 s/iter. Total: 1.3875 s/iter. ETA=0:46:56
[12/10 05:46:42 d2.evaluation.evaluator]: Inference done 1917/3943. Dataloading: 0.0018 s/iter. Inference: 0.1581 s/iter. Eval: 1.2272 s/iter. Total: 1.3872 s/iter. ETA=0:46:50
[12/10 05:46:48 d2.evaluation.evaluator]: Inference done 1920/3943. Dataloading: 0.0018 s/iter. Inference: 0.1581 s/iter. Eval: 1.2277 s/iter. Total: 1.3878 s/iter. ETA=0:46:47
[12/10 05:46:56 d2.evaluation.evaluator]: Inference done 1924/3943. Dataloading: 0.0018 s/iter. Inference: 0.1581 s/iter. Eval: 1.2294 s/iter. Total: 1.3894 s/iter. ETA=0:46:45
[12/10 05:47:02 d2.evaluation.evaluator]: Inference done 1927/3943. Dataloading: 0.0018 s/iter. Inference: 0.1581 s/iter. Eval: 1.2299 s/iter. Total: 1.3900 s/iter. ETA=0:46:42
[12/10 05:47:07 d2.evaluation.evaluator]: Inference done 1932/3943. Dataloading: 0.0018 s/iter. Inference: 0.1581 s/iter. Eval: 1.2289 s/iter. Total: 1.3890 s/iter. ETA=0:46:33
[12/10 05:47:12 d2.evaluation.evaluator]: Inference done 1936/3943. Dataloading: 0.0018 s/iter. Inference: 0.1581 s/iter. Eval: 1.2290 s/iter. Total: 1.3891 s/iter. ETA=0:46:27
[12/10 05:47:18 d2.evaluation.evaluator]: Inference done 1941/3943. Dataloading: 0.0018 s/iter. Inference: 0.1581 s/iter. Eval: 1.2281 s/iter. Total: 1.3882 s/iter. ETA=0:46:19
[12/10 05:47:24 d2.evaluation.evaluator]: Inference done 1943/3943. Dataloading: 0.0018 s/iter. Inference: 0.1581 s/iter. Eval: 1.2298 s/iter. Total: 1.3899 s/iter. ETA=0:46:19
[12/10 05:47:30 d2.evaluation.evaluator]: Inference done 1946/3943. Dataloading: 0.0018 s/iter. Inference: 0.1581 s/iter. Eval: 1.2312 s/iter. Total: 1.3913 s/iter. ETA=0:46:18
[12/10 05:47:36 d2.evaluation.evaluator]: Inference done 1950/3943. Dataloading: 0.0018 s/iter. Inference: 0.1581 s/iter. Eval: 1.2310 s/iter. Total: 1.3912 s/iter. ETA=0:46:12
[12/10 05:47:41 d2.evaluation.evaluator]: Inference done 1955/3943. Dataloading: 0.0018 s/iter. Inference: 0.1581 s/iter. Eval: 1.2304 s/iter. Total: 1.3905 s/iter. ETA=0:46:04
[12/10 05:47:47 d2.evaluation.evaluator]: Inference done 1958/3943. Dataloading: 0.0018 s/iter. Inference: 0.1581 s/iter. Eval: 1.2311 s/iter. Total: 1.3912 s/iter. ETA=0:46:01
[12/10 05:47:54 d2.evaluation.evaluator]: Inference done 1964/3943. Dataloading: 0.0018 s/iter. Inference: 0.1581 s/iter. Eval: 1.2304 s/iter. Total: 1.3905 s/iter. ETA=0:45:51
[12/10 05:47:59 d2.evaluation.evaluator]: Inference done 1970/3943. Dataloading: 0.0018 s/iter. Inference: 0.1582 s/iter. Eval: 1.2290 s/iter. Total: 1.3891 s/iter. ETA=0:45:40
[12/10 05:48:05 d2.evaluation.evaluator]: Inference done 1975/3943. Dataloading: 0.0018 s/iter. Inference: 0.1582 s/iter. Eval: 1.2284 s/iter. Total: 1.3886 s/iter. ETA=0:45:32
[12/10 05:48:11 d2.evaluation.evaluator]: Inference done 1980/3943. Dataloading: 0.0018 s/iter. Inference: 0.1581 s/iter. Eval: 1.2276 s/iter. Total: 1.3877 s/iter. ETA=0:45:24
[12/10 05:48:17 d2.evaluation.evaluator]: Inference done 1984/3943. Dataloading: 0.0018 s/iter. Inference: 0.1581 s/iter. Eval: 1.2278 s/iter. Total: 1.3879 s/iter. ETA=0:45:18
[12/10 05:48:22 d2.evaluation.evaluator]: Inference done 1987/3943. Dataloading: 0.0018 s/iter. Inference: 0.1581 s/iter. Eval: 1.2286 s/iter. Total: 1.3887 s/iter. ETA=0:45:16
[12/10 05:48:28 d2.evaluation.evaluator]: Inference done 1991/3943. Dataloading: 0.0018 s/iter. Inference: 0.1581 s/iter. Eval: 1.2284 s/iter. Total: 1.3886 s/iter. ETA=0:45:10
[12/10 05:48:33 d2.evaluation.evaluator]: Inference done 1995/3943. Dataloading: 0.0018 s/iter. Inference: 0.1581 s/iter. Eval: 1.2285 s/iter. Total: 1.3886 s/iter. ETA=0:45:04
[12/10 05:48:38 d2.evaluation.evaluator]: Inference done 1998/3943. Dataloading: 0.0018 s/iter. Inference: 0.1581 s/iter. Eval: 1.2289 s/iter. Total: 1.3890 s/iter. ETA=0:45:01
[12/10 05:48:45 d2.evaluation.evaluator]: Inference done 2002/3943. Dataloading: 0.0018 s/iter. Inference: 0.1581 s/iter. Eval: 1.2293 s/iter. Total: 1.3894 s/iter. ETA=0:44:56
[12/10 05:48:53 d2.evaluation.evaluator]: Inference done 2007/3943. Dataloading: 0.0018 s/iter. Inference: 0.1581 s/iter. Eval: 1.2300 s/iter. Total: 1.3901 s/iter. ETA=0:44:51
[12/10 05:48:58 d2.evaluation.evaluator]: Inference done 2010/3943. Dataloading: 0.0018 s/iter. Inference: 0.1581 s/iter. Eval: 1.2305 s/iter. Total: 1.3906 s/iter. ETA=0:44:48
[12/10 05:49:03 d2.evaluation.evaluator]: Inference done 2015/3943. Dataloading: 0.0018 s/iter. Inference: 0.1581 s/iter. Eval: 1.2297 s/iter. Total: 1.3898 s/iter. ETA=0:44:39
[12/10 05:49:09 d2.evaluation.evaluator]: Inference done 2021/3943. Dataloading: 0.0018 s/iter. Inference: 0.1581 s/iter. Eval: 1.2285 s/iter. Total: 1.3886 s/iter. ETA=0:44:28
[12/10 05:49:15 d2.evaluation.evaluator]: Inference done 2025/3943. Dataloading: 0.0018 s/iter. Inference: 0.1581 s/iter. Eval: 1.2287 s/iter. Total: 1.3888 s/iter. ETA=0:44:23
[12/10 05:49:22 d2.evaluation.evaluator]: Inference done 2029/3943. Dataloading: 0.0018 s/iter. Inference: 0.1581 s/iter. Eval: 1.2292 s/iter. Total: 1.3892 s/iter. ETA=0:44:18
[12/10 05:49:28 d2.evaluation.evaluator]: Inference done 2035/3943. Dataloading: 0.0018 s/iter. Inference: 0.1581 s/iter. Eval: 1.2283 s/iter. Total: 1.3884 s/iter. ETA=0:44:09
[12/10 05:49:34 d2.evaluation.evaluator]: Inference done 2040/3943. Dataloading: 0.0018 s/iter. Inference: 0.1581 s/iter. Eval: 1.2278 s/iter. Total: 1.3879 s/iter. ETA=0:44:01
[12/10 05:49:41 d2.evaluation.evaluator]: Inference done 2043/3943. Dataloading: 0.0018 s/iter. Inference: 0.1581 s/iter. Eval: 1.2289 s/iter. Total: 1.3889 s/iter. ETA=0:43:58
[12/10 05:49:46 d2.evaluation.evaluator]: Inference done 2048/3943. Dataloading: 0.0018 s/iter. Inference: 0.1581 s/iter. Eval: 1.2284 s/iter. Total: 1.3884 s/iter. ETA=0:43:51
[12/10 05:49:52 d2.evaluation.evaluator]: Inference done 2052/3943. Dataloading: 0.0018 s/iter. Inference: 0.1581 s/iter. Eval: 1.2286 s/iter. Total: 1.3886 s/iter. ETA=0:43:45
[12/10 05:49:59 d2.evaluation.evaluator]: Inference done 2055/3943. Dataloading: 0.0018 s/iter. Inference: 0.1581 s/iter. Eval: 1.2299 s/iter. Total: 1.3899 s/iter. ETA=0:43:44
[12/10 05:50:06 d2.evaluation.evaluator]: Inference done 2060/3943. Dataloading: 0.0018 s/iter. Inference: 0.1581 s/iter. Eval: 1.2298 s/iter. Total: 1.3899 s/iter. ETA=0:43:37
[12/10 05:50:11 d2.evaluation.evaluator]: Inference done 2064/3943. Dataloading: 0.0018 s/iter. Inference: 0.1581 s/iter. Eval: 1.2296 s/iter. Total: 1.3897 s/iter. ETA=0:43:31
[12/10 05:50:17 d2.evaluation.evaluator]: Inference done 2068/3943. Dataloading: 0.0018 s/iter. Inference: 0.1581 s/iter. Eval: 1.2296 s/iter. Total: 1.3897 s/iter. ETA=0:43:25
[12/10 05:50:23 d2.evaluation.evaluator]: Inference done 2072/3943. Dataloading: 0.0018 s/iter. Inference: 0.1581 s/iter. Eval: 1.2299 s/iter. Total: 1.3899 s/iter. ETA=0:43:20
[12/10 05:50:28 d2.evaluation.evaluator]: Inference done 2077/3943. Dataloading: 0.0018 s/iter. Inference: 0.1580 s/iter. Eval: 1.2290 s/iter. Total: 1.3890 s/iter. ETA=0:43:11
[12/10 05:50:35 d2.evaluation.evaluator]: Inference done 2081/3943. Dataloading: 0.0018 s/iter. Inference: 0.1581 s/iter. Eval: 1.2295 s/iter. Total: 1.3895 s/iter. ETA=0:43:07
[12/10 05:50:41 d2.evaluation.evaluator]: Inference done 2084/3943. Dataloading: 0.0018 s/iter. Inference: 0.1581 s/iter. Eval: 1.2304 s/iter. Total: 1.3904 s/iter. ETA=0:43:04
[12/10 05:50:47 d2.evaluation.evaluator]: Inference done 2087/3943. Dataloading: 0.0018 s/iter. Inference: 0.1581 s/iter. Eval: 1.2313 s/iter. Total: 1.3913 s/iter. ETA=0:43:02
[12/10 05:50:53 d2.evaluation.evaluator]: Inference done 2093/3943. Dataloading: 0.0018 s/iter. Inference: 0.1580 s/iter. Eval: 1.2303 s/iter. Total: 1.3903 s/iter. ETA=0:42:52
[12/10 05:50:59 d2.evaluation.evaluator]: Inference done 2098/3943. Dataloading: 0.0018 s/iter. Inference: 0.1580 s/iter. Eval: 1.2299 s/iter. Total: 1.3899 s/iter. ETA=0:42:44
[12/10 05:51:04 d2.evaluation.evaluator]: Inference done 2102/3943. Dataloading: 0.0018 s/iter. Inference: 0.1580 s/iter. Eval: 1.2296 s/iter. Total: 1.3896 s/iter. ETA=0:42:38
[12/10 05:51:10 d2.evaluation.evaluator]: Inference done 2107/3943. Dataloading: 0.0018 s/iter. Inference: 0.1580 s/iter. Eval: 1.2291 s/iter. Total: 1.3891 s/iter. ETA=0:42:30
[12/10 05:51:15 d2.evaluation.evaluator]: Inference done 2111/3943. Dataloading: 0.0018 s/iter. Inference: 0.1580 s/iter. Eval: 1.2290 s/iter. Total: 1.3890 s/iter. ETA=0:42:24
[12/10 05:51:21 d2.evaluation.evaluator]: Inference done 2115/3943. Dataloading: 0.0018 s/iter. Inference: 0.1580 s/iter. Eval: 1.2290 s/iter. Total: 1.3890 s/iter. ETA=0:42:19
[12/10 05:51:27 d2.evaluation.evaluator]: Inference done 2121/3943. Dataloading: 0.0018 s/iter. Inference: 0.1580 s/iter. Eval: 1.2282 s/iter. Total: 1.3881 s/iter. ETA=0:42:09
[12/10 05:51:33 d2.evaluation.evaluator]: Inference done 2126/3943. Dataloading: 0.0018 s/iter. Inference: 0.1580 s/iter. Eval: 1.2275 s/iter. Total: 1.3874 s/iter. ETA=0:42:00
[12/10 05:51:38 d2.evaluation.evaluator]: Inference done 2130/3943. Dataloading: 0.0018 s/iter. Inference: 0.1580 s/iter. Eval: 1.2273 s/iter. Total: 1.3872 s/iter. ETA=0:41:55
[12/10 05:51:43 d2.evaluation.evaluator]: Inference done 2132/3943. Dataloading: 0.0018 s/iter. Inference: 0.1580 s/iter. Eval: 1.2284 s/iter. Total: 1.3883 s/iter. ETA=0:41:54
[12/10 05:51:48 d2.evaluation.evaluator]: Inference done 2136/3943. Dataloading: 0.0018 s/iter. Inference: 0.1580 s/iter. Eval: 1.2283 s/iter. Total: 1.3883 s/iter. ETA=0:41:48
[12/10 05:51:54 d2.evaluation.evaluator]: Inference done 2139/3943. Dataloading: 0.0018 s/iter. Inference: 0.1580 s/iter. Eval: 1.2289 s/iter. Total: 1.3888 s/iter. ETA=0:41:45
[12/10 05:51:59 d2.evaluation.evaluator]: Inference done 2142/3943. Dataloading: 0.0018 s/iter. Inference: 0.1580 s/iter. Eval: 1.2295 s/iter. Total: 1.3894 s/iter. ETA=0:41:42
[12/10 05:52:04 d2.evaluation.evaluator]: Inference done 2147/3943. Dataloading: 0.0018 s/iter. Inference: 0.1580 s/iter. Eval: 1.2287 s/iter. Total: 1.3886 s/iter. ETA=0:41:33
[12/10 05:52:10 d2.evaluation.evaluator]: Inference done 2153/3943. Dataloading: 0.0018 s/iter. Inference: 0.1580 s/iter. Eval: 1.2276 s/iter. Total: 1.3875 s/iter. ETA=0:41:23
[12/10 05:52:16 d2.evaluation.evaluator]: Inference done 2158/3943. Dataloading: 0.0018 s/iter. Inference: 0.1579 s/iter. Eval: 1.2272 s/iter. Total: 1.3871 s/iter. ETA=0:41:15
[12/10 05:52:22 d2.evaluation.evaluator]: Inference done 2165/3943. Dataloading: 0.0018 s/iter. Inference: 0.1579 s/iter. Eval: 1.2255 s/iter. Total: 1.3854 s/iter. ETA=0:41:03
[12/10 05:52:29 d2.evaluation.evaluator]: Inference done 2172/3943. Dataloading: 0.0018 s/iter. Inference: 0.1579 s/iter. Eval: 1.2241 s/iter. Total: 1.3840 s/iter. ETA=0:40:51
[12/10 05:52:35 d2.evaluation.evaluator]: Inference done 2176/3943. Dataloading: 0.0018 s/iter. Inference: 0.1579 s/iter. Eval: 1.2243 s/iter. Total: 1.3841 s/iter. ETA=0:40:45
[12/10 05:52:40 d2.evaluation.evaluator]: Inference done 2182/3943. Dataloading: 0.0018 s/iter. Inference: 0.1579 s/iter. Eval: 1.2229 s/iter. Total: 1.3828 s/iter. ETA=0:40:35
[12/10 05:52:45 d2.evaluation.evaluator]: Inference done 2187/3943. Dataloading: 0.0018 s/iter. Inference: 0.1579 s/iter. Eval: 1.2221 s/iter. Total: 1.3819 s/iter. ETA=0:40:26
[12/10 05:52:50 d2.evaluation.evaluator]: Inference done 2191/3943. Dataloading: 0.0018 s/iter. Inference: 0.1579 s/iter. Eval: 1.2218 s/iter. Total: 1.3817 s/iter. ETA=0:40:20
[12/10 05:52:56 d2.evaluation.evaluator]: Inference done 2197/3943. Dataloading: 0.0018 s/iter. Inference: 0.1579 s/iter. Eval: 1.2207 s/iter. Total: 1.3805 s/iter. ETA=0:40:10
[12/10 05:53:01 d2.evaluation.evaluator]: Inference done 2203/3943. Dataloading: 0.0018 s/iter. Inference: 0.1578 s/iter. Eval: 1.2194 s/iter. Total: 1.3792 s/iter. ETA=0:39:59
[12/10 05:53:07 d2.evaluation.evaluator]: Inference done 2207/3943. Dataloading: 0.0018 s/iter. Inference: 0.1578 s/iter. Eval: 1.2192 s/iter. Total: 1.3790 s/iter. ETA=0:39:53
[12/10 05:53:12 d2.evaluation.evaluator]: Inference done 2211/3943. Dataloading: 0.0018 s/iter. Inference: 0.1578 s/iter. Eval: 1.2193 s/iter. Total: 1.3791 s/iter. ETA=0:39:48
[12/10 05:53:19 d2.evaluation.evaluator]: Inference done 2215/3943. Dataloading: 0.0018 s/iter. Inference: 0.1578 s/iter. Eval: 1.2198 s/iter. Total: 1.3796 s/iter. ETA=0:39:43
[12/10 05:53:24 d2.evaluation.evaluator]: Inference done 2221/3943. Dataloading: 0.0018 s/iter. Inference: 0.1578 s/iter. Eval: 1.2185 s/iter. Total: 1.3782 s/iter. ETA=0:39:33
[12/10 05:53:29 d2.evaluation.evaluator]: Inference done 2225/3943. Dataloading: 0.0018 s/iter. Inference: 0.1578 s/iter. Eval: 1.2184 s/iter. Total: 1.3782 s/iter. ETA=0:39:27
[12/10 05:53:35 d2.evaluation.evaluator]: Inference done 2231/3943. Dataloading: 0.0018 s/iter. Inference: 0.1578 s/iter. Eval: 1.2173 s/iter. Total: 1.3771 s/iter. ETA=0:39:17
[12/10 05:53:41 d2.evaluation.evaluator]: Inference done 2236/3943. Dataloading: 0.0018 s/iter. Inference: 0.1578 s/iter. Eval: 1.2166 s/iter. Total: 1.3764 s/iter. ETA=0:39:09
[12/10 05:53:46 d2.evaluation.evaluator]: Inference done 2240/3943. Dataloading: 0.0018 s/iter. Inference: 0.1578 s/iter. Eval: 1.2166 s/iter. Total: 1.3764 s/iter. ETA=0:39:03
[12/10 05:53:51 d2.evaluation.evaluator]: Inference done 2244/3943. Dataloading: 0.0018 s/iter. Inference: 0.1578 s/iter. Eval: 1.2165 s/iter. Total: 1.3762 s/iter. ETA=0:38:58
[12/10 05:53:57 d2.evaluation.evaluator]: Inference done 2249/3943. Dataloading: 0.0018 s/iter. Inference: 0.1578 s/iter. Eval: 1.2158 s/iter. Total: 1.3756 s/iter. ETA=0:38:50
[12/10 05:54:02 d2.evaluation.evaluator]: Inference done 2254/3943. Dataloading: 0.0018 s/iter. Inference: 0.1578 s/iter. Eval: 1.2153 s/iter. Total: 1.3750 s/iter. ETA=0:38:42
[12/10 05:54:08 d2.evaluation.evaluator]: Inference done 2261/3943. Dataloading: 0.0018 s/iter. Inference: 0.1578 s/iter. Eval: 1.2137 s/iter. Total: 1.3734 s/iter. ETA=0:38:30
[12/10 05:54:14 d2.evaluation.evaluator]: Inference done 2265/3943. Dataloading: 0.0018 s/iter. Inference: 0.1578 s/iter. Eval: 1.2136 s/iter. Total: 1.3733 s/iter. ETA=0:38:24
[12/10 05:54:19 d2.evaluation.evaluator]: Inference done 2271/3943. Dataloading: 0.0018 s/iter. Inference: 0.1577 s/iter. Eval: 1.2125 s/iter. Total: 1.3722 s/iter. ETA=0:38:14
[12/10 05:54:25 d2.evaluation.evaluator]: Inference done 2276/3943. Dataloading: 0.0018 s/iter. Inference: 0.1577 s/iter. Eval: 1.2118 s/iter. Total: 1.3715 s/iter. ETA=0:38:06
[12/10 05:54:31 d2.evaluation.evaluator]: Inference done 2281/3943. Dataloading: 0.0018 s/iter. Inference: 0.1577 s/iter. Eval: 1.2114 s/iter. Total: 1.3711 s/iter. ETA=0:37:58
[12/10 05:54:36 d2.evaluation.evaluator]: Inference done 2286/3943. Dataloading: 0.0018 s/iter. Inference: 0.1577 s/iter. Eval: 1.2108 s/iter. Total: 1.3704 s/iter. ETA=0:37:50
[12/10 05:54:42 d2.evaluation.evaluator]: Inference done 2291/3943. Dataloading: 0.0018 s/iter. Inference: 0.1577 s/iter. Eval: 1.2106 s/iter. Total: 1.3703 s/iter. ETA=0:37:43
[12/10 05:54:48 d2.evaluation.evaluator]: Inference done 2294/3943. Dataloading: 0.0018 s/iter. Inference: 0.1577 s/iter. Eval: 1.2111 s/iter. Total: 1.3707 s/iter. ETA=0:37:40
[12/10 05:54:53 d2.evaluation.evaluator]: Inference done 2299/3943. Dataloading: 0.0018 s/iter. Inference: 0.1577 s/iter. Eval: 1.2104 s/iter. Total: 1.3701 s/iter. ETA=0:37:32
[12/10 05:54:59 d2.evaluation.evaluator]: Inference done 2303/3943. Dataloading: 0.0018 s/iter. Inference: 0.1577 s/iter. Eval: 1.2105 s/iter. Total: 1.3701 s/iter. ETA=0:37:27
[12/10 05:55:04 d2.evaluation.evaluator]: Inference done 2308/3943. Dataloading: 0.0018 s/iter. Inference: 0.1577 s/iter. Eval: 1.2101 s/iter. Total: 1.3697 s/iter. ETA=0:37:19
[12/10 05:55:11 d2.evaluation.evaluator]: Inference done 2312/3943. Dataloading: 0.0018 s/iter. Inference: 0.1577 s/iter. Eval: 1.2105 s/iter. Total: 1.3701 s/iter. ETA=0:37:14
[12/10 05:55:16 d2.evaluation.evaluator]: Inference done 2318/3943. Dataloading: 0.0018 s/iter. Inference: 0.1577 s/iter. Eval: 1.2091 s/iter. Total: 1.3687 s/iter. ETA=0:37:04
[12/10 05:55:22 d2.evaluation.evaluator]: Inference done 2323/3943. Dataloading: 0.0018 s/iter. Inference: 0.1576 s/iter. Eval: 1.2088 s/iter. Total: 1.3684 s/iter. ETA=0:36:56
[12/10 05:55:28 d2.evaluation.evaluator]: Inference done 2328/3943. Dataloading: 0.0018 s/iter. Inference: 0.1576 s/iter. Eval: 1.2086 s/iter. Total: 1.3682 s/iter. ETA=0:36:49
[12/10 05:55:34 d2.evaluation.evaluator]: Inference done 2334/3943. Dataloading: 0.0018 s/iter. Inference: 0.1576 s/iter. Eval: 1.2075 s/iter. Total: 1.3671 s/iter. ETA=0:36:39
[12/10 05:55:40 d2.evaluation.evaluator]: Inference done 2337/3943. Dataloading: 0.0018 s/iter. Inference: 0.1576 s/iter. Eval: 1.2083 s/iter. Total: 1.3678 s/iter. ETA=0:36:36
[12/10 05:55:46 d2.evaluation.evaluator]: Inference done 2340/3943. Dataloading: 0.0018 s/iter. Inference: 0.1576 s/iter. Eval: 1.2091 s/iter. Total: 1.3687 s/iter. ETA=0:36:34
[12/10 05:55:51 d2.evaluation.evaluator]: Inference done 2344/3943. Dataloading: 0.0018 s/iter. Inference: 0.1576 s/iter. Eval: 1.2091 s/iter. Total: 1.3686 s/iter. ETA=0:36:28
[12/10 05:55:56 d2.evaluation.evaluator]: Inference done 2347/3943. Dataloading: 0.0018 s/iter. Inference: 0.1576 s/iter. Eval: 1.2096 s/iter. Total: 1.3692 s/iter. ETA=0:36:25
[12/10 05:56:03 d2.evaluation.evaluator]: Inference done 2353/3943. Dataloading: 0.0018 s/iter. Inference: 0.1576 s/iter. Eval: 1.2091 s/iter. Total: 1.3686 s/iter. ETA=0:36:16
[12/10 05:56:10 d2.evaluation.evaluator]: Inference done 2357/3943. Dataloading: 0.0018 s/iter. Inference: 0.1576 s/iter. Eval: 1.2096 s/iter. Total: 1.3692 s/iter. ETA=0:36:11
[12/10 05:56:15 d2.evaluation.evaluator]: Inference done 2362/3943. Dataloading: 0.0018 s/iter. Inference: 0.1576 s/iter. Eval: 1.2089 s/iter. Total: 1.3684 s/iter. ETA=0:36:03
[12/10 05:56:22 d2.evaluation.evaluator]: Inference done 2367/3943. Dataloading: 0.0018 s/iter. Inference: 0.1576 s/iter. Eval: 1.2091 s/iter. Total: 1.3686 s/iter. ETA=0:35:56
[12/10 05:56:28 d2.evaluation.evaluator]: Inference done 2370/3943. Dataloading: 0.0018 s/iter. Inference: 0.1576 s/iter. Eval: 1.2097 s/iter. Total: 1.3692 s/iter. ETA=0:35:53
[12/10 05:56:34 d2.evaluation.evaluator]: Inference done 2374/3943. Dataloading: 0.0018 s/iter. Inference: 0.1576 s/iter. Eval: 1.2097 s/iter. Total: 1.3692 s/iter. ETA=0:35:48
[12/10 05:56:39 d2.evaluation.evaluator]: Inference done 2378/3943. Dataloading: 0.0018 s/iter. Inference: 0.1576 s/iter. Eval: 1.2096 s/iter. Total: 1.3691 s/iter. ETA=0:35:42
[12/10 05:56:45 d2.evaluation.evaluator]: Inference done 2385/3943. Dataloading: 0.0018 s/iter. Inference: 0.1575 s/iter. Eval: 1.2081 s/iter. Total: 1.3675 s/iter. ETA=0:35:30
[12/10 05:56:51 d2.evaluation.evaluator]: Inference done 2391/3943. Dataloading: 0.0018 s/iter. Inference: 0.1575 s/iter. Eval: 1.2074 s/iter. Total: 1.3669 s/iter. ETA=0:35:21
[12/10 05:56:56 d2.evaluation.evaluator]: Inference done 2396/3943. Dataloading: 0.0018 s/iter. Inference: 0.1575 s/iter. Eval: 1.2067 s/iter. Total: 1.3661 s/iter. ETA=0:35:13
[12/10 05:57:02 d2.evaluation.evaluator]: Inference done 2400/3943. Dataloading: 0.0018 s/iter. Inference: 0.1575 s/iter. Eval: 1.2066 s/iter. Total: 1.3661 s/iter. ETA=0:35:07
[12/10 05:57:08 d2.evaluation.evaluator]: Inference done 2405/3943. Dataloading: 0.0018 s/iter. Inference: 0.1575 s/iter. Eval: 1.2063 s/iter. Total: 1.3657 s/iter. ETA=0:35:00
[12/10 05:57:13 d2.evaluation.evaluator]: Inference done 2412/3943. Dataloading: 0.0018 s/iter. Inference: 0.1575 s/iter. Eval: 1.2044 s/iter. Total: 1.3638 s/iter. ETA=0:34:48
[12/10 05:57:19 d2.evaluation.evaluator]: Inference done 2417/3943. Dataloading: 0.0018 s/iter. Inference: 0.1575 s/iter. Eval: 1.2044 s/iter. Total: 1.3638 s/iter. ETA=0:34:41
[12/10 05:57:25 d2.evaluation.evaluator]: Inference done 2421/3943. Dataloading: 0.0018 s/iter. Inference: 0.1575 s/iter. Eval: 1.2045 s/iter. Total: 1.3639 s/iter. ETA=0:34:35
[12/10 05:57:30 d2.evaluation.evaluator]: Inference done 2425/3943. Dataloading: 0.0018 s/iter. Inference: 0.1575 s/iter. Eval: 1.2044 s/iter. Total: 1.3637 s/iter. ETA=0:34:30
[12/10 05:57:37 d2.evaluation.evaluator]: Inference done 2430/3943. Dataloading: 0.0018 s/iter. Inference: 0.1575 s/iter. Eval: 1.2043 s/iter. Total: 1.3637 s/iter. ETA=0:34:23
[12/10 05:57:42 d2.evaluation.evaluator]: Inference done 2435/3943. Dataloading: 0.0018 s/iter. Inference: 0.1575 s/iter. Eval: 1.2036 s/iter. Total: 1.3630 s/iter. ETA=0:34:15
[12/10 05:57:48 d2.evaluation.evaluator]: Inference done 2440/3943. Dataloading: 0.0018 s/iter. Inference: 0.1574 s/iter. Eval: 1.2035 s/iter. Total: 1.3628 s/iter. ETA=0:34:08
[12/10 05:57:54 d2.evaluation.evaluator]: Inference done 2445/3943. Dataloading: 0.0018 s/iter. Inference: 0.1574 s/iter. Eval: 1.2029 s/iter. Total: 1.3623 s/iter. ETA=0:34:00
[12/10 05:57:59 d2.evaluation.evaluator]: Inference done 2449/3943. Dataloading: 0.0018 s/iter. Inference: 0.1574 s/iter. Eval: 1.2029 s/iter. Total: 1.3623 s/iter. ETA=0:33:55
[12/10 05:58:05 d2.evaluation.evaluator]: Inference done 2453/3943. Dataloading: 0.0018 s/iter. Inference: 0.1574 s/iter. Eval: 1.2030 s/iter. Total: 1.3623 s/iter. ETA=0:33:49
[12/10 05:58:11 d2.evaluation.evaluator]: Inference done 2457/3943. Dataloading: 0.0018 s/iter. Inference: 0.1574 s/iter. Eval: 1.2031 s/iter. Total: 1.3625 s/iter. ETA=0:33:44
[12/10 05:58:16 d2.evaluation.evaluator]: Inference done 2462/3943. Dataloading: 0.0018 s/iter. Inference: 0.1574 s/iter. Eval: 1.2026 s/iter. Total: 1.3619 s/iter. ETA=0:33:37
[12/10 05:58:22 d2.evaluation.evaluator]: Inference done 2466/3943. Dataloading: 0.0018 s/iter. Inference: 0.1574 s/iter. Eval: 1.2026 s/iter. Total: 1.3619 s/iter. ETA=0:33:31
[12/10 05:58:28 d2.evaluation.evaluator]: Inference done 2471/3943. Dataloading: 0.0018 s/iter. Inference: 0.1574 s/iter. Eval: 1.2025 s/iter. Total: 1.3618 s/iter. ETA=0:33:24
[12/10 05:58:33 d2.evaluation.evaluator]: Inference done 2475/3943. Dataloading: 0.0018 s/iter. Inference: 0.1574 s/iter. Eval: 1.2023 s/iter. Total: 1.3616 s/iter. ETA=0:33:18
[12/10 05:58:38 d2.evaluation.evaluator]: Inference done 2481/3943. Dataloading: 0.0018 s/iter. Inference: 0.1574 s/iter. Eval: 1.2011 s/iter. Total: 1.3604 s/iter. ETA=0:33:08
[12/10 05:58:44 d2.evaluation.evaluator]: Inference done 2486/3943. Dataloading: 0.0018 s/iter. Inference: 0.1573 s/iter. Eval: 1.2007 s/iter. Total: 1.3600 s/iter. ETA=0:33:01
[12/10 05:58:49 d2.evaluation.evaluator]: Inference done 2491/3943. Dataloading: 0.0018 s/iter. Inference: 0.1573 s/iter. Eval: 1.2001 s/iter. Total: 1.3594 s/iter. ETA=0:32:53
[12/10 05:58:55 d2.evaluation.evaluator]: Inference done 2495/3943. Dataloading: 0.0018 s/iter. Inference: 0.1573 s/iter. Eval: 1.2001 s/iter. Total: 1.3593 s/iter. ETA=0:32:48
[12/10 05:59:00 d2.evaluation.evaluator]: Inference done 2500/3943. Dataloading: 0.0018 s/iter. Inference: 0.1573 s/iter. Eval: 1.1993 s/iter. Total: 1.3586 s/iter. ETA=0:32:40
[12/10 05:59:05 d2.evaluation.evaluator]: Inference done 2504/3943. Dataloading: 0.0018 s/iter. Inference: 0.1573 s/iter. Eval: 1.1995 s/iter. Total: 1.3588 s/iter. ETA=0:32:35
[12/10 05:59:11 d2.evaluation.evaluator]: Inference done 2508/3943. Dataloading: 0.0018 s/iter. Inference: 0.1573 s/iter. Eval: 1.1994 s/iter. Total: 1.3586 s/iter. ETA=0:32:29
[12/10 05:59:16 d2.evaluation.evaluator]: Inference done 2514/3943. Dataloading: 0.0018 s/iter. Inference: 0.1573 s/iter. Eval: 1.1985 s/iter. Total: 1.3577 s/iter. ETA=0:32:20
[12/10 05:59:22 d2.evaluation.evaluator]: Inference done 2518/3943. Dataloading: 0.0018 s/iter. Inference: 0.1573 s/iter. Eval: 1.1986 s/iter. Total: 1.3578 s/iter. ETA=0:32:14
[12/10 05:59:27 d2.evaluation.evaluator]: Inference done 2522/3943. Dataloading: 0.0018 s/iter. Inference: 0.1573 s/iter. Eval: 1.1985 s/iter. Total: 1.3577 s/iter. ETA=0:32:09
[12/10 05:59:33 d2.evaluation.evaluator]: Inference done 2526/3943. Dataloading: 0.0018 s/iter. Inference: 0.1573 s/iter. Eval: 1.1986 s/iter. Total: 1.3579 s/iter. ETA=0:32:04
[12/10 05:59:40 d2.evaluation.evaluator]: Inference done 2530/3943. Dataloading: 0.0018 s/iter. Inference: 0.1573 s/iter. Eval: 1.1991 s/iter. Total: 1.3583 s/iter. ETA=0:31:59
[12/10 05:59:45 d2.evaluation.evaluator]: Inference done 2536/3943. Dataloading: 0.0018 s/iter. Inference: 0.1573 s/iter. Eval: 1.1982 s/iter. Total: 1.3574 s/iter. ETA=0:31:49
[12/10 05:59:51 d2.evaluation.evaluator]: Inference done 2540/3943. Dataloading: 0.0018 s/iter. Inference: 0.1573 s/iter. Eval: 1.1981 s/iter. Total: 1.3573 s/iter. ETA=0:31:44
[12/10 05:59:57 d2.evaluation.evaluator]: Inference done 2546/3943. Dataloading: 0.0018 s/iter. Inference: 0.1573 s/iter. Eval: 1.1975 s/iter. Total: 1.3567 s/iter. ETA=0:31:35
[12/10 06:00:03 d2.evaluation.evaluator]: Inference done 2549/3943. Dataloading: 0.0018 s/iter. Inference: 0.1573 s/iter. Eval: 1.1983 s/iter. Total: 1.3575 s/iter. ETA=0:31:32
[12/10 06:00:11 d2.evaluation.evaluator]: Inference done 2553/3943. Dataloading: 0.0018 s/iter. Inference: 0.1573 s/iter. Eval: 1.1990 s/iter. Total: 1.3582 s/iter. ETA=0:31:27
[12/10 06:00:17 d2.evaluation.evaluator]: Inference done 2556/3943. Dataloading: 0.0018 s/iter. Inference: 0.1573 s/iter. Eval: 1.2001 s/iter. Total: 1.3593 s/iter. ETA=0:31:25
[12/10 06:00:23 d2.evaluation.evaluator]: Inference done 2560/3943. Dataloading: 0.0018 s/iter. Inference: 0.1573 s/iter. Eval: 1.2001 s/iter. Total: 1.3593 s/iter. ETA=0:31:19
[12/10 06:00:28 d2.evaluation.evaluator]: Inference done 2563/3943. Dataloading: 0.0018 s/iter. Inference: 0.1573 s/iter. Eval: 1.2005 s/iter. Total: 1.3597 s/iter. ETA=0:31:16
[12/10 06:00:35 d2.evaluation.evaluator]: Inference done 2568/3943. Dataloading: 0.0018 s/iter. Inference: 0.1573 s/iter. Eval: 1.2007 s/iter. Total: 1.3598 s/iter. ETA=0:31:09
[12/10 06:00:41 d2.evaluation.evaluator]: Inference done 2573/3943. Dataloading: 0.0018 s/iter. Inference: 0.1572 s/iter. Eval: 1.2004 s/iter. Total: 1.3595 s/iter. ETA=0:31:02
[12/10 06:00:48 d2.evaluation.evaluator]: Inference done 2579/3943. Dataloading: 0.0018 s/iter. Inference: 0.1572 s/iter. Eval: 1.1997 s/iter. Total: 1.3589 s/iter. ETA=0:30:53
[12/10 06:00:53 d2.evaluation.evaluator]: Inference done 2584/3943. Dataloading: 0.0018 s/iter. Inference: 0.1572 s/iter. Eval: 1.1993 s/iter. Total: 1.3584 s/iter. ETA=0:30:46
[12/10 06:01:00 d2.evaluation.evaluator]: Inference done 2589/3943. Dataloading: 0.0018 s/iter. Inference: 0.1572 s/iter. Eval: 1.1992 s/iter. Total: 1.3583 s/iter. ETA=0:30:39
[12/10 06:01:06 d2.evaluation.evaluator]: Inference done 2595/3943. Dataloading: 0.0018 s/iter. Inference: 0.1572 s/iter. Eval: 1.1984 s/iter. Total: 1.3575 s/iter. ETA=0:30:29
[12/10 06:01:12 d2.evaluation.evaluator]: Inference done 2600/3943. Dataloading: 0.0018 s/iter. Inference: 0.1572 s/iter. Eval: 1.1981 s/iter. Total: 1.3572 s/iter. ETA=0:30:22
[12/10 06:01:18 d2.evaluation.evaluator]: Inference done 2604/3943. Dataloading: 0.0018 s/iter. Inference: 0.1572 s/iter. Eval: 1.1982 s/iter. Total: 1.3573 s/iter. ETA=0:30:17
[12/10 06:01:25 d2.evaluation.evaluator]: Inference done 2608/3943. Dataloading: 0.0018 s/iter. Inference: 0.1572 s/iter. Eval: 1.1990 s/iter. Total: 1.3581 s/iter. ETA=0:30:13
[12/10 06:01:31 d2.evaluation.evaluator]: Inference done 2614/3943. Dataloading: 0.0018 s/iter. Inference: 0.1572 s/iter. Eval: 1.1983 s/iter. Total: 1.3573 s/iter. ETA=0:30:03
[12/10 06:01:37 d2.evaluation.evaluator]: Inference done 2618/3943. Dataloading: 0.0018 s/iter. Inference: 0.1572 s/iter. Eval: 1.1984 s/iter. Total: 1.3575 s/iter. ETA=0:29:58
[12/10 06:01:42 d2.evaluation.evaluator]: Inference done 2622/3943. Dataloading: 0.0018 s/iter. Inference: 0.1572 s/iter. Eval: 1.1983 s/iter. Total: 1.3574 s/iter. ETA=0:29:53
[12/10 06:01:47 d2.evaluation.evaluator]: Inference done 2625/3943. Dataloading: 0.0018 s/iter. Inference: 0.1572 s/iter. Eval: 1.1987 s/iter. Total: 1.3578 s/iter. ETA=0:29:49
[12/10 06:01:54 d2.evaluation.evaluator]: Inference done 2630/3943. Dataloading: 0.0018 s/iter. Inference: 0.1572 s/iter. Eval: 1.1986 s/iter. Total: 1.3577 s/iter. ETA=0:29:42
[12/10 06:01:59 d2.evaluation.evaluator]: Inference done 2634/3943. Dataloading: 0.0018 s/iter. Inference: 0.1572 s/iter. Eval: 1.1986 s/iter. Total: 1.3577 s/iter. ETA=0:29:37
[12/10 06:02:06 d2.evaluation.evaluator]: Inference done 2638/3943. Dataloading: 0.0018 s/iter. Inference: 0.1572 s/iter. Eval: 1.1991 s/iter. Total: 1.3582 s/iter. ETA=0:29:32
[12/10 06:02:11 d2.evaluation.evaluator]: Inference done 2644/3943. Dataloading: 0.0018 s/iter. Inference: 0.1571 s/iter. Eval: 1.1980 s/iter. Total: 1.3570 s/iter. ETA=0:29:22
[12/10 06:02:17 d2.evaluation.evaluator]: Inference done 2648/3943. Dataloading: 0.0018 s/iter. Inference: 0.1571 s/iter. Eval: 1.1983 s/iter. Total: 1.3574 s/iter. ETA=0:29:17
[12/10 06:02:23 d2.evaluation.evaluator]: Inference done 2651/3943. Dataloading: 0.0018 s/iter. Inference: 0.1571 s/iter. Eval: 1.1987 s/iter. Total: 1.3577 s/iter. ETA=0:29:14
[12/10 06:02:28 d2.evaluation.evaluator]: Inference done 2654/3943. Dataloading: 0.0018 s/iter. Inference: 0.1571 s/iter. Eval: 1.1992 s/iter. Total: 1.3582 s/iter. ETA=0:29:10
[12/10 06:02:33 d2.evaluation.evaluator]: Inference done 2659/3943. Dataloading: 0.0018 s/iter. Inference: 0.1571 s/iter. Eval: 1.1987 s/iter. Total: 1.3578 s/iter. ETA=0:29:03
[12/10 06:02:40 d2.evaluation.evaluator]: Inference done 2664/3943. Dataloading: 0.0018 s/iter. Inference: 0.1571 s/iter. Eval: 1.1987 s/iter. Total: 1.3578 s/iter. ETA=0:28:56
[12/10 06:02:46 d2.evaluation.evaluator]: Inference done 2667/3943. Dataloading: 0.0018 s/iter. Inference: 0.1571 s/iter. Eval: 1.1993 s/iter. Total: 1.3583 s/iter. ETA=0:28:53
[12/10 06:02:52 d2.evaluation.evaluator]: Inference done 2672/3943. Dataloading: 0.0018 s/iter. Inference: 0.1571 s/iter. Eval: 1.1989 s/iter. Total: 1.3579 s/iter. ETA=0:28:45
[12/10 06:02:57 d2.evaluation.evaluator]: Inference done 2674/3943. Dataloading: 0.0018 s/iter. Inference: 0.1571 s/iter. Eval: 1.2000 s/iter. Total: 1.3591 s/iter. ETA=0:28:44
[12/10 06:03:02 d2.evaluation.evaluator]: Inference done 2677/3943. Dataloading: 0.0018 s/iter. Inference: 0.1571 s/iter. Eval: 1.2004 s/iter. Total: 1.3594 s/iter. ETA=0:28:41
[12/10 06:03:08 d2.evaluation.evaluator]: Inference done 2679/3943. Dataloading: 0.0018 s/iter. Inference: 0.1571 s/iter. Eval: 1.2016 s/iter. Total: 1.3606 s/iter. ETA=0:28:39
[12/10 06:03:14 d2.evaluation.evaluator]: Inference done 2685/3943. Dataloading: 0.0018 s/iter. Inference: 0.1571 s/iter. Eval: 1.2005 s/iter. Total: 1.3596 s/iter. ETA=0:28:30
[12/10 06:03:19 d2.evaluation.evaluator]: Inference done 2689/3943. Dataloading: 0.0018 s/iter. Inference: 0.1571 s/iter. Eval: 1.2007 s/iter. Total: 1.3597 s/iter. ETA=0:28:25
[12/10 06:03:25 d2.evaluation.evaluator]: Inference done 2692/3943. Dataloading: 0.0018 s/iter. Inference: 0.1571 s/iter. Eval: 1.2012 s/iter. Total: 1.3602 s/iter. ETA=0:28:21
[12/10 06:03:30 d2.evaluation.evaluator]: Inference done 2694/3943. Dataloading: 0.0018 s/iter. Inference: 0.1571 s/iter. Eval: 1.2021 s/iter. Total: 1.3612 s/iter. ETA=0:28:20
[12/10 06:03:36 d2.evaluation.evaluator]: Inference done 2699/3943. Dataloading: 0.0018 s/iter. Inference: 0.1571 s/iter. Eval: 1.2017 s/iter. Total: 1.3607 s/iter. ETA=0:28:12
[12/10 06:03:41 d2.evaluation.evaluator]: Inference done 2703/3943. Dataloading: 0.0018 s/iter. Inference: 0.1571 s/iter. Eval: 1.2018 s/iter. Total: 1.3608 s/iter. ETA=0:28:07
[12/10 06:03:47 d2.evaluation.evaluator]: Inference done 2708/3943. Dataloading: 0.0018 s/iter. Inference: 0.1571 s/iter. Eval: 1.2014 s/iter. Total: 1.3604 s/iter. ETA=0:28:00
[12/10 06:03:54 d2.evaluation.evaluator]: Inference done 2712/3943. Dataloading: 0.0018 s/iter. Inference: 0.1571 s/iter. Eval: 1.2019 s/iter. Total: 1.3609 s/iter. ETA=0:27:55
[12/10 06:04:00 d2.evaluation.evaluator]: Inference done 2716/3943. Dataloading: 0.0018 s/iter. Inference: 0.1571 s/iter. Eval: 1.2021 s/iter. Total: 1.3611 s/iter. ETA=0:27:50
[12/10 06:04:05 d2.evaluation.evaluator]: Inference done 2720/3943. Dataloading: 0.0018 s/iter. Inference: 0.1571 s/iter. Eval: 1.2020 s/iter. Total: 1.3610 s/iter. ETA=0:27:44
[12/10 06:04:11 d2.evaluation.evaluator]: Inference done 2724/3943. Dataloading: 0.0018 s/iter. Inference: 0.1571 s/iter. Eval: 1.2023 s/iter. Total: 1.3612 s/iter. ETA=0:27:39
[12/10 06:04:17 d2.evaluation.evaluator]: Inference done 2731/3943. Dataloading: 0.0018 s/iter. Inference: 0.1571 s/iter. Eval: 1.2008 s/iter. Total: 1.3598 s/iter. ETA=0:27:28
[12/10 06:04:22 d2.evaluation.evaluator]: Inference done 2735/3943. Dataloading: 0.0018 s/iter. Inference: 0.1570 s/iter. Eval: 1.2008 s/iter. Total: 1.3597 s/iter. ETA=0:27:22
[12/10 06:04:28 d2.evaluation.evaluator]: Inference done 2740/3943. Dataloading: 0.0018 s/iter. Inference: 0.1570 s/iter. Eval: 1.2004 s/iter. Total: 1.3593 s/iter. ETA=0:27:15
[12/10 06:04:34 d2.evaluation.evaluator]: Inference done 2745/3943. Dataloading: 0.0018 s/iter. Inference: 0.1570 s/iter. Eval: 1.2001 s/iter. Total: 1.3591 s/iter. ETA=0:27:08
[12/10 06:04:39 d2.evaluation.evaluator]: Inference done 2752/3943. Dataloading: 0.0018 s/iter. Inference: 0.1570 s/iter. Eval: 1.1987 s/iter. Total: 1.3576 s/iter. ETA=0:26:56
[12/10 06:04:45 d2.evaluation.evaluator]: Inference done 2758/3943. Dataloading: 0.0018 s/iter. Inference: 0.1570 s/iter. Eval: 1.1979 s/iter. Total: 1.3568 s/iter. ETA=0:26:47
[12/10 06:04:50 d2.evaluation.evaluator]: Inference done 2763/3943. Dataloading: 0.0018 s/iter. Inference: 0.1570 s/iter. Eval: 1.1973 s/iter. Total: 1.3562 s/iter. ETA=0:26:40
[12/10 06:04:56 d2.evaluation.evaluator]: Inference done 2770/3943. Dataloading: 0.0018 s/iter. Inference: 0.1570 s/iter. Eval: 1.1959 s/iter. Total: 1.3548 s/iter. ETA=0:26:29
[12/10 06:05:01 d2.evaluation.evaluator]: Inference done 2773/3943. Dataloading: 0.0018 s/iter. Inference: 0.1570 s/iter. Eval: 1.1964 s/iter. Total: 1.3553 s/iter. ETA=0:26:25
[12/10 06:05:07 d2.evaluation.evaluator]: Inference done 2777/3943. Dataloading: 0.0018 s/iter. Inference: 0.1570 s/iter. Eval: 1.1966 s/iter. Total: 1.3554 s/iter. ETA=0:26:20
[12/10 06:05:13 d2.evaluation.evaluator]: Inference done 2782/3943. Dataloading: 0.0018 s/iter. Inference: 0.1570 s/iter. Eval: 1.1963 s/iter. Total: 1.3552 s/iter. ETA=0:26:13
[12/10 06:05:18 d2.evaluation.evaluator]: Inference done 2786/3943. Dataloading: 0.0018 s/iter. Inference: 0.1570 s/iter. Eval: 1.1962 s/iter. Total: 1.3550 s/iter. ETA=0:26:07
[12/10 06:05:24 d2.evaluation.evaluator]: Inference done 2790/3943. Dataloading: 0.0018 s/iter. Inference: 0.1570 s/iter. Eval: 1.1961 s/iter. Total: 1.3550 s/iter. ETA=0:26:02
[12/10 06:05:30 d2.evaluation.evaluator]: Inference done 2794/3943. Dataloading: 0.0018 s/iter. Inference: 0.1569 s/iter. Eval: 1.1963 s/iter. Total: 1.3552 s/iter. ETA=0:25:57
[12/10 06:05:35 d2.evaluation.evaluator]: Inference done 2799/3943. Dataloading: 0.0018 s/iter. Inference: 0.1569 s/iter. Eval: 1.1958 s/iter. Total: 1.3547 s/iter. ETA=0:25:49
[12/10 06:05:41 d2.evaluation.evaluator]: Inference done 2803/3943. Dataloading: 0.0018 s/iter. Inference: 0.1569 s/iter. Eval: 1.1961 s/iter. Total: 1.3549 s/iter. ETA=0:25:44
[12/10 06:05:47 d2.evaluation.evaluator]: Inference done 2809/3943. Dataloading: 0.0018 s/iter. Inference: 0.1569 s/iter. Eval: 1.1953 s/iter. Total: 1.3541 s/iter. ETA=0:25:35
[12/10 06:05:52 d2.evaluation.evaluator]: Inference done 2814/3943. Dataloading: 0.0018 s/iter. Inference: 0.1569 s/iter. Eval: 1.1948 s/iter. Total: 1.3536 s/iter. ETA=0:25:28
[12/10 06:05:57 d2.evaluation.evaluator]: Inference done 2819/3943. Dataloading: 0.0018 s/iter. Inference: 0.1569 s/iter. Eval: 1.1942 s/iter. Total: 1.3530 s/iter. ETA=0:25:20
[12/10 06:06:03 d2.evaluation.evaluator]: Inference done 2823/3943. Dataloading: 0.0018 s/iter. Inference: 0.1569 s/iter. Eval: 1.1942 s/iter. Total: 1.3530 s/iter. ETA=0:25:15
[12/10 06:06:09 d2.evaluation.evaluator]: Inference done 2829/3943. Dataloading: 0.0018 s/iter. Inference: 0.1569 s/iter. Eval: 1.1936 s/iter. Total: 1.3524 s/iter. ETA=0:25:06
[12/10 06:06:14 d2.evaluation.evaluator]: Inference done 2835/3943. Dataloading: 0.0018 s/iter. Inference: 0.1569 s/iter. Eval: 1.1926 s/iter. Total: 1.3513 s/iter. ETA=0:24:57
[12/10 06:06:21 d2.evaluation.evaluator]: Inference done 2839/3943. Dataloading: 0.0018 s/iter. Inference: 0.1569 s/iter. Eval: 1.1930 s/iter. Total: 1.3518 s/iter. ETA=0:24:52
[12/10 06:06:27 d2.evaluation.evaluator]: Inference done 2844/3943. Dataloading: 0.0018 s/iter. Inference: 0.1569 s/iter. Eval: 1.1926 s/iter. Total: 1.3514 s/iter. ETA=0:24:45
[12/10 06:06:32 d2.evaluation.evaluator]: Inference done 2850/3943. Dataloading: 0.0018 s/iter. Inference: 0.1569 s/iter. Eval: 1.1916 s/iter. Total: 1.3504 s/iter. ETA=0:24:35
[12/10 06:06:38 d2.evaluation.evaluator]: Inference done 2854/3943. Dataloading: 0.0018 s/iter. Inference: 0.1569 s/iter. Eval: 1.1917 s/iter. Total: 1.3505 s/iter. ETA=0:24:30
[12/10 06:06:44 d2.evaluation.evaluator]: Inference done 2859/3943. Dataloading: 0.0018 s/iter. Inference: 0.1569 s/iter. Eval: 1.1916 s/iter. Total: 1.3504 s/iter. ETA=0:24:23
[12/10 06:06:49 d2.evaluation.evaluator]: Inference done 2865/3943. Dataloading: 0.0018 s/iter. Inference: 0.1569 s/iter. Eval: 1.1907 s/iter. Total: 1.3494 s/iter. ETA=0:24:14
[12/10 06:06:56 d2.evaluation.evaluator]: Inference done 2871/3943. Dataloading: 0.0018 s/iter. Inference: 0.1569 s/iter. Eval: 1.1900 s/iter. Total: 1.3488 s/iter. ETA=0:24:05
[12/10 06:07:01 d2.evaluation.evaluator]: Inference done 2876/3943. Dataloading: 0.0018 s/iter. Inference: 0.1569 s/iter. Eval: 1.1896 s/iter. Total: 1.3483 s/iter. ETA=0:23:58
[12/10 06:07:07 d2.evaluation.evaluator]: Inference done 2882/3943. Dataloading: 0.0018 s/iter. Inference: 0.1569 s/iter. Eval: 1.1890 s/iter. Total: 1.3477 s/iter. ETA=0:23:49
[12/10 06:07:14 d2.evaluation.evaluator]: Inference done 2887/3943. Dataloading: 0.0018 s/iter. Inference: 0.1569 s/iter. Eval: 1.1888 s/iter. Total: 1.3475 s/iter. ETA=0:23:43
[12/10 06:07:19 d2.evaluation.evaluator]: Inference done 2891/3943. Dataloading: 0.0018 s/iter. Inference: 0.1569 s/iter. Eval: 1.1887 s/iter. Total: 1.3475 s/iter. ETA=0:23:37
[12/10 06:07:24 d2.evaluation.evaluator]: Inference done 2896/3943. Dataloading: 0.0018 s/iter. Inference: 0.1569 s/iter. Eval: 1.1884 s/iter. Total: 1.3471 s/iter. ETA=0:23:30
[12/10 06:07:31 d2.evaluation.evaluator]: Inference done 2901/3943. Dataloading: 0.0018 s/iter. Inference: 0.1569 s/iter. Eval: 1.1884 s/iter. Total: 1.3472 s/iter. ETA=0:23:23
[12/10 06:07:39 d2.evaluation.evaluator]: Inference done 2907/3943. Dataloading: 0.0018 s/iter. Inference: 0.1569 s/iter. Eval: 1.1882 s/iter. Total: 1.3470 s/iter. ETA=0:23:15
[12/10 06:07:44 d2.evaluation.evaluator]: Inference done 2912/3943. Dataloading: 0.0018 s/iter. Inference: 0.1569 s/iter. Eval: 1.1876 s/iter. Total: 1.3464 s/iter. ETA=0:23:08
[12/10 06:07:49 d2.evaluation.evaluator]: Inference done 2915/3943. Dataloading: 0.0018 s/iter. Inference: 0.1569 s/iter. Eval: 1.1881 s/iter. Total: 1.3469 s/iter. ETA=0:23:04
[12/10 06:07:54 d2.evaluation.evaluator]: Inference done 2920/3943. Dataloading: 0.0018 s/iter. Inference: 0.1569 s/iter. Eval: 1.1875 s/iter. Total: 1.3463 s/iter. ETA=0:22:57
[12/10 06:08:01 d2.evaluation.evaluator]: Inference done 2924/3943. Dataloading: 0.0018 s/iter. Inference: 0.1569 s/iter. Eval: 1.1881 s/iter. Total: 1.3468 s/iter. ETA=0:22:52
[12/10 06:08:06 d2.evaluation.evaluator]: Inference done 2929/3943. Dataloading: 0.0018 s/iter. Inference: 0.1569 s/iter. Eval: 1.1875 s/iter. Total: 1.3463 s/iter. ETA=0:22:45
[12/10 06:08:12 d2.evaluation.evaluator]: Inference done 2933/3943. Dataloading: 0.0018 s/iter. Inference: 0.1569 s/iter. Eval: 1.1877 s/iter. Total: 1.3464 s/iter. ETA=0:22:39
[12/10 06:08:18 d2.evaluation.evaluator]: Inference done 2939/3943. Dataloading: 0.0018 s/iter. Inference: 0.1569 s/iter. Eval: 1.1870 s/iter. Total: 1.3457 s/iter. ETA=0:22:31
[12/10 06:08:24 d2.evaluation.evaluator]: Inference done 2947/3943. Dataloading: 0.0018 s/iter. Inference: 0.1569 s/iter. Eval: 1.1851 s/iter. Total: 1.3438 s/iter. ETA=0:22:18
[12/10 06:08:30 d2.evaluation.evaluator]: Inference done 2949/3943. Dataloading: 0.0018 s/iter. Inference: 0.1569 s/iter. Eval: 1.1864 s/iter. Total: 1.3451 s/iter. ETA=0:22:17
[12/10 06:08:37 d2.evaluation.evaluator]: Inference done 2952/3943. Dataloading: 0.0018 s/iter. Inference: 0.1569 s/iter. Eval: 1.1873 s/iter. Total: 1.3460 s/iter. ETA=0:22:13
[12/10 06:08:43 d2.evaluation.evaluator]: Inference done 2958/3943. Dataloading: 0.0018 s/iter. Inference: 0.1569 s/iter. Eval: 1.1868 s/iter. Total: 1.3456 s/iter. ETA=0:22:05
[12/10 06:08:50 d2.evaluation.evaluator]: Inference done 2963/3943. Dataloading: 0.0018 s/iter. Inference: 0.1569 s/iter. Eval: 1.1866 s/iter. Total: 1.3454 s/iter. ETA=0:21:58
[12/10 06:08:55 d2.evaluation.evaluator]: Inference done 2970/3943. Dataloading: 0.0018 s/iter. Inference: 0.1569 s/iter. Eval: 1.1853 s/iter. Total: 1.3441 s/iter. ETA=0:21:47
[12/10 06:09:00 d2.evaluation.evaluator]: Inference done 2974/3943. Dataloading: 0.0018 s/iter. Inference: 0.1569 s/iter. Eval: 1.1852 s/iter. Total: 1.3440 s/iter. ETA=0:21:42
[12/10 06:09:06 d2.evaluation.evaluator]: Inference done 2979/3943. Dataloading: 0.0018 s/iter. Inference: 0.1569 s/iter. Eval: 1.1849 s/iter. Total: 1.3437 s/iter. ETA=0:21:35
[12/10 06:09:12 d2.evaluation.evaluator]: Inference done 2986/3943. Dataloading: 0.0018 s/iter. Inference: 0.1569 s/iter. Eval: 1.1839 s/iter. Total: 1.3427 s/iter. ETA=0:21:24
[12/10 06:09:18 d2.evaluation.evaluator]: Inference done 2989/3943. Dataloading: 0.0018 s/iter. Inference: 0.1569 s/iter. Eval: 1.1844 s/iter. Total: 1.3432 s/iter. ETA=0:21:21
[12/10 06:09:25 d2.evaluation.evaluator]: Inference done 2996/3943. Dataloading: 0.0018 s/iter. Inference: 0.1569 s/iter. Eval: 1.1835 s/iter. Total: 1.3423 s/iter. ETA=0:21:11
[12/10 06:09:30 d2.evaluation.evaluator]: Inference done 2999/3943. Dataloading: 0.0018 s/iter. Inference: 0.1569 s/iter. Eval: 1.1839 s/iter. Total: 1.3427 s/iter. ETA=0:21:07
[12/10 06:09:36 d2.evaluation.evaluator]: Inference done 3003/3943. Dataloading: 0.0018 s/iter. Inference: 0.1569 s/iter. Eval: 1.1840 s/iter. Total: 1.3428 s/iter. ETA=0:21:02
[12/10 06:09:42 d2.evaluation.evaluator]: Inference done 3007/3943. Dataloading: 0.0018 s/iter. Inference: 0.1569 s/iter. Eval: 1.1843 s/iter. Total: 1.3431 s/iter. ETA=0:20:57
[12/10 06:09:49 d2.evaluation.evaluator]: Inference done 3010/3943. Dataloading: 0.0018 s/iter. Inference: 0.1569 s/iter. Eval: 1.1854 s/iter. Total: 1.3442 s/iter. ETA=0:20:54
[12/10 06:09:56 d2.evaluation.evaluator]: Inference done 3015/3943. Dataloading: 0.0018 s/iter. Inference: 0.1569 s/iter. Eval: 1.1853 s/iter. Total: 1.3441 s/iter. ETA=0:20:47
[12/10 06:10:02 d2.evaluation.evaluator]: Inference done 3020/3943. Dataloading: 0.0018 s/iter. Inference: 0.1569 s/iter. Eval: 1.1851 s/iter. Total: 1.3439 s/iter. ETA=0:20:40
[12/10 06:10:07 d2.evaluation.evaluator]: Inference done 3023/3943. Dataloading: 0.0018 s/iter. Inference: 0.1569 s/iter. Eval: 1.1855 s/iter. Total: 1.3443 s/iter. ETA=0:20:36
[12/10 06:10:13 d2.evaluation.evaluator]: Inference done 3026/3943. Dataloading: 0.0018 s/iter. Inference: 0.1569 s/iter. Eval: 1.1860 s/iter. Total: 1.3449 s/iter. ETA=0:20:33
[12/10 06:10:18 d2.evaluation.evaluator]: Inference done 3030/3943. Dataloading: 0.0018 s/iter. Inference: 0.1569 s/iter. Eval: 1.1861 s/iter. Total: 1.3449 s/iter. ETA=0:20:27
[12/10 06:10:24 d2.evaluation.evaluator]: Inference done 3035/3943. Dataloading: 0.0018 s/iter. Inference: 0.1569 s/iter. Eval: 1.1857 s/iter. Total: 1.3445 s/iter. ETA=0:20:20
[12/10 06:10:31 d2.evaluation.evaluator]: Inference done 3041/3943. Dataloading: 0.0018 s/iter. Inference: 0.1569 s/iter. Eval: 1.1855 s/iter. Total: 1.3443 s/iter. ETA=0:20:12
[12/10 06:10:37 d2.evaluation.evaluator]: Inference done 3050/3943. Dataloading: 0.0018 s/iter. Inference: 0.1569 s/iter. Eval: 1.1833 s/iter. Total: 1.3421 s/iter. ETA=0:19:58
[12/10 06:10:42 d2.evaluation.evaluator]: Inference done 3055/3943. Dataloading: 0.0018 s/iter. Inference: 0.1569 s/iter. Eval: 1.1829 s/iter. Total: 1.3417 s/iter. ETA=0:19:51
[12/10 06:10:47 d2.evaluation.evaluator]: Inference done 3061/3943. Dataloading: 0.0018 s/iter. Inference: 0.1569 s/iter. Eval: 1.1819 s/iter. Total: 1.3407 s/iter. ETA=0:19:42
[12/10 06:10:53 d2.evaluation.evaluator]: Inference done 3065/3943. Dataloading: 0.0018 s/iter. Inference: 0.1569 s/iter. Eval: 1.1821 s/iter. Total: 1.3409 s/iter. ETA=0:19:37
[12/10 06:11:00 d2.evaluation.evaluator]: Inference done 3070/3943. Dataloading: 0.0018 s/iter. Inference: 0.1569 s/iter. Eval: 1.1821 s/iter. Total: 1.3409 s/iter. ETA=0:19:30
[12/10 06:11:07 d2.evaluation.evaluator]: Inference done 3076/3943. Dataloading: 0.0018 s/iter. Inference: 0.1569 s/iter. Eval: 1.1817 s/iter. Total: 1.3405 s/iter. ETA=0:19:22
[12/10 06:11:13 d2.evaluation.evaluator]: Inference done 3080/3943. Dataloading: 0.0018 s/iter. Inference: 0.1569 s/iter. Eval: 1.1820 s/iter. Total: 1.3408 s/iter. ETA=0:19:17
[12/10 06:11:18 d2.evaluation.evaluator]: Inference done 3084/3943. Dataloading: 0.0018 s/iter. Inference: 0.1569 s/iter. Eval: 1.1820 s/iter. Total: 1.3408 s/iter. ETA=0:19:11
[12/10 06:11:23 d2.evaluation.evaluator]: Inference done 3089/3943. Dataloading: 0.0018 s/iter. Inference: 0.1569 s/iter. Eval: 1.1814 s/iter. Total: 1.3403 s/iter. ETA=0:19:04
[12/10 06:11:29 d2.evaluation.evaluator]: Inference done 3093/3943. Dataloading: 0.0018 s/iter. Inference: 0.1569 s/iter. Eval: 1.1815 s/iter. Total: 1.3403 s/iter. ETA=0:18:59
[12/10 06:11:34 d2.evaluation.evaluator]: Inference done 3099/3943. Dataloading: 0.0018 s/iter. Inference: 0.1569 s/iter. Eval: 1.1807 s/iter. Total: 1.3395 s/iter. ETA=0:18:50
[12/10 06:11:39 d2.evaluation.evaluator]: Inference done 3105/3943. Dataloading: 0.0018 s/iter. Inference: 0.1569 s/iter. Eval: 1.1797 s/iter. Total: 1.3385 s/iter. ETA=0:18:41
[12/10 06:11:45 d2.evaluation.evaluator]: Inference done 3110/3943. Dataloading: 0.0018 s/iter. Inference: 0.1569 s/iter. Eval: 1.1793 s/iter. Total: 1.3381 s/iter. ETA=0:18:34
[12/10 06:11:50 d2.evaluation.evaluator]: Inference done 3115/3943. Dataloading: 0.0018 s/iter. Inference: 0.1569 s/iter. Eval: 1.1789 s/iter. Total: 1.3377 s/iter. ETA=0:18:27
[12/10 06:11:55 d2.evaluation.evaluator]: Inference done 3119/3943. Dataloading: 0.0018 s/iter. Inference: 0.1569 s/iter. Eval: 1.1788 s/iter. Total: 1.3376 s/iter. ETA=0:18:22
[12/10 06:12:01 d2.evaluation.evaluator]: Inference done 3123/3943. Dataloading: 0.0018 s/iter. Inference: 0.1569 s/iter. Eval: 1.1791 s/iter. Total: 1.3379 s/iter. ETA=0:18:17
[12/10 06:12:07 d2.evaluation.evaluator]: Inference done 3128/3943. Dataloading: 0.0018 s/iter. Inference: 0.1569 s/iter. Eval: 1.1786 s/iter. Total: 1.3374 s/iter. ETA=0:18:10
[12/10 06:12:13 d2.evaluation.evaluator]: Inference done 3135/3943. Dataloading: 0.0018 s/iter. Inference: 0.1569 s/iter. Eval: 1.1775 s/iter. Total: 1.3363 s/iter. ETA=0:17:59
[12/10 06:12:20 d2.evaluation.evaluator]: Inference done 3140/3943. Dataloading: 0.0018 s/iter. Inference: 0.1569 s/iter. Eval: 1.1777 s/iter. Total: 1.3364 s/iter. ETA=0:17:53
[12/10 06:12:25 d2.evaluation.evaluator]: Inference done 3146/3943. Dataloading: 0.0018 s/iter. Inference: 0.1569 s/iter. Eval: 1.1768 s/iter. Total: 1.3356 s/iter. ETA=0:17:44
[12/10 06:12:31 d2.evaluation.evaluator]: Inference done 3150/3943. Dataloading: 0.0018 s/iter. Inference: 0.1569 s/iter. Eval: 1.1770 s/iter. Total: 1.3358 s/iter. ETA=0:17:39
[12/10 06:12:36 d2.evaluation.evaluator]: Inference done 3156/3943. Dataloading: 0.0018 s/iter. Inference: 0.1569 s/iter. Eval: 1.1761 s/iter. Total: 1.3349 s/iter. ETA=0:17:30
[12/10 06:12:42 d2.evaluation.evaluator]: Inference done 3161/3943. Dataloading: 0.0018 s/iter. Inference: 0.1569 s/iter. Eval: 1.1758 s/iter. Total: 1.3346 s/iter. ETA=0:17:23
[12/10 06:12:48 d2.evaluation.evaluator]: Inference done 3166/3943. Dataloading: 0.0018 s/iter. Inference: 0.1569 s/iter. Eval: 1.1756 s/iter. Total: 1.3344 s/iter. ETA=0:17:16
[12/10 06:12:54 d2.evaluation.evaluator]: Inference done 3169/3943. Dataloading: 0.0018 s/iter. Inference: 0.1569 s/iter. Eval: 1.1764 s/iter. Total: 1.3351 s/iter. ETA=0:17:13
[12/10 06:13:00 d2.evaluation.evaluator]: Inference done 3173/3943. Dataloading: 0.0018 s/iter. Inference: 0.1569 s/iter. Eval: 1.1766 s/iter. Total: 1.3354 s/iter. ETA=0:17:08
[12/10 06:13:07 d2.evaluation.evaluator]: Inference done 3178/3943. Dataloading: 0.0018 s/iter. Inference: 0.1569 s/iter. Eval: 1.1767 s/iter. Total: 1.3354 s/iter. ETA=0:17:01
[12/10 06:13:12 d2.evaluation.evaluator]: Inference done 3184/3943. Dataloading: 0.0018 s/iter. Inference: 0.1569 s/iter. Eval: 1.1758 s/iter. Total: 1.3345 s/iter. ETA=0:16:52
[12/10 06:13:17 d2.evaluation.evaluator]: Inference done 3189/3943. Dataloading: 0.0018 s/iter. Inference: 0.1569 s/iter. Eval: 1.1753 s/iter. Total: 1.3340 s/iter. ETA=0:16:45
[12/10 06:13:23 d2.evaluation.evaluator]: Inference done 3193/3943. Dataloading: 0.0018 s/iter. Inference: 0.1569 s/iter. Eval: 1.1752 s/iter. Total: 1.3339 s/iter. ETA=0:16:40
[12/10 06:13:28 d2.evaluation.evaluator]: Inference done 3198/3943. Dataloading: 0.0018 s/iter. Inference: 0.1569 s/iter. Eval: 1.1747 s/iter. Total: 1.3335 s/iter. ETA=0:16:33
[12/10 06:13:33 d2.evaluation.evaluator]: Inference done 3202/3943. Dataloading: 0.0018 s/iter. Inference: 0.1569 s/iter. Eval: 1.1748 s/iter. Total: 1.3335 s/iter. ETA=0:16:28
[12/10 06:13:40 d2.evaluation.evaluator]: Inference done 3207/3943. Dataloading: 0.0018 s/iter. Inference: 0.1569 s/iter. Eval: 1.1748 s/iter. Total: 1.3335 s/iter. ETA=0:16:21
[12/10 06:13:46 d2.evaluation.evaluator]: Inference done 3212/3943. Dataloading: 0.0018 s/iter. Inference: 0.1569 s/iter. Eval: 1.1745 s/iter. Total: 1.3332 s/iter. ETA=0:16:14
[12/10 06:13:51 d2.evaluation.evaluator]: Inference done 3217/3943. Dataloading: 0.0018 s/iter. Inference: 0.1568 s/iter. Eval: 1.1741 s/iter. Total: 1.3329 s/iter. ETA=0:16:07
[12/10 06:13:56 d2.evaluation.evaluator]: Inference done 3221/3943. Dataloading: 0.0018 s/iter. Inference: 0.1568 s/iter. Eval: 1.1741 s/iter. Total: 1.3328 s/iter. ETA=0:16:02
[12/10 06:14:02 d2.evaluation.evaluator]: Inference done 3225/3943. Dataloading: 0.0018 s/iter. Inference: 0.1568 s/iter. Eval: 1.1741 s/iter. Total: 1.3328 s/iter. ETA=0:15:56
[12/10 06:14:08 d2.evaluation.evaluator]: Inference done 3228/3943. Dataloading: 0.0018 s/iter. Inference: 0.1568 s/iter. Eval: 1.1750 s/iter. Total: 1.3337 s/iter. ETA=0:15:53
[12/10 06:14:15 d2.evaluation.evaluator]: Inference done 3232/3943. Dataloading: 0.0018 s/iter. Inference: 0.1568 s/iter. Eval: 1.1753 s/iter. Total: 1.3340 s/iter. ETA=0:15:48
[12/10 06:14:20 d2.evaluation.evaluator]: Inference done 3237/3943. Dataloading: 0.0018 s/iter. Inference: 0.1568 s/iter. Eval: 1.1748 s/iter. Total: 1.3335 s/iter. ETA=0:15:41
[12/10 06:14:26 d2.evaluation.evaluator]: Inference done 3241/3943. Dataloading: 0.0018 s/iter. Inference: 0.1568 s/iter. Eval: 1.1749 s/iter. Total: 1.3337 s/iter. ETA=0:15:36
[12/10 06:14:31 d2.evaluation.evaluator]: Inference done 3246/3943. Dataloading: 0.0018 s/iter. Inference: 0.1568 s/iter. Eval: 1.1745 s/iter. Total: 1.3332 s/iter. ETA=0:15:29
[12/10 06:14:36 d2.evaluation.evaluator]: Inference done 3250/3943. Dataloading: 0.0018 s/iter. Inference: 0.1568 s/iter. Eval: 1.1745 s/iter. Total: 1.3332 s/iter. ETA=0:15:23
[12/10 06:14:42 d2.evaluation.evaluator]: Inference done 3253/3943. Dataloading: 0.0018 s/iter. Inference: 0.1568 s/iter. Eval: 1.1749 s/iter. Total: 1.3336 s/iter. ETA=0:15:20
[12/10 06:14:47 d2.evaluation.evaluator]: Inference done 3258/3943. Dataloading: 0.0018 s/iter. Inference: 0.1568 s/iter. Eval: 1.1745 s/iter. Total: 1.3332 s/iter. ETA=0:15:13
[12/10 06:14:53 d2.evaluation.evaluator]: Inference done 3262/3943. Dataloading: 0.0018 s/iter. Inference: 0.1568 s/iter. Eval: 1.1747 s/iter. Total: 1.3334 s/iter. ETA=0:15:08
[12/10 06:14:59 d2.evaluation.evaluator]: Inference done 3267/3943. Dataloading: 0.0018 s/iter. Inference: 0.1568 s/iter. Eval: 1.1746 s/iter. Total: 1.3333 s/iter. ETA=0:15:01
[12/10 06:15:05 d2.evaluation.evaluator]: Inference done 3271/3943. Dataloading: 0.0018 s/iter. Inference: 0.1568 s/iter. Eval: 1.1746 s/iter. Total: 1.3333 s/iter. ETA=0:14:55
[12/10 06:15:10 d2.evaluation.evaluator]: Inference done 3276/3943. Dataloading: 0.0018 s/iter. Inference: 0.1568 s/iter. Eval: 1.1742 s/iter. Total: 1.3329 s/iter. ETA=0:14:49
[12/10 06:15:15 d2.evaluation.evaluator]: Inference done 3282/3943. Dataloading: 0.0018 s/iter. Inference: 0.1568 s/iter. Eval: 1.1733 s/iter. Total: 1.3320 s/iter. ETA=0:14:40
[12/10 06:15:21 d2.evaluation.evaluator]: Inference done 3288/3943. Dataloading: 0.0018 s/iter. Inference: 0.1568 s/iter. Eval: 1.1728 s/iter. Total: 1.3315 s/iter. ETA=0:14:32
[12/10 06:15:27 d2.evaluation.evaluator]: Inference done 3293/3943. Dataloading: 0.0018 s/iter. Inference: 0.1568 s/iter. Eval: 1.1724 s/iter. Total: 1.3311 s/iter. ETA=0:14:25
[12/10 06:15:33 d2.evaluation.evaluator]: Inference done 3301/3943. Dataloading: 0.0018 s/iter. Inference: 0.1568 s/iter. Eval: 1.1712 s/iter. Total: 1.3299 s/iter. ETA=0:14:13
[12/10 06:15:38 d2.evaluation.evaluator]: Inference done 3306/3943. Dataloading: 0.0018 s/iter. Inference: 0.1568 s/iter. Eval: 1.1708 s/iter. Total: 1.3294 s/iter. ETA=0:14:06
[12/10 06:15:44 d2.evaluation.evaluator]: Inference done 3312/3943. Dataloading: 0.0018 s/iter. Inference: 0.1568 s/iter. Eval: 1.1700 s/iter. Total: 1.3287 s/iter. ETA=0:13:58
[12/10 06:15:49 d2.evaluation.evaluator]: Inference done 3316/3943. Dataloading: 0.0018 s/iter. Inference: 0.1568 s/iter. Eval: 1.1700 s/iter. Total: 1.3287 s/iter. ETA=0:13:53
[12/10 06:15:57 d2.evaluation.evaluator]: Inference done 3321/3943. Dataloading: 0.0018 s/iter. Inference: 0.1568 s/iter. Eval: 1.1704 s/iter. Total: 1.3291 s/iter. ETA=0:13:46
[12/10 06:16:03 d2.evaluation.evaluator]: Inference done 3327/3943. Dataloading: 0.0018 s/iter. Inference: 0.1568 s/iter. Eval: 1.1696 s/iter. Total: 1.3283 s/iter. ETA=0:13:38
[12/10 06:16:08 d2.evaluation.evaluator]: Inference done 3332/3943. Dataloading: 0.0018 s/iter. Inference: 0.1568 s/iter. Eval: 1.1693 s/iter. Total: 1.3280 s/iter. ETA=0:13:31
[12/10 06:16:16 d2.evaluation.evaluator]: Inference done 3338/3943. Dataloading: 0.0018 s/iter. Inference: 0.1568 s/iter. Eval: 1.1692 s/iter. Total: 1.3278 s/iter. ETA=0:13:23
[12/10 06:16:21 d2.evaluation.evaluator]: Inference done 3342/3943. Dataloading: 0.0018 s/iter. Inference: 0.1568 s/iter. Eval: 1.1691 s/iter. Total: 1.3278 s/iter. ETA=0:13:18
[12/10 06:16:26 d2.evaluation.evaluator]: Inference done 3345/3943. Dataloading: 0.0018 s/iter. Inference: 0.1568 s/iter. Eval: 1.1695 s/iter. Total: 1.3282 s/iter. ETA=0:13:14
[12/10 06:16:32 d2.evaluation.evaluator]: Inference done 3349/3943. Dataloading: 0.0018 s/iter. Inference: 0.1568 s/iter. Eval: 1.1696 s/iter. Total: 1.3282 s/iter. ETA=0:13:08
[12/10 06:16:38 d2.evaluation.evaluator]: Inference done 3353/3943. Dataloading: 0.0018 s/iter. Inference: 0.1568 s/iter. Eval: 1.1698 s/iter. Total: 1.3284 s/iter. ETA=0:13:03
[12/10 06:16:43 d2.evaluation.evaluator]: Inference done 3359/3943. Dataloading: 0.0018 s/iter. Inference: 0.1568 s/iter. Eval: 1.1691 s/iter. Total: 1.3278 s/iter. ETA=0:12:55
[12/10 06:16:49 d2.evaluation.evaluator]: Inference done 3362/3943. Dataloading: 0.0018 s/iter. Inference: 0.1568 s/iter. Eval: 1.1697 s/iter. Total: 1.3284 s/iter. ETA=0:12:51
[12/10 06:16:55 d2.evaluation.evaluator]: Inference done 3368/3943. Dataloading: 0.0018 s/iter. Inference: 0.1568 s/iter. Eval: 1.1691 s/iter. Total: 1.3278 s/iter. ETA=0:12:43
[12/10 06:17:00 d2.evaluation.evaluator]: Inference done 3372/3943. Dataloading: 0.0018 s/iter. Inference: 0.1568 s/iter. Eval: 1.1691 s/iter. Total: 1.3278 s/iter. ETA=0:12:38
[12/10 06:17:07 d2.evaluation.evaluator]: Inference done 3378/3943. Dataloading: 0.0018 s/iter. Inference: 0.1568 s/iter. Eval: 1.1685 s/iter. Total: 1.3272 s/iter. ETA=0:12:29
[12/10 06:17:12 d2.evaluation.evaluator]: Inference done 3384/3943. Dataloading: 0.0018 s/iter. Inference: 0.1568 s/iter. Eval: 1.1677 s/iter. Total: 1.3264 s/iter. ETA=0:12:21
[12/10 06:17:18 d2.evaluation.evaluator]: Inference done 3387/3943. Dataloading: 0.0018 s/iter. Inference: 0.1568 s/iter. Eval: 1.1683 s/iter. Total: 1.3270 s/iter. ETA=0:12:17
[12/10 06:17:23 d2.evaluation.evaluator]: Inference done 3391/3943. Dataloading: 0.0018 s/iter. Inference: 0.1568 s/iter. Eval: 1.1684 s/iter. Total: 1.3271 s/iter. ETA=0:12:12
[12/10 06:17:29 d2.evaluation.evaluator]: Inference done 3395/3943. Dataloading: 0.0018 s/iter. Inference: 0.1568 s/iter. Eval: 1.1684 s/iter. Total: 1.3271 s/iter. ETA=0:12:07
[12/10 06:17:35 d2.evaluation.evaluator]: Inference done 3402/3943. Dataloading: 0.0018 s/iter. Inference: 0.1568 s/iter. Eval: 1.1675 s/iter. Total: 1.3261 s/iter. ETA=0:11:57
[12/10 06:17:41 d2.evaluation.evaluator]: Inference done 3407/3943. Dataloading: 0.0018 s/iter. Inference: 0.1568 s/iter. Eval: 1.1673 s/iter. Total: 1.3259 s/iter. ETA=0:11:50
[12/10 06:17:46 d2.evaluation.evaluator]: Inference done 3412/3943. Dataloading: 0.0018 s/iter. Inference: 0.1568 s/iter. Eval: 1.1669 s/iter. Total: 1.3255 s/iter. ETA=0:11:43
[12/10 06:17:52 d2.evaluation.evaluator]: Inference done 3419/3943. Dataloading: 0.0018 s/iter. Inference: 0.1567 s/iter. Eval: 1.1658 s/iter. Total: 1.3245 s/iter. ETA=0:11:34
[12/10 06:17:58 d2.evaluation.evaluator]: Inference done 3425/3943. Dataloading: 0.0018 s/iter. Inference: 0.1567 s/iter. Eval: 1.1654 s/iter. Total: 1.3240 s/iter. ETA=0:11:25
[12/10 06:18:03 d2.evaluation.evaluator]: Inference done 3429/3943. Dataloading: 0.0018 s/iter. Inference: 0.1567 s/iter. Eval: 1.1654 s/iter. Total: 1.3240 s/iter. ETA=0:11:20
[12/10 06:18:10 d2.evaluation.evaluator]: Inference done 3433/3943. Dataloading: 0.0018 s/iter. Inference: 0.1567 s/iter. Eval: 1.1657 s/iter. Total: 1.3243 s/iter. ETA=0:11:15
[12/10 06:18:15 d2.evaluation.evaluator]: Inference done 3438/3943. Dataloading: 0.0018 s/iter. Inference: 0.1567 s/iter. Eval: 1.1653 s/iter. Total: 1.3239 s/iter. ETA=0:11:08
[12/10 06:18:21 d2.evaluation.evaluator]: Inference done 3442/3943. Dataloading: 0.0018 s/iter. Inference: 0.1567 s/iter. Eval: 1.1655 s/iter. Total: 1.3242 s/iter. ETA=0:11:03
[12/10 06:18:26 d2.evaluation.evaluator]: Inference done 3447/3943. Dataloading: 0.0018 s/iter. Inference: 0.1567 s/iter. Eval: 1.1652 s/iter. Total: 1.3238 s/iter. ETA=0:10:56
[12/10 06:18:31 d2.evaluation.evaluator]: Inference done 3453/3943. Dataloading: 0.0018 s/iter. Inference: 0.1567 s/iter. Eval: 1.1644 s/iter. Total: 1.3229 s/iter. ETA=0:10:48
[12/10 06:18:37 d2.evaluation.evaluator]: Inference done 3457/3943. Dataloading: 0.0018 s/iter. Inference: 0.1567 s/iter. Eval: 1.1645 s/iter. Total: 1.3230 s/iter. ETA=0:10:42
[12/10 06:18:42 d2.evaluation.evaluator]: Inference done 3461/3943. Dataloading: 0.0018 s/iter. Inference: 0.1567 s/iter. Eval: 1.1644 s/iter. Total: 1.3230 s/iter. ETA=0:10:37
[12/10 06:18:48 d2.evaluation.evaluator]: Inference done 3465/3943. Dataloading: 0.0018 s/iter. Inference: 0.1567 s/iter. Eval: 1.1645 s/iter. Total: 1.3231 s/iter. ETA=0:10:32
[12/10 06:18:53 d2.evaluation.evaluator]: Inference done 3471/3943. Dataloading: 0.0018 s/iter. Inference: 0.1567 s/iter. Eval: 1.1638 s/iter. Total: 1.3224 s/iter. ETA=0:10:24
[12/10 06:18:59 d2.evaluation.evaluator]: Inference done 3476/3943. Dataloading: 0.0018 s/iter. Inference: 0.1567 s/iter. Eval: 1.1635 s/iter. Total: 1.3221 s/iter. ETA=0:10:17
[12/10 06:19:05 d2.evaluation.evaluator]: Inference done 3481/3943. Dataloading: 0.0018 s/iter. Inference: 0.1567 s/iter. Eval: 1.1633 s/iter. Total: 1.3218 s/iter. ETA=0:10:10
[12/10 06:19:10 d2.evaluation.evaluator]: Inference done 3487/3943. Dataloading: 0.0018 s/iter. Inference: 0.1567 s/iter. Eval: 1.1625 s/iter. Total: 1.3211 s/iter. ETA=0:10:02
[12/10 06:19:17 d2.evaluation.evaluator]: Inference done 3492/3943. Dataloading: 0.0018 s/iter. Inference: 0.1567 s/iter. Eval: 1.1626 s/iter. Total: 1.3211 s/iter. ETA=0:09:55
[12/10 06:19:22 d2.evaluation.evaluator]: Inference done 3498/3943. Dataloading: 0.0018 s/iter. Inference: 0.1567 s/iter. Eval: 1.1619 s/iter. Total: 1.3205 s/iter. ETA=0:09:47
[12/10 06:19:28 d2.evaluation.evaluator]: Inference done 3502/3943. Dataloading: 0.0018 s/iter. Inference: 0.1567 s/iter. Eval: 1.1620 s/iter. Total: 1.3205 s/iter. ETA=0:09:42
[12/10 06:19:35 d2.evaluation.evaluator]: Inference done 3507/3943. Dataloading: 0.0018 s/iter. Inference: 0.1566 s/iter. Eval: 1.1620 s/iter. Total: 1.3206 s/iter. ETA=0:09:35
[12/10 06:19:41 d2.evaluation.evaluator]: Inference done 3510/3943. Dataloading: 0.0018 s/iter. Inference: 0.1566 s/iter. Eval: 1.1627 s/iter. Total: 1.3213 s/iter. ETA=0:09:32
[12/10 06:19:46 d2.evaluation.evaluator]: Inference done 3513/3943. Dataloading: 0.0018 s/iter. Inference: 0.1566 s/iter. Eval: 1.1631 s/iter. Total: 1.3216 s/iter. ETA=0:09:28
[12/10 06:19:52 d2.evaluation.evaluator]: Inference done 3518/3943. Dataloading: 0.0018 s/iter. Inference: 0.1566 s/iter. Eval: 1.1629 s/iter. Total: 1.3214 s/iter. ETA=0:09:21
[12/10 06:19:57 d2.evaluation.evaluator]: Inference done 3523/3943. Dataloading: 0.0018 s/iter. Inference: 0.1566 s/iter. Eval: 1.1626 s/iter. Total: 1.3211 s/iter. ETA=0:09:14
[12/10 06:20:03 d2.evaluation.evaluator]: Inference done 3528/3943. Dataloading: 0.0018 s/iter. Inference: 0.1566 s/iter. Eval: 1.1623 s/iter. Total: 1.3208 s/iter. ETA=0:09:08
[12/10 06:20:08 d2.evaluation.evaluator]: Inference done 3533/3943. Dataloading: 0.0018 s/iter. Inference: 0.1566 s/iter. Eval: 1.1620 s/iter. Total: 1.3204 s/iter. ETA=0:09:01
[12/10 06:20:14 d2.evaluation.evaluator]: Inference done 3539/3943. Dataloading: 0.0018 s/iter. Inference: 0.1566 s/iter. Eval: 1.1613 s/iter. Total: 1.3198 s/iter. ETA=0:08:53
[12/10 06:20:19 d2.evaluation.evaluator]: Inference done 3544/3943. Dataloading: 0.0018 s/iter. Inference: 0.1566 s/iter. Eval: 1.1609 s/iter. Total: 1.3194 s/iter. ETA=0:08:46
[12/10 06:20:25 d2.evaluation.evaluator]: Inference done 3548/3943. Dataloading: 0.0018 s/iter. Inference: 0.1566 s/iter. Eval: 1.1611 s/iter. Total: 1.3196 s/iter. ETA=0:08:41
[12/10 06:20:30 d2.evaluation.evaluator]: Inference done 3552/3943. Dataloading: 0.0018 s/iter. Inference: 0.1566 s/iter. Eval: 1.1611 s/iter. Total: 1.3196 s/iter. ETA=0:08:35
[12/10 06:20:36 d2.evaluation.evaluator]: Inference done 3557/3943. Dataloading: 0.0018 s/iter. Inference: 0.1566 s/iter. Eval: 1.1607 s/iter. Total: 1.3191 s/iter. ETA=0:08:29
[12/10 06:20:42 d2.evaluation.evaluator]: Inference done 3562/3943. Dataloading: 0.0018 s/iter. Inference: 0.1566 s/iter. Eval: 1.1605 s/iter. Total: 1.3190 s/iter. ETA=0:08:22
[12/10 06:20:47 d2.evaluation.evaluator]: Inference done 3568/3943. Dataloading: 0.0018 s/iter. Inference: 0.1566 s/iter. Eval: 1.1598 s/iter. Total: 1.3183 s/iter. ETA=0:08:14
[12/10 06:20:52 d2.evaluation.evaluator]: Inference done 3573/3943. Dataloading: 0.0018 s/iter. Inference: 0.1566 s/iter. Eval: 1.1595 s/iter. Total: 1.3180 s/iter. ETA=0:08:07
[12/10 06:20:58 d2.evaluation.evaluator]: Inference done 3578/3943. Dataloading: 0.0018 s/iter. Inference: 0.1566 s/iter. Eval: 1.1593 s/iter. Total: 1.3178 s/iter. ETA=0:08:00
[12/10 06:21:04 d2.evaluation.evaluator]: Inference done 3584/3943. Dataloading: 0.0018 s/iter. Inference: 0.1566 s/iter. Eval: 1.1586 s/iter. Total: 1.3171 s/iter. ETA=0:07:52
[12/10 06:21:09 d2.evaluation.evaluator]: Inference done 3590/3943. Dataloading: 0.0018 s/iter. Inference: 0.1566 s/iter. Eval: 1.1578 s/iter. Total: 1.3163 s/iter. ETA=0:07:44
[12/10 06:21:14 d2.evaluation.evaluator]: Inference done 3595/3943. Dataloading: 0.0018 s/iter. Inference: 0.1566 s/iter. Eval: 1.1576 s/iter. Total: 1.3160 s/iter. ETA=0:07:37
[12/10 06:21:20 d2.evaluation.evaluator]: Inference done 3599/3943. Dataloading: 0.0018 s/iter. Inference: 0.1566 s/iter. Eval: 1.1577 s/iter. Total: 1.3161 s/iter. ETA=0:07:32
[12/10 06:21:26 d2.evaluation.evaluator]: Inference done 3603/3943. Dataloading: 0.0018 s/iter. Inference: 0.1566 s/iter. Eval: 1.1579 s/iter. Total: 1.3163 s/iter. ETA=0:07:27
[12/10 06:21:31 d2.evaluation.evaluator]: Inference done 3608/3943. Dataloading: 0.0018 s/iter. Inference: 0.1566 s/iter. Eval: 1.1575 s/iter. Total: 1.3159 s/iter. ETA=0:07:20
[12/10 06:21:36 d2.evaluation.evaluator]: Inference done 3614/3943. Dataloading: 0.0018 s/iter. Inference: 0.1566 s/iter. Eval: 1.1567 s/iter. Total: 1.3151 s/iter. ETA=0:07:12
[12/10 06:21:42 d2.evaluation.evaluator]: Inference done 3619/3943. Dataloading: 0.0018 s/iter. Inference: 0.1566 s/iter. Eval: 1.1564 s/iter. Total: 1.3149 s/iter. ETA=0:07:06
[12/10 06:21:47 d2.evaluation.evaluator]: Inference done 3623/3943. Dataloading: 0.0018 s/iter. Inference: 0.1566 s/iter. Eval: 1.1565 s/iter. Total: 1.3149 s/iter. ETA=0:07:00
[12/10 06:21:54 d2.evaluation.evaluator]: Inference done 3629/3943. Dataloading: 0.0018 s/iter. Inference: 0.1565 s/iter. Eval: 1.1560 s/iter. Total: 1.3145 s/iter. ETA=0:06:52
[12/10 06:21:59 d2.evaluation.evaluator]: Inference done 3633/3943. Dataloading: 0.0018 s/iter. Inference: 0.1565 s/iter. Eval: 1.1562 s/iter. Total: 1.3146 s/iter. ETA=0:06:47
[12/10 06:22:05 d2.evaluation.evaluator]: Inference done 3638/3943. Dataloading: 0.0018 s/iter. Inference: 0.1565 s/iter. Eval: 1.1559 s/iter. Total: 1.3143 s/iter. ETA=0:06:40
[12/10 06:22:11 d2.evaluation.evaluator]: Inference done 3645/3943. Dataloading: 0.0018 s/iter. Inference: 0.1565 s/iter. Eval: 1.1549 s/iter. Total: 1.3134 s/iter. ETA=0:06:31
[12/10 06:22:16 d2.evaluation.evaluator]: Inference done 3650/3943. Dataloading: 0.0018 s/iter. Inference: 0.1565 s/iter. Eval: 1.1546 s/iter. Total: 1.3130 s/iter. ETA=0:06:24
[12/10 06:22:21 d2.evaluation.evaluator]: Inference done 3655/3943. Dataloading: 0.0018 s/iter. Inference: 0.1565 s/iter. Eval: 1.1543 s/iter. Total: 1.3127 s/iter. ETA=0:06:18
[12/10 06:22:27 d2.evaluation.evaluator]: Inference done 3660/3943. Dataloading: 0.0018 s/iter. Inference: 0.1565 s/iter. Eval: 1.1539 s/iter. Total: 1.3123 s/iter. ETA=0:06:11
[12/10 06:22:32 d2.evaluation.evaluator]: Inference done 3664/3943. Dataloading: 0.0018 s/iter. Inference: 0.1565 s/iter. Eval: 1.1540 s/iter. Total: 1.3124 s/iter. ETA=0:06:06
[12/10 06:22:38 d2.evaluation.evaluator]: Inference done 3668/3943. Dataloading: 0.0018 s/iter. Inference: 0.1565 s/iter. Eval: 1.1542 s/iter. Total: 1.3126 s/iter. ETA=0:06:00
[12/10 06:22:44 d2.evaluation.evaluator]: Inference done 3673/3943. Dataloading: 0.0018 s/iter. Inference: 0.1565 s/iter. Eval: 1.1539 s/iter. Total: 1.3123 s/iter. ETA=0:05:54
[12/10 06:22:49 d2.evaluation.evaluator]: Inference done 3678/3943. Dataloading: 0.0018 s/iter. Inference: 0.1565 s/iter. Eval: 1.1536 s/iter. Total: 1.3120 s/iter. ETA=0:05:47
[12/10 06:22:54 d2.evaluation.evaluator]: Inference done 3683/3943. Dataloading: 0.0018 s/iter. Inference: 0.1565 s/iter. Eval: 1.1533 s/iter. Total: 1.3117 s/iter. ETA=0:05:41
[12/10 06:22:59 d2.evaluation.evaluator]: Inference done 3688/3943. Dataloading: 0.0018 s/iter. Inference: 0.1565 s/iter. Eval: 1.1529 s/iter. Total: 1.3113 s/iter. ETA=0:05:34
[12/10 06:23:07 d2.evaluation.evaluator]: Inference done 3693/3943. Dataloading: 0.0018 s/iter. Inference: 0.1565 s/iter. Eval: 1.1531 s/iter. Total: 1.3115 s/iter. ETA=0:05:27
[12/10 06:23:12 d2.evaluation.evaluator]: Inference done 3700/3943. Dataloading: 0.0018 s/iter. Inference: 0.1565 s/iter. Eval: 1.1520 s/iter. Total: 1.3104 s/iter. ETA=0:05:18
[12/10 06:23:18 d2.evaluation.evaluator]: Inference done 3705/3943. Dataloading: 0.0018 s/iter. Inference: 0.1565 s/iter. Eval: 1.1519 s/iter. Total: 1.3103 s/iter. ETA=0:05:11
[12/10 06:23:24 d2.evaluation.evaluator]: Inference done 3709/3943. Dataloading: 0.0018 s/iter. Inference: 0.1565 s/iter. Eval: 1.1521 s/iter. Total: 1.3105 s/iter. ETA=0:05:06
[12/10 06:23:30 d2.evaluation.evaluator]: Inference done 3714/3943. Dataloading: 0.0018 s/iter. Inference: 0.1565 s/iter. Eval: 1.1518 s/iter. Total: 1.3103 s/iter. ETA=0:05:00
[12/10 06:23:35 d2.evaluation.evaluator]: Inference done 3717/3943. Dataloading: 0.0018 s/iter. Inference: 0.1565 s/iter. Eval: 1.1523 s/iter. Total: 1.3107 s/iter. ETA=0:04:56
[12/10 06:23:40 d2.evaluation.evaluator]: Inference done 3721/3943. Dataloading: 0.0018 s/iter. Inference: 0.1565 s/iter. Eval: 1.1522 s/iter. Total: 1.3106 s/iter. ETA=0:04:50
[12/10 06:23:46 d2.evaluation.evaluator]: Inference done 3725/3943. Dataloading: 0.0018 s/iter. Inference: 0.1565 s/iter. Eval: 1.1522 s/iter. Total: 1.3106 s/iter. ETA=0:04:45
[12/10 06:23:51 d2.evaluation.evaluator]: Inference done 3730/3943. Dataloading: 0.0018 s/iter. Inference: 0.1565 s/iter. Eval: 1.1519 s/iter. Total: 1.3103 s/iter. ETA=0:04:39
[12/10 06:23:56 d2.evaluation.evaluator]: Inference done 3733/3943. Dataloading: 0.0018 s/iter. Inference: 0.1565 s/iter. Eval: 1.1523 s/iter. Total: 1.3107 s/iter. ETA=0:04:35
[12/10 06:24:02 d2.evaluation.evaluator]: Inference done 3737/3943. Dataloading: 0.0018 s/iter. Inference: 0.1565 s/iter. Eval: 1.1523 s/iter. Total: 1.3108 s/iter. ETA=0:04:30
[12/10 06:24:07 d2.evaluation.evaluator]: Inference done 3742/3943. Dataloading: 0.0018 s/iter. Inference: 0.1565 s/iter. Eval: 1.1520 s/iter. Total: 1.3104 s/iter. ETA=0:04:23
[12/10 06:24:13 d2.evaluation.evaluator]: Inference done 3748/3943. Dataloading: 0.0018 s/iter. Inference: 0.1565 s/iter. Eval: 1.1516 s/iter. Total: 1.3100 s/iter. ETA=0:04:15
[12/10 06:24:20 d2.evaluation.evaluator]: Inference done 3752/3943. Dataloading: 0.0018 s/iter. Inference: 0.1565 s/iter. Eval: 1.1519 s/iter. Total: 1.3103 s/iter. ETA=0:04:10
[12/10 06:24:26 d2.evaluation.evaluator]: Inference done 3758/3943. Dataloading: 0.0018 s/iter. Inference: 0.1565 s/iter. Eval: 1.1515 s/iter. Total: 1.3099 s/iter. ETA=0:04:02
[12/10 06:24:31 d2.evaluation.evaluator]: Inference done 3763/3943. Dataloading: 0.0018 s/iter. Inference: 0.1565 s/iter. Eval: 1.1512 s/iter. Total: 1.3096 s/iter. ETA=0:03:55
[12/10 06:24:37 d2.evaluation.evaluator]: Inference done 3767/3943. Dataloading: 0.0018 s/iter. Inference: 0.1565 s/iter. Eval: 1.1513 s/iter. Total: 1.3097 s/iter. ETA=0:03:50
[12/10 06:24:42 d2.evaluation.evaluator]: Inference done 3771/3943. Dataloading: 0.0018 s/iter. Inference: 0.1565 s/iter. Eval: 1.1512 s/iter. Total: 1.3096 s/iter. ETA=0:03:45
[12/10 06:24:48 d2.evaluation.evaluator]: Inference done 3774/3943. Dataloading: 0.0018 s/iter. Inference: 0.1565 s/iter. Eval: 1.1517 s/iter. Total: 1.3101 s/iter. ETA=0:03:41
[12/10 06:24:54 d2.evaluation.evaluator]: Inference done 3778/3943. Dataloading: 0.0018 s/iter. Inference: 0.1565 s/iter. Eval: 1.1519 s/iter. Total: 1.3103 s/iter. ETA=0:03:36
[12/10 06:25:01 d2.evaluation.evaluator]: Inference done 3782/3943. Dataloading: 0.0018 s/iter. Inference: 0.1565 s/iter. Eval: 1.1524 s/iter. Total: 1.3108 s/iter. ETA=0:03:31
[12/10 06:25:07 d2.evaluation.evaluator]: Inference done 3785/3943. Dataloading: 0.0018 s/iter. Inference: 0.1565 s/iter. Eval: 1.1530 s/iter. Total: 1.3115 s/iter. ETA=0:03:27
[12/10 06:25:13 d2.evaluation.evaluator]: Inference done 3790/3943. Dataloading: 0.0018 s/iter. Inference: 0.1566 s/iter. Eval: 1.1529 s/iter. Total: 1.3113 s/iter. ETA=0:03:20
[12/10 06:25:18 d2.evaluation.evaluator]: Inference done 3797/3943. Dataloading: 0.0018 s/iter. Inference: 0.1566 s/iter. Eval: 1.1518 s/iter. Total: 1.3102 s/iter. ETA=0:03:11
[12/10 06:25:24 d2.evaluation.evaluator]: Inference done 3801/3943. Dataloading: 0.0018 s/iter. Inference: 0.1566 s/iter. Eval: 1.1518 s/iter. Total: 1.3102 s/iter. ETA=0:03:06
[12/10 06:25:30 d2.evaluation.evaluator]: Inference done 3804/3943. Dataloading: 0.0018 s/iter. Inference: 0.1566 s/iter. Eval: 1.1524 s/iter. Total: 1.3108 s/iter. ETA=0:03:02
[12/10 06:25:36 d2.evaluation.evaluator]: Inference done 3809/3943. Dataloading: 0.0018 s/iter. Inference: 0.1566 s/iter. Eval: 1.1522 s/iter. Total: 1.3107 s/iter. ETA=0:02:55
[12/10 06:25:42 d2.evaluation.evaluator]: Inference done 3813/3943. Dataloading: 0.0018 s/iter. Inference: 0.1566 s/iter. Eval: 1.1524 s/iter. Total: 1.3109 s/iter. ETA=0:02:50
[12/10 06:25:47 d2.evaluation.evaluator]: Inference done 3817/3943. Dataloading: 0.0018 s/iter. Inference: 0.1565 s/iter. Eval: 1.1525 s/iter. Total: 1.3109 s/iter. ETA=0:02:45
[12/10 06:25:52 d2.evaluation.evaluator]: Inference done 3820/3943. Dataloading: 0.0018 s/iter. Inference: 0.1565 s/iter. Eval: 1.1528 s/iter. Total: 1.3112 s/iter. ETA=0:02:41
[12/10 06:25:57 d2.evaluation.evaluator]: Inference done 3825/3943. Dataloading: 0.0018 s/iter. Inference: 0.1565 s/iter. Eval: 1.1524 s/iter. Total: 1.3108 s/iter. ETA=0:02:34
[12/10 06:26:03 d2.evaluation.evaluator]: Inference done 3829/3943. Dataloading: 0.0018 s/iter. Inference: 0.1565 s/iter. Eval: 1.1525 s/iter. Total: 1.3109 s/iter. ETA=0:02:29
[12/10 06:26:08 d2.evaluation.evaluator]: Inference done 3833/3943. Dataloading: 0.0018 s/iter. Inference: 0.1565 s/iter. Eval: 1.1524 s/iter. Total: 1.3109 s/iter. ETA=0:02:24
[12/10 06:26:14 d2.evaluation.evaluator]: Inference done 3836/3943. Dataloading: 0.0018 s/iter. Inference: 0.1566 s/iter. Eval: 1.1529 s/iter. Total: 1.3113 s/iter. ETA=0:02:20
[12/10 06:26:19 d2.evaluation.evaluator]: Inference done 3840/3943. Dataloading: 0.0018 s/iter. Inference: 0.1566 s/iter. Eval: 1.1529 s/iter. Total: 1.3114 s/iter. ETA=0:02:15
[12/10 06:26:25 d2.evaluation.evaluator]: Inference done 3844/3943. Dataloading: 0.0018 s/iter. Inference: 0.1566 s/iter. Eval: 1.1531 s/iter. Total: 1.3115 s/iter. ETA=0:02:09
[12/10 06:26:32 d2.evaluation.evaluator]: Inference done 3849/3943. Dataloading: 0.0018 s/iter. Inference: 0.1566 s/iter. Eval: 1.1531 s/iter. Total: 1.3115 s/iter. ETA=0:02:03
[12/10 06:26:38 d2.evaluation.evaluator]: Inference done 3854/3943. Dataloading: 0.0018 s/iter. Inference: 0.1566 s/iter. Eval: 1.1530 s/iter. Total: 1.3115 s/iter. ETA=0:01:56
[12/10 06:26:43 d2.evaluation.evaluator]: Inference done 3859/3943. Dataloading: 0.0018 s/iter. Inference: 0.1566 s/iter. Eval: 1.1527 s/iter. Total: 1.3112 s/iter. ETA=0:01:50
[12/10 06:26:49 d2.evaluation.evaluator]: Inference done 3869/3943. Dataloading: 0.0018 s/iter. Inference: 0.1565 s/iter. Eval: 1.1509 s/iter. Total: 1.3093 s/iter. ETA=0:01:36
[12/10 06:26:55 d2.evaluation.evaluator]: Inference done 3874/3943. Dataloading: 0.0018 s/iter. Inference: 0.1565 s/iter. Eval: 1.1507 s/iter. Total: 1.3091 s/iter. ETA=0:01:30
[12/10 06:27:00 d2.evaluation.evaluator]: Inference done 3880/3943. Dataloading: 0.0018 s/iter. Inference: 0.1565 s/iter. Eval: 1.1500 s/iter. Total: 1.3084 s/iter. ETA=0:01:22
[12/10 06:27:06 d2.evaluation.evaluator]: Inference done 3884/3943. Dataloading: 0.0018 s/iter. Inference: 0.1565 s/iter. Eval: 1.1502 s/iter. Total: 1.3087 s/iter. ETA=0:01:17
[12/10 06:27:13 d2.evaluation.evaluator]: Inference done 3891/3943. Dataloading: 0.0018 s/iter. Inference: 0.1565 s/iter. Eval: 1.1496 s/iter. Total: 1.3080 s/iter. ETA=0:01:08
[12/10 06:27:19 d2.evaluation.evaluator]: Inference done 3898/3943. Dataloading: 0.0018 s/iter. Inference: 0.1565 s/iter. Eval: 1.1487 s/iter. Total: 1.3072 s/iter. ETA=0:00:58
[12/10 06:27:24 d2.evaluation.evaluator]: Inference done 3904/3943. Dataloading: 0.0018 s/iter. Inference: 0.1565 s/iter. Eval: 1.1482 s/iter. Total: 1.3066 s/iter. ETA=0:00:50
[12/10 06:27:29 d2.evaluation.evaluator]: Inference done 3906/3943. Dataloading: 0.0018 s/iter. Inference: 0.1565 s/iter. Eval: 1.1488 s/iter. Total: 1.3072 s/iter. ETA=0:00:48
[12/10 06:27:36 d2.evaluation.evaluator]: Inference done 3913/3943. Dataloading: 0.0018 s/iter. Inference: 0.1565 s/iter. Eval: 1.1480 s/iter. Total: 1.3065 s/iter. ETA=0:00:39
[12/10 06:27:41 d2.evaluation.evaluator]: Inference done 3918/3943. Dataloading: 0.0018 s/iter. Inference: 0.1565 s/iter. Eval: 1.1477 s/iter. Total: 1.3062 s/iter. ETA=0:00:32
[12/10 06:27:46 d2.evaluation.evaluator]: Inference done 3922/3943. Dataloading: 0.0018 s/iter. Inference: 0.1565 s/iter. Eval: 1.1478 s/iter. Total: 1.3062 s/iter. ETA=0:00:27
[12/10 06:27:53 d2.evaluation.evaluator]: Inference done 3929/3943. Dataloading: 0.0018 s/iter. Inference: 0.1565 s/iter. Eval: 1.1472 s/iter. Total: 1.3056 s/iter. ETA=0:00:18
[12/10 06:27:59 d2.evaluation.evaluator]: Inference done 3933/3943. Dataloading: 0.0018 s/iter. Inference: 0.1565 s/iter. Eval: 1.1472 s/iter. Total: 1.3056 s/iter. ETA=0:00:13
[12/10 06:28:04 d2.evaluation.evaluator]: Inference done 3936/3943. Dataloading: 0.0018 s/iter. Inference: 0.1565 s/iter. Eval: 1.1475 s/iter. Total: 1.3059 s/iter. ETA=0:00:09
[12/10 06:28:10 d2.evaluation.evaluator]: Inference done 3942/3943. Dataloading: 0.0018 s/iter. Inference: 0.1565 s/iter. Eval: 1.1471 s/iter. Total: 1.3056 s/iter. ETA=0:00:01
[12/10 06:28:11 d2.evaluation.evaluator]: Total inference time: 1:25:41.144943 (1.305522 s / iter per device, on 1 devices)
[12/10 06:28:11 d2.evaluation.evaluator]: Total inference pure compute time: 0:10:16 (0.156540 s / iter per device, on 1 devices)
[12/10 06:28:14 d2.evaluation.sem_seg_evaluation]: OrderedDict([('sem_seg', {'mIoU': 46.96423682964721, 'fwIoU': 80.13066048858404, 'IoU-road': 82.43840984412095, 'IoU-sidewalk': 51.967770321748, 'IoU-building': 86.84240506648977, 'IoU-wall': 38.52226272953796, 'IoU-bridge': 44.88627234577947, 'IoU-tunnel': 52.16741126342346, 'IoU-traffic sign': 8.155043534490147, 'IoU-traffic light': 9.503954593094855, 'IoU-pole': 25.942239917716385, 'IoU-fence': 32.66626086478405, 'IoU-sky': 96.88491392524774, 'IoU-vegetation': 86.35185781099783, 'IoU-terrain': 14.990044693965359, 'IoU-water': 70.1227955930959, 'IoU-snow': 48.462814348012, 'IoU-sand': 19.391647999805215, 'IoU-person': 72.4454833333808, 'IoU-rider': 9.082939379422507, 'IoU-car': 89.25026226743434, 'IoU-truck': 69.15305958197574, 'IoU-bus': 63.47505670817205, 'IoU-train': 19.35043741968019, 'IoU-bicycle': 43.8360264745309, 'IoU-motorcycle': 55.20980670818749, 'IoU-animal': 40.62787366933271, 'IoU-signboard': 23.72528754544902, 'IoU-railway': 25.626675911718085, 'IoU-boat': 23.22337758959507, 'IoU-chair': 46.371463714637144, 'IoU-trash can': 58.25324973359115, 'mACC': 60.29460158708445, 'pACC': 87.92011258211704, 'ACC-road': 97.06377870757602, 'ACC-sidewalk': 58.15538617663151, 'ACC-building': 94.6096943757664, 'ACC-wall': 55.23030134166033, 'ACC-bridge': 77.82098423970398, 'ACC-tunnel': 68.50475187763058, 'ACC-traffic sign': 17.10137633804908, 'ACC-traffic light': 12.30009153797486, 'ACC-pole': 29.033786105583765, 'ACC-fence': 42.012612452536544, 'ACC-sky': 98.92880501487656, 'ACC-vegetation': 94.16755511652447, 'ACC-terrain': 15.57208618390025, 'ACC-water': 71.61128937588228, 'ACC-snow': 49.84009059271278, 'ACC-sand': 45.003425399403504, 'ACC-person': 87.62071558952042, 'ACC-rider': 10.032625950877595, 'ACC-car': 95.17563905748003, 'ACC-truck': 89.85882537332105, 'ACC-bus': 87.40315049600761, 'ACC-train': 21.25056965363015, 'ACC-bicycle': 85.41490134630818, 'ACC-motorcycle': 71.68702578968016, 'ACC-animal': 43.73443556489497, 'ACC-signboard': 51.19437295220437, 'ACC-railway': 30.97142893428218, 'ACC-boat': 73.76163673852868, 'ACC-chair': 65.78958119022892, 'ACC-trash can': 67.98712413915635})])
[12/10 06:28:14 d2.engine.defaults]: Evaluation results for mapillary_train_val_seg_30 in csv format:
[12/10 06:28:14 d2.evaluation.testing]: copypaste: Task: sem_seg
[12/10 06:28:14 d2.evaluation.testing]: copypaste: mIoU,fwIoU,mACC,pACC
[12/10 06:28:14 d2.evaluation.testing]: copypaste: 46.9642,80.1307,60.2946,87.9201
/data/zd/TTA_VLM/S2_Corr/train_net.py:16: FutureWarning: In the future `np.bool` will be defined as the corresponding NumPy scalar.
  if not hasattr(np, _name):
/data/zd/TTA_VLM/S2_Corr/train_net.py:16: FutureWarning: In the future `np.object` will be defined as the corresponding NumPy scalar.
  if not hasattr(np, _name):
/data/zd/TTA_VLM/S2_Corr/train_net.py:18: FutureWarning: In the future `np.long` will be defined as the corresponding NumPy scalar.
  if not hasattr(np, "long"):
/data2/anaconda3/envs/DeCLIP_CATSeg/lib/python3.10/site-packages/torchvision/datapoints/__init__.py:12: UserWarning: The torchvision.datapoints and torchvision.transforms.v2 namespaces are still Beta. While we do not expect major breaking changes, some APIs may still change according to user feedback. Please submit any feedback you may have in this issue: https://github.com/pytorch/vision/issues/6753, and you can also check out https://github.com/pytorch/vision/issues/7319 to learn more about the APIs that we suspect might involve future changes. You can silence this warning by calling torchvision.disable_beta_transforms_warning().
  warnings.warn(_BETA_TRANSFORMS_WARNING)
/data2/anaconda3/envs/DeCLIP_CATSeg/lib/python3.10/site-packages/torchvision/transforms/v2/__init__.py:54: UserWarning: The torchvision.datapoints and torchvision.transforms.v2 namespaces are still Beta. While we do not expect major breaking changes, some APIs may still change according to user feedback. Please submit any feedback you may have in this issue: https://github.com/pytorch/vision/issues/6753, and you can also check out https://github.com/pytorch/vision/issues/7319 to learn more about the APIs that we suspect might involve future changes. You can silence this warning by calling torchvision.disable_beta_transforms_warning().
  warnings.warn(_BETA_TRANSFORMS_WARNING)
Please 'pip install apex'
Command Line Args: Namespace(config_file='configs/cs7_catseg_vitl.yaml', resume=False, eval_only=True, num_gpus=1, num_machines=1, machine_rank=0, dist_url='auto', opts=['OUTPUT_DIR', 'outputs/cs7_eva_L14_r448//eval', 'MODEL.SEM_SEG_HEAD.TEST_CLASS_JSON', 'datasets/roadwork_10.json', 'MODEL.SEM_SEG_HEAD.ENABLE_HIGH_RES', 'False', 'DATASETS.TEST', '("roadwork10_semseg_val",)', 'TEST.SLIDING_WINDOW', 'True', 'MODEL.SEM_SEG_HEAD.POOLING_SIZES', '[1,1]', 'MODEL.WEIGHTS', 'outputs/cs7_eva_L14_r448//model_0019999.pth'])
[12/10 06:28:18 detectron2]: Rank of current process: 0. World size: 1
[12/10 06:28:19 detectron2]: Environment info:
----------------------  ------------------------------------------------------------------------------------------
sys.platform            linux
Python                  3.10.0 (default, Mar  3 2022, 09:58:08) [GCC 7.5.0]
numpy                   1.26.4
detectron2              0.6 @/data2/anaconda3/envs/DeCLIP_CATSeg/lib/python3.10/site-packages/detectron2
Compiler                GCC 7.5
CUDA compiler           CUDA 11.6
detectron2 arch flags   8.0
DETECTRON2_ENV_MODULE   <not set>
PyTorch                 2.0.0+cu117 @/data2/anaconda3/envs/DeCLIP_CATSeg/lib/python3.10/site-packages/torch
PyTorch debug build     False
GPU available           Yes
GPU 0                   GeForce RTX 3090 (arch=8.6)
Driver version          460.84
CUDA_HOME               /usr/local/cuda-11.6
TORCH_CUDA_ARCH_LIST    8.0
Pillow                  9.1.0
torchvision             0.15.1+cu117 @/data2/anaconda3/envs/DeCLIP_CATSeg/lib/python3.10/site-packages/torchvision
torchvision arch flags  3.5, 5.0, 6.0, 7.0, 7.5, 8.0, 8.6
fvcore                  0.1.5.post20221221
iopath                  0.1.9
cv2                     4.11.0
----------------------  ------------------------------------------------------------------------------------------
PyTorch built with:
  - GCC 9.3
  - C++ Version: 201703
  - Intel(R) oneAPI Math Kernel Library Version 2022.2-Product Build 20220804 for Intel(R) 64 architecture applications
  - Intel(R) MKL-DNN v2.7.3 (Git Hash 6dbeffbae1f23cbbeae17adb7b5b13f1f37c080e)
  - OpenMP 201511 (a.k.a. OpenMP 4.5)
  - LAPACK is enabled (usually provided by MKL)
  - NNPACK is enabled
  - CPU capability usage: AVX2
  - CUDA Runtime 11.7
  - NVCC architecture flags: -gencode;arch=compute_37,code=sm_37;-gencode;arch=compute_50,code=sm_50;-gencode;arch=compute_60,code=sm_60;-gencode;arch=compute_70,code=sm_70;-gencode;arch=compute_75,code=sm_75;-gencode;arch=compute_80,code=sm_80;-gencode;arch=compute_86,code=sm_86
  - CuDNN 8.5
  - Magma 2.6.1
  - Build settings: BLAS_INFO=mkl, BUILD_TYPE=Release, CUDA_VERSION=11.7, CUDNN_VERSION=8.5.0, CXX_COMPILER=/opt/rh/devtoolset-9/root/usr/bin/c++, CXX_FLAGS= -D_GLIBCXX_USE_CXX11_ABI=0 -fabi-version=11 -Wno-deprecated -fvisibility-inlines-hidden -DUSE_PTHREADPOOL -DNDEBUG -DUSE_KINETO -DLIBKINETO_NOROCTRACER -DUSE_FBGEMM -DUSE_QNNPACK -DUSE_PYTORCH_QNNPACK -DUSE_XNNPACK -DSYMBOLICATE_MOBILE_DEBUG_HANDLE -O2 -fPIC -Wall -Wextra -Werror=return-type -Werror=non-virtual-dtor -Werror=bool-operation -Wnarrowing -Wno-missing-field-initializers -Wno-type-limits -Wno-array-bounds -Wno-unknown-pragmas -Wunused-local-typedefs -Wno-unused-parameter -Wno-unused-function -Wno-unused-result -Wno-strict-overflow -Wno-strict-aliasing -Wno-error=deprecated-declarations -Wno-stringop-overflow -Wno-psabi -Wno-error=pedantic -Wno-error=redundant-decls -Wno-error=old-style-cast -fdiagnostics-color=always -faligned-new -Wno-unused-but-set-variable -Wno-maybe-uninitialized -fno-math-errno -fno-trapping-math -Werror=format -Werror=cast-function-type -Wno-stringop-overflow, LAPACK_INFO=mkl, PERF_WITH_AVX=1, PERF_WITH_AVX2=1, PERF_WITH_AVX512=1, TORCH_DISABLE_GPU_ASSERTS=ON, TORCH_VERSION=2.0.0, USE_CUDA=ON, USE_CUDNN=ON, USE_EXCEPTION_PTR=1, USE_GFLAGS=OFF, USE_GLOG=OFF, USE_MKL=ON, USE_MKLDNN=ON, USE_MPI=OFF, USE_NCCL=1, USE_NNPACK=ON, USE_OPENMP=ON, USE_ROCM=OFF, 

[12/10 06:28:19 detectron2]: Command line arguments: Namespace(config_file='configs/cs7_catseg_vitl.yaml', resume=False, eval_only=True, num_gpus=1, num_machines=1, machine_rank=0, dist_url='auto', opts=['OUTPUT_DIR', 'outputs/cs7_eva_L14_r448//eval', 'MODEL.SEM_SEG_HEAD.TEST_CLASS_JSON', 'datasets/roadwork_10.json', 'MODEL.SEM_SEG_HEAD.ENABLE_HIGH_RES', 'False', 'DATASETS.TEST', '("roadwork10_semseg_val",)', 'TEST.SLIDING_WINDOW', 'True', 'MODEL.SEM_SEG_HEAD.POOLING_SIZES', '[1,1]', 'MODEL.WEIGHTS', 'outputs/cs7_eva_L14_r448//model_0019999.pth'])
[12/10 06:28:19 detectron2]: Contents of args.config_file=configs/cs7_catseg_vitl.yaml:
_BASE_: config.yaml
DATASETS:
  TRAIN: ("cityscapes7_train",)
  TEST:  ("cityscapes19_val",)
MODEL:
  META_ARCHITECTURE: "CATSeg"
  PIXEL_MEAN: [123.675, 116.280, 103.530]
  PIXEL_STD: [58.395, 57.120, 57.375]
  SEM_SEG_HEAD:
    NAME: "CATSegHead"
    IN_FEATURES: ["res2", "res3", "res4"]
    IGNORE_VALUE: 255
    NUM_CLASSES: 19
    TRAIN_CLASS_JSON: "datasets/cityscapes_seen_7.json"
    TEST_CLASS_JSON:  "datasets/cityscapes_19.json"
    CLIP_PRETRAINED: "EVA02-CLIP-L-14-336"
    PROMPT_DEPTH: 0
    PROMPT_LENGTH: 0
    TEXT_GUIDANCE_DIM: 768
    TEXT_GUIDANCE_PROJ_DIM: 128
    APPEARANCE_GUIDANCE_DIM: 768
    APPEARANCE_GUIDANCE_PROJ_DIM: 128
    DECODER_DIMS: [64, 32]
    DECODER_GUIDANCE_DIMS: [256, 128]
    DECODER_GUIDANCE_PROJ_DIMS: [32, 16]
    NUM_LAYERS: 1
    NUM_HEADS: 4
    HIDDEN_DIMS: 128
    POOLING_SIZES: [ 1, 1 ]
    FEATURE_RESOLUTION: [32, 32]
    WINDOW_SIZES: 16
    ATTENTION_TYPE: "linear"
    CLIP_FINETUNE: "attention"
    CACHE_DIR: "/data/zd/TTA_VLM/pretrain/EVA02_CLIP_L_336_psz14_s6B.pt"
  PROMPT_ENSEMBLE_TYPE: "multi_domain"
INPUT:
  MIN_SIZE_TRAIN: (448, 640)
  MIN_SIZE_TRAIN_SAMPLING: "choice"
  MAX_SIZE_TRAIN: 1344
  MIN_SIZE_TEST: 448
  MAX_SIZE_TEST: 1008
  CROP:
    ENABLED: True
    TYPE: "absolute"
    SIZE: (448, 448)
  SIZE_DIVISIBILITY: 14
  FORMAT: "RGB"
  DATASET_MAPPER_NAME: "mask_former_semantic"
SOLVER:
  IMS_PER_BATCH: 4
  LR_SCHEDULER_NAME: "WarmupCosineLR"
  BASE_LR: 0.0002
  MAX_ITER: 20000
  BACKBONE_MULTIPLIER: 0.0
  CLIP_MULTIPLIER: 0.01
TEST:
  EVAL_PERIOD: 10000
  SLIDING_WINDOW: True
  SW_KERNEL: 448
  SW_OVERLAP: 0.333
  SW_OUT_RES: [448, 896]
  

[12/10 06:28:19 detectron2]: Running with full config:
CUDNN_BENCHMARK: true
DATALOADER:
  ASPECT_RATIO_GROUPING: true
  FILTER_EMPTY_ANNOTATIONS: true
  NUM_WORKERS: 8
  REPEAT_THRESHOLD: 0.0
  SAMPLER_TRAIN: TrainingSampler
DATASETS:
  PRECOMPUTED_PROPOSAL_TOPK_TEST: 1000
  PRECOMPUTED_PROPOSAL_TOPK_TRAIN: 2000
  PROPOSAL_FILES_TEST: []
  PROPOSAL_FILES_TRAIN: []
  TEST:
  - roadwork10_semseg_val
  TRAIN:
  - cityscapes7_train
  VAL_ALL:
  - coco_2017_val_all_stuff_sem_seg
DDP:
  BROADCAST_BUFFERS: false
  FIND_UNUSED_PARAMETERS: true
GLOBAL:
  HACK: 1.0
INPUT:
  COLOR_AUG_SSD: true
  CROP:
    ENABLED: true
    SINGLE_CATEGORY_MAX_AREA: 1.0
    SIZE:
    - 448
    - 448
    TYPE: absolute
  DATASET_MAPPER_NAME: mask_former_semantic
  FORMAT: RGB
  MASK_FORMAT: polygon
  MAX_SIZE_TEST: 1008
  MAX_SIZE_TRAIN: 1344
  MIN_SIZE_TEST: 448
  MIN_SIZE_TRAIN:
  - 448
  - 640
  MIN_SIZE_TRAIN_SAMPLING: choice
  RANDOM_FLIP: horizontal
  SIZE_DIVISIBILITY: 14
MODEL:
  ANCHOR_GENERATOR:
    ANGLES:
    - - -90
      - 0
      - 90
    ASPECT_RATIOS:
    - - 0.5
      - 1.0
      - 2.0
    NAME: DefaultAnchorGenerator
    OFFSET: 0.0
    SIZES:
    - - 32
      - 64
      - 128
      - 256
      - 512
  BACKBONE:
    FREEZE_AT: 2
    NAME: build_resnet_backbone
  CLIP_PIXEL_MEAN:
  - 122.7709383
  - 116.7460125
  - 104.09373615
  CLIP_PIXEL_STD:
  - 68.5005327
  - 66.6321579
  - 70.323163
  DEVICE: cuda
  FPN:
    FUSE_TYPE: sum
    IN_FEATURES: []
    NORM: ''
    OUT_CHANNELS: 256
  KEYPOINT_ON: false
  LOAD_PROPOSALS: false
  MASK_FORMER:
    SIZE_DIVISIBILITY: 32
  MASK_ON: false
  META_ARCHITECTURE: CATSeg
  PANOPTIC_FPN:
    COMBINE:
      ENABLED: true
      INSTANCES_CONFIDENCE_THRESH: 0.5
      OVERLAP_THRESH: 0.5
      STUFF_AREA_LIMIT: 4096
    INSTANCE_LOSS_WEIGHT: 1.0
  PIXEL_MEAN:
  - 123.675
  - 116.28
  - 103.53
  PIXEL_STD:
  - 58.395
  - 57.12
  - 57.375
  PROMPT_ENSEMBLE: false
  PROMPT_ENSEMBLE_TYPE: multi_domain
  PROPOSAL_GENERATOR:
    MIN_SIZE: 0
    NAME: RPN
  RESNETS:
    DEFORM_MODULATED: false
    DEFORM_NUM_GROUPS: 1
    DEFORM_ON_PER_STAGE:
    - false
    - false
    - false
    - false
    DEPTH: 50
    NORM: FrozenBN
    NUM_GROUPS: 1
    OUT_FEATURES:
    - res4
    RES2_OUT_CHANNELS: 256
    RES4_DILATION: 1
    RES5_DILATION: 1
    RES5_MULTI_GRID:
    - 1
    - 2
    - 4
    STEM_OUT_CHANNELS: 64
    STEM_TYPE: deeplab
    STRIDE_IN_1X1: true
    WIDTH_PER_GROUP: 64
  RETINANET:
    BBOX_REG_LOSS_TYPE: smooth_l1
    BBOX_REG_WEIGHTS: &id002
    - 1.0
    - 1.0
    - 1.0
    - 1.0
    FOCAL_LOSS_ALPHA: 0.25
    FOCAL_LOSS_GAMMA: 2.0
    IN_FEATURES:
    - p3
    - p4
    - p5
    - p6
    - p7
    IOU_LABELS:
    - 0
    - -1
    - 1
    IOU_THRESHOLDS:
    - 0.4
    - 0.5
    NMS_THRESH_TEST: 0.5
    NORM: ''
    NUM_CLASSES: 80
    NUM_CONVS: 4
    PRIOR_PROB: 0.01
    SCORE_THRESH_TEST: 0.05
    SMOOTH_L1_LOSS_BETA: 0.1
    TOPK_CANDIDATES_TEST: 1000
  ROI_BOX_CASCADE_HEAD:
    BBOX_REG_WEIGHTS:
    - &id001
      - 10.0
      - 10.0
      - 5.0
      - 5.0
    - - 20.0
      - 20.0
      - 10.0
      - 10.0
    - - 30.0
      - 30.0
      - 15.0
      - 15.0
    IOUS:
    - 0.5
    - 0.6
    - 0.7
  ROI_BOX_HEAD:
    BBOX_REG_LOSS_TYPE: smooth_l1
    BBOX_REG_LOSS_WEIGHT: 1.0
    BBOX_REG_WEIGHTS: *id001
    CLS_AGNOSTIC_BBOX_REG: false
    CONV_DIM: 256
    FC_DIM: 1024
    NAME: ''
    NORM: ''
    NUM_CONV: 0
    NUM_FC: 0
    POOLER_RESOLUTION: 14
    POOLER_SAMPLING_RATIO: 0
    POOLER_TYPE: ROIAlignV2
    SMOOTH_L1_BETA: 0.0
    TRAIN_ON_PRED_BOXES: false
  ROI_HEADS:
    BATCH_SIZE_PER_IMAGE: 512
    IN_FEATURES:
    - res4
    IOU_LABELS:
    - 0
    - 1
    IOU_THRESHOLDS:
    - 0.5
    NAME: Res5ROIHeads
    NMS_THRESH_TEST: 0.5
    NUM_CLASSES: 80
    POSITIVE_FRACTION: 0.25
    PROPOSAL_APPEND_GT: true
    SCORE_THRESH_TEST: 0.05
  ROI_KEYPOINT_HEAD:
    CONV_DIMS:
    - 512
    - 512
    - 512
    - 512
    - 512
    - 512
    - 512
    - 512
    LOSS_WEIGHT: 1.0
    MIN_KEYPOINTS_PER_IMAGE: 1
    NAME: KRCNNConvDeconvUpsampleHead
    NORMALIZE_LOSS_BY_VISIBLE_KEYPOINTS: true
    NUM_KEYPOINTS: 17
    POOLER_RESOLUTION: 14
    POOLER_SAMPLING_RATIO: 0
    POOLER_TYPE: ROIAlignV2
  ROI_MASK_HEAD:
    CLS_AGNOSTIC_MASK: false
    CONV_DIM: 256
    NAME: MaskRCNNConvUpsampleHead
    NORM: ''
    NUM_CONV: 0
    POOLER_RESOLUTION: 14
    POOLER_SAMPLING_RATIO: 0
    POOLER_TYPE: ROIAlignV2
  RPN:
    BATCH_SIZE_PER_IMAGE: 256
    BBOX_REG_LOSS_TYPE: smooth_l1
    BBOX_REG_LOSS_WEIGHT: 1.0
    BBOX_REG_WEIGHTS: *id002
    BOUNDARY_THRESH: -1
    CONV_DIMS:
    - -1
    HEAD_NAME: StandardRPNHead
    IN_FEATURES:
    - res4
    IOU_LABELS:
    - 0
    - -1
    - 1
    IOU_THRESHOLDS:
    - 0.3
    - 0.7
    LOSS_WEIGHT: 1.0
    NMS_THRESH: 0.7
    POSITIVE_FRACTION: 0.5
    POST_NMS_TOPK_TEST: 1000
    POST_NMS_TOPK_TRAIN: 2000
    PRE_NMS_TOPK_TEST: 6000
    PRE_NMS_TOPK_TRAIN: 12000
    SMOOTH_L1_BETA: 0.0
  SEM_SEG_HEAD:
    APPEARANCE_GUIDANCE_DIM: 768
    APPEARANCE_GUIDANCE_PROJ_DIM: 128
    ASPP_CHANNELS: 256
    ASPP_DILATIONS:
    - 6
    - 12
    - 18
    ASPP_DROPOUT: 0.1
    ATTENTION_TYPE: linear
    CACHE_DIR: /data/zd/TTA_VLM/pretrain/EVA02_CLIP_L_336_psz14_s6B.pt
    CLIP_FINETUNE: attention
    CLIP_PRETRAINED: EVA02-CLIP-L-14-336
    COMMON_STRIDE: 4
    CONVS_DIM: 128
    DECODER_DIMS:
    - 64
    - 32
    DECODER_GUIDANCE_DIMS:
    - 256
    - 128
    DECODER_GUIDANCE_PROJ_DIMS:
    - 32
    - 16
    ENABLE_HIGH_RES: false
    FEATURE_RESOLUTION:
    - 32
    - 32
    HIDDEN_DIMS: 128
    IGNORE_VALUE: 255
    IN_FEATURES:
    - res2
    - res3
    - res4
    LOSS_TYPE: hard_pixel_mining
    LOSS_WEIGHT: 1.0
    NAME: CATSegHead
    NORM: GN
    NUM_CLASSES: 19
    NUM_HEADS: 4
    NUM_LAYERS: 1
    POOLING_SIZES:
    - 1
    - 1
    PROJECT_CHANNELS:
    - 48
    PROJECT_FEATURES:
    - res2
    PROMPT_DEPTH: 0
    PROMPT_LENGTH: 0
    TEST_CLASS_INDEXES: datasets/coco/coco_stuff/split/unseen_indexes.json
    TEST_CLASS_JSON: datasets/roadwork_10.json
    TEXT_GUIDANCE_DIM: 768
    TEXT_GUIDANCE_PROJ_DIM: 128
    TRAIN_CLASS_INDEXES: datasets/coco/coco_stuff/split/seen_indexes.json
    TRAIN_CLASS_JSON: datasets/cityscapes_seen_7.json
    USE_DEPTHWISE_SEPARABLE_CONV: false
    WINDOW_SIZES: 16
  SWIN:
    APE: false
    ATTN_DROP_RATE: 0.0
    DEPTHS:
    - 2
    - 2
    - 6
    - 2
    DROP_PATH_RATE: 0.3
    DROP_RATE: 0.0
    EMBED_DIM: 96
    MLP_RATIO: 4.0
    NUM_HEADS:
    - 3
    - 6
    - 12
    - 24
    OUT_FEATURES:
    - res2
    - res3
    - res4
    - res5
    PATCH_NORM: true
    PATCH_SIZE: 4
    PRETRAIN_IMG_SIZE: 224
    QKV_BIAS: true
    QK_SCALE: null
    WINDOW_SIZE: 7
  WEIGHTS: outputs/cs7_eva_L14_r448//model_0019999.pth
OUTPUT_DIR: outputs/cs7_eva_L14_r448//eval
SEED: -1
SOLVER:
  AMP:
    ENABLED: false
  BACKBONE_MULTIPLIER: 0.0
  BASE_LR: 0.0002
  BIAS_LR_FACTOR: 1.0
  CHECKPOINT_PERIOD: 5000
  CLIP_GRADIENTS:
    CLIP_TYPE: full_model
    CLIP_VALUE: 0.01
    ENABLED: true
    NORM_TYPE: 2.0
  CLIP_MULTIPLIER: 0.01
  GAMMA: 0.1
  IMS_PER_BATCH: 4
  LR_SCHEDULER_NAME: WarmupCosineLR
  MAX_ITER: 20000
  MOMENTUM: 0.9
  NESTEROV: false
  OPTIMIZER: ADAMW
  POLY_LR_CONSTANT_ENDING: 0.0
  POLY_LR_POWER: 0.9
  REFERENCE_WORLD_SIZE: 0
  STEPS:
  - 30000
  WARMUP_FACTOR: 1.0
  WARMUP_ITERS: 0
  WARMUP_METHOD: linear
  WEIGHT_DECAY: 0.0001
  WEIGHT_DECAY_BIAS: null
  WEIGHT_DECAY_EMBED: 0.0
  WEIGHT_DECAY_NORM: 0.0
TEST:
  AUG:
    ENABLED: false
    FLIP: true
    MAX_SIZE: 4000
    MIN_SIZES:
    - 400
    - 500
    - 600
    - 700
    - 800
    - 900
    - 1000
    - 1100
    - 1200
  DETECTIONS_PER_IMAGE: 100
  EVAL_PERIOD: 10000
  EXPECTED_RESULTS: []
  KEYPOINT_OKS_SIGMAS: []
  PRECISE_BN:
    ENABLED: false
    NUM_ITER: 200
  SLIDING_WINDOW: true
  SW_KERNEL: 448
  SW_OUT_RES:
  - 448
  - 896
  SW_OVERLAP: 0.333
VERSION: 2
VIS_PERIOD: 0

[12/10 06:28:19 detectron2]: Full config saved to outputs/cs7_eva_L14_r448//eval/config.yaml
[12/10 06:28:19 d2.utils.env]: Using a generated random seed 19738000
Freeze text encoder parameters
[12/10 06:28:28 d2.engine.defaults]: Model:
CATSeg(
  (sem_seg_head): CATSegHead(
    (predictor): CATSegPredictor(
      (clip_model): CustomCLIP(
        (visual): EVAVisionTransformer(
          (patch_embed): PatchEmbed(
            (proj): Conv2d(3, 1024, kernel_size=(14, 14), stride=(14, 14))
          )
          (pos_drop): Dropout(p=0.0, inplace=False)
          (rope): VisionRotaryEmbeddingFast()
          (blocks): ModuleList(
            (0-23): 24 x Block(
              (norm1): LayerNorm((1024,), eps=1e-06, elementwise_affine=True)
              (attn): Attention(
                (q_proj): Linear(in_features=1024, out_features=1024, bias=False)
                (k_proj): Linear(in_features=1024, out_features=1024, bias=False)
                (v_proj): Linear(in_features=1024, out_features=1024, bias=False)
                (attn_drop): Dropout(p=0.0, inplace=False)
                (inner_attn_ln): LayerNorm((1024,), eps=1e-06, elementwise_affine=True)
                (proj): Linear(in_features=1024, out_features=1024, bias=True)
                (proj_drop): Dropout(p=0.0, inplace=False)
                (rope): VisionRotaryEmbeddingFast()
              )
              (drop_path): Identity()
              (norm2): LayerNorm((1024,), eps=1e-06, elementwise_affine=True)
              (mlp): SwiGLU(
                (w1): Linear(in_features=1024, out_features=2730, bias=True)
                (w2): Linear(in_features=1024, out_features=2730, bias=True)
                (act): SiLU()
                (ffn_ln): LayerNorm((2730,), eps=1e-06, elementwise_affine=True)
                (w3): Linear(in_features=2730, out_features=1024, bias=True)
                (drop): Dropout(p=0.0, inplace=False)
              )
            )
          )
          (norm): LayerNorm((1024,), eps=1e-06, elementwise_affine=True)
          (head): Linear(in_features=1024, out_features=768, bias=True)
          (patch_dropout): Identity()
        )
        (text): TextTransformer(
          (token_embedding): Embedding(49408, 768)
          (transformer): Transformer(
            (resblocks): ModuleList(
              (0-11): 12 x ResidualAttentionBlock(
                (ln_1): LayerNorm((768,), eps=1e-05, elementwise_affine=True)
                (attn): MultiheadAttention(
                  (out_proj): NonDynamicallyQuantizableLinear(in_features=768, out_features=768, bias=True)
                )
                (ls_1): Identity()
                (ln_2): LayerNorm((768,), eps=1e-05, elementwise_affine=True)
                (mlp): Sequential(
                  (c_fc): Linear(in_features=768, out_features=3072, bias=True)
                  (gelu): GELU(approximate='none')
                  (c_proj): Linear(in_features=3072, out_features=768, bias=True)
                )
                (ls_2): Identity()
              )
            )
          )
          (ln_final): LayerNorm((768,), eps=1e-05, elementwise_affine=True)
        )
      )
      (transformer): AggregatorMambaLite(
        (layers): ModuleList(
          (0): Sequential(
            (0): AxialMambaBlockLite_v2(
              (film): FiLM2D(
                (pool): AdaptiveAvgPool2d(output_size=1)
                (fc): Conv2d(128, 256, kernel_size=(1, 1), stride=(1, 1))
              )
              (pre_mix): Sequential(
                (0): Conv2d(128, 128, kernel_size=(3, 3), stride=(1, 1), padding=(1, 1), groups=128)
                (1): Conv2d(128, 128, kernel_size=(1, 1), stride=(1, 1))
                (2): GELU(approximate='none')
              )
              (seq_row): Mamba1DWithDecayPrior(
                (out_norm): LayerNorm((128,), eps=1e-05, elementwise_affine=True)
                (gate): Sequential(
                  (0): Linear(in_features=128, out_features=128, bias=True)
                  (1): SiLU()
                )
                (proj_in): Linear(in_features=128, out_features=384, bias=True)
                (drop): Dropout(p=0.0, inplace=False)
              )
              (post_proj): Conv2d(128, 128, kernel_size=(1, 1), stride=(1, 1))
              (norm_tok): LayerNorm((128,), eps=1e-05, elementwise_affine=True)
              (ffn): Sequential(
                (0): Linear(in_features=128, out_features=384, bias=True)
                (1): GELU(approximate='none')
                (2): Linear(in_features=384, out_features=128, bias=True)
              )
              (down): Identity()
            )
            (1): ClassMambaLayerLite(
              (pool): AvgPool2d(kernel_size=[1, 1], stride=[1, 1], padding=0)
              (guid_proj): Linear(in_features=128, out_features=256, bias=True)
              (seq_block): _Mamba1DAdapterLite(
                (blocks): ModuleList(
                  (0): PseudoMamba1D(
                    (gate): Sequential(
                      (0): Linear(in_features=128, out_features=128, bias=True)
                      (1): SiLU()
                    )
                    (proj_in): Linear(in_features=128, out_features=384, bias=True)
                    (out_norm): LayerNorm((128,), eps=1e-05, elementwise_affine=True)
                    (drop): Dropout(p=0.0, inplace=False)
                  )
                )
                (norm): LayerNorm((128,), eps=1e-05, elementwise_affine=True)
              )
              (norm1): LayerNorm((128,), eps=1e-05, elementwise_affine=True)
              (norm2): LayerNorm((128,), eps=1e-05, elementwise_affine=True)
              (ffn): Sequential(
                (0): Linear(in_features=128, out_features=384, bias=True)
                (1): GELU(approximate='none')
                (2): Linear(in_features=384, out_features=128, bias=True)
              )
            )
          )
        )
        (conv1): Conv2d(1, 128, kernel_size=(7, 7), stride=(1, 1), padding=(3, 3))
        (guidance_projection): Sequential(
          (0): Conv2d(768, 128, kernel_size=(3, 3), stride=(1, 1), padding=(1, 1))
          (1): ReLU()
        )
        (text_guidance_projection): Sequential(
          (0): Linear(in_features=768, out_features=128, bias=True)
          (1): ReLU()
        )
        (decoder_guidance_projection): ModuleList(
          (0): Sequential(
            (0): Conv2d(256, 32, kernel_size=(3, 3), stride=(1, 1), padding=(1, 1))
            (1): ReLU()
          )
          (1): Sequential(
            (0): Conv2d(128, 16, kernel_size=(3, 3), stride=(1, 1), padding=(1, 1))
            (1): ReLU()
          )
        )
        (decoder1): UpLite(
          (up): ConvTranspose2d(128, 96, kernel_size=(2, 2), stride=(2, 2))
          (conv): Sequential(
            (0): Conv2d(128, 64, kernel_size=(3, 3), stride=(1, 1), padding=(1, 1), bias=False)
            (1): GroupNorm(4, 64, eps=1e-05, affine=True)
            (2): ReLU()
          )
        )
        (decoder2): UpLite(
          (up): ConvTranspose2d(64, 48, kernel_size=(2, 2), stride=(2, 2))
          (conv): Sequential(
            (0): Conv2d(64, 32, kernel_size=(3, 3), stride=(1, 1), padding=(1, 1), bias=False)
            (1): GroupNorm(2, 32, eps=1e-05, affine=True)
            (2): ReLU()
          )
        )
        (head): Conv2d(32, 1, kernel_size=(3, 3), stride=(1, 1), padding=(1, 1))
      )
    )
  )
  (upsample1): ConvTranspose2d(1024, 256, kernel_size=(2, 2), stride=(2, 2))
  (upsample2): ConvTranspose2d(1024, 128, kernel_size=(4, 4), stride=(4, 4))
)
[12/10 06:28:28 fvcore.common.checkpoint]: [Checkpointer] Loading from outputs/cs7_eva_L14_r448//model_0019999.pth ...
[12/10 06:28:30 d2.data.dataset_mapper]: [DatasetMapper] Augmentations used in inference: [ResizeShortestEdge(short_edge_length=(448, 448), max_size=1008, sample_style='choice')]
[12/10 06:28:30 d2.data.common]: Serializing 2098 elements to byte tensors and concatenating them all ...
[12/10 06:28:30 d2.data.common]: Serialized dataset takes 0.50 MiB
[12/10 06:28:30 d2.evaluation.evaluator]: Start inference on 2098 batches
Add a new rope freq of shape: torch.Size([1024, 64])
[12/10 06:28:34 d2.evaluation.evaluator]: Inference done 11/2098. Dataloading: 0.0014 s/iter. Inference: 0.1403 s/iter. Eval: 0.1192 s/iter. Total: 0.2609 s/iter. ETA=0:09:04
[12/10 06:28:39 d2.evaluation.evaluator]: Inference done 31/2098. Dataloading: 0.0015 s/iter. Inference: 0.1400 s/iter. Eval: 0.1192 s/iter. Total: 0.2608 s/iter. ETA=0:08:59
[12/10 06:28:45 d2.evaluation.evaluator]: Inference done 50/2098. Dataloading: 0.0016 s/iter. Inference: 0.1399 s/iter. Eval: 0.1219 s/iter. Total: 0.2635 s/iter. ETA=0:08:59
[12/10 06:28:50 d2.evaluation.evaluator]: Inference done 70/2098. Dataloading: 0.0016 s/iter. Inference: 0.1397 s/iter. Eval: 0.1216 s/iter. Total: 0.2630 s/iter. ETA=0:08:53
[12/10 06:28:55 d2.evaluation.evaluator]: Inference done 90/2098. Dataloading: 0.0016 s/iter. Inference: 0.1396 s/iter. Eval: 0.1212 s/iter. Total: 0.2625 s/iter. ETA=0:08:47
[12/10 06:29:00 d2.evaluation.evaluator]: Inference done 110/2098. Dataloading: 0.0017 s/iter. Inference: 0.1395 s/iter. Eval: 0.1194 s/iter. Total: 0.2607 s/iter. ETA=0:08:38
[12/10 06:29:05 d2.evaluation.evaluator]: Inference done 131/2098. Dataloading: 0.0017 s/iter. Inference: 0.1395 s/iter. Eval: 0.1171 s/iter. Total: 0.2583 s/iter. ETA=0:08:27
[12/10 06:29:10 d2.evaluation.evaluator]: Inference done 152/2098. Dataloading: 0.0017 s/iter. Inference: 0.1394 s/iter. Eval: 0.1155 s/iter. Total: 0.2566 s/iter. ETA=0:08:19
[12/10 06:29:15 d2.evaluation.evaluator]: Inference done 172/2098. Dataloading: 0.0017 s/iter. Inference: 0.1394 s/iter. Eval: 0.1149 s/iter. Total: 0.2561 s/iter. ETA=0:08:13
[12/10 06:29:21 d2.evaluation.evaluator]: Inference done 192/2098. Dataloading: 0.0017 s/iter. Inference: 0.1394 s/iter. Eval: 0.1144 s/iter. Total: 0.2556 s/iter. ETA=0:08:07
[12/10 06:29:26 d2.evaluation.evaluator]: Inference done 213/2098. Dataloading: 0.0017 s/iter. Inference: 0.1394 s/iter. Eval: 0.1136 s/iter. Total: 0.2548 s/iter. ETA=0:08:00
[12/10 06:29:31 d2.evaluation.evaluator]: Inference done 233/2098. Dataloading: 0.0017 s/iter. Inference: 0.1394 s/iter. Eval: 0.1133 s/iter. Total: 0.2544 s/iter. ETA=0:07:54
[12/10 06:29:36 d2.evaluation.evaluator]: Inference done 253/2098. Dataloading: 0.0017 s/iter. Inference: 0.1394 s/iter. Eval: 0.1130 s/iter. Total: 0.2542 s/iter. ETA=0:07:48
[12/10 06:29:41 d2.evaluation.evaluator]: Inference done 273/2098. Dataloading: 0.0017 s/iter. Inference: 0.1394 s/iter. Eval: 0.1131 s/iter. Total: 0.2542 s/iter. ETA=0:07:43
[12/10 06:29:46 d2.evaluation.evaluator]: Inference done 294/2098. Dataloading: 0.0017 s/iter. Inference: 0.1394 s/iter. Eval: 0.1126 s/iter. Total: 0.2538 s/iter. ETA=0:07:37
[12/10 06:29:51 d2.evaluation.evaluator]: Inference done 315/2098. Dataloading: 0.0017 s/iter. Inference: 0.1394 s/iter. Eval: 0.1123 s/iter. Total: 0.2535 s/iter. ETA=0:07:31
[12/10 06:29:57 d2.evaluation.evaluator]: Inference done 336/2098. Dataloading: 0.0017 s/iter. Inference: 0.1395 s/iter. Eval: 0.1120 s/iter. Total: 0.2532 s/iter. ETA=0:07:26
[12/10 06:30:02 d2.evaluation.evaluator]: Inference done 356/2098. Dataloading: 0.0017 s/iter. Inference: 0.1395 s/iter. Eval: 0.1119 s/iter. Total: 0.2531 s/iter. ETA=0:07:20
[12/10 06:30:07 d2.evaluation.evaluator]: Inference done 376/2098. Dataloading: 0.0017 s/iter. Inference: 0.1396 s/iter. Eval: 0.1118 s/iter. Total: 0.2531 s/iter. ETA=0:07:15
[12/10 06:30:12 d2.evaluation.evaluator]: Inference done 396/2098. Dataloading: 0.0017 s/iter. Inference: 0.1396 s/iter. Eval: 0.1118 s/iter. Total: 0.2532 s/iter. ETA=0:07:10
[12/10 06:30:17 d2.evaluation.evaluator]: Inference done 416/2098. Dataloading: 0.0017 s/iter. Inference: 0.1396 s/iter. Eval: 0.1120 s/iter. Total: 0.2534 s/iter. ETA=0:07:06
[12/10 06:30:22 d2.evaluation.evaluator]: Inference done 436/2098. Dataloading: 0.0017 s/iter. Inference: 0.1397 s/iter. Eval: 0.1122 s/iter. Total: 0.2537 s/iter. ETA=0:07:01
[12/10 06:30:27 d2.evaluation.evaluator]: Inference done 456/2098. Dataloading: 0.0017 s/iter. Inference: 0.1397 s/iter. Eval: 0.1122 s/iter. Total: 0.2537 s/iter. ETA=0:06:56
[12/10 06:30:32 d2.evaluation.evaluator]: Inference done 477/2098. Dataloading: 0.0017 s/iter. Inference: 0.1397 s/iter. Eval: 0.1119 s/iter. Total: 0.2534 s/iter. ETA=0:06:50
[12/10 06:30:38 d2.evaluation.evaluator]: Inference done 498/2098. Dataloading: 0.0017 s/iter. Inference: 0.1398 s/iter. Eval: 0.1116 s/iter. Total: 0.2532 s/iter. ETA=0:06:45
[12/10 06:30:43 d2.evaluation.evaluator]: Inference done 518/2098. Dataloading: 0.0017 s/iter. Inference: 0.1398 s/iter. Eval: 0.1116 s/iter. Total: 0.2532 s/iter. ETA=0:06:40
[12/10 06:30:48 d2.evaluation.evaluator]: Inference done 538/2098. Dataloading: 0.0017 s/iter. Inference: 0.1398 s/iter. Eval: 0.1116 s/iter. Total: 0.2532 s/iter. ETA=0:06:34
[12/10 06:30:53 d2.evaluation.evaluator]: Inference done 559/2098. Dataloading: 0.0017 s/iter. Inference: 0.1398 s/iter. Eval: 0.1113 s/iter. Total: 0.2529 s/iter. ETA=0:06:29
[12/10 06:30:58 d2.evaluation.evaluator]: Inference done 579/2098. Dataloading: 0.0017 s/iter. Inference: 0.1398 s/iter. Eval: 0.1112 s/iter. Total: 0.2529 s/iter. ETA=0:06:24
[12/10 06:31:03 d2.evaluation.evaluator]: Inference done 600/2098. Dataloading: 0.0017 s/iter. Inference: 0.1399 s/iter. Eval: 0.1109 s/iter. Total: 0.2526 s/iter. ETA=0:06:18
[12/10 06:31:08 d2.evaluation.evaluator]: Inference done 620/2098. Dataloading: 0.0017 s/iter. Inference: 0.1399 s/iter. Eval: 0.1108 s/iter. Total: 0.2525 s/iter. ETA=0:06:13
[12/10 06:31:13 d2.evaluation.evaluator]: Inference done 641/2098. Dataloading: 0.0017 s/iter. Inference: 0.1399 s/iter. Eval: 0.1106 s/iter. Total: 0.2523 s/iter. ETA=0:06:07
[12/10 06:31:18 d2.evaluation.evaluator]: Inference done 661/2098. Dataloading: 0.0017 s/iter. Inference: 0.1399 s/iter. Eval: 0.1105 s/iter. Total: 0.2522 s/iter. ETA=0:06:02
[12/10 06:31:23 d2.evaluation.evaluator]: Inference done 681/2098. Dataloading: 0.0017 s/iter. Inference: 0.1399 s/iter. Eval: 0.1107 s/iter. Total: 0.2524 s/iter. ETA=0:05:57
[12/10 06:31:28 d2.evaluation.evaluator]: Inference done 701/2098. Dataloading: 0.0017 s/iter. Inference: 0.1399 s/iter. Eval: 0.1106 s/iter. Total: 0.2524 s/iter. ETA=0:05:52
[12/10 06:31:34 d2.evaluation.evaluator]: Inference done 722/2098. Dataloading: 0.0017 s/iter. Inference: 0.1400 s/iter. Eval: 0.1105 s/iter. Total: 0.2523 s/iter. ETA=0:05:47
[12/10 06:31:39 d2.evaluation.evaluator]: Inference done 742/2098. Dataloading: 0.0017 s/iter. Inference: 0.1400 s/iter. Eval: 0.1107 s/iter. Total: 0.2525 s/iter. ETA=0:05:42
[12/10 06:31:44 d2.evaluation.evaluator]: Inference done 763/2098. Dataloading: 0.0017 s/iter. Inference: 0.1400 s/iter. Eval: 0.1106 s/iter. Total: 0.2524 s/iter. ETA=0:05:36
[12/10 06:31:49 d2.evaluation.evaluator]: Inference done 783/2098. Dataloading: 0.0017 s/iter. Inference: 0.1400 s/iter. Eval: 0.1107 s/iter. Total: 0.2525 s/iter. ETA=0:05:32
[12/10 06:31:54 d2.evaluation.evaluator]: Inference done 803/2098. Dataloading: 0.0017 s/iter. Inference: 0.1400 s/iter. Eval: 0.1109 s/iter. Total: 0.2527 s/iter. ETA=0:05:27
[12/10 06:31:59 d2.evaluation.evaluator]: Inference done 823/2098. Dataloading: 0.0017 s/iter. Inference: 0.1400 s/iter. Eval: 0.1109 s/iter. Total: 0.2527 s/iter. ETA=0:05:22
[12/10 06:32:05 d2.evaluation.evaluator]: Inference done 843/2098. Dataloading: 0.0017 s/iter. Inference: 0.1400 s/iter. Eval: 0.1110 s/iter. Total: 0.2528 s/iter. ETA=0:05:17
[12/10 06:32:10 d2.evaluation.evaluator]: Inference done 862/2098. Dataloading: 0.0017 s/iter. Inference: 0.1400 s/iter. Eval: 0.1115 s/iter. Total: 0.2533 s/iter. ETA=0:05:13
[12/10 06:32:15 d2.evaluation.evaluator]: Inference done 881/2098. Dataloading: 0.0017 s/iter. Inference: 0.1400 s/iter. Eval: 0.1118 s/iter. Total: 0.2536 s/iter. ETA=0:05:08
[12/10 06:32:20 d2.evaluation.evaluator]: Inference done 901/2098. Dataloading: 0.0017 s/iter. Inference: 0.1400 s/iter. Eval: 0.1118 s/iter. Total: 0.2536 s/iter. ETA=0:05:03
[12/10 06:32:25 d2.evaluation.evaluator]: Inference done 921/2098. Dataloading: 0.0017 s/iter. Inference: 0.1400 s/iter. Eval: 0.1117 s/iter. Total: 0.2536 s/iter. ETA=0:04:58
[12/10 06:32:30 d2.evaluation.evaluator]: Inference done 941/2098. Dataloading: 0.0017 s/iter. Inference: 0.1401 s/iter. Eval: 0.1118 s/iter. Total: 0.2536 s/iter. ETA=0:04:53
[12/10 06:32:35 d2.evaluation.evaluator]: Inference done 962/2098. Dataloading: 0.0017 s/iter. Inference: 0.1401 s/iter. Eval: 0.1117 s/iter. Total: 0.2536 s/iter. ETA=0:04:48
[12/10 06:32:41 d2.evaluation.evaluator]: Inference done 982/2098. Dataloading: 0.0017 s/iter. Inference: 0.1401 s/iter. Eval: 0.1118 s/iter. Total: 0.2537 s/iter. ETA=0:04:43
[12/10 06:32:46 d2.evaluation.evaluator]: Inference done 1003/2098. Dataloading: 0.0017 s/iter. Inference: 0.1401 s/iter. Eval: 0.1117 s/iter. Total: 0.2536 s/iter. ETA=0:04:37
[12/10 06:32:51 d2.evaluation.evaluator]: Inference done 1024/2098. Dataloading: 0.0017 s/iter. Inference: 0.1401 s/iter. Eval: 0.1115 s/iter. Total: 0.2534 s/iter. ETA=0:04:32
[12/10 06:32:56 d2.evaluation.evaluator]: Inference done 1044/2098. Dataloading: 0.0017 s/iter. Inference: 0.1401 s/iter. Eval: 0.1116 s/iter. Total: 0.2534 s/iter. ETA=0:04:27
[12/10 06:33:01 d2.evaluation.evaluator]: Inference done 1064/2098. Dataloading: 0.0017 s/iter. Inference: 0.1401 s/iter. Eval: 0.1115 s/iter. Total: 0.2534 s/iter. ETA=0:04:22
[12/10 06:33:06 d2.evaluation.evaluator]: Inference done 1084/2098. Dataloading: 0.0017 s/iter. Inference: 0.1401 s/iter. Eval: 0.1115 s/iter. Total: 0.2534 s/iter. ETA=0:04:16
[12/10 06:33:11 d2.evaluation.evaluator]: Inference done 1104/2098. Dataloading: 0.0017 s/iter. Inference: 0.1401 s/iter. Eval: 0.1115 s/iter. Total: 0.2534 s/iter. ETA=0:04:11
[12/10 06:33:16 d2.evaluation.evaluator]: Inference done 1125/2098. Dataloading: 0.0017 s/iter. Inference: 0.1401 s/iter. Eval: 0.1114 s/iter. Total: 0.2533 s/iter. ETA=0:04:06
[12/10 06:33:22 d2.evaluation.evaluator]: Inference done 1145/2098. Dataloading: 0.0017 s/iter. Inference: 0.1401 s/iter. Eval: 0.1114 s/iter. Total: 0.2533 s/iter. ETA=0:04:01
[12/10 06:33:27 d2.evaluation.evaluator]: Inference done 1166/2098. Dataloading: 0.0017 s/iter. Inference: 0.1401 s/iter. Eval: 0.1113 s/iter. Total: 0.2532 s/iter. ETA=0:03:56
[12/10 06:33:32 d2.evaluation.evaluator]: Inference done 1187/2098. Dataloading: 0.0017 s/iter. Inference: 0.1401 s/iter. Eval: 0.1111 s/iter. Total: 0.2530 s/iter. ETA=0:03:50
[12/10 06:33:37 d2.evaluation.evaluator]: Inference done 1208/2098. Dataloading: 0.0017 s/iter. Inference: 0.1401 s/iter. Eval: 0.1110 s/iter. Total: 0.2529 s/iter. ETA=0:03:45
[12/10 06:33:42 d2.evaluation.evaluator]: Inference done 1228/2098. Dataloading: 0.0017 s/iter. Inference: 0.1401 s/iter. Eval: 0.1110 s/iter. Total: 0.2529 s/iter. ETA=0:03:40
[12/10 06:33:47 d2.evaluation.evaluator]: Inference done 1248/2098. Dataloading: 0.0017 s/iter. Inference: 0.1401 s/iter. Eval: 0.1110 s/iter. Total: 0.2529 s/iter. ETA=0:03:35
[12/10 06:33:52 d2.evaluation.evaluator]: Inference done 1268/2098. Dataloading: 0.0017 s/iter. Inference: 0.1401 s/iter. Eval: 0.1110 s/iter. Total: 0.2530 s/iter. ETA=0:03:29
[12/10 06:33:57 d2.evaluation.evaluator]: Inference done 1288/2098. Dataloading: 0.0017 s/iter. Inference: 0.1401 s/iter. Eval: 0.1110 s/iter. Total: 0.2530 s/iter. ETA=0:03:24
[12/10 06:34:02 d2.evaluation.evaluator]: Inference done 1308/2098. Dataloading: 0.0017 s/iter. Inference: 0.1401 s/iter. Eval: 0.1110 s/iter. Total: 0.2530 s/iter. ETA=0:03:19
[12/10 06:34:07 d2.evaluation.evaluator]: Inference done 1328/2098. Dataloading: 0.0017 s/iter. Inference: 0.1401 s/iter. Eval: 0.1111 s/iter. Total: 0.2530 s/iter. ETA=0:03:14
[12/10 06:34:13 d2.evaluation.evaluator]: Inference done 1349/2098. Dataloading: 0.0017 s/iter. Inference: 0.1401 s/iter. Eval: 0.1109 s/iter. Total: 0.2529 s/iter. ETA=0:03:09
[12/10 06:34:18 d2.evaluation.evaluator]: Inference done 1369/2098. Dataloading: 0.0017 s/iter. Inference: 0.1401 s/iter. Eval: 0.1109 s/iter. Total: 0.2529 s/iter. ETA=0:03:04
[12/10 06:34:23 d2.evaluation.evaluator]: Inference done 1390/2098. Dataloading: 0.0017 s/iter. Inference: 0.1401 s/iter. Eval: 0.1107 s/iter. Total: 0.2527 s/iter. ETA=0:02:58
[12/10 06:34:28 d2.evaluation.evaluator]: Inference done 1411/2098. Dataloading: 0.0017 s/iter. Inference: 0.1401 s/iter. Eval: 0.1107 s/iter. Total: 0.2526 s/iter. ETA=0:02:53
[12/10 06:34:33 d2.evaluation.evaluator]: Inference done 1432/2098. Dataloading: 0.0017 s/iter. Inference: 0.1402 s/iter. Eval: 0.1105 s/iter. Total: 0.2525 s/iter. ETA=0:02:48
[12/10 06:34:38 d2.evaluation.evaluator]: Inference done 1454/2098. Dataloading: 0.0017 s/iter. Inference: 0.1402 s/iter. Eval: 0.1102 s/iter. Total: 0.2522 s/iter. ETA=0:02:42
[12/10 06:34:43 d2.evaluation.evaluator]: Inference done 1475/2098. Dataloading: 0.0017 s/iter. Inference: 0.1402 s/iter. Eval: 0.1101 s/iter. Total: 0.2520 s/iter. ETA=0:02:37
[12/10 06:34:48 d2.evaluation.evaluator]: Inference done 1495/2098. Dataloading: 0.0017 s/iter. Inference: 0.1402 s/iter. Eval: 0.1100 s/iter. Total: 0.2520 s/iter. ETA=0:02:31
[12/10 06:34:53 d2.evaluation.evaluator]: Inference done 1516/2098. Dataloading: 0.0017 s/iter. Inference: 0.1402 s/iter. Eval: 0.1100 s/iter. Total: 0.2519 s/iter. ETA=0:02:26
[12/10 06:34:59 d2.evaluation.evaluator]: Inference done 1537/2098. Dataloading: 0.0017 s/iter. Inference: 0.1402 s/iter. Eval: 0.1099 s/iter. Total: 0.2518 s/iter. ETA=0:02:21
[12/10 06:35:04 d2.evaluation.evaluator]: Inference done 1558/2098. Dataloading: 0.0017 s/iter. Inference: 0.1402 s/iter. Eval: 0.1097 s/iter. Total: 0.2517 s/iter. ETA=0:02:15
[12/10 06:35:09 d2.evaluation.evaluator]: Inference done 1579/2098. Dataloading: 0.0017 s/iter. Inference: 0.1402 s/iter. Eval: 0.1097 s/iter. Total: 0.2517 s/iter. ETA=0:02:10
[12/10 06:35:14 d2.evaluation.evaluator]: Inference done 1600/2098. Dataloading: 0.0017 s/iter. Inference: 0.1402 s/iter. Eval: 0.1097 s/iter. Total: 0.2516 s/iter. ETA=0:02:05
[12/10 06:35:19 d2.evaluation.evaluator]: Inference done 1621/2098. Dataloading: 0.0017 s/iter. Inference: 0.1402 s/iter. Eval: 0.1096 s/iter. Total: 0.2516 s/iter. ETA=0:02:00
[12/10 06:35:24 d2.evaluation.evaluator]: Inference done 1642/2098. Dataloading: 0.0017 s/iter. Inference: 0.1402 s/iter. Eval: 0.1095 s/iter. Total: 0.2515 s/iter. ETA=0:01:54
[12/10 06:35:30 d2.evaluation.evaluator]: Inference done 1662/2098. Dataloading: 0.0017 s/iter. Inference: 0.1402 s/iter. Eval: 0.1097 s/iter. Total: 0.2516 s/iter. ETA=0:01:49
[12/10 06:35:35 d2.evaluation.evaluator]: Inference done 1682/2098. Dataloading: 0.0017 s/iter. Inference: 0.1402 s/iter. Eval: 0.1097 s/iter. Total: 0.2517 s/iter. ETA=0:01:44
[12/10 06:35:40 d2.evaluation.evaluator]: Inference done 1702/2098. Dataloading: 0.0017 s/iter. Inference: 0.1402 s/iter. Eval: 0.1097 s/iter. Total: 0.2517 s/iter. ETA=0:01:39
[12/10 06:35:45 d2.evaluation.evaluator]: Inference done 1723/2098. Dataloading: 0.0017 s/iter. Inference: 0.1402 s/iter. Eval: 0.1096 s/iter. Total: 0.2516 s/iter. ETA=0:01:34
[12/10 06:35:50 d2.evaluation.evaluator]: Inference done 1743/2098. Dataloading: 0.0017 s/iter. Inference: 0.1402 s/iter. Eval: 0.1097 s/iter. Total: 0.2517 s/iter. ETA=0:01:29
[12/10 06:35:55 d2.evaluation.evaluator]: Inference done 1764/2098. Dataloading: 0.0017 s/iter. Inference: 0.1402 s/iter. Eval: 0.1096 s/iter. Total: 0.2516 s/iter. ETA=0:01:24
[12/10 06:36:00 d2.evaluation.evaluator]: Inference done 1785/2098. Dataloading: 0.0017 s/iter. Inference: 0.1402 s/iter. Eval: 0.1095 s/iter. Total: 0.2515 s/iter. ETA=0:01:18
[12/10 06:36:06 d2.evaluation.evaluator]: Inference done 1806/2098. Dataloading: 0.0017 s/iter. Inference: 0.1402 s/iter. Eval: 0.1095 s/iter. Total: 0.2515 s/iter. ETA=0:01:13
[12/10 06:36:11 d2.evaluation.evaluator]: Inference done 1827/2098. Dataloading: 0.0017 s/iter. Inference: 0.1402 s/iter. Eval: 0.1094 s/iter. Total: 0.2514 s/iter. ETA=0:01:08
[12/10 06:36:16 d2.evaluation.evaluator]: Inference done 1848/2098. Dataloading: 0.0017 s/iter. Inference: 0.1402 s/iter. Eval: 0.1093 s/iter. Total: 0.2513 s/iter. ETA=0:01:02
[12/10 06:36:21 d2.evaluation.evaluator]: Inference done 1868/2098. Dataloading: 0.0017 s/iter. Inference: 0.1402 s/iter. Eval: 0.1093 s/iter. Total: 0.2513 s/iter. ETA=0:00:57
[12/10 06:36:26 d2.evaluation.evaluator]: Inference done 1889/2098. Dataloading: 0.0017 s/iter. Inference: 0.1402 s/iter. Eval: 0.1093 s/iter. Total: 0.2513 s/iter. ETA=0:00:52
[12/10 06:36:31 d2.evaluation.evaluator]: Inference done 1910/2098. Dataloading: 0.0017 s/iter. Inference: 0.1402 s/iter. Eval: 0.1092 s/iter. Total: 0.2512 s/iter. ETA=0:00:47
[12/10 06:36:36 d2.evaluation.evaluator]: Inference done 1930/2098. Dataloading: 0.0017 s/iter. Inference: 0.1402 s/iter. Eval: 0.1092 s/iter. Total: 0.2512 s/iter. ETA=0:00:42
[12/10 06:36:41 d2.evaluation.evaluator]: Inference done 1951/2098. Dataloading: 0.0017 s/iter. Inference: 0.1402 s/iter. Eval: 0.1091 s/iter. Total: 0.2511 s/iter. ETA=0:00:36
[12/10 06:36:47 d2.evaluation.evaluator]: Inference done 1972/2098. Dataloading: 0.0017 s/iter. Inference: 0.1402 s/iter. Eval: 0.1091 s/iter. Total: 0.2511 s/iter. ETA=0:00:31
[12/10 06:36:52 d2.evaluation.evaluator]: Inference done 1993/2098. Dataloading: 0.0017 s/iter. Inference: 0.1402 s/iter. Eval: 0.1090 s/iter. Total: 0.2510 s/iter. ETA=0:00:26
[12/10 06:36:57 d2.evaluation.evaluator]: Inference done 2014/2098. Dataloading: 0.0017 s/iter. Inference: 0.1402 s/iter. Eval: 0.1090 s/iter. Total: 0.2510 s/iter. ETA=0:00:21
[12/10 06:37:02 d2.evaluation.evaluator]: Inference done 2035/2098. Dataloading: 0.0017 s/iter. Inference: 0.1402 s/iter. Eval: 0.1090 s/iter. Total: 0.2510 s/iter. ETA=0:00:15
[12/10 06:37:07 d2.evaluation.evaluator]: Inference done 2056/2098. Dataloading: 0.0017 s/iter. Inference: 0.1402 s/iter. Eval: 0.1089 s/iter. Total: 0.2509 s/iter. ETA=0:00:10
[12/10 06:37:13 d2.evaluation.evaluator]: Inference done 2076/2098. Dataloading: 0.0017 s/iter. Inference: 0.1402 s/iter. Eval: 0.1090 s/iter. Total: 0.2510 s/iter. ETA=0:00:05
[12/10 06:37:18 d2.evaluation.evaluator]: Inference done 2096/2098. Dataloading: 0.0017 s/iter. Inference: 0.1402 s/iter. Eval: 0.1090 s/iter. Total: 0.2510 s/iter. ETA=0:00:00
[12/10 06:37:18 d2.evaluation.evaluator]: Total inference time: 0:08:45.541111 (0.251095 s / iter per device, on 1 devices)
[12/10 06:37:18 d2.evaluation.evaluator]: Total inference pure compute time: 0:04:53 (0.140197 s / iter per device, on 1 devices)
[12/10 06:37:20 d2.evaluation.sem_seg_evaluation]: OrderedDict([('sem_seg', {'mIoU': 43.026331941264246, 'fwIoU': 76.67860707342435, 'IoU-road': 82.62699007104794, 'IoU-sidewalk': 68.27552112726056, 'IoU-barrier': 71.95276821400232, 'IoU-police vehicle': 2.8892585094531187, 'IoU-work vehicle': 41.89523231789799, 'IoU-police officer': 34.98899007370051, 'IoU-worker': 38.36890830154081, 'IoU-cone': 41.161025770416764, 'IoU-arrow board': 19.001093012716268, 'IoU-ttc sign': 29.10353201460617, 'mACC': 70.4431956841325, 'pACC': 82.8650909269816, 'ACC-road': 83.75576520311664, 'ACC-sidewalk': 73.4941736359204, 'ACC-barrier': 92.67748105085049, 'ACC-police vehicle': 89.32607893292005, 'ACC-work vehicle': 88.48460562045477, 'ACC-police officer': 77.41789223926764, 'ACC-worker': 70.83694174685202, 'ACC-cone': 49.60946497206889, 'ACC-arrow board': 20.844575660781707, 'ACC-ttc sign': 57.98497777909238})])
[12/10 06:37:20 d2.engine.defaults]: Evaluation results for roadwork10_semseg_val in csv format:
[12/10 06:37:20 d2.evaluation.testing]: copypaste: Task: sem_seg
[12/10 06:37:20 d2.evaluation.testing]: copypaste: mIoU,fwIoU,mACC,pACC
[12/10 06:37:20 d2.evaluation.testing]: copypaste: 43.0263,76.6786,70.4432,82.8651
/data/zd/TTA_VLM/S2_Corr/train_net.py:16: FutureWarning: In the future `np.bool` will be defined as the corresponding NumPy scalar.
  if not hasattr(np, _name):
/data/zd/TTA_VLM/S2_Corr/train_net.py:16: FutureWarning: In the future `np.object` will be defined as the corresponding NumPy scalar.
  if not hasattr(np, _name):
/data/zd/TTA_VLM/S2_Corr/train_net.py:18: FutureWarning: In the future `np.long` will be defined as the corresponding NumPy scalar.
  if not hasattr(np, "long"):
/data2/anaconda3/envs/DeCLIP_CATSeg/lib/python3.10/site-packages/torchvision/datapoints/__init__.py:12: UserWarning: The torchvision.datapoints and torchvision.transforms.v2 namespaces are still Beta. While we do not expect major breaking changes, some APIs may still change according to user feedback. Please submit any feedback you may have in this issue: https://github.com/pytorch/vision/issues/6753, and you can also check out https://github.com/pytorch/vision/issues/7319 to learn more about the APIs that we suspect might involve future changes. You can silence this warning by calling torchvision.disable_beta_transforms_warning().
  warnings.warn(_BETA_TRANSFORMS_WARNING)
/data2/anaconda3/envs/DeCLIP_CATSeg/lib/python3.10/site-packages/torchvision/transforms/v2/__init__.py:54: UserWarning: The torchvision.datapoints and torchvision.transforms.v2 namespaces are still Beta. While we do not expect major breaking changes, some APIs may still change according to user feedback. Please submit any feedback you may have in this issue: https://github.com/pytorch/vision/issues/6753, and you can also check out https://github.com/pytorch/vision/issues/7319 to learn more about the APIs that we suspect might involve future changes. You can silence this warning by calling torchvision.disable_beta_transforms_warning().
  warnings.warn(_BETA_TRANSFORMS_WARNING)
Please 'pip install apex'
Command Line Args: Namespace(config_file='configs/cs7_catseg_vitl.yaml', resume=False, eval_only=True, num_gpus=1, num_machines=1, machine_rank=0, dist_url='auto', opts=['OUTPUT_DIR', 'outputs/cs7_eva_L14_r448//eval', 'MODEL.SEM_SEG_HEAD.TEST_CLASS_JSON', 'datasets/inpaint41_vocab.json', 'MODEL.SEM_SEG_HEAD.ENABLE_HIGH_RES', 'False', 'DATASETS.TEST', '("acdc_inpaint41_test",)', 'TEST.SLIDING_WINDOW', 'True', 'MODEL.SEM_SEG_HEAD.POOLING_SIZES', '[1,1]', 'MODEL.WEIGHTS', 'outputs/cs7_eva_L14_r448//model_0019999.pth'])
[12/10 06:37:24 detectron2]: Rank of current process: 0. World size: 1
[12/10 06:37:25 detectron2]: Environment info:
----------------------  ------------------------------------------------------------------------------------------
sys.platform            linux
Python                  3.10.0 (default, Mar  3 2022, 09:58:08) [GCC 7.5.0]
numpy                   1.26.4
detectron2              0.6 @/data2/anaconda3/envs/DeCLIP_CATSeg/lib/python3.10/site-packages/detectron2
Compiler                GCC 7.5
CUDA compiler           CUDA 11.6
detectron2 arch flags   8.0
DETECTRON2_ENV_MODULE   <not set>
PyTorch                 2.0.0+cu117 @/data2/anaconda3/envs/DeCLIP_CATSeg/lib/python3.10/site-packages/torch
PyTorch debug build     False
GPU available           Yes
GPU 0                   GeForce RTX 3090 (arch=8.6)
Driver version          460.84
CUDA_HOME               /usr/local/cuda-11.6
TORCH_CUDA_ARCH_LIST    8.0
Pillow                  9.1.0
torchvision             0.15.1+cu117 @/data2/anaconda3/envs/DeCLIP_CATSeg/lib/python3.10/site-packages/torchvision
torchvision arch flags  3.5, 5.0, 6.0, 7.0, 7.5, 8.0, 8.6
fvcore                  0.1.5.post20221221
iopath                  0.1.9
cv2                     4.11.0
----------------------  ------------------------------------------------------------------------------------------
PyTorch built with:
  - GCC 9.3
  - C++ Version: 201703
  - Intel(R) oneAPI Math Kernel Library Version 2022.2-Product Build 20220804 for Intel(R) 64 architecture applications
  - Intel(R) MKL-DNN v2.7.3 (Git Hash 6dbeffbae1f23cbbeae17adb7b5b13f1f37c080e)
  - OpenMP 201511 (a.k.a. OpenMP 4.5)
  - LAPACK is enabled (usually provided by MKL)
  - NNPACK is enabled
  - CPU capability usage: AVX2
  - CUDA Runtime 11.7
  - NVCC architecture flags: -gencode;arch=compute_37,code=sm_37;-gencode;arch=compute_50,code=sm_50;-gencode;arch=compute_60,code=sm_60;-gencode;arch=compute_70,code=sm_70;-gencode;arch=compute_75,code=sm_75;-gencode;arch=compute_80,code=sm_80;-gencode;arch=compute_86,code=sm_86
  - CuDNN 8.5
  - Magma 2.6.1
  - Build settings: BLAS_INFO=mkl, BUILD_TYPE=Release, CUDA_VERSION=11.7, CUDNN_VERSION=8.5.0, CXX_COMPILER=/opt/rh/devtoolset-9/root/usr/bin/c++, CXX_FLAGS= -D_GLIBCXX_USE_CXX11_ABI=0 -fabi-version=11 -Wno-deprecated -fvisibility-inlines-hidden -DUSE_PTHREADPOOL -DNDEBUG -DUSE_KINETO -DLIBKINETO_NOROCTRACER -DUSE_FBGEMM -DUSE_QNNPACK -DUSE_PYTORCH_QNNPACK -DUSE_XNNPACK -DSYMBOLICATE_MOBILE_DEBUG_HANDLE -O2 -fPIC -Wall -Wextra -Werror=return-type -Werror=non-virtual-dtor -Werror=bool-operation -Wnarrowing -Wno-missing-field-initializers -Wno-type-limits -Wno-array-bounds -Wno-unknown-pragmas -Wunused-local-typedefs -Wno-unused-parameter -Wno-unused-function -Wno-unused-result -Wno-strict-overflow -Wno-strict-aliasing -Wno-error=deprecated-declarations -Wno-stringop-overflow -Wno-psabi -Wno-error=pedantic -Wno-error=redundant-decls -Wno-error=old-style-cast -fdiagnostics-color=always -faligned-new -Wno-unused-but-set-variable -Wno-maybe-uninitialized -fno-math-errno -fno-trapping-math -Werror=format -Werror=cast-function-type -Wno-stringop-overflow, LAPACK_INFO=mkl, PERF_WITH_AVX=1, PERF_WITH_AVX2=1, PERF_WITH_AVX512=1, TORCH_DISABLE_GPU_ASSERTS=ON, TORCH_VERSION=2.0.0, USE_CUDA=ON, USE_CUDNN=ON, USE_EXCEPTION_PTR=1, USE_GFLAGS=OFF, USE_GLOG=OFF, USE_MKL=ON, USE_MKLDNN=ON, USE_MPI=OFF, USE_NCCL=1, USE_NNPACK=ON, USE_OPENMP=ON, USE_ROCM=OFF, 

[12/10 06:37:25 detectron2]: Command line arguments: Namespace(config_file='configs/cs7_catseg_vitl.yaml', resume=False, eval_only=True, num_gpus=1, num_machines=1, machine_rank=0, dist_url='auto', opts=['OUTPUT_DIR', 'outputs/cs7_eva_L14_r448//eval', 'MODEL.SEM_SEG_HEAD.TEST_CLASS_JSON', 'datasets/inpaint41_vocab.json', 'MODEL.SEM_SEG_HEAD.ENABLE_HIGH_RES', 'False', 'DATASETS.TEST', '("acdc_inpaint41_test",)', 'TEST.SLIDING_WINDOW', 'True', 'MODEL.SEM_SEG_HEAD.POOLING_SIZES', '[1,1]', 'MODEL.WEIGHTS', 'outputs/cs7_eva_L14_r448//model_0019999.pth'])
[12/10 06:37:25 detectron2]: Contents of args.config_file=configs/cs7_catseg_vitl.yaml:
_BASE_: config.yaml
DATASETS:
  TRAIN: ("cityscapes7_train",)
  TEST:  ("cityscapes19_val",)
MODEL:
  META_ARCHITECTURE: "CATSeg"
  PIXEL_MEAN: [123.675, 116.280, 103.530]
  PIXEL_STD: [58.395, 57.120, 57.375]
  SEM_SEG_HEAD:
    NAME: "CATSegHead"
    IN_FEATURES: ["res2", "res3", "res4"]
    IGNORE_VALUE: 255
    NUM_CLASSES: 19
    TRAIN_CLASS_JSON: "datasets/cityscapes_seen_7.json"
    TEST_CLASS_JSON:  "datasets/cityscapes_19.json"
    CLIP_PRETRAINED: "EVA02-CLIP-L-14-336"
    PROMPT_DEPTH: 0
    PROMPT_LENGTH: 0
    TEXT_GUIDANCE_DIM: 768
    TEXT_GUIDANCE_PROJ_DIM: 128
    APPEARANCE_GUIDANCE_DIM: 768
    APPEARANCE_GUIDANCE_PROJ_DIM: 128
    DECODER_DIMS: [64, 32]
    DECODER_GUIDANCE_DIMS: [256, 128]
    DECODER_GUIDANCE_PROJ_DIMS: [32, 16]
    NUM_LAYERS: 1
    NUM_HEADS: 4
    HIDDEN_DIMS: 128
    POOLING_SIZES: [ 1, 1 ]
    FEATURE_RESOLUTION: [32, 32]
    WINDOW_SIZES: 16
    ATTENTION_TYPE: "linear"
    CLIP_FINETUNE: "attention"
    CACHE_DIR: "/data/zd/TTA_VLM/pretrain/EVA02_CLIP_L_336_psz14_s6B.pt"
  PROMPT_ENSEMBLE_TYPE: "multi_domain"
INPUT:
  MIN_SIZE_TRAIN: (448, 640)
  MIN_SIZE_TRAIN_SAMPLING: "choice"
  MAX_SIZE_TRAIN: 1344
  MIN_SIZE_TEST: 448
  MAX_SIZE_TEST: 1008
  CROP:
    ENABLED: True
    TYPE: "absolute"
    SIZE: (448, 448)
  SIZE_DIVISIBILITY: 14
  FORMAT: "RGB"
  DATASET_MAPPER_NAME: "mask_former_semantic"
SOLVER:
  IMS_PER_BATCH: 4
  LR_SCHEDULER_NAME: "WarmupCosineLR"
  BASE_LR: 0.0002
  MAX_ITER: 20000
  BACKBONE_MULTIPLIER: 0.0
  CLIP_MULTIPLIER: 0.01
TEST:
  EVAL_PERIOD: 10000
  SLIDING_WINDOW: True
  SW_KERNEL: 448
  SW_OVERLAP: 0.333
  SW_OUT_RES: [448, 896]
  

[12/10 06:37:25 detectron2]: Running with full config:
CUDNN_BENCHMARK: true
DATALOADER:
  ASPECT_RATIO_GROUPING: true
  FILTER_EMPTY_ANNOTATIONS: true
  NUM_WORKERS: 8
  REPEAT_THRESHOLD: 0.0
  SAMPLER_TRAIN: TrainingSampler
DATASETS:
  PRECOMPUTED_PROPOSAL_TOPK_TEST: 1000
  PRECOMPUTED_PROPOSAL_TOPK_TRAIN: 2000
  PROPOSAL_FILES_TEST: []
  PROPOSAL_FILES_TRAIN: []
  TEST:
  - acdc_inpaint41_test
  TRAIN:
  - cityscapes7_train
  VAL_ALL:
  - coco_2017_val_all_stuff_sem_seg
DDP:
  BROADCAST_BUFFERS: false
  FIND_UNUSED_PARAMETERS: true
GLOBAL:
  HACK: 1.0
INPUT:
  COLOR_AUG_SSD: true
  CROP:
    ENABLED: true
    SINGLE_CATEGORY_MAX_AREA: 1.0
    SIZE:
    - 448
    - 448
    TYPE: absolute
  DATASET_MAPPER_NAME: mask_former_semantic
  FORMAT: RGB
  MASK_FORMAT: polygon
  MAX_SIZE_TEST: 1008
  MAX_SIZE_TRAIN: 1344
  MIN_SIZE_TEST: 448
  MIN_SIZE_TRAIN:
  - 448
  - 640
  MIN_SIZE_TRAIN_SAMPLING: choice
  RANDOM_FLIP: horizontal
  SIZE_DIVISIBILITY: 14
MODEL:
  ANCHOR_GENERATOR:
    ANGLES:
    - - -90
      - 0
      - 90
    ASPECT_RATIOS:
    - - 0.5
      - 1.0
      - 2.0
    NAME: DefaultAnchorGenerator
    OFFSET: 0.0
    SIZES:
    - - 32
      - 64
      - 128
      - 256
      - 512
  BACKBONE:
    FREEZE_AT: 2
    NAME: build_resnet_backbone
  CLIP_PIXEL_MEAN:
  - 122.7709383
  - 116.7460125
  - 104.09373615
  CLIP_PIXEL_STD:
  - 68.5005327
  - 66.6321579
  - 70.323163
  DEVICE: cuda
  FPN:
    FUSE_TYPE: sum
    IN_FEATURES: []
    NORM: ''
    OUT_CHANNELS: 256
  KEYPOINT_ON: false
  LOAD_PROPOSALS: false
  MASK_FORMER:
    SIZE_DIVISIBILITY: 32
  MASK_ON: false
  META_ARCHITECTURE: CATSeg
  PANOPTIC_FPN:
    COMBINE:
      ENABLED: true
      INSTANCES_CONFIDENCE_THRESH: 0.5
      OVERLAP_THRESH: 0.5
      STUFF_AREA_LIMIT: 4096
    INSTANCE_LOSS_WEIGHT: 1.0
  PIXEL_MEAN:
  - 123.675
  - 116.28
  - 103.53
  PIXEL_STD:
  - 58.395
  - 57.12
  - 57.375
  PROMPT_ENSEMBLE: false
  PROMPT_ENSEMBLE_TYPE: multi_domain
  PROPOSAL_GENERATOR:
    MIN_SIZE: 0
    NAME: RPN
  RESNETS:
    DEFORM_MODULATED: false
    DEFORM_NUM_GROUPS: 1
    DEFORM_ON_PER_STAGE:
    - false
    - false
    - false
    - false
    DEPTH: 50
    NORM: FrozenBN
    NUM_GROUPS: 1
    OUT_FEATURES:
    - res4
    RES2_OUT_CHANNELS: 256
    RES4_DILATION: 1
    RES5_DILATION: 1
    RES5_MULTI_GRID:
    - 1
    - 2
    - 4
    STEM_OUT_CHANNELS: 64
    STEM_TYPE: deeplab
    STRIDE_IN_1X1: true
    WIDTH_PER_GROUP: 64
  RETINANET:
    BBOX_REG_LOSS_TYPE: smooth_l1
    BBOX_REG_WEIGHTS: &id002
    - 1.0
    - 1.0
    - 1.0
    - 1.0
    FOCAL_LOSS_ALPHA: 0.25
    FOCAL_LOSS_GAMMA: 2.0
    IN_FEATURES:
    - p3
    - p4
    - p5
    - p6
    - p7
    IOU_LABELS:
    - 0
    - -1
    - 1
    IOU_THRESHOLDS:
    - 0.4
    - 0.5
    NMS_THRESH_TEST: 0.5
    NORM: ''
    NUM_CLASSES: 80
    NUM_CONVS: 4
    PRIOR_PROB: 0.01
    SCORE_THRESH_TEST: 0.05
    SMOOTH_L1_LOSS_BETA: 0.1
    TOPK_CANDIDATES_TEST: 1000
  ROI_BOX_CASCADE_HEAD:
    BBOX_REG_WEIGHTS:
    - &id001
      - 10.0
      - 10.0
      - 5.0
      - 5.0
    - - 20.0
      - 20.0
      - 10.0
      - 10.0
    - - 30.0
      - 30.0
      - 15.0
      - 15.0
    IOUS:
    - 0.5
    - 0.6
    - 0.7
  ROI_BOX_HEAD:
    BBOX_REG_LOSS_TYPE: smooth_l1
    BBOX_REG_LOSS_WEIGHT: 1.0
    BBOX_REG_WEIGHTS: *id001
    CLS_AGNOSTIC_BBOX_REG: false
    CONV_DIM: 256
    FC_DIM: 1024
    NAME: ''
    NORM: ''
    NUM_CONV: 0
    NUM_FC: 0
    POOLER_RESOLUTION: 14
    POOLER_SAMPLING_RATIO: 0
    POOLER_TYPE: ROIAlignV2
    SMOOTH_L1_BETA: 0.0
    TRAIN_ON_PRED_BOXES: false
  ROI_HEADS:
    BATCH_SIZE_PER_IMAGE: 512
    IN_FEATURES:
    - res4
    IOU_LABELS:
    - 0
    - 1
    IOU_THRESHOLDS:
    - 0.5
    NAME: Res5ROIHeads
    NMS_THRESH_TEST: 0.5
    NUM_CLASSES: 80
    POSITIVE_FRACTION: 0.25
    PROPOSAL_APPEND_GT: true
    SCORE_THRESH_TEST: 0.05
  ROI_KEYPOINT_HEAD:
    CONV_DIMS:
    - 512
    - 512
    - 512
    - 512
    - 512
    - 512
    - 512
    - 512
    LOSS_WEIGHT: 1.0
    MIN_KEYPOINTS_PER_IMAGE: 1
    NAME: KRCNNConvDeconvUpsampleHead
    NORMALIZE_LOSS_BY_VISIBLE_KEYPOINTS: true
    NUM_KEYPOINTS: 17
    POOLER_RESOLUTION: 14
    POOLER_SAMPLING_RATIO: 0
    POOLER_TYPE: ROIAlignV2
  ROI_MASK_HEAD:
    CLS_AGNOSTIC_MASK: false
    CONV_DIM: 256
    NAME: MaskRCNNConvUpsampleHead
    NORM: ''
    NUM_CONV: 0
    POOLER_RESOLUTION: 14
    POOLER_SAMPLING_RATIO: 0
    POOLER_TYPE: ROIAlignV2
  RPN:
    BATCH_SIZE_PER_IMAGE: 256
    BBOX_REG_LOSS_TYPE: smooth_l1
    BBOX_REG_LOSS_WEIGHT: 1.0
    BBOX_REG_WEIGHTS: *id002
    BOUNDARY_THRESH: -1
    CONV_DIMS:
    - -1
    HEAD_NAME: StandardRPNHead
    IN_FEATURES:
    - res4
    IOU_LABELS:
    - 0
    - -1
    - 1
    IOU_THRESHOLDS:
    - 0.3
    - 0.7
    LOSS_WEIGHT: 1.0
    NMS_THRESH: 0.7
    POSITIVE_FRACTION: 0.5
    POST_NMS_TOPK_TEST: 1000
    POST_NMS_TOPK_TRAIN: 2000
    PRE_NMS_TOPK_TEST: 6000
    PRE_NMS_TOPK_TRAIN: 12000
    SMOOTH_L1_BETA: 0.0
  SEM_SEG_HEAD:
    APPEARANCE_GUIDANCE_DIM: 768
    APPEARANCE_GUIDANCE_PROJ_DIM: 128
    ASPP_CHANNELS: 256
    ASPP_DILATIONS:
    - 6
    - 12
    - 18
    ASPP_DROPOUT: 0.1
    ATTENTION_TYPE: linear
    CACHE_DIR: /data/zd/TTA_VLM/pretrain/EVA02_CLIP_L_336_psz14_s6B.pt
    CLIP_FINETUNE: attention
    CLIP_PRETRAINED: EVA02-CLIP-L-14-336
    COMMON_STRIDE: 4
    CONVS_DIM: 128
    DECODER_DIMS:
    - 64
    - 32
    DECODER_GUIDANCE_DIMS:
    - 256
    - 128
    DECODER_GUIDANCE_PROJ_DIMS:
    - 32
    - 16
    ENABLE_HIGH_RES: false
    FEATURE_RESOLUTION:
    - 32
    - 32
    HIDDEN_DIMS: 128
    IGNORE_VALUE: 255
    IN_FEATURES:
    - res2
    - res3
    - res4
    LOSS_TYPE: hard_pixel_mining
    LOSS_WEIGHT: 1.0
    NAME: CATSegHead
    NORM: GN
    NUM_CLASSES: 19
    NUM_HEADS: 4
    NUM_LAYERS: 1
    POOLING_SIZES:
    - 1
    - 1
    PROJECT_CHANNELS:
    - 48
    PROJECT_FEATURES:
    - res2
    PROMPT_DEPTH: 0
    PROMPT_LENGTH: 0
    TEST_CLASS_INDEXES: datasets/coco/coco_stuff/split/unseen_indexes.json
    TEST_CLASS_JSON: datasets/inpaint41_vocab.json
    TEXT_GUIDANCE_DIM: 768
    TEXT_GUIDANCE_PROJ_DIM: 128
    TRAIN_CLASS_INDEXES: datasets/coco/coco_stuff/split/seen_indexes.json
    TRAIN_CLASS_JSON: datasets/cityscapes_seen_7.json
    USE_DEPTHWISE_SEPARABLE_CONV: false
    WINDOW_SIZES: 16
  SWIN:
    APE: false
    ATTN_DROP_RATE: 0.0
    DEPTHS:
    - 2
    - 2
    - 6
    - 2
    DROP_PATH_RATE: 0.3
    DROP_RATE: 0.0
    EMBED_DIM: 96
    MLP_RATIO: 4.0
    NUM_HEADS:
    - 3
    - 6
    - 12
    - 24
    OUT_FEATURES:
    - res2
    - res3
    - res4
    - res5
    PATCH_NORM: true
    PATCH_SIZE: 4
    PRETRAIN_IMG_SIZE: 224
    QKV_BIAS: true
    QK_SCALE: null
    WINDOW_SIZE: 7
  WEIGHTS: outputs/cs7_eva_L14_r448//model_0019999.pth
OUTPUT_DIR: outputs/cs7_eva_L14_r448//eval
SEED: -1
SOLVER:
  AMP:
    ENABLED: false
  BACKBONE_MULTIPLIER: 0.0
  BASE_LR: 0.0002
  BIAS_LR_FACTOR: 1.0
  CHECKPOINT_PERIOD: 5000
  CLIP_GRADIENTS:
    CLIP_TYPE: full_model
    CLIP_VALUE: 0.01
    ENABLED: true
    NORM_TYPE: 2.0
  CLIP_MULTIPLIER: 0.01
  GAMMA: 0.1
  IMS_PER_BATCH: 4
  LR_SCHEDULER_NAME: WarmupCosineLR
  MAX_ITER: 20000
  MOMENTUM: 0.9
  NESTEROV: false
  OPTIMIZER: ADAMW
  POLY_LR_CONSTANT_ENDING: 0.0
  POLY_LR_POWER: 0.9
  REFERENCE_WORLD_SIZE: 0
  STEPS:
  - 30000
  WARMUP_FACTOR: 1.0
  WARMUP_ITERS: 0
  WARMUP_METHOD: linear
  WEIGHT_DECAY: 0.0001
  WEIGHT_DECAY_BIAS: null
  WEIGHT_DECAY_EMBED: 0.0
  WEIGHT_DECAY_NORM: 0.0
TEST:
  AUG:
    ENABLED: false
    FLIP: true
    MAX_SIZE: 4000
    MIN_SIZES:
    - 400
    - 500
    - 600
    - 700
    - 800
    - 900
    - 1000
    - 1100
    - 1200
  DETECTIONS_PER_IMAGE: 100
  EVAL_PERIOD: 10000
  EXPECTED_RESULTS: []
  KEYPOINT_OKS_SIGMAS: []
  PRECISE_BN:
    ENABLED: false
    NUM_ITER: 200
  SLIDING_WINDOW: true
  SW_KERNEL: 448
  SW_OUT_RES:
  - 448
  - 896
  SW_OVERLAP: 0.333
VERSION: 2
VIS_PERIOD: 0

[12/10 06:37:25 detectron2]: Full config saved to outputs/cs7_eva_L14_r448//eval/config.yaml
[12/10 06:37:25 d2.utils.env]: Using a generated random seed 25683846
Freeze text encoder parameters
[12/10 06:37:35 d2.engine.defaults]: Model:
CATSeg(
  (sem_seg_head): CATSegHead(
    (predictor): CATSegPredictor(
      (clip_model): CustomCLIP(
        (visual): EVAVisionTransformer(
          (patch_embed): PatchEmbed(
            (proj): Conv2d(3, 1024, kernel_size=(14, 14), stride=(14, 14))
          )
          (pos_drop): Dropout(p=0.0, inplace=False)
          (rope): VisionRotaryEmbeddingFast()
          (blocks): ModuleList(
            (0-23): 24 x Block(
              (norm1): LayerNorm((1024,), eps=1e-06, elementwise_affine=True)
              (attn): Attention(
                (q_proj): Linear(in_features=1024, out_features=1024, bias=False)
                (k_proj): Linear(in_features=1024, out_features=1024, bias=False)
                (v_proj): Linear(in_features=1024, out_features=1024, bias=False)
                (attn_drop): Dropout(p=0.0, inplace=False)
                (inner_attn_ln): LayerNorm((1024,), eps=1e-06, elementwise_affine=True)
                (proj): Linear(in_features=1024, out_features=1024, bias=True)
                (proj_drop): Dropout(p=0.0, inplace=False)
                (rope): VisionRotaryEmbeddingFast()
              )
              (drop_path): Identity()
              (norm2): LayerNorm((1024,), eps=1e-06, elementwise_affine=True)
              (mlp): SwiGLU(
                (w1): Linear(in_features=1024, out_features=2730, bias=True)
                (w2): Linear(in_features=1024, out_features=2730, bias=True)
                (act): SiLU()
                (ffn_ln): LayerNorm((2730,), eps=1e-06, elementwise_affine=True)
                (w3): Linear(in_features=2730, out_features=1024, bias=True)
                (drop): Dropout(p=0.0, inplace=False)
              )
            )
          )
          (norm): LayerNorm((1024,), eps=1e-06, elementwise_affine=True)
          (head): Linear(in_features=1024, out_features=768, bias=True)
          (patch_dropout): Identity()
        )
        (text): TextTransformer(
          (token_embedding): Embedding(49408, 768)
          (transformer): Transformer(
            (resblocks): ModuleList(
              (0-11): 12 x ResidualAttentionBlock(
                (ln_1): LayerNorm((768,), eps=1e-05, elementwise_affine=True)
                (attn): MultiheadAttention(
                  (out_proj): NonDynamicallyQuantizableLinear(in_features=768, out_features=768, bias=True)
                )
                (ls_1): Identity()
                (ln_2): LayerNorm((768,), eps=1e-05, elementwise_affine=True)
                (mlp): Sequential(
                  (c_fc): Linear(in_features=768, out_features=3072, bias=True)
                  (gelu): GELU(approximate='none')
                  (c_proj): Linear(in_features=3072, out_features=768, bias=True)
                )
                (ls_2): Identity()
              )
            )
          )
          (ln_final): LayerNorm((768,), eps=1e-05, elementwise_affine=True)
        )
      )
      (transformer): AggregatorMambaLite(
        (layers): ModuleList(
          (0): Sequential(
            (0): AxialMambaBlockLite_v2(
              (film): FiLM2D(
                (pool): AdaptiveAvgPool2d(output_size=1)
                (fc): Conv2d(128, 256, kernel_size=(1, 1), stride=(1, 1))
              )
              (pre_mix): Sequential(
                (0): Conv2d(128, 128, kernel_size=(3, 3), stride=(1, 1), padding=(1, 1), groups=128)
                (1): Conv2d(128, 128, kernel_size=(1, 1), stride=(1, 1))
                (2): GELU(approximate='none')
              )
              (seq_row): Mamba1DWithDecayPrior(
                (out_norm): LayerNorm((128,), eps=1e-05, elementwise_affine=True)
                (gate): Sequential(
                  (0): Linear(in_features=128, out_features=128, bias=True)
                  (1): SiLU()
                )
                (proj_in): Linear(in_features=128, out_features=384, bias=True)
                (drop): Dropout(p=0.0, inplace=False)
              )
              (post_proj): Conv2d(128, 128, kernel_size=(1, 1), stride=(1, 1))
              (norm_tok): LayerNorm((128,), eps=1e-05, elementwise_affine=True)
              (ffn): Sequential(
                (0): Linear(in_features=128, out_features=384, bias=True)
                (1): GELU(approximate='none')
                (2): Linear(in_features=384, out_features=128, bias=True)
              )
              (down): Identity()
            )
            (1): ClassMambaLayerLite(
              (pool): AvgPool2d(kernel_size=[1, 1], stride=[1, 1], padding=0)
              (guid_proj): Linear(in_features=128, out_features=256, bias=True)
              (seq_block): _Mamba1DAdapterLite(
                (blocks): ModuleList(
                  (0): PseudoMamba1D(
                    (gate): Sequential(
                      (0): Linear(in_features=128, out_features=128, bias=True)
                      (1): SiLU()
                    )
                    (proj_in): Linear(in_features=128, out_features=384, bias=True)
                    (out_norm): LayerNorm((128,), eps=1e-05, elementwise_affine=True)
                    (drop): Dropout(p=0.0, inplace=False)
                  )
                )
                (norm): LayerNorm((128,), eps=1e-05, elementwise_affine=True)
              )
              (norm1): LayerNorm((128,), eps=1e-05, elementwise_affine=True)
              (norm2): LayerNorm((128,), eps=1e-05, elementwise_affine=True)
              (ffn): Sequential(
                (0): Linear(in_features=128, out_features=384, bias=True)
                (1): GELU(approximate='none')
                (2): Linear(in_features=384, out_features=128, bias=True)
              )
            )
          )
        )
        (conv1): Conv2d(1, 128, kernel_size=(7, 7), stride=(1, 1), padding=(3, 3))
        (guidance_projection): Sequential(
          (0): Conv2d(768, 128, kernel_size=(3, 3), stride=(1, 1), padding=(1, 1))
          (1): ReLU()
        )
        (text_guidance_projection): Sequential(
          (0): Linear(in_features=768, out_features=128, bias=True)
          (1): ReLU()
        )
        (decoder_guidance_projection): ModuleList(
          (0): Sequential(
            (0): Conv2d(256, 32, kernel_size=(3, 3), stride=(1, 1), padding=(1, 1))
            (1): ReLU()
          )
          (1): Sequential(
            (0): Conv2d(128, 16, kernel_size=(3, 3), stride=(1, 1), padding=(1, 1))
            (1): ReLU()
          )
        )
        (decoder1): UpLite(
          (up): ConvTranspose2d(128, 96, kernel_size=(2, 2), stride=(2, 2))
          (conv): Sequential(
            (0): Conv2d(128, 64, kernel_size=(3, 3), stride=(1, 1), padding=(1, 1), bias=False)
            (1): GroupNorm(4, 64, eps=1e-05, affine=True)
            (2): ReLU()
          )
        )
        (decoder2): UpLite(
          (up): ConvTranspose2d(64, 48, kernel_size=(2, 2), stride=(2, 2))
          (conv): Sequential(
            (0): Conv2d(64, 32, kernel_size=(3, 3), stride=(1, 1), padding=(1, 1), bias=False)
            (1): GroupNorm(2, 32, eps=1e-05, affine=True)
            (2): ReLU()
          )
        )
        (head): Conv2d(32, 1, kernel_size=(3, 3), stride=(1, 1), padding=(1, 1))
      )
    )
  )
  (upsample1): ConvTranspose2d(1024, 256, kernel_size=(2, 2), stride=(2, 2))
  (upsample2): ConvTranspose2d(1024, 128, kernel_size=(4, 4), stride=(4, 4))
)
[12/10 06:37:35 fvcore.common.checkpoint]: [Checkpointer] Loading from outputs/cs7_eva_L14_r448//model_0019999.pth ...
[12/10 06:37:36 d2.data.dataset_mapper]: [DatasetMapper] Augmentations used in inference: [ResizeShortestEdge(short_edge_length=(448, 448), max_size=1008, sample_style='choice')]
[12/10 06:37:36 d2.data.common]: Serializing 998 elements to byte tensors and concatenating them all ...
[12/10 06:37:36 d2.data.common]: Serialized dataset takes 0.27 MiB
[12/10 06:37:36 d2.evaluation.evaluator]: Start inference on 998 batches
Add a new rope freq of shape: torch.Size([1024, 64])
[12/10 06:37:41 d2.evaluation.evaluator]: Inference done 11/998. Dataloading: 0.0014 s/iter. Inference: 0.1589 s/iter. Eval: 0.1365 s/iter. Total: 0.2969 s/iter. ETA=0:04:52
[12/10 06:37:46 d2.evaluation.evaluator]: Inference done 29/998. Dataloading: 0.0015 s/iter. Inference: 0.1593 s/iter. Eval: 0.1301 s/iter. Total: 0.2910 s/iter. ETA=0:04:41
[12/10 06:37:51 d2.evaluation.evaluator]: Inference done 47/998. Dataloading: 0.0016 s/iter. Inference: 0.1589 s/iter. Eval: 0.1249 s/iter. Total: 0.2854 s/iter. ETA=0:04:31
[12/10 06:37:56 d2.evaluation.evaluator]: Inference done 65/998. Dataloading: 0.0016 s/iter. Inference: 0.1586 s/iter. Eval: 0.1244 s/iter. Total: 0.2847 s/iter. ETA=0:04:25
[12/10 06:38:02 d2.evaluation.evaluator]: Inference done 83/998. Dataloading: 0.0016 s/iter. Inference: 0.1584 s/iter. Eval: 0.1231 s/iter. Total: 0.2832 s/iter. ETA=0:04:19
[12/10 06:38:07 d2.evaluation.evaluator]: Inference done 101/998. Dataloading: 0.0016 s/iter. Inference: 0.1583 s/iter. Eval: 0.1229 s/iter. Total: 0.2830 s/iter. ETA=0:04:13
[12/10 06:38:12 d2.evaluation.evaluator]: Inference done 119/998. Dataloading: 0.0016 s/iter. Inference: 0.1583 s/iter. Eval: 0.1243 s/iter. Total: 0.2843 s/iter. ETA=0:04:09
[12/10 06:38:17 d2.evaluation.evaluator]: Inference done 137/998. Dataloading: 0.0016 s/iter. Inference: 0.1583 s/iter. Eval: 0.1247 s/iter. Total: 0.2847 s/iter. ETA=0:04:05
[12/10 06:38:22 d2.evaluation.evaluator]: Inference done 155/998. Dataloading: 0.0016 s/iter. Inference: 0.1582 s/iter. Eval: 0.1244 s/iter. Total: 0.2843 s/iter. ETA=0:03:59
[12/10 06:38:27 d2.evaluation.evaluator]: Inference done 173/998. Dataloading: 0.0016 s/iter. Inference: 0.1582 s/iter. Eval: 0.1238 s/iter. Total: 0.2837 s/iter. ETA=0:03:54
[12/10 06:38:32 d2.evaluation.evaluator]: Inference done 191/998. Dataloading: 0.0016 s/iter. Inference: 0.1582 s/iter. Eval: 0.1236 s/iter. Total: 0.2835 s/iter. ETA=0:03:48
[12/10 06:38:37 d2.evaluation.evaluator]: Inference done 209/998. Dataloading: 0.0016 s/iter. Inference: 0.1582 s/iter. Eval: 0.1239 s/iter. Total: 0.2837 s/iter. ETA=0:03:43
[12/10 06:38:42 d2.evaluation.evaluator]: Inference done 227/998. Dataloading: 0.0016 s/iter. Inference: 0.1582 s/iter. Eval: 0.1242 s/iter. Total: 0.2841 s/iter. ETA=0:03:39
[12/10 06:38:48 d2.evaluation.evaluator]: Inference done 244/998. Dataloading: 0.0016 s/iter. Inference: 0.1583 s/iter. Eval: 0.1250 s/iter. Total: 0.2850 s/iter. ETA=0:03:34
[12/10 06:38:53 d2.evaluation.evaluator]: Inference done 262/998. Dataloading: 0.0017 s/iter. Inference: 0.1583 s/iter. Eval: 0.1252 s/iter. Total: 0.2852 s/iter. ETA=0:03:29
[12/10 06:38:58 d2.evaluation.evaluator]: Inference done 280/998. Dataloading: 0.0017 s/iter. Inference: 0.1583 s/iter. Eval: 0.1253 s/iter. Total: 0.2854 s/iter. ETA=0:03:24
[12/10 06:39:03 d2.evaluation.evaluator]: Inference done 298/998. Dataloading: 0.0017 s/iter. Inference: 0.1583 s/iter. Eval: 0.1258 s/iter. Total: 0.2858 s/iter. ETA=0:03:20
[12/10 06:39:08 d2.evaluation.evaluator]: Inference done 316/998. Dataloading: 0.0017 s/iter. Inference: 0.1584 s/iter. Eval: 0.1257 s/iter. Total: 0.2858 s/iter. ETA=0:03:14
[12/10 06:39:14 d2.evaluation.evaluator]: Inference done 334/998. Dataloading: 0.0017 s/iter. Inference: 0.1584 s/iter. Eval: 0.1260 s/iter. Total: 0.2861 s/iter. ETA=0:03:09
[12/10 06:39:19 d2.evaluation.evaluator]: Inference done 352/998. Dataloading: 0.0017 s/iter. Inference: 0.1584 s/iter. Eval: 0.1262 s/iter. Total: 0.2863 s/iter. ETA=0:03:04
[12/10 06:39:24 d2.evaluation.evaluator]: Inference done 370/998. Dataloading: 0.0017 s/iter. Inference: 0.1584 s/iter. Eval: 0.1263 s/iter. Total: 0.2864 s/iter. ETA=0:02:59
[12/10 06:39:29 d2.evaluation.evaluator]: Inference done 388/998. Dataloading: 0.0017 s/iter. Inference: 0.1584 s/iter. Eval: 0.1264 s/iter. Total: 0.2866 s/iter. ETA=0:02:54
[12/10 06:39:34 d2.evaluation.evaluator]: Inference done 406/998. Dataloading: 0.0017 s/iter. Inference: 0.1584 s/iter. Eval: 0.1267 s/iter. Total: 0.2868 s/iter. ETA=0:02:49
[12/10 06:39:40 d2.evaluation.evaluator]: Inference done 424/998. Dataloading: 0.0017 s/iter. Inference: 0.1584 s/iter. Eval: 0.1266 s/iter. Total: 0.2867 s/iter. ETA=0:02:44
[12/10 06:39:45 d2.evaluation.evaluator]: Inference done 442/998. Dataloading: 0.0017 s/iter. Inference: 0.1584 s/iter. Eval: 0.1267 s/iter. Total: 0.2869 s/iter. ETA=0:02:39
[12/10 06:39:50 d2.evaluation.evaluator]: Inference done 460/998. Dataloading: 0.0017 s/iter. Inference: 0.1584 s/iter. Eval: 0.1266 s/iter. Total: 0.2868 s/iter. ETA=0:02:34
[12/10 06:39:55 d2.evaluation.evaluator]: Inference done 477/998. Dataloading: 0.0017 s/iter. Inference: 0.1585 s/iter. Eval: 0.1269 s/iter. Total: 0.2872 s/iter. ETA=0:02:29
[12/10 06:40:00 d2.evaluation.evaluator]: Inference done 494/998. Dataloading: 0.0017 s/iter. Inference: 0.1586 s/iter. Eval: 0.1270 s/iter. Total: 0.2874 s/iter. ETA=0:02:24
[12/10 06:40:05 d2.evaluation.evaluator]: Inference done 511/998. Dataloading: 0.0017 s/iter. Inference: 0.1588 s/iter. Eval: 0.1273 s/iter. Total: 0.2878 s/iter. ETA=0:02:20
[12/10 06:40:10 d2.evaluation.evaluator]: Inference done 529/998. Dataloading: 0.0017 s/iter. Inference: 0.1589 s/iter. Eval: 0.1272 s/iter. Total: 0.2878 s/iter. ETA=0:02:14
[12/10 06:40:16 d2.evaluation.evaluator]: Inference done 547/998. Dataloading: 0.0017 s/iter. Inference: 0.1590 s/iter. Eval: 0.1273 s/iter. Total: 0.2880 s/iter. ETA=0:02:09
[12/10 06:40:21 d2.evaluation.evaluator]: Inference done 565/998. Dataloading: 0.0017 s/iter. Inference: 0.1591 s/iter. Eval: 0.1273 s/iter. Total: 0.2882 s/iter. ETA=0:02:04
[12/10 06:40:26 d2.evaluation.evaluator]: Inference done 583/998. Dataloading: 0.0017 s/iter. Inference: 0.1592 s/iter. Eval: 0.1274 s/iter. Total: 0.2883 s/iter. ETA=0:01:59
[12/10 06:40:31 d2.evaluation.evaluator]: Inference done 601/998. Dataloading: 0.0017 s/iter. Inference: 0.1593 s/iter. Eval: 0.1271 s/iter. Total: 0.2881 s/iter. ETA=0:01:54
[12/10 06:40:36 d2.evaluation.evaluator]: Inference done 618/998. Dataloading: 0.0017 s/iter. Inference: 0.1593 s/iter. Eval: 0.1273 s/iter. Total: 0.2884 s/iter. ETA=0:01:49
[12/10 06:40:41 d2.evaluation.evaluator]: Inference done 636/998. Dataloading: 0.0017 s/iter. Inference: 0.1594 s/iter. Eval: 0.1273 s/iter. Total: 0.2885 s/iter. ETA=0:01:44
[12/10 06:40:47 d2.evaluation.evaluator]: Inference done 654/998. Dataloading: 0.0017 s/iter. Inference: 0.1595 s/iter. Eval: 0.1272 s/iter. Total: 0.2885 s/iter. ETA=0:01:39
[12/10 06:40:52 d2.evaluation.evaluator]: Inference done 672/998. Dataloading: 0.0017 s/iter. Inference: 0.1596 s/iter. Eval: 0.1272 s/iter. Total: 0.2885 s/iter. ETA=0:01:34
[12/10 06:40:57 d2.evaluation.evaluator]: Inference done 690/998. Dataloading: 0.0017 s/iter. Inference: 0.1596 s/iter. Eval: 0.1271 s/iter. Total: 0.2885 s/iter. ETA=0:01:28
[12/10 06:41:02 d2.evaluation.evaluator]: Inference done 708/998. Dataloading: 0.0017 s/iter. Inference: 0.1597 s/iter. Eval: 0.1272 s/iter. Total: 0.2886 s/iter. ETA=0:01:23
[12/10 06:41:08 d2.evaluation.evaluator]: Inference done 726/998. Dataloading: 0.0017 s/iter. Inference: 0.1597 s/iter. Eval: 0.1271 s/iter. Total: 0.2886 s/iter. ETA=0:01:18
[12/10 06:41:13 d2.evaluation.evaluator]: Inference done 744/998. Dataloading: 0.0017 s/iter. Inference: 0.1598 s/iter. Eval: 0.1271 s/iter. Total: 0.2887 s/iter. ETA=0:01:13
[12/10 06:41:18 d2.evaluation.evaluator]: Inference done 761/998. Dataloading: 0.0017 s/iter. Inference: 0.1598 s/iter. Eval: 0.1272 s/iter. Total: 0.2888 s/iter. ETA=0:01:08
[12/10 06:41:23 d2.evaluation.evaluator]: Inference done 778/998. Dataloading: 0.0017 s/iter. Inference: 0.1599 s/iter. Eval: 0.1275 s/iter. Total: 0.2891 s/iter. ETA=0:01:03
[12/10 06:41:28 d2.evaluation.evaluator]: Inference done 796/998. Dataloading: 0.0017 s/iter. Inference: 0.1599 s/iter. Eval: 0.1275 s/iter. Total: 0.2892 s/iter. ETA=0:00:58
[12/10 06:41:33 d2.evaluation.evaluator]: Inference done 814/998. Dataloading: 0.0017 s/iter. Inference: 0.1600 s/iter. Eval: 0.1274 s/iter. Total: 0.2891 s/iter. ETA=0:00:53
[12/10 06:41:38 d2.evaluation.evaluator]: Inference done 831/998. Dataloading: 0.0017 s/iter. Inference: 0.1600 s/iter. Eval: 0.1274 s/iter. Total: 0.2892 s/iter. ETA=0:00:48
[12/10 06:41:43 d2.evaluation.evaluator]: Inference done 848/998. Dataloading: 0.0017 s/iter. Inference: 0.1601 s/iter. Eval: 0.1275 s/iter. Total: 0.2894 s/iter. ETA=0:00:43
[12/10 06:41:49 d2.evaluation.evaluator]: Inference done 866/998. Dataloading: 0.0017 s/iter. Inference: 0.1601 s/iter. Eval: 0.1276 s/iter. Total: 0.2895 s/iter. ETA=0:00:38
[12/10 06:41:54 d2.evaluation.evaluator]: Inference done 883/998. Dataloading: 0.0017 s/iter. Inference: 0.1602 s/iter. Eval: 0.1277 s/iter. Total: 0.2896 s/iter. ETA=0:00:33
[12/10 06:41:59 d2.evaluation.evaluator]: Inference done 901/998. Dataloading: 0.0017 s/iter. Inference: 0.1602 s/iter. Eval: 0.1276 s/iter. Total: 0.2896 s/iter. ETA=0:00:28
[12/10 06:42:04 d2.evaluation.evaluator]: Inference done 918/998. Dataloading: 0.0017 s/iter. Inference: 0.1602 s/iter. Eval: 0.1278 s/iter. Total: 0.2898 s/iter. ETA=0:00:23
[12/10 06:42:09 d2.evaluation.evaluator]: Inference done 936/998. Dataloading: 0.0017 s/iter. Inference: 0.1603 s/iter. Eval: 0.1278 s/iter. Total: 0.2898 s/iter. ETA=0:00:17
[12/10 06:42:14 d2.evaluation.evaluator]: Inference done 954/998. Dataloading: 0.0017 s/iter. Inference: 0.1603 s/iter. Eval: 0.1278 s/iter. Total: 0.2899 s/iter. ETA=0:00:12
[12/10 06:42:20 d2.evaluation.evaluator]: Inference done 972/998. Dataloading: 0.0017 s/iter. Inference: 0.1603 s/iter. Eval: 0.1277 s/iter. Total: 0.2898 s/iter. ETA=0:00:07
[12/10 06:42:25 d2.evaluation.evaluator]: Inference done 990/998. Dataloading: 0.0017 s/iter. Inference: 0.1603 s/iter. Eval: 0.1277 s/iter. Total: 0.2898 s/iter. ETA=0:00:02
[12/10 06:42:27 d2.evaluation.evaluator]: Total inference time: 0:04:47.844888 (0.289874 s / iter per device, on 1 devices)
[12/10 06:42:27 d2.evaluation.evaluator]: Total inference pure compute time: 0:02:39 (0.160316 s / iter per device, on 1 devices)
[12/10 06:42:27 d2.evaluation.sem_seg_evaluation]: OrderedDict([('sem_seg', {'mIoU': 62.29049716771063, 'fwIoU': 82.95137688260702, 'IoU-road': 90.6425631875537, 'IoU-sidewalk': 64.53083580412606, 'IoU-building': 86.71510711660065, 'IoU-wall': 48.249064233467024, 'IoU-fence': 33.00816086974834, 'IoU-pole': 37.65521725345556, 'IoU-traffic light': 38.40863585060611, 'IoU-traffic sign': 40.50168944125861, 'IoU-vegetation': 80.09816689533476, 'IoU-terrain': 17.480538597749522, 'IoU-sky': 92.82461046882538, 'IoU-person': 51.03109545920379, 'IoU-rider': 5.739248022482099, 'IoU-car': 79.24352325513652, 'IoU-truck': 73.115931497538, 'IoU-bus': 31.68863889467579, 'IoU-train': 20.85802095355735, 'IoU-motorcycle': 37.07065398603128, 'IoU-bicycle': 41.79031386988492, 'IoU-bag': 89.31469102965252, 'IoU-ball': 85.14868186418623, 'IoU-barrel': 89.49910548557197, 'IoU-bench': 17.40690158270936, 'IoU-bird': 75.06441024254306, 'IoU-bottle': 89.54535778015776, 'IoU-cart': 71.31673740798459, 'IoU-cat': 81.37404363723023, 'IoU-chair': 70.06903540671257, 'IoU-cow': 63.495907123546225, 'IoU-deer': 59.35917881449204, 'IoU-dog': 74.59614886722929, 'IoU-drone': 68.46824402696167, 'IoU-elephant': 85.60680491226233, 'IoU-hat': 86.45386857126228, 'IoU-horse': 69.09677360859887, 'IoU-robot': 78.78055845382569, 'IoU-sheep': 44.58967986266864, 'IoU-table': 56.88237465473569, 'IoU-toy': 64.09351219894877, 'IoU-umbrella': 87.1136802915472, 'IoU-zebra': 75.98267239607364, 'mACC': 78.71046276760187, 'pACC': 90.12174917705894, 'ACC-road': 97.60049504930652, 'ACC-sidewalk': 72.21927984515996, 'ACC-building': 93.29205676770978, 'ACC-wall': 56.85675003912816, 'ACC-fence': 46.50408128687909, 'ACC-pole': 51.27608437746047, 'ACC-traffic light': 64.61628779492874, 'ACC-traffic sign': 63.96767888353323, 'ACC-vegetation': 92.70519161385448, 'ACC-terrain': 18.051138224333123, 'ACC-sky': 94.92525151740043, 'ACC-person': 65.82145578943984, 'ACC-rider': 6.940991592372485, 'ACC-car': 88.57864480349804, 'ACC-truck': 91.06196460418327, 'ACC-bus': 91.78318573522927, 'ACC-train': 25.45325780951516, 'ACC-motorcycle': 48.713759889272076, 'ACC-bicycle': 63.25727373569392, 'ACC-bag': 98.03745559223407, 'ACC-ball': 98.83086733980365, 'ACC-barrel': 98.05177612708685, 'ACC-bench': 72.97504523309433, 'ACC-bird': 94.16720063322151, 'ACC-bottle': 97.56567841198623, 'ACC-cart': 91.4183555830312, 'ACC-cat': 95.77726088356442, 'ACC-chair': 92.50057110953664, 'ACC-cow': 95.82524842711825, 'ACC-deer': 88.06296662229191, 'ACC-dog': 94.43073783143818, 'ACC-drone': 87.91004917093782, 'ACC-elephant': 96.66518030626187, 'ACC-hat': 95.94483349536159, 'ACC-horse': 96.86221052899158, 'ACC-robot': 96.2745386792332, 'ACC-sheep': 66.0558874816628, 'ACC-table': 79.93060166833232, 'ACC-toy': 72.02885510474496, 'ACC-umbrella': 96.52750860868055, 'ACC-zebra': 87.66131527416472})])
[12/10 06:42:27 d2.engine.defaults]: Evaluation results for acdc_inpaint41_test in csv format:
[12/10 06:42:27 d2.evaluation.testing]: copypaste: Task: sem_seg
[12/10 06:42:27 d2.evaluation.testing]: copypaste: mIoU,fwIoU,mACC,pACC
[12/10 06:42:27 d2.evaluation.testing]: copypaste: 62.2905,82.9514,78.7105,90.1217
/data/zd/TTA_VLM/S2_Corr/train_net.py:16: FutureWarning: In the future `np.bool` will be defined as the corresponding NumPy scalar.
  if not hasattr(np, _name):
/data/zd/TTA_VLM/S2_Corr/train_net.py:16: FutureWarning: In the future `np.object` will be defined as the corresponding NumPy scalar.
  if not hasattr(np, _name):
/data/zd/TTA_VLM/S2_Corr/train_net.py:18: FutureWarning: In the future `np.long` will be defined as the corresponding NumPy scalar.
  if not hasattr(np, "long"):
/data2/anaconda3/envs/DeCLIP_CATSeg/lib/python3.10/site-packages/torchvision/datapoints/__init__.py:12: UserWarning: The torchvision.datapoints and torchvision.transforms.v2 namespaces are still Beta. While we do not expect major breaking changes, some APIs may still change according to user feedback. Please submit any feedback you may have in this issue: https://github.com/pytorch/vision/issues/6753, and you can also check out https://github.com/pytorch/vision/issues/7319 to learn more about the APIs that we suspect might involve future changes. You can silence this warning by calling torchvision.disable_beta_transforms_warning().
  warnings.warn(_BETA_TRANSFORMS_WARNING)
/data2/anaconda3/envs/DeCLIP_CATSeg/lib/python3.10/site-packages/torchvision/transforms/v2/__init__.py:54: UserWarning: The torchvision.datapoints and torchvision.transforms.v2 namespaces are still Beta. While we do not expect major breaking changes, some APIs may still change according to user feedback. Please submit any feedback you may have in this issue: https://github.com/pytorch/vision/issues/6753, and you can also check out https://github.com/pytorch/vision/issues/7319 to learn more about the APIs that we suspect might involve future changes. You can silence this warning by calling torchvision.disable_beta_transforms_warning().
  warnings.warn(_BETA_TRANSFORMS_WARNING)
Please 'pip install apex'
Command Line Args: Namespace(config_file='configs/cs7_catseg_vitl.yaml', resume=False, eval_only=True, num_gpus=1, num_machines=1, machine_rank=0, dist_url='auto', opts=['OUTPUT_DIR', 'outputs/cs7_eva_L14_r448//eval', 'MODEL.SEM_SEG_HEAD.TEST_CLASS_JSON', 'datasets/inpaint41_vocab.json', 'MODEL.SEM_SEG_HEAD.ENABLE_HIGH_RES', 'False', 'DATASETS.TEST', '("bdd_inpaint41_test",)', 'TEST.SLIDING_WINDOW', 'True', 'MODEL.SEM_SEG_HEAD.POOLING_SIZES', '[1,1]', 'MODEL.WEIGHTS', 'outputs/cs7_eva_L14_r448//model_0019999.pth'])
[12/10 06:42:32 detectron2]: Rank of current process: 0. World size: 1
[12/10 06:42:32 detectron2]: Environment info:
----------------------  ------------------------------------------------------------------------------------------
sys.platform            linux
Python                  3.10.0 (default, Mar  3 2022, 09:58:08) [GCC 7.5.0]
numpy                   1.26.4
detectron2              0.6 @/data2/anaconda3/envs/DeCLIP_CATSeg/lib/python3.10/site-packages/detectron2
Compiler                GCC 7.5
CUDA compiler           CUDA 11.6
detectron2 arch flags   8.0
DETECTRON2_ENV_MODULE   <not set>
PyTorch                 2.0.0+cu117 @/data2/anaconda3/envs/DeCLIP_CATSeg/lib/python3.10/site-packages/torch
PyTorch debug build     False
GPU available           Yes
GPU 0                   GeForce RTX 3090 (arch=8.6)
Driver version          460.84
CUDA_HOME               /usr/local/cuda-11.6
TORCH_CUDA_ARCH_LIST    8.0
Pillow                  9.1.0
torchvision             0.15.1+cu117 @/data2/anaconda3/envs/DeCLIP_CATSeg/lib/python3.10/site-packages/torchvision
torchvision arch flags  3.5, 5.0, 6.0, 7.0, 7.5, 8.0, 8.6
fvcore                  0.1.5.post20221221
iopath                  0.1.9
cv2                     4.11.0
----------------------  ------------------------------------------------------------------------------------------
PyTorch built with:
  - GCC 9.3
  - C++ Version: 201703
  - Intel(R) oneAPI Math Kernel Library Version 2022.2-Product Build 20220804 for Intel(R) 64 architecture applications
  - Intel(R) MKL-DNN v2.7.3 (Git Hash 6dbeffbae1f23cbbeae17adb7b5b13f1f37c080e)
  - OpenMP 201511 (a.k.a. OpenMP 4.5)
  - LAPACK is enabled (usually provided by MKL)
  - NNPACK is enabled
  - CPU capability usage: AVX2
  - CUDA Runtime 11.7
  - NVCC architecture flags: -gencode;arch=compute_37,code=sm_37;-gencode;arch=compute_50,code=sm_50;-gencode;arch=compute_60,code=sm_60;-gencode;arch=compute_70,code=sm_70;-gencode;arch=compute_75,code=sm_75;-gencode;arch=compute_80,code=sm_80;-gencode;arch=compute_86,code=sm_86
  - CuDNN 8.5
  - Magma 2.6.1
  - Build settings: BLAS_INFO=mkl, BUILD_TYPE=Release, CUDA_VERSION=11.7, CUDNN_VERSION=8.5.0, CXX_COMPILER=/opt/rh/devtoolset-9/root/usr/bin/c++, CXX_FLAGS= -D_GLIBCXX_USE_CXX11_ABI=0 -fabi-version=11 -Wno-deprecated -fvisibility-inlines-hidden -DUSE_PTHREADPOOL -DNDEBUG -DUSE_KINETO -DLIBKINETO_NOROCTRACER -DUSE_FBGEMM -DUSE_QNNPACK -DUSE_PYTORCH_QNNPACK -DUSE_XNNPACK -DSYMBOLICATE_MOBILE_DEBUG_HANDLE -O2 -fPIC -Wall -Wextra -Werror=return-type -Werror=non-virtual-dtor -Werror=bool-operation -Wnarrowing -Wno-missing-field-initializers -Wno-type-limits -Wno-array-bounds -Wno-unknown-pragmas -Wunused-local-typedefs -Wno-unused-parameter -Wno-unused-function -Wno-unused-result -Wno-strict-overflow -Wno-strict-aliasing -Wno-error=deprecated-declarations -Wno-stringop-overflow -Wno-psabi -Wno-error=pedantic -Wno-error=redundant-decls -Wno-error=old-style-cast -fdiagnostics-color=always -faligned-new -Wno-unused-but-set-variable -Wno-maybe-uninitialized -fno-math-errno -fno-trapping-math -Werror=format -Werror=cast-function-type -Wno-stringop-overflow, LAPACK_INFO=mkl, PERF_WITH_AVX=1, PERF_WITH_AVX2=1, PERF_WITH_AVX512=1, TORCH_DISABLE_GPU_ASSERTS=ON, TORCH_VERSION=2.0.0, USE_CUDA=ON, USE_CUDNN=ON, USE_EXCEPTION_PTR=1, USE_GFLAGS=OFF, USE_GLOG=OFF, USE_MKL=ON, USE_MKLDNN=ON, USE_MPI=OFF, USE_NCCL=1, USE_NNPACK=ON, USE_OPENMP=ON, USE_ROCM=OFF, 

[12/10 06:42:32 detectron2]: Command line arguments: Namespace(config_file='configs/cs7_catseg_vitl.yaml', resume=False, eval_only=True, num_gpus=1, num_machines=1, machine_rank=0, dist_url='auto', opts=['OUTPUT_DIR', 'outputs/cs7_eva_L14_r448//eval', 'MODEL.SEM_SEG_HEAD.TEST_CLASS_JSON', 'datasets/inpaint41_vocab.json', 'MODEL.SEM_SEG_HEAD.ENABLE_HIGH_RES', 'False', 'DATASETS.TEST', '("bdd_inpaint41_test",)', 'TEST.SLIDING_WINDOW', 'True', 'MODEL.SEM_SEG_HEAD.POOLING_SIZES', '[1,1]', 'MODEL.WEIGHTS', 'outputs/cs7_eva_L14_r448//model_0019999.pth'])
[12/10 06:42:32 detectron2]: Contents of args.config_file=configs/cs7_catseg_vitl.yaml:
_BASE_: config.yaml
DATASETS:
  TRAIN: ("cityscapes7_train",)
  TEST:  ("cityscapes19_val",)
MODEL:
  META_ARCHITECTURE: "CATSeg"
  PIXEL_MEAN: [123.675, 116.280, 103.530]
  PIXEL_STD: [58.395, 57.120, 57.375]
  SEM_SEG_HEAD:
    NAME: "CATSegHead"
    IN_FEATURES: ["res2", "res3", "res4"]
    IGNORE_VALUE: 255
    NUM_CLASSES: 19
    TRAIN_CLASS_JSON: "datasets/cityscapes_seen_7.json"
    TEST_CLASS_JSON:  "datasets/cityscapes_19.json"
    CLIP_PRETRAINED: "EVA02-CLIP-L-14-336"
    PROMPT_DEPTH: 0
    PROMPT_LENGTH: 0
    TEXT_GUIDANCE_DIM: 768
    TEXT_GUIDANCE_PROJ_DIM: 128
    APPEARANCE_GUIDANCE_DIM: 768
    APPEARANCE_GUIDANCE_PROJ_DIM: 128
    DECODER_DIMS: [64, 32]
    DECODER_GUIDANCE_DIMS: [256, 128]
    DECODER_GUIDANCE_PROJ_DIMS: [32, 16]
    NUM_LAYERS: 1
    NUM_HEADS: 4
    HIDDEN_DIMS: 128
    POOLING_SIZES: [ 1, 1 ]
    FEATURE_RESOLUTION: [32, 32]
    WINDOW_SIZES: 16
    ATTENTION_TYPE: "linear"
    CLIP_FINETUNE: "attention"
    CACHE_DIR: "/data/zd/TTA_VLM/pretrain/EVA02_CLIP_L_336_psz14_s6B.pt"
  PROMPT_ENSEMBLE_TYPE: "multi_domain"
INPUT:
  MIN_SIZE_TRAIN: (448, 640)
  MIN_SIZE_TRAIN_SAMPLING: "choice"
  MAX_SIZE_TRAIN: 1344
  MIN_SIZE_TEST: 448
  MAX_SIZE_TEST: 1008
  CROP:
    ENABLED: True
    TYPE: "absolute"
    SIZE: (448, 448)
  SIZE_DIVISIBILITY: 14
  FORMAT: "RGB"
  DATASET_MAPPER_NAME: "mask_former_semantic"
SOLVER:
  IMS_PER_BATCH: 4
  LR_SCHEDULER_NAME: "WarmupCosineLR"
  BASE_LR: 0.0002
  MAX_ITER: 20000
  BACKBONE_MULTIPLIER: 0.0
  CLIP_MULTIPLIER: 0.01
TEST:
  EVAL_PERIOD: 10000
  SLIDING_WINDOW: True
  SW_KERNEL: 448
  SW_OVERLAP: 0.333
  SW_OUT_RES: [448, 896]
  

[12/10 06:42:32 detectron2]: Running with full config:
CUDNN_BENCHMARK: true
DATALOADER:
  ASPECT_RATIO_GROUPING: true
  FILTER_EMPTY_ANNOTATIONS: true
  NUM_WORKERS: 8
  REPEAT_THRESHOLD: 0.0
  SAMPLER_TRAIN: TrainingSampler
DATASETS:
  PRECOMPUTED_PROPOSAL_TOPK_TEST: 1000
  PRECOMPUTED_PROPOSAL_TOPK_TRAIN: 2000
  PROPOSAL_FILES_TEST: []
  PROPOSAL_FILES_TRAIN: []
  TEST:
  - bdd_inpaint41_test
  TRAIN:
  - cityscapes7_train
  VAL_ALL:
  - coco_2017_val_all_stuff_sem_seg
DDP:
  BROADCAST_BUFFERS: false
  FIND_UNUSED_PARAMETERS: true
GLOBAL:
  HACK: 1.0
INPUT:
  COLOR_AUG_SSD: true
  CROP:
    ENABLED: true
    SINGLE_CATEGORY_MAX_AREA: 1.0
    SIZE:
    - 448
    - 448
    TYPE: absolute
  DATASET_MAPPER_NAME: mask_former_semantic
  FORMAT: RGB
  MASK_FORMAT: polygon
  MAX_SIZE_TEST: 1008
  MAX_SIZE_TRAIN: 1344
  MIN_SIZE_TEST: 448
  MIN_SIZE_TRAIN:
  - 448
  - 640
  MIN_SIZE_TRAIN_SAMPLING: choice
  RANDOM_FLIP: horizontal
  SIZE_DIVISIBILITY: 14
MODEL:
  ANCHOR_GENERATOR:
    ANGLES:
    - - -90
      - 0
      - 90
    ASPECT_RATIOS:
    - - 0.5
      - 1.0
      - 2.0
    NAME: DefaultAnchorGenerator
    OFFSET: 0.0
    SIZES:
    - - 32
      - 64
      - 128
      - 256
      - 512
  BACKBONE:
    FREEZE_AT: 2
    NAME: build_resnet_backbone
  CLIP_PIXEL_MEAN:
  - 122.7709383
  - 116.7460125
  - 104.09373615
  CLIP_PIXEL_STD:
  - 68.5005327
  - 66.6321579
  - 70.323163
  DEVICE: cuda
  FPN:
    FUSE_TYPE: sum
    IN_FEATURES: []
    NORM: ''
    OUT_CHANNELS: 256
  KEYPOINT_ON: false
  LOAD_PROPOSALS: false
  MASK_FORMER:
    SIZE_DIVISIBILITY: 32
  MASK_ON: false
  META_ARCHITECTURE: CATSeg
  PANOPTIC_FPN:
    COMBINE:
      ENABLED: true
      INSTANCES_CONFIDENCE_THRESH: 0.5
      OVERLAP_THRESH: 0.5
      STUFF_AREA_LIMIT: 4096
    INSTANCE_LOSS_WEIGHT: 1.0
  PIXEL_MEAN:
  - 123.675
  - 116.28
  - 103.53
  PIXEL_STD:
  - 58.395
  - 57.12
  - 57.375
  PROMPT_ENSEMBLE: false
  PROMPT_ENSEMBLE_TYPE: multi_domain
  PROPOSAL_GENERATOR:
    MIN_SIZE: 0
    NAME: RPN
  RESNETS:
    DEFORM_MODULATED: false
    DEFORM_NUM_GROUPS: 1
    DEFORM_ON_PER_STAGE:
    - false
    - false
    - false
    - false
    DEPTH: 50
    NORM: FrozenBN
    NUM_GROUPS: 1
    OUT_FEATURES:
    - res4
    RES2_OUT_CHANNELS: 256
    RES4_DILATION: 1
    RES5_DILATION: 1
    RES5_MULTI_GRID:
    - 1
    - 2
    - 4
    STEM_OUT_CHANNELS: 64
    STEM_TYPE: deeplab
    STRIDE_IN_1X1: true
    WIDTH_PER_GROUP: 64
  RETINANET:
    BBOX_REG_LOSS_TYPE: smooth_l1
    BBOX_REG_WEIGHTS: &id002
    - 1.0
    - 1.0
    - 1.0
    - 1.0
    FOCAL_LOSS_ALPHA: 0.25
    FOCAL_LOSS_GAMMA: 2.0
    IN_FEATURES:
    - p3
    - p4
    - p5
    - p6
    - p7
    IOU_LABELS:
    - 0
    - -1
    - 1
    IOU_THRESHOLDS:
    - 0.4
    - 0.5
    NMS_THRESH_TEST: 0.5
    NORM: ''
    NUM_CLASSES: 80
    NUM_CONVS: 4
    PRIOR_PROB: 0.01
    SCORE_THRESH_TEST: 0.05
    SMOOTH_L1_LOSS_BETA: 0.1
    TOPK_CANDIDATES_TEST: 1000
  ROI_BOX_CASCADE_HEAD:
    BBOX_REG_WEIGHTS:
    - &id001
      - 10.0
      - 10.0
      - 5.0
      - 5.0
    - - 20.0
      - 20.0
      - 10.0
      - 10.0
    - - 30.0
      - 30.0
      - 15.0
      - 15.0
    IOUS:
    - 0.5
    - 0.6
    - 0.7
  ROI_BOX_HEAD:
    BBOX_REG_LOSS_TYPE: smooth_l1
    BBOX_REG_LOSS_WEIGHT: 1.0
    BBOX_REG_WEIGHTS: *id001
    CLS_AGNOSTIC_BBOX_REG: false
    CONV_DIM: 256
    FC_DIM: 1024
    NAME: ''
    NORM: ''
    NUM_CONV: 0
    NUM_FC: 0
    POOLER_RESOLUTION: 14
    POOLER_SAMPLING_RATIO: 0
    POOLER_TYPE: ROIAlignV2
    SMOOTH_L1_BETA: 0.0
    TRAIN_ON_PRED_BOXES: false
  ROI_HEADS:
    BATCH_SIZE_PER_IMAGE: 512
    IN_FEATURES:
    - res4
    IOU_LABELS:
    - 0
    - 1
    IOU_THRESHOLDS:
    - 0.5
    NAME: Res5ROIHeads
    NMS_THRESH_TEST: 0.5
    NUM_CLASSES: 80
    POSITIVE_FRACTION: 0.25
    PROPOSAL_APPEND_GT: true
    SCORE_THRESH_TEST: 0.05
  ROI_KEYPOINT_HEAD:
    CONV_DIMS:
    - 512
    - 512
    - 512
    - 512
    - 512
    - 512
    - 512
    - 512
    LOSS_WEIGHT: 1.0
    MIN_KEYPOINTS_PER_IMAGE: 1
    NAME: KRCNNConvDeconvUpsampleHead
    NORMALIZE_LOSS_BY_VISIBLE_KEYPOINTS: true
    NUM_KEYPOINTS: 17
    POOLER_RESOLUTION: 14
    POOLER_SAMPLING_RATIO: 0
    POOLER_TYPE: ROIAlignV2
  ROI_MASK_HEAD:
    CLS_AGNOSTIC_MASK: false
    CONV_DIM: 256
    NAME: MaskRCNNConvUpsampleHead
    NORM: ''
    NUM_CONV: 0
    POOLER_RESOLUTION: 14
    POOLER_SAMPLING_RATIO: 0
    POOLER_TYPE: ROIAlignV2
  RPN:
    BATCH_SIZE_PER_IMAGE: 256
    BBOX_REG_LOSS_TYPE: smooth_l1
    BBOX_REG_LOSS_WEIGHT: 1.0
    BBOX_REG_WEIGHTS: *id002
    BOUNDARY_THRESH: -1
    CONV_DIMS:
    - -1
    HEAD_NAME: StandardRPNHead
    IN_FEATURES:
    - res4
    IOU_LABELS:
    - 0
    - -1
    - 1
    IOU_THRESHOLDS:
    - 0.3
    - 0.7
    LOSS_WEIGHT: 1.0
    NMS_THRESH: 0.7
    POSITIVE_FRACTION: 0.5
    POST_NMS_TOPK_TEST: 1000
    POST_NMS_TOPK_TRAIN: 2000
    PRE_NMS_TOPK_TEST: 6000
    PRE_NMS_TOPK_TRAIN: 12000
    SMOOTH_L1_BETA: 0.0
  SEM_SEG_HEAD:
    APPEARANCE_GUIDANCE_DIM: 768
    APPEARANCE_GUIDANCE_PROJ_DIM: 128
    ASPP_CHANNELS: 256
    ASPP_DILATIONS:
    - 6
    - 12
    - 18
    ASPP_DROPOUT: 0.1
    ATTENTION_TYPE: linear
    CACHE_DIR: /data/zd/TTA_VLM/pretrain/EVA02_CLIP_L_336_psz14_s6B.pt
    CLIP_FINETUNE: attention
    CLIP_PRETRAINED: EVA02-CLIP-L-14-336
    COMMON_STRIDE: 4
    CONVS_DIM: 128
    DECODER_DIMS:
    - 64
    - 32
    DECODER_GUIDANCE_DIMS:
    - 256
    - 128
    DECODER_GUIDANCE_PROJ_DIMS:
    - 32
    - 16
    ENABLE_HIGH_RES: false
    FEATURE_RESOLUTION:
    - 32
    - 32
    HIDDEN_DIMS: 128
    IGNORE_VALUE: 255
    IN_FEATURES:
    - res2
    - res3
    - res4
    LOSS_TYPE: hard_pixel_mining
    LOSS_WEIGHT: 1.0
    NAME: CATSegHead
    NORM: GN
    NUM_CLASSES: 19
    NUM_HEADS: 4
    NUM_LAYERS: 1
    POOLING_SIZES:
    - 1
    - 1
    PROJECT_CHANNELS:
    - 48
    PROJECT_FEATURES:
    - res2
    PROMPT_DEPTH: 0
    PROMPT_LENGTH: 0
    TEST_CLASS_INDEXES: datasets/coco/coco_stuff/split/unseen_indexes.json
    TEST_CLASS_JSON: datasets/inpaint41_vocab.json
    TEXT_GUIDANCE_DIM: 768
    TEXT_GUIDANCE_PROJ_DIM: 128
    TRAIN_CLASS_INDEXES: datasets/coco/coco_stuff/split/seen_indexes.json
    TRAIN_CLASS_JSON: datasets/cityscapes_seen_7.json
    USE_DEPTHWISE_SEPARABLE_CONV: false
    WINDOW_SIZES: 16
  SWIN:
    APE: false
    ATTN_DROP_RATE: 0.0
    DEPTHS:
    - 2
    - 2
    - 6
    - 2
    DROP_PATH_RATE: 0.3
    DROP_RATE: 0.0
    EMBED_DIM: 96
    MLP_RATIO: 4.0
    NUM_HEADS:
    - 3
    - 6
    - 12
    - 24
    OUT_FEATURES:
    - res2
    - res3
    - res4
    - res5
    PATCH_NORM: true
    PATCH_SIZE: 4
    PRETRAIN_IMG_SIZE: 224
    QKV_BIAS: true
    QK_SCALE: null
    WINDOW_SIZE: 7
  WEIGHTS: outputs/cs7_eva_L14_r448//model_0019999.pth
OUTPUT_DIR: outputs/cs7_eva_L14_r448//eval
SEED: -1
SOLVER:
  AMP:
    ENABLED: false
  BACKBONE_MULTIPLIER: 0.0
  BASE_LR: 0.0002
  BIAS_LR_FACTOR: 1.0
  CHECKPOINT_PERIOD: 5000
  CLIP_GRADIENTS:
    CLIP_TYPE: full_model
    CLIP_VALUE: 0.01
    ENABLED: true
    NORM_TYPE: 2.0
  CLIP_MULTIPLIER: 0.01
  GAMMA: 0.1
  IMS_PER_BATCH: 4
  LR_SCHEDULER_NAME: WarmupCosineLR
  MAX_ITER: 20000
  MOMENTUM: 0.9
  NESTEROV: false
  OPTIMIZER: ADAMW
  POLY_LR_CONSTANT_ENDING: 0.0
  POLY_LR_POWER: 0.9
  REFERENCE_WORLD_SIZE: 0
  STEPS:
  - 30000
  WARMUP_FACTOR: 1.0
  WARMUP_ITERS: 0
  WARMUP_METHOD: linear
  WEIGHT_DECAY: 0.0001
  WEIGHT_DECAY_BIAS: null
  WEIGHT_DECAY_EMBED: 0.0
  WEIGHT_DECAY_NORM: 0.0
TEST:
  AUG:
    ENABLED: false
    FLIP: true
    MAX_SIZE: 4000
    MIN_SIZES:
    - 400
    - 500
    - 600
    - 700
    - 800
    - 900
    - 1000
    - 1100
    - 1200
  DETECTIONS_PER_IMAGE: 100
  EVAL_PERIOD: 10000
  EXPECTED_RESULTS: []
  KEYPOINT_OKS_SIGMAS: []
  PRECISE_BN:
    ENABLED: false
    NUM_ITER: 200
  SLIDING_WINDOW: true
  SW_KERNEL: 448
  SW_OUT_RES:
  - 448
  - 896
  SW_OVERLAP: 0.333
VERSION: 2
VIS_PERIOD: 0

[12/10 06:42:32 detectron2]: Full config saved to outputs/cs7_eva_L14_r448//eval/config.yaml
[12/10 06:42:32 d2.utils.env]: Using a generated random seed 32789236
Freeze text encoder parameters
[12/10 06:42:42 d2.engine.defaults]: Model:
CATSeg(
  (sem_seg_head): CATSegHead(
    (predictor): CATSegPredictor(
      (clip_model): CustomCLIP(
        (visual): EVAVisionTransformer(
          (patch_embed): PatchEmbed(
            (proj): Conv2d(3, 1024, kernel_size=(14, 14), stride=(14, 14))
          )
          (pos_drop): Dropout(p=0.0, inplace=False)
          (rope): VisionRotaryEmbeddingFast()
          (blocks): ModuleList(
            (0-23): 24 x Block(
              (norm1): LayerNorm((1024,), eps=1e-06, elementwise_affine=True)
              (attn): Attention(
                (q_proj): Linear(in_features=1024, out_features=1024, bias=False)
                (k_proj): Linear(in_features=1024, out_features=1024, bias=False)
                (v_proj): Linear(in_features=1024, out_features=1024, bias=False)
                (attn_drop): Dropout(p=0.0, inplace=False)
                (inner_attn_ln): LayerNorm((1024,), eps=1e-06, elementwise_affine=True)
                (proj): Linear(in_features=1024, out_features=1024, bias=True)
                (proj_drop): Dropout(p=0.0, inplace=False)
                (rope): VisionRotaryEmbeddingFast()
              )
              (drop_path): Identity()
              (norm2): LayerNorm((1024,), eps=1e-06, elementwise_affine=True)
              (mlp): SwiGLU(
                (w1): Linear(in_features=1024, out_features=2730, bias=True)
                (w2): Linear(in_features=1024, out_features=2730, bias=True)
                (act): SiLU()
                (ffn_ln): LayerNorm((2730,), eps=1e-06, elementwise_affine=True)
                (w3): Linear(in_features=2730, out_features=1024, bias=True)
                (drop): Dropout(p=0.0, inplace=False)
              )
            )
          )
          (norm): LayerNorm((1024,), eps=1e-06, elementwise_affine=True)
          (head): Linear(in_features=1024, out_features=768, bias=True)
          (patch_dropout): Identity()
        )
        (text): TextTransformer(
          (token_embedding): Embedding(49408, 768)
          (transformer): Transformer(
            (resblocks): ModuleList(
              (0-11): 12 x ResidualAttentionBlock(
                (ln_1): LayerNorm((768,), eps=1e-05, elementwise_affine=True)
                (attn): MultiheadAttention(
                  (out_proj): NonDynamicallyQuantizableLinear(in_features=768, out_features=768, bias=True)
                )
                (ls_1): Identity()
                (ln_2): LayerNorm((768,), eps=1e-05, elementwise_affine=True)
                (mlp): Sequential(
                  (c_fc): Linear(in_features=768, out_features=3072, bias=True)
                  (gelu): GELU(approximate='none')
                  (c_proj): Linear(in_features=3072, out_features=768, bias=True)
                )
                (ls_2): Identity()
              )
            )
          )
          (ln_final): LayerNorm((768,), eps=1e-05, elementwise_affine=True)
        )
      )
      (transformer): AggregatorMambaLite(
        (layers): ModuleList(
          (0): Sequential(
            (0): AxialMambaBlockLite_v2(
              (film): FiLM2D(
                (pool): AdaptiveAvgPool2d(output_size=1)
                (fc): Conv2d(128, 256, kernel_size=(1, 1), stride=(1, 1))
              )
              (pre_mix): Sequential(
                (0): Conv2d(128, 128, kernel_size=(3, 3), stride=(1, 1), padding=(1, 1), groups=128)
                (1): Conv2d(128, 128, kernel_size=(1, 1), stride=(1, 1))
                (2): GELU(approximate='none')
              )
              (seq_row): Mamba1DWithDecayPrior(
                (out_norm): LayerNorm((128,), eps=1e-05, elementwise_affine=True)
                (gate): Sequential(
                  (0): Linear(in_features=128, out_features=128, bias=True)
                  (1): SiLU()
                )
                (proj_in): Linear(in_features=128, out_features=384, bias=True)
                (drop): Dropout(p=0.0, inplace=False)
              )
              (post_proj): Conv2d(128, 128, kernel_size=(1, 1), stride=(1, 1))
              (norm_tok): LayerNorm((128,), eps=1e-05, elementwise_affine=True)
              (ffn): Sequential(
                (0): Linear(in_features=128, out_features=384, bias=True)
                (1): GELU(approximate='none')
                (2): Linear(in_features=384, out_features=128, bias=True)
              )
              (down): Identity()
            )
            (1): ClassMambaLayerLite(
              (pool): AvgPool2d(kernel_size=[1, 1], stride=[1, 1], padding=0)
              (guid_proj): Linear(in_features=128, out_features=256, bias=True)
              (seq_block): _Mamba1DAdapterLite(
                (blocks): ModuleList(
                  (0): PseudoMamba1D(
                    (gate): Sequential(
                      (0): Linear(in_features=128, out_features=128, bias=True)
                      (1): SiLU()
                    )
                    (proj_in): Linear(in_features=128, out_features=384, bias=True)
                    (out_norm): LayerNorm((128,), eps=1e-05, elementwise_affine=True)
                    (drop): Dropout(p=0.0, inplace=False)
                  )
                )
                (norm): LayerNorm((128,), eps=1e-05, elementwise_affine=True)
              )
              (norm1): LayerNorm((128,), eps=1e-05, elementwise_affine=True)
              (norm2): LayerNorm((128,), eps=1e-05, elementwise_affine=True)
              (ffn): Sequential(
                (0): Linear(in_features=128, out_features=384, bias=True)
                (1): GELU(approximate='none')
                (2): Linear(in_features=384, out_features=128, bias=True)
              )
            )
          )
        )
        (conv1): Conv2d(1, 128, kernel_size=(7, 7), stride=(1, 1), padding=(3, 3))
        (guidance_projection): Sequential(
          (0): Conv2d(768, 128, kernel_size=(3, 3), stride=(1, 1), padding=(1, 1))
          (1): ReLU()
        )
        (text_guidance_projection): Sequential(
          (0): Linear(in_features=768, out_features=128, bias=True)
          (1): ReLU()
        )
        (decoder_guidance_projection): ModuleList(
          (0): Sequential(
            (0): Conv2d(256, 32, kernel_size=(3, 3), stride=(1, 1), padding=(1, 1))
            (1): ReLU()
          )
          (1): Sequential(
            (0): Conv2d(128, 16, kernel_size=(3, 3), stride=(1, 1), padding=(1, 1))
            (1): ReLU()
          )
        )
        (decoder1): UpLite(
          (up): ConvTranspose2d(128, 96, kernel_size=(2, 2), stride=(2, 2))
          (conv): Sequential(
            (0): Conv2d(128, 64, kernel_size=(3, 3), stride=(1, 1), padding=(1, 1), bias=False)
            (1): GroupNorm(4, 64, eps=1e-05, affine=True)
            (2): ReLU()
          )
        )
        (decoder2): UpLite(
          (up): ConvTranspose2d(64, 48, kernel_size=(2, 2), stride=(2, 2))
          (conv): Sequential(
            (0): Conv2d(64, 32, kernel_size=(3, 3), stride=(1, 1), padding=(1, 1), bias=False)
            (1): GroupNorm(2, 32, eps=1e-05, affine=True)
            (2): ReLU()
          )
        )
        (head): Conv2d(32, 1, kernel_size=(3, 3), stride=(1, 1), padding=(1, 1))
      )
    )
  )
  (upsample1): ConvTranspose2d(1024, 256, kernel_size=(2, 2), stride=(2, 2))
  (upsample2): ConvTranspose2d(1024, 128, kernel_size=(4, 4), stride=(4, 4))
)
[12/10 06:42:42 fvcore.common.checkpoint]: [Checkpointer] Loading from outputs/cs7_eva_L14_r448//model_0019999.pth ...
[12/10 06:42:43 d2.data.dataset_mapper]: [DatasetMapper] Augmentations used in inference: [ResizeShortestEdge(short_edge_length=(448, 448), max_size=1008, sample_style='choice')]
[12/10 06:42:43 d2.data.common]: Serializing 1003 elements to byte tensors and concatenating them all ...
[12/10 06:42:43 d2.data.common]: Serialized dataset takes 0.24 MiB
[12/10 06:42:43 d2.evaluation.evaluator]: Start inference on 1003 batches
Add a new rope freq of shape: torch.Size([1024, 64])
[12/10 06:42:47 d2.evaluation.evaluator]: Inference done 11/1003. Dataloading: 0.0008 s/iter. Inference: 0.1590 s/iter. Eval: 0.0575 s/iter. Total: 0.2172 s/iter. ETA=0:03:35
[12/10 06:42:52 d2.evaluation.evaluator]: Inference done 35/1003. Dataloading: 0.0014 s/iter. Inference: 0.1584 s/iter. Eval: 0.0533 s/iter. Total: 0.2131 s/iter. ETA=0:03:26
[12/10 06:42:58 d2.evaluation.evaluator]: Inference done 59/1003. Dataloading: 0.0015 s/iter. Inference: 0.1583 s/iter. Eval: 0.0545 s/iter. Total: 0.2143 s/iter. ETA=0:03:22
[12/10 06:43:03 d2.evaluation.evaluator]: Inference done 83/1003. Dataloading: 0.0015 s/iter. Inference: 0.1583 s/iter. Eval: 0.0544 s/iter. Total: 0.2143 s/iter. ETA=0:03:17
[12/10 06:43:08 d2.evaluation.evaluator]: Inference done 107/1003. Dataloading: 0.0015 s/iter. Inference: 0.1582 s/iter. Eval: 0.0550 s/iter. Total: 0.2148 s/iter. ETA=0:03:12
[12/10 06:43:13 d2.evaluation.evaluator]: Inference done 131/1003. Dataloading: 0.0015 s/iter. Inference: 0.1582 s/iter. Eval: 0.0545 s/iter. Total: 0.2143 s/iter. ETA=0:03:06
[12/10 06:43:18 d2.evaluation.evaluator]: Inference done 155/1003. Dataloading: 0.0016 s/iter. Inference: 0.1582 s/iter. Eval: 0.0543 s/iter. Total: 0.2141 s/iter. ETA=0:03:01
[12/10 06:43:23 d2.evaluation.evaluator]: Inference done 179/1003. Dataloading: 0.0016 s/iter. Inference: 0.1583 s/iter. Eval: 0.0544 s/iter. Total: 0.2142 s/iter. ETA=0:02:56
[12/10 06:43:28 d2.evaluation.evaluator]: Inference done 203/1003. Dataloading: 0.0016 s/iter. Inference: 0.1584 s/iter. Eval: 0.0544 s/iter. Total: 0.2145 s/iter. ETA=0:02:51
[12/10 06:43:34 d2.evaluation.evaluator]: Inference done 227/1003. Dataloading: 0.0016 s/iter. Inference: 0.1585 s/iter. Eval: 0.0543 s/iter. Total: 0.2144 s/iter. ETA=0:02:46
[12/10 06:43:39 d2.evaluation.evaluator]: Inference done 251/1003. Dataloading: 0.0016 s/iter. Inference: 0.1586 s/iter. Eval: 0.0544 s/iter. Total: 0.2146 s/iter. ETA=0:02:41
[12/10 06:43:44 d2.evaluation.evaluator]: Inference done 275/1003. Dataloading: 0.0016 s/iter. Inference: 0.1586 s/iter. Eval: 0.0546 s/iter. Total: 0.2148 s/iter. ETA=0:02:36
[12/10 06:43:49 d2.evaluation.evaluator]: Inference done 299/1003. Dataloading: 0.0016 s/iter. Inference: 0.1586 s/iter. Eval: 0.0547 s/iter. Total: 0.2150 s/iter. ETA=0:02:31
[12/10 06:43:54 d2.evaluation.evaluator]: Inference done 323/1003. Dataloading: 0.0016 s/iter. Inference: 0.1586 s/iter. Eval: 0.0547 s/iter. Total: 0.2149 s/iter. ETA=0:02:26
[12/10 06:43:59 d2.evaluation.evaluator]: Inference done 347/1003. Dataloading: 0.0016 s/iter. Inference: 0.1586 s/iter. Eval: 0.0546 s/iter. Total: 0.2149 s/iter. ETA=0:02:20
[12/10 06:44:05 d2.evaluation.evaluator]: Inference done 371/1003. Dataloading: 0.0016 s/iter. Inference: 0.1586 s/iter. Eval: 0.0547 s/iter. Total: 0.2150 s/iter. ETA=0:02:15
[12/10 06:44:10 d2.evaluation.evaluator]: Inference done 395/1003. Dataloading: 0.0016 s/iter. Inference: 0.1587 s/iter. Eval: 0.0547 s/iter. Total: 0.2150 s/iter. ETA=0:02:10
[12/10 06:44:15 d2.evaluation.evaluator]: Inference done 419/1003. Dataloading: 0.0016 s/iter. Inference: 0.1587 s/iter. Eval: 0.0548 s/iter. Total: 0.2151 s/iter. ETA=0:02:05
[12/10 06:44:20 d2.evaluation.evaluator]: Inference done 443/1003. Dataloading: 0.0016 s/iter. Inference: 0.1587 s/iter. Eval: 0.0548 s/iter. Total: 0.2151 s/iter. ETA=0:02:00
[12/10 06:44:25 d2.evaluation.evaluator]: Inference done 467/1003. Dataloading: 0.0016 s/iter. Inference: 0.1587 s/iter. Eval: 0.0547 s/iter. Total: 0.2151 s/iter. ETA=0:01:55
[12/10 06:44:31 d2.evaluation.evaluator]: Inference done 491/1003. Dataloading: 0.0016 s/iter. Inference: 0.1587 s/iter. Eval: 0.0547 s/iter. Total: 0.2151 s/iter. ETA=0:01:50
[12/10 06:44:36 d2.evaluation.evaluator]: Inference done 515/1003. Dataloading: 0.0016 s/iter. Inference: 0.1587 s/iter. Eval: 0.0546 s/iter. Total: 0.2150 s/iter. ETA=0:01:44
[12/10 06:44:41 d2.evaluation.evaluator]: Inference done 539/1003. Dataloading: 0.0016 s/iter. Inference: 0.1587 s/iter. Eval: 0.0546 s/iter. Total: 0.2150 s/iter. ETA=0:01:39
[12/10 06:44:46 d2.evaluation.evaluator]: Inference done 563/1003. Dataloading: 0.0016 s/iter. Inference: 0.1587 s/iter. Eval: 0.0545 s/iter. Total: 0.2148 s/iter. ETA=0:01:34
[12/10 06:44:51 d2.evaluation.evaluator]: Inference done 587/1003. Dataloading: 0.0016 s/iter. Inference: 0.1587 s/iter. Eval: 0.0546 s/iter. Total: 0.2150 s/iter. ETA=0:01:29
[12/10 06:44:56 d2.evaluation.evaluator]: Inference done 611/1003. Dataloading: 0.0016 s/iter. Inference: 0.1587 s/iter. Eval: 0.0546 s/iter. Total: 0.2150 s/iter. ETA=0:01:24
[12/10 06:45:01 d2.evaluation.evaluator]: Inference done 635/1003. Dataloading: 0.0016 s/iter. Inference: 0.1587 s/iter. Eval: 0.0546 s/iter. Total: 0.2149 s/iter. ETA=0:01:19
[12/10 06:45:07 d2.evaluation.evaluator]: Inference done 659/1003. Dataloading: 0.0016 s/iter. Inference: 0.1587 s/iter. Eval: 0.0545 s/iter. Total: 0.2149 s/iter. ETA=0:01:13
[12/10 06:45:12 d2.evaluation.evaluator]: Inference done 683/1003. Dataloading: 0.0016 s/iter. Inference: 0.1587 s/iter. Eval: 0.0545 s/iter. Total: 0.2149 s/iter. ETA=0:01:08
[12/10 06:45:17 d2.evaluation.evaluator]: Inference done 707/1003. Dataloading: 0.0016 s/iter. Inference: 0.1587 s/iter. Eval: 0.0545 s/iter. Total: 0.2149 s/iter. ETA=0:01:03
[12/10 06:45:22 d2.evaluation.evaluator]: Inference done 731/1003. Dataloading: 0.0016 s/iter. Inference: 0.1587 s/iter. Eval: 0.0545 s/iter. Total: 0.2149 s/iter. ETA=0:00:58
[12/10 06:45:27 d2.evaluation.evaluator]: Inference done 755/1003. Dataloading: 0.0016 s/iter. Inference: 0.1587 s/iter. Eval: 0.0545 s/iter. Total: 0.2149 s/iter. ETA=0:00:53
[12/10 06:45:32 d2.evaluation.evaluator]: Inference done 779/1003. Dataloading: 0.0016 s/iter. Inference: 0.1587 s/iter. Eval: 0.0545 s/iter. Total: 0.2149 s/iter. ETA=0:00:48
[12/10 06:45:38 d2.evaluation.evaluator]: Inference done 803/1003. Dataloading: 0.0016 s/iter. Inference: 0.1587 s/iter. Eval: 0.0546 s/iter. Total: 0.2150 s/iter. ETA=0:00:42
[12/10 06:45:43 d2.evaluation.evaluator]: Inference done 827/1003. Dataloading: 0.0016 s/iter. Inference: 0.1587 s/iter. Eval: 0.0544 s/iter. Total: 0.2148 s/iter. ETA=0:00:37
[12/10 06:45:48 d2.evaluation.evaluator]: Inference done 851/1003. Dataloading: 0.0016 s/iter. Inference: 0.1587 s/iter. Eval: 0.0543 s/iter. Total: 0.2147 s/iter. ETA=0:00:32
[12/10 06:45:53 d2.evaluation.evaluator]: Inference done 875/1003. Dataloading: 0.0016 s/iter. Inference: 0.1587 s/iter. Eval: 0.0543 s/iter. Total: 0.2147 s/iter. ETA=0:00:27
[12/10 06:45:58 d2.evaluation.evaluator]: Inference done 899/1003. Dataloading: 0.0016 s/iter. Inference: 0.1587 s/iter. Eval: 0.0542 s/iter. Total: 0.2146 s/iter. ETA=0:00:22
[12/10 06:46:03 d2.evaluation.evaluator]: Inference done 923/1003. Dataloading: 0.0016 s/iter. Inference: 0.1587 s/iter. Eval: 0.0541 s/iter. Total: 0.2145 s/iter. ETA=0:00:17
[12/10 06:46:08 d2.evaluation.evaluator]: Inference done 947/1003. Dataloading: 0.0016 s/iter. Inference: 0.1587 s/iter. Eval: 0.0541 s/iter. Total: 0.2145 s/iter. ETA=0:00:12
[12/10 06:46:13 d2.evaluation.evaluator]: Inference done 971/1003. Dataloading: 0.0016 s/iter. Inference: 0.1587 s/iter. Eval: 0.0542 s/iter. Total: 0.2146 s/iter. ETA=0:00:06
[12/10 06:46:18 d2.evaluation.evaluator]: Inference done 995/1003. Dataloading: 0.0016 s/iter. Inference: 0.1587 s/iter. Eval: 0.0542 s/iter. Total: 0.2146 s/iter. ETA=0:00:01
[12/10 06:46:20 d2.evaluation.evaluator]: Total inference time: 0:03:34.211802 (0.214641 s / iter per device, on 1 devices)
[12/10 06:46:20 d2.evaluation.evaluator]: Total inference pure compute time: 0:02:38 (0.158743 s / iter per device, on 1 devices)
[12/10 06:46:20 d2.evaluation.sem_seg_evaluation]: OrderedDict([('sem_seg', {'mIoU': 62.230420235819594, 'fwIoU': 84.38417063725137, 'IoU-road': 92.22858513468975, 'IoU-sidewalk': 59.04327806231458, 'IoU-building': 84.03249301059758, 'IoU-wall': 44.31066203835689, 'IoU-fence': 29.52552524538713, 'IoU-pole': 36.32408030365652, 'IoU-traffic light': 28.865658019097307, 'IoU-traffic sign': 27.95722399096205, 'IoU-vegetation': 81.82986408578483, 'IoU-terrain': 14.668050436521806, 'IoU-sky': 94.01622351269798, 'IoU-person': 48.641183527447836, 'IoU-rider': 0.22518674970104519, 'IoU-car': 82.01727364322133, 'IoU-truck': 46.839576740825564, 'IoU-bus': 80.01105340390335, 'IoU-train': 0.3575158179249339, 'IoU-motorcycle': 51.87007995016945, 'IoU-bicycle': 33.22704585821427, 'IoU-bag': 89.07259600882695, 'IoU-ball': 83.74439292649122, 'IoU-barrel': 82.34820721557462, 'IoU-bench': 46.45089171779454, 'IoU-bird': 76.17466442939809, 'IoU-bottle': 81.85702726902787, 'IoU-cart': 75.72699490814573, 'IoU-cat': 67.05078811407701, 'IoU-chair': 57.62200228093821, 'IoU-cow': 76.31976946425102, 'IoU-deer': 65.8079990440899, 'IoU-dog': 75.44465205349293, 'IoU-drone': 69.19270478894052, 'IoU-elephant': 77.37029335957999, 'IoU-hat': 91.71912650133017, 'IoU-horse': 78.17844715852557, 'IoU-robot': 83.87536947408294, 'IoU-sheep': 77.4000611328657, 'IoU-table': 32.79638009049774, 'IoU-toy': 68.64709563550126, 'IoU-umbrella': 91.07939364271083, 'IoU-zebra': 67.57781292098636, 'mACC': 75.70967257558988, 'pACC': 90.8654736602573, 'ACC-road': 95.20460059233086, 'ACC-sidewalk': 78.20211070619439, 'ACC-building': 90.45162923659329, 'ACC-wall': 60.80066103825313, 'ACC-fence': 50.40328664801969, 'ACC-pole': 41.899229169364325, 'ACC-traffic light': 61.21004855967824, 'ACC-traffic sign': 59.33746422879494, 'ACC-vegetation': 93.32567595088665, 'ACC-terrain': 17.2277814455153, 'ACC-sky': 96.31646144504842, 'ACC-person': 64.78789073973562, 'ACC-rider': 0.6922232300568101, 'ACC-car': 90.53241656196464, 'ACC-truck': 61.966915268632484, 'ACC-bus': 82.4373823146349, 'ACC-train': 0.6748921564079966, 'ACC-motorcycle': 83.77312286971772, 'ACC-bicycle': 67.87390723913698, 'ACC-bag': 97.35260601049683, 'ACC-ball': 93.076218024999, 'ACC-barrel': 98.19455825903722, 'ACC-bench': 62.51626385433082, 'ACC-bird': 92.11158860805594, 'ACC-bottle': 90.79592880395133, 'ACC-cart': 92.43164383561644, 'ACC-cat': 75.85875664226525, 'ACC-chair': 90.29337332458525, 'ACC-cow': 91.31397646357937, 'ACC-deer': 80.30313806936185, 'ACC-dog': 88.13140162399752, 'ACC-drone': 82.65934219083898, 'ACC-elephant': 91.62654594257299, 'ACC-hat': 98.55656806371954, 'ACC-horse': 91.7345457348605, 'ACC-robot': 95.71901958011391, 'ACC-sheep': 89.28973646983111, 'ACC-table': 58.69728946153659, 'ACC-toy': 79.4802004789295, 'ACC-umbrella': 95.73517025686331, 'ACC-zebra': 71.10100449867505})])
[12/10 06:46:20 d2.engine.defaults]: Evaluation results for bdd_inpaint41_test in csv format:
[12/10 06:46:20 d2.evaluation.testing]: copypaste: Task: sem_seg
[12/10 06:46:20 d2.evaluation.testing]: copypaste: mIoU,fwIoU,mACC,pACC
[12/10 06:46:20 d2.evaluation.testing]: copypaste: 62.2304,84.3842,75.7097,90.8655
[12/10 04:09:54] d2.evaluation.testing INFO: copypaste: Task: sem_seg
[12/10 04:09:54] d2.evaluation.testing INFO: copypaste: mIoU,fwIoU,mACC,pACC
[12/10 04:09:54] d2.evaluation.testing INFO: copypaste: 59.4599,89.6112,69.2010,94.2532
[12/10 04:18:21] d2.evaluation.testing INFO: copypaste: Task: sem_seg
[12/10 04:18:21] d2.evaluation.testing INFO: copypaste: mIoU,fwIoU,mACC,pACC
[12/10 04:18:21] d2.evaluation.testing INFO: copypaste: 54.5554,85.8737,68.5180,91.9333
[12/10 04:22:13] d2.evaluation.testing INFO: copypaste: Task: sem_seg
[12/10 04:22:13] d2.evaluation.testing INFO: copypaste: mIoU,fwIoU,mACC,pACC
[12/10 04:22:13] d2.evaluation.testing INFO: copypaste: 53.7070,87.3606,65.8458,92.7430
[12/10 05:02:07] d2.evaluation.testing INFO: copypaste: Task: sem_seg
[12/10 05:02:07] d2.evaluation.testing INFO: copypaste: mIoU,fwIoU,mACC,pACC
[12/10 05:02:07] d2.evaluation.testing INFO: copypaste: 60.0611,88.1531,72.3947,93.3388
[12/10 06:28:14] d2.evaluation.testing INFO: copypaste: Task: sem_seg
[12/10 06:28:14] d2.evaluation.testing INFO: copypaste: mIoU,fwIoU,mACC,pACC
[12/10 06:28:14] d2.evaluation.testing INFO: copypaste: 46.9642,80.1307,60.2946,87.9201
[12/10 06:37:20] d2.evaluation.testing INFO: copypaste: Task: sem_seg
[12/10 06:37:20] d2.evaluation.testing INFO: copypaste: mIoU,fwIoU,mACC,pACC
[12/10 06:37:20] d2.evaluation.testing INFO: copypaste: 43.0263,76.6786,70.4432,82.8651
[12/10 06:42:27] d2.evaluation.testing INFO: copypaste: Task: sem_seg
[12/10 06:42:27] d2.evaluation.testing INFO: copypaste: mIoU,fwIoU,mACC,pACC
[12/10 06:42:27] d2.evaluation.testing INFO: copypaste: 62.2905,82.9514,78.7105,90.1217
[12/10 06:46:20] d2.evaluation.testing INFO: copypaste: Task: sem_seg
[12/10 06:46:20] d2.evaluation.testing INFO: copypaste: mIoU,fwIoU,mACC,pACC
[12/10 06:46:20] d2.evaluation.testing INFO: copypaste: 62.2304,84.3842,75.7097,90.8655
