nohup: ignoring input
/data/zd/TTA_VLM/S2_Corr/train_net.py:16: FutureWarning: In the future `np.bool` will be defined as the corresponding NumPy scalar.
  if not hasattr(np, _name):
/data/zd/TTA_VLM/S2_Corr/train_net.py:16: FutureWarning: In the future `np.object` will be defined as the corresponding NumPy scalar.
  if not hasattr(np, _name):
/data/zd/TTA_VLM/S2_Corr/train_net.py:18: FutureWarning: In the future `np.long` will be defined as the corresponding NumPy scalar.
  if not hasattr(np, "long"):
/data2/anaconda3/envs/DeCLIP_CATSeg/lib/python3.10/site-packages/torchvision/datapoints/__init__.py:12: UserWarning: The torchvision.datapoints and torchvision.transforms.v2 namespaces are still Beta. While we do not expect major breaking changes, some APIs may still change according to user feedback. Please submit any feedback you may have in this issue: https://github.com/pytorch/vision/issues/6753, and you can also check out https://github.com/pytorch/vision/issues/7319 to learn more about the APIs that we suspect might involve future changes. You can silence this warning by calling torchvision.disable_beta_transforms_warning().
  warnings.warn(_BETA_TRANSFORMS_WARNING)
/data2/anaconda3/envs/DeCLIP_CATSeg/lib/python3.10/site-packages/torchvision/transforms/v2/__init__.py:54: UserWarning: The torchvision.datapoints and torchvision.transforms.v2 namespaces are still Beta. While we do not expect major breaking changes, some APIs may still change according to user feedback. Please submit any feedback you may have in this issue: https://github.com/pytorch/vision/issues/6753, and you can also check out https://github.com/pytorch/vision/issues/7319 to learn more about the APIs that we suspect might involve future changes. You can silence this warning by calling torchvision.disable_beta_transforms_warning().
  warnings.warn(_BETA_TRANSFORMS_WARNING)
Please 'pip install apex'
Command Line Args: Namespace(config_file='configs/gta5_seen7_catseg_vitl.yaml', resume=True, eval_only=False, num_gpus=1, num_machines=1, machine_rank=0, dist_url='auto', opts=['OUTPUT_DIR', 'outputs/gta_seen7_eva_L14_r448/'])
[12/09 23:54:21 detectron2]: Rank of current process: 0. World size: 1
[12/09 23:54:22 detectron2]: Environment info:
----------------------  ------------------------------------------------------------------------------------------
sys.platform            linux
Python                  3.10.0 (default, Mar  3 2022, 09:58:08) [GCC 7.5.0]
numpy                   1.26.4
detectron2              0.6 @/data2/anaconda3/envs/DeCLIP_CATSeg/lib/python3.10/site-packages/detectron2
Compiler                GCC 7.5
CUDA compiler           CUDA 11.6
detectron2 arch flags   8.0
DETECTRON2_ENV_MODULE   <not set>
PyTorch                 2.0.0+cu117 @/data2/anaconda3/envs/DeCLIP_CATSeg/lib/python3.10/site-packages/torch
PyTorch debug build     False
GPU available           Yes
GPU 0                   GeForce RTX 3090 (arch=8.6)
Driver version          460.84
CUDA_HOME               /usr/local/cuda-11.6
TORCH_CUDA_ARCH_LIST    8.0
Pillow                  9.1.0
torchvision             0.15.1+cu117 @/data2/anaconda3/envs/DeCLIP_CATSeg/lib/python3.10/site-packages/torchvision
torchvision arch flags  3.5, 5.0, 6.0, 7.0, 7.5, 8.0, 8.6
fvcore                  0.1.5.post20221221
iopath                  0.1.9
cv2                     4.11.0
----------------------  ------------------------------------------------------------------------------------------
PyTorch built with:
  - GCC 9.3
  - C++ Version: 201703
  - Intel(R) oneAPI Math Kernel Library Version 2022.2-Product Build 20220804 for Intel(R) 64 architecture applications
  - Intel(R) MKL-DNN v2.7.3 (Git Hash 6dbeffbae1f23cbbeae17adb7b5b13f1f37c080e)
  - OpenMP 201511 (a.k.a. OpenMP 4.5)
  - LAPACK is enabled (usually provided by MKL)
  - NNPACK is enabled
  - CPU capability usage: AVX2
  - CUDA Runtime 11.7
  - NVCC architecture flags: -gencode;arch=compute_37,code=sm_37;-gencode;arch=compute_50,code=sm_50;-gencode;arch=compute_60,code=sm_60;-gencode;arch=compute_70,code=sm_70;-gencode;arch=compute_75,code=sm_75;-gencode;arch=compute_80,code=sm_80;-gencode;arch=compute_86,code=sm_86
  - CuDNN 8.5
  - Magma 2.6.1
  - Build settings: BLAS_INFO=mkl, BUILD_TYPE=Release, CUDA_VERSION=11.7, CUDNN_VERSION=8.5.0, CXX_COMPILER=/opt/rh/devtoolset-9/root/usr/bin/c++, CXX_FLAGS= -D_GLIBCXX_USE_CXX11_ABI=0 -fabi-version=11 -Wno-deprecated -fvisibility-inlines-hidden -DUSE_PTHREADPOOL -DNDEBUG -DUSE_KINETO -DLIBKINETO_NOROCTRACER -DUSE_FBGEMM -DUSE_QNNPACK -DUSE_PYTORCH_QNNPACK -DUSE_XNNPACK -DSYMBOLICATE_MOBILE_DEBUG_HANDLE -O2 -fPIC -Wall -Wextra -Werror=return-type -Werror=non-virtual-dtor -Werror=bool-operation -Wnarrowing -Wno-missing-field-initializers -Wno-type-limits -Wno-array-bounds -Wno-unknown-pragmas -Wunused-local-typedefs -Wno-unused-parameter -Wno-unused-function -Wno-unused-result -Wno-strict-overflow -Wno-strict-aliasing -Wno-error=deprecated-declarations -Wno-stringop-overflow -Wno-psabi -Wno-error=pedantic -Wno-error=redundant-decls -Wno-error=old-style-cast -fdiagnostics-color=always -faligned-new -Wno-unused-but-set-variable -Wno-maybe-uninitialized -fno-math-errno -fno-trapping-math -Werror=format -Werror=cast-function-type -Wno-stringop-overflow, LAPACK_INFO=mkl, PERF_WITH_AVX=1, PERF_WITH_AVX2=1, PERF_WITH_AVX512=1, TORCH_DISABLE_GPU_ASSERTS=ON, TORCH_VERSION=2.0.0, USE_CUDA=ON, USE_CUDNN=ON, USE_EXCEPTION_PTR=1, USE_GFLAGS=OFF, USE_GLOG=OFF, USE_MKL=ON, USE_MKLDNN=ON, USE_MPI=OFF, USE_NCCL=1, USE_NNPACK=ON, USE_OPENMP=ON, USE_ROCM=OFF, 

[12/09 23:54:22 detectron2]: Command line arguments: Namespace(config_file='configs/gta5_seen7_catseg_vitl.yaml', resume=True, eval_only=False, num_gpus=1, num_machines=1, machine_rank=0, dist_url='auto', opts=['OUTPUT_DIR', 'outputs/gta_seen7_eva_L14_r448/'])
[12/09 23:54:22 detectron2]: Contents of args.config_file=configs/gta5_seen7_catseg_vitl.yaml:
_BASE_: config.yaml
DATASETS:
  TRAIN: ("gta5_seen7_train_seg",)
  TEST:  ("acdc_inpaint41_test",)
MODEL:
  META_ARCHITECTURE: "CATSeg"
  PIXEL_MEAN: [123.675, 116.280, 103.530]
  PIXEL_STD: [58.395, 57.120, 57.375]
  SEM_SEG_HEAD:
    NAME: "CATSegHead"
    IN_FEATURES: ["res2", "res3", "res4"]
    IGNORE_VALUE: 255
    NUM_CLASSES: 19
    TRAIN_CLASS_JSON: "datasets/cityscapes_seen_7.json"
    TEST_CLASS_JSON:  "datasets/inpaint41_vocab.json"
    CLIP_PRETRAINED: "EVA02-CLIP-L-14-336"
    PROMPT_DEPTH: 0
    PROMPT_LENGTH: 0
    TEXT_GUIDANCE_DIM: 768
    TEXT_GUIDANCE_PROJ_DIM: 128
    APPEARANCE_GUIDANCE_DIM: 768
    APPEARANCE_GUIDANCE_PROJ_DIM: 128
    DECODER_DIMS: [64, 32]
    DECODER_GUIDANCE_DIMS: [256, 128]
    DECODER_GUIDANCE_PROJ_DIMS: [32, 16]
    NUM_LAYERS: 1
    NUM_HEADS: 4
    HIDDEN_DIMS: 128
    POOLING_SIZES: [ 1, 1 ]
    FEATURE_RESOLUTION: [32, 32]
    WINDOW_SIZES: 16
    ATTENTION_TYPE: "linear"
    CLIP_FINETUNE: "attention"
    CACHE_DIR: "/data/zd/TTA_VLM/pretrain/EVA02_CLIP_L_336_psz14_s6B.pt"
  PROMPT_ENSEMBLE_TYPE: "multi_domain"
INPUT:
  MIN_SIZE_TRAIN: (448, 640)
  MIN_SIZE_TRAIN_SAMPLING: "choice"
  MAX_SIZE_TRAIN: 1344
  MIN_SIZE_TEST: 448
  MAX_SIZE_TEST: 1008
  CROP:
    ENABLED: True
    TYPE: "absolute"
    SIZE: (448, 448)
  SIZE_DIVISIBILITY: 14
  FORMAT: "RGB"
  DATASET_MAPPER_NAME: "mask_former_semantic"
SOLVER:
  IMS_PER_BATCH: 3
  LR_SCHEDULER_NAME: "WarmupCosineLR"
  BASE_LR: 0.0002
  MAX_ITER: 20000
  BACKBONE_MULTIPLIER: 0.0
  CLIP_MULTIPLIER: 0.01
TEST:
  EVAL_PERIOD: 10000
  SLIDING_WINDOW: True
  SW_KERNEL: 448
  SW_OVERLAP: 0.333
  SW_OUT_RES: [448, 896]
  
[12/09 23:54:22 detectron2]: Running with full config:
CUDNN_BENCHMARK: true
DATALOADER:
  ASPECT_RATIO_GROUPING: true
  FILTER_EMPTY_ANNOTATIONS: true
  NUM_WORKERS: 8
  REPEAT_THRESHOLD: 0.0
  SAMPLER_TRAIN: TrainingSampler
DATASETS:
  PRECOMPUTED_PROPOSAL_TOPK_TEST: 1000
  PRECOMPUTED_PROPOSAL_TOPK_TRAIN: 2000
  PROPOSAL_FILES_TEST: []
  PROPOSAL_FILES_TRAIN: []
  TEST:
  - acdc_inpaint41_test
  TRAIN:
  - gta5_seen7_train_seg
  VAL_ALL:
  - coco_2017_val_all_stuff_sem_seg
DDP:
  BROADCAST_BUFFERS: false
  FIND_UNUSED_PARAMETERS: true
GLOBAL:
  HACK: 1.0
INPUT:
  COLOR_AUG_SSD: true
  CROP:
    ENABLED: true
    SINGLE_CATEGORY_MAX_AREA: 1.0
    SIZE:
    - 448
    - 448
    TYPE: absolute
  DATASET_MAPPER_NAME: mask_former_semantic
  FORMAT: RGB
  MASK_FORMAT: polygon
  MAX_SIZE_TEST: 1008
  MAX_SIZE_TRAIN: 1344
  MIN_SIZE_TEST: 448
  MIN_SIZE_TRAIN:
  - 448
  - 640
  MIN_SIZE_TRAIN_SAMPLING: choice
  RANDOM_FLIP: horizontal
  SIZE_DIVISIBILITY: 14
MODEL:
  ANCHOR_GENERATOR:
    ANGLES:
    - - -90
      - 0
      - 90
    ASPECT_RATIOS:
    - - 0.5
      - 1.0
      - 2.0
    NAME: DefaultAnchorGenerator
    OFFSET: 0.0
    SIZES:
    - - 32
      - 64
      - 128
      - 256
      - 512
  BACKBONE:
    FREEZE_AT: 2
    NAME: build_resnet_backbone
  CLIP_PIXEL_MEAN:
  - 122.7709383
  - 116.7460125
  - 104.09373615
  CLIP_PIXEL_STD:
  - 68.5005327
  - 66.6321579
  - 70.323163
  DEVICE: cuda
  FPN:
    FUSE_TYPE: sum
    IN_FEATURES: []
    NORM: ''
    OUT_CHANNELS: 256
  KEYPOINT_ON: false
  LOAD_PROPOSALS: false
  MASK_FORMER:
    SIZE_DIVISIBILITY: 32
  MASK_ON: false
  META_ARCHITECTURE: CATSeg
  PANOPTIC_FPN:
    COMBINE:
      ENABLED: true
      INSTANCES_CONFIDENCE_THRESH: 0.5
      OVERLAP_THRESH: 0.5
      STUFF_AREA_LIMIT: 4096
    INSTANCE_LOSS_WEIGHT: 1.0
  PIXEL_MEAN:
  - 123.675
  - 116.28
  - 103.53
  PIXEL_STD:
  - 58.395
  - 57.12
  - 57.375
  PROMPT_ENSEMBLE: false
  PROMPT_ENSEMBLE_TYPE: multi_domain
  PROPOSAL_GENERATOR:
    MIN_SIZE: 0
    NAME: RPN
  RESNETS:
    DEFORM_MODULATED: false
    DEFORM_NUM_GROUPS: 1
    DEFORM_ON_PER_STAGE:
    - false
    - false
    - false
    - false
    DEPTH: 50
    NORM: FrozenBN
    NUM_GROUPS: 1
    OUT_FEATURES:
    - res4
    RES2_OUT_CHANNELS: 256
    RES4_DILATION: 1
    RES5_DILATION: 1
    RES5_MULTI_GRID:
    - 1
    - 2
    - 4
    STEM_OUT_CHANNELS: 64
    STEM_TYPE: deeplab
    STRIDE_IN_1X1: true
    WIDTH_PER_GROUP: 64
  RETINANET:
    BBOX_REG_LOSS_TYPE: smooth_l1
    BBOX_REG_WEIGHTS: &id002
    - 1.0
    - 1.0
    - 1.0
    - 1.0
    FOCAL_LOSS_ALPHA: 0.25
    FOCAL_LOSS_GAMMA: 2.0
    IN_FEATURES:
    - p3
    - p4
    - p5
    - p6
    - p7
    IOU_LABELS:
    - 0
    - -1
    - 1
    IOU_THRESHOLDS:
    - 0.4
    - 0.5
    NMS_THRESH_TEST: 0.5
    NORM: ''
    NUM_CLASSES: 80
    NUM_CONVS: 4
    PRIOR_PROB: 0.01
    SCORE_THRESH_TEST: 0.05
    SMOOTH_L1_LOSS_BETA: 0.1
    TOPK_CANDIDATES_TEST: 1000
  ROI_BOX_CASCADE_HEAD:
    BBOX_REG_WEIGHTS:
    - &id001
      - 10.0
      - 10.0
      - 5.0
      - 5.0
    - - 20.0
      - 20.0
      - 10.0
      - 10.0
    - - 30.0
      - 30.0
      - 15.0
      - 15.0
    IOUS:
    - 0.5
    - 0.6
    - 0.7
  ROI_BOX_HEAD:
    BBOX_REG_LOSS_TYPE: smooth_l1
    BBOX_REG_LOSS_WEIGHT: 1.0
    BBOX_REG_WEIGHTS: *id001
    CLS_AGNOSTIC_BBOX_REG: false
    CONV_DIM: 256
    FC_DIM: 1024
    NAME: ''
    NORM: ''
    NUM_CONV: 0
    NUM_FC: 0
    POOLER_RESOLUTION: 14
    POOLER_SAMPLING_RATIO: 0
    POOLER_TYPE: ROIAlignV2
    SMOOTH_L1_BETA: 0.0
    TRAIN_ON_PRED_BOXES: false
  ROI_HEADS:
    BATCH_SIZE_PER_IMAGE: 512
    IN_FEATURES:
    - res4
    IOU_LABELS:
    - 0
    - 1
    IOU_THRESHOLDS:
    - 0.5
    NAME: Res5ROIHeads
    NMS_THRESH_TEST: 0.5
    NUM_CLASSES: 80
    POSITIVE_FRACTION: 0.25
    PROPOSAL_APPEND_GT: true
    SCORE_THRESH_TEST: 0.05
  ROI_KEYPOINT_HEAD:
    CONV_DIMS:
    - 512
    - 512
    - 512
    - 512
    - 512
    - 512
    - 512
    - 512
    LOSS_WEIGHT: 1.0
    MIN_KEYPOINTS_PER_IMAGE: 1
    NAME: KRCNNConvDeconvUpsampleHead
    NORMALIZE_LOSS_BY_VISIBLE_KEYPOINTS: true
    NUM_KEYPOINTS: 17
    POOLER_RESOLUTION: 14
    POOLER_SAMPLING_RATIO: 0
    POOLER_TYPE: ROIAlignV2
  ROI_MASK_HEAD:
    CLS_AGNOSTIC_MASK: false
    CONV_DIM: 256
    NAME: MaskRCNNConvUpsampleHead
    NORM: ''
    NUM_CONV: 0
    POOLER_RESOLUTION: 14
    POOLER_SAMPLING_RATIO: 0
    POOLER_TYPE: ROIAlignV2
  RPN:
    BATCH_SIZE_PER_IMAGE: 256
    BBOX_REG_LOSS_TYPE: smooth_l1
    BBOX_REG_LOSS_WEIGHT: 1.0
    BBOX_REG_WEIGHTS: *id002
    BOUNDARY_THRESH: -1
    CONV_DIMS:
    - -1
    HEAD_NAME: StandardRPNHead
    IN_FEATURES:
    - res4
    IOU_LABELS:
    - 0
    - -1
    - 1
    IOU_THRESHOLDS:
    - 0.3
    - 0.7
    LOSS_WEIGHT: 1.0
    NMS_THRESH: 0.7
    POSITIVE_FRACTION: 0.5
    POST_NMS_TOPK_TEST: 1000
    POST_NMS_TOPK_TRAIN: 2000
    PRE_NMS_TOPK_TEST: 6000
    PRE_NMS_TOPK_TRAIN: 12000
    SMOOTH_L1_BETA: 0.0
  SEM_SEG_HEAD:
    APPEARANCE_GUIDANCE_DIM: 768
    APPEARANCE_GUIDANCE_PROJ_DIM: 128
    ASPP_CHANNELS: 256
    ASPP_DILATIONS:
    - 6
    - 12
    - 18
    ASPP_DROPOUT: 0.1
    ATTENTION_TYPE: linear
    CACHE_DIR: /data/zd/TTA_VLM/pretrain/EVA02_CLIP_L_336_psz14_s6B.pt
    CLIP_FINETUNE: attention
    CLIP_PRETRAINED: EVA02-CLIP-L-14-336
    COMMON_STRIDE: 4
    CONVS_DIM: 128
    DECODER_DIMS:
    - 64
    - 32
    DECODER_GUIDANCE_DIMS:
    - 256
    - 128
    DECODER_GUIDANCE_PROJ_DIMS:
    - 32
    - 16
    ENABLE_HIGH_RES: false
    FEATURE_RESOLUTION:
    - 32
    - 32
    HIDDEN_DIMS: 128
    IGNORE_VALUE: 255
    IN_FEATURES:
    - res2
    - res3
    - res4
    LOSS_TYPE: hard_pixel_mining
    LOSS_WEIGHT: 1.0
    NAME: CATSegHead
    NORM: GN
    NUM_CLASSES: 19
    NUM_HEADS: 4
    NUM_LAYERS: 1
    POOLING_SIZES:
    - 1
    - 1
    PROJECT_CHANNELS:
    - 48
    PROJECT_FEATURES:
    - res2
    PROMPT_DEPTH: 0
    PROMPT_LENGTH: 0
    TEST_CLASS_INDEXES: datasets/coco/coco_stuff/split/unseen_indexes.json
    TEST_CLASS_JSON: datasets/inpaint41_vocab.json
    TEXT_GUIDANCE_DIM: 768
    TEXT_GUIDANCE_PROJ_DIM: 128
    TRAIN_CLASS_INDEXES: datasets/coco/coco_stuff/split/seen_indexes.json
    TRAIN_CLASS_JSON: datasets/cityscapes_seen_7.json
    USE_DEPTHWISE_SEPARABLE_CONV: false
    WINDOW_SIZES: 16
  SWIN:
    APE: false
    ATTN_DROP_RATE: 0.0
    DEPTHS:
    - 2
    - 2
    - 6
    - 2
    DROP_PATH_RATE: 0.3
    DROP_RATE: 0.0
    EMBED_DIM: 96
    MLP_RATIO: 4.0
    NUM_HEADS:
    - 3
    - 6
    - 12
    - 24
    OUT_FEATURES:
    - res2
    - res3
    - res4
    - res5
    PATCH_NORM: true
    PATCH_SIZE: 4
    PRETRAIN_IMG_SIZE: 224
    QKV_BIAS: true
    QK_SCALE: null
    WINDOW_SIZE: 7
  WEIGHTS: ''
OUTPUT_DIR: outputs/gta_seen7_eva_L14_r448/
SEED: -1
SOLVER:
  AMP:
    ENABLED: false
  BACKBONE_MULTIPLIER: 0.0
  BASE_LR: 0.0002
  BIAS_LR_FACTOR: 1.0
  CHECKPOINT_PERIOD: 5000
  CLIP_GRADIENTS:
    CLIP_TYPE: full_model
    CLIP_VALUE: 0.01
    ENABLED: true
    NORM_TYPE: 2.0
  CLIP_MULTIPLIER: 0.01
  GAMMA: 0.1
  IMS_PER_BATCH: 3
  LR_SCHEDULER_NAME: WarmupCosineLR
  MAX_ITER: 20000
  MOMENTUM: 0.9
  NESTEROV: false
  OPTIMIZER: ADAMW
  POLY_LR_CONSTANT_ENDING: 0.0
  POLY_LR_POWER: 0.9
  REFERENCE_WORLD_SIZE: 0
  STEPS:
  - 30000
  WARMUP_FACTOR: 1.0
  WARMUP_ITERS: 0
  WARMUP_METHOD: linear
  WEIGHT_DECAY: 0.0001
  WEIGHT_DECAY_BIAS: null
  WEIGHT_DECAY_EMBED: 0.0
  WEIGHT_DECAY_NORM: 0.0
TEST:
  AUG:
    ENABLED: false
    FLIP: true
    MAX_SIZE: 4000
    MIN_SIZES:
    - 400
    - 500
    - 600
    - 700
    - 800
    - 900
    - 1000
    - 1100
    - 1200
  DETECTIONS_PER_IMAGE: 100
  EVAL_PERIOD: 10000
  EXPECTED_RESULTS: []
  KEYPOINT_OKS_SIGMAS: []
  PRECISE_BN:
    ENABLED: false
    NUM_ITER: 200
  SLIDING_WINDOW: true
  SW_KERNEL: 448
  SW_OUT_RES:
  - 448
  - 896
  SW_OVERLAP: 0.333
VERSION: 2
VIS_PERIOD: 0

[12/09 23:54:22 detectron2]: Full config saved to outputs/gta_seen7_eva_L14_r448/config.yaml
[12/09 23:54:22 d2.utils.env]: Using a generated random seed 22929394
Freeze text encoder parameters
[12/09 23:54:33 d2.engine.defaults]: Model:
CATSeg(
  (sem_seg_head): CATSegHead(
    (predictor): CATSegPredictor(
      (clip_model): CustomCLIP(
        (visual): EVAVisionTransformer(
          (patch_embed): PatchEmbed(
            (proj): Conv2d(3, 1024, kernel_size=(14, 14), stride=(14, 14))
          )
          (pos_drop): Dropout(p=0.0, inplace=False)
          (rope): VisionRotaryEmbeddingFast()
          (blocks): ModuleList(
            (0-23): 24 x Block(
              (norm1): LayerNorm((1024,), eps=1e-06, elementwise_affine=True)
              (attn): Attention(
                (q_proj): Linear(in_features=1024, out_features=1024, bias=False)
                (k_proj): Linear(in_features=1024, out_features=1024, bias=False)
                (v_proj): Linear(in_features=1024, out_features=1024, bias=False)
                (attn_drop): Dropout(p=0.0, inplace=False)
                (inner_attn_ln): LayerNorm((1024,), eps=1e-06, elementwise_affine=True)
                (proj): Linear(in_features=1024, out_features=1024, bias=True)
                (proj_drop): Dropout(p=0.0, inplace=False)
                (rope): VisionRotaryEmbeddingFast()
              )
              (drop_path): Identity()
              (norm2): LayerNorm((1024,), eps=1e-06, elementwise_affine=True)
              (mlp): SwiGLU(
                (w1): Linear(in_features=1024, out_features=2730, bias=True)
                (w2): Linear(in_features=1024, out_features=2730, bias=True)
                (act): SiLU()
                (ffn_ln): LayerNorm((2730,), eps=1e-06, elementwise_affine=True)
                (w3): Linear(in_features=2730, out_features=1024, bias=True)
                (drop): Dropout(p=0.0, inplace=False)
              )
            )
          )
          (norm): LayerNorm((1024,), eps=1e-06, elementwise_affine=True)
          (head): Linear(in_features=1024, out_features=768, bias=True)
          (patch_dropout): Identity()
        )
        (text): TextTransformer(
          (token_embedding): Embedding(49408, 768)
          (transformer): Transformer(
            (resblocks): ModuleList(
              (0-11): 12 x ResidualAttentionBlock(
                (ln_1): LayerNorm((768,), eps=1e-05, elementwise_affine=True)
                (attn): MultiheadAttention(
                  (out_proj): NonDynamicallyQuantizableLinear(in_features=768, out_features=768, bias=True)
                )
                (ls_1): Identity()
                (ln_2): LayerNorm((768,), eps=1e-05, elementwise_affine=True)
                (mlp): Sequential(
                  (c_fc): Linear(in_features=768, out_features=3072, bias=True)
                  (gelu): GELU(approximate='none')
                  (c_proj): Linear(in_features=3072, out_features=768, bias=True)
                )
                (ls_2): Identity()
              )
            )
          )
          (ln_final): LayerNorm((768,), eps=1e-05, elementwise_affine=True)
        )
      )
      (transformer): AggregatorMambaLite(
        (layers): ModuleList(
          (0): Sequential(
            (0): AxialMambaBlockLite_v2(
              (film): FiLM2D(
                (pool): AdaptiveAvgPool2d(output_size=1)
                (fc): Conv2d(128, 256, kernel_size=(1, 1), stride=(1, 1))
              )
              (pre_mix): Sequential(
                (0): Conv2d(128, 128, kernel_size=(3, 3), stride=(1, 1), padding=(1, 1), groups=128)
                (1): Conv2d(128, 128, kernel_size=(1, 1), stride=(1, 1))
                (2): GELU(approximate='none')
              )
              (seq_row): Mamba1DWithDecayPrior(
                (out_norm): LayerNorm((128,), eps=1e-05, elementwise_affine=True)
                (gate): Sequential(
                  (0): Linear(in_features=128, out_features=128, bias=True)
                  (1): SiLU()
                )
                (proj_in): Linear(in_features=128, out_features=384, bias=True)
                (drop): Dropout(p=0.0, inplace=False)
              )
              (post_proj): Conv2d(128, 128, kernel_size=(1, 1), stride=(1, 1))
              (norm_tok): LayerNorm((128,), eps=1e-05, elementwise_affine=True)
              (ffn): Sequential(
                (0): Linear(in_features=128, out_features=384, bias=True)
                (1): GELU(approximate='none')
                (2): Linear(in_features=384, out_features=128, bias=True)
              )
              (down): Identity()
            )
            (1): ClassMambaLayerLite(
              (pool): AvgPool2d(kernel_size=[1, 1], stride=[1, 1], padding=0)
              (guid_proj): Linear(in_features=128, out_features=256, bias=True)
              (seq_block): _Mamba1DAdapterLite(
                (blocks): ModuleList(
                  (0): PseudoMamba1D(
                    (gate): Sequential(
                      (0): Linear(in_features=128, out_features=128, bias=True)
                      (1): SiLU()
                    )
                    (proj_in): Linear(in_features=128, out_features=384, bias=True)
                    (out_norm): LayerNorm((128,), eps=1e-05, elementwise_affine=True)
                    (drop): Dropout(p=0.0, inplace=False)
                  )
                )
                (norm): LayerNorm((128,), eps=1e-05, elementwise_affine=True)
              )
              (norm1): LayerNorm((128,), eps=1e-05, elementwise_affine=True)
              (norm2): LayerNorm((128,), eps=1e-05, elementwise_affine=True)
              (ffn): Sequential(
                (0): Linear(in_features=128, out_features=384, bias=True)
                (1): GELU(approximate='none')
                (2): Linear(in_features=384, out_features=128, bias=True)
              )
            )
          )
        )
        (conv1): Conv2d(1, 128, kernel_size=(7, 7), stride=(1, 1), padding=(3, 3))
        (guidance_projection): Sequential(
          (0): Conv2d(768, 128, kernel_size=(3, 3), stride=(1, 1), padding=(1, 1))
          (1): ReLU()
        )
        (text_guidance_projection): Sequential(
          (0): Linear(in_features=768, out_features=128, bias=True)
          (1): ReLU()
        )
        (decoder_guidance_projection): ModuleList(
          (0): Sequential(
            (0): Conv2d(256, 32, kernel_size=(3, 3), stride=(1, 1), padding=(1, 1))
            (1): ReLU()
          )
          (1): Sequential(
            (0): Conv2d(128, 16, kernel_size=(3, 3), stride=(1, 1), padding=(1, 1))
            (1): ReLU()
          )
        )
        (decoder1): UpLite(
          (up): ConvTranspose2d(128, 96, kernel_size=(2, 2), stride=(2, 2))
          (conv): Sequential(
            (0): Conv2d(128, 64, kernel_size=(3, 3), stride=(1, 1), padding=(1, 1), bias=False)
            (1): GroupNorm(4, 64, eps=1e-05, affine=True)
            (2): ReLU()
          )
        )
        (decoder2): UpLite(
          (up): ConvTranspose2d(64, 48, kernel_size=(2, 2), stride=(2, 2))
          (conv): Sequential(
            (0): Conv2d(64, 32, kernel_size=(3, 3), stride=(1, 1), padding=(1, 1), bias=False)
            (1): GroupNorm(2, 32, eps=1e-05, affine=True)
            (2): ReLU()
          )
        )
        (head): Conv2d(32, 1, kernel_size=(3, 3), stride=(1, 1), padding=(1, 1))
      )
    )
  )
  (upsample1): ConvTranspose2d(1024, 256, kernel_size=(2, 2), stride=(2, 2))
  (upsample2): ConvTranspose2d(1024, 128, kernel_size=(4, 4), stride=(4, 4))
)
[12/09 23:54:33 d2.data.datasets.coco]: Loaded 24966 images with semantic segmentation from /data/zd/data/GTA5/GTAV/images
[12/09 23:54:33 d2.data.build]: Using training sampler TrainingSampler
[12/09 23:54:33 d2.data.common]: Serializing 24966 elements to byte tensors and concatenating them all ...
[12/09 23:54:33 d2.data.common]: Serialized dataset takes 3.24 MiB
[12/09 23:54:33 fvcore.common.checkpoint]: No checkpoint found. Initializing model from scratch
[12/09 23:54:33 d2.engine.train_loop]: Starting training from iteration 0
Add a new rope freq of shape: torch.Size([1024, 64])
[12/09 23:54:49 d2.utils.events]:  eta: 3:23:49  iter: 19  total_loss: 0.3917  time: 0.6125  data_time: 0.0628  lr: 0.0002  max_mem: 16029M
[12/09 23:55:01 d2.utils.events]:  eta: 3:25:14  iter: 39  total_loss: 0.3489  time: 0.6178  data_time: 0.0056  lr: 0.0002  max_mem: 16029M
[12/09 23:55:14 d2.utils.events]:  eta: 3:26:14  iter: 59  total_loss: 0.3031  time: 0.6207  data_time: 0.0061  lr: 0.0002  max_mem: 16029M
[12/09 23:55:27 d2.utils.events]:  eta: 3:26:02  iter: 79  total_loss: 0.2252  time: 0.6210  data_time: 0.0058  lr: 0.00019999  max_mem: 16029M
[12/09 23:55:39 d2.utils.events]:  eta: 3:25:30  iter: 99  total_loss: 0.1954  time: 0.6205  data_time: 0.0053  lr: 0.00019999  max_mem: 16029M
[12/09 23:55:52 d2.utils.events]:  eta: 3:25:29  iter: 119  total_loss: 0.166  time: 0.6210  data_time: 0.0056  lr: 0.00019998  max_mem: 16029M
[12/09 23:56:04 d2.utils.events]:  eta: 3:25:19  iter: 139  total_loss: 0.1426  time: 0.6209  data_time: 0.0054  lr: 0.00019998  max_mem: 16029M
[12/09 23:56:17 d2.utils.events]:  eta: 3:25:14  iter: 159  total_loss: 0.1434  time: 0.6217  data_time: 0.0055  lr: 0.00019997  max_mem: 16029M
[12/09 23:56:30 d2.utils.events]:  eta: 3:25:14  iter: 179  total_loss: 0.124  time: 0.6221  data_time: 0.0053  lr: 0.00019996  max_mem: 16029M
[12/09 23:56:42 d2.utils.events]:  eta: 3:25:13  iter: 199  total_loss: 0.1198  time: 0.6225  data_time: 0.0057  lr: 0.00019995  max_mem: 16029M
[12/09 23:56:55 d2.utils.events]:  eta: 3:25:02  iter: 219  total_loss: 0.1171  time: 0.6227  data_time: 0.0056  lr: 0.00019994  max_mem: 16029M
[12/09 23:57:07 d2.utils.events]:  eta: 3:24:55  iter: 239  total_loss: 0.111  time: 0.6230  data_time: 0.0054  lr: 0.00019993  max_mem: 16029M
[12/09 23:57:20 d2.utils.events]:  eta: 3:24:38  iter: 259  total_loss: 0.108  time: 0.6230  data_time: 0.0057  lr: 0.00019992  max_mem: 16029M
[12/09 23:57:32 d2.utils.events]:  eta: 3:24:28  iter: 279  total_loss: 0.1093  time: 0.6231  data_time: 0.0055  lr: 0.0001999  max_mem: 16029M
[12/09 23:57:45 d2.utils.events]:  eta: 3:24:13  iter: 299  total_loss: 0.1019  time: 0.6231  data_time: 0.0053  lr: 0.00019989  max_mem: 16029M
[12/09 23:57:58 d2.utils.events]:  eta: 3:24:00  iter: 319  total_loss: 0.08713  time: 0.6231  data_time: 0.0056  lr: 0.00019987  max_mem: 16029M
[12/09 23:58:10 d2.utils.events]:  eta: 3:23:50  iter: 339  total_loss: 0.07341  time: 0.6231  data_time: 0.0056  lr: 0.00019986  max_mem: 16029M
[12/09 23:58:23 d2.utils.events]:  eta: 3:23:41  iter: 359  total_loss: 0.0805  time: 0.6232  data_time: 0.0053  lr: 0.00019984  max_mem: 16029M
[12/09 23:58:35 d2.utils.events]:  eta: 3:23:28  iter: 379  total_loss: 0.07134  time: 0.6232  data_time: 0.0055  lr: 0.00019982  max_mem: 16029M
[12/09 23:58:48 d2.utils.events]:  eta: 3:23:15  iter: 399  total_loss: 0.07167  time: 0.6231  data_time: 0.0054  lr: 0.0001998  max_mem: 16029M
[12/09 23:59:01 d2.utils.events]:  eta: 3:23:03  iter: 419  total_loss: 0.06646  time: 0.6231  data_time: 0.0053  lr: 0.00019978  max_mem: 16029M
[12/09 23:59:13 d2.utils.events]:  eta: 3:22:50  iter: 439  total_loss: 0.06637  time: 0.6232  data_time: 0.0057  lr: 0.00019976  max_mem: 16029M
[12/09 23:59:26 d2.utils.events]:  eta: 3:22:39  iter: 459  total_loss: 0.07362  time: 0.6231  data_time: 0.0054  lr: 0.00019974  max_mem: 16029M
[12/09 23:59:38 d2.utils.events]:  eta: 3:22:30  iter: 479  total_loss: 0.06454  time: 0.6232  data_time: 0.0055  lr: 0.00019972  max_mem: 16029M
[12/09 23:59:51 d2.utils.events]:  eta: 3:22:18  iter: 499  total_loss: 0.06686  time: 0.6232  data_time: 0.0056  lr: 0.00019969  max_mem: 16029M
[12/10 00:00:03 d2.utils.events]:  eta: 3:22:06  iter: 519  total_loss: 0.06762  time: 0.6232  data_time: 0.0057  lr: 0.00019967  max_mem: 16029M
[12/10 00:00:16 d2.utils.events]:  eta: 3:21:53  iter: 539  total_loss: 0.06139  time: 0.6232  data_time: 0.0055  lr: 0.00019964  max_mem: 16029M
[12/10 00:00:29 d2.utils.events]:  eta: 3:21:41  iter: 559  total_loss: 0.04831  time: 0.6232  data_time: 0.0052  lr: 0.00019961  max_mem: 16029M
[12/10 00:00:41 d2.utils.events]:  eta: 3:21:28  iter: 579  total_loss: 0.05616  time: 0.6232  data_time: 0.0054  lr: 0.00019959  max_mem: 16029M
[12/10 00:00:54 d2.utils.events]:  eta: 3:21:13  iter: 599  total_loss: 0.05656  time: 0.6231  data_time: 0.0053  lr: 0.00019956  max_mem: 16029M
[12/10 00:01:06 d2.utils.events]:  eta: 3:21:01  iter: 619  total_loss: 0.05075  time: 0.6232  data_time: 0.0056  lr: 0.00019953  max_mem: 16029M
[12/10 00:01:19 d2.utils.events]:  eta: 3:20:48  iter: 639  total_loss: 0.06296  time: 0.6231  data_time: 0.0052  lr: 0.0001995  max_mem: 16029M
[12/10 00:01:31 d2.utils.events]:  eta: 3:20:37  iter: 659  total_loss: 0.05232  time: 0.6232  data_time: 0.0057  lr: 0.00019946  max_mem: 16029M
[12/10 00:01:44 d2.utils.events]:  eta: 3:20:24  iter: 679  total_loss: 0.04344  time: 0.6232  data_time: 0.0053  lr: 0.00019943  max_mem: 16029M
[12/10 00:01:56 d2.utils.events]:  eta: 3:20:10  iter: 699  total_loss: 0.05525  time: 0.6232  data_time: 0.0052  lr: 0.0001994  max_mem: 16029M
[12/10 00:02:09 d2.utils.events]:  eta: 3:19:56  iter: 719  total_loss: 0.04749  time: 0.6231  data_time: 0.0053  lr: 0.00019936  max_mem: 16029M
[12/10 00:02:22 d2.utils.events]:  eta: 3:19:42  iter: 739  total_loss: 0.04598  time: 0.6231  data_time: 0.0055  lr: 0.00019933  max_mem: 16029M
[12/10 00:02:34 d2.utils.events]:  eta: 3:19:30  iter: 759  total_loss: 0.05319  time: 0.6231  data_time: 0.0056  lr: 0.00019929  max_mem: 16029M
[12/10 00:02:47 d2.utils.events]:  eta: 3:19:18  iter: 779  total_loss: 0.05416  time: 0.6235  data_time: 0.0054  lr: 0.00019925  max_mem: 16029M
[12/10 00:02:59 d2.utils.events]:  eta: 3:19:05  iter: 799  total_loss: 0.04914  time: 0.6234  data_time: 0.0052  lr: 0.00019921  max_mem: 16029M
[12/10 00:03:12 d2.utils.events]:  eta: 3:18:51  iter: 819  total_loss: 0.04935  time: 0.6234  data_time: 0.0053  lr: 0.00019917  max_mem: 16029M
[12/10 00:03:24 d2.utils.events]:  eta: 3:18:38  iter: 839  total_loss: 0.0491  time: 0.6233  data_time: 0.0053  lr: 0.00019913  max_mem: 16029M
[12/10 00:03:37 d2.utils.events]:  eta: 3:18:25  iter: 859  total_loss: 0.05052  time: 0.6233  data_time: 0.0054  lr: 0.00019909  max_mem: 16029M
[12/10 00:03:49 d2.utils.events]:  eta: 3:18:12  iter: 879  total_loss: 0.05422  time: 0.6233  data_time: 0.0054  lr: 0.00019905  max_mem: 16029M
[12/10 00:04:02 d2.utils.events]:  eta: 3:18:00  iter: 899  total_loss: 0.05781  time: 0.6233  data_time: 0.0054  lr: 0.000199  max_mem: 16029M
[12/10 00:04:14 d2.utils.events]:  eta: 3:17:46  iter: 919  total_loss: 0.04338  time: 0.6233  data_time: 0.0053  lr: 0.00019896  max_mem: 16029M
[12/10 00:04:27 d2.utils.events]:  eta: 3:17:33  iter: 939  total_loss: 0.04541  time: 0.6232  data_time: 0.0053  lr: 0.00019891  max_mem: 16029M
[12/10 00:04:39 d2.utils.events]:  eta: 3:17:19  iter: 959  total_loss: 0.04312  time: 0.6232  data_time: 0.0056  lr: 0.00019887  max_mem: 16029M
[12/10 00:04:52 d2.utils.events]:  eta: 3:17:06  iter: 979  total_loss: 0.03989  time: 0.6232  data_time: 0.0057  lr: 0.00019882  max_mem: 16029M
[12/10 00:05:05 d2.utils.events]:  eta: 3:16:53  iter: 999  total_loss: 0.04992  time: 0.6231  data_time: 0.0055  lr: 0.00019877  max_mem: 16029M
[12/10 00:05:17 d2.utils.events]:  eta: 3:16:42  iter: 1019  total_loss: 0.04422  time: 0.6231  data_time: 0.0055  lr: 0.00019872  max_mem: 16029M
[12/10 00:05:30 d2.utils.events]:  eta: 3:16:30  iter: 1039  total_loss: 0.04049  time: 0.6231  data_time: 0.0058  lr: 0.00019867  max_mem: 16029M
[12/10 00:05:42 d2.utils.events]:  eta: 3:16:17  iter: 1059  total_loss: 0.04226  time: 0.6231  data_time: 0.0060  lr: 0.00019862  max_mem: 16029M
[12/10 00:05:55 d2.utils.events]:  eta: 3:16:03  iter: 1079  total_loss: 0.04717  time: 0.6231  data_time: 0.0055  lr: 0.00019857  max_mem: 16029M
[12/10 00:06:07 d2.utils.events]:  eta: 3:15:52  iter: 1099  total_loss: 0.04373  time: 0.6231  data_time: 0.0056  lr: 0.00019851  max_mem: 16029M
[12/10 00:06:20 d2.utils.events]:  eta: 3:15:39  iter: 1119  total_loss: 0.03831  time: 0.6230  data_time: 0.0053  lr: 0.00019846  max_mem: 16029M
[12/10 00:06:32 d2.utils.events]:  eta: 3:15:26  iter: 1139  total_loss: 0.04694  time: 0.6230  data_time: 0.0054  lr: 0.0001984  max_mem: 16029M
[12/10 00:06:45 d2.utils.events]:  eta: 3:15:12  iter: 1159  total_loss: 0.03646  time: 0.6230  data_time: 0.0054  lr: 0.00019835  max_mem: 16029M
[12/10 00:06:57 d2.utils.events]:  eta: 3:14:58  iter: 1179  total_loss: 0.04577  time: 0.6230  data_time: 0.0052  lr: 0.00019829  max_mem: 16029M
[12/10 00:07:10 d2.utils.events]:  eta: 3:14:45  iter: 1199  total_loss: 0.03889  time: 0.6229  data_time: 0.0055  lr: 0.00019823  max_mem: 16029M
[12/10 00:07:22 d2.utils.events]:  eta: 3:14:33  iter: 1219  total_loss: 0.04845  time: 0.6229  data_time: 0.0054  lr: 0.00019817  max_mem: 16029M
[12/10 00:07:35 d2.utils.events]:  eta: 3:14:20  iter: 1239  total_loss: 0.05006  time: 0.6229  data_time: 0.0057  lr: 0.00019811  max_mem: 16029M
[12/10 00:07:47 d2.utils.events]:  eta: 3:14:08  iter: 1259  total_loss: 0.04196  time: 0.6229  data_time: 0.0054  lr: 0.00019805  max_mem: 16029M
[12/10 00:08:00 d2.utils.events]:  eta: 3:13:55  iter: 1279  total_loss: 0.04152  time: 0.6229  data_time: 0.0057  lr: 0.00019799  max_mem: 16029M
[12/10 00:08:12 d2.utils.events]:  eta: 3:13:41  iter: 1299  total_loss: 0.04641  time: 0.6228  data_time: 0.0054  lr: 0.00019793  max_mem: 16029M
[12/10 00:08:25 d2.utils.events]:  eta: 3:13:28  iter: 1319  total_loss: 0.04063  time: 0.6228  data_time: 0.0054  lr: 0.00019786  max_mem: 16029M
[12/10 00:08:37 d2.utils.events]:  eta: 3:13:15  iter: 1339  total_loss: 0.04212  time: 0.6228  data_time: 0.0054  lr: 0.0001978  max_mem: 16029M
[12/10 00:08:50 d2.utils.events]:  eta: 3:13:02  iter: 1359  total_loss: 0.03837  time: 0.6228  data_time: 0.0057  lr: 0.00019773  max_mem: 16029M
[12/10 00:09:03 d2.utils.events]:  eta: 3:12:48  iter: 1379  total_loss: 0.03592  time: 0.6228  data_time: 0.0054  lr: 0.00019766  max_mem: 16029M
[12/10 00:09:15 d2.utils.events]:  eta: 3:12:36  iter: 1399  total_loss: 0.04354  time: 0.6227  data_time: 0.0053  lr: 0.0001976  max_mem: 16029M
[12/10 00:09:28 d2.utils.events]:  eta: 3:12:22  iter: 1419  total_loss: 0.03701  time: 0.6227  data_time: 0.0056  lr: 0.00019753  max_mem: 16029M
[12/10 00:09:40 d2.utils.events]:  eta: 3:12:08  iter: 1439  total_loss: 0.03702  time: 0.6227  data_time: 0.0054  lr: 0.00019746  max_mem: 16029M
[12/10 00:09:53 d2.utils.events]:  eta: 3:11:56  iter: 1459  total_loss: 0.03367  time: 0.6227  data_time: 0.0055  lr: 0.00019739  max_mem: 16029M
[12/10 00:10:06 d2.utils.events]:  eta: 3:11:43  iter: 1479  total_loss: 0.03786  time: 0.6227  data_time: 0.0053  lr: 0.00019731  max_mem: 16029M
[12/10 00:10:18 d2.utils.events]:  eta: 3:11:30  iter: 1499  total_loss: 0.04227  time: 0.6226  data_time: 0.0053  lr: 0.00019724  max_mem: 16029M
[12/10 00:10:31 d2.utils.events]:  eta: 3:11:18  iter: 1519  total_loss: 0.03878  time: 0.6226  data_time: 0.0055  lr: 0.00019717  max_mem: 16029M
[12/10 00:10:43 d2.utils.events]:  eta: 3:11:05  iter: 1539  total_loss: 0.03475  time: 0.6226  data_time: 0.0053  lr: 0.00019709  max_mem: 16029M
[12/10 00:10:55 d2.utils.events]:  eta: 3:10:52  iter: 1559  total_loss: 0.03864  time: 0.6226  data_time: 0.0054  lr: 0.00019702  max_mem: 16029M
[12/10 00:11:08 d2.utils.events]:  eta: 3:10:40  iter: 1579  total_loss: 0.03711  time: 0.6226  data_time: 0.0054  lr: 0.00019694  max_mem: 16029M
[12/10 00:11:20 d2.utils.events]:  eta: 3:10:27  iter: 1599  total_loss: 0.03807  time: 0.6226  data_time: 0.0055  lr: 0.00019686  max_mem: 16029M
[12/10 00:11:33 d2.utils.events]:  eta: 3:10:14  iter: 1619  total_loss: 0.03797  time: 0.6225  data_time: 0.0052  lr: 0.00019678  max_mem: 16029M
[12/10 00:11:46 d2.utils.events]:  eta: 3:10:02  iter: 1639  total_loss: 0.0426  time: 0.6225  data_time: 0.0054  lr: 0.0001967  max_mem: 16029M
[12/10 00:11:58 d2.utils.events]:  eta: 3:09:46  iter: 1659  total_loss: 0.03594  time: 0.6225  data_time: 0.0056  lr: 0.00019662  max_mem: 16029M
[12/10 00:12:10 d2.utils.events]:  eta: 3:09:33  iter: 1679  total_loss: 0.03583  time: 0.6225  data_time: 0.0053  lr: 0.00019654  max_mem: 16029M
[12/10 00:12:23 d2.utils.events]:  eta: 3:09:20  iter: 1699  total_loss: 0.04066  time: 0.6225  data_time: 0.0055  lr: 0.00019646  max_mem: 16029M
[12/10 00:12:36 d2.utils.events]:  eta: 3:09:08  iter: 1719  total_loss: 0.04052  time: 0.6225  data_time: 0.0051  lr: 0.00019638  max_mem: 16029M
[12/10 00:12:48 d2.utils.events]:  eta: 3:08:55  iter: 1739  total_loss: 0.03809  time: 0.6225  data_time: 0.0055  lr: 0.00019629  max_mem: 16029M
[12/10 00:13:01 d2.utils.events]:  eta: 3:08:43  iter: 1759  total_loss: 0.03777  time: 0.6225  data_time: 0.0054  lr: 0.00019621  max_mem: 16029M
[12/10 00:13:13 d2.utils.events]:  eta: 3:08:29  iter: 1779  total_loss: 0.03634  time: 0.6225  data_time: 0.0053  lr: 0.00019612  max_mem: 16029M
[12/10 00:13:26 d2.utils.events]:  eta: 3:08:16  iter: 1799  total_loss: 0.03537  time: 0.6225  data_time: 0.0054  lr: 0.00019603  max_mem: 16029M
[12/10 00:13:38 d2.utils.events]:  eta: 3:08:03  iter: 1819  total_loss: 0.04138  time: 0.6224  data_time: 0.0052  lr: 0.00019595  max_mem: 16029M
[12/10 00:13:51 d2.utils.events]:  eta: 3:07:51  iter: 1839  total_loss: 0.04029  time: 0.6224  data_time: 0.0054  lr: 0.00019586  max_mem: 16029M
[12/10 00:14:03 d2.utils.events]:  eta: 3:07:39  iter: 1859  total_loss: 0.03941  time: 0.6224  data_time: 0.0055  lr: 0.00019577  max_mem: 16029M
[12/10 00:14:15 d2.utils.events]:  eta: 3:07:26  iter: 1879  total_loss: 0.04244  time: 0.6224  data_time: 0.0053  lr: 0.00019568  max_mem: 16029M
[12/10 00:14:28 d2.utils.events]:  eta: 3:07:13  iter: 1899  total_loss: 0.03641  time: 0.6224  data_time: 0.0056  lr: 0.00019558  max_mem: 16029M
[12/10 00:14:41 d2.utils.events]:  eta: 3:07:01  iter: 1919  total_loss: 0.03718  time: 0.6224  data_time: 0.0056  lr: 0.00019549  max_mem: 16029M
[12/10 00:14:53 d2.utils.events]:  eta: 3:06:48  iter: 1939  total_loss: 0.03729  time: 0.6224  data_time: 0.0054  lr: 0.0001954  max_mem: 16029M
[12/10 00:15:06 d2.utils.events]:  eta: 3:06:35  iter: 1959  total_loss: 0.03501  time: 0.6224  data_time: 0.0053  lr: 0.0001953  max_mem: 16029M
[12/10 00:15:18 d2.utils.events]:  eta: 3:06:22  iter: 1979  total_loss: 0.03924  time: 0.6224  data_time: 0.0055  lr: 0.00019521  max_mem: 16029M
[12/10 00:15:31 d2.utils.events]:  eta: 3:06:10  iter: 1999  total_loss: 0.03734  time: 0.6223  data_time: 0.0054  lr: 0.00019511  max_mem: 16029M
[12/10 00:15:43 d2.utils.events]:  eta: 3:05:56  iter: 2019  total_loss: 0.03872  time: 0.6223  data_time: 0.0055  lr: 0.00019501  max_mem: 16029M
[12/10 00:15:56 d2.utils.events]:  eta: 3:05:43  iter: 2039  total_loss: 0.03625  time: 0.6223  data_time: 0.0053  lr: 0.00019491  max_mem: 16029M
[12/10 00:16:08 d2.utils.events]:  eta: 3:05:30  iter: 2059  total_loss: 0.03254  time: 0.6223  data_time: 0.0053  lr: 0.00019482  max_mem: 16029M
[12/10 00:16:21 d2.utils.events]:  eta: 3:05:18  iter: 2079  total_loss: 0.03637  time: 0.6223  data_time: 0.0054  lr: 0.00019471  max_mem: 16029M
[12/10 00:16:33 d2.utils.events]:  eta: 3:05:05  iter: 2099  total_loss: 0.03901  time: 0.6222  data_time: 0.0055  lr: 0.00019461  max_mem: 16029M
[12/10 00:16:46 d2.utils.events]:  eta: 3:04:52  iter: 2119  total_loss: 0.03807  time: 0.6222  data_time: 0.0051  lr: 0.00019451  max_mem: 16029M
[12/10 00:16:58 d2.utils.events]:  eta: 3:04:41  iter: 2139  total_loss: 0.03506  time: 0.6222  data_time: 0.0053  lr: 0.00019441  max_mem: 16029M
[12/10 00:17:10 d2.utils.events]:  eta: 3:04:27  iter: 2159  total_loss: 0.03441  time: 0.6222  data_time: 0.0053  lr: 0.0001943  max_mem: 16029M
[12/10 00:17:23 d2.utils.events]:  eta: 3:04:14  iter: 2179  total_loss: 0.03797  time: 0.6222  data_time: 0.0053  lr: 0.0001942  max_mem: 16029M
[12/10 00:17:35 d2.utils.events]:  eta: 3:04:02  iter: 2199  total_loss: 0.03777  time: 0.6222  data_time: 0.0056  lr: 0.00019409  max_mem: 16029M
[12/10 00:17:48 d2.utils.events]:  eta: 3:03:49  iter: 2219  total_loss: 0.03415  time: 0.6221  data_time: 0.0052  lr: 0.00019399  max_mem: 16029M
[12/10 00:18:00 d2.utils.events]:  eta: 3:03:35  iter: 2239  total_loss: 0.04462  time: 0.6221  data_time: 0.0053  lr: 0.00019388  max_mem: 16029M
[12/10 00:18:13 d2.utils.events]:  eta: 3:03:22  iter: 2259  total_loss: 0.03264  time: 0.6221  data_time: 0.0053  lr: 0.00019377  max_mem: 16029M
[12/10 00:18:25 d2.utils.events]:  eta: 3:03:09  iter: 2279  total_loss: 0.03334  time: 0.6221  data_time: 0.0053  lr: 0.00019366  max_mem: 16029M
[12/10 00:18:38 d2.utils.events]:  eta: 3:02:56  iter: 2299  total_loss: 0.03398  time: 0.6221  data_time: 0.0055  lr: 0.00019355  max_mem: 16029M
[12/10 00:18:50 d2.utils.events]:  eta: 3:02:43  iter: 2319  total_loss: 0.0308  time: 0.6221  data_time: 0.0053  lr: 0.00019344  max_mem: 16029M
[12/10 00:19:03 d2.utils.events]:  eta: 3:02:31  iter: 2339  total_loss: 0.03167  time: 0.6220  data_time: 0.0055  lr: 0.00019333  max_mem: 16029M
[12/10 00:19:15 d2.utils.events]:  eta: 3:02:18  iter: 2359  total_loss: 0.03302  time: 0.6220  data_time: 0.0056  lr: 0.00019321  max_mem: 16029M
[12/10 00:19:28 d2.utils.events]:  eta: 3:02:05  iter: 2379  total_loss: 0.03639  time: 0.6220  data_time: 0.0054  lr: 0.0001931  max_mem: 16029M
[12/10 00:19:40 d2.utils.events]:  eta: 3:01:53  iter: 2399  total_loss: 0.03485  time: 0.6220  data_time: 0.0056  lr: 0.00019298  max_mem: 16029M
[12/10 00:19:53 d2.utils.events]:  eta: 3:01:40  iter: 2419  total_loss: 0.03892  time: 0.6220  data_time: 0.0055  lr: 0.00019287  max_mem: 16029M
[12/10 00:20:05 d2.utils.events]:  eta: 3:01:28  iter: 2439  total_loss: 0.03977  time: 0.6220  data_time: 0.0055  lr: 0.00019275  max_mem: 16029M
[12/10 00:20:18 d2.utils.events]:  eta: 3:01:15  iter: 2459  total_loss: 0.03522  time: 0.6220  data_time: 0.0054  lr: 0.00019263  max_mem: 16029M
[12/10 00:20:30 d2.utils.events]:  eta: 3:01:02  iter: 2479  total_loss: 0.0364  time: 0.6220  data_time: 0.0055  lr: 0.00019251  max_mem: 16029M
[12/10 00:20:43 d2.utils.events]:  eta: 3:00:50  iter: 2499  total_loss: 0.03463  time: 0.6220  data_time: 0.0054  lr: 0.00019239  max_mem: 16029M
[12/10 00:20:55 d2.utils.events]:  eta: 3:00:37  iter: 2519  total_loss: 0.03348  time: 0.6220  data_time: 0.0055  lr: 0.00019227  max_mem: 16029M
[12/10 00:21:08 d2.utils.events]:  eta: 3:00:25  iter: 2539  total_loss: 0.03689  time: 0.6220  data_time: 0.0054  lr: 0.00019215  max_mem: 16029M
[12/10 00:21:20 d2.utils.events]:  eta: 3:00:13  iter: 2559  total_loss: 0.03473  time: 0.6220  data_time: 0.0055  lr: 0.00019203  max_mem: 16029M
[12/10 00:21:33 d2.utils.events]:  eta: 3:00:00  iter: 2579  total_loss: 0.03296  time: 0.6220  data_time: 0.0054  lr: 0.00019191  max_mem: 16029M
[12/10 00:21:45 d2.utils.events]:  eta: 2:59:47  iter: 2599  total_loss: 0.02855  time: 0.6219  data_time: 0.0052  lr: 0.00019178  max_mem: 16029M
[12/10 00:21:58 d2.utils.events]:  eta: 2:59:35  iter: 2619  total_loss: 0.03649  time: 0.6219  data_time: 0.0057  lr: 0.00019166  max_mem: 16029M
[12/10 00:22:10 d2.utils.events]:  eta: 2:59:22  iter: 2639  total_loss: 0.03006  time: 0.6219  data_time: 0.0055  lr: 0.00019153  max_mem: 16029M
[12/10 00:22:23 d2.utils.events]:  eta: 2:59:10  iter: 2659  total_loss: 0.03455  time: 0.6219  data_time: 0.0055  lr: 0.0001914  max_mem: 16029M
[12/10 00:22:35 d2.utils.events]:  eta: 2:58:57  iter: 2679  total_loss: 0.03925  time: 0.6219  data_time: 0.0053  lr: 0.00019128  max_mem: 16029M
[12/10 00:22:48 d2.utils.events]:  eta: 2:58:45  iter: 2699  total_loss: 0.03944  time: 0.6219  data_time: 0.0050  lr: 0.00019115  max_mem: 16029M
[12/10 00:23:01 d2.utils.events]:  eta: 2:58:31  iter: 2719  total_loss: 0.03606  time: 0.6219  data_time: 0.0059  lr: 0.00019102  max_mem: 16029M
[12/10 00:23:13 d2.utils.events]:  eta: 2:58:19  iter: 2739  total_loss: 0.03871  time: 0.6219  data_time: 0.0051  lr: 0.00019089  max_mem: 16029M
[12/10 00:23:25 d2.utils.events]:  eta: 2:58:06  iter: 2759  total_loss: 0.03531  time: 0.6219  data_time: 0.0055  lr: 0.00019076  max_mem: 16029M
[12/10 00:23:38 d2.utils.events]:  eta: 2:57:53  iter: 2779  total_loss: 0.03847  time: 0.6219  data_time: 0.0052  lr: 0.00019062  max_mem: 16029M
[12/10 00:23:51 d2.utils.events]:  eta: 2:57:41  iter: 2799  total_loss: 0.0344  time: 0.6219  data_time: 0.0052  lr: 0.00019049  max_mem: 16029M
[12/10 00:24:03 d2.utils.events]:  eta: 2:57:29  iter: 2819  total_loss: 0.03635  time: 0.6219  data_time: 0.0053  lr: 0.00019036  max_mem: 16029M
[12/10 00:24:16 d2.utils.events]:  eta: 2:57:16  iter: 2839  total_loss: 0.03098  time: 0.6219  data_time: 0.0053  lr: 0.00019022  max_mem: 16029M
[12/10 00:24:28 d2.utils.events]:  eta: 2:57:04  iter: 2859  total_loss: 0.03275  time: 0.6219  data_time: 0.0054  lr: 0.00019008  max_mem: 16029M
[12/10 00:24:41 d2.utils.events]:  eta: 2:56:51  iter: 2879  total_loss: 0.03655  time: 0.6219  data_time: 0.0053  lr: 0.00018995  max_mem: 16029M
[12/10 00:24:53 d2.utils.events]:  eta: 2:56:39  iter: 2899  total_loss: 0.03467  time: 0.6219  data_time: 0.0053  lr: 0.00018981  max_mem: 16029M
[12/10 00:25:06 d2.utils.events]:  eta: 2:56:26  iter: 2919  total_loss: 0.03277  time: 0.6218  data_time: 0.0053  lr: 0.00018967  max_mem: 16029M
[12/10 00:25:18 d2.utils.events]:  eta: 2:56:13  iter: 2939  total_loss: 0.03578  time: 0.6218  data_time: 0.0055  lr: 0.00018953  max_mem: 16029M
[12/10 00:25:31 d2.utils.events]:  eta: 2:56:01  iter: 2959  total_loss: 0.03536  time: 0.6218  data_time: 0.0064  lr: 0.00018939  max_mem: 16029M
[12/10 00:25:47 d2.utils.events]:  eta: 2:55:49  iter: 2979  total_loss: 0.03482  time: 0.6218  data_time: 0.0055  lr: 0.00018925  max_mem: 16029M
[12/10 00:26:00 d2.utils.events]:  eta: 2:55:37  iter: 2999  total_loss: 0.03  time: 0.6218  data_time: 0.0058  lr: 0.00018911  max_mem: 16029M
[12/10 00:26:12 d2.utils.events]:  eta: 2:55:25  iter: 3019  total_loss: 0.03161  time: 0.6219  data_time: 0.0057  lr: 0.00018896  max_mem: 16029M
[12/10 00:26:25 d2.utils.events]:  eta: 2:55:14  iter: 3039  total_loss: 0.03237  time: 0.6219  data_time: 0.0060  lr: 0.00018882  max_mem: 16029M
[12/10 00:26:37 d2.utils.events]:  eta: 2:55:02  iter: 3059  total_loss: 0.0383  time: 0.6219  data_time: 0.0058  lr: 0.00018868  max_mem: 16029M
[12/10 00:26:50 d2.utils.events]:  eta: 2:54:51  iter: 3079  total_loss: 0.03749  time: 0.6219  data_time: 0.0056  lr: 0.00018853  max_mem: 16029M
[12/10 00:27:02 d2.utils.events]:  eta: 2:54:39  iter: 3099  total_loss: 0.03232  time: 0.6219  data_time: 0.0057  lr: 0.00018838  max_mem: 16029M
[12/10 00:27:15 d2.utils.events]:  eta: 2:54:28  iter: 3119  total_loss: 0.041  time: 0.6219  data_time: 0.0056  lr: 0.00018824  max_mem: 16029M
[12/10 00:27:27 d2.utils.events]:  eta: 2:54:16  iter: 3139  total_loss: 0.03871  time: 0.6219  data_time: 0.0054  lr: 0.00018809  max_mem: 16029M
[12/10 00:27:40 d2.utils.events]:  eta: 2:54:04  iter: 3159  total_loss: 0.02924  time: 0.6219  data_time: 0.0055  lr: 0.00018794  max_mem: 16029M
[12/10 00:27:52 d2.utils.events]:  eta: 2:53:52  iter: 3179  total_loss: 0.03287  time: 0.6219  data_time: 0.0053  lr: 0.00018779  max_mem: 16029M
[12/10 00:28:05 d2.utils.events]:  eta: 2:53:40  iter: 3199  total_loss: 0.03546  time: 0.6219  data_time: 0.0053  lr: 0.00018764  max_mem: 16029M
[12/10 00:28:17 d2.utils.events]:  eta: 2:53:28  iter: 3219  total_loss: 0.03076  time: 0.6219  data_time: 0.0051  lr: 0.00018749  max_mem: 16029M
[12/10 00:28:30 d2.utils.events]:  eta: 2:53:16  iter: 3239  total_loss: 0.03668  time: 0.6219  data_time: 0.0052  lr: 0.00018733  max_mem: 16029M
[12/10 00:28:42 d2.utils.events]:  eta: 2:53:04  iter: 3259  total_loss: 0.03075  time: 0.6219  data_time: 0.0056  lr: 0.00018718  max_mem: 16029M
[12/10 00:28:55 d2.utils.events]:  eta: 2:52:53  iter: 3279  total_loss: 0.02771  time: 0.6219  data_time: 0.0057  lr: 0.00018703  max_mem: 16029M
[12/10 00:29:07 d2.utils.events]:  eta: 2:52:42  iter: 3299  total_loss: 0.03474  time: 0.6219  data_time: 0.0057  lr: 0.00018687  max_mem: 16029M
[12/10 00:29:20 d2.utils.events]:  eta: 2:52:30  iter: 3319  total_loss: 0.03836  time: 0.6219  data_time: 0.0054  lr: 0.00018671  max_mem: 16029M
[12/10 00:29:32 d2.utils.events]:  eta: 2:52:18  iter: 3339  total_loss: 0.03267  time: 0.6219  data_time: 0.0055  lr: 0.00018656  max_mem: 16029M
[12/10 00:29:45 d2.utils.events]:  eta: 2:52:05  iter: 3359  total_loss: 0.03074  time: 0.6219  data_time: 0.0055  lr: 0.0001864  max_mem: 16029M
[12/10 00:29:57 d2.utils.events]:  eta: 2:51:53  iter: 3379  total_loss: 0.03138  time: 0.6219  data_time: 0.0054  lr: 0.00018624  max_mem: 16029M
[12/10 00:30:10 d2.utils.events]:  eta: 2:51:41  iter: 3399  total_loss: 0.03679  time: 0.6219  data_time: 0.0056  lr: 0.00018608  max_mem: 16029M
[12/10 00:30:22 d2.utils.events]:  eta: 2:51:28  iter: 3419  total_loss: 0.03251  time: 0.6219  data_time: 0.0053  lr: 0.00018592  max_mem: 16029M
[12/10 00:30:35 d2.utils.events]:  eta: 2:51:16  iter: 3439  total_loss: 0.03249  time: 0.6219  data_time: 0.0052  lr: 0.00018576  max_mem: 16029M
[12/10 00:30:47 d2.utils.events]:  eta: 2:51:04  iter: 3459  total_loss: 0.03345  time: 0.6219  data_time: 0.0053  lr: 0.0001856  max_mem: 16029M
[12/10 00:31:00 d2.utils.events]:  eta: 2:50:51  iter: 3479  total_loss: 0.03424  time: 0.6218  data_time: 0.0054  lr: 0.00018544  max_mem: 16029M
[12/10 00:31:12 d2.utils.events]:  eta: 2:50:39  iter: 3499  total_loss: 0.03058  time: 0.6219  data_time: 0.0052  lr: 0.00018527  max_mem: 16029M
[12/10 00:31:25 d2.utils.events]:  eta: 2:50:26  iter: 3519  total_loss: 0.03448  time: 0.6219  data_time: 0.0052  lr: 0.00018511  max_mem: 16029M
[12/10 00:31:37 d2.utils.events]:  eta: 2:50:14  iter: 3539  total_loss: 0.03869  time: 0.6219  data_time: 0.0052  lr: 0.00018494  max_mem: 16029M
[12/10 00:31:50 d2.utils.events]:  eta: 2:50:01  iter: 3559  total_loss: 0.03485  time: 0.6219  data_time: 0.0056  lr: 0.00018478  max_mem: 16029M
[12/10 00:32:02 d2.utils.events]:  eta: 2:49:48  iter: 3579  total_loss: 0.03397  time: 0.6218  data_time: 0.0053  lr: 0.00018461  max_mem: 16029M
[12/10 00:32:15 d2.utils.events]:  eta: 2:49:36  iter: 3599  total_loss: 0.03042  time: 0.6219  data_time: 0.0053  lr: 0.00018444  max_mem: 16029M
[12/10 00:32:27 d2.utils.events]:  eta: 2:49:24  iter: 3619  total_loss: 0.04009  time: 0.6218  data_time: 0.0053  lr: 0.00018427  max_mem: 16029M
[12/10 00:32:40 d2.utils.events]:  eta: 2:49:11  iter: 3639  total_loss: 0.03501  time: 0.6219  data_time: 0.0053  lr: 0.0001841  max_mem: 16029M
[12/10 00:32:52 d2.utils.events]:  eta: 2:48:59  iter: 3659  total_loss: 0.03261  time: 0.6219  data_time: 0.0053  lr: 0.00018393  max_mem: 16029M
[12/10 00:33:05 d2.utils.events]:  eta: 2:48:47  iter: 3679  total_loss: 0.03184  time: 0.6219  data_time: 0.0054  lr: 0.00018376  max_mem: 16029M
[12/10 00:33:18 d2.utils.events]:  eta: 2:48:34  iter: 3699  total_loss: 0.02829  time: 0.6219  data_time: 0.0052  lr: 0.00018359  max_mem: 16029M
[12/10 00:33:30 d2.utils.events]:  eta: 2:48:21  iter: 3719  total_loss: 0.03236  time: 0.6219  data_time: 0.0053  lr: 0.00018342  max_mem: 16029M
[12/10 00:33:43 d2.utils.events]:  eta: 2:48:10  iter: 3739  total_loss: 0.03157  time: 0.6219  data_time: 0.0054  lr: 0.00018324  max_mem: 16029M
[12/10 00:33:55 d2.utils.events]:  eta: 2:47:59  iter: 3759  total_loss: 0.03043  time: 0.6219  data_time: 0.0053  lr: 0.00018307  max_mem: 16029M
[12/10 00:34:08 d2.utils.events]:  eta: 2:47:47  iter: 3779  total_loss: 0.03368  time: 0.6219  data_time: 0.0052  lr: 0.00018289  max_mem: 16029M
[12/10 00:34:20 d2.utils.events]:  eta: 2:47:35  iter: 3799  total_loss: 0.03036  time: 0.6219  data_time: 0.0054  lr: 0.00018272  max_mem: 16029M
[12/10 00:34:33 d2.utils.events]:  eta: 2:47:23  iter: 3819  total_loss: 0.03039  time: 0.6219  data_time: 0.0057  lr: 0.00018254  max_mem: 16029M
[12/10 00:34:45 d2.utils.events]:  eta: 2:47:10  iter: 3839  total_loss: 0.0329  time: 0.6219  data_time: 0.0054  lr: 0.00018236  max_mem: 16029M
[12/10 00:34:58 d2.utils.events]:  eta: 2:46:58  iter: 3859  total_loss: 0.03075  time: 0.6219  data_time: 0.0051  lr: 0.00018218  max_mem: 16029M
[12/10 00:35:10 d2.utils.events]:  eta: 2:46:46  iter: 3879  total_loss: 0.03165  time: 0.6219  data_time: 0.0054  lr: 0.000182  max_mem: 16029M
[12/10 00:35:23 d2.utils.events]:  eta: 2:46:34  iter: 3899  total_loss: 0.03548  time: 0.6219  data_time: 0.0053  lr: 0.00018182  max_mem: 16029M
[12/10 00:35:35 d2.utils.events]:  eta: 2:46:22  iter: 3919  total_loss: 0.03609  time: 0.6219  data_time: 0.0055  lr: 0.00018164  max_mem: 16029M
[12/10 00:35:47 d2.utils.events]:  eta: 2:46:10  iter: 3939  total_loss: 0.03056  time: 0.6219  data_time: 0.0053  lr: 0.00018146  max_mem: 16029M
[12/10 00:36:00 d2.utils.events]:  eta: 2:45:57  iter: 3959  total_loss: 0.0292  time: 0.6219  data_time: 0.0054  lr: 0.00018128  max_mem: 16029M
[12/10 00:36:13 d2.utils.events]:  eta: 2:45:45  iter: 3979  total_loss: 0.03466  time: 0.6219  data_time: 0.0055  lr: 0.0001811  max_mem: 16029M
[12/10 00:36:25 d2.utils.events]:  eta: 2:45:33  iter: 3999  total_loss: 0.03013  time: 0.6219  data_time: 0.0054  lr: 0.00018091  max_mem: 16029M
[12/10 00:36:37 d2.utils.events]:  eta: 2:45:20  iter: 4019  total_loss: 0.03043  time: 0.6219  data_time: 0.0054  lr: 0.00018073  max_mem: 16029M
[12/10 00:36:50 d2.utils.events]:  eta: 2:45:06  iter: 4039  total_loss: 0.03135  time: 0.6219  data_time: 0.0055  lr: 0.00018054  max_mem: 16029M
[12/10 00:37:02 d2.utils.events]:  eta: 2:44:53  iter: 4059  total_loss: 0.03061  time: 0.6219  data_time: 0.0055  lr: 0.00018035  max_mem: 16029M
[12/10 00:37:15 d2.utils.events]:  eta: 2:44:40  iter: 4079  total_loss: 0.03934  time: 0.6219  data_time: 0.0059  lr: 0.00018017  max_mem: 16029M
[12/10 00:37:27 d2.utils.events]:  eta: 2:44:27  iter: 4099  total_loss: 0.03332  time: 0.6219  data_time: 0.0057  lr: 0.00017998  max_mem: 16029M
[12/10 00:37:40 d2.utils.events]:  eta: 2:44:13  iter: 4119  total_loss: 0.0269  time: 0.6219  data_time: 0.0053  lr: 0.00017979  max_mem: 16029M
[12/10 00:37:52 d2.utils.events]:  eta: 2:44:01  iter: 4139  total_loss: 0.0315  time: 0.6219  data_time: 0.0056  lr: 0.0001796  max_mem: 16029M
[12/10 00:38:05 d2.utils.events]:  eta: 2:43:48  iter: 4159  total_loss: 0.0289  time: 0.6219  data_time: 0.0056  lr: 0.00017941  max_mem: 16029M
[12/10 00:38:17 d2.utils.events]:  eta: 2:43:35  iter: 4179  total_loss: 0.03171  time: 0.6219  data_time: 0.0055  lr: 0.00017922  max_mem: 16029M
[12/10 00:38:30 d2.utils.events]:  eta: 2:43:22  iter: 4199  total_loss: 0.03707  time: 0.6219  data_time: 0.0053  lr: 0.00017903  max_mem: 16029M
[12/10 00:38:42 d2.utils.events]:  eta: 2:43:10  iter: 4219  total_loss: 0.0326  time: 0.6219  data_time: 0.0054  lr: 0.00017883  max_mem: 16029M
[12/10 00:38:55 d2.utils.events]:  eta: 2:42:59  iter: 4239  total_loss: 0.04089  time: 0.6219  data_time: 0.0057  lr: 0.00017864  max_mem: 16029M
[12/10 00:39:07 d2.utils.events]:  eta: 2:42:45  iter: 4259  total_loss: 0.03028  time: 0.6219  data_time: 0.0055  lr: 0.00017844  max_mem: 16029M
[12/10 00:39:20 d2.utils.events]:  eta: 2:42:32  iter: 4279  total_loss: 0.03087  time: 0.6219  data_time: 0.0057  lr: 0.00017825  max_mem: 16029M
[12/10 00:39:32 d2.utils.events]:  eta: 2:42:20  iter: 4299  total_loss: 0.03199  time: 0.6219  data_time: 0.0056  lr: 0.00017805  max_mem: 16029M
[12/10 00:39:45 d2.utils.events]:  eta: 2:42:08  iter: 4319  total_loss: 0.03403  time: 0.6219  data_time: 0.0058  lr: 0.00017786  max_mem: 16029M
[12/10 00:39:57 d2.utils.events]:  eta: 2:41:54  iter: 4339  total_loss: 0.02966  time: 0.6219  data_time: 0.0055  lr: 0.00017766  max_mem: 16029M
[12/10 00:40:10 d2.utils.events]:  eta: 2:41:41  iter: 4359  total_loss: 0.03106  time: 0.6219  data_time: 0.0056  lr: 0.00017746  max_mem: 16029M
[12/10 00:40:22 d2.utils.events]:  eta: 2:41:29  iter: 4379  total_loss: 0.03764  time: 0.6219  data_time: 0.0055  lr: 0.00017726  max_mem: 16029M
[12/10 00:40:35 d2.utils.events]:  eta: 2:41:17  iter: 4399  total_loss: 0.02733  time: 0.6219  data_time: 0.0054  lr: 0.00017706  max_mem: 16029M
[12/10 00:40:47 d2.utils.events]:  eta: 2:41:05  iter: 4419  total_loss: 0.0326  time: 0.6219  data_time: 0.0054  lr: 0.00017686  max_mem: 16029M
[12/10 00:41:00 d2.utils.events]:  eta: 2:40:53  iter: 4439  total_loss: 0.0303  time: 0.6219  data_time: 0.0054  lr: 0.00017666  max_mem: 16029M
[12/10 00:41:12 d2.utils.events]:  eta: 2:40:40  iter: 4459  total_loss: 0.02896  time: 0.6219  data_time: 0.0055  lr: 0.00017646  max_mem: 16029M
[12/10 00:41:25 d2.utils.events]:  eta: 2:40:29  iter: 4479  total_loss: 0.03566  time: 0.6219  data_time: 0.0056  lr: 0.00017625  max_mem: 16029M
[12/10 00:41:37 d2.utils.events]:  eta: 2:40:16  iter: 4499  total_loss: 0.03274  time: 0.6219  data_time: 0.0055  lr: 0.00017605  max_mem: 16029M
[12/10 00:41:50 d2.utils.events]:  eta: 2:40:05  iter: 4519  total_loss: 0.03201  time: 0.6219  data_time: 0.0056  lr: 0.00017585  max_mem: 16029M
[12/10 00:42:02 d2.utils.events]:  eta: 2:39:54  iter: 4539  total_loss: 0.03086  time: 0.6219  data_time: 0.0055  lr: 0.00017564  max_mem: 16029M
[12/10 00:42:14 d2.utils.events]:  eta: 2:39:41  iter: 4559  total_loss: 0.03389  time: 0.6219  data_time: 0.0055  lr: 0.00017544  max_mem: 16029M
[12/10 00:42:27 d2.utils.events]:  eta: 2:39:30  iter: 4579  total_loss: 0.03069  time: 0.6219  data_time: 0.0056  lr: 0.00017523  max_mem: 16029M
[12/10 00:42:40 d2.utils.events]:  eta: 2:39:18  iter: 4599  total_loss: 0.0317  time: 0.6219  data_time: 0.0053  lr: 0.00017502  max_mem: 16029M
[12/10 00:42:52 d2.utils.events]:  eta: 2:39:05  iter: 4619  total_loss: 0.0306  time: 0.6219  data_time: 0.0054  lr: 0.00017481  max_mem: 16029M
[12/10 00:43:05 d2.utils.events]:  eta: 2:38:53  iter: 4639  total_loss: 0.03107  time: 0.6219  data_time: 0.0059  lr: 0.0001746  max_mem: 16029M
[12/10 00:43:17 d2.utils.events]:  eta: 2:38:41  iter: 4659  total_loss: 0.03555  time: 0.6219  data_time: 0.0055  lr: 0.0001744  max_mem: 16029M
[12/10 00:43:30 d2.utils.events]:  eta: 2:38:28  iter: 4679  total_loss: 0.0319  time: 0.6219  data_time: 0.0055  lr: 0.00017418  max_mem: 16029M
[12/10 00:43:42 d2.utils.events]:  eta: 2:38:16  iter: 4699  total_loss: 0.03447  time: 0.6219  data_time: 0.0053  lr: 0.00017397  max_mem: 16029M
[12/10 00:43:54 d2.utils.events]:  eta: 2:38:04  iter: 4719  total_loss: 0.03015  time: 0.6219  data_time: 0.0057  lr: 0.00017376  max_mem: 16029M
[12/10 00:44:07 d2.utils.events]:  eta: 2:37:51  iter: 4739  total_loss: 0.03011  time: 0.6219  data_time: 0.0055  lr: 0.00017355  max_mem: 16029M
[12/10 00:44:19 d2.utils.events]:  eta: 2:37:39  iter: 4759  total_loss: 0.03314  time: 0.6219  data_time: 0.0057  lr: 0.00017334  max_mem: 16029M
[12/10 00:44:32 d2.utils.events]:  eta: 2:37:27  iter: 4779  total_loss: 0.02902  time: 0.6219  data_time: 0.0055  lr: 0.00017312  max_mem: 16029M
[12/10 00:44:44 d2.utils.events]:  eta: 2:37:14  iter: 4799  total_loss: 0.03187  time: 0.6219  data_time: 0.0056  lr: 0.00017291  max_mem: 16029M
[12/10 00:44:57 d2.utils.events]:  eta: 2:37:02  iter: 4819  total_loss: 0.028  time: 0.6219  data_time: 0.0057  lr: 0.00017269  max_mem: 16029M
[12/10 00:45:09 d2.utils.events]:  eta: 2:36:49  iter: 4839  total_loss: 0.03004  time: 0.6219  data_time: 0.0055  lr: 0.00017248  max_mem: 16029M
[12/10 00:45:22 d2.utils.events]:  eta: 2:36:37  iter: 4859  total_loss: 0.03096  time: 0.6219  data_time: 0.0053  lr: 0.00017226  max_mem: 16029M
[12/10 00:45:34 d2.utils.events]:  eta: 2:36:24  iter: 4879  total_loss: 0.03439  time: 0.6219  data_time: 0.0055  lr: 0.00017204  max_mem: 16029M
[12/10 00:45:47 d2.utils.events]:  eta: 2:36:12  iter: 4899  total_loss: 0.03326  time: 0.6219  data_time: 0.0057  lr: 0.00017182  max_mem: 16029M
[12/10 00:45:59 d2.utils.events]:  eta: 2:36:00  iter: 4919  total_loss: 0.03276  time: 0.6219  data_time: 0.0053  lr: 0.0001716  max_mem: 16029M
[12/10 00:46:12 d2.utils.events]:  eta: 2:35:47  iter: 4939  total_loss: 0.03774  time: 0.6219  data_time: 0.0056  lr: 0.00017138  max_mem: 16029M
[12/10 00:46:24 d2.utils.events]:  eta: 2:35:35  iter: 4959  total_loss: 0.03306  time: 0.6219  data_time: 0.0060  lr: 0.00017116  max_mem: 16029M
[12/10 00:46:37 d2.utils.events]:  eta: 2:35:23  iter: 4979  total_loss: 0.03539  time: 0.6219  data_time: 0.0053  lr: 0.00017094  max_mem: 16029M
[12/10 00:46:49 fvcore.common.checkpoint]: Saving checkpoint to outputs/gta_seen7_eva_L14_r448/model_0004999.pth
[12/10 00:46:51 d2.utils.events]:  eta: 2:35:10  iter: 4999  total_loss: 0.02825  time: 0.6219  data_time: 0.0055  lr: 0.00017072  max_mem: 16029M
[12/10 00:47:04 d2.utils.events]:  eta: 2:34:58  iter: 5019  total_loss: 0.03103  time: 0.6219  data_time: 0.0055  lr: 0.0001705  max_mem: 16029M
[12/10 00:47:16 d2.utils.events]:  eta: 2:34:47  iter: 5039  total_loss: 0.03261  time: 0.6219  data_time: 0.0057  lr: 0.00017028  max_mem: 16029M
[12/10 00:47:29 d2.utils.events]:  eta: 2:34:35  iter: 5059  total_loss: 0.04193  time: 0.6219  data_time: 0.0054  lr: 0.00017005  max_mem: 16029M
[12/10 00:47:42 d2.utils.events]:  eta: 2:34:22  iter: 5079  total_loss: 0.03629  time: 0.6219  data_time: 0.0060  lr: 0.00016983  max_mem: 16029M
[12/10 00:47:54 d2.utils.events]:  eta: 2:34:08  iter: 5099  total_loss: 0.0321  time: 0.6219  data_time: 0.0057  lr: 0.0001696  max_mem: 16029M
[12/10 00:48:07 d2.utils.events]:  eta: 2:33:57  iter: 5119  total_loss: 0.03062  time: 0.6219  data_time: 0.0053  lr: 0.00016938  max_mem: 16029M
[12/10 00:48:19 d2.utils.events]:  eta: 2:33:43  iter: 5139  total_loss: 0.03492  time: 0.6219  data_time: 0.0054  lr: 0.00016915  max_mem: 16029M
[12/10 00:48:32 d2.utils.events]:  eta: 2:33:30  iter: 5159  total_loss: 0.03246  time: 0.6219  data_time: 0.0056  lr: 0.00016892  max_mem: 16029M
[12/10 00:48:44 d2.utils.events]:  eta: 2:33:18  iter: 5179  total_loss: 0.033  time: 0.6219  data_time: 0.0053  lr: 0.00016869  max_mem: 16029M
[12/10 00:48:57 d2.utils.events]:  eta: 2:33:06  iter: 5199  total_loss: 0.03335  time: 0.6219  data_time: 0.0055  lr: 0.00016847  max_mem: 16029M
[12/10 00:49:09 d2.utils.events]:  eta: 2:32:53  iter: 5219  total_loss: 0.02803  time: 0.6219  data_time: 0.0056  lr: 0.00016824  max_mem: 16029M
[12/10 00:49:22 d2.utils.events]:  eta: 2:32:40  iter: 5239  total_loss: 0.02903  time: 0.6219  data_time: 0.0055  lr: 0.00016801  max_mem: 16029M
[12/10 00:49:34 d2.utils.events]:  eta: 2:32:28  iter: 5259  total_loss: 0.02725  time: 0.6219  data_time: 0.0055  lr: 0.00016778  max_mem: 16029M
[12/10 00:49:47 d2.utils.events]:  eta: 2:32:15  iter: 5279  total_loss: 0.03062  time: 0.6219  data_time: 0.0055  lr: 0.00016754  max_mem: 16029M
[12/10 00:49:59 d2.utils.events]:  eta: 2:32:03  iter: 5299  total_loss: 0.03278  time: 0.6219  data_time: 0.0054  lr: 0.00016731  max_mem: 16029M
[12/10 00:50:11 d2.utils.events]:  eta: 2:31:50  iter: 5319  total_loss: 0.02712  time: 0.6219  data_time: 0.0054  lr: 0.00016708  max_mem: 16029M
[12/10 00:50:24 d2.utils.events]:  eta: 2:31:38  iter: 5339  total_loss: 0.028  time: 0.6219  data_time: 0.0059  lr: 0.00016685  max_mem: 16029M
[12/10 00:50:36 d2.utils.events]:  eta: 2:31:26  iter: 5359  total_loss: 0.03018  time: 0.6219  data_time: 0.0058  lr: 0.00016661  max_mem: 16029M
[12/10 00:50:49 d2.utils.events]:  eta: 2:31:14  iter: 5379  total_loss: 0.02568  time: 0.6219  data_time: 0.0055  lr: 0.00016638  max_mem: 16029M
[12/10 00:51:01 d2.utils.events]:  eta: 2:31:01  iter: 5399  total_loss: 0.02843  time: 0.6219  data_time: 0.0054  lr: 0.00016614  max_mem: 16029M
[12/10 00:51:14 d2.utils.events]:  eta: 2:30:49  iter: 5419  total_loss: 0.02941  time: 0.6219  data_time: 0.0053  lr: 0.00016591  max_mem: 16029M
[12/10 00:51:26 d2.utils.events]:  eta: 2:30:36  iter: 5439  total_loss: 0.03652  time: 0.6219  data_time: 0.0051  lr: 0.00016567  max_mem: 16029M
[12/10 00:51:39 d2.utils.events]:  eta: 2:30:24  iter: 5459  total_loss: 0.03069  time: 0.6219  data_time: 0.0058  lr: 0.00016543  max_mem: 16029M
[12/10 00:51:51 d2.utils.events]:  eta: 2:30:11  iter: 5479  total_loss: 0.03045  time: 0.6219  data_time: 0.0053  lr: 0.0001652  max_mem: 16029M
[12/10 00:52:04 d2.utils.events]:  eta: 2:29:59  iter: 5499  total_loss: 0.03062  time: 0.6219  data_time: 0.0051  lr: 0.00016496  max_mem: 16029M
[12/10 00:52:16 d2.utils.events]:  eta: 2:29:46  iter: 5519  total_loss: 0.03045  time: 0.6219  data_time: 0.0055  lr: 0.00016472  max_mem: 16029M
[12/10 00:52:29 d2.utils.events]:  eta: 2:29:33  iter: 5539  total_loss: 0.02957  time: 0.6219  data_time: 0.0053  lr: 0.00016448  max_mem: 16029M
[12/10 00:52:41 d2.utils.events]:  eta: 2:29:19  iter: 5559  total_loss: 0.03743  time: 0.6219  data_time: 0.0057  lr: 0.00016424  max_mem: 16029M
[12/10 00:52:54 d2.utils.events]:  eta: 2:29:07  iter: 5579  total_loss: 0.03091  time: 0.6219  data_time: 0.0056  lr: 0.000164  max_mem: 16029M
[12/10 00:53:06 d2.utils.events]:  eta: 2:28:54  iter: 5599  total_loss: 0.02988  time: 0.6219  data_time: 0.0052  lr: 0.00016375  max_mem: 16029M
[12/10 00:53:19 d2.utils.events]:  eta: 2:28:43  iter: 5619  total_loss: 0.02971  time: 0.6219  data_time: 0.0053  lr: 0.00016351  max_mem: 16029M
[12/10 00:53:31 d2.utils.events]:  eta: 2:28:31  iter: 5639  total_loss: 0.02854  time: 0.6219  data_time: 0.0053  lr: 0.00016327  max_mem: 16029M
[12/10 00:53:44 d2.utils.events]:  eta: 2:28:18  iter: 5659  total_loss: 0.02924  time: 0.6219  data_time: 0.0057  lr: 0.00016303  max_mem: 16029M
[12/10 00:53:56 d2.utils.events]:  eta: 2:28:06  iter: 5679  total_loss: 0.03168  time: 0.6219  data_time: 0.0053  lr: 0.00016278  max_mem: 16029M
[12/10 00:54:09 d2.utils.events]:  eta: 2:27:53  iter: 5699  total_loss: 0.02978  time: 0.6219  data_time: 0.0055  lr: 0.00016254  max_mem: 16029M
[12/10 00:54:21 d2.utils.events]:  eta: 2:27:41  iter: 5719  total_loss: 0.02888  time: 0.6219  data_time: 0.0055  lr: 0.00016229  max_mem: 16029M
[12/10 00:54:34 d2.utils.events]:  eta: 2:27:29  iter: 5739  total_loss: 0.02562  time: 0.6219  data_time: 0.0055  lr: 0.00016204  max_mem: 16029M
[12/10 00:54:46 d2.utils.events]:  eta: 2:27:16  iter: 5759  total_loss: 0.03086  time: 0.6219  data_time: 0.0054  lr: 0.0001618  max_mem: 16029M
[12/10 00:54:58 d2.utils.events]:  eta: 2:27:03  iter: 5779  total_loss: 0.03456  time: 0.6219  data_time: 0.0055  lr: 0.00016155  max_mem: 16029M
[12/10 00:55:11 d2.utils.events]:  eta: 2:26:50  iter: 5799  total_loss: 0.02758  time: 0.6219  data_time: 0.0055  lr: 0.0001613  max_mem: 16029M
[12/10 00:55:23 d2.utils.events]:  eta: 2:26:38  iter: 5819  total_loss: 0.02623  time: 0.6219  data_time: 0.0054  lr: 0.00016105  max_mem: 16029M
[12/10 00:55:36 d2.utils.events]:  eta: 2:26:25  iter: 5839  total_loss: 0.03847  time: 0.6219  data_time: 0.0056  lr: 0.00016081  max_mem: 16029M
[12/10 00:55:48 d2.utils.events]:  eta: 2:26:13  iter: 5859  total_loss: 0.0261  time: 0.6219  data_time: 0.0054  lr: 0.00016056  max_mem: 16029M
[12/10 00:56:01 d2.utils.events]:  eta: 2:26:00  iter: 5879  total_loss: 0.02961  time: 0.6219  data_time: 0.0055  lr: 0.00016031  max_mem: 16029M
[12/10 00:56:13 d2.utils.events]:  eta: 2:25:47  iter: 5899  total_loss: 0.02895  time: 0.6219  data_time: 0.0055  lr: 0.00016005  max_mem: 16029M
[12/10 00:56:29 d2.utils.events]:  eta: 2:25:35  iter: 5919  total_loss: 0.02655  time: 0.6218  data_time: 0.0055  lr: 0.0001598  max_mem: 16029M
[12/10 00:56:42 d2.utils.events]:  eta: 2:25:22  iter: 5939  total_loss: 0.03142  time: 0.6218  data_time: 0.0052  lr: 0.00015955  max_mem: 16029M
[12/10 00:56:54 d2.utils.events]:  eta: 2:25:09  iter: 5959  total_loss: 0.0314  time: 0.6218  data_time: 0.0054  lr: 0.0001593  max_mem: 16029M
[12/10 00:57:07 d2.utils.events]:  eta: 2:24:57  iter: 5979  total_loss: 0.02811  time: 0.6218  data_time: 0.0052  lr: 0.00015905  max_mem: 16029M
[12/10 00:57:19 d2.utils.events]:  eta: 2:24:45  iter: 5999  total_loss: 0.03153  time: 0.6218  data_time: 0.0052  lr: 0.00015879  max_mem: 16029M
[12/10 00:57:32 d2.utils.events]:  eta: 2:24:32  iter: 6019  total_loss: 0.03172  time: 0.6218  data_time: 0.0055  lr: 0.00015854  max_mem: 16029M
[12/10 00:57:44 d2.utils.events]:  eta: 2:24:20  iter: 6039  total_loss: 0.0334  time: 0.6218  data_time: 0.0056  lr: 0.00015828  max_mem: 16029M
[12/10 00:57:57 d2.utils.events]:  eta: 2:24:07  iter: 6059  total_loss: 0.0301  time: 0.6218  data_time: 0.0056  lr: 0.00015803  max_mem: 16029M
[12/10 00:58:09 d2.utils.events]:  eta: 2:23:55  iter: 6079  total_loss: 0.03289  time: 0.6218  data_time: 0.0054  lr: 0.00015777  max_mem: 16029M
[12/10 00:58:22 d2.utils.events]:  eta: 2:23:43  iter: 6099  total_loss: 0.02951  time: 0.6218  data_time: 0.0055  lr: 0.00015751  max_mem: 16029M
[12/10 00:58:34 d2.utils.events]:  eta: 2:23:31  iter: 6119  total_loss: 0.02748  time: 0.6218  data_time: 0.0055  lr: 0.00015726  max_mem: 16029M
[12/10 00:58:47 d2.utils.events]:  eta: 2:23:18  iter: 6139  total_loss: 0.0284  time: 0.6218  data_time: 0.0055  lr: 0.000157  max_mem: 16029M
[12/10 00:58:59 d2.utils.events]:  eta: 2:23:07  iter: 6159  total_loss: 0.03133  time: 0.6218  data_time: 0.0053  lr: 0.00015674  max_mem: 16029M
[12/10 00:59:12 d2.utils.events]:  eta: 2:22:54  iter: 6179  total_loss: 0.03169  time: 0.6218  data_time: 0.0056  lr: 0.00015648  max_mem: 16029M
[12/10 00:59:24 d2.utils.events]:  eta: 2:22:42  iter: 6199  total_loss: 0.03578  time: 0.6219  data_time: 0.0054  lr: 0.00015622  max_mem: 16029M
[12/10 00:59:37 d2.utils.events]:  eta: 2:22:31  iter: 6219  total_loss: 0.04067  time: 0.6219  data_time: 0.0054  lr: 0.00015596  max_mem: 16029M
[12/10 00:59:49 d2.utils.events]:  eta: 2:22:19  iter: 6239  total_loss: 0.03626  time: 0.6219  data_time: 0.0055  lr: 0.0001557  max_mem: 16029M
[12/10 01:00:02 d2.utils.events]:  eta: 2:22:08  iter: 6259  total_loss: 0.02577  time: 0.6219  data_time: 0.0057  lr: 0.00015544  max_mem: 16029M
[12/10 01:00:14 d2.utils.events]:  eta: 2:21:56  iter: 6279  total_loss: 0.03283  time: 0.6219  data_time: 0.0056  lr: 0.00015518  max_mem: 16029M
[12/10 01:00:27 d2.utils.events]:  eta: 2:21:44  iter: 6299  total_loss: 0.03555  time: 0.6219  data_time: 0.0055  lr: 0.00015492  max_mem: 16029M
[12/10 01:00:39 d2.utils.events]:  eta: 2:21:32  iter: 6319  total_loss: 0.034  time: 0.6219  data_time: 0.0054  lr: 0.00015465  max_mem: 16029M
[12/10 01:00:52 d2.utils.events]:  eta: 2:21:20  iter: 6339  total_loss: 0.02845  time: 0.6219  data_time: 0.0054  lr: 0.00015439  max_mem: 16029M
[12/10 01:01:04 d2.utils.events]:  eta: 2:21:08  iter: 6359  total_loss: 0.02741  time: 0.6219  data_time: 0.0054  lr: 0.00015413  max_mem: 16029M
[12/10 01:01:17 d2.utils.events]:  eta: 2:20:55  iter: 6379  total_loss: 0.0353  time: 0.6219  data_time: 0.0056  lr: 0.00015386  max_mem: 16029M
[12/10 01:01:29 d2.utils.events]:  eta: 2:20:44  iter: 6399  total_loss: 0.02958  time: 0.6219  data_time: 0.0055  lr: 0.0001536  max_mem: 16029M
[12/10 01:01:42 d2.utils.events]:  eta: 2:20:32  iter: 6419  total_loss: 0.03444  time: 0.6219  data_time: 0.0055  lr: 0.00015333  max_mem: 16029M
[12/10 01:01:54 d2.utils.events]:  eta: 2:20:20  iter: 6439  total_loss: 0.03023  time: 0.6219  data_time: 0.0054  lr: 0.00015306  max_mem: 16029M
[12/10 01:02:07 d2.utils.events]:  eta: 2:20:08  iter: 6459  total_loss: 0.0326  time: 0.6219  data_time: 0.0054  lr: 0.0001528  max_mem: 16029M
[12/10 01:02:19 d2.utils.events]:  eta: 2:19:55  iter: 6479  total_loss: 0.02933  time: 0.6219  data_time: 0.0055  lr: 0.00015253  max_mem: 16029M
[12/10 01:02:32 d2.utils.events]:  eta: 2:19:43  iter: 6499  total_loss: 0.02671  time: 0.6219  data_time: 0.0055  lr: 0.00015226  max_mem: 16029M
[12/10 01:02:44 d2.utils.events]:  eta: 2:19:31  iter: 6519  total_loss: 0.03087  time: 0.6219  data_time: 0.0054  lr: 0.000152  max_mem: 16029M
[12/10 01:02:57 d2.utils.events]:  eta: 2:19:20  iter: 6539  total_loss: 0.03155  time: 0.6219  data_time: 0.0055  lr: 0.00015173  max_mem: 16029M
[12/10 01:03:09 d2.utils.events]:  eta: 2:19:08  iter: 6559  total_loss: 0.03342  time: 0.6219  data_time: 0.0054  lr: 0.00015146  max_mem: 16029M
[12/10 01:03:22 d2.utils.events]:  eta: 2:18:56  iter: 6579  total_loss: 0.03512  time: 0.6219  data_time: 0.0056  lr: 0.00015119  max_mem: 16029M
[12/10 01:03:34 d2.utils.events]:  eta: 2:18:44  iter: 6599  total_loss: 0.02772  time: 0.6219  data_time: 0.0058  lr: 0.00015092  max_mem: 16029M
[12/10 01:03:47 d2.utils.events]:  eta: 2:18:32  iter: 6619  total_loss: 0.03416  time: 0.6220  data_time: 0.0055  lr: 0.00015065  max_mem: 16029M
[12/10 01:03:59 d2.utils.events]:  eta: 2:18:20  iter: 6639  total_loss: 0.03097  time: 0.6220  data_time: 0.0055  lr: 0.00015038  max_mem: 16029M
[12/10 01:04:12 d2.utils.events]:  eta: 2:18:08  iter: 6659  total_loss: 0.03034  time: 0.6220  data_time: 0.0055  lr: 0.0001501  max_mem: 16029M
[12/10 01:04:24 d2.utils.events]:  eta: 2:17:56  iter: 6679  total_loss: 0.02941  time: 0.6220  data_time: 0.0056  lr: 0.00014983  max_mem: 16029M
[12/10 01:04:37 d2.utils.events]:  eta: 2:17:43  iter: 6699  total_loss: 0.02819  time: 0.6220  data_time: 0.0057  lr: 0.00014956  max_mem: 16029M
[12/10 01:04:49 d2.utils.events]:  eta: 2:17:31  iter: 6719  total_loss: 0.02726  time: 0.6220  data_time: 0.0054  lr: 0.00014929  max_mem: 16029M
[12/10 01:05:02 d2.utils.events]:  eta: 2:17:18  iter: 6739  total_loss: 0.02922  time: 0.6220  data_time: 0.0055  lr: 0.00014901  max_mem: 16029M
[12/10 01:05:14 d2.utils.events]:  eta: 2:17:06  iter: 6759  total_loss: 0.02946  time: 0.6220  data_time: 0.0056  lr: 0.00014874  max_mem: 16029M
[12/10 01:05:27 d2.utils.events]:  eta: 2:16:53  iter: 6779  total_loss: 0.03041  time: 0.6220  data_time: 0.0056  lr: 0.00014846  max_mem: 16029M
[12/10 01:05:39 d2.utils.events]:  eta: 2:16:41  iter: 6799  total_loss: 0.03415  time: 0.6220  data_time: 0.0057  lr: 0.00014819  max_mem: 16029M
[12/10 01:05:52 d2.utils.events]:  eta: 2:16:29  iter: 6819  total_loss: 0.03099  time: 0.6220  data_time: 0.0053  lr: 0.00014791  max_mem: 16029M
[12/10 01:06:04 d2.utils.events]:  eta: 2:16:16  iter: 6839  total_loss: 0.03159  time: 0.6220  data_time: 0.0054  lr: 0.00014764  max_mem: 16029M
[12/10 01:06:17 d2.utils.events]:  eta: 2:16:04  iter: 6859  total_loss: 0.02929  time: 0.6220  data_time: 0.0056  lr: 0.00014736  max_mem: 16029M
[12/10 01:06:29 d2.utils.events]:  eta: 2:15:52  iter: 6879  total_loss: 0.02992  time: 0.6220  data_time: 0.0058  lr: 0.00014708  max_mem: 16029M
[12/10 01:06:42 d2.utils.events]:  eta: 2:15:40  iter: 6899  total_loss: 0.02715  time: 0.6220  data_time: 0.0058  lr: 0.00014681  max_mem: 16029M
[12/10 01:06:54 d2.utils.events]:  eta: 2:15:28  iter: 6919  total_loss: 0.02831  time: 0.6220  data_time: 0.0053  lr: 0.00014653  max_mem: 16029M
[12/10 01:07:07 d2.utils.events]:  eta: 2:15:16  iter: 6939  total_loss: 0.03275  time: 0.6220  data_time: 0.0057  lr: 0.00014625  max_mem: 16029M
[12/10 01:07:19 d2.utils.events]:  eta: 2:15:04  iter: 6959  total_loss: 0.02901  time: 0.6220  data_time: 0.0054  lr: 0.00014597  max_mem: 16029M
[12/10 01:07:32 d2.utils.events]:  eta: 2:14:52  iter: 6979  total_loss: 0.02889  time: 0.6220  data_time: 0.0057  lr: 0.00014569  max_mem: 16029M
[12/10 01:07:44 d2.utils.events]:  eta: 2:14:40  iter: 6999  total_loss: 0.02943  time: 0.6220  data_time: 0.0055  lr: 0.00014541  max_mem: 16029M
[12/10 01:07:57 d2.utils.events]:  eta: 2:14:27  iter: 7019  total_loss: 0.03346  time: 0.6220  data_time: 0.0054  lr: 0.00014513  max_mem: 16029M
[12/10 01:08:09 d2.utils.events]:  eta: 2:14:15  iter: 7039  total_loss: 0.02863  time: 0.6220  data_time: 0.0054  lr: 0.00014485  max_mem: 16029M
[12/10 01:08:22 d2.utils.events]:  eta: 2:14:02  iter: 7059  total_loss: 0.03473  time: 0.6220  data_time: 0.0055  lr: 0.00014457  max_mem: 16029M
[12/10 01:08:34 d2.utils.events]:  eta: 2:13:50  iter: 7079  total_loss: 0.03259  time: 0.6220  data_time: 0.0055  lr: 0.00014429  max_mem: 16029M
[12/10 01:08:47 d2.utils.events]:  eta: 2:13:38  iter: 7099  total_loss: 0.02752  time: 0.6220  data_time: 0.0053  lr: 0.00014401  max_mem: 16029M
[12/10 01:08:59 d2.utils.events]:  eta: 2:13:25  iter: 7119  total_loss: 0.03073  time: 0.6220  data_time: 0.0054  lr: 0.00014373  max_mem: 16029M
[12/10 01:09:12 d2.utils.events]:  eta: 2:13:13  iter: 7139  total_loss: 0.03022  time: 0.6220  data_time: 0.0055  lr: 0.00014344  max_mem: 16029M
[12/10 01:09:24 d2.utils.events]:  eta: 2:13:01  iter: 7159  total_loss: 0.02908  time: 0.6220  data_time: 0.0053  lr: 0.00014316  max_mem: 16029M
[12/10 01:09:37 d2.utils.events]:  eta: 2:12:48  iter: 7179  total_loss: 0.02675  time: 0.6220  data_time: 0.0054  lr: 0.00014288  max_mem: 16029M
[12/10 01:09:49 d2.utils.events]:  eta: 2:12:35  iter: 7199  total_loss: 0.03098  time: 0.6220  data_time: 0.0053  lr: 0.00014259  max_mem: 16029M
[12/10 01:10:02 d2.utils.events]:  eta: 2:12:22  iter: 7219  total_loss: 0.0272  time: 0.6220  data_time: 0.0055  lr: 0.00014231  max_mem: 16029M
[12/10 01:10:14 d2.utils.events]:  eta: 2:12:10  iter: 7239  total_loss: 0.03156  time: 0.6220  data_time: 0.0056  lr: 0.00014202  max_mem: 16029M
[12/10 01:10:27 d2.utils.events]:  eta: 2:11:57  iter: 7259  total_loss: 0.03051  time: 0.6220  data_time: 0.0056  lr: 0.00014174  max_mem: 16029M
[12/10 01:10:39 d2.utils.events]:  eta: 2:11:45  iter: 7279  total_loss: 0.02606  time: 0.6220  data_time: 0.0055  lr: 0.00014145  max_mem: 16029M
[12/10 01:10:51 d2.utils.events]:  eta: 2:11:32  iter: 7299  total_loss: 0.02837  time: 0.6220  data_time: 0.0056  lr: 0.00014117  max_mem: 16029M
[12/10 01:11:04 d2.utils.events]:  eta: 2:11:19  iter: 7319  total_loss: 0.02759  time: 0.6220  data_time: 0.0054  lr: 0.00014088  max_mem: 16029M
[12/10 01:11:17 d2.utils.events]:  eta: 2:11:06  iter: 7339  total_loss: 0.03742  time: 0.6220  data_time: 0.0053  lr: 0.00014059  max_mem: 16029M
[12/10 01:11:29 d2.utils.events]:  eta: 2:10:54  iter: 7359  total_loss: 0.02901  time: 0.6220  data_time: 0.0054  lr: 0.00014031  max_mem: 16029M
[12/10 01:11:42 d2.utils.events]:  eta: 2:10:41  iter: 7379  total_loss: 0.02987  time: 0.6220  data_time: 0.0053  lr: 0.00014002  max_mem: 16029M
[12/10 01:11:54 d2.utils.events]:  eta: 2:10:29  iter: 7399  total_loss: 0.03392  time: 0.6220  data_time: 0.0054  lr: 0.00013973  max_mem: 16029M
[12/10 01:12:07 d2.utils.events]:  eta: 2:10:16  iter: 7419  total_loss: 0.03438  time: 0.6220  data_time: 0.0053  lr: 0.00013944  max_mem: 16029M
[12/10 01:12:19 d2.utils.events]:  eta: 2:10:04  iter: 7439  total_loss: 0.03005  time: 0.6220  data_time: 0.0057  lr: 0.00013915  max_mem: 16029M
[12/10 01:12:31 d2.utils.events]:  eta: 2:09:51  iter: 7459  total_loss: 0.03095  time: 0.6220  data_time: 0.0058  lr: 0.00013886  max_mem: 16029M
[12/10 01:12:44 d2.utils.events]:  eta: 2:09:39  iter: 7479  total_loss: 0.02836  time: 0.6220  data_time: 0.0057  lr: 0.00013857  max_mem: 16029M
[12/10 01:12:57 d2.utils.events]:  eta: 2:09:27  iter: 7499  total_loss: 0.03621  time: 0.6220  data_time: 0.0054  lr: 0.00013828  max_mem: 16029M
[12/10 01:13:09 d2.utils.events]:  eta: 2:09:15  iter: 7519  total_loss: 0.0276  time: 0.6220  data_time: 0.0056  lr: 0.00013799  max_mem: 16029M
[12/10 01:13:21 d2.utils.events]:  eta: 2:09:02  iter: 7539  total_loss: 0.02948  time: 0.6220  data_time: 0.0055  lr: 0.0001377  max_mem: 16029M
[12/10 01:13:34 d2.utils.events]:  eta: 2:08:50  iter: 7559  total_loss: 0.02619  time: 0.6220  data_time: 0.0056  lr: 0.00013741  max_mem: 16029M
[12/10 01:13:46 d2.utils.events]:  eta: 2:08:37  iter: 7579  total_loss: 0.02811  time: 0.6220  data_time: 0.0054  lr: 0.00013712  max_mem: 16029M
[12/10 01:13:59 d2.utils.events]:  eta: 2:08:24  iter: 7599  total_loss: 0.02901  time: 0.6220  data_time: 0.0056  lr: 0.00013683  max_mem: 16029M
[12/10 01:14:11 d2.utils.events]:  eta: 2:08:11  iter: 7619  total_loss: 0.02814  time: 0.6220  data_time: 0.0055  lr: 0.00013653  max_mem: 16029M
[12/10 01:14:24 d2.utils.events]:  eta: 2:07:59  iter: 7639  total_loss: 0.04294  time: 0.6220  data_time: 0.0055  lr: 0.00013624  max_mem: 16029M
[12/10 01:14:36 d2.utils.events]:  eta: 2:07:47  iter: 7659  total_loss: 0.03322  time: 0.6220  data_time: 0.0057  lr: 0.00013595  max_mem: 16029M
[12/10 01:14:49 d2.utils.events]:  eta: 2:07:34  iter: 7679  total_loss: 0.0329  time: 0.6220  data_time: 0.0055  lr: 0.00013566  max_mem: 16029M
[12/10 01:15:02 d2.utils.events]:  eta: 2:07:22  iter: 7699  total_loss: 0.02937  time: 0.6220  data_time: 0.0060  lr: 0.00013536  max_mem: 16029M
[12/10 01:15:14 d2.utils.events]:  eta: 2:07:10  iter: 7719  total_loss: 0.03078  time: 0.6220  data_time: 0.0054  lr: 0.00013507  max_mem: 16029M
[12/10 01:15:27 d2.utils.events]:  eta: 2:06:58  iter: 7739  total_loss: 0.0331  time: 0.6220  data_time: 0.0055  lr: 0.00013477  max_mem: 16029M
[12/10 01:15:39 d2.utils.events]:  eta: 2:06:45  iter: 7759  total_loss: 0.02917  time: 0.6220  data_time: 0.0057  lr: 0.00013448  max_mem: 16029M
[12/10 01:15:52 d2.utils.events]:  eta: 2:06:34  iter: 7779  total_loss: 0.02982  time: 0.6220  data_time: 0.0053  lr: 0.00013418  max_mem: 16029M
[12/10 01:16:04 d2.utils.events]:  eta: 2:06:22  iter: 7799  total_loss: 0.03281  time: 0.6220  data_time: 0.0054  lr: 0.00013389  max_mem: 16029M
[12/10 01:16:17 d2.utils.events]:  eta: 2:06:09  iter: 7819  total_loss: 0.02723  time: 0.6221  data_time: 0.0057  lr: 0.00013359  max_mem: 16029M
[12/10 01:16:29 d2.utils.events]:  eta: 2:05:57  iter: 7839  total_loss: 0.03485  time: 0.6221  data_time: 0.0056  lr: 0.0001333  max_mem: 16029M
[12/10 01:16:42 d2.utils.events]:  eta: 2:05:45  iter: 7859  total_loss: 0.02965  time: 0.6221  data_time: 0.0056  lr: 0.000133  max_mem: 16029M
[12/10 01:16:54 d2.utils.events]:  eta: 2:05:33  iter: 7879  total_loss: 0.0278  time: 0.6221  data_time: 0.0055  lr: 0.0001327  max_mem: 16029M
[12/10 01:17:07 d2.utils.events]:  eta: 2:05:20  iter: 7899  total_loss: 0.0375  time: 0.6221  data_time: 0.0054  lr: 0.00013241  max_mem: 16029M
[12/10 01:17:19 d2.utils.events]:  eta: 2:05:08  iter: 7919  total_loss: 0.0266  time: 0.6221  data_time: 0.0055  lr: 0.00013211  max_mem: 16029M
[12/10 01:17:32 d2.utils.events]:  eta: 2:04:55  iter: 7939  total_loss: 0.02483  time: 0.6221  data_time: 0.0053  lr: 0.00013181  max_mem: 16029M
[12/10 01:17:44 d2.utils.events]:  eta: 2:04:43  iter: 7959  total_loss: 0.02554  time: 0.6221  data_time: 0.0055  lr: 0.00013151  max_mem: 16029M
[12/10 01:17:56 d2.utils.events]:  eta: 2:04:30  iter: 7979  total_loss: 0.02855  time: 0.6221  data_time: 0.0054  lr: 0.00013122  max_mem: 16029M
[12/10 01:18:09 d2.utils.events]:  eta: 2:04:17  iter: 7999  total_loss: 0.033  time: 0.6221  data_time: 0.0053  lr: 0.00013092  max_mem: 16029M
[12/10 01:18:21 d2.utils.events]:  eta: 2:04:05  iter: 8019  total_loss: 0.0268  time: 0.6221  data_time: 0.0054  lr: 0.00013062  max_mem: 16029M
[12/10 01:18:34 d2.utils.events]:  eta: 2:03:53  iter: 8039  total_loss: 0.02868  time: 0.6221  data_time: 0.0053  lr: 0.00013032  max_mem: 16029M
[12/10 01:18:46 d2.utils.events]:  eta: 2:03:41  iter: 8059  total_loss: 0.028  time: 0.6221  data_time: 0.0055  lr: 0.00013002  max_mem: 16029M
[12/10 01:18:59 d2.utils.events]:  eta: 2:03:29  iter: 8079  total_loss: 0.03002  time: 0.6221  data_time: 0.0053  lr: 0.00012972  max_mem: 16029M
[12/10 01:19:11 d2.utils.events]:  eta: 2:03:16  iter: 8099  total_loss: 0.02607  time: 0.6221  data_time: 0.0056  lr: 0.00012942  max_mem: 16029M
[12/10 01:19:24 d2.utils.events]:  eta: 2:03:04  iter: 8119  total_loss: 0.02677  time: 0.6221  data_time: 0.0053  lr: 0.00012912  max_mem: 16029M
[12/10 01:19:36 d2.utils.events]:  eta: 2:02:51  iter: 8139  total_loss: 0.02811  time: 0.6221  data_time: 0.0055  lr: 0.00012882  max_mem: 16029M
[12/10 01:19:49 d2.utils.events]:  eta: 2:02:39  iter: 8159  total_loss: 0.02663  time: 0.6221  data_time: 0.0054  lr: 0.00012852  max_mem: 16029M
[12/10 01:20:01 d2.utils.events]:  eta: 2:02:27  iter: 8179  total_loss: 0.02913  time: 0.6221  data_time: 0.0056  lr: 0.00012822  max_mem: 16029M
[12/10 01:20:14 d2.utils.events]:  eta: 2:02:15  iter: 8199  total_loss: 0.02674  time: 0.6221  data_time: 0.0054  lr: 0.00012791  max_mem: 16029M
[12/10 01:20:26 d2.utils.events]:  eta: 2:02:03  iter: 8219  total_loss: 0.0307  time: 0.6221  data_time: 0.0054  lr: 0.00012761  max_mem: 16029M
[12/10 01:20:39 d2.utils.events]:  eta: 2:01:51  iter: 8239  total_loss: 0.02661  time: 0.6221  data_time: 0.0056  lr: 0.00012731  max_mem: 16029M
[12/10 01:20:51 d2.utils.events]:  eta: 2:01:39  iter: 8259  total_loss: 0.03259  time: 0.6221  data_time: 0.0056  lr: 0.00012701  max_mem: 16029M
[12/10 01:21:04 d2.utils.events]:  eta: 2:01:26  iter: 8279  total_loss: 0.02981  time: 0.6221  data_time: 0.0054  lr: 0.00012671  max_mem: 16029M
[12/10 01:21:17 d2.utils.events]:  eta: 2:01:14  iter: 8299  total_loss: 0.02579  time: 0.6221  data_time: 0.0057  lr: 0.0001264  max_mem: 16029M
[12/10 01:21:29 d2.utils.events]:  eta: 2:01:02  iter: 8319  total_loss: 0.02575  time: 0.6221  data_time: 0.0055  lr: 0.0001261  max_mem: 16029M
[12/10 01:21:42 d2.utils.events]:  eta: 2:00:49  iter: 8339  total_loss: 0.02877  time: 0.6221  data_time: 0.0055  lr: 0.0001258  max_mem: 16029M
[12/10 01:21:54 d2.utils.events]:  eta: 2:00:37  iter: 8359  total_loss: 0.03255  time: 0.6221  data_time: 0.0053  lr: 0.00012549  max_mem: 16029M
[12/10 01:22:07 d2.utils.events]:  eta: 2:00:25  iter: 8379  total_loss: 0.02977  time: 0.6221  data_time: 0.0058  lr: 0.00012519  max_mem: 16029M
[12/10 01:22:19 d2.utils.events]:  eta: 2:00:12  iter: 8399  total_loss: 0.02778  time: 0.6221  data_time: 0.0055  lr: 0.00012488  max_mem: 16029M
[12/10 01:22:32 d2.utils.events]:  eta: 2:00:00  iter: 8419  total_loss: 0.03374  time: 0.6221  data_time: 0.0054  lr: 0.00012458  max_mem: 16029M
[12/10 01:22:44 d2.utils.events]:  eta: 1:59:47  iter: 8439  total_loss: 0.02647  time: 0.6221  data_time: 0.0055  lr: 0.00012428  max_mem: 16029M
[12/10 01:22:57 d2.utils.events]:  eta: 1:59:35  iter: 8459  total_loss: 0.02921  time: 0.6221  data_time: 0.0053  lr: 0.00012397  max_mem: 16029M
[12/10 01:23:09 d2.utils.events]:  eta: 1:59:22  iter: 8479  total_loss: 0.03605  time: 0.6221  data_time: 0.0057  lr: 0.00012367  max_mem: 16029M
[12/10 01:23:22 d2.utils.events]:  eta: 1:59:10  iter: 8499  total_loss: 0.02648  time: 0.6221  data_time: 0.0053  lr: 0.00012336  max_mem: 16029M
[12/10 01:23:34 d2.utils.events]:  eta: 1:58:58  iter: 8519  total_loss: 0.02557  time: 0.6221  data_time: 0.0053  lr: 0.00012305  max_mem: 16029M
[12/10 01:23:47 d2.utils.events]:  eta: 1:58:46  iter: 8539  total_loss: 0.02784  time: 0.6221  data_time: 0.0054  lr: 0.00012275  max_mem: 16029M
[12/10 01:23:59 d2.utils.events]:  eta: 1:58:33  iter: 8559  total_loss: 0.02476  time: 0.6221  data_time: 0.0056  lr: 0.00012244  max_mem: 16029M
[12/10 01:24:12 d2.utils.events]:  eta: 1:58:21  iter: 8579  total_loss: 0.03549  time: 0.6221  data_time: 0.0060  lr: 0.00012214  max_mem: 16029M
[12/10 01:24:24 d2.utils.events]:  eta: 1:58:08  iter: 8599  total_loss: 0.02944  time: 0.6221  data_time: 0.0053  lr: 0.00012183  max_mem: 16029M
[12/10 01:24:37 d2.utils.events]:  eta: 1:57:56  iter: 8619  total_loss: 0.02609  time: 0.6221  data_time: 0.0055  lr: 0.00012152  max_mem: 16029M
[12/10 01:24:49 d2.utils.events]:  eta: 1:57:44  iter: 8639  total_loss: 0.02629  time: 0.6221  data_time: 0.0057  lr: 0.00012122  max_mem: 16029M
[12/10 01:25:02 d2.utils.events]:  eta: 1:57:32  iter: 8659  total_loss: 0.02795  time: 0.6221  data_time: 0.0057  lr: 0.00012091  max_mem: 16029M
[12/10 01:25:14 d2.utils.events]:  eta: 1:57:19  iter: 8679  total_loss: 0.02694  time: 0.6221  data_time: 0.0055  lr: 0.0001206  max_mem: 16029M
[12/10 01:25:27 d2.utils.events]:  eta: 1:57:06  iter: 8699  total_loss: 0.02664  time: 0.6221  data_time: 0.0054  lr: 0.00012029  max_mem: 16029M
[12/10 01:25:39 d2.utils.events]:  eta: 1:56:54  iter: 8719  total_loss: 0.02967  time: 0.6221  data_time: 0.0056  lr: 0.00011999  max_mem: 16029M
[12/10 01:25:52 d2.utils.events]:  eta: 1:56:41  iter: 8739  total_loss: 0.02727  time: 0.6221  data_time: 0.0053  lr: 0.00011968  max_mem: 16029M
[12/10 01:26:04 d2.utils.events]:  eta: 1:56:29  iter: 8759  total_loss: 0.02875  time: 0.6221  data_time: 0.0055  lr: 0.00011937  max_mem: 16029M
[12/10 01:26:17 d2.utils.events]:  eta: 1:56:17  iter: 8779  total_loss: 0.03137  time: 0.6221  data_time: 0.0058  lr: 0.00011906  max_mem: 16029M
[12/10 01:26:29 d2.utils.events]:  eta: 1:56:04  iter: 8799  total_loss: 0.03493  time: 0.6221  data_time: 0.0054  lr: 0.00011875  max_mem: 16029M
[12/10 01:26:42 d2.utils.events]:  eta: 1:55:52  iter: 8819  total_loss: 0.03107  time: 0.6221  data_time: 0.0056  lr: 0.00011844  max_mem: 16029M
[12/10 01:26:54 d2.utils.events]:  eta: 1:55:40  iter: 8839  total_loss: 0.02853  time: 0.6221  data_time: 0.0053  lr: 0.00011814  max_mem: 16029M
[12/10 01:27:07 d2.utils.events]:  eta: 1:55:28  iter: 8859  total_loss: 0.02444  time: 0.6221  data_time: 0.0055  lr: 0.00011783  max_mem: 16029M
[12/10 01:27:19 d2.utils.events]:  eta: 1:55:15  iter: 8879  total_loss: 0.02881  time: 0.6221  data_time: 0.0055  lr: 0.00011752  max_mem: 16029M
[12/10 01:27:32 d2.utils.events]:  eta: 1:55:02  iter: 8899  total_loss: 0.02925  time: 0.6221  data_time: 0.0057  lr: 0.00011721  max_mem: 16029M
[12/10 01:27:44 d2.utils.events]:  eta: 1:54:49  iter: 8919  total_loss: 0.02737  time: 0.6221  data_time: 0.0054  lr: 0.0001169  max_mem: 16029M
[12/10 01:27:57 d2.utils.events]:  eta: 1:54:37  iter: 8939  total_loss: 0.0292  time: 0.6221  data_time: 0.0058  lr: 0.00011659  max_mem: 16029M
[12/10 01:28:09 d2.utils.events]:  eta: 1:54:25  iter: 8959  total_loss: 0.02967  time: 0.6222  data_time: 0.0061  lr: 0.00011628  max_mem: 16029M
[12/10 01:28:22 d2.utils.events]:  eta: 1:54:13  iter: 8979  total_loss: 0.02548  time: 0.6222  data_time: 0.0055  lr: 0.00011597  max_mem: 16029M
[12/10 01:28:34 d2.utils.events]:  eta: 1:54:01  iter: 8999  total_loss: 0.02974  time: 0.6222  data_time: 0.0059  lr: 0.00011566  max_mem: 16029M
[12/10 01:28:47 d2.utils.events]:  eta: 1:53:49  iter: 9019  total_loss: 0.03028  time: 0.6222  data_time: 0.0057  lr: 0.00011535  max_mem: 16029M
[12/10 01:28:59 d2.utils.events]:  eta: 1:53:36  iter: 9039  total_loss: 0.0276  time: 0.6222  data_time: 0.0056  lr: 0.00011504  max_mem: 16029M
[12/10 01:29:12 d2.utils.events]:  eta: 1:53:24  iter: 9059  total_loss: 0.033  time: 0.6222  data_time: 0.0055  lr: 0.00011473  max_mem: 16029M
[12/10 01:29:24 d2.utils.events]:  eta: 1:53:12  iter: 9079  total_loss: 0.02896  time: 0.6222  data_time: 0.0056  lr: 0.00011442  max_mem: 16029M
[12/10 01:29:37 d2.utils.events]:  eta: 1:53:00  iter: 9099  total_loss: 0.03111  time: 0.6222  data_time: 0.0054  lr: 0.00011411  max_mem: 16029M
[12/10 01:29:49 d2.utils.events]:  eta: 1:52:47  iter: 9119  total_loss: 0.02922  time: 0.6222  data_time: 0.0053  lr: 0.00011379  max_mem: 16029M
[12/10 01:30:02 d2.utils.events]:  eta: 1:52:35  iter: 9139  total_loss: 0.0277  time: 0.6222  data_time: 0.0056  lr: 0.00011348  max_mem: 16029M
[12/10 01:30:14 d2.utils.events]:  eta: 1:52:23  iter: 9159  total_loss: 0.02762  time: 0.6222  data_time: 0.0057  lr: 0.00011317  max_mem: 16029M
[12/10 01:30:27 d2.utils.events]:  eta: 1:52:10  iter: 9179  total_loss: 0.0271  time: 0.6222  data_time: 0.0054  lr: 0.00011286  max_mem: 16029M
[12/10 01:30:39 d2.utils.events]:  eta: 1:51:58  iter: 9199  total_loss: 0.03128  time: 0.6222  data_time: 0.0056  lr: 0.00011255  max_mem: 16029M
[12/10 01:30:52 d2.utils.events]:  eta: 1:51:45  iter: 9219  total_loss: 0.02946  time: 0.6222  data_time: 0.0056  lr: 0.00011224  max_mem: 16029M
[12/10 01:31:04 d2.utils.events]:  eta: 1:51:33  iter: 9239  total_loss: 0.02963  time: 0.6222  data_time: 0.0058  lr: 0.00011193  max_mem: 16029M
[12/10 01:31:17 d2.utils.events]:  eta: 1:51:20  iter: 9259  total_loss: 0.0289  time: 0.6222  data_time: 0.0056  lr: 0.00011161  max_mem: 16029M
[12/10 01:31:29 d2.utils.events]:  eta: 1:51:08  iter: 9279  total_loss: 0.02967  time: 0.6222  data_time: 0.0053  lr: 0.0001113  max_mem: 16029M
[12/10 01:31:42 d2.utils.events]:  eta: 1:50:55  iter: 9299  total_loss: 0.03322  time: 0.6222  data_time: 0.0056  lr: 0.00011099  max_mem: 16029M
[12/10 01:31:54 d2.utils.events]:  eta: 1:50:42  iter: 9319  total_loss: 0.0259  time: 0.6222  data_time: 0.0053  lr: 0.00011068  max_mem: 16029M
[12/10 01:32:07 d2.utils.events]:  eta: 1:50:30  iter: 9339  total_loss: 0.02888  time: 0.6222  data_time: 0.0054  lr: 0.00011036  max_mem: 16029M
[12/10 01:32:19 d2.utils.events]:  eta: 1:50:17  iter: 9359  total_loss: 0.03102  time: 0.6222  data_time: 0.0055  lr: 0.00011005  max_mem: 16029M
[12/10 01:32:32 d2.utils.events]:  eta: 1:50:04  iter: 9379  total_loss: 0.02737  time: 0.6222  data_time: 0.0056  lr: 0.00010974  max_mem: 16029M
[12/10 01:32:44 d2.utils.events]:  eta: 1:49:51  iter: 9399  total_loss: 0.03421  time: 0.6222  data_time: 0.0055  lr: 0.00010943  max_mem: 16029M
[12/10 01:32:57 d2.utils.events]:  eta: 1:49:38  iter: 9419  total_loss: 0.02824  time: 0.6222  data_time: 0.0057  lr: 0.00010911  max_mem: 16029M
[12/10 01:33:09 d2.utils.events]:  eta: 1:49:27  iter: 9439  total_loss: 0.03262  time: 0.6222  data_time: 0.0057  lr: 0.0001088  max_mem: 16029M
[12/10 01:33:22 d2.utils.events]:  eta: 1:49:15  iter: 9459  total_loss: 0.0263  time: 0.6222  data_time: 0.0056  lr: 0.00010849  max_mem: 16029M
[12/10 01:33:34 d2.utils.events]:  eta: 1:49:02  iter: 9479  total_loss: 0.02873  time: 0.6222  data_time: 0.0055  lr: 0.00010817  max_mem: 16029M
[12/10 01:33:47 d2.utils.events]:  eta: 1:48:49  iter: 9499  total_loss: 0.03496  time: 0.6222  data_time: 0.0055  lr: 0.00010786  max_mem: 16029M
[12/10 01:33:59 d2.utils.events]:  eta: 1:48:36  iter: 9519  total_loss: 0.02787  time: 0.6222  data_time: 0.0057  lr: 0.00010755  max_mem: 16029M
[12/10 01:34:12 d2.utils.events]:  eta: 1:48:23  iter: 9539  total_loss: 0.02912  time: 0.6222  data_time: 0.0055  lr: 0.00010724  max_mem: 16029M
[12/10 01:34:24 d2.utils.events]:  eta: 1:48:11  iter: 9559  total_loss: 0.02842  time: 0.6222  data_time: 0.0054  lr: 0.00010692  max_mem: 16029M
[12/10 01:34:37 d2.utils.events]:  eta: 1:47:59  iter: 9579  total_loss: 0.02922  time: 0.6222  data_time: 0.0061  lr: 0.00010661  max_mem: 16029M
[12/10 01:34:49 d2.utils.events]:  eta: 1:47:47  iter: 9599  total_loss: 0.03226  time: 0.6222  data_time: 0.0056  lr: 0.00010629  max_mem: 16029M
[12/10 01:35:02 d2.utils.events]:  eta: 1:47:34  iter: 9619  total_loss: 0.02502  time: 0.6222  data_time: 0.0058  lr: 0.00010598  max_mem: 16029M
[12/10 01:35:17 d2.utils.events]:  eta: 1:47:21  iter: 9639  total_loss: 0.02655  time: 0.6222  data_time: 0.0054  lr: 0.00010567  max_mem: 16029M
[12/10 01:35:29 d2.utils.events]:  eta: 1:47:09  iter: 9659  total_loss: 0.03114  time: 0.6222  data_time: 0.0057  lr: 0.00010535  max_mem: 16029M
[12/10 01:35:42 d2.utils.events]:  eta: 1:46:57  iter: 9679  total_loss: 0.03156  time: 0.6222  data_time: 0.0058  lr: 0.00010504  max_mem: 16029M
[12/10 01:35:54 d2.utils.events]:  eta: 1:46:46  iter: 9699  total_loss: 0.02863  time: 0.6222  data_time: 0.0059  lr: 0.00010473  max_mem: 16029M
[12/10 01:36:07 d2.utils.events]:  eta: 1:46:33  iter: 9719  total_loss: 0.02559  time: 0.6222  data_time: 0.0057  lr: 0.00010441  max_mem: 16029M
[12/10 01:36:19 d2.utils.events]:  eta: 1:46:21  iter: 9739  total_loss: 0.03181  time: 0.6222  data_time: 0.0058  lr: 0.0001041  max_mem: 16029M
[12/10 01:36:32 d2.utils.events]:  eta: 1:46:09  iter: 9759  total_loss: 0.02504  time: 0.6222  data_time: 0.0057  lr: 0.00010378  max_mem: 16029M
[12/10 01:36:44 d2.utils.events]:  eta: 1:45:56  iter: 9779  total_loss: 0.02707  time: 0.6222  data_time: 0.0058  lr: 0.00010347  max_mem: 16029M
[12/10 01:36:57 d2.utils.events]:  eta: 1:45:44  iter: 9799  total_loss: 0.03017  time: 0.6223  data_time: 0.0060  lr: 0.00010316  max_mem: 16029M
[12/10 01:37:09 d2.utils.events]:  eta: 1:45:32  iter: 9819  total_loss: 0.03197  time: 0.6223  data_time: 0.0055  lr: 0.00010284  max_mem: 16029M
[12/10 01:37:22 d2.utils.events]:  eta: 1:45:19  iter: 9839  total_loss: 0.02847  time: 0.6223  data_time: 0.0056  lr: 0.00010253  max_mem: 16029M
[12/10 01:37:34 d2.utils.events]:  eta: 1:45:07  iter: 9859  total_loss: 0.02948  time: 0.6223  data_time: 0.0055  lr: 0.00010221  max_mem: 16029M
[12/10 01:37:47 d2.utils.events]:  eta: 1:44:54  iter: 9879  total_loss: 0.02725  time: 0.6223  data_time: 0.0056  lr: 0.0001019  max_mem: 16029M
[12/10 01:37:59 d2.utils.events]:  eta: 1:44:42  iter: 9899  total_loss: 0.02806  time: 0.6223  data_time: 0.0055  lr: 0.00010159  max_mem: 16029M
[12/10 01:38:12 d2.utils.events]:  eta: 1:44:30  iter: 9919  total_loss: 0.02764  time: 0.6223  data_time: 0.0060  lr: 0.00010127  max_mem: 16029M
[12/10 01:38:24 d2.utils.events]:  eta: 1:44:17  iter: 9939  total_loss: 0.02944  time: 0.6223  data_time: 0.0057  lr: 0.00010096  max_mem: 16029M
[12/10 01:38:37 d2.utils.events]:  eta: 1:44:05  iter: 9959  total_loss: 0.02985  time: 0.6223  data_time: 0.0057  lr: 0.00010064  max_mem: 16029M
[12/10 01:38:49 d2.utils.events]:  eta: 1:43:53  iter: 9979  total_loss: 0.02373  time: 0.6223  data_time: 0.0060  lr: 0.00010033  max_mem: 16029M
[12/10 01:39:02 fvcore.common.checkpoint]: Saving checkpoint to outputs/gta_seen7_eva_L14_r448/model_0009999.pth
[12/10 01:39:04 d2.data.dataset_mapper]: [DatasetMapper] Augmentations used in inference: [ResizeShortestEdge(short_edge_length=(448, 448), max_size=1008, sample_style='choice')]
[12/10 01:39:04 d2.data.common]: Serializing 998 elements to byte tensors and concatenating them all ...
[12/10 01:39:04 d2.data.common]: Serialized dataset takes 0.27 MiB
[12/10 01:39:04 d2.evaluation.evaluator]: Start inference on 998 batches
[12/10 01:39:09 d2.evaluation.evaluator]: Inference done 11/998. Dataloading: 0.0006 s/iter. Inference: 0.1582 s/iter. Eval: 0.1636 s/iter. Total: 0.3224 s/iter. ETA=0:05:18
[12/10 01:39:15 d2.evaluation.evaluator]: Inference done 24/998. Dataloading: 0.0011 s/iter. Inference: 0.1584 s/iter. Eval: 0.2089 s/iter. Total: 0.3685 s/iter. ETA=0:05:58
[12/10 01:39:20 d2.evaluation.evaluator]: Inference done 39/998. Dataloading: 0.0014 s/iter. Inference: 0.1588 s/iter. Eval: 0.1979 s/iter. Total: 0.3581 s/iter. ETA=0:05:43
[12/10 01:39:25 d2.evaluation.evaluator]: Inference done 54/998. Dataloading: 0.0015 s/iter. Inference: 0.1590 s/iter. Eval: 0.1927 s/iter. Total: 0.3533 s/iter. ETA=0:05:33
[12/10 01:39:30 d2.evaluation.evaluator]: Inference done 69/998. Dataloading: 0.0015 s/iter. Inference: 0.1592 s/iter. Eval: 0.1908 s/iter. Total: 0.3516 s/iter. ETA=0:05:26
[12/10 01:39:35 d2.evaluation.evaluator]: Inference done 84/998. Dataloading: 0.0016 s/iter. Inference: 0.1592 s/iter. Eval: 0.1890 s/iter. Total: 0.3498 s/iter. ETA=0:05:19
[12/10 01:39:40 d2.evaluation.evaluator]: Inference done 99/998. Dataloading: 0.0016 s/iter. Inference: 0.1591 s/iter. Eval: 0.1882 s/iter. Total: 0.3489 s/iter. ETA=0:05:13
[12/10 01:39:46 d2.evaluation.evaluator]: Inference done 114/998. Dataloading: 0.0016 s/iter. Inference: 0.1591 s/iter. Eval: 0.1876 s/iter. Total: 0.3484 s/iter. ETA=0:05:07
[12/10 01:39:51 d2.evaluation.evaluator]: Inference done 129/998. Dataloading: 0.0016 s/iter. Inference: 0.1590 s/iter. Eval: 0.1878 s/iter. Total: 0.3485 s/iter. ETA=0:05:02
[12/10 01:39:56 d2.evaluation.evaluator]: Inference done 144/998. Dataloading: 0.0016 s/iter. Inference: 0.1589 s/iter. Eval: 0.1871 s/iter. Total: 0.3478 s/iter. ETA=0:04:56
[12/10 01:40:01 d2.evaluation.evaluator]: Inference done 159/998. Dataloading: 0.0016 s/iter. Inference: 0.1589 s/iter. Eval: 0.1858 s/iter. Total: 0.3463 s/iter. ETA=0:04:50
[12/10 01:40:06 d2.evaluation.evaluator]: Inference done 174/998. Dataloading: 0.0016 s/iter. Inference: 0.1588 s/iter. Eval: 0.1851 s/iter. Total: 0.3456 s/iter. ETA=0:04:44
[12/10 01:40:11 d2.evaluation.evaluator]: Inference done 189/998. Dataloading: 0.0017 s/iter. Inference: 0.1587 s/iter. Eval: 0.1856 s/iter. Total: 0.3461 s/iter. ETA=0:04:39
[12/10 01:40:16 d2.evaluation.evaluator]: Inference done 204/998. Dataloading: 0.0017 s/iter. Inference: 0.1586 s/iter. Eval: 0.1856 s/iter. Total: 0.3460 s/iter. ETA=0:04:34
[12/10 01:40:21 d2.evaluation.evaluator]: Inference done 219/998. Dataloading: 0.0017 s/iter. Inference: 0.1586 s/iter. Eval: 0.1853 s/iter. Total: 0.3456 s/iter. ETA=0:04:29
[12/10 01:40:26 d2.evaluation.evaluator]: Inference done 234/998. Dataloading: 0.0017 s/iter. Inference: 0.1586 s/iter. Eval: 0.1845 s/iter. Total: 0.3448 s/iter. ETA=0:04:23
[12/10 01:40:32 d2.evaluation.evaluator]: Inference done 250/998. Dataloading: 0.0017 s/iter. Inference: 0.1585 s/iter. Eval: 0.1831 s/iter. Total: 0.3434 s/iter. ETA=0:04:16
[12/10 01:40:37 d2.evaluation.evaluator]: Inference done 266/998. Dataloading: 0.0017 s/iter. Inference: 0.1584 s/iter. Eval: 0.1819 s/iter. Total: 0.3421 s/iter. ETA=0:04:10
[12/10 01:40:42 d2.evaluation.evaluator]: Inference done 282/998. Dataloading: 0.0017 s/iter. Inference: 0.1590 s/iter. Eval: 0.1804 s/iter. Total: 0.3412 s/iter. ETA=0:04:04
[12/10 01:40:47 d2.evaluation.evaluator]: Inference done 298/998. Dataloading: 0.0017 s/iter. Inference: 0.1589 s/iter. Eval: 0.1794 s/iter. Total: 0.3400 s/iter. ETA=0:03:58
[12/10 01:40:52 d2.evaluation.evaluator]: Inference done 314/998. Dataloading: 0.0017 s/iter. Inference: 0.1589 s/iter. Eval: 0.1784 s/iter. Total: 0.3390 s/iter. ETA=0:03:51
[12/10 01:40:57 d2.evaluation.evaluator]: Inference done 330/998. Dataloading: 0.0017 s/iter. Inference: 0.1588 s/iter. Eval: 0.1778 s/iter. Total: 0.3384 s/iter. ETA=0:03:46
[12/10 01:41:03 d2.evaluation.evaluator]: Inference done 345/998. Dataloading: 0.0017 s/iter. Inference: 0.1588 s/iter. Eval: 0.1778 s/iter. Total: 0.3383 s/iter. ETA=0:03:40
[12/10 01:41:08 d2.evaluation.evaluator]: Inference done 361/998. Dataloading: 0.0017 s/iter. Inference: 0.1587 s/iter. Eval: 0.1776 s/iter. Total: 0.3381 s/iter. ETA=0:03:35
[12/10 01:41:13 d2.evaluation.evaluator]: Inference done 377/998. Dataloading: 0.0017 s/iter. Inference: 0.1587 s/iter. Eval: 0.1770 s/iter. Total: 0.3374 s/iter. ETA=0:03:29
[12/10 01:41:18 d2.evaluation.evaluator]: Inference done 393/998. Dataloading: 0.0017 s/iter. Inference: 0.1587 s/iter. Eval: 0.1765 s/iter. Total: 0.3370 s/iter. ETA=0:03:23
[12/10 01:41:23 d2.evaluation.evaluator]: Inference done 409/998. Dataloading: 0.0017 s/iter. Inference: 0.1587 s/iter. Eval: 0.1758 s/iter. Total: 0.3363 s/iter. ETA=0:03:18
[12/10 01:41:28 d2.evaluation.evaluator]: Inference done 425/998. Dataloading: 0.0017 s/iter. Inference: 0.1587 s/iter. Eval: 0.1752 s/iter. Total: 0.3356 s/iter. ETA=0:03:12
[12/10 01:41:34 d2.evaluation.evaluator]: Inference done 440/998. Dataloading: 0.0017 s/iter. Inference: 0.1587 s/iter. Eval: 0.1752 s/iter. Total: 0.3357 s/iter. ETA=0:03:07
[12/10 01:41:39 d2.evaluation.evaluator]: Inference done 457/998. Dataloading: 0.0017 s/iter. Inference: 0.1587 s/iter. Eval: 0.1743 s/iter. Total: 0.3348 s/iter. ETA=0:03:01
[12/10 01:41:44 d2.evaluation.evaluator]: Inference done 473/998. Dataloading: 0.0017 s/iter. Inference: 0.1587 s/iter. Eval: 0.1741 s/iter. Total: 0.3346 s/iter. ETA=0:02:55
[12/10 01:41:49 d2.evaluation.evaluator]: Inference done 489/998. Dataloading: 0.0017 s/iter. Inference: 0.1587 s/iter. Eval: 0.1738 s/iter. Total: 0.3343 s/iter. ETA=0:02:50
[12/10 01:41:55 d2.evaluation.evaluator]: Inference done 505/998. Dataloading: 0.0017 s/iter. Inference: 0.1587 s/iter. Eval: 0.1736 s/iter. Total: 0.3341 s/iter. ETA=0:02:44
[12/10 01:42:00 d2.evaluation.evaluator]: Inference done 521/998. Dataloading: 0.0017 s/iter. Inference: 0.1588 s/iter. Eval: 0.1730 s/iter. Total: 0.3336 s/iter. ETA=0:02:39
[12/10 01:42:05 d2.evaluation.evaluator]: Inference done 537/998. Dataloading: 0.0017 s/iter. Inference: 0.1589 s/iter. Eval: 0.1727 s/iter. Total: 0.3334 s/iter. ETA=0:02:33
[12/10 01:42:10 d2.evaluation.evaluator]: Inference done 552/998. Dataloading: 0.0017 s/iter. Inference: 0.1589 s/iter. Eval: 0.1728 s/iter. Total: 0.3335 s/iter. ETA=0:02:28
[12/10 01:42:15 d2.evaluation.evaluator]: Inference done 568/998. Dataloading: 0.0017 s/iter. Inference: 0.1589 s/iter. Eval: 0.1725 s/iter. Total: 0.3332 s/iter. ETA=0:02:23
[12/10 01:42:20 d2.evaluation.evaluator]: Inference done 584/998. Dataloading: 0.0017 s/iter. Inference: 0.1590 s/iter. Eval: 0.1725 s/iter. Total: 0.3332 s/iter. ETA=0:02:17
[12/10 01:42:26 d2.evaluation.evaluator]: Inference done 600/998. Dataloading: 0.0017 s/iter. Inference: 0.1590 s/iter. Eval: 0.1724 s/iter. Total: 0.3331 s/iter. ETA=0:02:12
[12/10 01:42:31 d2.evaluation.evaluator]: Inference done 615/998. Dataloading: 0.0017 s/iter. Inference: 0.1590 s/iter. Eval: 0.1726 s/iter. Total: 0.3333 s/iter. ETA=0:02:07
[12/10 01:42:36 d2.evaluation.evaluator]: Inference done 630/998. Dataloading: 0.0017 s/iter. Inference: 0.1590 s/iter. Eval: 0.1726 s/iter. Total: 0.3333 s/iter. ETA=0:02:02
[12/10 01:42:41 d2.evaluation.evaluator]: Inference done 646/998. Dataloading: 0.0017 s/iter. Inference: 0.1590 s/iter. Eval: 0.1725 s/iter. Total: 0.3333 s/iter. ETA=0:01:57
[12/10 01:42:46 d2.evaluation.evaluator]: Inference done 661/998. Dataloading: 0.0017 s/iter. Inference: 0.1590 s/iter. Eval: 0.1725 s/iter. Total: 0.3333 s/iter. ETA=0:01:52
[12/10 01:42:51 d2.evaluation.evaluator]: Inference done 676/998. Dataloading: 0.0017 s/iter. Inference: 0.1590 s/iter. Eval: 0.1726 s/iter. Total: 0.3334 s/iter. ETA=0:01:47
[12/10 01:42:56 d2.evaluation.evaluator]: Inference done 691/998. Dataloading: 0.0017 s/iter. Inference: 0.1591 s/iter. Eval: 0.1728 s/iter. Total: 0.3336 s/iter. ETA=0:01:42
[12/10 01:43:02 d2.evaluation.evaluator]: Inference done 707/998. Dataloading: 0.0017 s/iter. Inference: 0.1591 s/iter. Eval: 0.1726 s/iter. Total: 0.3336 s/iter. ETA=0:01:37
[12/10 01:43:07 d2.evaluation.evaluator]: Inference done 723/998. Dataloading: 0.0017 s/iter. Inference: 0.1592 s/iter. Eval: 0.1725 s/iter. Total: 0.3335 s/iter. ETA=0:01:31
[12/10 01:43:12 d2.evaluation.evaluator]: Inference done 739/998. Dataloading: 0.0017 s/iter. Inference: 0.1592 s/iter. Eval: 0.1723 s/iter. Total: 0.3333 s/iter. ETA=0:01:26
[12/10 01:43:17 d2.evaluation.evaluator]: Inference done 755/998. Dataloading: 0.0017 s/iter. Inference: 0.1592 s/iter. Eval: 0.1721 s/iter. Total: 0.3331 s/iter. ETA=0:01:20
[12/10 01:43:23 d2.evaluation.evaluator]: Inference done 771/998. Dataloading: 0.0017 s/iter. Inference: 0.1593 s/iter. Eval: 0.1718 s/iter. Total: 0.3329 s/iter. ETA=0:01:15
[12/10 01:43:28 d2.evaluation.evaluator]: Inference done 787/998. Dataloading: 0.0017 s/iter. Inference: 0.1593 s/iter. Eval: 0.1715 s/iter. Total: 0.3326 s/iter. ETA=0:01:10
[12/10 01:43:33 d2.evaluation.evaluator]: Inference done 803/998. Dataloading: 0.0017 s/iter. Inference: 0.1594 s/iter. Eval: 0.1713 s/iter. Total: 0.3324 s/iter. ETA=0:01:04
[12/10 01:43:38 d2.evaluation.evaluator]: Inference done 819/998. Dataloading: 0.0017 s/iter. Inference: 0.1594 s/iter. Eval: 0.1712 s/iter. Total: 0.3324 s/iter. ETA=0:00:59
[12/10 01:43:43 d2.evaluation.evaluator]: Inference done 835/998. Dataloading: 0.0017 s/iter. Inference: 0.1594 s/iter. Eval: 0.1710 s/iter. Total: 0.3323 s/iter. ETA=0:00:54
[12/10 01:43:48 d2.evaluation.evaluator]: Inference done 850/998. Dataloading: 0.0017 s/iter. Inference: 0.1595 s/iter. Eval: 0.1711 s/iter. Total: 0.3324 s/iter. ETA=0:00:49
[12/10 01:43:54 d2.evaluation.evaluator]: Inference done 866/998. Dataloading: 0.0017 s/iter. Inference: 0.1595 s/iter. Eval: 0.1709 s/iter. Total: 0.3323 s/iter. ETA=0:00:43
[12/10 01:43:59 d2.evaluation.evaluator]: Inference done 882/998. Dataloading: 0.0017 s/iter. Inference: 0.1595 s/iter. Eval: 0.1707 s/iter. Total: 0.3320 s/iter. ETA=0:00:38
[12/10 01:44:04 d2.evaluation.evaluator]: Inference done 898/998. Dataloading: 0.0017 s/iter. Inference: 0.1595 s/iter. Eval: 0.1706 s/iter. Total: 0.3319 s/iter. ETA=0:00:33
[12/10 01:44:09 d2.evaluation.evaluator]: Inference done 914/998. Dataloading: 0.0017 s/iter. Inference: 0.1595 s/iter. Eval: 0.1705 s/iter. Total: 0.3318 s/iter. ETA=0:00:27
[12/10 01:44:14 d2.evaluation.evaluator]: Inference done 930/998. Dataloading: 0.0017 s/iter. Inference: 0.1595 s/iter. Eval: 0.1705 s/iter. Total: 0.3318 s/iter. ETA=0:00:22
[12/10 01:44:19 d2.evaluation.evaluator]: Inference done 945/998. Dataloading: 0.0017 s/iter. Inference: 0.1595 s/iter. Eval: 0.1705 s/iter. Total: 0.3318 s/iter. ETA=0:00:17
[12/10 01:44:25 d2.evaluation.evaluator]: Inference done 961/998. Dataloading: 0.0017 s/iter. Inference: 0.1595 s/iter. Eval: 0.1703 s/iter. Total: 0.3316 s/iter. ETA=0:00:12
[12/10 01:44:30 d2.evaluation.evaluator]: Inference done 977/998. Dataloading: 0.0017 s/iter. Inference: 0.1595 s/iter. Eval: 0.1702 s/iter. Total: 0.3315 s/iter. ETA=0:00:06
[12/10 01:44:35 d2.evaluation.evaluator]: Inference done 993/998. Dataloading: 0.0017 s/iter. Inference: 0.1595 s/iter. Eval: 0.1701 s/iter. Total: 0.3314 s/iter. ETA=0:00:01
[12/10 01:44:37 d2.evaluation.evaluator]: Total inference time: 0:05:29.149946 (0.331470 s / iter per device, on 1 devices)
[12/10 01:44:37 d2.evaluation.evaluator]: Total inference pure compute time: 0:02:38 (0.159458 s / iter per device, on 1 devices)
[12/10 01:44:37 d2.evaluation.sem_seg_evaluation]: OrderedDict([('sem_seg', {'mIoU': 56.68064477723983, 'fwIoU': 75.90176412032619, 'IoU-road': 82.93803184371743, 'IoU-sidewalk': 41.798125275832625, 'IoU-building': 83.54158644831074, 'IoU-wall': 46.18646925207732, 'IoU-fence': 24.11424781141739, 'IoU-pole': 23.922243813386775, 'IoU-traffic light': 33.83870128609319, 'IoU-traffic sign': 35.13785748107233, 'IoU-vegetation': 73.39690345852065, 'IoU-terrain': 24.393510297336057, 'IoU-sky': 86.48285150616759, 'IoU-person': 46.87459246949429, 'IoU-rider': 6.200744410680078, 'IoU-car': 76.53910337156825, 'IoU-truck': 55.908733847406964, 'IoU-bus': 23.563066386508105, 'IoU-train': 1.8118281734190753, 'IoU-motorcycle': 30.9208606821985, 'IoU-bicycle': 3.0775682451431434, 'IoU-bag': 69.69054654949811, 'IoU-ball': 81.88889496105573, 'IoU-barrel': 84.0532393110303, 'IoU-bench': 8.337244572124582, 'IoU-bird': 75.98242229915306, 'IoU-bottle': 89.74809834261788, 'IoU-cart': 58.77475902544804, 'IoU-cat': 81.16018114437789, 'IoU-chair': 68.24813327334194, 'IoU-cow': 63.46117844672566, 'IoU-deer': 59.271042888779945, 'IoU-dog': 71.09674665251224, 'IoU-drone': 60.446523351039694, 'IoU-elephant': 84.87679968774985, 'IoU-hat': 83.68528233328277, 'IoU-horse': 71.93437048398707, 'IoU-robot': 78.29774911307757, 'IoU-sheep': 53.05015231661048, 'IoU-table': 55.11078405488553, 'IoU-toy': 62.03416205001117, 'IoU-umbrella': 86.44912424981153, 'IoU-zebra': 75.6619746993613, 'mACC': 76.17174511224935, 'pACC': 85.03964376359544, 'ACC-road': 94.27456053183076, 'ACC-sidewalk': 48.2656148202108, 'ACC-building': 94.35829122152748, 'ACC-wall': 60.09190942871189, 'ACC-fence': 32.26839653381943, 'ACC-pole': 47.37514281202033, 'ACC-traffic light': 58.22459571235177, 'ACC-traffic sign': 57.57784321871616, 'ACC-vegetation': 79.55303841074485, 'ACC-terrain': 29.900467329334717, 'ACC-sky': 92.53944249282553, 'ACC-person': 59.27250240639638, 'ACC-rider': 15.404424516401557, 'ACC-car': 85.25970209872403, 'ACC-truck': 92.65831838134488, 'ACC-bus': 92.59475679090335, 'ACC-train': 2.0077230325812288, 'ACC-motorcycle': 47.66523952604036, 'ACC-bicycle': 53.18391866103332, 'ACC-bag': 95.91341761217336, 'ACC-ball': 97.79194908274985, 'ACC-barrel': 94.45750900934028, 'ACC-bench': 85.57753918934475, 'ACC-bird': 93.41242320304549, 'ACC-bottle': 97.5918288756644, 'ACC-cart': 91.58590499741024, 'ACC-cat': 95.6487388151979, 'ACC-chair': 91.28025612753443, 'ACC-cow': 96.13350255048546, 'ACC-deer': 87.62360648526885, 'ACC-dog': 94.00756627108305, 'ACC-drone': 84.6332264615522, 'ACC-elephant': 96.57707315937543, 'ACC-hat': 94.17456211175008, 'ACC-horse': 97.06228763652695, 'ACC-robot': 95.09148667214258, 'ACC-sheep': 73.73783191276993, 'ACC-table': 65.80388263990896, 'ACC-toy': 66.98465711225953, 'ACC-umbrella': 96.24010980963831, 'ACC-zebra': 89.23630194148275})])
[12/10 01:44:37 d2.engine.defaults]: Evaluation results for acdc_inpaint41_test in csv format:
[12/10 01:44:37 d2.evaluation.testing]: copypaste: Task: sem_seg
[12/10 01:44:37 d2.evaluation.testing]: copypaste: mIoU,fwIoU,mACC,pACC
[12/10 01:44:37 d2.evaluation.testing]: copypaste: 56.6806,75.9018,76.1717,85.0396
[12/10 01:44:37 d2.utils.events]:  eta: 1:43:40  iter: 9999  total_loss: 0.02765  time: 0.6223  data_time: 0.0053  lr: 0.00010002  max_mem: 3953M
[12/10 01:44:50 d2.utils.events]:  eta: 1:43:28  iter: 10019  total_loss: 0.02835  time: 0.6223  data_time: 0.0056  lr: 9.9702e-05  max_mem: 11599M
[12/10 01:45:02 d2.utils.events]:  eta: 1:43:15  iter: 10039  total_loss: 0.02386  time: 0.6223  data_time: 0.0055  lr: 9.9387e-05  max_mem: 11599M
[12/10 01:45:15 d2.utils.events]:  eta: 1:43:03  iter: 10059  total_loss: 0.02699  time: 0.6223  data_time: 0.0059  lr: 9.9073e-05  max_mem: 11599M
[12/10 01:45:27 d2.utils.events]:  eta: 1:42:51  iter: 10079  total_loss: 0.02528  time: 0.6223  data_time: 0.0059  lr: 9.8759e-05  max_mem: 11599M
[12/10 01:45:40 d2.utils.events]:  eta: 1:42:39  iter: 10099  total_loss: 0.02894  time: 0.6223  data_time: 0.0057  lr: 9.8445e-05  max_mem: 11599M
[12/10 01:45:53 d2.utils.events]:  eta: 1:42:27  iter: 10119  total_loss: 0.02685  time: 0.6223  data_time: 0.0059  lr: 9.8131e-05  max_mem: 11599M
[12/10 01:46:05 d2.utils.events]:  eta: 1:42:16  iter: 10139  total_loss: 0.02947  time: 0.6223  data_time: 0.0056  lr: 9.7817e-05  max_mem: 11599M
[12/10 01:46:18 d2.utils.events]:  eta: 1:42:05  iter: 10159  total_loss: 0.02887  time: 0.6224  data_time: 0.0055  lr: 9.7503e-05  max_mem: 11599M
[12/10 01:46:30 d2.utils.events]:  eta: 1:41:52  iter: 10179  total_loss: 0.03485  time: 0.6224  data_time: 0.0053  lr: 9.7189e-05  max_mem: 11599M
[12/10 01:46:43 d2.utils.events]:  eta: 1:41:40  iter: 10199  total_loss: 0.03212  time: 0.6224  data_time: 0.0054  lr: 9.6875e-05  max_mem: 11599M
[12/10 01:46:55 d2.utils.events]:  eta: 1:41:28  iter: 10219  total_loss: 0.02959  time: 0.6224  data_time: 0.0054  lr: 9.6561e-05  max_mem: 11599M
[12/10 01:47:08 d2.utils.events]:  eta: 1:41:16  iter: 10239  total_loss: 0.02588  time: 0.6224  data_time: 0.0055  lr: 9.6247e-05  max_mem: 11599M
[12/10 01:47:20 d2.utils.events]:  eta: 1:41:04  iter: 10259  total_loss: 0.02867  time: 0.6224  data_time: 0.0056  lr: 9.5933e-05  max_mem: 11599M
[12/10 01:47:33 d2.utils.events]:  eta: 1:40:53  iter: 10279  total_loss: 0.02951  time: 0.6224  data_time: 0.0056  lr: 9.5619e-05  max_mem: 11599M
[12/10 01:47:46 d2.utils.events]:  eta: 1:40:42  iter: 10299  total_loss: 0.03338  time: 0.6224  data_time: 0.0056  lr: 9.5305e-05  max_mem: 11599M
[12/10 01:47:58 d2.utils.events]:  eta: 1:40:30  iter: 10319  total_loss: 0.02736  time: 0.6224  data_time: 0.0055  lr: 9.4991e-05  max_mem: 11599M
[12/10 01:48:11 d2.utils.events]:  eta: 1:40:19  iter: 10339  total_loss: 0.02967  time: 0.6224  data_time: 0.0059  lr: 9.4678e-05  max_mem: 11599M
[12/10 01:48:23 d2.utils.events]:  eta: 1:40:08  iter: 10359  total_loss: 0.03014  time: 0.6224  data_time: 0.0056  lr: 9.4364e-05  max_mem: 11599M
[12/10 01:48:36 d2.utils.events]:  eta: 1:39:56  iter: 10379  total_loss: 0.02643  time: 0.6224  data_time: 0.0056  lr: 9.405e-05  max_mem: 11599M
[12/10 01:48:49 d2.utils.events]:  eta: 1:39:46  iter: 10399  total_loss: 0.03013  time: 0.6225  data_time: 0.0057  lr: 9.3737e-05  max_mem: 11599M
[12/10 01:49:01 d2.utils.events]:  eta: 1:39:36  iter: 10419  total_loss: 0.02967  time: 0.6225  data_time: 0.0058  lr: 9.3423e-05  max_mem: 11599M
[12/10 01:49:14 d2.utils.events]:  eta: 1:39:25  iter: 10439  total_loss: 0.02709  time: 0.6225  data_time: 0.0055  lr: 9.311e-05  max_mem: 11599M
[12/10 01:49:26 d2.utils.events]:  eta: 1:39:13  iter: 10459  total_loss: 0.03088  time: 0.6225  data_time: 0.0055  lr: 9.2796e-05  max_mem: 11599M
[12/10 01:49:39 d2.utils.events]:  eta: 1:39:02  iter: 10479  total_loss: 0.02499  time: 0.6225  data_time: 0.0056  lr: 9.2483e-05  max_mem: 11599M
[12/10 01:49:52 d2.utils.events]:  eta: 1:38:51  iter: 10499  total_loss: 0.02318  time: 0.6225  data_time: 0.0055  lr: 9.217e-05  max_mem: 11599M
[12/10 01:50:04 d2.utils.events]:  eta: 1:38:40  iter: 10519  total_loss: 0.02879  time: 0.6225  data_time: 0.0056  lr: 9.1857e-05  max_mem: 11599M
[12/10 01:50:17 d2.utils.events]:  eta: 1:38:29  iter: 10539  total_loss: 0.02671  time: 0.6225  data_time: 0.0056  lr: 9.1544e-05  max_mem: 11599M
[12/10 01:50:29 d2.utils.events]:  eta: 1:38:17  iter: 10559  total_loss: 0.02653  time: 0.6225  data_time: 0.0057  lr: 9.1231e-05  max_mem: 11599M
[12/10 01:50:42 d2.utils.events]:  eta: 1:38:05  iter: 10579  total_loss: 0.0306  time: 0.6225  data_time: 0.0054  lr: 9.0918e-05  max_mem: 11599M
[12/10 01:50:55 d2.utils.events]:  eta: 1:37:53  iter: 10599  total_loss: 0.02999  time: 0.6226  data_time: 0.0056  lr: 9.0605e-05  max_mem: 11599M
[12/10 01:51:07 d2.utils.events]:  eta: 1:37:41  iter: 10619  total_loss: 0.02961  time: 0.6226  data_time: 0.0055  lr: 9.0292e-05  max_mem: 11599M
[12/10 01:51:20 d2.utils.events]:  eta: 1:37:30  iter: 10639  total_loss: 0.02574  time: 0.6226  data_time: 0.0056  lr: 8.9979e-05  max_mem: 11599M
[12/10 01:51:33 d2.utils.events]:  eta: 1:37:19  iter: 10659  total_loss: 0.03164  time: 0.6226  data_time: 0.0054  lr: 8.9667e-05  max_mem: 11599M
[12/10 01:51:45 d2.utils.events]:  eta: 1:37:07  iter: 10679  total_loss: 0.02481  time: 0.6226  data_time: 0.0057  lr: 8.9355e-05  max_mem: 11599M
[12/10 01:51:58 d2.utils.events]:  eta: 1:36:55  iter: 10699  total_loss: 0.02905  time: 0.6226  data_time: 0.0059  lr: 8.9042e-05  max_mem: 11599M
[12/10 01:52:10 d2.utils.events]:  eta: 1:36:44  iter: 10719  total_loss: 0.02693  time: 0.6226  data_time: 0.0057  lr: 8.873e-05  max_mem: 11599M
[12/10 01:52:23 d2.utils.events]:  eta: 1:36:32  iter: 10739  total_loss: 0.02439  time: 0.6226  data_time: 0.0054  lr: 8.8418e-05  max_mem: 11599M
[12/10 01:52:35 d2.utils.events]:  eta: 1:36:20  iter: 10759  total_loss: 0.03248  time: 0.6226  data_time: 0.0053  lr: 8.8106e-05  max_mem: 11599M
[12/10 01:52:48 d2.utils.events]:  eta: 1:36:08  iter: 10779  total_loss: 0.03002  time: 0.6226  data_time: 0.0058  lr: 8.7794e-05  max_mem: 11599M
[12/10 01:53:01 d2.utils.events]:  eta: 1:35:56  iter: 10799  total_loss: 0.02541  time: 0.6227  data_time: 0.0057  lr: 8.7482e-05  max_mem: 11599M
[12/10 01:53:13 d2.utils.events]:  eta: 1:35:45  iter: 10819  total_loss: 0.02794  time: 0.6227  data_time: 0.0056  lr: 8.7171e-05  max_mem: 11599M
[12/10 01:53:26 d2.utils.events]:  eta: 1:35:32  iter: 10839  total_loss: 0.02923  time: 0.6227  data_time: 0.0056  lr: 8.6859e-05  max_mem: 11599M
[12/10 01:53:38 d2.utils.events]:  eta: 1:35:20  iter: 10859  total_loss: 0.02511  time: 0.6227  data_time: 0.0055  lr: 8.6548e-05  max_mem: 11599M
[12/10 01:53:51 d2.utils.events]:  eta: 1:35:08  iter: 10879  total_loss: 0.02921  time: 0.6227  data_time: 0.0054  lr: 8.6237e-05  max_mem: 11599M
[12/10 01:54:03 d2.utils.events]:  eta: 1:34:56  iter: 10899  total_loss: 0.02589  time: 0.6227  data_time: 0.0055  lr: 8.5925e-05  max_mem: 11599M
[12/10 01:54:16 d2.utils.events]:  eta: 1:34:43  iter: 10919  total_loss: 0.02578  time: 0.6227  data_time: 0.0054  lr: 8.5614e-05  max_mem: 11599M
[12/10 01:54:29 d2.utils.events]:  eta: 1:34:31  iter: 10939  total_loss: 0.03205  time: 0.6227  data_time: 0.0054  lr: 8.5304e-05  max_mem: 11599M
[12/10 01:54:41 d2.utils.events]:  eta: 1:34:19  iter: 10959  total_loss: 0.02827  time: 0.6227  data_time: 0.0055  lr: 8.4993e-05  max_mem: 11599M
[12/10 01:54:54 d2.utils.events]:  eta: 1:34:08  iter: 10979  total_loss: 0.03199  time: 0.6227  data_time: 0.0055  lr: 8.4682e-05  max_mem: 11599M
[12/10 01:55:07 d2.utils.events]:  eta: 1:33:56  iter: 10999  total_loss: 0.02801  time: 0.6227  data_time: 0.0057  lr: 8.4372e-05  max_mem: 11599M
[12/10 01:55:19 d2.utils.events]:  eta: 1:33:45  iter: 11019  total_loss: 0.02772  time: 0.6228  data_time: 0.0054  lr: 8.4062e-05  max_mem: 11599M
[12/10 01:55:32 d2.utils.events]:  eta: 1:33:33  iter: 11039  total_loss: 0.02479  time: 0.6228  data_time: 0.0058  lr: 8.3752e-05  max_mem: 11599M
[12/10 01:55:44 d2.utils.events]:  eta: 1:33:20  iter: 11059  total_loss: 0.03332  time: 0.6228  data_time: 0.0054  lr: 8.3442e-05  max_mem: 11599M
[12/10 01:55:57 d2.utils.events]:  eta: 1:33:06  iter: 11079  total_loss: 0.02904  time: 0.6228  data_time: 0.0054  lr: 8.3132e-05  max_mem: 11599M
[12/10 01:56:10 d2.utils.events]:  eta: 1:32:53  iter: 11099  total_loss: 0.03192  time: 0.6228  data_time: 0.0054  lr: 8.2823e-05  max_mem: 11599M
[12/10 01:56:22 d2.utils.events]:  eta: 1:32:41  iter: 11119  total_loss: 0.02748  time: 0.6228  data_time: 0.0056  lr: 8.2513e-05  max_mem: 11599M
[12/10 01:56:35 d2.utils.events]:  eta: 1:32:28  iter: 11139  total_loss: 0.02899  time: 0.6228  data_time: 0.0057  lr: 8.2204e-05  max_mem: 11599M
[12/10 01:56:50 d2.utils.events]:  eta: 1:32:16  iter: 11159  total_loss: 0.02687  time: 0.6228  data_time: 0.0057  lr: 8.1895e-05  max_mem: 11599M
[12/10 01:57:03 d2.utils.events]:  eta: 1:32:04  iter: 11179  total_loss: 0.03208  time: 0.6228  data_time: 0.0058  lr: 8.1586e-05  max_mem: 11599M
[12/10 01:57:15 d2.utils.events]:  eta: 1:31:53  iter: 11199  total_loss: 0.0371  time: 0.6228  data_time: 0.0056  lr: 8.1277e-05  max_mem: 11599M
[12/10 01:57:29 d2.utils.events]:  eta: 1:31:42  iter: 11219  total_loss: 0.03364  time: 0.6229  data_time: 0.0058  lr: 8.0969e-05  max_mem: 11599M
[12/10 01:57:42 d2.utils.events]:  eta: 1:31:30  iter: 11239  total_loss: 0.0255  time: 0.6229  data_time: 0.0057  lr: 8.066e-05  max_mem: 11599M
[12/10 01:57:54 d2.utils.events]:  eta: 1:31:18  iter: 11259  total_loss: 0.0271  time: 0.6229  data_time: 0.0060  lr: 8.0352e-05  max_mem: 11599M
[12/10 01:58:07 d2.utils.events]:  eta: 1:31:06  iter: 11279  total_loss: 0.02808  time: 0.6229  data_time: 0.0057  lr: 8.0044e-05  max_mem: 11599M
[12/10 01:58:20 d2.utils.events]:  eta: 1:30:54  iter: 11299  total_loss: 0.03211  time: 0.6229  data_time: 0.0055  lr: 7.9737e-05  max_mem: 11599M
[12/10 01:58:32 d2.utils.events]:  eta: 1:30:42  iter: 11319  total_loss: 0.02772  time: 0.6229  data_time: 0.0059  lr: 7.9429e-05  max_mem: 11599M
[12/10 01:58:45 d2.utils.events]:  eta: 1:30:29  iter: 11339  total_loss: 0.02726  time: 0.6229  data_time: 0.0057  lr: 7.9122e-05  max_mem: 11599M
[12/10 01:58:57 d2.utils.events]:  eta: 1:30:16  iter: 11359  total_loss: 0.03086  time: 0.6229  data_time: 0.0057  lr: 7.8815e-05  max_mem: 11599M
[12/10 01:59:10 d2.utils.events]:  eta: 1:30:03  iter: 11379  total_loss: 0.02661  time: 0.6229  data_time: 0.0059  lr: 7.8508e-05  max_mem: 11599M
[12/10 01:59:22 d2.utils.events]:  eta: 1:29:50  iter: 11399  total_loss: 0.02762  time: 0.6229  data_time: 0.0058  lr: 7.8201e-05  max_mem: 11599M
[12/10 01:59:35 d2.utils.events]:  eta: 1:29:36  iter: 11419  total_loss: 0.02618  time: 0.6229  data_time: 0.0057  lr: 7.7895e-05  max_mem: 11599M
[12/10 01:59:47 d2.utils.events]:  eta: 1:29:22  iter: 11439  total_loss: 0.02664  time: 0.6229  data_time: 0.0054  lr: 7.7588e-05  max_mem: 11599M
[12/10 02:00:00 d2.utils.events]:  eta: 1:29:09  iter: 11459  total_loss: 0.03078  time: 0.6229  data_time: 0.0060  lr: 7.7282e-05  max_mem: 11599M
[12/10 02:00:13 d2.utils.events]:  eta: 1:28:56  iter: 11479  total_loss: 0.02568  time: 0.6230  data_time: 0.0059  lr: 7.6976e-05  max_mem: 11599M
[12/10 02:00:25 d2.utils.events]:  eta: 1:28:43  iter: 11499  total_loss: 0.02557  time: 0.6230  data_time: 0.0056  lr: 7.6671e-05  max_mem: 11599M
[12/10 02:00:38 d2.utils.events]:  eta: 1:28:31  iter: 11519  total_loss: 0.03153  time: 0.6230  data_time: 0.0054  lr: 7.6365e-05  max_mem: 11599M
[12/10 02:00:50 d2.utils.events]:  eta: 1:28:18  iter: 11539  total_loss: 0.02831  time: 0.6230  data_time: 0.0057  lr: 7.606e-05  max_mem: 11599M
[12/10 02:01:03 d2.utils.events]:  eta: 1:28:06  iter: 11559  total_loss: 0.02653  time: 0.6230  data_time: 0.0057  lr: 7.5755e-05  max_mem: 11599M
[12/10 02:01:16 d2.utils.events]:  eta: 1:27:54  iter: 11579  total_loss: 0.02781  time: 0.6230  data_time: 0.0055  lr: 7.5451e-05  max_mem: 11599M
[12/10 02:01:28 d2.utils.events]:  eta: 1:27:41  iter: 11599  total_loss: 0.0255  time: 0.6230  data_time: 0.0062  lr: 7.5146e-05  max_mem: 11599M
[12/10 02:01:41 d2.utils.events]:  eta: 1:27:29  iter: 11619  total_loss: 0.02861  time: 0.6230  data_time: 0.0059  lr: 7.4842e-05  max_mem: 11599M
[12/10 02:01:54 d2.utils.events]:  eta: 1:27:16  iter: 11639  total_loss: 0.02933  time: 0.6230  data_time: 0.0061  lr: 7.4538e-05  max_mem: 11599M
[12/10 02:02:06 d2.utils.events]:  eta: 1:27:04  iter: 11659  total_loss: 0.02632  time: 0.6230  data_time: 0.0056  lr: 7.4234e-05  max_mem: 11599M
[12/10 02:02:19 d2.utils.events]:  eta: 1:26:51  iter: 11679  total_loss: 0.03061  time: 0.6231  data_time: 0.0057  lr: 7.3931e-05  max_mem: 11599M
[12/10 02:02:31 d2.utils.events]:  eta: 1:26:39  iter: 11699  total_loss: 0.0343  time: 0.6231  data_time: 0.0057  lr: 7.3628e-05  max_mem: 11599M
[12/10 02:02:44 d2.utils.events]:  eta: 1:26:28  iter: 11719  total_loss: 0.03016  time: 0.6231  data_time: 0.0060  lr: 7.3325e-05  max_mem: 11599M
[12/10 02:02:57 d2.utils.events]:  eta: 1:26:16  iter: 11739  total_loss: 0.02808  time: 0.6231  data_time: 0.0062  lr: 7.3022e-05  max_mem: 11599M
[12/10 02:03:09 d2.utils.events]:  eta: 1:26:06  iter: 11759  total_loss: 0.03093  time: 0.6231  data_time: 0.0062  lr: 7.272e-05  max_mem: 11599M
[12/10 02:03:22 d2.utils.events]:  eta: 1:25:54  iter: 11779  total_loss: 0.02446  time: 0.6231  data_time: 0.0056  lr: 7.2418e-05  max_mem: 11599M
[12/10 02:03:35 d2.utils.events]:  eta: 1:25:42  iter: 11799  total_loss: 0.03102  time: 0.6231  data_time: 0.0058  lr: 7.2116e-05  max_mem: 11599M
[12/10 02:03:47 d2.utils.events]:  eta: 1:25:30  iter: 11819  total_loss: 0.02504  time: 0.6232  data_time: 0.0058  lr: 7.1814e-05  max_mem: 11599M
[12/10 02:04:00 d2.utils.events]:  eta: 1:25:19  iter: 11839  total_loss: 0.02613  time: 0.6232  data_time: 0.0057  lr: 7.1513e-05  max_mem: 11599M
[12/10 02:04:13 d2.utils.events]:  eta: 1:25:07  iter: 11859  total_loss: 0.02547  time: 0.6232  data_time: 0.0058  lr: 7.1212e-05  max_mem: 11599M
[12/10 02:04:25 d2.utils.events]:  eta: 1:24:55  iter: 11879  total_loss: 0.02709  time: 0.6232  data_time: 0.0057  lr: 7.0911e-05  max_mem: 11599M
[12/10 02:04:38 d2.utils.events]:  eta: 1:24:42  iter: 11899  total_loss: 0.02856  time: 0.6232  data_time: 0.0057  lr: 7.0611e-05  max_mem: 11599M
[12/10 02:04:51 d2.utils.events]:  eta: 1:24:29  iter: 11919  total_loss: 0.02752  time: 0.6232  data_time: 0.0056  lr: 7.0311e-05  max_mem: 11599M
[12/10 02:05:03 d2.utils.events]:  eta: 1:24:17  iter: 11939  total_loss: 0.02746  time: 0.6232  data_time: 0.0059  lr: 7.0011e-05  max_mem: 11599M
[12/10 02:05:16 d2.utils.events]:  eta: 1:24:04  iter: 11959  total_loss: 0.02556  time: 0.6232  data_time: 0.0056  lr: 6.9711e-05  max_mem: 11599M
[12/10 02:05:28 d2.utils.events]:  eta: 1:23:51  iter: 11979  total_loss: 0.02654  time: 0.6232  data_time: 0.0059  lr: 6.9412e-05  max_mem: 11599M
[12/10 02:05:41 d2.utils.events]:  eta: 1:23:37  iter: 11999  total_loss: 0.02741  time: 0.6232  data_time: 0.0056  lr: 6.9113e-05  max_mem: 11599M
[12/10 02:05:53 d2.utils.events]:  eta: 1:23:24  iter: 12019  total_loss: 0.03151  time: 0.6232  data_time: 0.0054  lr: 6.8815e-05  max_mem: 11599M
[12/10 02:06:06 d2.utils.events]:  eta: 1:23:11  iter: 12039  total_loss: 0.03307  time: 0.6232  data_time: 0.0057  lr: 6.8516e-05  max_mem: 11599M
[12/10 02:06:18 d2.utils.events]:  eta: 1:22:59  iter: 12059  total_loss: 0.03007  time: 0.6232  data_time: 0.0057  lr: 6.8218e-05  max_mem: 11599M
[12/10 02:06:31 d2.utils.events]:  eta: 1:22:48  iter: 12079  total_loss: 0.02411  time: 0.6232  data_time: 0.0058  lr: 6.7921e-05  max_mem: 11599M
[12/10 02:06:44 d2.utils.events]:  eta: 1:22:35  iter: 12099  total_loss: 0.02346  time: 0.6232  data_time: 0.0056  lr: 6.7623e-05  max_mem: 11599M
[12/10 02:06:56 d2.utils.events]:  eta: 1:22:22  iter: 12119  total_loss: 0.02607  time: 0.6233  data_time: 0.0055  lr: 6.7326e-05  max_mem: 11599M
[12/10 02:07:09 d2.utils.events]:  eta: 1:22:09  iter: 12139  total_loss: 0.02667  time: 0.6233  data_time: 0.0060  lr: 6.7029e-05  max_mem: 11599M
[12/10 02:07:21 d2.utils.events]:  eta: 1:21:56  iter: 12159  total_loss: 0.02652  time: 0.6233  data_time: 0.0060  lr: 6.6733e-05  max_mem: 11599M
[12/10 02:07:34 d2.utils.events]:  eta: 1:21:44  iter: 12179  total_loss: 0.0239  time: 0.6233  data_time: 0.0062  lr: 6.6437e-05  max_mem: 11599M
[12/10 02:07:47 d2.utils.events]:  eta: 1:21:30  iter: 12199  total_loss: 0.03131  time: 0.6233  data_time: 0.0056  lr: 6.6141e-05  max_mem: 11599M
[12/10 02:07:59 d2.utils.events]:  eta: 1:21:16  iter: 12219  total_loss: 0.02941  time: 0.6233  data_time: 0.0057  lr: 6.5846e-05  max_mem: 11599M
[12/10 02:08:12 d2.utils.events]:  eta: 1:21:04  iter: 12239  total_loss: 0.02672  time: 0.6233  data_time: 0.0061  lr: 6.555e-05  max_mem: 11599M
[12/10 02:08:25 d2.utils.events]:  eta: 1:20:50  iter: 12259  total_loss: 0.02807  time: 0.6233  data_time: 0.0059  lr: 6.5256e-05  max_mem: 11599M
[12/10 02:08:37 d2.utils.events]:  eta: 1:20:37  iter: 12279  total_loss: 0.02805  time: 0.6233  data_time: 0.0056  lr: 6.4961e-05  max_mem: 11599M
[12/10 02:08:50 d2.utils.events]:  eta: 1:20:25  iter: 12299  total_loss: 0.02584  time: 0.6233  data_time: 0.0056  lr: 6.4667e-05  max_mem: 11599M
[12/10 02:09:02 d2.utils.events]:  eta: 1:20:13  iter: 12319  total_loss: 0.02686  time: 0.6233  data_time: 0.0060  lr: 6.4373e-05  max_mem: 11599M
[12/10 02:09:15 d2.utils.events]:  eta: 1:20:02  iter: 12339  total_loss: 0.02669  time: 0.6233  data_time: 0.0058  lr: 6.408e-05  max_mem: 11599M
[12/10 02:09:28 d2.utils.events]:  eta: 1:19:50  iter: 12359  total_loss: 0.02743  time: 0.6234  data_time: 0.0059  lr: 6.3787e-05  max_mem: 11599M
[12/10 02:09:40 d2.utils.events]:  eta: 1:19:38  iter: 12379  total_loss: 0.02655  time: 0.6234  data_time: 0.0056  lr: 6.3494e-05  max_mem: 11599M
[12/10 02:09:53 d2.utils.events]:  eta: 1:19:26  iter: 12399  total_loss: 0.02726  time: 0.6234  data_time: 0.0057  lr: 6.3202e-05  max_mem: 11599M
[12/10 02:10:06 d2.utils.events]:  eta: 1:19:15  iter: 12419  total_loss: 0.02827  time: 0.6234  data_time: 0.0057  lr: 6.291e-05  max_mem: 11599M
[12/10 02:10:18 d2.utils.events]:  eta: 1:19:03  iter: 12439  total_loss: 0.02877  time: 0.6234  data_time: 0.0057  lr: 6.2619e-05  max_mem: 11599M
[12/10 02:10:31 d2.utils.events]:  eta: 1:18:51  iter: 12459  total_loss: 0.02643  time: 0.6234  data_time: 0.0060  lr: 6.2327e-05  max_mem: 11599M
[12/10 02:10:43 d2.utils.events]:  eta: 1:18:39  iter: 12479  total_loss: 0.02588  time: 0.6234  data_time: 0.0058  lr: 6.2037e-05  max_mem: 11599M
[12/10 02:10:56 d2.utils.events]:  eta: 1:18:27  iter: 12499  total_loss: 0.02394  time: 0.6234  data_time: 0.0058  lr: 6.1746e-05  max_mem: 11599M
[12/10 02:11:09 d2.utils.events]:  eta: 1:18:14  iter: 12519  total_loss: 0.02846  time: 0.6235  data_time: 0.0061  lr: 6.1456e-05  max_mem: 11599M
[12/10 02:11:22 d2.utils.events]:  eta: 1:18:02  iter: 12539  total_loss: 0.02788  time: 0.6235  data_time: 0.0060  lr: 6.1166e-05  max_mem: 11599M
[12/10 02:11:34 d2.utils.events]:  eta: 1:17:49  iter: 12559  total_loss: 0.02517  time: 0.6235  data_time: 0.0059  lr: 6.0877e-05  max_mem: 11599M
[12/10 02:11:47 d2.utils.events]:  eta: 1:17:37  iter: 12579  total_loss: 0.02607  time: 0.6235  data_time: 0.0062  lr: 6.0588e-05  max_mem: 11599M
[12/10 02:12:00 d2.utils.events]:  eta: 1:17:25  iter: 12599  total_loss: 0.02963  time: 0.6235  data_time: 0.0059  lr: 6.03e-05  max_mem: 11599M
[12/10 02:12:12 d2.utils.events]:  eta: 1:17:12  iter: 12619  total_loss: 0.03086  time: 0.6235  data_time: 0.0073  lr: 6.0011e-05  max_mem: 11599M
[12/10 02:12:25 d2.utils.events]:  eta: 1:17:01  iter: 12639  total_loss: 0.02394  time: 0.6235  data_time: 0.0066  lr: 5.9724e-05  max_mem: 11599M
[12/10 02:12:38 d2.utils.events]:  eta: 1:16:49  iter: 12659  total_loss: 0.03225  time: 0.6235  data_time: 0.0072  lr: 5.9436e-05  max_mem: 11599M
[12/10 02:12:50 d2.utils.events]:  eta: 1:16:37  iter: 12679  total_loss: 0.02851  time: 0.6236  data_time: 0.0059  lr: 5.9149e-05  max_mem: 11599M
[12/10 02:13:03 d2.utils.events]:  eta: 1:16:24  iter: 12699  total_loss: 0.02547  time: 0.6236  data_time: 0.0060  lr: 5.8863e-05  max_mem: 11599M
[12/10 02:13:16 d2.utils.events]:  eta: 1:16:11  iter: 12719  total_loss: 0.02746  time: 0.6236  data_time: 0.0064  lr: 5.8577e-05  max_mem: 11599M
[12/10 02:13:28 d2.utils.events]:  eta: 1:15:58  iter: 12739  total_loss: 0.02509  time: 0.6236  data_time: 0.0058  lr: 5.8291e-05  max_mem: 11599M
[12/10 02:13:41 d2.utils.events]:  eta: 1:15:45  iter: 12759  total_loss: 0.02872  time: 0.6236  data_time: 0.0061  lr: 5.8006e-05  max_mem: 11599M
[12/10 02:13:54 d2.utils.events]:  eta: 1:15:32  iter: 12779  total_loss: 0.02879  time: 0.6236  data_time: 0.0058  lr: 5.7721e-05  max_mem: 11599M
[12/10 02:14:06 d2.utils.events]:  eta: 1:15:19  iter: 12799  total_loss: 0.02616  time: 0.6236  data_time: 0.0057  lr: 5.7436e-05  max_mem: 11599M
[12/10 02:14:19 d2.utils.events]:  eta: 1:15:07  iter: 12819  total_loss: 0.03251  time: 0.6236  data_time: 0.0059  lr: 5.7152e-05  max_mem: 11599M
[12/10 02:14:32 d2.utils.events]:  eta: 1:14:54  iter: 12839  total_loss: 0.02964  time: 0.6236  data_time: 0.0058  lr: 5.6869e-05  max_mem: 11599M
[12/10 02:14:44 d2.utils.events]:  eta: 1:14:43  iter: 12859  total_loss: 0.02847  time: 0.6237  data_time: 0.0060  lr: 5.6585e-05  max_mem: 11599M
[12/10 02:14:57 d2.utils.events]:  eta: 1:14:30  iter: 12879  total_loss: 0.02639  time: 0.6237  data_time: 0.0061  lr: 5.6303e-05  max_mem: 11599M
[12/10 02:15:09 d2.utils.events]:  eta: 1:14:18  iter: 12899  total_loss: 0.0274  time: 0.6237  data_time: 0.0056  lr: 5.602e-05  max_mem: 11599M
[12/10 02:15:22 d2.utils.events]:  eta: 1:14:06  iter: 12919  total_loss: 0.02581  time: 0.6237  data_time: 0.0057  lr: 5.5738e-05  max_mem: 11599M
[12/10 02:15:35 d2.utils.events]:  eta: 1:13:55  iter: 12939  total_loss: 0.02863  time: 0.6237  data_time: 0.0060  lr: 5.5457e-05  max_mem: 11599M
[12/10 02:15:48 d2.utils.events]:  eta: 1:13:44  iter: 12959  total_loss: 0.03051  time: 0.6237  data_time: 0.0059  lr: 5.5176e-05  max_mem: 11599M
[12/10 02:16:00 d2.utils.events]:  eta: 1:13:33  iter: 12979  total_loss: 0.02525  time: 0.6237  data_time: 0.0059  lr: 5.4895e-05  max_mem: 11599M
[12/10 02:16:13 d2.utils.events]:  eta: 1:13:22  iter: 12999  total_loss: 0.03166  time: 0.6237  data_time: 0.0057  lr: 5.4615e-05  max_mem: 11599M
[12/10 02:16:26 d2.utils.events]:  eta: 1:13:10  iter: 13019  total_loss: 0.03054  time: 0.6237  data_time: 0.0059  lr: 5.4335e-05  max_mem: 11599M
[12/10 02:16:38 d2.utils.events]:  eta: 1:12:58  iter: 13039  total_loss: 0.0301  time: 0.6238  data_time: 0.0057  lr: 5.4056e-05  max_mem: 11599M
[12/10 02:16:51 d2.utils.events]:  eta: 1:12:46  iter: 13059  total_loss: 0.02528  time: 0.6238  data_time: 0.0060  lr: 5.3777e-05  max_mem: 11599M
[12/10 02:17:04 d2.utils.events]:  eta: 1:12:33  iter: 13079  total_loss: 0.02936  time: 0.6238  data_time: 0.0061  lr: 5.3499e-05  max_mem: 11599M
[12/10 02:17:16 d2.utils.events]:  eta: 1:12:21  iter: 13099  total_loss: 0.02538  time: 0.6238  data_time: 0.0061  lr: 5.3221e-05  max_mem: 11599M
[12/10 02:17:29 d2.utils.events]:  eta: 1:12:08  iter: 13119  total_loss: 0.02703  time: 0.6238  data_time: 0.0059  lr: 5.2943e-05  max_mem: 11599M
[12/10 02:17:41 d2.utils.events]:  eta: 1:11:56  iter: 13139  total_loss: 0.04036  time: 0.6238  data_time: 0.0061  lr: 5.2666e-05  max_mem: 11599M
[12/10 02:17:54 d2.utils.events]:  eta: 1:11:44  iter: 13159  total_loss: 0.03246  time: 0.6238  data_time: 0.0059  lr: 5.239e-05  max_mem: 11599M
[12/10 02:18:07 d2.utils.events]:  eta: 1:11:31  iter: 13179  total_loss: 0.03184  time: 0.6238  data_time: 0.0059  lr: 5.2114e-05  max_mem: 11599M
[12/10 02:18:19 d2.utils.events]:  eta: 1:11:19  iter: 13199  total_loss: 0.02708  time: 0.6238  data_time: 0.0061  lr: 5.1838e-05  max_mem: 11599M
[12/10 02:18:32 d2.utils.events]:  eta: 1:11:07  iter: 13219  total_loss: 0.03233  time: 0.6238  data_time: 0.0057  lr: 5.1563e-05  max_mem: 11599M
[12/10 02:18:45 d2.utils.events]:  eta: 1:10:54  iter: 13239  total_loss: 0.02515  time: 0.6239  data_time: 0.0061  lr: 5.1289e-05  max_mem: 11599M
[12/10 02:18:57 d2.utils.events]:  eta: 1:10:42  iter: 13259  total_loss: 0.02676  time: 0.6239  data_time: 0.0060  lr: 5.1015e-05  max_mem: 11599M
[12/10 02:19:10 d2.utils.events]:  eta: 1:10:30  iter: 13279  total_loss: 0.03016  time: 0.6239  data_time: 0.0061  lr: 5.0741e-05  max_mem: 11599M
[12/10 02:19:23 d2.utils.events]:  eta: 1:10:18  iter: 13299  total_loss: 0.02596  time: 0.6239  data_time: 0.0064  lr: 5.0468e-05  max_mem: 11599M
[12/10 02:19:35 d2.utils.events]:  eta: 1:10:06  iter: 13319  total_loss: 0.02642  time: 0.6239  data_time: 0.0060  lr: 5.0195e-05  max_mem: 11599M
[12/10 02:19:48 d2.utils.events]:  eta: 1:09:55  iter: 13339  total_loss: 0.02592  time: 0.6239  data_time: 0.0068  lr: 4.9923e-05  max_mem: 11599M
[12/10 02:20:01 d2.utils.events]:  eta: 1:09:42  iter: 13359  total_loss: 0.02854  time: 0.6239  data_time: 0.0065  lr: 4.9651e-05  max_mem: 11599M
[12/10 02:20:14 d2.utils.events]:  eta: 1:09:31  iter: 13379  total_loss: 0.02662  time: 0.6240  data_time: 0.0060  lr: 4.938e-05  max_mem: 11599M
[12/10 02:20:26 d2.utils.events]:  eta: 1:09:19  iter: 13399  total_loss: 0.02749  time: 0.6240  data_time: 0.0067  lr: 4.9109e-05  max_mem: 11599M
[12/10 02:20:39 d2.utils.events]:  eta: 1:09:07  iter: 13419  total_loss: 0.0266  time: 0.6240  data_time: 0.0060  lr: 4.8839e-05  max_mem: 11599M
[12/10 02:20:52 d2.utils.events]:  eta: 1:08:54  iter: 13439  total_loss: 0.02634  time: 0.6240  data_time: 0.0059  lr: 4.857e-05  max_mem: 11599M
[12/10 02:21:05 d2.utils.events]:  eta: 1:08:42  iter: 13459  total_loss: 0.02646  time: 0.6240  data_time: 0.0058  lr: 4.83e-05  max_mem: 11599M
[12/10 02:21:17 d2.utils.events]:  eta: 1:08:29  iter: 13479  total_loss: 0.02391  time: 0.6240  data_time: 0.0065  lr: 4.8032e-05  max_mem: 11599M
[12/10 02:21:30 d2.utils.events]:  eta: 1:08:17  iter: 13499  total_loss: 0.02536  time: 0.6240  data_time: 0.0059  lr: 4.7764e-05  max_mem: 11599M
[12/10 02:21:43 d2.utils.events]:  eta: 1:08:05  iter: 13519  total_loss: 0.02761  time: 0.6241  data_time: 0.0060  lr: 4.7496e-05  max_mem: 11599M
[12/10 02:21:55 d2.utils.events]:  eta: 1:07:52  iter: 13539  total_loss: 0.02795  time: 0.6241  data_time: 0.0059  lr: 4.7229e-05  max_mem: 11599M
[12/10 02:22:08 d2.utils.events]:  eta: 1:07:39  iter: 13559  total_loss: 0.02545  time: 0.6241  data_time: 0.0061  lr: 4.6962e-05  max_mem: 11599M
[12/10 02:22:21 d2.utils.events]:  eta: 1:07:27  iter: 13579  total_loss: 0.02945  time: 0.6241  data_time: 0.0063  lr: 4.6696e-05  max_mem: 11599M
[12/10 02:22:34 d2.utils.events]:  eta: 1:07:15  iter: 13599  total_loss: 0.02844  time: 0.6241  data_time: 0.0061  lr: 4.6431e-05  max_mem: 11599M
[12/10 02:22:46 d2.utils.events]:  eta: 1:07:02  iter: 13619  total_loss: 0.02856  time: 0.6241  data_time: 0.0061  lr: 4.6166e-05  max_mem: 11599M
[12/10 02:22:59 d2.utils.events]:  eta: 1:06:49  iter: 13639  total_loss: 0.02423  time: 0.6241  data_time: 0.0057  lr: 4.5901e-05  max_mem: 11599M
[12/10 02:23:12 d2.utils.events]:  eta: 1:06:36  iter: 13659  total_loss: 0.02533  time: 0.6241  data_time: 0.0060  lr: 4.5637e-05  max_mem: 11599M
[12/10 02:23:24 d2.utils.events]:  eta: 1:06:24  iter: 13679  total_loss: 0.02343  time: 0.6241  data_time: 0.0060  lr: 4.5374e-05  max_mem: 11599M
[12/10 02:23:37 d2.utils.events]:  eta: 1:06:11  iter: 13699  total_loss: 0.0269  time: 0.6242  data_time: 0.0059  lr: 4.5111e-05  max_mem: 11599M
[12/10 02:23:50 d2.utils.events]:  eta: 1:05:59  iter: 13719  total_loss: 0.0286  time: 0.6242  data_time: 0.0057  lr: 4.4849e-05  max_mem: 11599M
[12/10 02:24:02 d2.utils.events]:  eta: 1:05:47  iter: 13739  total_loss: 0.0295  time: 0.6242  data_time: 0.0057  lr: 4.4587e-05  max_mem: 11599M
[12/10 02:24:15 d2.utils.events]:  eta: 1:05:34  iter: 13759  total_loss: 0.02783  time: 0.6242  data_time: 0.0064  lr: 4.4325e-05  max_mem: 11599M
[12/10 02:24:28 d2.utils.events]:  eta: 1:05:22  iter: 13779  total_loss: 0.02646  time: 0.6242  data_time: 0.0058  lr: 4.4065e-05  max_mem: 11599M
[12/10 02:24:40 d2.utils.events]:  eta: 1:05:10  iter: 13799  total_loss: 0.03215  time: 0.6242  data_time: 0.0059  lr: 4.3805e-05  max_mem: 11599M
[12/10 02:24:53 d2.utils.events]:  eta: 1:04:57  iter: 13819  total_loss: 0.02654  time: 0.6242  data_time: 0.0058  lr: 4.3545e-05  max_mem: 11599M
[12/10 02:25:06 d2.utils.events]:  eta: 1:04:44  iter: 13839  total_loss: 0.02553  time: 0.6242  data_time: 0.0075  lr: 4.3286e-05  max_mem: 11599M
[12/10 02:25:18 d2.utils.events]:  eta: 1:04:32  iter: 13859  total_loss: 0.02706  time: 0.6243  data_time: 0.0073  lr: 4.3028e-05  max_mem: 11599M
[12/10 02:25:31 d2.utils.events]:  eta: 1:04:19  iter: 13879  total_loss: 0.02701  time: 0.6243  data_time: 0.0061  lr: 4.277e-05  max_mem: 11599M
[12/10 02:25:44 d2.utils.events]:  eta: 1:04:07  iter: 13899  total_loss: 0.02977  time: 0.6243  data_time: 0.0060  lr: 4.2512e-05  max_mem: 11599M
[12/10 02:25:56 d2.utils.events]:  eta: 1:03:54  iter: 13919  total_loss: 0.03137  time: 0.6243  data_time: 0.0061  lr: 4.2256e-05  max_mem: 11599M
[12/10 02:26:09 d2.utils.events]:  eta: 1:03:42  iter: 13939  total_loss: 0.03161  time: 0.6243  data_time: 0.0063  lr: 4.1999e-05  max_mem: 11599M
[12/10 02:26:22 d2.utils.events]:  eta: 1:03:28  iter: 13959  total_loss: 0.03224  time: 0.6243  data_time: 0.0061  lr: 4.1744e-05  max_mem: 11599M
[12/10 02:26:34 d2.utils.events]:  eta: 1:03:16  iter: 13979  total_loss: 0.02701  time: 0.6243  data_time: 0.0068  lr: 4.1489e-05  max_mem: 11599M
[12/10 02:26:47 d2.utils.events]:  eta: 1:03:03  iter: 13999  total_loss: 0.02489  time: 0.6243  data_time: 0.0066  lr: 4.1234e-05  max_mem: 11599M
[12/10 02:27:00 d2.utils.events]:  eta: 1:02:51  iter: 14019  total_loss: 0.02546  time: 0.6243  data_time: 0.0058  lr: 4.098e-05  max_mem: 11599M
[12/10 02:27:13 d2.utils.events]:  eta: 1:02:38  iter: 14039  total_loss: 0.02899  time: 0.6244  data_time: 0.0059  lr: 4.0727e-05  max_mem: 11599M
[12/10 02:27:25 d2.utils.events]:  eta: 1:02:26  iter: 14059  total_loss: 0.02543  time: 0.6244  data_time: 0.0069  lr: 4.0474e-05  max_mem: 11599M
[12/10 02:27:38 d2.utils.events]:  eta: 1:02:14  iter: 14079  total_loss: 0.03132  time: 0.6244  data_time: 0.0066  lr: 4.0222e-05  max_mem: 11599M
[12/10 02:27:51 d2.utils.events]:  eta: 1:02:01  iter: 14099  total_loss: 0.02722  time: 0.6244  data_time: 0.0061  lr: 3.9971e-05  max_mem: 11599M
[12/10 02:28:03 d2.utils.events]:  eta: 1:01:48  iter: 14119  total_loss: 0.02844  time: 0.6244  data_time: 0.0059  lr: 3.972e-05  max_mem: 11599M
[12/10 02:28:16 d2.utils.events]:  eta: 1:01:36  iter: 14139  total_loss: 0.0254  time: 0.6244  data_time: 0.0059  lr: 3.9469e-05  max_mem: 11599M
[12/10 02:28:28 d2.utils.events]:  eta: 1:01:23  iter: 14159  total_loss: 0.02503  time: 0.6244  data_time: 0.0059  lr: 3.9219e-05  max_mem: 11599M
[12/10 02:28:41 d2.utils.events]:  eta: 1:01:10  iter: 14179  total_loss: 0.02646  time: 0.6244  data_time: 0.0063  lr: 3.897e-05  max_mem: 11599M
[12/10 02:28:54 d2.utils.events]:  eta: 1:00:57  iter: 14199  total_loss: 0.02332  time: 0.6244  data_time: 0.0058  lr: 3.8722e-05  max_mem: 11599M
[12/10 02:29:06 d2.utils.events]:  eta: 1:00:44  iter: 14219  total_loss: 0.02768  time: 0.6244  data_time: 0.0071  lr: 3.8474e-05  max_mem: 11599M
[12/10 02:29:19 d2.utils.events]:  eta: 1:00:31  iter: 14239  total_loss: 0.0292  time: 0.6244  data_time: 0.0057  lr: 3.8226e-05  max_mem: 11599M
[12/10 02:29:31 d2.utils.events]:  eta: 1:00:18  iter: 14259  total_loss: 0.02835  time: 0.6244  data_time: 0.0062  lr: 3.798e-05  max_mem: 11599M
[12/10 02:29:44 d2.utils.events]:  eta: 1:00:04  iter: 14279  total_loss: 0.02532  time: 0.6244  data_time: 0.0060  lr: 3.7734e-05  max_mem: 11599M
[12/10 02:29:56 d2.utils.events]:  eta: 0:59:51  iter: 14299  total_loss: 0.02716  time: 0.6244  data_time: 0.0060  lr: 3.7488e-05  max_mem: 11599M
[12/10 02:30:09 d2.utils.events]:  eta: 0:59:37  iter: 14319  total_loss: 0.02854  time: 0.6244  data_time: 0.0057  lr: 3.7243e-05  max_mem: 11599M
[12/10 02:30:22 d2.utils.events]:  eta: 0:59:24  iter: 14339  total_loss: 0.02551  time: 0.6244  data_time: 0.0060  lr: 3.6999e-05  max_mem: 11599M
[12/10 02:30:34 d2.utils.events]:  eta: 0:59:10  iter: 14359  total_loss: 0.02784  time: 0.6244  data_time: 0.0061  lr: 3.6755e-05  max_mem: 11599M
[12/10 02:30:47 d2.utils.events]:  eta: 0:58:57  iter: 14379  total_loss: 0.02605  time: 0.6244  data_time: 0.0059  lr: 3.6512e-05  max_mem: 11599M
[12/10 02:30:59 d2.utils.events]:  eta: 0:58:44  iter: 14399  total_loss: 0.03077  time: 0.6244  data_time: 0.0058  lr: 3.627e-05  max_mem: 11599M
[12/10 02:31:12 d2.utils.events]:  eta: 0:58:30  iter: 14419  total_loss: 0.02611  time: 0.6244  data_time: 0.0057  lr: 3.6028e-05  max_mem: 11599M
[12/10 02:31:24 d2.utils.events]:  eta: 0:58:17  iter: 14439  total_loss: 0.02714  time: 0.6244  data_time: 0.0057  lr: 3.5787e-05  max_mem: 11599M
[12/10 02:31:37 d2.utils.events]:  eta: 0:58:05  iter: 14459  total_loss: 0.0253  time: 0.6244  data_time: 0.0061  lr: 3.5546e-05  max_mem: 11599M
[12/10 02:31:50 d2.utils.events]:  eta: 0:57:52  iter: 14479  total_loss: 0.02418  time: 0.6245  data_time: 0.0059  lr: 3.5306e-05  max_mem: 11599M
[12/10 02:32:02 d2.utils.events]:  eta: 0:57:38  iter: 14499  total_loss: 0.0258  time: 0.6245  data_time: 0.0059  lr: 3.5067e-05  max_mem: 11599M
[12/10 02:32:15 d2.utils.events]:  eta: 0:57:25  iter: 14519  total_loss: 0.02724  time: 0.6245  data_time: 0.0061  lr: 3.4829e-05  max_mem: 11599M
[12/10 02:32:28 d2.utils.events]:  eta: 0:57:12  iter: 14539  total_loss: 0.0303  time: 0.6245  data_time: 0.0059  lr: 3.4591e-05  max_mem: 11599M
[12/10 02:32:40 d2.utils.events]:  eta: 0:56:59  iter: 14559  total_loss: 0.02525  time: 0.6245  data_time: 0.0058  lr: 3.4353e-05  max_mem: 11599M
[12/10 02:32:53 d2.utils.events]:  eta: 0:56:46  iter: 14579  total_loss: 0.02681  time: 0.6245  data_time: 0.0059  lr: 3.4117e-05  max_mem: 11599M
[12/10 02:33:05 d2.utils.events]:  eta: 0:56:33  iter: 14599  total_loss: 0.02714  time: 0.6245  data_time: 0.0059  lr: 3.3881e-05  max_mem: 11599M
[12/10 02:33:18 d2.utils.events]:  eta: 0:56:19  iter: 14619  total_loss: 0.02889  time: 0.6245  data_time: 0.0060  lr: 3.3645e-05  max_mem: 11599M
[12/10 02:33:31 d2.utils.events]:  eta: 0:56:07  iter: 14639  total_loss: 0.02387  time: 0.6245  data_time: 0.0059  lr: 3.3411e-05  max_mem: 11599M
[12/10 02:33:43 d2.utils.events]:  eta: 0:55:54  iter: 14659  total_loss: 0.02363  time: 0.6245  data_time: 0.0060  lr: 3.3176e-05  max_mem: 11599M
[12/10 02:33:56 d2.utils.events]:  eta: 0:55:41  iter: 14679  total_loss: 0.0269  time: 0.6245  data_time: 0.0060  lr: 3.2943e-05  max_mem: 11599M
[12/10 02:34:08 d2.utils.events]:  eta: 0:55:27  iter: 14699  total_loss: 0.02525  time: 0.6245  data_time: 0.0060  lr: 3.271e-05  max_mem: 11599M
[12/10 02:34:21 d2.utils.events]:  eta: 0:55:14  iter: 14719  total_loss: 0.02933  time: 0.6245  data_time: 0.0062  lr: 3.2478e-05  max_mem: 11599M
[12/10 02:34:34 d2.utils.events]:  eta: 0:55:00  iter: 14739  total_loss: 0.0273  time: 0.6245  data_time: 0.0058  lr: 3.2247e-05  max_mem: 11599M
[12/10 02:34:46 d2.utils.events]:  eta: 0:54:47  iter: 14759  total_loss: 0.02482  time: 0.6245  data_time: 0.0060  lr: 3.2016e-05  max_mem: 11599M
[12/10 02:34:59 d2.utils.events]:  eta: 0:54:34  iter: 14779  total_loss: 0.02762  time: 0.6245  data_time: 0.0060  lr: 3.1786e-05  max_mem: 11599M
[12/10 02:35:11 d2.utils.events]:  eta: 0:54:21  iter: 14799  total_loss: 0.03491  time: 0.6245  data_time: 0.0058  lr: 3.1557e-05  max_mem: 11599M
[12/10 02:35:24 d2.utils.events]:  eta: 0:54:08  iter: 14819  total_loss: 0.02783  time: 0.6245  data_time: 0.0060  lr: 3.1328e-05  max_mem: 11599M
[12/10 02:35:36 d2.utils.events]:  eta: 0:53:56  iter: 14839  total_loss: 0.02761  time: 0.6245  data_time: 0.0059  lr: 3.11e-05  max_mem: 11599M
[12/10 02:35:49 d2.utils.events]:  eta: 0:53:43  iter: 14859  total_loss: 0.02167  time: 0.6245  data_time: 0.0064  lr: 3.0873e-05  max_mem: 11599M
[12/10 02:36:02 d2.utils.events]:  eta: 0:53:30  iter: 14879  total_loss: 0.03304  time: 0.6245  data_time: 0.0058  lr: 3.0646e-05  max_mem: 11599M
[12/10 02:36:14 d2.utils.events]:  eta: 0:53:18  iter: 14899  total_loss: 0.02209  time: 0.6245  data_time: 0.0062  lr: 3.042e-05  max_mem: 11599M
[12/10 02:36:27 d2.utils.events]:  eta: 0:53:05  iter: 14919  total_loss: 0.02742  time: 0.6246  data_time: 0.0059  lr: 3.0195e-05  max_mem: 11599M
[12/10 02:36:40 d2.utils.events]:  eta: 0:52:53  iter: 14939  total_loss: 0.03343  time: 0.6246  data_time: 0.0060  lr: 2.997e-05  max_mem: 11599M
[12/10 02:36:52 d2.utils.events]:  eta: 0:52:40  iter: 14959  total_loss: 0.02558  time: 0.6246  data_time: 0.0061  lr: 2.9746e-05  max_mem: 11599M
[12/10 02:37:05 d2.utils.events]:  eta: 0:52:27  iter: 14979  total_loss: 0.02675  time: 0.6246  data_time: 0.0058  lr: 2.9523e-05  max_mem: 11599M
[12/10 02:37:17 fvcore.common.checkpoint]: Saving checkpoint to outputs/gta_seen7_eva_L14_r448/model_0014999.pth
[12/10 02:37:19 d2.utils.events]:  eta: 0:52:15  iter: 14999  total_loss: 0.0271  time: 0.6246  data_time: 0.0061  lr: 2.93e-05  max_mem: 11599M
[12/10 02:37:32 d2.utils.events]:  eta: 0:52:02  iter: 15019  total_loss: 0.0286  time: 0.6246  data_time: 0.0058  lr: 2.9079e-05  max_mem: 11599M
[12/10 02:37:45 d2.utils.events]:  eta: 0:51:49  iter: 15039  total_loss: 0.02696  time: 0.6246  data_time: 0.0064  lr: 2.8857e-05  max_mem: 11599M
[12/10 02:37:57 d2.utils.events]:  eta: 0:51:36  iter: 15059  total_loss: 0.02755  time: 0.6246  data_time: 0.0062  lr: 2.8637e-05  max_mem: 11599M
[12/10 02:38:10 d2.utils.events]:  eta: 0:51:24  iter: 15079  total_loss: 0.02626  time: 0.6246  data_time: 0.0061  lr: 2.8417e-05  max_mem: 11599M
[12/10 02:38:23 d2.utils.events]:  eta: 0:51:11  iter: 15099  total_loss: 0.0286  time: 0.6246  data_time: 0.0062  lr: 2.8198e-05  max_mem: 11599M
[12/10 02:38:35 d2.utils.events]:  eta: 0:50:59  iter: 15119  total_loss: 0.02626  time: 0.6246  data_time: 0.0056  lr: 2.798e-05  max_mem: 11599M
[12/10 02:38:48 d2.utils.events]:  eta: 0:50:46  iter: 15139  total_loss: 0.02803  time: 0.6246  data_time: 0.0066  lr: 2.7762e-05  max_mem: 11599M
[12/10 02:39:00 d2.utils.events]:  eta: 0:50:33  iter: 15159  total_loss: 0.02537  time: 0.6246  data_time: 0.0061  lr: 2.7546e-05  max_mem: 11599M
[12/10 02:39:13 d2.utils.events]:  eta: 0:50:21  iter: 15179  total_loss: 0.02947  time: 0.6246  data_time: 0.0062  lr: 2.7329e-05  max_mem: 11599M
[12/10 02:39:26 d2.utils.events]:  eta: 0:50:09  iter: 15199  total_loss: 0.02832  time: 0.6246  data_time: 0.0067  lr: 2.7114e-05  max_mem: 11599M
[12/10 02:39:38 d2.utils.events]:  eta: 0:49:57  iter: 15219  total_loss: 0.03023  time: 0.6246  data_time: 0.0055  lr: 2.6899e-05  max_mem: 11599M
[12/10 02:39:51 d2.utils.events]:  eta: 0:49:44  iter: 15239  total_loss: 0.0281  time: 0.6247  data_time: 0.0061  lr: 2.6685e-05  max_mem: 11599M
[12/10 02:40:04 d2.utils.events]:  eta: 0:49:32  iter: 15259  total_loss: 0.02638  time: 0.6247  data_time: 0.0059  lr: 2.6472e-05  max_mem: 11599M
[12/10 02:40:16 d2.utils.events]:  eta: 0:49:19  iter: 15279  total_loss: 0.02382  time: 0.6247  data_time: 0.0060  lr: 2.6259e-05  max_mem: 11599M
[12/10 02:40:29 d2.utils.events]:  eta: 0:49:07  iter: 15299  total_loss: 0.0263  time: 0.6247  data_time: 0.0060  lr: 2.6047e-05  max_mem: 11599M
[12/10 02:40:41 d2.utils.events]:  eta: 0:48:54  iter: 15319  total_loss: 0.02919  time: 0.6247  data_time: 0.0064  lr: 2.5836e-05  max_mem: 11599M
[12/10 02:40:54 d2.utils.events]:  eta: 0:48:42  iter: 15339  total_loss: 0.02598  time: 0.6247  data_time: 0.0062  lr: 2.5626e-05  max_mem: 11599M
[12/10 02:41:07 d2.utils.events]:  eta: 0:48:30  iter: 15359  total_loss: 0.02797  time: 0.6247  data_time: 0.0059  lr: 2.5416e-05  max_mem: 11599M
[12/10 02:41:19 d2.utils.events]:  eta: 0:48:17  iter: 15379  total_loss: 0.02837  time: 0.6247  data_time: 0.0064  lr: 2.5207e-05  max_mem: 11599M
[12/10 02:41:32 d2.utils.events]:  eta: 0:48:05  iter: 15399  total_loss: 0.02575  time: 0.6247  data_time: 0.0061  lr: 2.4999e-05  max_mem: 11599M
[12/10 02:41:45 d2.utils.events]:  eta: 0:47:53  iter: 15419  total_loss: 0.02473  time: 0.6247  data_time: 0.0061  lr: 2.4792e-05  max_mem: 11599M
[12/10 02:41:57 d2.utils.events]:  eta: 0:47:40  iter: 15439  total_loss: 0.02702  time: 0.6247  data_time: 0.0061  lr: 2.4585e-05  max_mem: 11599M
[12/10 02:42:10 d2.utils.events]:  eta: 0:47:29  iter: 15459  total_loss: 0.0299  time: 0.6247  data_time: 0.0061  lr: 2.4379e-05  max_mem: 11599M
[12/10 02:42:23 d2.utils.events]:  eta: 0:47:16  iter: 15479  total_loss: 0.02988  time: 0.6247  data_time: 0.0058  lr: 2.4174e-05  max_mem: 11599M
[12/10 02:42:35 d2.utils.events]:  eta: 0:47:04  iter: 15499  total_loss: 0.02307  time: 0.6247  data_time: 0.0059  lr: 2.397e-05  max_mem: 11599M
[12/10 02:42:48 d2.utils.events]:  eta: 0:46:51  iter: 15519  total_loss: 0.02703  time: 0.6247  data_time: 0.0061  lr: 2.3766e-05  max_mem: 11599M
[12/10 02:43:00 d2.utils.events]:  eta: 0:46:38  iter: 15539  total_loss: 0.02749  time: 0.6247  data_time: 0.0059  lr: 2.3563e-05  max_mem: 11599M
[12/10 02:43:13 d2.utils.events]:  eta: 0:46:26  iter: 15559  total_loss: 0.03297  time: 0.6247  data_time: 0.0060  lr: 2.3361e-05  max_mem: 11599M
[12/10 02:43:25 d2.utils.events]:  eta: 0:46:13  iter: 15579  total_loss: 0.02912  time: 0.6247  data_time: 0.0058  lr: 2.3159e-05  max_mem: 11599M
[12/10 02:43:38 d2.utils.events]:  eta: 0:46:00  iter: 15599  total_loss: 0.02452  time: 0.6247  data_time: 0.0061  lr: 2.2959e-05  max_mem: 11599M
[12/10 02:43:51 d2.utils.events]:  eta: 0:45:48  iter: 15619  total_loss: 0.02871  time: 0.6247  data_time: 0.0061  lr: 2.2759e-05  max_mem: 11599M
[12/10 02:44:03 d2.utils.events]:  eta: 0:45:35  iter: 15639  total_loss: 0.03076  time: 0.6247  data_time: 0.0057  lr: 2.256e-05  max_mem: 11599M
[12/10 02:44:16 d2.utils.events]:  eta: 0:45:22  iter: 15659  total_loss: 0.0257  time: 0.6247  data_time: 0.0059  lr: 2.2361e-05  max_mem: 11599M
[12/10 02:44:28 d2.utils.events]:  eta: 0:45:09  iter: 15679  total_loss: 0.03307  time: 0.6247  data_time: 0.0057  lr: 2.2164e-05  max_mem: 11599M
[12/10 02:44:41 d2.utils.events]:  eta: 0:44:57  iter: 15699  total_loss: 0.02627  time: 0.6247  data_time: 0.0057  lr: 2.1967e-05  max_mem: 11599M
[12/10 02:44:53 d2.utils.events]:  eta: 0:44:44  iter: 15719  total_loss: 0.02633  time: 0.6247  data_time: 0.0061  lr: 2.1771e-05  max_mem: 11599M
[12/10 02:45:06 d2.utils.events]:  eta: 0:44:32  iter: 15739  total_loss: 0.02697  time: 0.6247  data_time: 0.0060  lr: 2.1575e-05  max_mem: 11599M
[12/10 02:45:18 d2.utils.events]:  eta: 0:44:19  iter: 15759  total_loss: 0.02486  time: 0.6247  data_time: 0.0060  lr: 2.1381e-05  max_mem: 11599M
[12/10 02:45:31 d2.utils.events]:  eta: 0:44:07  iter: 15779  total_loss: 0.02411  time: 0.6247  data_time: 0.0060  lr: 2.1187e-05  max_mem: 11599M
[12/10 02:45:44 d2.utils.events]:  eta: 0:43:54  iter: 15799  total_loss: 0.03042  time: 0.6247  data_time: 0.0060  lr: 2.0994e-05  max_mem: 11599M
[12/10 02:45:56 d2.utils.events]:  eta: 0:43:41  iter: 15819  total_loss: 0.02761  time: 0.6247  data_time: 0.0060  lr: 2.0802e-05  max_mem: 11599M
[12/10 02:46:09 d2.utils.events]:  eta: 0:43:29  iter: 15839  total_loss: 0.02535  time: 0.6247  data_time: 0.0059  lr: 2.0611e-05  max_mem: 11599M
[12/10 02:46:21 d2.utils.events]:  eta: 0:43:16  iter: 15859  total_loss: 0.02527  time: 0.6247  data_time: 0.0060  lr: 2.042e-05  max_mem: 11599M
[12/10 02:46:34 d2.utils.events]:  eta: 0:43:03  iter: 15879  total_loss: 0.03066  time: 0.6247  data_time: 0.0058  lr: 2.023e-05  max_mem: 11599M
[12/10 02:46:46 d2.utils.events]:  eta: 0:42:50  iter: 15899  total_loss: 0.02582  time: 0.6248  data_time: 0.0057  lr: 2.0041e-05  max_mem: 11599M
[12/10 02:46:59 d2.utils.events]:  eta: 0:42:37  iter: 15919  total_loss: 0.02839  time: 0.6248  data_time: 0.0058  lr: 1.9853e-05  max_mem: 11599M
[12/10 02:47:12 d2.utils.events]:  eta: 0:42:24  iter: 15939  total_loss: 0.02688  time: 0.6248  data_time: 0.0059  lr: 1.9665e-05  max_mem: 11599M
[12/10 02:47:24 d2.utils.events]:  eta: 0:42:11  iter: 15959  total_loss: 0.02583  time: 0.6248  data_time: 0.0059  lr: 1.9479e-05  max_mem: 11599M
[12/10 02:47:37 d2.utils.events]:  eta: 0:41:59  iter: 15979  total_loss: 0.02743  time: 0.6248  data_time: 0.0060  lr: 1.9293e-05  max_mem: 11599M
[12/10 02:47:50 d2.utils.events]:  eta: 0:41:47  iter: 15999  total_loss: 0.0262  time: 0.6248  data_time: 0.0058  lr: 1.9108e-05  max_mem: 11599M
[12/10 02:48:02 d2.utils.events]:  eta: 0:41:34  iter: 16019  total_loss: 0.02536  time: 0.6248  data_time: 0.0058  lr: 1.8923e-05  max_mem: 11599M
[12/10 02:48:15 d2.utils.events]:  eta: 0:41:21  iter: 16039  total_loss: 0.02975  time: 0.6248  data_time: 0.0060  lr: 1.874e-05  max_mem: 11599M
[12/10 02:48:27 d2.utils.events]:  eta: 0:41:08  iter: 16059  total_loss: 0.03491  time: 0.6248  data_time: 0.0060  lr: 1.8557e-05  max_mem: 11599M
[12/10 02:48:40 d2.utils.events]:  eta: 0:40:56  iter: 16079  total_loss: 0.02949  time: 0.6248  data_time: 0.0059  lr: 1.8375e-05  max_mem: 11599M
[12/10 02:48:53 d2.utils.events]:  eta: 0:40:43  iter: 16099  total_loss: 0.02999  time: 0.6248  data_time: 0.0060  lr: 1.8194e-05  max_mem: 11599M
[12/10 02:49:05 d2.utils.events]:  eta: 0:40:31  iter: 16119  total_loss: 0.02725  time: 0.6248  data_time: 0.0059  lr: 1.8014e-05  max_mem: 11599M
[12/10 02:49:18 d2.utils.events]:  eta: 0:40:18  iter: 16139  total_loss: 0.0229  time: 0.6248  data_time: 0.0058  lr: 1.7834e-05  max_mem: 11599M
[12/10 02:49:31 d2.utils.events]:  eta: 0:40:06  iter: 16159  total_loss: 0.0257  time: 0.6248  data_time: 0.0059  lr: 1.7656e-05  max_mem: 11599M
[12/10 02:49:43 d2.utils.events]:  eta: 0:39:53  iter: 16179  total_loss: 0.03262  time: 0.6248  data_time: 0.0060  lr: 1.7478e-05  max_mem: 11599M
[12/10 02:49:56 d2.utils.events]:  eta: 0:39:41  iter: 16199  total_loss: 0.02392  time: 0.6248  data_time: 0.0057  lr: 1.7301e-05  max_mem: 11599M
[12/10 02:50:08 d2.utils.events]:  eta: 0:39:29  iter: 16219  total_loss: 0.0249  time: 0.6248  data_time: 0.0059  lr: 1.7125e-05  max_mem: 11599M
[12/10 02:50:21 d2.utils.events]:  eta: 0:39:17  iter: 16239  total_loss: 0.02839  time: 0.6248  data_time: 0.0059  lr: 1.6949e-05  max_mem: 11599M
[12/10 02:50:34 d2.utils.events]:  eta: 0:39:04  iter: 16259  total_loss: 0.02875  time: 0.6248  data_time: 0.0061  lr: 1.6775e-05  max_mem: 11599M
[12/10 02:50:46 d2.utils.events]:  eta: 0:38:52  iter: 16279  total_loss: 0.03113  time: 0.6249  data_time: 0.0062  lr: 1.6601e-05  max_mem: 11599M
[12/10 02:50:59 d2.utils.events]:  eta: 0:38:40  iter: 16299  total_loss: 0.02607  time: 0.6249  data_time: 0.0059  lr: 1.6428e-05  max_mem: 11599M
[12/10 02:51:12 d2.utils.events]:  eta: 0:38:28  iter: 16319  total_loss: 0.03015  time: 0.6249  data_time: 0.0061  lr: 1.6256e-05  max_mem: 11599M
[12/10 02:51:24 d2.utils.events]:  eta: 0:38:15  iter: 16339  total_loss: 0.02754  time: 0.6249  data_time: 0.0059  lr: 1.6084e-05  max_mem: 11599M
[12/10 02:51:37 d2.utils.events]:  eta: 0:38:03  iter: 16359  total_loss: 0.02476  time: 0.6249  data_time: 0.0058  lr: 1.5914e-05  max_mem: 11599M
[12/10 02:51:50 d2.utils.events]:  eta: 0:37:50  iter: 16379  total_loss: 0.02726  time: 0.6249  data_time: 0.0061  lr: 1.5744e-05  max_mem: 11599M
[12/10 02:52:02 d2.utils.events]:  eta: 0:37:37  iter: 16399  total_loss: 0.02605  time: 0.6249  data_time: 0.0059  lr: 1.5576e-05  max_mem: 11599M
[12/10 02:52:15 d2.utils.events]:  eta: 0:37:25  iter: 16419  total_loss: 0.02705  time: 0.6249  data_time: 0.0059  lr: 1.5408e-05  max_mem: 11599M
[12/10 02:52:27 d2.utils.events]:  eta: 0:37:12  iter: 16439  total_loss: 0.02583  time: 0.6249  data_time: 0.0058  lr: 1.5241e-05  max_mem: 11599M
[12/10 02:52:40 d2.utils.events]:  eta: 0:36:59  iter: 16459  total_loss: 0.02821  time: 0.6249  data_time: 0.0058  lr: 1.5074e-05  max_mem: 11599M
[12/10 02:52:53 d2.utils.events]:  eta: 0:36:46  iter: 16479  total_loss: 0.02583  time: 0.6249  data_time: 0.0061  lr: 1.4909e-05  max_mem: 11599M
[12/10 02:53:05 d2.utils.events]:  eta: 0:36:34  iter: 16499  total_loss: 0.02469  time: 0.6249  data_time: 0.0059  lr: 1.4744e-05  max_mem: 11599M
[12/10 02:53:18 d2.utils.events]:  eta: 0:36:22  iter: 16519  total_loss: 0.0332  time: 0.6249  data_time: 0.0058  lr: 1.458e-05  max_mem: 11599M
[12/10 02:53:31 d2.utils.events]:  eta: 0:36:09  iter: 16539  total_loss: 0.02787  time: 0.6249  data_time: 0.0063  lr: 1.4417e-05  max_mem: 11599M
[12/10 02:53:43 d2.utils.events]:  eta: 0:35:57  iter: 16559  total_loss: 0.02553  time: 0.6249  data_time: 0.0060  lr: 1.4255e-05  max_mem: 11599M
[12/10 02:53:56 d2.utils.events]:  eta: 0:35:45  iter: 16579  total_loss: 0.02805  time: 0.6249  data_time: 0.0061  lr: 1.4094e-05  max_mem: 11599M
[12/10 02:54:09 d2.utils.events]:  eta: 0:35:33  iter: 16599  total_loss: 0.02723  time: 0.6250  data_time: 0.0061  lr: 1.3934e-05  max_mem: 11599M
[12/10 02:54:21 d2.utils.events]:  eta: 0:35:20  iter: 16619  total_loss: 0.02027  time: 0.6250  data_time: 0.0058  lr: 1.3774e-05  max_mem: 11599M
[12/10 02:54:34 d2.utils.events]:  eta: 0:35:08  iter: 16639  total_loss: 0.02726  time: 0.6250  data_time: 0.0062  lr: 1.3616e-05  max_mem: 11599M
[12/10 02:54:47 d2.utils.events]:  eta: 0:34:56  iter: 16659  total_loss: 0.02521  time: 0.6250  data_time: 0.0060  lr: 1.3458e-05  max_mem: 11599M
[12/10 02:54:59 d2.utils.events]:  eta: 0:34:44  iter: 16679  total_loss: 0.02635  time: 0.6250  data_time: 0.0057  lr: 1.3301e-05  max_mem: 11599M
[12/10 02:55:12 d2.utils.events]:  eta: 0:34:32  iter: 16699  total_loss: 0.02687  time: 0.6250  data_time: 0.0057  lr: 1.3145e-05  max_mem: 11599M
[12/10 02:55:25 d2.utils.events]:  eta: 0:34:19  iter: 16719  total_loss: 0.02509  time: 0.6250  data_time: 0.0061  lr: 1.2989e-05  max_mem: 11599M
[12/10 02:55:37 d2.utils.events]:  eta: 0:34:07  iter: 16739  total_loss: 0.02758  time: 0.6250  data_time: 0.0059  lr: 1.2835e-05  max_mem: 11599M
[12/10 02:55:50 d2.utils.events]:  eta: 0:33:55  iter: 16759  total_loss: 0.02249  time: 0.6250  data_time: 0.0062  lr: 1.2681e-05  max_mem: 11599M
[12/10 02:56:03 d2.utils.events]:  eta: 0:33:43  iter: 16779  total_loss: 0.026  time: 0.6250  data_time: 0.0061  lr: 1.2529e-05  max_mem: 11599M
[12/10 02:56:15 d2.utils.events]:  eta: 0:33:31  iter: 16799  total_loss: 0.02754  time: 0.6250  data_time: 0.0057  lr: 1.2377e-05  max_mem: 11599M
[12/10 02:56:28 d2.utils.events]:  eta: 0:33:18  iter: 16819  total_loss: 0.02828  time: 0.6250  data_time: 0.0059  lr: 1.2226e-05  max_mem: 11599M
[12/10 02:56:41 d2.utils.events]:  eta: 0:33:06  iter: 16839  total_loss: 0.02727  time: 0.6250  data_time: 0.0061  lr: 1.2076e-05  max_mem: 11599M
[12/10 02:56:53 d2.utils.events]:  eta: 0:32:54  iter: 16859  total_loss: 0.02549  time: 0.6250  data_time: 0.0064  lr: 1.1927e-05  max_mem: 11599M
[12/10 02:57:06 d2.utils.events]:  eta: 0:32:42  iter: 16879  total_loss: 0.03046  time: 0.6251  data_time: 0.0061  lr: 1.1778e-05  max_mem: 11599M
[12/10 02:57:19 d2.utils.events]:  eta: 0:32:30  iter: 16899  total_loss: 0.02921  time: 0.6251  data_time: 0.0057  lr: 1.1631e-05  max_mem: 11599M
[12/10 02:57:31 d2.utils.events]:  eta: 0:32:17  iter: 16919  total_loss: 0.02735  time: 0.6251  data_time: 0.0060  lr: 1.1484e-05  max_mem: 11599M
[12/10 02:57:44 d2.utils.events]:  eta: 0:32:05  iter: 16939  total_loss: 0.02567  time: 0.6251  data_time: 0.0059  lr: 1.1338e-05  max_mem: 11599M
[12/10 02:57:57 d2.utils.events]:  eta: 0:31:52  iter: 16959  total_loss: 0.02529  time: 0.6251  data_time: 0.0058  lr: 1.1194e-05  max_mem: 11599M
[12/10 02:58:09 d2.utils.events]:  eta: 0:31:39  iter: 16979  total_loss: 0.02171  time: 0.6251  data_time: 0.0062  lr: 1.105e-05  max_mem: 11599M
[12/10 02:58:22 d2.utils.events]:  eta: 0:31:26  iter: 16999  total_loss: 0.02884  time: 0.6251  data_time: 0.0062  lr: 1.0906e-05  max_mem: 11599M
[12/10 02:58:34 d2.utils.events]:  eta: 0:31:14  iter: 17019  total_loss: 0.02836  time: 0.6251  data_time: 0.0062  lr: 1.0764e-05  max_mem: 11599M
[12/10 02:58:47 d2.utils.events]:  eta: 0:31:01  iter: 17039  total_loss: 0.02793  time: 0.6251  data_time: 0.0062  lr: 1.0623e-05  max_mem: 11599M
[12/10 02:59:00 d2.utils.events]:  eta: 0:30:48  iter: 17059  total_loss: 0.02455  time: 0.6251  data_time: 0.0061  lr: 1.0482e-05  max_mem: 11599M
[12/10 02:59:12 d2.utils.events]:  eta: 0:30:36  iter: 17079  total_loss: 0.02758  time: 0.6251  data_time: 0.0060  lr: 1.0343e-05  max_mem: 11599M
[12/10 02:59:25 d2.utils.events]:  eta: 0:30:23  iter: 17099  total_loss: 0.03087  time: 0.6251  data_time: 0.0058  lr: 1.0204e-05  max_mem: 11599M
[12/10 02:59:37 d2.utils.events]:  eta: 0:30:10  iter: 17119  total_loss: 0.023  time: 0.6251  data_time: 0.0060  lr: 1.0066e-05  max_mem: 11599M
[12/10 02:59:50 d2.utils.events]:  eta: 0:29:58  iter: 17139  total_loss: 0.0311  time: 0.6251  data_time: 0.0059  lr: 9.9294e-06  max_mem: 11599M
[12/10 03:00:02 d2.utils.events]:  eta: 0:29:45  iter: 17159  total_loss: 0.02415  time: 0.6251  data_time: 0.0062  lr: 9.7934e-06  max_mem: 11599M
[12/10 03:00:15 d2.utils.events]:  eta: 0:29:32  iter: 17179  total_loss: 0.02394  time: 0.6251  data_time: 0.0059  lr: 9.6582e-06  max_mem: 11599M
[12/10 03:00:28 d2.utils.events]:  eta: 0:29:20  iter: 17199  total_loss: 0.02559  time: 0.6251  data_time: 0.0063  lr: 9.524e-06  max_mem: 11599M
[12/10 03:00:40 d2.utils.events]:  eta: 0:29:07  iter: 17219  total_loss: 0.02855  time: 0.6251  data_time: 0.0061  lr: 9.3906e-06  max_mem: 11599M
[12/10 03:00:53 d2.utils.events]:  eta: 0:28:54  iter: 17239  total_loss: 0.02856  time: 0.6251  data_time: 0.0060  lr: 9.2582e-06  max_mem: 11599M
[12/10 03:01:05 d2.utils.events]:  eta: 0:28:42  iter: 17259  total_loss: 0.02726  time: 0.6251  data_time: 0.0064  lr: 9.1266e-06  max_mem: 11599M
[12/10 03:01:18 d2.utils.events]:  eta: 0:28:29  iter: 17279  total_loss: 0.02752  time: 0.6251  data_time: 0.0058  lr: 8.9959e-06  max_mem: 11599M
[12/10 03:01:30 d2.utils.events]:  eta: 0:28:16  iter: 17299  total_loss: 0.02982  time: 0.6251  data_time: 0.0060  lr: 8.8661e-06  max_mem: 11599M
[12/10 03:01:43 d2.utils.events]:  eta: 0:28:03  iter: 17319  total_loss: 0.02575  time: 0.6251  data_time: 0.0059  lr: 8.7373e-06  max_mem: 11599M
[12/10 03:02:01 d2.utils.events]:  eta: 0:27:50  iter: 17339  total_loss: 0.03178  time: 0.6251  data_time: 0.0060  lr: 8.6093e-06  max_mem: 11599M
[12/10 03:02:14 d2.utils.events]:  eta: 0:27:37  iter: 17359  total_loss: 0.02562  time: 0.6251  data_time: 0.0059  lr: 8.4822e-06  max_mem: 11599M
[12/10 03:02:26 d2.utils.events]:  eta: 0:27:24  iter: 17379  total_loss: 0.02631  time: 0.6251  data_time: 0.0060  lr: 8.356e-06  max_mem: 11599M
[12/10 03:02:39 d2.utils.events]:  eta: 0:27:11  iter: 17399  total_loss: 0.02582  time: 0.6251  data_time: 0.0061  lr: 8.2308e-06  max_mem: 11599M
[12/10 03:02:51 d2.utils.events]:  eta: 0:26:59  iter: 17419  total_loss: 0.02498  time: 0.6251  data_time: 0.0061  lr: 8.1064e-06  max_mem: 11599M
[12/10 03:03:04 d2.utils.events]:  eta: 0:26:46  iter: 17439  total_loss: 0.02917  time: 0.6251  data_time: 0.0063  lr: 7.983e-06  max_mem: 11599M
[12/10 03:03:17 d2.utils.events]:  eta: 0:26:34  iter: 17459  total_loss: 0.02607  time: 0.6251  data_time: 0.0059  lr: 7.8604e-06  max_mem: 11599M
[12/10 03:03:29 d2.utils.events]:  eta: 0:26:21  iter: 17479  total_loss: 0.02771  time: 0.6251  data_time: 0.0062  lr: 7.7388e-06  max_mem: 11599M
[12/10 03:03:42 d2.utils.events]:  eta: 0:26:09  iter: 17499  total_loss: 0.02802  time: 0.6251  data_time: 0.0060  lr: 7.6181e-06  max_mem: 11599M
[12/10 03:03:55 d2.utils.events]:  eta: 0:25:56  iter: 17519  total_loss: 0.02599  time: 0.6251  data_time: 0.0062  lr: 7.4982e-06  max_mem: 11599M
[12/10 03:04:07 d2.utils.events]:  eta: 0:25:43  iter: 17539  total_loss: 0.0282  time: 0.6251  data_time: 0.0062  lr: 7.3793e-06  max_mem: 11599M
[12/10 03:04:20 d2.utils.events]:  eta: 0:25:31  iter: 17559  total_loss: 0.0271  time: 0.6251  data_time: 0.0060  lr: 7.2614e-06  max_mem: 11599M
[12/10 03:04:32 d2.utils.events]:  eta: 0:25:18  iter: 17579  total_loss: 0.02619  time: 0.6251  data_time: 0.0059  lr: 7.1443e-06  max_mem: 11599M
[12/10 03:04:45 d2.utils.events]:  eta: 0:25:06  iter: 17599  total_loss: 0.02409  time: 0.6252  data_time: 0.0064  lr: 7.0281e-06  max_mem: 11599M
[12/10 03:04:58 d2.utils.events]:  eta: 0:24:53  iter: 17619  total_loss: 0.02919  time: 0.6252  data_time: 0.0064  lr: 6.9129e-06  max_mem: 11599M
[12/10 03:05:10 d2.utils.events]:  eta: 0:24:40  iter: 17639  total_loss: 0.02613  time: 0.6252  data_time: 0.0060  lr: 6.7986e-06  max_mem: 11599M
[12/10 03:05:23 d2.utils.events]:  eta: 0:24:27  iter: 17659  total_loss: 0.02646  time: 0.6252  data_time: 0.0059  lr: 6.6852e-06  max_mem: 11599M
[12/10 03:05:36 d2.utils.events]:  eta: 0:24:15  iter: 17679  total_loss: 0.02638  time: 0.6252  data_time: 0.0060  lr: 6.5727e-06  max_mem: 11599M
[12/10 03:05:48 d2.utils.events]:  eta: 0:24:03  iter: 17699  total_loss: 0.0258  time: 0.6252  data_time: 0.0060  lr: 6.4612e-06  max_mem: 11599M
[12/10 03:06:01 d2.utils.events]:  eta: 0:23:50  iter: 17719  total_loss: 0.03151  time: 0.6252  data_time: 0.0060  lr: 6.3505e-06  max_mem: 11599M
[12/10 03:06:14 d2.utils.events]:  eta: 0:23:37  iter: 17739  total_loss: 0.02509  time: 0.6252  data_time: 0.0064  lr: 6.2408e-06  max_mem: 11599M
[12/10 03:06:27 d2.utils.events]:  eta: 0:23:25  iter: 17759  total_loss: 0.0251  time: 0.6252  data_time: 0.0063  lr: 6.132e-06  max_mem: 11599M
[12/10 03:06:39 d2.utils.events]:  eta: 0:23:12  iter: 17779  total_loss: 0.02665  time: 0.6252  data_time: 0.0060  lr: 6.0242e-06  max_mem: 11599M
[12/10 03:06:52 d2.utils.events]:  eta: 0:22:59  iter: 17799  total_loss: 0.02589  time: 0.6252  data_time: 0.0059  lr: 5.9172e-06  max_mem: 11599M
[12/10 03:07:04 d2.utils.events]:  eta: 0:22:46  iter: 17819  total_loss: 0.03055  time: 0.6252  data_time: 0.0059  lr: 5.8112e-06  max_mem: 11599M
[12/10 03:07:17 d2.utils.events]:  eta: 0:22:34  iter: 17839  total_loss: 0.02657  time: 0.6252  data_time: 0.0059  lr: 5.7062e-06  max_mem: 11599M
[12/10 03:07:29 d2.utils.events]:  eta: 0:22:21  iter: 17859  total_loss: 0.03028  time: 0.6252  data_time: 0.0061  lr: 5.602e-06  max_mem: 11599M
[12/10 03:07:42 d2.utils.events]:  eta: 0:22:08  iter: 17879  total_loss: 0.02668  time: 0.6252  data_time: 0.0058  lr: 5.4988e-06  max_mem: 11599M
[12/10 03:07:54 d2.utils.events]:  eta: 0:21:55  iter: 17899  total_loss: 0.02595  time: 0.6252  data_time: 0.0060  lr: 5.3966e-06  max_mem: 11599M
[12/10 03:08:07 d2.utils.events]:  eta: 0:21:42  iter: 17919  total_loss: 0.03232  time: 0.6252  data_time: 0.0061  lr: 5.2952e-06  max_mem: 11599M
[12/10 03:08:20 d2.utils.events]:  eta: 0:21:30  iter: 17939  total_loss: 0.02775  time: 0.6252  data_time: 0.0058  lr: 5.1948e-06  max_mem: 11599M
[12/10 03:08:32 d2.utils.events]:  eta: 0:21:17  iter: 17959  total_loss: 0.02518  time: 0.6252  data_time: 0.0055  lr: 5.0953e-06  max_mem: 11599M
[12/10 03:08:45 d2.utils.events]:  eta: 0:21:05  iter: 17979  total_loss: 0.03016  time: 0.6252  data_time: 0.0058  lr: 4.9968e-06  max_mem: 11599M
[12/10 03:08:58 d2.utils.events]:  eta: 0:20:53  iter: 17999  total_loss: 0.02611  time: 0.6252  data_time: 0.0059  lr: 4.8992e-06  max_mem: 11599M
[12/10 03:09:10 d2.utils.events]:  eta: 0:20:41  iter: 18019  total_loss: 0.02614  time: 0.6252  data_time: 0.0057  lr: 4.8025e-06  max_mem: 11599M
[12/10 03:09:23 d2.utils.events]:  eta: 0:20:28  iter: 18039  total_loss: 0.02342  time: 0.6253  data_time: 0.0060  lr: 4.7068e-06  max_mem: 11599M
[12/10 03:09:36 d2.utils.events]:  eta: 0:20:16  iter: 18059  total_loss: 0.02867  time: 0.6253  data_time: 0.0059  lr: 4.612e-06  max_mem: 11599M
[12/10 03:09:48 d2.utils.events]:  eta: 0:20:04  iter: 18079  total_loss: 0.0274  time: 0.6253  data_time: 0.0059  lr: 4.5182e-06  max_mem: 11599M
[12/10 03:10:01 d2.utils.events]:  eta: 0:19:51  iter: 18099  total_loss: 0.0261  time: 0.6253  data_time: 0.0059  lr: 4.4253e-06  max_mem: 11599M
[12/10 03:10:14 d2.utils.events]:  eta: 0:19:39  iter: 18119  total_loss: 0.02888  time: 0.6253  data_time: 0.0059  lr: 4.3334e-06  max_mem: 11599M
[12/10 03:10:26 d2.utils.events]:  eta: 0:19:27  iter: 18139  total_loss: 0.02963  time: 0.6253  data_time: 0.0061  lr: 4.2424e-06  max_mem: 11599M
[12/10 03:10:39 d2.utils.events]:  eta: 0:19:15  iter: 18159  total_loss: 0.02728  time: 0.6253  data_time: 0.0061  lr: 4.1523e-06  max_mem: 11599M
[12/10 03:10:52 d2.utils.events]:  eta: 0:19:02  iter: 18179  total_loss: 0.02571  time: 0.6253  data_time: 0.0059  lr: 4.0632e-06  max_mem: 11599M
[12/10 03:11:04 d2.utils.events]:  eta: 0:18:50  iter: 18199  total_loss: 0.02567  time: 0.6253  data_time: 0.0060  lr: 3.975e-06  max_mem: 11599M
[12/10 03:11:17 d2.utils.events]:  eta: 0:18:37  iter: 18219  total_loss: 0.02773  time: 0.6253  data_time: 0.0063  lr: 3.8878e-06  max_mem: 11599M
[12/10 03:11:30 d2.utils.events]:  eta: 0:18:25  iter: 18239  total_loss: 0.02175  time: 0.6253  data_time: 0.0058  lr: 3.8015e-06  max_mem: 11599M
[12/10 03:11:42 d2.utils.events]:  eta: 0:18:13  iter: 18259  total_loss: 0.02906  time: 0.6253  data_time: 0.0059  lr: 3.7162e-06  max_mem: 11599M
[12/10 03:11:55 d2.utils.events]:  eta: 0:18:01  iter: 18279  total_loss: 0.02643  time: 0.6253  data_time: 0.0064  lr: 3.6318e-06  max_mem: 11599M
[12/10 03:12:08 d2.utils.events]:  eta: 0:17:48  iter: 18299  total_loss: 0.02836  time: 0.6253  data_time: 0.0058  lr: 3.5484e-06  max_mem: 11599M
[12/10 03:12:20 d2.utils.events]:  eta: 0:17:36  iter: 18319  total_loss: 0.02472  time: 0.6253  data_time: 0.0060  lr: 3.4659e-06  max_mem: 11599M
[12/10 03:12:33 d2.utils.events]:  eta: 0:17:23  iter: 18339  total_loss: 0.02561  time: 0.6253  data_time: 0.0059  lr: 3.3844e-06  max_mem: 11599M
[12/10 03:12:46 d2.utils.events]:  eta: 0:17:11  iter: 18359  total_loss: 0.02946  time: 0.6253  data_time: 0.0060  lr: 3.3039e-06  max_mem: 11599M
[12/10 03:12:58 d2.utils.events]:  eta: 0:16:59  iter: 18379  total_loss: 0.0246  time: 0.6253  data_time: 0.0062  lr: 3.2242e-06  max_mem: 11599M
[12/10 03:13:11 d2.utils.events]:  eta: 0:16:46  iter: 18399  total_loss: 0.02607  time: 0.6253  data_time: 0.0062  lr: 3.1456e-06  max_mem: 11599M
[12/10 03:13:23 d2.utils.events]:  eta: 0:16:33  iter: 18419  total_loss: 0.02768  time: 0.6254  data_time: 0.0076  lr: 3.0679e-06  max_mem: 11599M
[12/10 03:13:36 d2.utils.events]:  eta: 0:16:21  iter: 18439  total_loss: 0.02613  time: 0.6254  data_time: 0.0058  lr: 2.9912e-06  max_mem: 11599M
[12/10 03:13:49 d2.utils.events]:  eta: 0:16:08  iter: 18459  total_loss: 0.0241  time: 0.6254  data_time: 0.0067  lr: 2.9154e-06  max_mem: 11599M
[12/10 03:14:01 d2.utils.events]:  eta: 0:15:56  iter: 18479  total_loss: 0.0283  time: 0.6254  data_time: 0.0069  lr: 2.8405e-06  max_mem: 11599M
[12/10 03:14:14 d2.utils.events]:  eta: 0:15:43  iter: 18499  total_loss: 0.02597  time: 0.6254  data_time: 0.0075  lr: 2.7667e-06  max_mem: 11599M
[12/10 03:14:27 d2.utils.events]:  eta: 0:15:31  iter: 18519  total_loss: 0.02335  time: 0.6254  data_time: 0.0067  lr: 2.6938e-06  max_mem: 11599M
[12/10 03:14:39 d2.utils.events]:  eta: 0:15:18  iter: 18539  total_loss: 0.02979  time: 0.6254  data_time: 0.0075  lr: 2.6218e-06  max_mem: 11599M
[12/10 03:14:52 d2.utils.events]:  eta: 0:15:06  iter: 18559  total_loss: 0.02806  time: 0.6254  data_time: 0.0065  lr: 2.5508e-06  max_mem: 11599M
[12/10 03:15:05 d2.utils.events]:  eta: 0:14:53  iter: 18579  total_loss: 0.02924  time: 0.6254  data_time: 0.0064  lr: 2.4808e-06  max_mem: 11599M
[12/10 03:15:17 d2.utils.events]:  eta: 0:14:41  iter: 18599  total_loss: 0.02607  time: 0.6254  data_time: 0.0065  lr: 2.4118e-06  max_mem: 11599M
[12/10 03:15:30 d2.utils.events]:  eta: 0:14:28  iter: 18619  total_loss: 0.02864  time: 0.6254  data_time: 0.0061  lr: 2.3437e-06  max_mem: 11599M
[12/10 03:15:43 d2.utils.events]:  eta: 0:14:16  iter: 18639  total_loss: 0.02333  time: 0.6254  data_time: 0.0066  lr: 2.2765e-06  max_mem: 11599M
[12/10 03:15:56 d2.utils.events]:  eta: 0:14:03  iter: 18659  total_loss: 0.03424  time: 0.6254  data_time: 0.0066  lr: 2.2103e-06  max_mem: 11599M
[12/10 03:16:08 d2.utils.events]:  eta: 0:13:51  iter: 18679  total_loss: 0.02605  time: 0.6254  data_time: 0.0062  lr: 2.1451e-06  max_mem: 11599M
[12/10 03:16:21 d2.utils.events]:  eta: 0:13:38  iter: 18699  total_loss: 0.03273  time: 0.6254  data_time: 0.0060  lr: 2.0809e-06  max_mem: 11599M
[12/10 03:16:34 d2.utils.events]:  eta: 0:13:26  iter: 18719  total_loss: 0.02698  time: 0.6255  data_time: 0.0062  lr: 2.0176e-06  max_mem: 11599M
[12/10 03:16:46 d2.utils.events]:  eta: 0:13:13  iter: 18739  total_loss: 0.02776  time: 0.6255  data_time: 0.0063  lr: 1.9553e-06  max_mem: 11599M
[12/10 03:16:59 d2.utils.events]:  eta: 0:13:00  iter: 18759  total_loss: 0.02767  time: 0.6255  data_time: 0.0059  lr: 1.894e-06  max_mem: 11599M
[12/10 03:17:12 d2.utils.events]:  eta: 0:12:48  iter: 18779  total_loss: 0.02853  time: 0.6255  data_time: 0.0066  lr: 1.8336e-06  max_mem: 11599M
[12/10 03:17:24 d2.utils.events]:  eta: 0:12:35  iter: 18799  total_loss: 0.02711  time: 0.6255  data_time: 0.0065  lr: 1.7742e-06  max_mem: 11599M
[12/10 03:17:37 d2.utils.events]:  eta: 0:12:23  iter: 18819  total_loss: 0.03045  time: 0.6255  data_time: 0.0068  lr: 1.7158e-06  max_mem: 11599M
[12/10 03:17:50 d2.utils.events]:  eta: 0:12:11  iter: 18839  total_loss: 0.02697  time: 0.6255  data_time: 0.0072  lr: 1.6583e-06  max_mem: 11599M
[12/10 03:18:02 d2.utils.events]:  eta: 0:11:58  iter: 18859  total_loss: 0.02733  time: 0.6255  data_time: 0.0063  lr: 1.6018e-06  max_mem: 11599M
[12/10 03:18:15 d2.utils.events]:  eta: 0:11:46  iter: 18879  total_loss: 0.02768  time: 0.6255  data_time: 0.0067  lr: 1.5463e-06  max_mem: 11599M
[12/10 03:18:28 d2.utils.events]:  eta: 0:11:33  iter: 18899  total_loss: 0.02648  time: 0.6255  data_time: 0.0067  lr: 1.4918e-06  max_mem: 11599M
[12/10 03:18:41 d2.utils.events]:  eta: 0:11:20  iter: 18919  total_loss: 0.03155  time: 0.6255  data_time: 0.0072  lr: 1.4382e-06  max_mem: 11599M
[12/10 03:18:53 d2.utils.events]:  eta: 0:11:08  iter: 18939  total_loss: 0.02658  time: 0.6255  data_time: 0.0065  lr: 1.3856e-06  max_mem: 11599M
[12/10 03:19:06 d2.utils.events]:  eta: 0:10:55  iter: 18959  total_loss: 0.02571  time: 0.6255  data_time: 0.0066  lr: 1.334e-06  max_mem: 11599M
[12/10 03:19:19 d2.utils.events]:  eta: 0:10:43  iter: 18979  total_loss: 0.02693  time: 0.6255  data_time: 0.0072  lr: 1.2833e-06  max_mem: 11599M
[12/10 03:19:31 d2.utils.events]:  eta: 0:10:30  iter: 18999  total_loss: 0.02447  time: 0.6256  data_time: 0.0073  lr: 1.2336e-06  max_mem: 11599M
[12/10 03:19:44 d2.utils.events]:  eta: 0:10:17  iter: 19019  total_loss: 0.02612  time: 0.6256  data_time: 0.0065  lr: 1.1849e-06  max_mem: 11599M
[12/10 03:19:57 d2.utils.events]:  eta: 0:10:05  iter: 19039  total_loss: 0.02353  time: 0.6256  data_time: 0.0061  lr: 1.1372e-06  max_mem: 11599M
[12/10 03:20:09 d2.utils.events]:  eta: 0:09:52  iter: 19059  total_loss: 0.02377  time: 0.6256  data_time: 0.0064  lr: 1.0904e-06  max_mem: 11599M
[12/10 03:20:22 d2.utils.events]:  eta: 0:09:40  iter: 19079  total_loss: 0.02905  time: 0.6256  data_time: 0.0062  lr: 1.0447e-06  max_mem: 11599M
[12/10 03:20:35 d2.utils.events]:  eta: 0:09:27  iter: 19099  total_loss: 0.02557  time: 0.6256  data_time: 0.0063  lr: 9.9985e-07  max_mem: 11599M
[12/10 03:20:47 d2.utils.events]:  eta: 0:09:14  iter: 19119  total_loss: 0.02414  time: 0.6256  data_time: 0.0066  lr: 9.5602e-07  max_mem: 11599M
[12/10 03:21:00 d2.utils.events]:  eta: 0:09:02  iter: 19139  total_loss: 0.02826  time: 0.6256  data_time: 0.0065  lr: 9.1317e-07  max_mem: 11599M
[12/10 03:21:13 d2.utils.events]:  eta: 0:08:49  iter: 19159  total_loss: 0.02868  time: 0.6256  data_time: 0.0061  lr: 8.713e-07  max_mem: 11599M
[12/10 03:21:25 d2.utils.events]:  eta: 0:08:36  iter: 19179  total_loss: 0.02478  time: 0.6256  data_time: 0.0059  lr: 8.3041e-07  max_mem: 11599M
[12/10 03:21:38 d2.utils.events]:  eta: 0:08:24  iter: 19199  total_loss: 0.03087  time: 0.6256  data_time: 0.0063  lr: 7.905e-07  max_mem: 11599M
[12/10 03:21:51 d2.utils.events]:  eta: 0:08:11  iter: 19219  total_loss: 0.02771  time: 0.6256  data_time: 0.0066  lr: 7.5157e-07  max_mem: 11599M
[12/10 03:22:03 d2.utils.events]:  eta: 0:07:59  iter: 19239  total_loss: 0.03106  time: 0.6256  data_time: 0.0062  lr: 7.1361e-07  max_mem: 11599M
[12/10 03:22:16 d2.utils.events]:  eta: 0:07:46  iter: 19259  total_loss: 0.02503  time: 0.6256  data_time: 0.0068  lr: 6.7664e-07  max_mem: 11599M
[12/10 03:22:29 d2.utils.events]:  eta: 0:07:33  iter: 19279  total_loss: 0.02644  time: 0.6256  data_time: 0.0063  lr: 6.4064e-07  max_mem: 11599M
[12/10 03:22:41 d2.utils.events]:  eta: 0:07:21  iter: 19299  total_loss: 0.02691  time: 0.6256  data_time: 0.0066  lr: 6.0563e-07  max_mem: 11599M
[12/10 03:22:54 d2.utils.events]:  eta: 0:07:08  iter: 19319  total_loss: 0.0285  time: 0.6256  data_time: 0.0070  lr: 5.716e-07  max_mem: 11599M
[12/10 03:23:07 d2.utils.events]:  eta: 0:06:56  iter: 19339  total_loss: 0.02633  time: 0.6257  data_time: 0.0064  lr: 5.3855e-07  max_mem: 11599M
[12/10 03:23:19 d2.utils.events]:  eta: 0:06:43  iter: 19359  total_loss: 0.02413  time: 0.6257  data_time: 0.0061  lr: 5.0648e-07  max_mem: 11599M
[12/10 03:23:32 d2.utils.events]:  eta: 0:06:31  iter: 19379  total_loss: 0.02579  time: 0.6257  data_time: 0.0070  lr: 4.7539e-07  max_mem: 11599M
[12/10 03:23:45 d2.utils.events]:  eta: 0:06:18  iter: 19399  total_loss: 0.02354  time: 0.6257  data_time: 0.0071  lr: 4.4528e-07  max_mem: 11599M
[12/10 03:23:57 d2.utils.events]:  eta: 0:06:05  iter: 19419  total_loss: 0.02859  time: 0.6257  data_time: 0.0067  lr: 4.1616e-07  max_mem: 11599M
[12/10 03:24:10 d2.utils.events]:  eta: 0:05:53  iter: 19439  total_loss: 0.02892  time: 0.6257  data_time: 0.0068  lr: 3.8802e-07  max_mem: 11599M
[12/10 03:24:23 d2.utils.events]:  eta: 0:05:40  iter: 19459  total_loss: 0.02715  time: 0.6257  data_time: 0.0065  lr: 3.6086e-07  max_mem: 11599M
[12/10 03:24:35 d2.utils.events]:  eta: 0:05:28  iter: 19479  total_loss: 0.02599  time: 0.6257  data_time: 0.0065  lr: 3.3469e-07  max_mem: 11599M
[12/10 03:24:48 d2.utils.events]:  eta: 0:05:15  iter: 19499  total_loss: 0.02533  time: 0.6257  data_time: 0.0067  lr: 3.095e-07  max_mem: 11599M
[12/10 03:25:01 d2.utils.events]:  eta: 0:05:02  iter: 19519  total_loss: 0.0258  time: 0.6257  data_time: 0.0065  lr: 2.8529e-07  max_mem: 11599M
[12/10 03:25:13 d2.utils.events]:  eta: 0:04:50  iter: 19539  total_loss: 0.02564  time: 0.6257  data_time: 0.0072  lr: 2.6207e-07  max_mem: 11599M
[12/10 03:25:26 d2.utils.events]:  eta: 0:04:37  iter: 19559  total_loss: 0.03016  time: 0.6257  data_time: 0.0068  lr: 2.3984e-07  max_mem: 11599M
[12/10 03:25:38 d2.utils.events]:  eta: 0:04:24  iter: 19579  total_loss: 0.02978  time: 0.6257  data_time: 0.0064  lr: 2.1858e-07  max_mem: 11599M
[12/10 03:25:51 d2.utils.events]:  eta: 0:04:12  iter: 19599  total_loss: 0.03044  time: 0.6257  data_time: 0.0076  lr: 1.9831e-07  max_mem: 11599M
[12/10 03:26:04 d2.utils.events]:  eta: 0:03:59  iter: 19619  total_loss: 0.02621  time: 0.6257  data_time: 0.0066  lr: 1.7903e-07  max_mem: 11599M
[12/10 03:26:16 d2.utils.events]:  eta: 0:03:46  iter: 19639  total_loss: 0.0275  time: 0.6257  data_time: 0.0065  lr: 1.6073e-07  max_mem: 11599M
[12/10 03:26:29 d2.utils.events]:  eta: 0:03:34  iter: 19659  total_loss: 0.03084  time: 0.6257  data_time: 0.0067  lr: 1.4342e-07  max_mem: 11599M
[12/10 03:26:42 d2.utils.events]:  eta: 0:03:21  iter: 19679  total_loss: 0.02696  time: 0.6257  data_time: 0.0065  lr: 1.2709e-07  max_mem: 11599M
[12/10 03:26:54 d2.utils.events]:  eta: 0:03:09  iter: 19699  total_loss: 0.02295  time: 0.6257  data_time: 0.0065  lr: 1.1175e-07  max_mem: 11599M
[12/10 03:27:07 d2.utils.events]:  eta: 0:02:56  iter: 19719  total_loss: 0.02722  time: 0.6257  data_time: 0.0060  lr: 9.7398e-08  max_mem: 11599M
[12/10 03:27:20 d2.utils.events]:  eta: 0:02:43  iter: 19739  total_loss: 0.02395  time: 0.6257  data_time: 0.0070  lr: 8.4029e-08  max_mem: 11599M
[12/10 03:27:32 d2.utils.events]:  eta: 0:02:31  iter: 19759  total_loss: 0.02794  time: 0.6257  data_time: 0.0065  lr: 7.1646e-08  max_mem: 11599M
[12/10 03:27:45 d2.utils.events]:  eta: 0:02:18  iter: 19779  total_loss: 0.02453  time: 0.6258  data_time: 0.0063  lr: 6.0249e-08  max_mem: 11599M
[12/10 03:27:58 d2.utils.events]:  eta: 0:02:06  iter: 19799  total_loss: 0.03075  time: 0.6258  data_time: 0.0067  lr: 4.9839e-08  max_mem: 11599M
[12/10 03:28:10 d2.utils.events]:  eta: 0:01:53  iter: 19819  total_loss: 0.02513  time: 0.6258  data_time: 0.0067  lr: 4.0415e-08  max_mem: 11599M
[12/10 03:28:23 d2.utils.events]:  eta: 0:01:40  iter: 19839  total_loss: 0.02479  time: 0.6258  data_time: 0.0063  lr: 3.1977e-08  max_mem: 11599M
[12/10 03:28:36 d2.utils.events]:  eta: 0:01:28  iter: 19859  total_loss: 0.02589  time: 0.6258  data_time: 0.0061  lr: 2.4526e-08  max_mem: 11599M
[12/10 03:28:48 d2.utils.events]:  eta: 0:01:15  iter: 19879  total_loss: 0.02728  time: 0.6258  data_time: 0.0066  lr: 1.8062e-08  max_mem: 11599M
[12/10 03:29:01 d2.utils.events]:  eta: 0:01:03  iter: 19899  total_loss: 0.02312  time: 0.6258  data_time: 0.0066  lr: 1.2585e-08  max_mem: 11599M
[12/10 03:29:14 d2.utils.events]:  eta: 0:00:50  iter: 19919  total_loss: 0.02898  time: 0.6258  data_time: 0.0064  lr: 8.0942e-09  max_mem: 11599M
[12/10 03:29:26 d2.utils.events]:  eta: 0:00:37  iter: 19939  total_loss: 0.02861  time: 0.6258  data_time: 0.0062  lr: 4.5906e-09  max_mem: 11599M
[12/10 03:29:39 d2.utils.events]:  eta: 0:00:25  iter: 19959  total_loss: 0.02625  time: 0.6258  data_time: 0.0061  lr: 2.0738e-09  max_mem: 11599M
[12/10 03:29:52 d2.utils.events]:  eta: 0:00:12  iter: 19979  total_loss: 0.02609  time: 0.6258  data_time: 0.0067  lr: 5.4406e-10  max_mem: 11599M
[12/10 03:30:04 fvcore.common.checkpoint]: Saving checkpoint to outputs/gta_seen7_eva_L14_r448/model_0019999.pth
[12/10 03:30:06 fvcore.common.checkpoint]: Saving checkpoint to outputs/gta_seen7_eva_L14_r448/model_final.pth
[12/10 03:30:08 d2.utils.events]:  eta: 0:00:00  iter: 19999  total_loss: 0.02446  time: 0.6258  data_time: 0.0065  lr: 1.2337e-12  max_mem: 11599M
[12/10 03:30:08 d2.engine.hooks]: Overall training speed: 19998 iterations in 3:28:35 (0.6258 s / it)
[12/10 03:30:08 d2.engine.hooks]: Total training time: 3:35:30 (0:06:55 on hooks)
[12/10 03:30:08 d2.data.dataset_mapper]: [DatasetMapper] Augmentations used in inference: [ResizeShortestEdge(short_edge_length=(448, 448), max_size=1008, sample_style='choice')]
[12/10 03:30:08 d2.data.common]: Serializing 998 elements to byte tensors and concatenating them all ...
[12/10 03:30:08 d2.data.common]: Serialized dataset takes 0.27 MiB
[12/10 03:30:08 d2.evaluation.evaluator]: Start inference on 998 batches
[12/10 03:30:13 d2.evaluation.evaluator]: Inference done 11/998. Dataloading: 0.0007 s/iter. Inference: 0.1616 s/iter. Eval: 0.1748 s/iter. Total: 0.3372 s/iter. ETA=0:05:32
[12/10 03:30:18 d2.evaluation.evaluator]: Inference done 26/998. Dataloading: 0.0013 s/iter. Inference: 0.1623 s/iter. Eval: 0.1770 s/iter. Total: 0.3407 s/iter. ETA=0:05:31
[12/10 03:30:23 d2.evaluation.evaluator]: Inference done 41/998. Dataloading: 0.0015 s/iter. Inference: 0.1622 s/iter. Eval: 0.1804 s/iter. Total: 0.3442 s/iter. ETA=0:05:29
[12/10 03:30:28 d2.evaluation.evaluator]: Inference done 56/998. Dataloading: 0.0016 s/iter. Inference: 0.1613 s/iter. Eval: 0.1821 s/iter. Total: 0.3451 s/iter. ETA=0:05:25
[12/10 03:30:34 d2.evaluation.evaluator]: Inference done 71/998. Dataloading: 0.0017 s/iter. Inference: 0.1610 s/iter. Eval: 0.1818 s/iter. Total: 0.3445 s/iter. ETA=0:05:19
[12/10 03:30:39 d2.evaluation.evaluator]: Inference done 86/998. Dataloading: 0.0017 s/iter. Inference: 0.1607 s/iter. Eval: 0.1800 s/iter. Total: 0.3425 s/iter. ETA=0:05:12
[12/10 03:30:44 d2.evaluation.evaluator]: Inference done 101/998. Dataloading: 0.0017 s/iter. Inference: 0.1609 s/iter. Eval: 0.1802 s/iter. Total: 0.3429 s/iter. ETA=0:05:07
[12/10 03:30:49 d2.evaluation.evaluator]: Inference done 116/998. Dataloading: 0.0017 s/iter. Inference: 0.1608 s/iter. Eval: 0.1792 s/iter. Total: 0.3418 s/iter. ETA=0:05:01
[12/10 03:30:54 d2.evaluation.evaluator]: Inference done 131/998. Dataloading: 0.0018 s/iter. Inference: 0.1607 s/iter. Eval: 0.1783 s/iter. Total: 0.3409 s/iter. ETA=0:04:55
[12/10 03:30:59 d2.evaluation.evaluator]: Inference done 147/998. Dataloading: 0.0018 s/iter. Inference: 0.1606 s/iter. Eval: 0.1771 s/iter. Total: 0.3395 s/iter. ETA=0:04:48
[12/10 03:31:04 d2.evaluation.evaluator]: Inference done 163/998. Dataloading: 0.0018 s/iter. Inference: 0.1606 s/iter. Eval: 0.1760 s/iter. Total: 0.3385 s/iter. ETA=0:04:42
[12/10 03:31:09 d2.evaluation.evaluator]: Inference done 178/998. Dataloading: 0.0018 s/iter. Inference: 0.1604 s/iter. Eval: 0.1763 s/iter. Total: 0.3386 s/iter. ETA=0:04:37
[12/10 03:31:15 d2.evaluation.evaluator]: Inference done 194/998. Dataloading: 0.0018 s/iter. Inference: 0.1604 s/iter. Eval: 0.1758 s/iter. Total: 0.3382 s/iter. ETA=0:04:31
[12/10 03:31:20 d2.evaluation.evaluator]: Inference done 209/998. Dataloading: 0.0018 s/iter. Inference: 0.1604 s/iter. Eval: 0.1758 s/iter. Total: 0.3381 s/iter. ETA=0:04:26
[12/10 03:31:25 d2.evaluation.evaluator]: Inference done 224/998. Dataloading: 0.0018 s/iter. Inference: 0.1604 s/iter. Eval: 0.1757 s/iter. Total: 0.3381 s/iter. ETA=0:04:21
[12/10 03:31:30 d2.evaluation.evaluator]: Inference done 239/998. Dataloading: 0.0018 s/iter. Inference: 0.1606 s/iter. Eval: 0.1759 s/iter. Total: 0.3384 s/iter. ETA=0:04:16
[12/10 03:31:35 d2.evaluation.evaluator]: Inference done 254/998. Dataloading: 0.0018 s/iter. Inference: 0.1606 s/iter. Eval: 0.1761 s/iter. Total: 0.3386 s/iter. ETA=0:04:11
[12/10 03:31:40 d2.evaluation.evaluator]: Inference done 269/998. Dataloading: 0.0018 s/iter. Inference: 0.1607 s/iter. Eval: 0.1766 s/iter. Total: 0.3392 s/iter. ETA=0:04:07
[12/10 03:31:46 d2.evaluation.evaluator]: Inference done 284/998. Dataloading: 0.0018 s/iter. Inference: 0.1606 s/iter. Eval: 0.1771 s/iter. Total: 0.3396 s/iter. ETA=0:04:02
[12/10 03:31:51 d2.evaluation.evaluator]: Inference done 299/998. Dataloading: 0.0018 s/iter. Inference: 0.1605 s/iter. Eval: 0.1770 s/iter. Total: 0.3395 s/iter. ETA=0:03:57
[12/10 03:31:56 d2.evaluation.evaluator]: Inference done 315/998. Dataloading: 0.0019 s/iter. Inference: 0.1605 s/iter. Eval: 0.1766 s/iter. Total: 0.3391 s/iter. ETA=0:03:51
[12/10 03:32:01 d2.evaluation.evaluator]: Inference done 330/998. Dataloading: 0.0019 s/iter. Inference: 0.1605 s/iter. Eval: 0.1767 s/iter. Total: 0.3392 s/iter. ETA=0:03:46
[12/10 03:32:06 d2.evaluation.evaluator]: Inference done 345/998. Dataloading: 0.0019 s/iter. Inference: 0.1604 s/iter. Eval: 0.1772 s/iter. Total: 0.3396 s/iter. ETA=0:03:41
[12/10 03:32:11 d2.evaluation.evaluator]: Inference done 360/998. Dataloading: 0.0019 s/iter. Inference: 0.1603 s/iter. Eval: 0.1772 s/iter. Total: 0.3394 s/iter. ETA=0:03:36
[12/10 03:32:16 d2.evaluation.evaluator]: Inference done 375/998. Dataloading: 0.0019 s/iter. Inference: 0.1603 s/iter. Eval: 0.1770 s/iter. Total: 0.3392 s/iter. ETA=0:03:31
[12/10 03:32:21 d2.evaluation.evaluator]: Inference done 390/998. Dataloading: 0.0019 s/iter. Inference: 0.1602 s/iter. Eval: 0.1772 s/iter. Total: 0.3393 s/iter. ETA=0:03:26
[12/10 03:32:26 d2.evaluation.evaluator]: Inference done 405/998. Dataloading: 0.0019 s/iter. Inference: 0.1601 s/iter. Eval: 0.1770 s/iter. Total: 0.3391 s/iter. ETA=0:03:21
[12/10 03:32:32 d2.evaluation.evaluator]: Inference done 420/998. Dataloading: 0.0019 s/iter. Inference: 0.1601 s/iter. Eval: 0.1770 s/iter. Total: 0.3390 s/iter. ETA=0:03:15
[12/10 03:32:37 d2.evaluation.evaluator]: Inference done 435/998. Dataloading: 0.0019 s/iter. Inference: 0.1600 s/iter. Eval: 0.1772 s/iter. Total: 0.3391 s/iter. ETA=0:03:10
[12/10 03:32:42 d2.evaluation.evaluator]: Inference done 450/998. Dataloading: 0.0019 s/iter. Inference: 0.1600 s/iter. Eval: 0.1770 s/iter. Total: 0.3390 s/iter. ETA=0:03:05
[12/10 03:32:47 d2.evaluation.evaluator]: Inference done 465/998. Dataloading: 0.0019 s/iter. Inference: 0.1599 s/iter. Eval: 0.1770 s/iter. Total: 0.3389 s/iter. ETA=0:03:00
[12/10 03:32:52 d2.evaluation.evaluator]: Inference done 480/998. Dataloading: 0.0019 s/iter. Inference: 0.1599 s/iter. Eval: 0.1770 s/iter. Total: 0.3388 s/iter. ETA=0:02:55
[12/10 03:32:57 d2.evaluation.evaluator]: Inference done 495/998. Dataloading: 0.0019 s/iter. Inference: 0.1599 s/iter. Eval: 0.1773 s/iter. Total: 0.3391 s/iter. ETA=0:02:50
[12/10 03:33:02 d2.evaluation.evaluator]: Inference done 511/998. Dataloading: 0.0019 s/iter. Inference: 0.1598 s/iter. Eval: 0.1770 s/iter. Total: 0.3387 s/iter. ETA=0:02:44
[12/10 03:33:07 d2.evaluation.evaluator]: Inference done 527/998. Dataloading: 0.0019 s/iter. Inference: 0.1598 s/iter. Eval: 0.1766 s/iter. Total: 0.3383 s/iter. ETA=0:02:39
[12/10 03:33:12 d2.evaluation.evaluator]: Inference done 542/998. Dataloading: 0.0019 s/iter. Inference: 0.1597 s/iter. Eval: 0.1765 s/iter. Total: 0.3382 s/iter. ETA=0:02:34
[12/10 03:33:18 d2.evaluation.evaluator]: Inference done 557/998. Dataloading: 0.0019 s/iter. Inference: 0.1597 s/iter. Eval: 0.1765 s/iter. Total: 0.3382 s/iter. ETA=0:02:29
[12/10 03:33:23 d2.evaluation.evaluator]: Inference done 573/998. Dataloading: 0.0019 s/iter. Inference: 0.1596 s/iter. Eval: 0.1762 s/iter. Total: 0.3378 s/iter. ETA=0:02:23
[12/10 03:33:28 d2.evaluation.evaluator]: Inference done 588/998. Dataloading: 0.0019 s/iter. Inference: 0.1596 s/iter. Eval: 0.1762 s/iter. Total: 0.3377 s/iter. ETA=0:02:18
[12/10 03:33:33 d2.evaluation.evaluator]: Inference done 603/998. Dataloading: 0.0019 s/iter. Inference: 0.1596 s/iter. Eval: 0.1764 s/iter. Total: 0.3379 s/iter. ETA=0:02:13
[12/10 03:33:38 d2.evaluation.evaluator]: Inference done 618/998. Dataloading: 0.0019 s/iter. Inference: 0.1596 s/iter. Eval: 0.1765 s/iter. Total: 0.3380 s/iter. ETA=0:02:08
[12/10 03:33:43 d2.evaluation.evaluator]: Inference done 633/998. Dataloading: 0.0019 s/iter. Inference: 0.1595 s/iter. Eval: 0.1765 s/iter. Total: 0.3380 s/iter. ETA=0:02:03
[12/10 03:33:48 d2.evaluation.evaluator]: Inference done 648/998. Dataloading: 0.0019 s/iter. Inference: 0.1595 s/iter. Eval: 0.1764 s/iter. Total: 0.3379 s/iter. ETA=0:01:58
[12/10 03:33:53 d2.evaluation.evaluator]: Inference done 664/998. Dataloading: 0.0019 s/iter. Inference: 0.1595 s/iter. Eval: 0.1762 s/iter. Total: 0.3377 s/iter. ETA=0:01:52
[12/10 03:33:59 d2.evaluation.evaluator]: Inference done 679/998. Dataloading: 0.0019 s/iter. Inference: 0.1596 s/iter. Eval: 0.1762 s/iter. Total: 0.3378 s/iter. ETA=0:01:47
[12/10 03:34:04 d2.evaluation.evaluator]: Inference done 695/998. Dataloading: 0.0019 s/iter. Inference: 0.1596 s/iter. Eval: 0.1761 s/iter. Total: 0.3376 s/iter. ETA=0:01:42
[12/10 03:34:09 d2.evaluation.evaluator]: Inference done 711/998. Dataloading: 0.0019 s/iter. Inference: 0.1595 s/iter. Eval: 0.1760 s/iter. Total: 0.3375 s/iter. ETA=0:01:36
[12/10 03:34:14 d2.evaluation.evaluator]: Inference done 727/998. Dataloading: 0.0019 s/iter. Inference: 0.1595 s/iter. Eval: 0.1758 s/iter. Total: 0.3372 s/iter. ETA=0:01:31
[12/10 03:34:20 d2.evaluation.evaluator]: Inference done 743/998. Dataloading: 0.0019 s/iter. Inference: 0.1595 s/iter. Eval: 0.1756 s/iter. Total: 0.3370 s/iter. ETA=0:01:25
[12/10 03:34:25 d2.evaluation.evaluator]: Inference done 759/998. Dataloading: 0.0019 s/iter. Inference: 0.1595 s/iter. Eval: 0.1755 s/iter. Total: 0.3369 s/iter. ETA=0:01:20
[12/10 03:34:30 d2.evaluation.evaluator]: Inference done 775/998. Dataloading: 0.0019 s/iter. Inference: 0.1594 s/iter. Eval: 0.1752 s/iter. Total: 0.3366 s/iter. ETA=0:01:15
[12/10 03:34:35 d2.evaluation.evaluator]: Inference done 791/998. Dataloading: 0.0019 s/iter. Inference: 0.1594 s/iter. Eval: 0.1750 s/iter. Total: 0.3364 s/iter. ETA=0:01:09
[12/10 03:34:40 d2.evaluation.evaluator]: Inference done 807/998. Dataloading: 0.0019 s/iter. Inference: 0.1594 s/iter. Eval: 0.1748 s/iter. Total: 0.3361 s/iter. ETA=0:01:04
[12/10 03:34:46 d2.evaluation.evaluator]: Inference done 823/998. Dataloading: 0.0019 s/iter. Inference: 0.1594 s/iter. Eval: 0.1747 s/iter. Total: 0.3360 s/iter. ETA=0:00:58
[12/10 03:34:51 d2.evaluation.evaluator]: Inference done 838/998. Dataloading: 0.0019 s/iter. Inference: 0.1594 s/iter. Eval: 0.1746 s/iter. Total: 0.3360 s/iter. ETA=0:00:53
[12/10 03:34:56 d2.evaluation.evaluator]: Inference done 854/998. Dataloading: 0.0019 s/iter. Inference: 0.1594 s/iter. Eval: 0.1746 s/iter. Total: 0.3359 s/iter. ETA=0:00:48
[12/10 03:35:01 d2.evaluation.evaluator]: Inference done 870/998. Dataloading: 0.0019 s/iter. Inference: 0.1594 s/iter. Eval: 0.1743 s/iter. Total: 0.3356 s/iter. ETA=0:00:42
[12/10 03:35:06 d2.evaluation.evaluator]: Inference done 886/998. Dataloading: 0.0019 s/iter. Inference: 0.1594 s/iter. Eval: 0.1741 s/iter. Total: 0.3355 s/iter. ETA=0:00:37
[12/10 03:35:12 d2.evaluation.evaluator]: Inference done 902/998. Dataloading: 0.0019 s/iter. Inference: 0.1594 s/iter. Eval: 0.1739 s/iter. Total: 0.3353 s/iter. ETA=0:00:32
[12/10 03:35:17 d2.evaluation.evaluator]: Inference done 918/998. Dataloading: 0.0019 s/iter. Inference: 0.1595 s/iter. Eval: 0.1736 s/iter. Total: 0.3350 s/iter. ETA=0:00:26
[12/10 03:35:22 d2.evaluation.evaluator]: Inference done 934/998. Dataloading: 0.0019 s/iter. Inference: 0.1594 s/iter. Eval: 0.1735 s/iter. Total: 0.3349 s/iter. ETA=0:00:21
[12/10 03:35:27 d2.evaluation.evaluator]: Inference done 950/998. Dataloading: 0.0019 s/iter. Inference: 0.1595 s/iter. Eval: 0.1733 s/iter. Total: 0.3347 s/iter. ETA=0:00:16
[12/10 03:35:32 d2.evaluation.evaluator]: Inference done 966/998. Dataloading: 0.0019 s/iter. Inference: 0.1595 s/iter. Eval: 0.1730 s/iter. Total: 0.3345 s/iter. ETA=0:00:10
[12/10 03:35:37 d2.evaluation.evaluator]: Inference done 982/998. Dataloading: 0.0019 s/iter. Inference: 0.1596 s/iter. Eval: 0.1728 s/iter. Total: 0.3343 s/iter. ETA=0:00:05
[12/10 03:35:43 d2.evaluation.evaluator]: Inference done 998/998. Dataloading: 0.0019 s/iter. Inference: 0.1596 s/iter. Eval: 0.1726 s/iter. Total: 0.3341 s/iter. ETA=0:00:00
[12/10 03:35:43 d2.evaluation.evaluator]: Total inference time: 0:05:31.890180 (0.334230 s / iter per device, on 1 devices)
[12/10 03:35:43 d2.evaluation.evaluator]: Total inference pure compute time: 0:02:38 (0.159577 s / iter per device, on 1 devices)
[12/10 03:35:43 d2.evaluation.sem_seg_evaluation]: OrderedDict([('sem_seg', {'mIoU': 55.7968229797385, 'fwIoU': 75.30913525722116, 'IoU-road': 81.50498657511261, 'IoU-sidewalk': 37.325308179048946, 'IoU-building': 84.40535733964121, 'IoU-wall': 45.669435768684956, 'IoU-fence': 23.268695779915056, 'IoU-pole': 20.220112310096674, 'IoU-traffic light': 32.290990433479244, 'IoU-traffic sign': 35.25719300835754, 'IoU-vegetation': 74.25716960697912, 'IoU-terrain': 25.174304143283806, 'IoU-sky': 85.77500183016983, 'IoU-person': 46.87204592130327, 'IoU-rider': 5.3844226587278206, 'IoU-car': 76.41933162055594, 'IoU-truck': 49.373808433918775, 'IoU-bus': 23.272077266216442, 'IoU-train': 0.45118859797612176, 'IoU-motorcycle': 34.689154792037606, 'IoU-bicycle': 2.2414273329191685, 'IoU-bag': 62.816443730207496, 'IoU-ball': 80.88433373070552, 'IoU-barrel': 80.18047213473743, 'IoU-bench': 7.40945327782562, 'IoU-bird': 76.81346485465593, 'IoU-bottle': 90.02428322324442, 'IoU-cart': 46.321084846612806, 'IoU-cat': 81.32106460519728, 'IoU-chair': 70.26183395434666, 'IoU-cow': 64.85147714386747, 'IoU-deer': 60.79248030247878, 'IoU-dog': 72.7881562094534, 'IoU-drone': 58.584938181298426, 'IoU-elephant': 85.7356816682653, 'IoU-hat': 82.14184376836101, 'IoU-horse': 74.67430284828157, 'IoU-robot': 78.78028155571462, 'IoU-sheep': 53.51193669966694, 'IoU-table': 53.11507256313565, 'IoU-toy': 59.590175958368306, 'IoU-umbrella': 87.37210208334622, 'IoU-zebra': 75.84684723108352, 'mACC': 75.8419638175891, 'pACC': 84.34039675952138, 'ACC-road': 93.54995585803925, 'ACC-sidewalk': 42.07328375493854, 'ACC-building': 93.39844784868183, 'ACC-wall': 62.346066424190006, 'ACC-fence': 31.06030504649257, 'ACC-pole': 47.589031932629666, 'ACC-traffic light': 55.832533132593824, 'ACC-traffic sign': 57.647225577439784, 'ACC-vegetation': 81.62312381037768, 'ACC-terrain': 30.61314798317874, 'ACC-sky': 91.31126990946598, 'ACC-person': 60.96747535452979, 'ACC-rider': 16.11574972048853, 'ACC-car': 86.18298019630406, 'ACC-truck': 92.32604084761105, 'ACC-bus': 92.53605525691604, 'ACC-train': 0.514569810765671, 'ACC-motorcycle': 56.5884713539362, 'ACC-bicycle': 49.84368674964821, 'ACC-bag': 94.61844325417262, 'ACC-ball': 97.41653381068255, 'ACC-barrel': 93.71184820180922, 'ACC-bench': 85.68614205689487, 'ACC-bird': 94.02177327151885, 'ACC-bottle': 97.51104901868594, 'ACC-cart': 91.40318457502798, 'ACC-cat': 95.65428555709582, 'ACC-chair': 90.86268208493377, 'ACC-cow': 96.0014902765181, 'ACC-deer': 86.26037378101304, 'ACC-dog': 93.92753362902097, 'ACC-drone': 82.93314686563167, 'ACC-elephant': 96.36199859959778, 'ACC-hat': 94.44775824284467, 'ACC-horse': 96.75406932899497, 'ACC-robot': 94.37483192685457, 'ACC-sheep': 73.91322522025841, 'ACC-table': 62.35252295577869, 'ACC-toy': 64.25446841833678, 'ACC-umbrella': 96.24712618230988, 'ACC-zebra': 88.68660869494417})])
[12/10 03:35:43 d2.engine.defaults]: Evaluation results for acdc_inpaint41_test in csv format:
[12/10 03:35:43 d2.evaluation.testing]: copypaste: Task: sem_seg
[12/10 03:35:43 d2.evaluation.testing]: copypaste: mIoU,fwIoU,mACC,pACC
[12/10 03:35:43 d2.evaluation.testing]: copypaste: 55.7968,75.3091,75.8420,84.3404
/data/zd/TTA_VLM/S2_Corr/train_net.py:16: FutureWarning: In the future `np.bool` will be defined as the corresponding NumPy scalar.
  if not hasattr(np, _name):
/data/zd/TTA_VLM/S2_Corr/train_net.py:16: FutureWarning: In the future `np.object` will be defined as the corresponding NumPy scalar.
  if not hasattr(np, _name):
/data/zd/TTA_VLM/S2_Corr/train_net.py:18: FutureWarning: In the future `np.long` will be defined as the corresponding NumPy scalar.
  if not hasattr(np, "long"):
/data2/anaconda3/envs/DeCLIP_CATSeg/lib/python3.10/site-packages/torchvision/datapoints/__init__.py:12: UserWarning: The torchvision.datapoints and torchvision.transforms.v2 namespaces are still Beta. While we do not expect major breaking changes, some APIs may still change according to user feedback. Please submit any feedback you may have in this issue: https://github.com/pytorch/vision/issues/6753, and you can also check out https://github.com/pytorch/vision/issues/7319 to learn more about the APIs that we suspect might involve future changes. You can silence this warning by calling torchvision.disable_beta_transforms_warning().
  warnings.warn(_BETA_TRANSFORMS_WARNING)
/data2/anaconda3/envs/DeCLIP_CATSeg/lib/python3.10/site-packages/torchvision/transforms/v2/__init__.py:54: UserWarning: The torchvision.datapoints and torchvision.transforms.v2 namespaces are still Beta. While we do not expect major breaking changes, some APIs may still change according to user feedback. Please submit any feedback you may have in this issue: https://github.com/pytorch/vision/issues/6753, and you can also check out https://github.com/pytorch/vision/issues/7319 to learn more about the APIs that we suspect might involve future changes. You can silence this warning by calling torchvision.disable_beta_transforms_warning().
  warnings.warn(_BETA_TRANSFORMS_WARNING)
Please 'pip install apex'
Command Line Args: Namespace(config_file='configs/gta5_seen7_catseg_vitl.yaml', resume=False, eval_only=True, num_gpus=1, num_machines=1, machine_rank=0, dist_url='auto', opts=['OUTPUT_DIR', 'outputs/gta_seen7_eva_L14_r448//eval', 'MODEL.SEM_SEG_HEAD.TEST_CLASS_JSON', 'datasets/cityscapes_19.json', 'MODEL.SEM_SEG_HEAD.ENABLE_HIGH_RES', 'False', 'DATASETS.TEST', '("cityscapes19_val",)', 'TEST.SLIDING_WINDOW', 'True', 'MODEL.SEM_SEG_HEAD.POOLING_SIZES', '[1,1]', 'MODEL.WEIGHTS', 'outputs/gta_seen7_eva_L14_r448//model_0019999.pth'])
[12/10 03:35:48 detectron2]: Rank of current process: 0. World size: 1
[12/10 03:35:49 detectron2]: Environment info:
----------------------  ------------------------------------------------------------------------------------------
sys.platform            linux
Python                  3.10.0 (default, Mar  3 2022, 09:58:08) [GCC 7.5.0]
numpy                   1.26.4
detectron2              0.6 @/data2/anaconda3/envs/DeCLIP_CATSeg/lib/python3.10/site-packages/detectron2
Compiler                GCC 7.5
CUDA compiler           CUDA 11.6
detectron2 arch flags   8.0
DETECTRON2_ENV_MODULE   <not set>
PyTorch                 2.0.0+cu117 @/data2/anaconda3/envs/DeCLIP_CATSeg/lib/python3.10/site-packages/torch
PyTorch debug build     False
GPU available           Yes
GPU 0                   GeForce RTX 3090 (arch=8.6)
Driver version          460.84
CUDA_HOME               /usr/local/cuda-11.6
TORCH_CUDA_ARCH_LIST    8.0
Pillow                  9.1.0
torchvision             0.15.1+cu117 @/data2/anaconda3/envs/DeCLIP_CATSeg/lib/python3.10/site-packages/torchvision
torchvision arch flags  3.5, 5.0, 6.0, 7.0, 7.5, 8.0, 8.6
fvcore                  0.1.5.post20221221
iopath                  0.1.9
cv2                     4.11.0
----------------------  ------------------------------------------------------------------------------------------
PyTorch built with:
  - GCC 9.3
  - C++ Version: 201703
  - Intel(R) oneAPI Math Kernel Library Version 2022.2-Product Build 20220804 for Intel(R) 64 architecture applications
  - Intel(R) MKL-DNN v2.7.3 (Git Hash 6dbeffbae1f23cbbeae17adb7b5b13f1f37c080e)
  - OpenMP 201511 (a.k.a. OpenMP 4.5)
  - LAPACK is enabled (usually provided by MKL)
  - NNPACK is enabled
  - CPU capability usage: AVX2
  - CUDA Runtime 11.7
  - NVCC architecture flags: -gencode;arch=compute_37,code=sm_37;-gencode;arch=compute_50,code=sm_50;-gencode;arch=compute_60,code=sm_60;-gencode;arch=compute_70,code=sm_70;-gencode;arch=compute_75,code=sm_75;-gencode;arch=compute_80,code=sm_80;-gencode;arch=compute_86,code=sm_86
  - CuDNN 8.5
  - Magma 2.6.1
  - Build settings: BLAS_INFO=mkl, BUILD_TYPE=Release, CUDA_VERSION=11.7, CUDNN_VERSION=8.5.0, CXX_COMPILER=/opt/rh/devtoolset-9/root/usr/bin/c++, CXX_FLAGS= -D_GLIBCXX_USE_CXX11_ABI=0 -fabi-version=11 -Wno-deprecated -fvisibility-inlines-hidden -DUSE_PTHREADPOOL -DNDEBUG -DUSE_KINETO -DLIBKINETO_NOROCTRACER -DUSE_FBGEMM -DUSE_QNNPACK -DUSE_PYTORCH_QNNPACK -DUSE_XNNPACK -DSYMBOLICATE_MOBILE_DEBUG_HANDLE -O2 -fPIC -Wall -Wextra -Werror=return-type -Werror=non-virtual-dtor -Werror=bool-operation -Wnarrowing -Wno-missing-field-initializers -Wno-type-limits -Wno-array-bounds -Wno-unknown-pragmas -Wunused-local-typedefs -Wno-unused-parameter -Wno-unused-function -Wno-unused-result -Wno-strict-overflow -Wno-strict-aliasing -Wno-error=deprecated-declarations -Wno-stringop-overflow -Wno-psabi -Wno-error=pedantic -Wno-error=redundant-decls -Wno-error=old-style-cast -fdiagnostics-color=always -faligned-new -Wno-unused-but-set-variable -Wno-maybe-uninitialized -fno-math-errno -fno-trapping-math -Werror=format -Werror=cast-function-type -Wno-stringop-overflow, LAPACK_INFO=mkl, PERF_WITH_AVX=1, PERF_WITH_AVX2=1, PERF_WITH_AVX512=1, TORCH_DISABLE_GPU_ASSERTS=ON, TORCH_VERSION=2.0.0, USE_CUDA=ON, USE_CUDNN=ON, USE_EXCEPTION_PTR=1, USE_GFLAGS=OFF, USE_GLOG=OFF, USE_MKL=ON, USE_MKLDNN=ON, USE_MPI=OFF, USE_NCCL=1, USE_NNPACK=ON, USE_OPENMP=ON, USE_ROCM=OFF, 

[12/10 03:35:49 detectron2]: Command line arguments: Namespace(config_file='configs/gta5_seen7_catseg_vitl.yaml', resume=False, eval_only=True, num_gpus=1, num_machines=1, machine_rank=0, dist_url='auto', opts=['OUTPUT_DIR', 'outputs/gta_seen7_eva_L14_r448//eval', 'MODEL.SEM_SEG_HEAD.TEST_CLASS_JSON', 'datasets/cityscapes_19.json', 'MODEL.SEM_SEG_HEAD.ENABLE_HIGH_RES', 'False', 'DATASETS.TEST', '("cityscapes19_val",)', 'TEST.SLIDING_WINDOW', 'True', 'MODEL.SEM_SEG_HEAD.POOLING_SIZES', '[1,1]', 'MODEL.WEIGHTS', 'outputs/gta_seen7_eva_L14_r448//model_0019999.pth'])
[12/10 03:35:49 detectron2]: Contents of args.config_file=configs/gta5_seen7_catseg_vitl.yaml:
_BASE_: config.yaml
DATASETS:
  TRAIN: ("gta5_seen7_train_seg",)
  TEST:  ("acdc_inpaint41_test",)
MODEL:
  META_ARCHITECTURE: "CATSeg"
  PIXEL_MEAN: [123.675, 116.280, 103.530]
  PIXEL_STD: [58.395, 57.120, 57.375]
  SEM_SEG_HEAD:
    NAME: "CATSegHead"
    IN_FEATURES: ["res2", "res3", "res4"]
    IGNORE_VALUE: 255
    NUM_CLASSES: 19
    TRAIN_CLASS_JSON: "datasets/cityscapes_seen_7.json"
    TEST_CLASS_JSON:  "datasets/inpaint41_vocab.json"
    CLIP_PRETRAINED: "EVA02-CLIP-L-14-336"
    PROMPT_DEPTH: 0
    PROMPT_LENGTH: 0
    TEXT_GUIDANCE_DIM: 768
    TEXT_GUIDANCE_PROJ_DIM: 128
    APPEARANCE_GUIDANCE_DIM: 768
    APPEARANCE_GUIDANCE_PROJ_DIM: 128
    DECODER_DIMS: [64, 32]
    DECODER_GUIDANCE_DIMS: [256, 128]
    DECODER_GUIDANCE_PROJ_DIMS: [32, 16]
    NUM_LAYERS: 1
    NUM_HEADS: 4
    HIDDEN_DIMS: 128
    POOLING_SIZES: [ 1, 1 ]
    FEATURE_RESOLUTION: [32, 32]
    WINDOW_SIZES: 16
    ATTENTION_TYPE: "linear"
    CLIP_FINETUNE: "attention"
    CACHE_DIR: "/data/zd/TTA_VLM/pretrain/EVA02_CLIP_L_336_psz14_s6B.pt"
  PROMPT_ENSEMBLE_TYPE: "multi_domain"
INPUT:
  MIN_SIZE_TRAIN: (448, 640)
  MIN_SIZE_TRAIN_SAMPLING: "choice"
  MAX_SIZE_TRAIN: 1344
  MIN_SIZE_TEST: 448
  MAX_SIZE_TEST: 1008
  CROP:
    ENABLED: True
    TYPE: "absolute"
    SIZE: (448, 448)
  SIZE_DIVISIBILITY: 14
  FORMAT: "RGB"
  DATASET_MAPPER_NAME: "mask_former_semantic"
SOLVER:
  IMS_PER_BATCH: 3
  LR_SCHEDULER_NAME: "WarmupCosineLR"
  BASE_LR: 0.0002
  MAX_ITER: 20000
  BACKBONE_MULTIPLIER: 0.0
  CLIP_MULTIPLIER: 0.01
TEST:
  EVAL_PERIOD: 10000
  SLIDING_WINDOW: True
  SW_KERNEL: 448
  SW_OVERLAP: 0.333
  SW_OUT_RES: [448, 896]
  
[12/10 03:35:49 detectron2]: Running with full config:
CUDNN_BENCHMARK: true
DATALOADER:
  ASPECT_RATIO_GROUPING: true
  FILTER_EMPTY_ANNOTATIONS: true
  NUM_WORKERS: 8
  REPEAT_THRESHOLD: 0.0
  SAMPLER_TRAIN: TrainingSampler
DATASETS:
  PRECOMPUTED_PROPOSAL_TOPK_TEST: 1000
  PRECOMPUTED_PROPOSAL_TOPK_TRAIN: 2000
  PROPOSAL_FILES_TEST: []
  PROPOSAL_FILES_TRAIN: []
  TEST:
  - cityscapes19_val
  TRAIN:
  - gta5_seen7_train_seg
  VAL_ALL:
  - coco_2017_val_all_stuff_sem_seg
DDP:
  BROADCAST_BUFFERS: false
  FIND_UNUSED_PARAMETERS: true
GLOBAL:
  HACK: 1.0
INPUT:
  COLOR_AUG_SSD: true
  CROP:
    ENABLED: true
    SINGLE_CATEGORY_MAX_AREA: 1.0
    SIZE:
    - 448
    - 448
    TYPE: absolute
  DATASET_MAPPER_NAME: mask_former_semantic
  FORMAT: RGB
  MASK_FORMAT: polygon
  MAX_SIZE_TEST: 1008
  MAX_SIZE_TRAIN: 1344
  MIN_SIZE_TEST: 448
  MIN_SIZE_TRAIN:
  - 448
  - 640
  MIN_SIZE_TRAIN_SAMPLING: choice
  RANDOM_FLIP: horizontal
  SIZE_DIVISIBILITY: 14
MODEL:
  ANCHOR_GENERATOR:
    ANGLES:
    - - -90
      - 0
      - 90
    ASPECT_RATIOS:
    - - 0.5
      - 1.0
      - 2.0
    NAME: DefaultAnchorGenerator
    OFFSET: 0.0
    SIZES:
    - - 32
      - 64
      - 128
      - 256
      - 512
  BACKBONE:
    FREEZE_AT: 2
    NAME: build_resnet_backbone
  CLIP_PIXEL_MEAN:
  - 122.7709383
  - 116.7460125
  - 104.09373615
  CLIP_PIXEL_STD:
  - 68.5005327
  - 66.6321579
  - 70.323163
  DEVICE: cuda
  FPN:
    FUSE_TYPE: sum
    IN_FEATURES: []
    NORM: ''
    OUT_CHANNELS: 256
  KEYPOINT_ON: false
  LOAD_PROPOSALS: false
  MASK_FORMER:
    SIZE_DIVISIBILITY: 32
  MASK_ON: false
  META_ARCHITECTURE: CATSeg
  PANOPTIC_FPN:
    COMBINE:
      ENABLED: true
      INSTANCES_CONFIDENCE_THRESH: 0.5
      OVERLAP_THRESH: 0.5
      STUFF_AREA_LIMIT: 4096
    INSTANCE_LOSS_WEIGHT: 1.0
  PIXEL_MEAN:
  - 123.675
  - 116.28
  - 103.53
  PIXEL_STD:
  - 58.395
  - 57.12
  - 57.375
  PROMPT_ENSEMBLE: false
  PROMPT_ENSEMBLE_TYPE: multi_domain
  PROPOSAL_GENERATOR:
    MIN_SIZE: 0
    NAME: RPN
  RESNETS:
    DEFORM_MODULATED: false
    DEFORM_NUM_GROUPS: 1
    DEFORM_ON_PER_STAGE:
    - false
    - false
    - false
    - false
    DEPTH: 50
    NORM: FrozenBN
    NUM_GROUPS: 1
    OUT_FEATURES:
    - res4
    RES2_OUT_CHANNELS: 256
    RES4_DILATION: 1
    RES5_DILATION: 1
    RES5_MULTI_GRID:
    - 1
    - 2
    - 4
    STEM_OUT_CHANNELS: 64
    STEM_TYPE: deeplab
    STRIDE_IN_1X1: true
    WIDTH_PER_GROUP: 64
  RETINANET:
    BBOX_REG_LOSS_TYPE: smooth_l1
    BBOX_REG_WEIGHTS: &id002
    - 1.0
    - 1.0
    - 1.0
    - 1.0
    FOCAL_LOSS_ALPHA: 0.25
    FOCAL_LOSS_GAMMA: 2.0
    IN_FEATURES:
    - p3
    - p4
    - p5
    - p6
    - p7
    IOU_LABELS:
    - 0
    - -1
    - 1
    IOU_THRESHOLDS:
    - 0.4
    - 0.5
    NMS_THRESH_TEST: 0.5
    NORM: ''
    NUM_CLASSES: 80
    NUM_CONVS: 4
    PRIOR_PROB: 0.01
    SCORE_THRESH_TEST: 0.05
    SMOOTH_L1_LOSS_BETA: 0.1
    TOPK_CANDIDATES_TEST: 1000
  ROI_BOX_CASCADE_HEAD:
    BBOX_REG_WEIGHTS:
    - &id001
      - 10.0
      - 10.0
      - 5.0
      - 5.0
    - - 20.0
      - 20.0
      - 10.0
      - 10.0
    - - 30.0
      - 30.0
      - 15.0
      - 15.0
    IOUS:
    - 0.5
    - 0.6
    - 0.7
  ROI_BOX_HEAD:
    BBOX_REG_LOSS_TYPE: smooth_l1
    BBOX_REG_LOSS_WEIGHT: 1.0
    BBOX_REG_WEIGHTS: *id001
    CLS_AGNOSTIC_BBOX_REG: false
    CONV_DIM: 256
    FC_DIM: 1024
    NAME: ''
    NORM: ''
    NUM_CONV: 0
    NUM_FC: 0
    POOLER_RESOLUTION: 14
    POOLER_SAMPLING_RATIO: 0
    POOLER_TYPE: ROIAlignV2
    SMOOTH_L1_BETA: 0.0
    TRAIN_ON_PRED_BOXES: false
  ROI_HEADS:
    BATCH_SIZE_PER_IMAGE: 512
    IN_FEATURES:
    - res4
    IOU_LABELS:
    - 0
    - 1
    IOU_THRESHOLDS:
    - 0.5
    NAME: Res5ROIHeads
    NMS_THRESH_TEST: 0.5
    NUM_CLASSES: 80
    POSITIVE_FRACTION: 0.25
    PROPOSAL_APPEND_GT: true
    SCORE_THRESH_TEST: 0.05
  ROI_KEYPOINT_HEAD:
    CONV_DIMS:
    - 512
    - 512
    - 512
    - 512
    - 512
    - 512
    - 512
    - 512
    LOSS_WEIGHT: 1.0
    MIN_KEYPOINTS_PER_IMAGE: 1
    NAME: KRCNNConvDeconvUpsampleHead
    NORMALIZE_LOSS_BY_VISIBLE_KEYPOINTS: true
    NUM_KEYPOINTS: 17
    POOLER_RESOLUTION: 14
    POOLER_SAMPLING_RATIO: 0
    POOLER_TYPE: ROIAlignV2
  ROI_MASK_HEAD:
    CLS_AGNOSTIC_MASK: false
    CONV_DIM: 256
    NAME: MaskRCNNConvUpsampleHead
    NORM: ''
    NUM_CONV: 0
    POOLER_RESOLUTION: 14
    POOLER_SAMPLING_RATIO: 0
    POOLER_TYPE: ROIAlignV2
  RPN:
    BATCH_SIZE_PER_IMAGE: 256
    BBOX_REG_LOSS_TYPE: smooth_l1
    BBOX_REG_LOSS_WEIGHT: 1.0
    BBOX_REG_WEIGHTS: *id002
    BOUNDARY_THRESH: -1
    CONV_DIMS:
    - -1
    HEAD_NAME: StandardRPNHead
    IN_FEATURES:
    - res4
    IOU_LABELS:
    - 0
    - -1
    - 1
    IOU_THRESHOLDS:
    - 0.3
    - 0.7
    LOSS_WEIGHT: 1.0
    NMS_THRESH: 0.7
    POSITIVE_FRACTION: 0.5
    POST_NMS_TOPK_TEST: 1000
    POST_NMS_TOPK_TRAIN: 2000
    PRE_NMS_TOPK_TEST: 6000
    PRE_NMS_TOPK_TRAIN: 12000
    SMOOTH_L1_BETA: 0.0
  SEM_SEG_HEAD:
    APPEARANCE_GUIDANCE_DIM: 768
    APPEARANCE_GUIDANCE_PROJ_DIM: 128
    ASPP_CHANNELS: 256
    ASPP_DILATIONS:
    - 6
    - 12
    - 18
    ASPP_DROPOUT: 0.1
    ATTENTION_TYPE: linear
    CACHE_DIR: /data/zd/TTA_VLM/pretrain/EVA02_CLIP_L_336_psz14_s6B.pt
    CLIP_FINETUNE: attention
    CLIP_PRETRAINED: EVA02-CLIP-L-14-336
    COMMON_STRIDE: 4
    CONVS_DIM: 128
    DECODER_DIMS:
    - 64
    - 32
    DECODER_GUIDANCE_DIMS:
    - 256
    - 128
    DECODER_GUIDANCE_PROJ_DIMS:
    - 32
    - 16
    ENABLE_HIGH_RES: false
    FEATURE_RESOLUTION:
    - 32
    - 32
    HIDDEN_DIMS: 128
    IGNORE_VALUE: 255
    IN_FEATURES:
    - res2
    - res3
    - res4
    LOSS_TYPE: hard_pixel_mining
    LOSS_WEIGHT: 1.0
    NAME: CATSegHead
    NORM: GN
    NUM_CLASSES: 19
    NUM_HEADS: 4
    NUM_LAYERS: 1
    POOLING_SIZES:
    - 1
    - 1
    PROJECT_CHANNELS:
    - 48
    PROJECT_FEATURES:
    - res2
    PROMPT_DEPTH: 0
    PROMPT_LENGTH: 0
    TEST_CLASS_INDEXES: datasets/coco/coco_stuff/split/unseen_indexes.json
    TEST_CLASS_JSON: datasets/cityscapes_19.json
    TEXT_GUIDANCE_DIM: 768
    TEXT_GUIDANCE_PROJ_DIM: 128
    TRAIN_CLASS_INDEXES: datasets/coco/coco_stuff/split/seen_indexes.json
    TRAIN_CLASS_JSON: datasets/cityscapes_seen_7.json
    USE_DEPTHWISE_SEPARABLE_CONV: false
    WINDOW_SIZES: 16
  SWIN:
    APE: false
    ATTN_DROP_RATE: 0.0
    DEPTHS:
    - 2
    - 2
    - 6
    - 2
    DROP_PATH_RATE: 0.3
    DROP_RATE: 0.0
    EMBED_DIM: 96
    MLP_RATIO: 4.0
    NUM_HEADS:
    - 3
    - 6
    - 12
    - 24
    OUT_FEATURES:
    - res2
    - res3
    - res4
    - res5
    PATCH_NORM: true
    PATCH_SIZE: 4
    PRETRAIN_IMG_SIZE: 224
    QKV_BIAS: true
    QK_SCALE: null
    WINDOW_SIZE: 7
  WEIGHTS: outputs/gta_seen7_eva_L14_r448//model_0019999.pth
OUTPUT_DIR: outputs/gta_seen7_eva_L14_r448//eval
SEED: -1
SOLVER:
  AMP:
    ENABLED: false
  BACKBONE_MULTIPLIER: 0.0
  BASE_LR: 0.0002
  BIAS_LR_FACTOR: 1.0
  CHECKPOINT_PERIOD: 5000
  CLIP_GRADIENTS:
    CLIP_TYPE: full_model
    CLIP_VALUE: 0.01
    ENABLED: true
    NORM_TYPE: 2.0
  CLIP_MULTIPLIER: 0.01
  GAMMA: 0.1
  IMS_PER_BATCH: 3
  LR_SCHEDULER_NAME: WarmupCosineLR
  MAX_ITER: 20000
  MOMENTUM: 0.9
  NESTEROV: false
  OPTIMIZER: ADAMW
  POLY_LR_CONSTANT_ENDING: 0.0
  POLY_LR_POWER: 0.9
  REFERENCE_WORLD_SIZE: 0
  STEPS:
  - 30000
  WARMUP_FACTOR: 1.0
  WARMUP_ITERS: 0
  WARMUP_METHOD: linear
  WEIGHT_DECAY: 0.0001
  WEIGHT_DECAY_BIAS: null
  WEIGHT_DECAY_EMBED: 0.0
  WEIGHT_DECAY_NORM: 0.0
TEST:
  AUG:
    ENABLED: false
    FLIP: true
    MAX_SIZE: 4000
    MIN_SIZES:
    - 400
    - 500
    - 600
    - 700
    - 800
    - 900
    - 1000
    - 1100
    - 1200
  DETECTIONS_PER_IMAGE: 100
  EVAL_PERIOD: 10000
  EXPECTED_RESULTS: []
  KEYPOINT_OKS_SIGMAS: []
  PRECISE_BN:
    ENABLED: false
    NUM_ITER: 200
  SLIDING_WINDOW: true
  SW_KERNEL: 448
  SW_OUT_RES:
  - 448
  - 896
  SW_OVERLAP: 0.333
VERSION: 2
VIS_PERIOD: 0

[12/10 03:35:49 detectron2]: Full config saved to outputs/gta_seen7_eva_L14_r448//eval/config.yaml
[12/10 03:35:49 d2.utils.env]: Using a generated random seed 49521247
Freeze text encoder parameters
[12/10 03:35:58 d2.engine.defaults]: Model:
CATSeg(
  (sem_seg_head): CATSegHead(
    (predictor): CATSegPredictor(
      (clip_model): CustomCLIP(
        (visual): EVAVisionTransformer(
          (patch_embed): PatchEmbed(
            (proj): Conv2d(3, 1024, kernel_size=(14, 14), stride=(14, 14))
          )
          (pos_drop): Dropout(p=0.0, inplace=False)
          (rope): VisionRotaryEmbeddingFast()
          (blocks): ModuleList(
            (0-23): 24 x Block(
              (norm1): LayerNorm((1024,), eps=1e-06, elementwise_affine=True)
              (attn): Attention(
                (q_proj): Linear(in_features=1024, out_features=1024, bias=False)
                (k_proj): Linear(in_features=1024, out_features=1024, bias=False)
                (v_proj): Linear(in_features=1024, out_features=1024, bias=False)
                (attn_drop): Dropout(p=0.0, inplace=False)
                (inner_attn_ln): LayerNorm((1024,), eps=1e-06, elementwise_affine=True)
                (proj): Linear(in_features=1024, out_features=1024, bias=True)
                (proj_drop): Dropout(p=0.0, inplace=False)
                (rope): VisionRotaryEmbeddingFast()
              )
              (drop_path): Identity()
              (norm2): LayerNorm((1024,), eps=1e-06, elementwise_affine=True)
              (mlp): SwiGLU(
                (w1): Linear(in_features=1024, out_features=2730, bias=True)
                (w2): Linear(in_features=1024, out_features=2730, bias=True)
                (act): SiLU()
                (ffn_ln): LayerNorm((2730,), eps=1e-06, elementwise_affine=True)
                (w3): Linear(in_features=2730, out_features=1024, bias=True)
                (drop): Dropout(p=0.0, inplace=False)
              )
            )
          )
          (norm): LayerNorm((1024,), eps=1e-06, elementwise_affine=True)
          (head): Linear(in_features=1024, out_features=768, bias=True)
          (patch_dropout): Identity()
        )
        (text): TextTransformer(
          (token_embedding): Embedding(49408, 768)
          (transformer): Transformer(
            (resblocks): ModuleList(
              (0-11): 12 x ResidualAttentionBlock(
                (ln_1): LayerNorm((768,), eps=1e-05, elementwise_affine=True)
                (attn): MultiheadAttention(
                  (out_proj): NonDynamicallyQuantizableLinear(in_features=768, out_features=768, bias=True)
                )
                (ls_1): Identity()
                (ln_2): LayerNorm((768,), eps=1e-05, elementwise_affine=True)
                (mlp): Sequential(
                  (c_fc): Linear(in_features=768, out_features=3072, bias=True)
                  (gelu): GELU(approximate='none')
                  (c_proj): Linear(in_features=3072, out_features=768, bias=True)
                )
                (ls_2): Identity()
              )
            )
          )
          (ln_final): LayerNorm((768,), eps=1e-05, elementwise_affine=True)
        )
      )
      (transformer): AggregatorMambaLite(
        (layers): ModuleList(
          (0): Sequential(
            (0): AxialMambaBlockLite_v2(
              (film): FiLM2D(
                (pool): AdaptiveAvgPool2d(output_size=1)
                (fc): Conv2d(128, 256, kernel_size=(1, 1), stride=(1, 1))
              )
              (pre_mix): Sequential(
                (0): Conv2d(128, 128, kernel_size=(3, 3), stride=(1, 1), padding=(1, 1), groups=128)
                (1): Conv2d(128, 128, kernel_size=(1, 1), stride=(1, 1))
                (2): GELU(approximate='none')
              )
              (seq_row): Mamba1DWithDecayPrior(
                (out_norm): LayerNorm((128,), eps=1e-05, elementwise_affine=True)
                (gate): Sequential(
                  (0): Linear(in_features=128, out_features=128, bias=True)
                  (1): SiLU()
                )
                (proj_in): Linear(in_features=128, out_features=384, bias=True)
                (drop): Dropout(p=0.0, inplace=False)
              )
              (post_proj): Conv2d(128, 128, kernel_size=(1, 1), stride=(1, 1))
              (norm_tok): LayerNorm((128,), eps=1e-05, elementwise_affine=True)
              (ffn): Sequential(
                (0): Linear(in_features=128, out_features=384, bias=True)
                (1): GELU(approximate='none')
                (2): Linear(in_features=384, out_features=128, bias=True)
              )
              (down): Identity()
            )
            (1): ClassMambaLayerLite(
              (pool): AvgPool2d(kernel_size=[1, 1], stride=[1, 1], padding=0)
              (guid_proj): Linear(in_features=128, out_features=256, bias=True)
              (seq_block): _Mamba1DAdapterLite(
                (blocks): ModuleList(
                  (0): PseudoMamba1D(
                    (gate): Sequential(
                      (0): Linear(in_features=128, out_features=128, bias=True)
                      (1): SiLU()
                    )
                    (proj_in): Linear(in_features=128, out_features=384, bias=True)
                    (out_norm): LayerNorm((128,), eps=1e-05, elementwise_affine=True)
                    (drop): Dropout(p=0.0, inplace=False)
                  )
                )
                (norm): LayerNorm((128,), eps=1e-05, elementwise_affine=True)
              )
              (norm1): LayerNorm((128,), eps=1e-05, elementwise_affine=True)
              (norm2): LayerNorm((128,), eps=1e-05, elementwise_affine=True)
              (ffn): Sequential(
                (0): Linear(in_features=128, out_features=384, bias=True)
                (1): GELU(approximate='none')
                (2): Linear(in_features=384, out_features=128, bias=True)
              )
            )
          )
        )
        (conv1): Conv2d(1, 128, kernel_size=(7, 7), stride=(1, 1), padding=(3, 3))
        (guidance_projection): Sequential(
          (0): Conv2d(768, 128, kernel_size=(3, 3), stride=(1, 1), padding=(1, 1))
          (1): ReLU()
        )
        (text_guidance_projection): Sequential(
          (0): Linear(in_features=768, out_features=128, bias=True)
          (1): ReLU()
        )
        (decoder_guidance_projection): ModuleList(
          (0): Sequential(
            (0): Conv2d(256, 32, kernel_size=(3, 3), stride=(1, 1), padding=(1, 1))
            (1): ReLU()
          )
          (1): Sequential(
            (0): Conv2d(128, 16, kernel_size=(3, 3), stride=(1, 1), padding=(1, 1))
            (1): ReLU()
          )
        )
        (decoder1): UpLite(
          (up): ConvTranspose2d(128, 96, kernel_size=(2, 2), stride=(2, 2))
          (conv): Sequential(
            (0): Conv2d(128, 64, kernel_size=(3, 3), stride=(1, 1), padding=(1, 1), bias=False)
            (1): GroupNorm(4, 64, eps=1e-05, affine=True)
            (2): ReLU()
          )
        )
        (decoder2): UpLite(
          (up): ConvTranspose2d(64, 48, kernel_size=(2, 2), stride=(2, 2))
          (conv): Sequential(
            (0): Conv2d(64, 32, kernel_size=(3, 3), stride=(1, 1), padding=(1, 1), bias=False)
            (1): GroupNorm(2, 32, eps=1e-05, affine=True)
            (2): ReLU()
          )
        )
        (head): Conv2d(32, 1, kernel_size=(3, 3), stride=(1, 1), padding=(1, 1))
      )
    )
  )
  (upsample1): ConvTranspose2d(1024, 256, kernel_size=(2, 2), stride=(2, 2))
  (upsample2): ConvTranspose2d(1024, 128, kernel_size=(4, 4), stride=(4, 4))
)
[12/10 03:35:58 fvcore.common.checkpoint]: [Checkpointer] Loading from outputs/gta_seen7_eva_L14_r448//model_0019999.pth ...
[12/10 03:36:00 d2.data.dataset_mapper]: [DatasetMapper] Augmentations used in inference: [ResizeShortestEdge(short_edge_length=(448, 448), max_size=1008, sample_style='choice')]
[12/10 03:36:00 d2.data.common]: Serializing 500 elements to byte tensors and concatenating them all ...
[12/10 03:36:00 d2.data.common]: Serialized dataset takes 0.15 MiB
[12/10 03:36:00 d2.evaluation.evaluator]: Start inference on 500 batches
Add a new rope freq of shape: torch.Size([1024, 64])
[12/10 03:36:06 d2.evaluation.evaluator]: Inference done 11/500. Dataloading: 0.0014 s/iter. Inference: 0.1460 s/iter. Eval: 0.2576 s/iter. Total: 0.4050 s/iter. ETA=0:03:18
[12/10 03:36:11 d2.evaluation.evaluator]: Inference done 24/500. Dataloading: 0.0014 s/iter. Inference: 0.1459 s/iter. Eval: 0.2602 s/iter. Total: 0.4076 s/iter. ETA=0:03:14
[12/10 03:36:17 d2.evaluation.evaluator]: Inference done 37/500. Dataloading: 0.0016 s/iter. Inference: 0.1456 s/iter. Eval: 0.2622 s/iter. Total: 0.4094 s/iter. ETA=0:03:09
[12/10 03:36:22 d2.evaluation.evaluator]: Inference done 49/500. Dataloading: 0.0017 s/iter. Inference: 0.1455 s/iter. Eval: 0.2681 s/iter. Total: 0.4154 s/iter. ETA=0:03:07
[12/10 03:36:27 d2.evaluation.evaluator]: Inference done 61/500. Dataloading: 0.0017 s/iter. Inference: 0.1456 s/iter. Eval: 0.2697 s/iter. Total: 0.4171 s/iter. ETA=0:03:03
[12/10 03:36:32 d2.evaluation.evaluator]: Inference done 73/500. Dataloading: 0.0017 s/iter. Inference: 0.1456 s/iter. Eval: 0.2713 s/iter. Total: 0.4187 s/iter. ETA=0:02:58
[12/10 03:36:37 d2.evaluation.evaluator]: Inference done 86/500. Dataloading: 0.0017 s/iter. Inference: 0.1456 s/iter. Eval: 0.2709 s/iter. Total: 0.4183 s/iter. ETA=0:02:53
[12/10 03:36:42 d2.evaluation.evaluator]: Inference done 98/500. Dataloading: 0.0017 s/iter. Inference: 0.1457 s/iter. Eval: 0.2710 s/iter. Total: 0.4185 s/iter. ETA=0:02:48
[12/10 03:36:48 d2.evaluation.evaluator]: Inference done 111/500. Dataloading: 0.0017 s/iter. Inference: 0.1457 s/iter. Eval: 0.2691 s/iter. Total: 0.4166 s/iter. ETA=0:02:42
[12/10 03:36:53 d2.evaluation.evaluator]: Inference done 123/500. Dataloading: 0.0017 s/iter. Inference: 0.1457 s/iter. Eval: 0.2722 s/iter. Total: 0.4198 s/iter. ETA=0:02:38
[12/10 03:36:58 d2.evaluation.evaluator]: Inference done 135/500. Dataloading: 0.0017 s/iter. Inference: 0.1457 s/iter. Eval: 0.2727 s/iter. Total: 0.4203 s/iter. ETA=0:02:33
[12/10 03:37:03 d2.evaluation.evaluator]: Inference done 147/500. Dataloading: 0.0017 s/iter. Inference: 0.1456 s/iter. Eval: 0.2736 s/iter. Total: 0.4211 s/iter. ETA=0:02:28
[12/10 03:37:08 d2.evaluation.evaluator]: Inference done 159/500. Dataloading: 0.0018 s/iter. Inference: 0.1456 s/iter. Eval: 0.2744 s/iter. Total: 0.4218 s/iter. ETA=0:02:23
[12/10 03:37:14 d2.evaluation.evaluator]: Inference done 171/500. Dataloading: 0.0018 s/iter. Inference: 0.1455 s/iter. Eval: 0.2753 s/iter. Total: 0.4227 s/iter. ETA=0:02:19
[12/10 03:37:19 d2.evaluation.evaluator]: Inference done 183/500. Dataloading: 0.0018 s/iter. Inference: 0.1456 s/iter. Eval: 0.2763 s/iter. Total: 0.4237 s/iter. ETA=0:02:14
[12/10 03:37:24 d2.evaluation.evaluator]: Inference done 195/500. Dataloading: 0.0018 s/iter. Inference: 0.1456 s/iter. Eval: 0.2776 s/iter. Total: 0.4250 s/iter. ETA=0:02:09
[12/10 03:37:29 d2.evaluation.evaluator]: Inference done 207/500. Dataloading: 0.0018 s/iter. Inference: 0.1456 s/iter. Eval: 0.2784 s/iter. Total: 0.4259 s/iter. ETA=0:02:04
[12/10 03:37:35 d2.evaluation.evaluator]: Inference done 219/500. Dataloading: 0.0018 s/iter. Inference: 0.1456 s/iter. Eval: 0.2790 s/iter. Total: 0.4265 s/iter. ETA=0:01:59
[12/10 03:37:40 d2.evaluation.evaluator]: Inference done 231/500. Dataloading: 0.0018 s/iter. Inference: 0.1455 s/iter. Eval: 0.2790 s/iter. Total: 0.4264 s/iter. ETA=0:01:54
[12/10 03:37:45 d2.evaluation.evaluator]: Inference done 243/500. Dataloading: 0.0018 s/iter. Inference: 0.1456 s/iter. Eval: 0.2796 s/iter. Total: 0.4271 s/iter. ETA=0:01:49
[12/10 03:37:50 d2.evaluation.evaluator]: Inference done 255/500. Dataloading: 0.0018 s/iter. Inference: 0.1456 s/iter. Eval: 0.2801 s/iter. Total: 0.4276 s/iter. ETA=0:01:44
[12/10 03:37:56 d2.evaluation.evaluator]: Inference done 267/500. Dataloading: 0.0018 s/iter. Inference: 0.1456 s/iter. Eval: 0.2807 s/iter. Total: 0.4282 s/iter. ETA=0:01:39
[12/10 03:38:01 d2.evaluation.evaluator]: Inference done 280/500. Dataloading: 0.0018 s/iter. Inference: 0.1456 s/iter. Eval: 0.2799 s/iter. Total: 0.4274 s/iter. ETA=0:01:34
[12/10 03:38:06 d2.evaluation.evaluator]: Inference done 294/500. Dataloading: 0.0018 s/iter. Inference: 0.1457 s/iter. Eval: 0.2772 s/iter. Total: 0.4248 s/iter. ETA=0:01:27
[12/10 03:38:11 d2.evaluation.evaluator]: Inference done 308/500. Dataloading: 0.0018 s/iter. Inference: 0.1457 s/iter. Eval: 0.2742 s/iter. Total: 0.4217 s/iter. ETA=0:01:20
[12/10 03:38:16 d2.evaluation.evaluator]: Inference done 322/500. Dataloading: 0.0018 s/iter. Inference: 0.1457 s/iter. Eval: 0.2719 s/iter. Total: 0.4195 s/iter. ETA=0:01:14
[12/10 03:38:22 d2.evaluation.evaluator]: Inference done 335/500. Dataloading: 0.0018 s/iter. Inference: 0.1457 s/iter. Eval: 0.2713 s/iter. Total: 0.4189 s/iter. ETA=0:01:09
[12/10 03:38:27 d2.evaluation.evaluator]: Inference done 347/500. Dataloading: 0.0018 s/iter. Inference: 0.1457 s/iter. Eval: 0.2712 s/iter. Total: 0.4189 s/iter. ETA=0:01:04
[12/10 03:38:32 d2.evaluation.evaluator]: Inference done 359/500. Dataloading: 0.0018 s/iter. Inference: 0.1458 s/iter. Eval: 0.2712 s/iter. Total: 0.4189 s/iter. ETA=0:00:59
[12/10 03:38:37 d2.evaluation.evaluator]: Inference done 372/500. Dataloading: 0.0018 s/iter. Inference: 0.1458 s/iter. Eval: 0.2711 s/iter. Total: 0.4188 s/iter. ETA=0:00:53
[12/10 03:38:42 d2.evaluation.evaluator]: Inference done 384/500. Dataloading: 0.0018 s/iter. Inference: 0.1458 s/iter. Eval: 0.2710 s/iter. Total: 0.4187 s/iter. ETA=0:00:48
[12/10 03:38:47 d2.evaluation.evaluator]: Inference done 396/500. Dataloading: 0.0018 s/iter. Inference: 0.1458 s/iter. Eval: 0.2710 s/iter. Total: 0.4187 s/iter. ETA=0:00:43
[12/10 03:38:53 d2.evaluation.evaluator]: Inference done 409/500. Dataloading: 0.0018 s/iter. Inference: 0.1459 s/iter. Eval: 0.2707 s/iter. Total: 0.4185 s/iter. ETA=0:00:38
[12/10 03:38:58 d2.evaluation.evaluator]: Inference done 422/500. Dataloading: 0.0018 s/iter. Inference: 0.1459 s/iter. Eval: 0.2707 s/iter. Total: 0.4184 s/iter. ETA=0:00:32
[12/10 03:39:03 d2.evaluation.evaluator]: Inference done 435/500. Dataloading: 0.0018 s/iter. Inference: 0.1458 s/iter. Eval: 0.2705 s/iter. Total: 0.4183 s/iter. ETA=0:00:27
[12/10 03:39:09 d2.evaluation.evaluator]: Inference done 448/500. Dataloading: 0.0018 s/iter. Inference: 0.1459 s/iter. Eval: 0.2704 s/iter. Total: 0.4182 s/iter. ETA=0:00:21
[12/10 03:39:14 d2.evaluation.evaluator]: Inference done 460/500. Dataloading: 0.0018 s/iter. Inference: 0.1459 s/iter. Eval: 0.2704 s/iter. Total: 0.4182 s/iter. ETA=0:00:16
[12/10 03:39:19 d2.evaluation.evaluator]: Inference done 474/500. Dataloading: 0.0018 s/iter. Inference: 0.1459 s/iter. Eval: 0.2693 s/iter. Total: 0.4171 s/iter. ETA=0:00:10
[12/10 03:39:24 d2.evaluation.evaluator]: Inference done 487/500. Dataloading: 0.0018 s/iter. Inference: 0.1459 s/iter. Eval: 0.2686 s/iter. Total: 0.4164 s/iter. ETA=0:00:05
[12/10 03:39:29 d2.evaluation.evaluator]: Inference done 499/500. Dataloading: 0.0018 s/iter. Inference: 0.1459 s/iter. Eval: 0.2686 s/iter. Total: 0.4164 s/iter. ETA=0:00:00
[12/10 03:39:30 d2.evaluation.evaluator]: Total inference time: 0:03:26.154861 (0.416474 s / iter per device, on 1 devices)
[12/10 03:39:30 d2.evaluation.evaluator]: Total inference pure compute time: 0:01:12 (0.145862 s / iter per device, on 1 devices)
[12/10 03:39:30 d2.evaluation.sem_seg_evaluation]: OrderedDict([('sem_seg', {'mIoU': 51.73309210721862, 'fwIoU': 84.49906916272124, 'IoU-road': 92.15610005187209, 'IoU-sidewalk': 58.41172004400331, 'IoU-building': 89.16471345512093, 'IoU-wall': 53.92126543843519, 'IoU-fence': 35.93901334632801, 'IoU-pole': 22.129914740419867, 'IoU-traffic light': 42.24366854000849, 'IoU-traffic sign': 46.472420077868186, 'IoU-vegetation': 88.04532313127964, 'IoU-terrain': 6.206743410012503, 'IoU-sky': 89.38541012328449, 'IoU-person': 70.15092753064711, 'IoU-rider': 6.085189982129363, 'IoU-car': 87.76128295285646, 'IoU-truck': 36.482368803889855, 'IoU-bus': 61.942039618355324, 'IoU-train': 0.6572069713768183, 'IoU-motorcycle': 44.97615555498375, 'IoU-bicycle': 50.79728626428227, 'mACC': 66.67970944554334, 'pACC': 90.92447609778765, 'ACC-road': 94.43729352000165, 'ACC-sidewalk': 83.16551349991717, 'ACC-building': 95.42430947984457, 'ACC-wall': 70.85045537259313, 'ACC-fence': 48.855029579509676, 'ACC-pole': 23.476040538558003, 'ACC-traffic light': 51.178581313619745, 'ACC-traffic sign': 58.79229710376299, 'ACC-vegetation': 94.94863361927133, 'ACC-terrain': 6.2565162619541566, 'ACC-sky': 99.01918220831422, 'ACC-person': 84.91412513644964, 'ACC-rider': 6.227775795808566, 'ACC-car': 91.55914747668987, 'ACC-truck': 94.85352186557658, 'ACC-bus': 95.6535658060608, 'ACC-train': 0.7566236059200371, 'ACC-motorcycle': 86.32948730261081, 'ACC-bicycle': 80.21637997886012})])
[12/10 03:39:30 d2.engine.defaults]: Evaluation results for cityscapes19_val in csv format:
[12/10 03:39:30 d2.evaluation.testing]: copypaste: Task: sem_seg
[12/10 03:39:30 d2.evaluation.testing]: copypaste: mIoU,fwIoU,mACC,pACC
[12/10 03:39:30 d2.evaluation.testing]: copypaste: 51.7331,84.4991,66.6797,90.9245
/data/zd/TTA_VLM/S2_Corr/train_net.py:16: FutureWarning: In the future `np.bool` will be defined as the corresponding NumPy scalar.
  if not hasattr(np, _name):
/data/zd/TTA_VLM/S2_Corr/train_net.py:16: FutureWarning: In the future `np.object` will be defined as the corresponding NumPy scalar.
  if not hasattr(np, _name):
/data/zd/TTA_VLM/S2_Corr/train_net.py:18: FutureWarning: In the future `np.long` will be defined as the corresponding NumPy scalar.
  if not hasattr(np, "long"):
/data2/anaconda3/envs/DeCLIP_CATSeg/lib/python3.10/site-packages/torchvision/datapoints/__init__.py:12: UserWarning: The torchvision.datapoints and torchvision.transforms.v2 namespaces are still Beta. While we do not expect major breaking changes, some APIs may still change according to user feedback. Please submit any feedback you may have in this issue: https://github.com/pytorch/vision/issues/6753, and you can also check out https://github.com/pytorch/vision/issues/7319 to learn more about the APIs that we suspect might involve future changes. You can silence this warning by calling torchvision.disable_beta_transforms_warning().
  warnings.warn(_BETA_TRANSFORMS_WARNING)
/data2/anaconda3/envs/DeCLIP_CATSeg/lib/python3.10/site-packages/torchvision/transforms/v2/__init__.py:54: UserWarning: The torchvision.datapoints and torchvision.transforms.v2 namespaces are still Beta. While we do not expect major breaking changes, some APIs may still change according to user feedback. Please submit any feedback you may have in this issue: https://github.com/pytorch/vision/issues/6753, and you can also check out https://github.com/pytorch/vision/issues/7319 to learn more about the APIs that we suspect might involve future changes. You can silence this warning by calling torchvision.disable_beta_transforms_warning().
  warnings.warn(_BETA_TRANSFORMS_WARNING)
Please 'pip install apex'
Command Line Args: Namespace(config_file='configs/gta5_seen7_catseg_vitl.yaml', resume=False, eval_only=True, num_gpus=1, num_machines=1, machine_rank=0, dist_url='auto', opts=['OUTPUT_DIR', 'outputs/gta_seen7_eva_L14_r448//eval', 'MODEL.SEM_SEG_HEAD.TEST_CLASS_JSON', 'datasets/cityscapes_19.json', 'MODEL.SEM_SEG_HEAD.ENABLE_HIGH_RES', 'False', 'DATASETS.TEST', '("ACDC_train_seg",)', 'TEST.SLIDING_WINDOW', 'True', 'MODEL.SEM_SEG_HEAD.POOLING_SIZES', '[1,1]', 'MODEL.WEIGHTS', 'outputs/gta_seen7_eva_L14_r448//model_0019999.pth'])
[12/10 03:39:34 detectron2]: Rank of current process: 0. World size: 1
[12/10 03:39:35 detectron2]: Environment info:
----------------------  ------------------------------------------------------------------------------------------
sys.platform            linux
Python                  3.10.0 (default, Mar  3 2022, 09:58:08) [GCC 7.5.0]
numpy                   1.26.4
detectron2              0.6 @/data2/anaconda3/envs/DeCLIP_CATSeg/lib/python3.10/site-packages/detectron2
Compiler                GCC 7.5
CUDA compiler           CUDA 11.6
detectron2 arch flags   8.0
DETECTRON2_ENV_MODULE   <not set>
PyTorch                 2.0.0+cu117 @/data2/anaconda3/envs/DeCLIP_CATSeg/lib/python3.10/site-packages/torch
PyTorch debug build     False
GPU available           Yes
GPU 0                   GeForce RTX 3090 (arch=8.6)
Driver version          460.84
CUDA_HOME               /usr/local/cuda-11.6
TORCH_CUDA_ARCH_LIST    8.0
Pillow                  9.1.0
torchvision             0.15.1+cu117 @/data2/anaconda3/envs/DeCLIP_CATSeg/lib/python3.10/site-packages/torchvision
torchvision arch flags  3.5, 5.0, 6.0, 7.0, 7.5, 8.0, 8.6
fvcore                  0.1.5.post20221221
iopath                  0.1.9
cv2                     4.11.0
----------------------  ------------------------------------------------------------------------------------------
PyTorch built with:
  - GCC 9.3
  - C++ Version: 201703
  - Intel(R) oneAPI Math Kernel Library Version 2022.2-Product Build 20220804 for Intel(R) 64 architecture applications
  - Intel(R) MKL-DNN v2.7.3 (Git Hash 6dbeffbae1f23cbbeae17adb7b5b13f1f37c080e)
  - OpenMP 201511 (a.k.a. OpenMP 4.5)
  - LAPACK is enabled (usually provided by MKL)
  - NNPACK is enabled
  - CPU capability usage: AVX2
  - CUDA Runtime 11.7
  - NVCC architecture flags: -gencode;arch=compute_37,code=sm_37;-gencode;arch=compute_50,code=sm_50;-gencode;arch=compute_60,code=sm_60;-gencode;arch=compute_70,code=sm_70;-gencode;arch=compute_75,code=sm_75;-gencode;arch=compute_80,code=sm_80;-gencode;arch=compute_86,code=sm_86
  - CuDNN 8.5
  - Magma 2.6.1
  - Build settings: BLAS_INFO=mkl, BUILD_TYPE=Release, CUDA_VERSION=11.7, CUDNN_VERSION=8.5.0, CXX_COMPILER=/opt/rh/devtoolset-9/root/usr/bin/c++, CXX_FLAGS= -D_GLIBCXX_USE_CXX11_ABI=0 -fabi-version=11 -Wno-deprecated -fvisibility-inlines-hidden -DUSE_PTHREADPOOL -DNDEBUG -DUSE_KINETO -DLIBKINETO_NOROCTRACER -DUSE_FBGEMM -DUSE_QNNPACK -DUSE_PYTORCH_QNNPACK -DUSE_XNNPACK -DSYMBOLICATE_MOBILE_DEBUG_HANDLE -O2 -fPIC -Wall -Wextra -Werror=return-type -Werror=non-virtual-dtor -Werror=bool-operation -Wnarrowing -Wno-missing-field-initializers -Wno-type-limits -Wno-array-bounds -Wno-unknown-pragmas -Wunused-local-typedefs -Wno-unused-parameter -Wno-unused-function -Wno-unused-result -Wno-strict-overflow -Wno-strict-aliasing -Wno-error=deprecated-declarations -Wno-stringop-overflow -Wno-psabi -Wno-error=pedantic -Wno-error=redundant-decls -Wno-error=old-style-cast -fdiagnostics-color=always -faligned-new -Wno-unused-but-set-variable -Wno-maybe-uninitialized -fno-math-errno -fno-trapping-math -Werror=format -Werror=cast-function-type -Wno-stringop-overflow, LAPACK_INFO=mkl, PERF_WITH_AVX=1, PERF_WITH_AVX2=1, PERF_WITH_AVX512=1, TORCH_DISABLE_GPU_ASSERTS=ON, TORCH_VERSION=2.0.0, USE_CUDA=ON, USE_CUDNN=ON, USE_EXCEPTION_PTR=1, USE_GFLAGS=OFF, USE_GLOG=OFF, USE_MKL=ON, USE_MKLDNN=ON, USE_MPI=OFF, USE_NCCL=1, USE_NNPACK=ON, USE_OPENMP=ON, USE_ROCM=OFF, 

[12/10 03:39:35 detectron2]: Command line arguments: Namespace(config_file='configs/gta5_seen7_catseg_vitl.yaml', resume=False, eval_only=True, num_gpus=1, num_machines=1, machine_rank=0, dist_url='auto', opts=['OUTPUT_DIR', 'outputs/gta_seen7_eva_L14_r448//eval', 'MODEL.SEM_SEG_HEAD.TEST_CLASS_JSON', 'datasets/cityscapes_19.json', 'MODEL.SEM_SEG_HEAD.ENABLE_HIGH_RES', 'False', 'DATASETS.TEST', '("ACDC_train_seg",)', 'TEST.SLIDING_WINDOW', 'True', 'MODEL.SEM_SEG_HEAD.POOLING_SIZES', '[1,1]', 'MODEL.WEIGHTS', 'outputs/gta_seen7_eva_L14_r448//model_0019999.pth'])
[12/10 03:39:35 detectron2]: Contents of args.config_file=configs/gta5_seen7_catseg_vitl.yaml:
_BASE_: config.yaml
DATASETS:
  TRAIN: ("gta5_seen7_train_seg",)
  TEST:  ("acdc_inpaint41_test",)
MODEL:
  META_ARCHITECTURE: "CATSeg"
  PIXEL_MEAN: [123.675, 116.280, 103.530]
  PIXEL_STD: [58.395, 57.120, 57.375]
  SEM_SEG_HEAD:
    NAME: "CATSegHead"
    IN_FEATURES: ["res2", "res3", "res4"]
    IGNORE_VALUE: 255
    NUM_CLASSES: 19
    TRAIN_CLASS_JSON: "datasets/cityscapes_seen_7.json"
    TEST_CLASS_JSON:  "datasets/inpaint41_vocab.json"
    CLIP_PRETRAINED: "EVA02-CLIP-L-14-336"
    PROMPT_DEPTH: 0
    PROMPT_LENGTH: 0
    TEXT_GUIDANCE_DIM: 768
    TEXT_GUIDANCE_PROJ_DIM: 128
    APPEARANCE_GUIDANCE_DIM: 768
    APPEARANCE_GUIDANCE_PROJ_DIM: 128
    DECODER_DIMS: [64, 32]
    DECODER_GUIDANCE_DIMS: [256, 128]
    DECODER_GUIDANCE_PROJ_DIMS: [32, 16]
    NUM_LAYERS: 1
    NUM_HEADS: 4
    HIDDEN_DIMS: 128
    POOLING_SIZES: [ 1, 1 ]
    FEATURE_RESOLUTION: [32, 32]
    WINDOW_SIZES: 16
    ATTENTION_TYPE: "linear"
    CLIP_FINETUNE: "attention"
    CACHE_DIR: "/data/zd/TTA_VLM/pretrain/EVA02_CLIP_L_336_psz14_s6B.pt"
  PROMPT_ENSEMBLE_TYPE: "multi_domain"
INPUT:
  MIN_SIZE_TRAIN: (448, 640)
  MIN_SIZE_TRAIN_SAMPLING: "choice"
  MAX_SIZE_TRAIN: 1344
  MIN_SIZE_TEST: 448
  MAX_SIZE_TEST: 1008
  CROP:
    ENABLED: True
    TYPE: "absolute"
    SIZE: (448, 448)
  SIZE_DIVISIBILITY: 14
  FORMAT: "RGB"
  DATASET_MAPPER_NAME: "mask_former_semantic"
SOLVER:
  IMS_PER_BATCH: 3
  LR_SCHEDULER_NAME: "WarmupCosineLR"
  BASE_LR: 0.0002
  MAX_ITER: 20000
  BACKBONE_MULTIPLIER: 0.0
  CLIP_MULTIPLIER: 0.01
TEST:
  EVAL_PERIOD: 10000
  SLIDING_WINDOW: True
  SW_KERNEL: 448
  SW_OVERLAP: 0.333
  SW_OUT_RES: [448, 896]
  
[12/10 03:39:35 detectron2]: Running with full config:
CUDNN_BENCHMARK: true
DATALOADER:
  ASPECT_RATIO_GROUPING: true
  FILTER_EMPTY_ANNOTATIONS: true
  NUM_WORKERS: 8
  REPEAT_THRESHOLD: 0.0
  SAMPLER_TRAIN: TrainingSampler
DATASETS:
  PRECOMPUTED_PROPOSAL_TOPK_TEST: 1000
  PRECOMPUTED_PROPOSAL_TOPK_TRAIN: 2000
  PROPOSAL_FILES_TEST: []
  PROPOSAL_FILES_TRAIN: []
  TEST:
  - ACDC_train_seg
  TRAIN:
  - gta5_seen7_train_seg
  VAL_ALL:
  - coco_2017_val_all_stuff_sem_seg
DDP:
  BROADCAST_BUFFERS: false
  FIND_UNUSED_PARAMETERS: true
GLOBAL:
  HACK: 1.0
INPUT:
  COLOR_AUG_SSD: true
  CROP:
    ENABLED: true
    SINGLE_CATEGORY_MAX_AREA: 1.0
    SIZE:
    - 448
    - 448
    TYPE: absolute
  DATASET_MAPPER_NAME: mask_former_semantic
  FORMAT: RGB
  MASK_FORMAT: polygon
  MAX_SIZE_TEST: 1008
  MAX_SIZE_TRAIN: 1344
  MIN_SIZE_TEST: 448
  MIN_SIZE_TRAIN:
  - 448
  - 640
  MIN_SIZE_TRAIN_SAMPLING: choice
  RANDOM_FLIP: horizontal
  SIZE_DIVISIBILITY: 14
MODEL:
  ANCHOR_GENERATOR:
    ANGLES:
    - - -90
      - 0
      - 90
    ASPECT_RATIOS:
    - - 0.5
      - 1.0
      - 2.0
    NAME: DefaultAnchorGenerator
    OFFSET: 0.0
    SIZES:
    - - 32
      - 64
      - 128
      - 256
      - 512
  BACKBONE:
    FREEZE_AT: 2
    NAME: build_resnet_backbone
  CLIP_PIXEL_MEAN:
  - 122.7709383
  - 116.7460125
  - 104.09373615
  CLIP_PIXEL_STD:
  - 68.5005327
  - 66.6321579
  - 70.323163
  DEVICE: cuda
  FPN:
    FUSE_TYPE: sum
    IN_FEATURES: []
    NORM: ''
    OUT_CHANNELS: 256
  KEYPOINT_ON: false
  LOAD_PROPOSALS: false
  MASK_FORMER:
    SIZE_DIVISIBILITY: 32
  MASK_ON: false
  META_ARCHITECTURE: CATSeg
  PANOPTIC_FPN:
    COMBINE:
      ENABLED: true
      INSTANCES_CONFIDENCE_THRESH: 0.5
      OVERLAP_THRESH: 0.5
      STUFF_AREA_LIMIT: 4096
    INSTANCE_LOSS_WEIGHT: 1.0
  PIXEL_MEAN:
  - 123.675
  - 116.28
  - 103.53
  PIXEL_STD:
  - 58.395
  - 57.12
  - 57.375
  PROMPT_ENSEMBLE: false
  PROMPT_ENSEMBLE_TYPE: multi_domain
  PROPOSAL_GENERATOR:
    MIN_SIZE: 0
    NAME: RPN
  RESNETS:
    DEFORM_MODULATED: false
    DEFORM_NUM_GROUPS: 1
    DEFORM_ON_PER_STAGE:
    - false
    - false
    - false
    - false
    DEPTH: 50
    NORM: FrozenBN
    NUM_GROUPS: 1
    OUT_FEATURES:
    - res4
    RES2_OUT_CHANNELS: 256
    RES4_DILATION: 1
    RES5_DILATION: 1
    RES5_MULTI_GRID:
    - 1
    - 2
    - 4
    STEM_OUT_CHANNELS: 64
    STEM_TYPE: deeplab
    STRIDE_IN_1X1: true
    WIDTH_PER_GROUP: 64
  RETINANET:
    BBOX_REG_LOSS_TYPE: smooth_l1
    BBOX_REG_WEIGHTS: &id002
    - 1.0
    - 1.0
    - 1.0
    - 1.0
    FOCAL_LOSS_ALPHA: 0.25
    FOCAL_LOSS_GAMMA: 2.0
    IN_FEATURES:
    - p3
    - p4
    - p5
    - p6
    - p7
    IOU_LABELS:
    - 0
    - -1
    - 1
    IOU_THRESHOLDS:
    - 0.4
    - 0.5
    NMS_THRESH_TEST: 0.5
    NORM: ''
    NUM_CLASSES: 80
    NUM_CONVS: 4
    PRIOR_PROB: 0.01
    SCORE_THRESH_TEST: 0.05
    SMOOTH_L1_LOSS_BETA: 0.1
    TOPK_CANDIDATES_TEST: 1000
  ROI_BOX_CASCADE_HEAD:
    BBOX_REG_WEIGHTS:
    - &id001
      - 10.0
      - 10.0
      - 5.0
      - 5.0
    - - 20.0
      - 20.0
      - 10.0
      - 10.0
    - - 30.0
      - 30.0
      - 15.0
      - 15.0
    IOUS:
    - 0.5
    - 0.6
    - 0.7
  ROI_BOX_HEAD:
    BBOX_REG_LOSS_TYPE: smooth_l1
    BBOX_REG_LOSS_WEIGHT: 1.0
    BBOX_REG_WEIGHTS: *id001
    CLS_AGNOSTIC_BBOX_REG: false
    CONV_DIM: 256
    FC_DIM: 1024
    NAME: ''
    NORM: ''
    NUM_CONV: 0
    NUM_FC: 0
    POOLER_RESOLUTION: 14
    POOLER_SAMPLING_RATIO: 0
    POOLER_TYPE: ROIAlignV2
    SMOOTH_L1_BETA: 0.0
    TRAIN_ON_PRED_BOXES: false
  ROI_HEADS:
    BATCH_SIZE_PER_IMAGE: 512
    IN_FEATURES:
    - res4
    IOU_LABELS:
    - 0
    - 1
    IOU_THRESHOLDS:
    - 0.5
    NAME: Res5ROIHeads
    NMS_THRESH_TEST: 0.5
    NUM_CLASSES: 80
    POSITIVE_FRACTION: 0.25
    PROPOSAL_APPEND_GT: true
    SCORE_THRESH_TEST: 0.05
  ROI_KEYPOINT_HEAD:
    CONV_DIMS:
    - 512
    - 512
    - 512
    - 512
    - 512
    - 512
    - 512
    - 512
    LOSS_WEIGHT: 1.0
    MIN_KEYPOINTS_PER_IMAGE: 1
    NAME: KRCNNConvDeconvUpsampleHead
    NORMALIZE_LOSS_BY_VISIBLE_KEYPOINTS: true
    NUM_KEYPOINTS: 17
    POOLER_RESOLUTION: 14
    POOLER_SAMPLING_RATIO: 0
    POOLER_TYPE: ROIAlignV2
  ROI_MASK_HEAD:
    CLS_AGNOSTIC_MASK: false
    CONV_DIM: 256
    NAME: MaskRCNNConvUpsampleHead
    NORM: ''
    NUM_CONV: 0
    POOLER_RESOLUTION: 14
    POOLER_SAMPLING_RATIO: 0
    POOLER_TYPE: ROIAlignV2
  RPN:
    BATCH_SIZE_PER_IMAGE: 256
    BBOX_REG_LOSS_TYPE: smooth_l1
    BBOX_REG_LOSS_WEIGHT: 1.0
    BBOX_REG_WEIGHTS: *id002
    BOUNDARY_THRESH: -1
    CONV_DIMS:
    - -1
    HEAD_NAME: StandardRPNHead
    IN_FEATURES:
    - res4
    IOU_LABELS:
    - 0
    - -1
    - 1
    IOU_THRESHOLDS:
    - 0.3
    - 0.7
    LOSS_WEIGHT: 1.0
    NMS_THRESH: 0.7
    POSITIVE_FRACTION: 0.5
    POST_NMS_TOPK_TEST: 1000
    POST_NMS_TOPK_TRAIN: 2000
    PRE_NMS_TOPK_TEST: 6000
    PRE_NMS_TOPK_TRAIN: 12000
    SMOOTH_L1_BETA: 0.0
  SEM_SEG_HEAD:
    APPEARANCE_GUIDANCE_DIM: 768
    APPEARANCE_GUIDANCE_PROJ_DIM: 128
    ASPP_CHANNELS: 256
    ASPP_DILATIONS:
    - 6
    - 12
    - 18
    ASPP_DROPOUT: 0.1
    ATTENTION_TYPE: linear
    CACHE_DIR: /data/zd/TTA_VLM/pretrain/EVA02_CLIP_L_336_psz14_s6B.pt
    CLIP_FINETUNE: attention
    CLIP_PRETRAINED: EVA02-CLIP-L-14-336
    COMMON_STRIDE: 4
    CONVS_DIM: 128
    DECODER_DIMS:
    - 64
    - 32
    DECODER_GUIDANCE_DIMS:
    - 256
    - 128
    DECODER_GUIDANCE_PROJ_DIMS:
    - 32
    - 16
    ENABLE_HIGH_RES: false
    FEATURE_RESOLUTION:
    - 32
    - 32
    HIDDEN_DIMS: 128
    IGNORE_VALUE: 255
    IN_FEATURES:
    - res2
    - res3
    - res4
    LOSS_TYPE: hard_pixel_mining
    LOSS_WEIGHT: 1.0
    NAME: CATSegHead
    NORM: GN
    NUM_CLASSES: 19
    NUM_HEADS: 4
    NUM_LAYERS: 1
    POOLING_SIZES:
    - 1
    - 1
    PROJECT_CHANNELS:
    - 48
    PROJECT_FEATURES:
    - res2
    PROMPT_DEPTH: 0
    PROMPT_LENGTH: 0
    TEST_CLASS_INDEXES: datasets/coco/coco_stuff/split/unseen_indexes.json
    TEST_CLASS_JSON: datasets/cityscapes_19.json
    TEXT_GUIDANCE_DIM: 768
    TEXT_GUIDANCE_PROJ_DIM: 128
    TRAIN_CLASS_INDEXES: datasets/coco/coco_stuff/split/seen_indexes.json
    TRAIN_CLASS_JSON: datasets/cityscapes_seen_7.json
    USE_DEPTHWISE_SEPARABLE_CONV: false
    WINDOW_SIZES: 16
  SWIN:
    APE: false
    ATTN_DROP_RATE: 0.0
    DEPTHS:
    - 2
    - 2
    - 6
    - 2
    DROP_PATH_RATE: 0.3
    DROP_RATE: 0.0
    EMBED_DIM: 96
    MLP_RATIO: 4.0
    NUM_HEADS:
    - 3
    - 6
    - 12
    - 24
    OUT_FEATURES:
    - res2
    - res3
    - res4
    - res5
    PATCH_NORM: true
    PATCH_SIZE: 4
    PRETRAIN_IMG_SIZE: 224
    QKV_BIAS: true
    QK_SCALE: null
    WINDOW_SIZE: 7
  WEIGHTS: outputs/gta_seen7_eva_L14_r448//model_0019999.pth
OUTPUT_DIR: outputs/gta_seen7_eva_L14_r448//eval
SEED: -1
SOLVER:
  AMP:
    ENABLED: false
  BACKBONE_MULTIPLIER: 0.0
  BASE_LR: 0.0002
  BIAS_LR_FACTOR: 1.0
  CHECKPOINT_PERIOD: 5000
  CLIP_GRADIENTS:
    CLIP_TYPE: full_model
    CLIP_VALUE: 0.01
    ENABLED: true
    NORM_TYPE: 2.0
  CLIP_MULTIPLIER: 0.01
  GAMMA: 0.1
  IMS_PER_BATCH: 3
  LR_SCHEDULER_NAME: WarmupCosineLR
  MAX_ITER: 20000
  MOMENTUM: 0.9
  NESTEROV: false
  OPTIMIZER: ADAMW
  POLY_LR_CONSTANT_ENDING: 0.0
  POLY_LR_POWER: 0.9
  REFERENCE_WORLD_SIZE: 0
  STEPS:
  - 30000
  WARMUP_FACTOR: 1.0
  WARMUP_ITERS: 0
  WARMUP_METHOD: linear
  WEIGHT_DECAY: 0.0001
  WEIGHT_DECAY_BIAS: null
  WEIGHT_DECAY_EMBED: 0.0
  WEIGHT_DECAY_NORM: 0.0
TEST:
  AUG:
    ENABLED: false
    FLIP: true
    MAX_SIZE: 4000
    MIN_SIZES:
    - 400
    - 500
    - 600
    - 700
    - 800
    - 900
    - 1000
    - 1100
    - 1200
  DETECTIONS_PER_IMAGE: 100
  EVAL_PERIOD: 10000
  EXPECTED_RESULTS: []
  KEYPOINT_OKS_SIGMAS: []
  PRECISE_BN:
    ENABLED: false
    NUM_ITER: 200
  SLIDING_WINDOW: true
  SW_KERNEL: 448
  SW_OUT_RES:
  - 448
  - 896
  SW_OVERLAP: 0.333
VERSION: 2
VIS_PERIOD: 0

[12/10 03:39:35 detectron2]: Full config saved to outputs/gta_seen7_eva_L14_r448//eval/config.yaml
[12/10 03:39:35 d2.utils.env]: Using a generated random seed 35364142
Freeze text encoder parameters
[12/10 03:39:45 d2.engine.defaults]: Model:
CATSeg(
  (sem_seg_head): CATSegHead(
    (predictor): CATSegPredictor(
      (clip_model): CustomCLIP(
        (visual): EVAVisionTransformer(
          (patch_embed): PatchEmbed(
            (proj): Conv2d(3, 1024, kernel_size=(14, 14), stride=(14, 14))
          )
          (pos_drop): Dropout(p=0.0, inplace=False)
          (rope): VisionRotaryEmbeddingFast()
          (blocks): ModuleList(
            (0-23): 24 x Block(
              (norm1): LayerNorm((1024,), eps=1e-06, elementwise_affine=True)
              (attn): Attention(
                (q_proj): Linear(in_features=1024, out_features=1024, bias=False)
                (k_proj): Linear(in_features=1024, out_features=1024, bias=False)
                (v_proj): Linear(in_features=1024, out_features=1024, bias=False)
                (attn_drop): Dropout(p=0.0, inplace=False)
                (inner_attn_ln): LayerNorm((1024,), eps=1e-06, elementwise_affine=True)
                (proj): Linear(in_features=1024, out_features=1024, bias=True)
                (proj_drop): Dropout(p=0.0, inplace=False)
                (rope): VisionRotaryEmbeddingFast()
              )
              (drop_path): Identity()
              (norm2): LayerNorm((1024,), eps=1e-06, elementwise_affine=True)
              (mlp): SwiGLU(
                (w1): Linear(in_features=1024, out_features=2730, bias=True)
                (w2): Linear(in_features=1024, out_features=2730, bias=True)
                (act): SiLU()
                (ffn_ln): LayerNorm((2730,), eps=1e-06, elementwise_affine=True)
                (w3): Linear(in_features=2730, out_features=1024, bias=True)
                (drop): Dropout(p=0.0, inplace=False)
              )
            )
          )
          (norm): LayerNorm((1024,), eps=1e-06, elementwise_affine=True)
          (head): Linear(in_features=1024, out_features=768, bias=True)
          (patch_dropout): Identity()
        )
        (text): TextTransformer(
          (token_embedding): Embedding(49408, 768)
          (transformer): Transformer(
            (resblocks): ModuleList(
              (0-11): 12 x ResidualAttentionBlock(
                (ln_1): LayerNorm((768,), eps=1e-05, elementwise_affine=True)
                (attn): MultiheadAttention(
                  (out_proj): NonDynamicallyQuantizableLinear(in_features=768, out_features=768, bias=True)
                )
                (ls_1): Identity()
                (ln_2): LayerNorm((768,), eps=1e-05, elementwise_affine=True)
                (mlp): Sequential(
                  (c_fc): Linear(in_features=768, out_features=3072, bias=True)
                  (gelu): GELU(approximate='none')
                  (c_proj): Linear(in_features=3072, out_features=768, bias=True)
                )
                (ls_2): Identity()
              )
            )
          )
          (ln_final): LayerNorm((768,), eps=1e-05, elementwise_affine=True)
        )
      )
      (transformer): AggregatorMambaLite(
        (layers): ModuleList(
          (0): Sequential(
            (0): AxialMambaBlockLite_v2(
              (film): FiLM2D(
                (pool): AdaptiveAvgPool2d(output_size=1)
                (fc): Conv2d(128, 256, kernel_size=(1, 1), stride=(1, 1))
              )
              (pre_mix): Sequential(
                (0): Conv2d(128, 128, kernel_size=(3, 3), stride=(1, 1), padding=(1, 1), groups=128)
                (1): Conv2d(128, 128, kernel_size=(1, 1), stride=(1, 1))
                (2): GELU(approximate='none')
              )
              (seq_row): Mamba1DWithDecayPrior(
                (out_norm): LayerNorm((128,), eps=1e-05, elementwise_affine=True)
                (gate): Sequential(
                  (0): Linear(in_features=128, out_features=128, bias=True)
                  (1): SiLU()
                )
                (proj_in): Linear(in_features=128, out_features=384, bias=True)
                (drop): Dropout(p=0.0, inplace=False)
              )
              (post_proj): Conv2d(128, 128, kernel_size=(1, 1), stride=(1, 1))
              (norm_tok): LayerNorm((128,), eps=1e-05, elementwise_affine=True)
              (ffn): Sequential(
                (0): Linear(in_features=128, out_features=384, bias=True)
                (1): GELU(approximate='none')
                (2): Linear(in_features=384, out_features=128, bias=True)
              )
              (down): Identity()
            )
            (1): ClassMambaLayerLite(
              (pool): AvgPool2d(kernel_size=[1, 1], stride=[1, 1], padding=0)
              (guid_proj): Linear(in_features=128, out_features=256, bias=True)
              (seq_block): _Mamba1DAdapterLite(
                (blocks): ModuleList(
                  (0): PseudoMamba1D(
                    (gate): Sequential(
                      (0): Linear(in_features=128, out_features=128, bias=True)
                      (1): SiLU()
                    )
                    (proj_in): Linear(in_features=128, out_features=384, bias=True)
                    (out_norm): LayerNorm((128,), eps=1e-05, elementwise_affine=True)
                    (drop): Dropout(p=0.0, inplace=False)
                  )
                )
                (norm): LayerNorm((128,), eps=1e-05, elementwise_affine=True)
              )
              (norm1): LayerNorm((128,), eps=1e-05, elementwise_affine=True)
              (norm2): LayerNorm((128,), eps=1e-05, elementwise_affine=True)
              (ffn): Sequential(
                (0): Linear(in_features=128, out_features=384, bias=True)
                (1): GELU(approximate='none')
                (2): Linear(in_features=384, out_features=128, bias=True)
              )
            )
          )
        )
        (conv1): Conv2d(1, 128, kernel_size=(7, 7), stride=(1, 1), padding=(3, 3))
        (guidance_projection): Sequential(
          (0): Conv2d(768, 128, kernel_size=(3, 3), stride=(1, 1), padding=(1, 1))
          (1): ReLU()
        )
        (text_guidance_projection): Sequential(
          (0): Linear(in_features=768, out_features=128, bias=True)
          (1): ReLU()
        )
        (decoder_guidance_projection): ModuleList(
          (0): Sequential(
            (0): Conv2d(256, 32, kernel_size=(3, 3), stride=(1, 1), padding=(1, 1))
            (1): ReLU()
          )
          (1): Sequential(
            (0): Conv2d(128, 16, kernel_size=(3, 3), stride=(1, 1), padding=(1, 1))
            (1): ReLU()
          )
        )
        (decoder1): UpLite(
          (up): ConvTranspose2d(128, 96, kernel_size=(2, 2), stride=(2, 2))
          (conv): Sequential(
            (0): Conv2d(128, 64, kernel_size=(3, 3), stride=(1, 1), padding=(1, 1), bias=False)
            (1): GroupNorm(4, 64, eps=1e-05, affine=True)
            (2): ReLU()
          )
        )
        (decoder2): UpLite(
          (up): ConvTranspose2d(64, 48, kernel_size=(2, 2), stride=(2, 2))
          (conv): Sequential(
            (0): Conv2d(64, 32, kernel_size=(3, 3), stride=(1, 1), padding=(1, 1), bias=False)
            (1): GroupNorm(2, 32, eps=1e-05, affine=True)
            (2): ReLU()
          )
        )
        (head): Conv2d(32, 1, kernel_size=(3, 3), stride=(1, 1), padding=(1, 1))
      )
    )
  )
  (upsample1): ConvTranspose2d(1024, 256, kernel_size=(2, 2), stride=(2, 2))
  (upsample2): ConvTranspose2d(1024, 128, kernel_size=(4, 4), stride=(4, 4))
)
[12/10 03:39:45 fvcore.common.checkpoint]: [Checkpointer] Loading from outputs/gta_seen7_eva_L14_r448//model_0019999.pth ...
[12/10 03:39:47 d2.data.datasets.coco]: Loaded 1600 images with semantic segmentation from /data/zd/data/ACDC/rgb_anon/train/
[12/10 03:39:47 d2.data.dataset_mapper]: [DatasetMapper] Augmentations used in inference: [ResizeShortestEdge(short_edge_length=(448, 448), max_size=1008, sample_style='choice')]
[12/10 03:39:47 d2.data.common]: Serializing 1600 elements to byte tensors and concatenating them all ...
[12/10 03:39:47 d2.data.common]: Serialized dataset takes 0.29 MiB
[12/10 03:39:47 d2.data.datasets.coco]: Loaded 1600 images with semantic segmentation from /data/zd/data/ACDC/rgb_anon/train/
[12/10 03:39:47 d2.evaluation.evaluator]: Start inference on 1600 batches
Add a new rope freq of shape: torch.Size([1024, 64])
[12/10 03:39:53 d2.evaluation.evaluator]: Inference done 11/1600. Dataloading: 0.0020 s/iter. Inference: 0.1510 s/iter. Eval: 0.2149 s/iter. Total: 0.3679 s/iter. ETA=0:09:44
[12/10 03:39:58 d2.evaluation.evaluator]: Inference done 25/1600. Dataloading: 0.0017 s/iter. Inference: 0.1511 s/iter. Eval: 0.2167 s/iter. Total: 0.3696 s/iter. ETA=0:09:42
[12/10 03:40:03 d2.evaluation.evaluator]: Inference done 40/1600. Dataloading: 0.0017 s/iter. Inference: 0.1500 s/iter. Eval: 0.2097 s/iter. Total: 0.3615 s/iter. ETA=0:09:23
[12/10 03:40:08 d2.evaluation.evaluator]: Inference done 54/1600. Dataloading: 0.0017 s/iter. Inference: 0.1497 s/iter. Eval: 0.2109 s/iter. Total: 0.3624 s/iter. ETA=0:09:20
[12/10 03:40:13 d2.evaluation.evaluator]: Inference done 68/1600. Dataloading: 0.0017 s/iter. Inference: 0.1500 s/iter. Eval: 0.2122 s/iter. Total: 0.3640 s/iter. ETA=0:09:17
[12/10 03:40:18 d2.evaluation.evaluator]: Inference done 82/1600. Dataloading: 0.0017 s/iter. Inference: 0.1502 s/iter. Eval: 0.2123 s/iter. Total: 0.3643 s/iter. ETA=0:09:12
[12/10 03:40:23 d2.evaluation.evaluator]: Inference done 97/1600. Dataloading: 0.0018 s/iter. Inference: 0.1498 s/iter. Eval: 0.2089 s/iter. Total: 0.3606 s/iter. ETA=0:09:01
[12/10 03:40:29 d2.evaluation.evaluator]: Inference done 113/1600. Dataloading: 0.0018 s/iter. Inference: 0.1493 s/iter. Eval: 0.2036 s/iter. Total: 0.3548 s/iter. ETA=0:08:47
[12/10 03:40:34 d2.evaluation.evaluator]: Inference done 129/1600. Dataloading: 0.0019 s/iter. Inference: 0.1490 s/iter. Eval: 0.1988 s/iter. Total: 0.3498 s/iter. ETA=0:08:34
[12/10 03:40:39 d2.evaluation.evaluator]: Inference done 146/1600. Dataloading: 0.0019 s/iter. Inference: 0.1487 s/iter. Eval: 0.1940 s/iter. Total: 0.3447 s/iter. ETA=0:08:21
[12/10 03:40:44 d2.evaluation.evaluator]: Inference done 163/1600. Dataloading: 0.0019 s/iter. Inference: 0.1484 s/iter. Eval: 0.1902 s/iter. Total: 0.3406 s/iter. ETA=0:08:09
[12/10 03:40:49 d2.evaluation.evaluator]: Inference done 180/1600. Dataloading: 0.0020 s/iter. Inference: 0.1483 s/iter. Eval: 0.1869 s/iter. Total: 0.3372 s/iter. ETA=0:07:58
[12/10 03:40:55 d2.evaluation.evaluator]: Inference done 197/1600. Dataloading: 0.0020 s/iter. Inference: 0.1482 s/iter. Eval: 0.1843 s/iter. Total: 0.3345 s/iter. ETA=0:07:49
[12/10 03:41:00 d2.evaluation.evaluator]: Inference done 213/1600. Dataloading: 0.0020 s/iter. Inference: 0.1481 s/iter. Eval: 0.1827 s/iter. Total: 0.3329 s/iter. ETA=0:07:41
[12/10 03:41:05 d2.evaluation.evaluator]: Inference done 230/1600. Dataloading: 0.0020 s/iter. Inference: 0.1480 s/iter. Eval: 0.1806 s/iter. Total: 0.3307 s/iter. ETA=0:07:33
[12/10 03:41:10 d2.evaluation.evaluator]: Inference done 247/1600. Dataloading: 0.0020 s/iter. Inference: 0.1479 s/iter. Eval: 0.1790 s/iter. Total: 0.3290 s/iter. ETA=0:07:25
[12/10 03:41:15 d2.evaluation.evaluator]: Inference done 264/1600. Dataloading: 0.0020 s/iter. Inference: 0.1478 s/iter. Eval: 0.1780 s/iter. Total: 0.3279 s/iter. ETA=0:07:18
[12/10 03:41:21 d2.evaluation.evaluator]: Inference done 281/1600. Dataloading: 0.0020 s/iter. Inference: 0.1477 s/iter. Eval: 0.1771 s/iter. Total: 0.3269 s/iter. ETA=0:07:11
[12/10 03:41:26 d2.evaluation.evaluator]: Inference done 298/1600. Dataloading: 0.0020 s/iter. Inference: 0.1476 s/iter. Eval: 0.1762 s/iter. Total: 0.3259 s/iter. ETA=0:07:04
[12/10 03:41:31 d2.evaluation.evaluator]: Inference done 314/1600. Dataloading: 0.0020 s/iter. Inference: 0.1476 s/iter. Eval: 0.1756 s/iter. Total: 0.3252 s/iter. ETA=0:06:58
[12/10 03:41:36 d2.evaluation.evaluator]: Inference done 331/1600. Dataloading: 0.0020 s/iter. Inference: 0.1475 s/iter. Eval: 0.1747 s/iter. Total: 0.3243 s/iter. ETA=0:06:51
[12/10 03:41:41 d2.evaluation.evaluator]: Inference done 348/1600. Dataloading: 0.0020 s/iter. Inference: 0.1475 s/iter. Eval: 0.1740 s/iter. Total: 0.3235 s/iter. ETA=0:06:45
[12/10 03:41:47 d2.evaluation.evaluator]: Inference done 365/1600. Dataloading: 0.0020 s/iter. Inference: 0.1475 s/iter. Eval: 0.1733 s/iter. Total: 0.3230 s/iter. ETA=0:06:38
[12/10 03:41:52 d2.evaluation.evaluator]: Inference done 381/1600. Dataloading: 0.0020 s/iter. Inference: 0.1477 s/iter. Eval: 0.1728 s/iter. Total: 0.3226 s/iter. ETA=0:06:33
[12/10 03:41:57 d2.evaluation.evaluator]: Inference done 397/1600. Dataloading: 0.0020 s/iter. Inference: 0.1478 s/iter. Eval: 0.1724 s/iter. Total: 0.3223 s/iter. ETA=0:06:27
[12/10 03:42:02 d2.evaluation.evaluator]: Inference done 414/1600. Dataloading: 0.0020 s/iter. Inference: 0.1478 s/iter. Eval: 0.1719 s/iter. Total: 0.3219 s/iter. ETA=0:06:21
[12/10 03:42:07 d2.evaluation.evaluator]: Inference done 431/1600. Dataloading: 0.0020 s/iter. Inference: 0.1478 s/iter. Eval: 0.1716 s/iter. Total: 0.3215 s/iter. ETA=0:06:15
[12/10 03:42:12 d2.evaluation.evaluator]: Inference done 447/1600. Dataloading: 0.0020 s/iter. Inference: 0.1477 s/iter. Eval: 0.1715 s/iter. Total: 0.3214 s/iter. ETA=0:06:10
[12/10 03:42:18 d2.evaluation.evaluator]: Inference done 463/1600. Dataloading: 0.0020 s/iter. Inference: 0.1477 s/iter. Eval: 0.1717 s/iter. Total: 0.3215 s/iter. ETA=0:06:05
[12/10 03:42:23 d2.evaluation.evaluator]: Inference done 479/1600. Dataloading: 0.0020 s/iter. Inference: 0.1477 s/iter. Eval: 0.1717 s/iter. Total: 0.3215 s/iter. ETA=0:06:00
[12/10 03:42:28 d2.evaluation.evaluator]: Inference done 495/1600. Dataloading: 0.0020 s/iter. Inference: 0.1477 s/iter. Eval: 0.1720 s/iter. Total: 0.3218 s/iter. ETA=0:05:55
[12/10 03:42:33 d2.evaluation.evaluator]: Inference done 511/1600. Dataloading: 0.0020 s/iter. Inference: 0.1477 s/iter. Eval: 0.1718 s/iter. Total: 0.3216 s/iter. ETA=0:05:50
[12/10 03:42:38 d2.evaluation.evaluator]: Inference done 527/1600. Dataloading: 0.0020 s/iter. Inference: 0.1477 s/iter. Eval: 0.1717 s/iter. Total: 0.3215 s/iter. ETA=0:05:44
[12/10 03:42:43 d2.evaluation.evaluator]: Inference done 543/1600. Dataloading: 0.0020 s/iter. Inference: 0.1476 s/iter. Eval: 0.1720 s/iter. Total: 0.3217 s/iter. ETA=0:05:40
[12/10 03:42:48 d2.evaluation.evaluator]: Inference done 558/1600. Dataloading: 0.0020 s/iter. Inference: 0.1476 s/iter. Eval: 0.1725 s/iter. Total: 0.3222 s/iter. ETA=0:05:35
[12/10 03:42:54 d2.evaluation.evaluator]: Inference done 573/1600. Dataloading: 0.0020 s/iter. Inference: 0.1476 s/iter. Eval: 0.1729 s/iter. Total: 0.3226 s/iter. ETA=0:05:31
[12/10 03:42:59 d2.evaluation.evaluator]: Inference done 589/1600. Dataloading: 0.0020 s/iter. Inference: 0.1476 s/iter. Eval: 0.1729 s/iter. Total: 0.3226 s/iter. ETA=0:05:26
[12/10 03:43:04 d2.evaluation.evaluator]: Inference done 605/1600. Dataloading: 0.0020 s/iter. Inference: 0.1475 s/iter. Eval: 0.1728 s/iter. Total: 0.3224 s/iter. ETA=0:05:20
[12/10 03:43:09 d2.evaluation.evaluator]: Inference done 621/1600. Dataloading: 0.0020 s/iter. Inference: 0.1475 s/iter. Eval: 0.1726 s/iter. Total: 0.3222 s/iter. ETA=0:05:15
[12/10 03:43:14 d2.evaluation.evaluator]: Inference done 638/1600. Dataloading: 0.0020 s/iter. Inference: 0.1475 s/iter. Eval: 0.1722 s/iter. Total: 0.3217 s/iter. ETA=0:05:09
[12/10 03:43:19 d2.evaluation.evaluator]: Inference done 654/1600. Dataloading: 0.0020 s/iter. Inference: 0.1474 s/iter. Eval: 0.1719 s/iter. Total: 0.3215 s/iter. ETA=0:05:04
[12/10 03:43:24 d2.evaluation.evaluator]: Inference done 671/1600. Dataloading: 0.0020 s/iter. Inference: 0.1474 s/iter. Eval: 0.1717 s/iter. Total: 0.3212 s/iter. ETA=0:04:58
[12/10 03:43:29 d2.evaluation.evaluator]: Inference done 688/1600. Dataloading: 0.0020 s/iter. Inference: 0.1473 s/iter. Eval: 0.1711 s/iter. Total: 0.3206 s/iter. ETA=0:04:52
[12/10 03:43:34 d2.evaluation.evaluator]: Inference done 705/1600. Dataloading: 0.0020 s/iter. Inference: 0.1473 s/iter. Eval: 0.1708 s/iter. Total: 0.3202 s/iter. ETA=0:04:46
[12/10 03:43:40 d2.evaluation.evaluator]: Inference done 722/1600. Dataloading: 0.0020 s/iter. Inference: 0.1473 s/iter. Eval: 0.1704 s/iter. Total: 0.3197 s/iter. ETA=0:04:40
[12/10 03:43:45 d2.evaluation.evaluator]: Inference done 739/1600. Dataloading: 0.0020 s/iter. Inference: 0.1472 s/iter. Eval: 0.1699 s/iter. Total: 0.3193 s/iter. ETA=0:04:34
[12/10 03:43:50 d2.evaluation.evaluator]: Inference done 756/1600. Dataloading: 0.0020 s/iter. Inference: 0.1472 s/iter. Eval: 0.1698 s/iter. Total: 0.3191 s/iter. ETA=0:04:29
[12/10 03:43:55 d2.evaluation.evaluator]: Inference done 773/1600. Dataloading: 0.0020 s/iter. Inference: 0.1472 s/iter. Eval: 0.1694 s/iter. Total: 0.3187 s/iter. ETA=0:04:23
[12/10 03:44:00 d2.evaluation.evaluator]: Inference done 790/1600. Dataloading: 0.0020 s/iter. Inference: 0.1472 s/iter. Eval: 0.1690 s/iter. Total: 0.3182 s/iter. ETA=0:04:17
[12/10 03:44:05 d2.evaluation.evaluator]: Inference done 807/1600. Dataloading: 0.0020 s/iter. Inference: 0.1471 s/iter. Eval: 0.1688 s/iter. Total: 0.3180 s/iter. ETA=0:04:12
[12/10 03:44:11 d2.evaluation.evaluator]: Inference done 824/1600. Dataloading: 0.0020 s/iter. Inference: 0.1471 s/iter. Eval: 0.1686 s/iter. Total: 0.3178 s/iter. ETA=0:04:06
[12/10 03:44:16 d2.evaluation.evaluator]: Inference done 840/1600. Dataloading: 0.0020 s/iter. Inference: 0.1471 s/iter. Eval: 0.1686 s/iter. Total: 0.3178 s/iter. ETA=0:04:01
[12/10 03:44:21 d2.evaluation.evaluator]: Inference done 856/1600. Dataloading: 0.0020 s/iter. Inference: 0.1471 s/iter. Eval: 0.1685 s/iter. Total: 0.3178 s/iter. ETA=0:03:56
[12/10 03:44:26 d2.evaluation.evaluator]: Inference done 872/1600. Dataloading: 0.0020 s/iter. Inference: 0.1472 s/iter. Eval: 0.1685 s/iter. Total: 0.3177 s/iter. ETA=0:03:51
[12/10 03:44:31 d2.evaluation.evaluator]: Inference done 888/1600. Dataloading: 0.0020 s/iter. Inference: 0.1471 s/iter. Eval: 0.1686 s/iter. Total: 0.3178 s/iter. ETA=0:03:46
[12/10 03:44:36 d2.evaluation.evaluator]: Inference done 904/1600. Dataloading: 0.0020 s/iter. Inference: 0.1471 s/iter. Eval: 0.1688 s/iter. Total: 0.3179 s/iter. ETA=0:03:41
[12/10 03:44:41 d2.evaluation.evaluator]: Inference done 920/1600. Dataloading: 0.0020 s/iter. Inference: 0.1471 s/iter. Eval: 0.1687 s/iter. Total: 0.3179 s/iter. ETA=0:03:36
[12/10 03:44:46 d2.evaluation.evaluator]: Inference done 936/1600. Dataloading: 0.0020 s/iter. Inference: 0.1471 s/iter. Eval: 0.1688 s/iter. Total: 0.3180 s/iter. ETA=0:03:31
[12/10 03:44:52 d2.evaluation.evaluator]: Inference done 952/1600. Dataloading: 0.0020 s/iter. Inference: 0.1471 s/iter. Eval: 0.1689 s/iter. Total: 0.3180 s/iter. ETA=0:03:26
[12/10 03:44:57 d2.evaluation.evaluator]: Inference done 968/1600. Dataloading: 0.0020 s/iter. Inference: 0.1470 s/iter. Eval: 0.1689 s/iter. Total: 0.3180 s/iter. ETA=0:03:20
[12/10 03:45:02 d2.evaluation.evaluator]: Inference done 984/1600. Dataloading: 0.0020 s/iter. Inference: 0.1470 s/iter. Eval: 0.1688 s/iter. Total: 0.3179 s/iter. ETA=0:03:15
[12/10 03:45:07 d2.evaluation.evaluator]: Inference done 1001/1600. Dataloading: 0.0020 s/iter. Inference: 0.1470 s/iter. Eval: 0.1687 s/iter. Total: 0.3178 s/iter. ETA=0:03:10
[12/10 03:45:12 d2.evaluation.evaluator]: Inference done 1017/1600. Dataloading: 0.0020 s/iter. Inference: 0.1470 s/iter. Eval: 0.1687 s/iter. Total: 0.3177 s/iter. ETA=0:03:05
[12/10 03:45:17 d2.evaluation.evaluator]: Inference done 1034/1600. Dataloading: 0.0020 s/iter. Inference: 0.1469 s/iter. Eval: 0.1686 s/iter. Total: 0.3176 s/iter. ETA=0:02:59
[12/10 03:45:22 d2.evaluation.evaluator]: Inference done 1051/1600. Dataloading: 0.0020 s/iter. Inference: 0.1469 s/iter. Eval: 0.1684 s/iter. Total: 0.3174 s/iter. ETA=0:02:54
[12/10 03:45:28 d2.evaluation.evaluator]: Inference done 1068/1600. Dataloading: 0.0020 s/iter. Inference: 0.1469 s/iter. Eval: 0.1683 s/iter. Total: 0.3173 s/iter. ETA=0:02:48
[12/10 03:45:33 d2.evaluation.evaluator]: Inference done 1085/1600. Dataloading: 0.0020 s/iter. Inference: 0.1469 s/iter. Eval: 0.1683 s/iter. Total: 0.3172 s/iter. ETA=0:02:43
[12/10 03:45:38 d2.evaluation.evaluator]: Inference done 1102/1600. Dataloading: 0.0020 s/iter. Inference: 0.1469 s/iter. Eval: 0.1680 s/iter. Total: 0.3170 s/iter. ETA=0:02:37
[12/10 03:45:43 d2.evaluation.evaluator]: Inference done 1119/1600. Dataloading: 0.0020 s/iter. Inference: 0.1469 s/iter. Eval: 0.1678 s/iter. Total: 0.3167 s/iter. ETA=0:02:32
[12/10 03:45:48 d2.evaluation.evaluator]: Inference done 1136/1600. Dataloading: 0.0020 s/iter. Inference: 0.1469 s/iter. Eval: 0.1676 s/iter. Total: 0.3165 s/iter. ETA=0:02:26
[12/10 03:45:53 d2.evaluation.evaluator]: Inference done 1153/1600. Dataloading: 0.0020 s/iter. Inference: 0.1468 s/iter. Eval: 0.1673 s/iter. Total: 0.3162 s/iter. ETA=0:02:21
[12/10 03:45:59 d2.evaluation.evaluator]: Inference done 1170/1600. Dataloading: 0.0020 s/iter. Inference: 0.1468 s/iter. Eval: 0.1673 s/iter. Total: 0.3162 s/iter. ETA=0:02:15
[12/10 03:46:04 d2.evaluation.evaluator]: Inference done 1187/1600. Dataloading: 0.0020 s/iter. Inference: 0.1468 s/iter. Eval: 0.1672 s/iter. Total: 0.3161 s/iter. ETA=0:02:10
[12/10 03:46:09 d2.evaluation.evaluator]: Inference done 1203/1600. Dataloading: 0.0020 s/iter. Inference: 0.1468 s/iter. Eval: 0.1673 s/iter. Total: 0.3162 s/iter. ETA=0:02:05
[12/10 03:46:14 d2.evaluation.evaluator]: Inference done 1219/1600. Dataloading: 0.0020 s/iter. Inference: 0.1468 s/iter. Eval: 0.1673 s/iter. Total: 0.3162 s/iter. ETA=0:02:00
[12/10 03:46:20 d2.evaluation.evaluator]: Inference done 1236/1600. Dataloading: 0.0020 s/iter. Inference: 0.1468 s/iter. Eval: 0.1673 s/iter. Total: 0.3162 s/iter. ETA=0:01:55
[12/10 03:46:25 d2.evaluation.evaluator]: Inference done 1252/1600. Dataloading: 0.0020 s/iter. Inference: 0.1469 s/iter. Eval: 0.1673 s/iter. Total: 0.3162 s/iter. ETA=0:01:50
[12/10 03:46:30 d2.evaluation.evaluator]: Inference done 1268/1600. Dataloading: 0.0020 s/iter. Inference: 0.1469 s/iter. Eval: 0.1673 s/iter. Total: 0.3163 s/iter. ETA=0:01:44
[12/10 03:46:35 d2.evaluation.evaluator]: Inference done 1284/1600. Dataloading: 0.0020 s/iter. Inference: 0.1469 s/iter. Eval: 0.1674 s/iter. Total: 0.3163 s/iter. ETA=0:01:39
[12/10 03:46:40 d2.evaluation.evaluator]: Inference done 1300/1600. Dataloading: 0.0020 s/iter. Inference: 0.1469 s/iter. Eval: 0.1674 s/iter. Total: 0.3164 s/iter. ETA=0:01:34
[12/10 03:46:45 d2.evaluation.evaluator]: Inference done 1317/1600. Dataloading: 0.0020 s/iter. Inference: 0.1469 s/iter. Eval: 0.1673 s/iter. Total: 0.3163 s/iter. ETA=0:01:29
[12/10 03:46:50 d2.evaluation.evaluator]: Inference done 1333/1600. Dataloading: 0.0020 s/iter. Inference: 0.1469 s/iter. Eval: 0.1673 s/iter. Total: 0.3163 s/iter. ETA=0:01:24
[12/10 03:46:55 d2.evaluation.evaluator]: Inference done 1349/1600. Dataloading: 0.0020 s/iter. Inference: 0.1469 s/iter. Eval: 0.1673 s/iter. Total: 0.3163 s/iter. ETA=0:01:19
[12/10 03:47:01 d2.evaluation.evaluator]: Inference done 1366/1600. Dataloading: 0.0020 s/iter. Inference: 0.1469 s/iter. Eval: 0.1673 s/iter. Total: 0.3162 s/iter. ETA=0:01:13
[12/10 03:47:06 d2.evaluation.evaluator]: Inference done 1382/1600. Dataloading: 0.0020 s/iter. Inference: 0.1469 s/iter. Eval: 0.1673 s/iter. Total: 0.3162 s/iter. ETA=0:01:08
[12/10 03:47:11 d2.evaluation.evaluator]: Inference done 1398/1600. Dataloading: 0.0020 s/iter. Inference: 0.1468 s/iter. Eval: 0.1674 s/iter. Total: 0.3163 s/iter. ETA=0:01:03
[12/10 03:47:16 d2.evaluation.evaluator]: Inference done 1415/1600. Dataloading: 0.0020 s/iter. Inference: 0.1468 s/iter. Eval: 0.1674 s/iter. Total: 0.3162 s/iter. ETA=0:00:58
[12/10 03:47:21 d2.evaluation.evaluator]: Inference done 1432/1600. Dataloading: 0.0020 s/iter. Inference: 0.1468 s/iter. Eval: 0.1672 s/iter. Total: 0.3161 s/iter. ETA=0:00:53
[12/10 03:47:26 d2.evaluation.evaluator]: Inference done 1449/1600. Dataloading: 0.0020 s/iter. Inference: 0.1468 s/iter. Eval: 0.1670 s/iter. Total: 0.3159 s/iter. ETA=0:00:47
[12/10 03:47:32 d2.evaluation.evaluator]: Inference done 1466/1600. Dataloading: 0.0020 s/iter. Inference: 0.1468 s/iter. Eval: 0.1670 s/iter. Total: 0.3158 s/iter. ETA=0:00:42
[12/10 03:47:37 d2.evaluation.evaluator]: Inference done 1483/1600. Dataloading: 0.0020 s/iter. Inference: 0.1468 s/iter. Eval: 0.1668 s/iter. Total: 0.3156 s/iter. ETA=0:00:36
[12/10 03:47:42 d2.evaluation.evaluator]: Inference done 1500/1600. Dataloading: 0.0020 s/iter. Inference: 0.1468 s/iter. Eval: 0.1666 s/iter. Total: 0.3154 s/iter. ETA=0:00:31
[12/10 03:47:47 d2.evaluation.evaluator]: Inference done 1517/1600. Dataloading: 0.0020 s/iter. Inference: 0.1468 s/iter. Eval: 0.1665 s/iter. Total: 0.3153 s/iter. ETA=0:00:26
[12/10 03:47:52 d2.evaluation.evaluator]: Inference done 1534/1600. Dataloading: 0.0020 s/iter. Inference: 0.1468 s/iter. Eval: 0.1663 s/iter. Total: 0.3151 s/iter. ETA=0:00:20
[12/10 03:47:57 d2.evaluation.evaluator]: Inference done 1551/1600. Dataloading: 0.0020 s/iter. Inference: 0.1468 s/iter. Eval: 0.1662 s/iter. Total: 0.3150 s/iter. ETA=0:00:15
[12/10 03:48:03 d2.evaluation.evaluator]: Inference done 1568/1600. Dataloading: 0.0020 s/iter. Inference: 0.1468 s/iter. Eval: 0.1661 s/iter. Total: 0.3150 s/iter. ETA=0:00:10
[12/10 03:48:08 d2.evaluation.evaluator]: Inference done 1585/1600. Dataloading: 0.0020 s/iter. Inference: 0.1468 s/iter. Eval: 0.1660 s/iter. Total: 0.3148 s/iter. ETA=0:00:04
[12/10 03:48:12 d2.evaluation.evaluator]: Total inference time: 0:08:21.977415 (0.314719 s / iter per device, on 1 devices)
[12/10 03:48:12 d2.evaluation.evaluator]: Total inference pure compute time: 0:03:54 (0.146746 s / iter per device, on 1 devices)
[12/10 03:48:13 d2.evaluation.sem_seg_evaluation]: OrderedDict([('sem_seg', {'mIoU': 45.22452004349136, 'fwIoU': 78.40304038137799, 'IoU-road': 84.5951305032126, 'IoU-sidewalk': 43.861417528592995, 'IoU-building': 86.6910497751636, 'IoU-wall': 48.88555278936523, 'IoU-fence': 26.40653452392165, 'IoU-pole': 22.739030555488544, 'IoU-traffic light': 42.94249864886173, 'IoU-traffic sign': 43.09776177424148, 'IoU-vegetation': 75.92131593953368, 'IoU-terrain': 24.081190278955756, 'IoU-sky': 88.95966676864823, 'IoU-person': 60.24113967324196, 'IoU-rider': 10.396458681149682, 'IoU-car': 80.48437087777425, 'IoU-truck': 46.50060277369995, 'IoU-bus': 24.811149132817498, 'IoU-train': 1.6598231799975989, 'IoU-motorcycle': 42.900782989149214, 'IoU-bicycle': 4.090404432520113, 'mACC': 64.87441548465014, 'pACC': 86.68140914940827, 'ACC-road': 95.74763283121143, 'ACC-sidewalk': 50.62177498872017, 'ACC-building': 94.98110716612304, 'ACC-wall': 70.02718289184584, 'ACC-fence': 32.00926513680859, 'ACC-pole': 48.94180424143713, 'ACC-traffic light': 60.2613626957349, 'ACC-traffic sign': 68.49042011636635, 'ACC-vegetation': 81.70211129726721, 'ACC-terrain': 27.054154312175143, 'ACC-sky': 95.19877204067491, 'ACC-person': 77.8973607154215, 'ACC-rider': 23.718468436432715, 'ACC-car': 87.60937201171541, 'ACC-truck': 91.61133455947477, 'ACC-bus': 89.29770647109245, 'ACC-train': 1.8616547361734361, 'ACC-motorcycle': 67.72026827195657, 'ACC-bicycle': 67.86214128772123})])
[12/10 03:48:13 d2.engine.defaults]: Evaluation results for ACDC_train_seg in csv format:
[12/10 03:48:13 d2.evaluation.testing]: copypaste: Task: sem_seg
[12/10 03:48:13 d2.evaluation.testing]: copypaste: mIoU,fwIoU,mACC,pACC
[12/10 03:48:13 d2.evaluation.testing]: copypaste: 45.2245,78.4030,64.8744,86.6814
/data/zd/TTA_VLM/S2_Corr/train_net.py:16: FutureWarning: In the future `np.bool` will be defined as the corresponding NumPy scalar.
  if not hasattr(np, _name):
/data/zd/TTA_VLM/S2_Corr/train_net.py:16: FutureWarning: In the future `np.object` will be defined as the corresponding NumPy scalar.
  if not hasattr(np, _name):
/data/zd/TTA_VLM/S2_Corr/train_net.py:18: FutureWarning: In the future `np.long` will be defined as the corresponding NumPy scalar.
  if not hasattr(np, "long"):
/data2/anaconda3/envs/DeCLIP_CATSeg/lib/python3.10/site-packages/torchvision/datapoints/__init__.py:12: UserWarning: The torchvision.datapoints and torchvision.transforms.v2 namespaces are still Beta. While we do not expect major breaking changes, some APIs may still change according to user feedback. Please submit any feedback you may have in this issue: https://github.com/pytorch/vision/issues/6753, and you can also check out https://github.com/pytorch/vision/issues/7319 to learn more about the APIs that we suspect might involve future changes. You can silence this warning by calling torchvision.disable_beta_transforms_warning().
  warnings.warn(_BETA_TRANSFORMS_WARNING)
/data2/anaconda3/envs/DeCLIP_CATSeg/lib/python3.10/site-packages/torchvision/transforms/v2/__init__.py:54: UserWarning: The torchvision.datapoints and torchvision.transforms.v2 namespaces are still Beta. While we do not expect major breaking changes, some APIs may still change according to user feedback. Please submit any feedback you may have in this issue: https://github.com/pytorch/vision/issues/6753, and you can also check out https://github.com/pytorch/vision/issues/7319 to learn more about the APIs that we suspect might involve future changes. You can silence this warning by calling torchvision.disable_beta_transforms_warning().
  warnings.warn(_BETA_TRANSFORMS_WARNING)
Please 'pip install apex'
Command Line Args: Namespace(config_file='configs/gta5_seen7_catseg_vitl.yaml', resume=False, eval_only=True, num_gpus=1, num_machines=1, machine_rank=0, dist_url='auto', opts=['OUTPUT_DIR', 'outputs/gta_seen7_eva_L14_r448//eval', 'MODEL.SEM_SEG_HEAD.TEST_CLASS_JSON', 'datasets/cityscapes_19.json', 'MODEL.SEM_SEG_HEAD.ENABLE_HIGH_RES', 'False', 'DATASETS.TEST', '("bdd100k_val_seg",)', 'TEST.SLIDING_WINDOW', 'True', 'MODEL.SEM_SEG_HEAD.POOLING_SIZES', '[1,1]', 'MODEL.WEIGHTS', 'outputs/gta_seen7_eva_L14_r448//model_0019999.pth'])
[12/10 03:48:17 detectron2]: Rank of current process: 0. World size: 1
[12/10 03:48:18 detectron2]: Environment info:
----------------------  ------------------------------------------------------------------------------------------
sys.platform            linux
Python                  3.10.0 (default, Mar  3 2022, 09:58:08) [GCC 7.5.0]
numpy                   1.26.4
detectron2              0.6 @/data2/anaconda3/envs/DeCLIP_CATSeg/lib/python3.10/site-packages/detectron2
Compiler                GCC 7.5
CUDA compiler           CUDA 11.6
detectron2 arch flags   8.0
DETECTRON2_ENV_MODULE   <not set>
PyTorch                 2.0.0+cu117 @/data2/anaconda3/envs/DeCLIP_CATSeg/lib/python3.10/site-packages/torch
PyTorch debug build     False
GPU available           Yes
GPU 0                   GeForce RTX 3090 (arch=8.6)
Driver version          460.84
CUDA_HOME               /usr/local/cuda-11.6
TORCH_CUDA_ARCH_LIST    8.0
Pillow                  9.1.0
torchvision             0.15.1+cu117 @/data2/anaconda3/envs/DeCLIP_CATSeg/lib/python3.10/site-packages/torchvision
torchvision arch flags  3.5, 5.0, 6.0, 7.0, 7.5, 8.0, 8.6
fvcore                  0.1.5.post20221221
iopath                  0.1.9
cv2                     4.11.0
----------------------  ------------------------------------------------------------------------------------------
PyTorch built with:
  - GCC 9.3
  - C++ Version: 201703
  - Intel(R) oneAPI Math Kernel Library Version 2022.2-Product Build 20220804 for Intel(R) 64 architecture applications
  - Intel(R) MKL-DNN v2.7.3 (Git Hash 6dbeffbae1f23cbbeae17adb7b5b13f1f37c080e)
  - OpenMP 201511 (a.k.a. OpenMP 4.5)
  - LAPACK is enabled (usually provided by MKL)
  - NNPACK is enabled
  - CPU capability usage: AVX2
  - CUDA Runtime 11.7
  - NVCC architecture flags: -gencode;arch=compute_37,code=sm_37;-gencode;arch=compute_50,code=sm_50;-gencode;arch=compute_60,code=sm_60;-gencode;arch=compute_70,code=sm_70;-gencode;arch=compute_75,code=sm_75;-gencode;arch=compute_80,code=sm_80;-gencode;arch=compute_86,code=sm_86
  - CuDNN 8.5
  - Magma 2.6.1
  - Build settings: BLAS_INFO=mkl, BUILD_TYPE=Release, CUDA_VERSION=11.7, CUDNN_VERSION=8.5.0, CXX_COMPILER=/opt/rh/devtoolset-9/root/usr/bin/c++, CXX_FLAGS= -D_GLIBCXX_USE_CXX11_ABI=0 -fabi-version=11 -Wno-deprecated -fvisibility-inlines-hidden -DUSE_PTHREADPOOL -DNDEBUG -DUSE_KINETO -DLIBKINETO_NOROCTRACER -DUSE_FBGEMM -DUSE_QNNPACK -DUSE_PYTORCH_QNNPACK -DUSE_XNNPACK -DSYMBOLICATE_MOBILE_DEBUG_HANDLE -O2 -fPIC -Wall -Wextra -Werror=return-type -Werror=non-virtual-dtor -Werror=bool-operation -Wnarrowing -Wno-missing-field-initializers -Wno-type-limits -Wno-array-bounds -Wno-unknown-pragmas -Wunused-local-typedefs -Wno-unused-parameter -Wno-unused-function -Wno-unused-result -Wno-strict-overflow -Wno-strict-aliasing -Wno-error=deprecated-declarations -Wno-stringop-overflow -Wno-psabi -Wno-error=pedantic -Wno-error=redundant-decls -Wno-error=old-style-cast -fdiagnostics-color=always -faligned-new -Wno-unused-but-set-variable -Wno-maybe-uninitialized -fno-math-errno -fno-trapping-math -Werror=format -Werror=cast-function-type -Wno-stringop-overflow, LAPACK_INFO=mkl, PERF_WITH_AVX=1, PERF_WITH_AVX2=1, PERF_WITH_AVX512=1, TORCH_DISABLE_GPU_ASSERTS=ON, TORCH_VERSION=2.0.0, USE_CUDA=ON, USE_CUDNN=ON, USE_EXCEPTION_PTR=1, USE_GFLAGS=OFF, USE_GLOG=OFF, USE_MKL=ON, USE_MKLDNN=ON, USE_MPI=OFF, USE_NCCL=1, USE_NNPACK=ON, USE_OPENMP=ON, USE_ROCM=OFF, 

[12/10 03:48:18 detectron2]: Command line arguments: Namespace(config_file='configs/gta5_seen7_catseg_vitl.yaml', resume=False, eval_only=True, num_gpus=1, num_machines=1, machine_rank=0, dist_url='auto', opts=['OUTPUT_DIR', 'outputs/gta_seen7_eva_L14_r448//eval', 'MODEL.SEM_SEG_HEAD.TEST_CLASS_JSON', 'datasets/cityscapes_19.json', 'MODEL.SEM_SEG_HEAD.ENABLE_HIGH_RES', 'False', 'DATASETS.TEST', '("bdd100k_val_seg",)', 'TEST.SLIDING_WINDOW', 'True', 'MODEL.SEM_SEG_HEAD.POOLING_SIZES', '[1,1]', 'MODEL.WEIGHTS', 'outputs/gta_seen7_eva_L14_r448//model_0019999.pth'])
[12/10 03:48:18 detectron2]: Contents of args.config_file=configs/gta5_seen7_catseg_vitl.yaml:
_BASE_: config.yaml
DATASETS:
  TRAIN: ("gta5_seen7_train_seg",)
  TEST:  ("acdc_inpaint41_test",)
MODEL:
  META_ARCHITECTURE: "CATSeg"
  PIXEL_MEAN: [123.675, 116.280, 103.530]
  PIXEL_STD: [58.395, 57.120, 57.375]
  SEM_SEG_HEAD:
    NAME: "CATSegHead"
    IN_FEATURES: ["res2", "res3", "res4"]
    IGNORE_VALUE: 255
    NUM_CLASSES: 19
    TRAIN_CLASS_JSON: "datasets/cityscapes_seen_7.json"
    TEST_CLASS_JSON:  "datasets/inpaint41_vocab.json"
    CLIP_PRETRAINED: "EVA02-CLIP-L-14-336"
    PROMPT_DEPTH: 0
    PROMPT_LENGTH: 0
    TEXT_GUIDANCE_DIM: 768
    TEXT_GUIDANCE_PROJ_DIM: 128
    APPEARANCE_GUIDANCE_DIM: 768
    APPEARANCE_GUIDANCE_PROJ_DIM: 128
    DECODER_DIMS: [64, 32]
    DECODER_GUIDANCE_DIMS: [256, 128]
    DECODER_GUIDANCE_PROJ_DIMS: [32, 16]
    NUM_LAYERS: 1
    NUM_HEADS: 4
    HIDDEN_DIMS: 128
    POOLING_SIZES: [ 1, 1 ]
    FEATURE_RESOLUTION: [32, 32]
    WINDOW_SIZES: 16
    ATTENTION_TYPE: "linear"
    CLIP_FINETUNE: "attention"
    CACHE_DIR: "/data/zd/TTA_VLM/pretrain/EVA02_CLIP_L_336_psz14_s6B.pt"
  PROMPT_ENSEMBLE_TYPE: "multi_domain"
INPUT:
  MIN_SIZE_TRAIN: (448, 640)
  MIN_SIZE_TRAIN_SAMPLING: "choice"
  MAX_SIZE_TRAIN: 1344
  MIN_SIZE_TEST: 448
  MAX_SIZE_TEST: 1008
  CROP:
    ENABLED: True
    TYPE: "absolute"
    SIZE: (448, 448)
  SIZE_DIVISIBILITY: 14
  FORMAT: "RGB"
  DATASET_MAPPER_NAME: "mask_former_semantic"
SOLVER:
  IMS_PER_BATCH: 3
  LR_SCHEDULER_NAME: "WarmupCosineLR"
  BASE_LR: 0.0002
  MAX_ITER: 20000
  BACKBONE_MULTIPLIER: 0.0
  CLIP_MULTIPLIER: 0.01
TEST:
  EVAL_PERIOD: 10000
  SLIDING_WINDOW: True
  SW_KERNEL: 448
  SW_OVERLAP: 0.333
  SW_OUT_RES: [448, 896]
  
[12/10 03:48:18 detectron2]: Running with full config:
CUDNN_BENCHMARK: true
DATALOADER:
  ASPECT_RATIO_GROUPING: true
  FILTER_EMPTY_ANNOTATIONS: true
  NUM_WORKERS: 8
  REPEAT_THRESHOLD: 0.0
  SAMPLER_TRAIN: TrainingSampler
DATASETS:
  PRECOMPUTED_PROPOSAL_TOPK_TEST: 1000
  PRECOMPUTED_PROPOSAL_TOPK_TRAIN: 2000
  PROPOSAL_FILES_TEST: []
  PROPOSAL_FILES_TRAIN: []
  TEST:
  - bdd100k_val_seg
  TRAIN:
  - gta5_seen7_train_seg
  VAL_ALL:
  - coco_2017_val_all_stuff_sem_seg
DDP:
  BROADCAST_BUFFERS: false
  FIND_UNUSED_PARAMETERS: true
GLOBAL:
  HACK: 1.0
INPUT:
  COLOR_AUG_SSD: true
  CROP:
    ENABLED: true
    SINGLE_CATEGORY_MAX_AREA: 1.0
    SIZE:
    - 448
    - 448
    TYPE: absolute
  DATASET_MAPPER_NAME: mask_former_semantic
  FORMAT: RGB
  MASK_FORMAT: polygon
  MAX_SIZE_TEST: 1008
  MAX_SIZE_TRAIN: 1344
  MIN_SIZE_TEST: 448
  MIN_SIZE_TRAIN:
  - 448
  - 640
  MIN_SIZE_TRAIN_SAMPLING: choice
  RANDOM_FLIP: horizontal
  SIZE_DIVISIBILITY: 14
MODEL:
  ANCHOR_GENERATOR:
    ANGLES:
    - - -90
      - 0
      - 90
    ASPECT_RATIOS:
    - - 0.5
      - 1.0
      - 2.0
    NAME: DefaultAnchorGenerator
    OFFSET: 0.0
    SIZES:
    - - 32
      - 64
      - 128
      - 256
      - 512
  BACKBONE:
    FREEZE_AT: 2
    NAME: build_resnet_backbone
  CLIP_PIXEL_MEAN:
  - 122.7709383
  - 116.7460125
  - 104.09373615
  CLIP_PIXEL_STD:
  - 68.5005327
  - 66.6321579
  - 70.323163
  DEVICE: cuda
  FPN:
    FUSE_TYPE: sum
    IN_FEATURES: []
    NORM: ''
    OUT_CHANNELS: 256
  KEYPOINT_ON: false
  LOAD_PROPOSALS: false
  MASK_FORMER:
    SIZE_DIVISIBILITY: 32
  MASK_ON: false
  META_ARCHITECTURE: CATSeg
  PANOPTIC_FPN:
    COMBINE:
      ENABLED: true
      INSTANCES_CONFIDENCE_THRESH: 0.5
      OVERLAP_THRESH: 0.5
      STUFF_AREA_LIMIT: 4096
    INSTANCE_LOSS_WEIGHT: 1.0
  PIXEL_MEAN:
  - 123.675
  - 116.28
  - 103.53
  PIXEL_STD:
  - 58.395
  - 57.12
  - 57.375
  PROMPT_ENSEMBLE: false
  PROMPT_ENSEMBLE_TYPE: multi_domain
  PROPOSAL_GENERATOR:
    MIN_SIZE: 0
    NAME: RPN
  RESNETS:
    DEFORM_MODULATED: false
    DEFORM_NUM_GROUPS: 1
    DEFORM_ON_PER_STAGE:
    - false
    - false
    - false
    - false
    DEPTH: 50
    NORM: FrozenBN
    NUM_GROUPS: 1
    OUT_FEATURES:
    - res4
    RES2_OUT_CHANNELS: 256
    RES4_DILATION: 1
    RES5_DILATION: 1
    RES5_MULTI_GRID:
    - 1
    - 2
    - 4
    STEM_OUT_CHANNELS: 64
    STEM_TYPE: deeplab
    STRIDE_IN_1X1: true
    WIDTH_PER_GROUP: 64
  RETINANET:
    BBOX_REG_LOSS_TYPE: smooth_l1
    BBOX_REG_WEIGHTS: &id002
    - 1.0
    - 1.0
    - 1.0
    - 1.0
    FOCAL_LOSS_ALPHA: 0.25
    FOCAL_LOSS_GAMMA: 2.0
    IN_FEATURES:
    - p3
    - p4
    - p5
    - p6
    - p7
    IOU_LABELS:
    - 0
    - -1
    - 1
    IOU_THRESHOLDS:
    - 0.4
    - 0.5
    NMS_THRESH_TEST: 0.5
    NORM: ''
    NUM_CLASSES: 80
    NUM_CONVS: 4
    PRIOR_PROB: 0.01
    SCORE_THRESH_TEST: 0.05
    SMOOTH_L1_LOSS_BETA: 0.1
    TOPK_CANDIDATES_TEST: 1000
  ROI_BOX_CASCADE_HEAD:
    BBOX_REG_WEIGHTS:
    - &id001
      - 10.0
      - 10.0
      - 5.0
      - 5.0
    - - 20.0
      - 20.0
      - 10.0
      - 10.0
    - - 30.0
      - 30.0
      - 15.0
      - 15.0
    IOUS:
    - 0.5
    - 0.6
    - 0.7
  ROI_BOX_HEAD:
    BBOX_REG_LOSS_TYPE: smooth_l1
    BBOX_REG_LOSS_WEIGHT: 1.0
    BBOX_REG_WEIGHTS: *id001
    CLS_AGNOSTIC_BBOX_REG: false
    CONV_DIM: 256
    FC_DIM: 1024
    NAME: ''
    NORM: ''
    NUM_CONV: 0
    NUM_FC: 0
    POOLER_RESOLUTION: 14
    POOLER_SAMPLING_RATIO: 0
    POOLER_TYPE: ROIAlignV2
    SMOOTH_L1_BETA: 0.0
    TRAIN_ON_PRED_BOXES: false
  ROI_HEADS:
    BATCH_SIZE_PER_IMAGE: 512
    IN_FEATURES:
    - res4
    IOU_LABELS:
    - 0
    - 1
    IOU_THRESHOLDS:
    - 0.5
    NAME: Res5ROIHeads
    NMS_THRESH_TEST: 0.5
    NUM_CLASSES: 80
    POSITIVE_FRACTION: 0.25
    PROPOSAL_APPEND_GT: true
    SCORE_THRESH_TEST: 0.05
  ROI_KEYPOINT_HEAD:
    CONV_DIMS:
    - 512
    - 512
    - 512
    - 512
    - 512
    - 512
    - 512
    - 512
    LOSS_WEIGHT: 1.0
    MIN_KEYPOINTS_PER_IMAGE: 1
    NAME: KRCNNConvDeconvUpsampleHead
    NORMALIZE_LOSS_BY_VISIBLE_KEYPOINTS: true
    NUM_KEYPOINTS: 17
    POOLER_RESOLUTION: 14
    POOLER_SAMPLING_RATIO: 0
    POOLER_TYPE: ROIAlignV2
  ROI_MASK_HEAD:
    CLS_AGNOSTIC_MASK: false
    CONV_DIM: 256
    NAME: MaskRCNNConvUpsampleHead
    NORM: ''
    NUM_CONV: 0
    POOLER_RESOLUTION: 14
    POOLER_SAMPLING_RATIO: 0
    POOLER_TYPE: ROIAlignV2
  RPN:
    BATCH_SIZE_PER_IMAGE: 256
    BBOX_REG_LOSS_TYPE: smooth_l1
    BBOX_REG_LOSS_WEIGHT: 1.0
    BBOX_REG_WEIGHTS: *id002
    BOUNDARY_THRESH: -1
    CONV_DIMS:
    - -1
    HEAD_NAME: StandardRPNHead
    IN_FEATURES:
    - res4
    IOU_LABELS:
    - 0
    - -1
    - 1
    IOU_THRESHOLDS:
    - 0.3
    - 0.7
    LOSS_WEIGHT: 1.0
    NMS_THRESH: 0.7
    POSITIVE_FRACTION: 0.5
    POST_NMS_TOPK_TEST: 1000
    POST_NMS_TOPK_TRAIN: 2000
    PRE_NMS_TOPK_TEST: 6000
    PRE_NMS_TOPK_TRAIN: 12000
    SMOOTH_L1_BETA: 0.0
  SEM_SEG_HEAD:
    APPEARANCE_GUIDANCE_DIM: 768
    APPEARANCE_GUIDANCE_PROJ_DIM: 128
    ASPP_CHANNELS: 256
    ASPP_DILATIONS:
    - 6
    - 12
    - 18
    ASPP_DROPOUT: 0.1
    ATTENTION_TYPE: linear
    CACHE_DIR: /data/zd/TTA_VLM/pretrain/EVA02_CLIP_L_336_psz14_s6B.pt
    CLIP_FINETUNE: attention
    CLIP_PRETRAINED: EVA02-CLIP-L-14-336
    COMMON_STRIDE: 4
    CONVS_DIM: 128
    DECODER_DIMS:
    - 64
    - 32
    DECODER_GUIDANCE_DIMS:
    - 256
    - 128
    DECODER_GUIDANCE_PROJ_DIMS:
    - 32
    - 16
    ENABLE_HIGH_RES: false
    FEATURE_RESOLUTION:
    - 32
    - 32
    HIDDEN_DIMS: 128
    IGNORE_VALUE: 255
    IN_FEATURES:
    - res2
    - res3
    - res4
    LOSS_TYPE: hard_pixel_mining
    LOSS_WEIGHT: 1.0
    NAME: CATSegHead
    NORM: GN
    NUM_CLASSES: 19
    NUM_HEADS: 4
    NUM_LAYERS: 1
    POOLING_SIZES:
    - 1
    - 1
    PROJECT_CHANNELS:
    - 48
    PROJECT_FEATURES:
    - res2
    PROMPT_DEPTH: 0
    PROMPT_LENGTH: 0
    TEST_CLASS_INDEXES: datasets/coco/coco_stuff/split/unseen_indexes.json
    TEST_CLASS_JSON: datasets/cityscapes_19.json
    TEXT_GUIDANCE_DIM: 768
    TEXT_GUIDANCE_PROJ_DIM: 128
    TRAIN_CLASS_INDEXES: datasets/coco/coco_stuff/split/seen_indexes.json
    TRAIN_CLASS_JSON: datasets/cityscapes_seen_7.json
    USE_DEPTHWISE_SEPARABLE_CONV: false
    WINDOW_SIZES: 16
  SWIN:
    APE: false
    ATTN_DROP_RATE: 0.0
    DEPTHS:
    - 2
    - 2
    - 6
    - 2
    DROP_PATH_RATE: 0.3
    DROP_RATE: 0.0
    EMBED_DIM: 96
    MLP_RATIO: 4.0
    NUM_HEADS:
    - 3
    - 6
    - 12
    - 24
    OUT_FEATURES:
    - res2
    - res3
    - res4
    - res5
    PATCH_NORM: true
    PATCH_SIZE: 4
    PRETRAIN_IMG_SIZE: 224
    QKV_BIAS: true
    QK_SCALE: null
    WINDOW_SIZE: 7
  WEIGHTS: outputs/gta_seen7_eva_L14_r448//model_0019999.pth
OUTPUT_DIR: outputs/gta_seen7_eva_L14_r448//eval
SEED: -1
SOLVER:
  AMP:
    ENABLED: false
  BACKBONE_MULTIPLIER: 0.0
  BASE_LR: 0.0002
  BIAS_LR_FACTOR: 1.0
  CHECKPOINT_PERIOD: 5000
  CLIP_GRADIENTS:
    CLIP_TYPE: full_model
    CLIP_VALUE: 0.01
    ENABLED: true
    NORM_TYPE: 2.0
  CLIP_MULTIPLIER: 0.01
  GAMMA: 0.1
  IMS_PER_BATCH: 3
  LR_SCHEDULER_NAME: WarmupCosineLR
  MAX_ITER: 20000
  MOMENTUM: 0.9
  NESTEROV: false
  OPTIMIZER: ADAMW
  POLY_LR_CONSTANT_ENDING: 0.0
  POLY_LR_POWER: 0.9
  REFERENCE_WORLD_SIZE: 0
  STEPS:
  - 30000
  WARMUP_FACTOR: 1.0
  WARMUP_ITERS: 0
  WARMUP_METHOD: linear
  WEIGHT_DECAY: 0.0001
  WEIGHT_DECAY_BIAS: null
  WEIGHT_DECAY_EMBED: 0.0
  WEIGHT_DECAY_NORM: 0.0
TEST:
  AUG:
    ENABLED: false
    FLIP: true
    MAX_SIZE: 4000
    MIN_SIZES:
    - 400
    - 500
    - 600
    - 700
    - 800
    - 900
    - 1000
    - 1100
    - 1200
  DETECTIONS_PER_IMAGE: 100
  EVAL_PERIOD: 10000
  EXPECTED_RESULTS: []
  KEYPOINT_OKS_SIGMAS: []
  PRECISE_BN:
    ENABLED: false
    NUM_ITER: 200
  SLIDING_WINDOW: true
  SW_KERNEL: 448
  SW_OUT_RES:
  - 448
  - 896
  SW_OVERLAP: 0.333
VERSION: 2
VIS_PERIOD: 0

[12/10 03:48:18 detectron2]: Full config saved to outputs/gta_seen7_eva_L14_r448//eval/config.yaml
[12/10 03:48:18 d2.utils.env]: Using a generated random seed 18711236
Freeze text encoder parameters
[12/10 03:48:28 d2.engine.defaults]: Model:
CATSeg(
  (sem_seg_head): CATSegHead(
    (predictor): CATSegPredictor(
      (clip_model): CustomCLIP(
        (visual): EVAVisionTransformer(
          (patch_embed): PatchEmbed(
            (proj): Conv2d(3, 1024, kernel_size=(14, 14), stride=(14, 14))
          )
          (pos_drop): Dropout(p=0.0, inplace=False)
          (rope): VisionRotaryEmbeddingFast()
          (blocks): ModuleList(
            (0-23): 24 x Block(
              (norm1): LayerNorm((1024,), eps=1e-06, elementwise_affine=True)
              (attn): Attention(
                (q_proj): Linear(in_features=1024, out_features=1024, bias=False)
                (k_proj): Linear(in_features=1024, out_features=1024, bias=False)
                (v_proj): Linear(in_features=1024, out_features=1024, bias=False)
                (attn_drop): Dropout(p=0.0, inplace=False)
                (inner_attn_ln): LayerNorm((1024,), eps=1e-06, elementwise_affine=True)
                (proj): Linear(in_features=1024, out_features=1024, bias=True)
                (proj_drop): Dropout(p=0.0, inplace=False)
                (rope): VisionRotaryEmbeddingFast()
              )
              (drop_path): Identity()
              (norm2): LayerNorm((1024,), eps=1e-06, elementwise_affine=True)
              (mlp): SwiGLU(
                (w1): Linear(in_features=1024, out_features=2730, bias=True)
                (w2): Linear(in_features=1024, out_features=2730, bias=True)
                (act): SiLU()
                (ffn_ln): LayerNorm((2730,), eps=1e-06, elementwise_affine=True)
                (w3): Linear(in_features=2730, out_features=1024, bias=True)
                (drop): Dropout(p=0.0, inplace=False)
              )
            )
          )
          (norm): LayerNorm((1024,), eps=1e-06, elementwise_affine=True)
          (head): Linear(in_features=1024, out_features=768, bias=True)
          (patch_dropout): Identity()
        )
        (text): TextTransformer(
          (token_embedding): Embedding(49408, 768)
          (transformer): Transformer(
            (resblocks): ModuleList(
              (0-11): 12 x ResidualAttentionBlock(
                (ln_1): LayerNorm((768,), eps=1e-05, elementwise_affine=True)
                (attn): MultiheadAttention(
                  (out_proj): NonDynamicallyQuantizableLinear(in_features=768, out_features=768, bias=True)
                )
                (ls_1): Identity()
                (ln_2): LayerNorm((768,), eps=1e-05, elementwise_affine=True)
                (mlp): Sequential(
                  (c_fc): Linear(in_features=768, out_features=3072, bias=True)
                  (gelu): GELU(approximate='none')
                  (c_proj): Linear(in_features=3072, out_features=768, bias=True)
                )
                (ls_2): Identity()
              )
            )
          )
          (ln_final): LayerNorm((768,), eps=1e-05, elementwise_affine=True)
        )
      )
      (transformer): AggregatorMambaLite(
        (layers): ModuleList(
          (0): Sequential(
            (0): AxialMambaBlockLite_v2(
              (film): FiLM2D(
                (pool): AdaptiveAvgPool2d(output_size=1)
                (fc): Conv2d(128, 256, kernel_size=(1, 1), stride=(1, 1))
              )
              (pre_mix): Sequential(
                (0): Conv2d(128, 128, kernel_size=(3, 3), stride=(1, 1), padding=(1, 1), groups=128)
                (1): Conv2d(128, 128, kernel_size=(1, 1), stride=(1, 1))
                (2): GELU(approximate='none')
              )
              (seq_row): Mamba1DWithDecayPrior(
                (out_norm): LayerNorm((128,), eps=1e-05, elementwise_affine=True)
                (gate): Sequential(
                  (0): Linear(in_features=128, out_features=128, bias=True)
                  (1): SiLU()
                )
                (proj_in): Linear(in_features=128, out_features=384, bias=True)
                (drop): Dropout(p=0.0, inplace=False)
              )
              (post_proj): Conv2d(128, 128, kernel_size=(1, 1), stride=(1, 1))
              (norm_tok): LayerNorm((128,), eps=1e-05, elementwise_affine=True)
              (ffn): Sequential(
                (0): Linear(in_features=128, out_features=384, bias=True)
                (1): GELU(approximate='none')
                (2): Linear(in_features=384, out_features=128, bias=True)
              )
              (down): Identity()
            )
            (1): ClassMambaLayerLite(
              (pool): AvgPool2d(kernel_size=[1, 1], stride=[1, 1], padding=0)
              (guid_proj): Linear(in_features=128, out_features=256, bias=True)
              (seq_block): _Mamba1DAdapterLite(
                (blocks): ModuleList(
                  (0): PseudoMamba1D(
                    (gate): Sequential(
                      (0): Linear(in_features=128, out_features=128, bias=True)
                      (1): SiLU()
                    )
                    (proj_in): Linear(in_features=128, out_features=384, bias=True)
                    (out_norm): LayerNorm((128,), eps=1e-05, elementwise_affine=True)
                    (drop): Dropout(p=0.0, inplace=False)
                  )
                )
                (norm): LayerNorm((128,), eps=1e-05, elementwise_affine=True)
              )
              (norm1): LayerNorm((128,), eps=1e-05, elementwise_affine=True)
              (norm2): LayerNorm((128,), eps=1e-05, elementwise_affine=True)
              (ffn): Sequential(
                (0): Linear(in_features=128, out_features=384, bias=True)
                (1): GELU(approximate='none')
                (2): Linear(in_features=384, out_features=128, bias=True)
              )
            )
          )
        )
        (conv1): Conv2d(1, 128, kernel_size=(7, 7), stride=(1, 1), padding=(3, 3))
        (guidance_projection): Sequential(
          (0): Conv2d(768, 128, kernel_size=(3, 3), stride=(1, 1), padding=(1, 1))
          (1): ReLU()
        )
        (text_guidance_projection): Sequential(
          (0): Linear(in_features=768, out_features=128, bias=True)
          (1): ReLU()
        )
        (decoder_guidance_projection): ModuleList(
          (0): Sequential(
            (0): Conv2d(256, 32, kernel_size=(3, 3), stride=(1, 1), padding=(1, 1))
            (1): ReLU()
          )
          (1): Sequential(
            (0): Conv2d(128, 16, kernel_size=(3, 3), stride=(1, 1), padding=(1, 1))
            (1): ReLU()
          )
        )
        (decoder1): UpLite(
          (up): ConvTranspose2d(128, 96, kernel_size=(2, 2), stride=(2, 2))
          (conv): Sequential(
            (0): Conv2d(128, 64, kernel_size=(3, 3), stride=(1, 1), padding=(1, 1), bias=False)
            (1): GroupNorm(4, 64, eps=1e-05, affine=True)
            (2): ReLU()
          )
        )
        (decoder2): UpLite(
          (up): ConvTranspose2d(64, 48, kernel_size=(2, 2), stride=(2, 2))
          (conv): Sequential(
            (0): Conv2d(64, 32, kernel_size=(3, 3), stride=(1, 1), padding=(1, 1), bias=False)
            (1): GroupNorm(2, 32, eps=1e-05, affine=True)
            (2): ReLU()
          )
        )
        (head): Conv2d(32, 1, kernel_size=(3, 3), stride=(1, 1), padding=(1, 1))
      )
    )
  )
  (upsample1): ConvTranspose2d(1024, 256, kernel_size=(2, 2), stride=(2, 2))
  (upsample2): ConvTranspose2d(1024, 128, kernel_size=(4, 4), stride=(4, 4))
)
[12/10 03:48:28 fvcore.common.checkpoint]: [Checkpointer] Loading from outputs/gta_seen7_eva_L14_r448//model_0019999.pth ...
[12/10 03:48:30 d2.data.datasets.coco]: Loaded 1000 images with semantic segmentation from /data/zd/data/BDD/bdd-100k/bdd100k/images/10k/val/
[12/10 03:48:30 d2.data.dataset_mapper]: [DatasetMapper] Augmentations used in inference: [ResizeShortestEdge(short_edge_length=(448, 448), max_size=1008, sample_style='choice')]
[12/10 03:48:30 d2.data.common]: Serializing 1000 elements to byte tensors and concatenating them all ...
[12/10 03:48:30 d2.data.common]: Serialized dataset takes 0.20 MiB
[12/10 03:48:30 d2.data.datasets.coco]: Loaded 1000 images with semantic segmentation from /data/zd/data/BDD/bdd-100k/bdd100k/images/10k/val/
[12/10 03:48:30 d2.evaluation.evaluator]: Start inference on 1000 batches
Add a new rope freq of shape: torch.Size([1024, 64])
[12/10 03:48:34 d2.evaluation.evaluator]: Inference done 11/1000. Dataloading: 0.0009 s/iter. Inference: 0.1452 s/iter. Eval: 0.0614 s/iter. Total: 0.2075 s/iter. ETA=0:03:25
[12/10 03:48:39 d2.evaluation.evaluator]: Inference done 35/1000. Dataloading: 0.0016 s/iter. Inference: 0.1447 s/iter. Eval: 0.0626 s/iter. Total: 0.2089 s/iter. ETA=0:03:21
[12/10 03:48:44 d2.evaluation.evaluator]: Inference done 59/1000. Dataloading: 0.0016 s/iter. Inference: 0.1448 s/iter. Eval: 0.0625 s/iter. Total: 0.2090 s/iter. ETA=0:03:16
[12/10 03:48:49 d2.evaluation.evaluator]: Inference done 83/1000. Dataloading: 0.0017 s/iter. Inference: 0.1448 s/iter. Eval: 0.0623 s/iter. Total: 0.2089 s/iter. ETA=0:03:11
[12/10 03:48:54 d2.evaluation.evaluator]: Inference done 107/1000. Dataloading: 0.0017 s/iter. Inference: 0.1448 s/iter. Eval: 0.0628 s/iter. Total: 0.2094 s/iter. ETA=0:03:06
[12/10 03:48:59 d2.evaluation.evaluator]: Inference done 131/1000. Dataloading: 0.0017 s/iter. Inference: 0.1449 s/iter. Eval: 0.0632 s/iter. Total: 0.2099 s/iter. ETA=0:03:02
[12/10 03:49:04 d2.evaluation.evaluator]: Inference done 155/1000. Dataloading: 0.0017 s/iter. Inference: 0.1450 s/iter. Eval: 0.0630 s/iter. Total: 0.2099 s/iter. ETA=0:02:57
[12/10 03:49:09 d2.evaluation.evaluator]: Inference done 179/1000. Dataloading: 0.0017 s/iter. Inference: 0.1450 s/iter. Eval: 0.0632 s/iter. Total: 0.2100 s/iter. ETA=0:02:52
[12/10 03:49:14 d2.evaluation.evaluator]: Inference done 202/1000. Dataloading: 0.0018 s/iter. Inference: 0.1454 s/iter. Eval: 0.0637 s/iter. Total: 0.2110 s/iter. ETA=0:02:48
[12/10 03:49:20 d2.evaluation.evaluator]: Inference done 226/1000. Dataloading: 0.0018 s/iter. Inference: 0.1455 s/iter. Eval: 0.0638 s/iter. Total: 0.2111 s/iter. ETA=0:02:43
[12/10 03:49:25 d2.evaluation.evaluator]: Inference done 250/1000. Dataloading: 0.0018 s/iter. Inference: 0.1456 s/iter. Eval: 0.0639 s/iter. Total: 0.2114 s/iter. ETA=0:02:38
[12/10 03:49:30 d2.evaluation.evaluator]: Inference done 274/1000. Dataloading: 0.0018 s/iter. Inference: 0.1456 s/iter. Eval: 0.0639 s/iter. Total: 0.2114 s/iter. ETA=0:02:33
[12/10 03:49:35 d2.evaluation.evaluator]: Inference done 299/1000. Dataloading: 0.0019 s/iter. Inference: 0.1457 s/iter. Eval: 0.0634 s/iter. Total: 0.2110 s/iter. ETA=0:02:27
[12/10 03:49:40 d2.evaluation.evaluator]: Inference done 323/1000. Dataloading: 0.0019 s/iter. Inference: 0.1458 s/iter. Eval: 0.0635 s/iter. Total: 0.2111 s/iter. ETA=0:02:22
[12/10 03:49:45 d2.evaluation.evaluator]: Inference done 347/1000. Dataloading: 0.0019 s/iter. Inference: 0.1459 s/iter. Eval: 0.0635 s/iter. Total: 0.2113 s/iter. ETA=0:02:17
[12/10 03:49:50 d2.evaluation.evaluator]: Inference done 371/1000. Dataloading: 0.0019 s/iter. Inference: 0.1458 s/iter. Eval: 0.0634 s/iter. Total: 0.2113 s/iter. ETA=0:02:12
[12/10 03:49:55 d2.evaluation.evaluator]: Inference done 395/1000. Dataloading: 0.0019 s/iter. Inference: 0.1459 s/iter. Eval: 0.0635 s/iter. Total: 0.2113 s/iter. ETA=0:02:07
[12/10 03:50:00 d2.evaluation.evaluator]: Inference done 419/1000. Dataloading: 0.0019 s/iter. Inference: 0.1460 s/iter. Eval: 0.0635 s/iter. Total: 0.2115 s/iter. ETA=0:02:02
[12/10 03:50:06 d2.evaluation.evaluator]: Inference done 443/1000. Dataloading: 0.0019 s/iter. Inference: 0.1461 s/iter. Eval: 0.0635 s/iter. Total: 0.2116 s/iter. ETA=0:01:57
[12/10 03:50:11 d2.evaluation.evaluator]: Inference done 467/1000. Dataloading: 0.0019 s/iter. Inference: 0.1462 s/iter. Eval: 0.0634 s/iter. Total: 0.2116 s/iter. ETA=0:01:52
[12/10 03:50:16 d2.evaluation.evaluator]: Inference done 491/1000. Dataloading: 0.0019 s/iter. Inference: 0.1463 s/iter. Eval: 0.0634 s/iter. Total: 0.2117 s/iter. ETA=0:01:47
[12/10 03:50:21 d2.evaluation.evaluator]: Inference done 515/1000. Dataloading: 0.0019 s/iter. Inference: 0.1463 s/iter. Eval: 0.0634 s/iter. Total: 0.2117 s/iter. ETA=0:01:42
[12/10 03:50:26 d2.evaluation.evaluator]: Inference done 539/1000. Dataloading: 0.0019 s/iter. Inference: 0.1463 s/iter. Eval: 0.0633 s/iter. Total: 0.2116 s/iter. ETA=0:01:37
[12/10 03:50:31 d2.evaluation.evaluator]: Inference done 563/1000. Dataloading: 0.0019 s/iter. Inference: 0.1464 s/iter. Eval: 0.0633 s/iter. Total: 0.2117 s/iter. ETA=0:01:32
[12/10 03:50:36 d2.evaluation.evaluator]: Inference done 587/1000. Dataloading: 0.0019 s/iter. Inference: 0.1464 s/iter. Eval: 0.0634 s/iter. Total: 0.2118 s/iter. ETA=0:01:27
[12/10 03:50:41 d2.evaluation.evaluator]: Inference done 611/1000. Dataloading: 0.0019 s/iter. Inference: 0.1464 s/iter. Eval: 0.0634 s/iter. Total: 0.2118 s/iter. ETA=0:01:22
[12/10 03:50:46 d2.evaluation.evaluator]: Inference done 636/1000. Dataloading: 0.0019 s/iter. Inference: 0.1464 s/iter. Eval: 0.0633 s/iter. Total: 0.2117 s/iter. ETA=0:01:17
[12/10 03:50:52 d2.evaluation.evaluator]: Inference done 660/1000. Dataloading: 0.0019 s/iter. Inference: 0.1464 s/iter. Eval: 0.0632 s/iter. Total: 0.2117 s/iter. ETA=0:01:11
[12/10 03:50:57 d2.evaluation.evaluator]: Inference done 684/1000. Dataloading: 0.0019 s/iter. Inference: 0.1465 s/iter. Eval: 0.0634 s/iter. Total: 0.2118 s/iter. ETA=0:01:06
[12/10 03:51:02 d2.evaluation.evaluator]: Inference done 708/1000. Dataloading: 0.0019 s/iter. Inference: 0.1465 s/iter. Eval: 0.0633 s/iter. Total: 0.2118 s/iter. ETA=0:01:01
[12/10 03:51:07 d2.evaluation.evaluator]: Inference done 731/1000. Dataloading: 0.0019 s/iter. Inference: 0.1465 s/iter. Eval: 0.0634 s/iter. Total: 0.2120 s/iter. ETA=0:00:57
[12/10 03:51:12 d2.evaluation.evaluator]: Inference done 755/1000. Dataloading: 0.0019 s/iter. Inference: 0.1465 s/iter. Eval: 0.0634 s/iter. Total: 0.2120 s/iter. ETA=0:00:51
[12/10 03:51:17 d2.evaluation.evaluator]: Inference done 780/1000. Dataloading: 0.0019 s/iter. Inference: 0.1466 s/iter. Eval: 0.0632 s/iter. Total: 0.2118 s/iter. ETA=0:00:46
[12/10 03:51:22 d2.evaluation.evaluator]: Inference done 804/1000. Dataloading: 0.0019 s/iter. Inference: 0.1466 s/iter. Eval: 0.0632 s/iter. Total: 0.2118 s/iter. ETA=0:00:41
[12/10 03:51:27 d2.evaluation.evaluator]: Inference done 828/1000. Dataloading: 0.0019 s/iter. Inference: 0.1466 s/iter. Eval: 0.0632 s/iter. Total: 0.2118 s/iter. ETA=0:00:36
[12/10 03:51:32 d2.evaluation.evaluator]: Inference done 852/1000. Dataloading: 0.0019 s/iter. Inference: 0.1466 s/iter. Eval: 0.0632 s/iter. Total: 0.2119 s/iter. ETA=0:00:31
[12/10 03:51:37 d2.evaluation.evaluator]: Inference done 876/1000. Dataloading: 0.0019 s/iter. Inference: 0.1467 s/iter. Eval: 0.0632 s/iter. Total: 0.2119 s/iter. ETA=0:00:26
[12/10 03:51:42 d2.evaluation.evaluator]: Inference done 899/1000. Dataloading: 0.0019 s/iter. Inference: 0.1468 s/iter. Eval: 0.0633 s/iter. Total: 0.2121 s/iter. ETA=0:00:21
[12/10 03:51:48 d2.evaluation.evaluator]: Inference done 923/1000. Dataloading: 0.0019 s/iter. Inference: 0.1469 s/iter. Eval: 0.0633 s/iter. Total: 0.2122 s/iter. ETA=0:00:16
[12/10 03:51:53 d2.evaluation.evaluator]: Inference done 946/1000. Dataloading: 0.0019 s/iter. Inference: 0.1470 s/iter. Eval: 0.0634 s/iter. Total: 0.2124 s/iter. ETA=0:00:11
[12/10 03:51:58 d2.evaluation.evaluator]: Inference done 969/1000. Dataloading: 0.0019 s/iter. Inference: 0.1471 s/iter. Eval: 0.0635 s/iter. Total: 0.2126 s/iter. ETA=0:00:06
[12/10 03:52:03 d2.evaluation.evaluator]: Inference done 992/1000. Dataloading: 0.0019 s/iter. Inference: 0.1472 s/iter. Eval: 0.0636 s/iter. Total: 0.2128 s/iter. ETA=0:00:01
[12/10 03:52:05 d2.evaluation.evaluator]: Total inference time: 0:03:31.852247 (0.212917 s / iter per device, on 1 devices)
[12/10 03:52:05 d2.evaluation.evaluator]: Total inference pure compute time: 0:02:26 (0.147214 s / iter per device, on 1 devices)
[12/10 03:52:05 d2.evaluation.sem_seg_evaluation]: OrderedDict([('sem_seg', {'mIoU': 50.9057082700892, 'fwIoU': 83.49221736698259, 'IoU-road': 93.45913906029276, 'IoU-sidewalk': 63.68082798968783, 'IoU-building': 85.22978336051065, 'IoU-wall': 31.0518415477716, 'IoU-fence': 34.70709359151855, 'IoU-pole': 31.326868414802988, 'IoU-traffic light': 39.55527721931343, 'IoU-traffic sign': 36.7816023896999, 'IoU-vegetation': 76.69302946190267, 'IoU-terrain': 19.32353846073317, 'IoU-sky': 88.79626292559732, 'IoU-person': 67.23164252738724, 'IoU-rider': 2.1088366104666916, 'IoU-car': 87.96867041226213, 'IoU-truck': 49.61675999966453, 'IoU-bus': 79.67839761145532, 'IoU-train': 0.4043565545912964, 'IoU-motorcycle': 48.43502885077967, 'IoU-bicycle': 31.159500143257002, 'mACC': 65.96958398059799, 'pACC': 90.36994797524308, 'ACC-road': 96.17760519660237, 'ACC-sidewalk': 78.90960021830894, 'ACC-building': 92.53753967719146, 'ACC-wall': 52.69779250790562, 'ACC-fence': 54.814012545541715, 'ACC-pole': 36.117416919436465, 'ACC-traffic light': 59.295208072447025, 'ACC-traffic sign': 64.21049713659357, 'ACC-vegetation': 82.75162382891844, 'ACC-terrain': 23.70902753355454, 'ACC-sky': 97.90617115413521, 'ACC-person': 76.95714797145973, 'ACC-rider': 13.442096346574845, 'ACC-car': 93.4715324925846, 'ACC-truck': 87.23554459320712, 'ACC-bus': 86.47925939248616, 'ACC-train': 1.1675460537125957, 'ACC-motorcycle': 77.47564673246887, 'ACC-bicycle': 78.06682725823262})])
[12/10 03:52:05 d2.engine.defaults]: Evaluation results for bdd100k_val_seg in csv format:
[12/10 03:52:05 d2.evaluation.testing]: copypaste: Task: sem_seg
[12/10 03:52:05 d2.evaluation.testing]: copypaste: mIoU,fwIoU,mACC,pACC
[12/10 03:52:05 d2.evaluation.testing]: copypaste: 50.9057,83.4922,65.9696,90.3699
/data/zd/TTA_VLM/S2_Corr/train_net.py:16: FutureWarning: In the future `np.bool` will be defined as the corresponding NumPy scalar.
  if not hasattr(np, _name):
/data/zd/TTA_VLM/S2_Corr/train_net.py:16: FutureWarning: In the future `np.object` will be defined as the corresponding NumPy scalar.
  if not hasattr(np, _name):
/data/zd/TTA_VLM/S2_Corr/train_net.py:18: FutureWarning: In the future `np.long` will be defined as the corresponding NumPy scalar.
  if not hasattr(np, "long"):
/data2/anaconda3/envs/DeCLIP_CATSeg/lib/python3.10/site-packages/torchvision/datapoints/__init__.py:12: UserWarning: The torchvision.datapoints and torchvision.transforms.v2 namespaces are still Beta. While we do not expect major breaking changes, some APIs may still change according to user feedback. Please submit any feedback you may have in this issue: https://github.com/pytorch/vision/issues/6753, and you can also check out https://github.com/pytorch/vision/issues/7319 to learn more about the APIs that we suspect might involve future changes. You can silence this warning by calling torchvision.disable_beta_transforms_warning().
  warnings.warn(_BETA_TRANSFORMS_WARNING)
/data2/anaconda3/envs/DeCLIP_CATSeg/lib/python3.10/site-packages/torchvision/transforms/v2/__init__.py:54: UserWarning: The torchvision.datapoints and torchvision.transforms.v2 namespaces are still Beta. While we do not expect major breaking changes, some APIs may still change according to user feedback. Please submit any feedback you may have in this issue: https://github.com/pytorch/vision/issues/6753, and you can also check out https://github.com/pytorch/vision/issues/7319 to learn more about the APIs that we suspect might involve future changes. You can silence this warning by calling torchvision.disable_beta_transforms_warning().
  warnings.warn(_BETA_TRANSFORMS_WARNING)
Please 'pip install apex'
Command Line Args: Namespace(config_file='configs/gta5_seen7_catseg_vitl.yaml', resume=False, eval_only=True, num_gpus=1, num_machines=1, machine_rank=0, dist_url='auto', opts=['OUTPUT_DIR', 'outputs/gta_seen7_eva_L14_r448//eval', 'MODEL.SEM_SEG_HEAD.TEST_CLASS_JSON', 'datasets/cityscapes_19.json', 'MODEL.SEM_SEG_HEAD.ENABLE_HIGH_RES', 'False', 'DATASETS.TEST', '("mapillary_val_seg",)', 'TEST.SLIDING_WINDOW', 'True', 'MODEL.SEM_SEG_HEAD.POOLING_SIZES', '[1,1]', 'MODEL.WEIGHTS', 'outputs/gta_seen7_eva_L14_r448//model_0019999.pth'])
[12/10 03:52:10 detectron2]: Rank of current process: 0. World size: 1
[12/10 03:52:10 detectron2]: Environment info:
----------------------  ------------------------------------------------------------------------------------------
sys.platform            linux
Python                  3.10.0 (default, Mar  3 2022, 09:58:08) [GCC 7.5.0]
numpy                   1.26.4
detectron2              0.6 @/data2/anaconda3/envs/DeCLIP_CATSeg/lib/python3.10/site-packages/detectron2
Compiler                GCC 7.5
CUDA compiler           CUDA 11.6
detectron2 arch flags   8.0
DETECTRON2_ENV_MODULE   <not set>
PyTorch                 2.0.0+cu117 @/data2/anaconda3/envs/DeCLIP_CATSeg/lib/python3.10/site-packages/torch
PyTorch debug build     False
GPU available           Yes
GPU 0                   GeForce RTX 3090 (arch=8.6)
Driver version          460.84
CUDA_HOME               /usr/local/cuda-11.6
TORCH_CUDA_ARCH_LIST    8.0
Pillow                  9.1.0
torchvision             0.15.1+cu117 @/data2/anaconda3/envs/DeCLIP_CATSeg/lib/python3.10/site-packages/torchvision
torchvision arch flags  3.5, 5.0, 6.0, 7.0, 7.5, 8.0, 8.6
fvcore                  0.1.5.post20221221
iopath                  0.1.9
cv2                     4.11.0
----------------------  ------------------------------------------------------------------------------------------
PyTorch built with:
  - GCC 9.3
  - C++ Version: 201703
  - Intel(R) oneAPI Math Kernel Library Version 2022.2-Product Build 20220804 for Intel(R) 64 architecture applications
  - Intel(R) MKL-DNN v2.7.3 (Git Hash 6dbeffbae1f23cbbeae17adb7b5b13f1f37c080e)
  - OpenMP 201511 (a.k.a. OpenMP 4.5)
  - LAPACK is enabled (usually provided by MKL)
  - NNPACK is enabled
  - CPU capability usage: AVX2
  - CUDA Runtime 11.7
  - NVCC architecture flags: -gencode;arch=compute_37,code=sm_37;-gencode;arch=compute_50,code=sm_50;-gencode;arch=compute_60,code=sm_60;-gencode;arch=compute_70,code=sm_70;-gencode;arch=compute_75,code=sm_75;-gencode;arch=compute_80,code=sm_80;-gencode;arch=compute_86,code=sm_86
  - CuDNN 8.5
  - Magma 2.6.1
  - Build settings: BLAS_INFO=mkl, BUILD_TYPE=Release, CUDA_VERSION=11.7, CUDNN_VERSION=8.5.0, CXX_COMPILER=/opt/rh/devtoolset-9/root/usr/bin/c++, CXX_FLAGS= -D_GLIBCXX_USE_CXX11_ABI=0 -fabi-version=11 -Wno-deprecated -fvisibility-inlines-hidden -DUSE_PTHREADPOOL -DNDEBUG -DUSE_KINETO -DLIBKINETO_NOROCTRACER -DUSE_FBGEMM -DUSE_QNNPACK -DUSE_PYTORCH_QNNPACK -DUSE_XNNPACK -DSYMBOLICATE_MOBILE_DEBUG_HANDLE -O2 -fPIC -Wall -Wextra -Werror=return-type -Werror=non-virtual-dtor -Werror=bool-operation -Wnarrowing -Wno-missing-field-initializers -Wno-type-limits -Wno-array-bounds -Wno-unknown-pragmas -Wunused-local-typedefs -Wno-unused-parameter -Wno-unused-function -Wno-unused-result -Wno-strict-overflow -Wno-strict-aliasing -Wno-error=deprecated-declarations -Wno-stringop-overflow -Wno-psabi -Wno-error=pedantic -Wno-error=redundant-decls -Wno-error=old-style-cast -fdiagnostics-color=always -faligned-new -Wno-unused-but-set-variable -Wno-maybe-uninitialized -fno-math-errno -fno-trapping-math -Werror=format -Werror=cast-function-type -Wno-stringop-overflow, LAPACK_INFO=mkl, PERF_WITH_AVX=1, PERF_WITH_AVX2=1, PERF_WITH_AVX512=1, TORCH_DISABLE_GPU_ASSERTS=ON, TORCH_VERSION=2.0.0, USE_CUDA=ON, USE_CUDNN=ON, USE_EXCEPTION_PTR=1, USE_GFLAGS=OFF, USE_GLOG=OFF, USE_MKL=ON, USE_MKLDNN=ON, USE_MPI=OFF, USE_NCCL=1, USE_NNPACK=ON, USE_OPENMP=ON, USE_ROCM=OFF, 

[12/10 03:52:10 detectron2]: Command line arguments: Namespace(config_file='configs/gta5_seen7_catseg_vitl.yaml', resume=False, eval_only=True, num_gpus=1, num_machines=1, machine_rank=0, dist_url='auto', opts=['OUTPUT_DIR', 'outputs/gta_seen7_eva_L14_r448//eval', 'MODEL.SEM_SEG_HEAD.TEST_CLASS_JSON', 'datasets/cityscapes_19.json', 'MODEL.SEM_SEG_HEAD.ENABLE_HIGH_RES', 'False', 'DATASETS.TEST', '("mapillary_val_seg",)', 'TEST.SLIDING_WINDOW', 'True', 'MODEL.SEM_SEG_HEAD.POOLING_SIZES', '[1,1]', 'MODEL.WEIGHTS', 'outputs/gta_seen7_eva_L14_r448//model_0019999.pth'])
[12/10 03:52:10 detectron2]: Contents of args.config_file=configs/gta5_seen7_catseg_vitl.yaml:
_BASE_: config.yaml
DATASETS:
  TRAIN: ("gta5_seen7_train_seg",)
  TEST:  ("acdc_inpaint41_test",)
MODEL:
  META_ARCHITECTURE: "CATSeg"
  PIXEL_MEAN: [123.675, 116.280, 103.530]
  PIXEL_STD: [58.395, 57.120, 57.375]
  SEM_SEG_HEAD:
    NAME: "CATSegHead"
    IN_FEATURES: ["res2", "res3", "res4"]
    IGNORE_VALUE: 255
    NUM_CLASSES: 19
    TRAIN_CLASS_JSON: "datasets/cityscapes_seen_7.json"
    TEST_CLASS_JSON:  "datasets/inpaint41_vocab.json"
    CLIP_PRETRAINED: "EVA02-CLIP-L-14-336"
    PROMPT_DEPTH: 0
    PROMPT_LENGTH: 0
    TEXT_GUIDANCE_DIM: 768
    TEXT_GUIDANCE_PROJ_DIM: 128
    APPEARANCE_GUIDANCE_DIM: 768
    APPEARANCE_GUIDANCE_PROJ_DIM: 128
    DECODER_DIMS: [64, 32]
    DECODER_GUIDANCE_DIMS: [256, 128]
    DECODER_GUIDANCE_PROJ_DIMS: [32, 16]
    NUM_LAYERS: 1
    NUM_HEADS: 4
    HIDDEN_DIMS: 128
    POOLING_SIZES: [ 1, 1 ]
    FEATURE_RESOLUTION: [32, 32]
    WINDOW_SIZES: 16
    ATTENTION_TYPE: "linear"
    CLIP_FINETUNE: "attention"
    CACHE_DIR: "/data/zd/TTA_VLM/pretrain/EVA02_CLIP_L_336_psz14_s6B.pt"
  PROMPT_ENSEMBLE_TYPE: "multi_domain"
INPUT:
  MIN_SIZE_TRAIN: (448, 640)
  MIN_SIZE_TRAIN_SAMPLING: "choice"
  MAX_SIZE_TRAIN: 1344
  MIN_SIZE_TEST: 448
  MAX_SIZE_TEST: 1008
  CROP:
    ENABLED: True
    TYPE: "absolute"
    SIZE: (448, 448)
  SIZE_DIVISIBILITY: 14
  FORMAT: "RGB"
  DATASET_MAPPER_NAME: "mask_former_semantic"
SOLVER:
  IMS_PER_BATCH: 3
  LR_SCHEDULER_NAME: "WarmupCosineLR"
  BASE_LR: 0.0002
  MAX_ITER: 20000
  BACKBONE_MULTIPLIER: 0.0
  CLIP_MULTIPLIER: 0.01
TEST:
  EVAL_PERIOD: 10000
  SLIDING_WINDOW: True
  SW_KERNEL: 448
  SW_OVERLAP: 0.333
  SW_OUT_RES: [448, 896]
  
[12/10 03:52:10 detectron2]: Running with full config:
CUDNN_BENCHMARK: true
DATALOADER:
  ASPECT_RATIO_GROUPING: true
  FILTER_EMPTY_ANNOTATIONS: true
  NUM_WORKERS: 8
  REPEAT_THRESHOLD: 0.0
  SAMPLER_TRAIN: TrainingSampler
DATASETS:
  PRECOMPUTED_PROPOSAL_TOPK_TEST: 1000
  PRECOMPUTED_PROPOSAL_TOPK_TRAIN: 2000
  PROPOSAL_FILES_TEST: []
  PROPOSAL_FILES_TRAIN: []
  TEST:
  - mapillary_val_seg
  TRAIN:
  - gta5_seen7_train_seg
  VAL_ALL:
  - coco_2017_val_all_stuff_sem_seg
DDP:
  BROADCAST_BUFFERS: false
  FIND_UNUSED_PARAMETERS: true
GLOBAL:
  HACK: 1.0
INPUT:
  COLOR_AUG_SSD: true
  CROP:
    ENABLED: true
    SINGLE_CATEGORY_MAX_AREA: 1.0
    SIZE:
    - 448
    - 448
    TYPE: absolute
  DATASET_MAPPER_NAME: mask_former_semantic
  FORMAT: RGB
  MASK_FORMAT: polygon
  MAX_SIZE_TEST: 1008
  MAX_SIZE_TRAIN: 1344
  MIN_SIZE_TEST: 448
  MIN_SIZE_TRAIN:
  - 448
  - 640
  MIN_SIZE_TRAIN_SAMPLING: choice
  RANDOM_FLIP: horizontal
  SIZE_DIVISIBILITY: 14
MODEL:
  ANCHOR_GENERATOR:
    ANGLES:
    - - -90
      - 0
      - 90
    ASPECT_RATIOS:
    - - 0.5
      - 1.0
      - 2.0
    NAME: DefaultAnchorGenerator
    OFFSET: 0.0
    SIZES:
    - - 32
      - 64
      - 128
      - 256
      - 512
  BACKBONE:
    FREEZE_AT: 2
    NAME: build_resnet_backbone
  CLIP_PIXEL_MEAN:
  - 122.7709383
  - 116.7460125
  - 104.09373615
  CLIP_PIXEL_STD:
  - 68.5005327
  - 66.6321579
  - 70.323163
  DEVICE: cuda
  FPN:
    FUSE_TYPE: sum
    IN_FEATURES: []
    NORM: ''
    OUT_CHANNELS: 256
  KEYPOINT_ON: false
  LOAD_PROPOSALS: false
  MASK_FORMER:
    SIZE_DIVISIBILITY: 32
  MASK_ON: false
  META_ARCHITECTURE: CATSeg
  PANOPTIC_FPN:
    COMBINE:
      ENABLED: true
      INSTANCES_CONFIDENCE_THRESH: 0.5
      OVERLAP_THRESH: 0.5
      STUFF_AREA_LIMIT: 4096
    INSTANCE_LOSS_WEIGHT: 1.0
  PIXEL_MEAN:
  - 123.675
  - 116.28
  - 103.53
  PIXEL_STD:
  - 58.395
  - 57.12
  - 57.375
  PROMPT_ENSEMBLE: false
  PROMPT_ENSEMBLE_TYPE: multi_domain
  PROPOSAL_GENERATOR:
    MIN_SIZE: 0
    NAME: RPN
  RESNETS:
    DEFORM_MODULATED: false
    DEFORM_NUM_GROUPS: 1
    DEFORM_ON_PER_STAGE:
    - false
    - false
    - false
    - false
    DEPTH: 50
    NORM: FrozenBN
    NUM_GROUPS: 1
    OUT_FEATURES:
    - res4
    RES2_OUT_CHANNELS: 256
    RES4_DILATION: 1
    RES5_DILATION: 1
    RES5_MULTI_GRID:
    - 1
    - 2
    - 4
    STEM_OUT_CHANNELS: 64
    STEM_TYPE: deeplab
    STRIDE_IN_1X1: true
    WIDTH_PER_GROUP: 64
  RETINANET:
    BBOX_REG_LOSS_TYPE: smooth_l1
    BBOX_REG_WEIGHTS: &id002
    - 1.0
    - 1.0
    - 1.0
    - 1.0
    FOCAL_LOSS_ALPHA: 0.25
    FOCAL_LOSS_GAMMA: 2.0
    IN_FEATURES:
    - p3
    - p4
    - p5
    - p6
    - p7
    IOU_LABELS:
    - 0
    - -1
    - 1
    IOU_THRESHOLDS:
    - 0.4
    - 0.5
    NMS_THRESH_TEST: 0.5
    NORM: ''
    NUM_CLASSES: 80
    NUM_CONVS: 4
    PRIOR_PROB: 0.01
    SCORE_THRESH_TEST: 0.05
    SMOOTH_L1_LOSS_BETA: 0.1
    TOPK_CANDIDATES_TEST: 1000
  ROI_BOX_CASCADE_HEAD:
    BBOX_REG_WEIGHTS:
    - &id001
      - 10.0
      - 10.0
      - 5.0
      - 5.0
    - - 20.0
      - 20.0
      - 10.0
      - 10.0
    - - 30.0
      - 30.0
      - 15.0
      - 15.0
    IOUS:
    - 0.5
    - 0.6
    - 0.7
  ROI_BOX_HEAD:
    BBOX_REG_LOSS_TYPE: smooth_l1
    BBOX_REG_LOSS_WEIGHT: 1.0
    BBOX_REG_WEIGHTS: *id001
    CLS_AGNOSTIC_BBOX_REG: false
    CONV_DIM: 256
    FC_DIM: 1024
    NAME: ''
    NORM: ''
    NUM_CONV: 0
    NUM_FC: 0
    POOLER_RESOLUTION: 14
    POOLER_SAMPLING_RATIO: 0
    POOLER_TYPE: ROIAlignV2
    SMOOTH_L1_BETA: 0.0
    TRAIN_ON_PRED_BOXES: false
  ROI_HEADS:
    BATCH_SIZE_PER_IMAGE: 512
    IN_FEATURES:
    - res4
    IOU_LABELS:
    - 0
    - 1
    IOU_THRESHOLDS:
    - 0.5
    NAME: Res5ROIHeads
    NMS_THRESH_TEST: 0.5
    NUM_CLASSES: 80
    POSITIVE_FRACTION: 0.25
    PROPOSAL_APPEND_GT: true
    SCORE_THRESH_TEST: 0.05
  ROI_KEYPOINT_HEAD:
    CONV_DIMS:
    - 512
    - 512
    - 512
    - 512
    - 512
    - 512
    - 512
    - 512
    LOSS_WEIGHT: 1.0
    MIN_KEYPOINTS_PER_IMAGE: 1
    NAME: KRCNNConvDeconvUpsampleHead
    NORMALIZE_LOSS_BY_VISIBLE_KEYPOINTS: true
    NUM_KEYPOINTS: 17
    POOLER_RESOLUTION: 14
    POOLER_SAMPLING_RATIO: 0
    POOLER_TYPE: ROIAlignV2
  ROI_MASK_HEAD:
    CLS_AGNOSTIC_MASK: false
    CONV_DIM: 256
    NAME: MaskRCNNConvUpsampleHead
    NORM: ''
    NUM_CONV: 0
    POOLER_RESOLUTION: 14
    POOLER_SAMPLING_RATIO: 0
    POOLER_TYPE: ROIAlignV2
  RPN:
    BATCH_SIZE_PER_IMAGE: 256
    BBOX_REG_LOSS_TYPE: smooth_l1
    BBOX_REG_LOSS_WEIGHT: 1.0
    BBOX_REG_WEIGHTS: *id002
    BOUNDARY_THRESH: -1
    CONV_DIMS:
    - -1
    HEAD_NAME: StandardRPNHead
    IN_FEATURES:
    - res4
    IOU_LABELS:
    - 0
    - -1
    - 1
    IOU_THRESHOLDS:
    - 0.3
    - 0.7
    LOSS_WEIGHT: 1.0
    NMS_THRESH: 0.7
    POSITIVE_FRACTION: 0.5
    POST_NMS_TOPK_TEST: 1000
    POST_NMS_TOPK_TRAIN: 2000
    PRE_NMS_TOPK_TEST: 6000
    PRE_NMS_TOPK_TRAIN: 12000
    SMOOTH_L1_BETA: 0.0
  SEM_SEG_HEAD:
    APPEARANCE_GUIDANCE_DIM: 768
    APPEARANCE_GUIDANCE_PROJ_DIM: 128
    ASPP_CHANNELS: 256
    ASPP_DILATIONS:
    - 6
    - 12
    - 18
    ASPP_DROPOUT: 0.1
    ATTENTION_TYPE: linear
    CACHE_DIR: /data/zd/TTA_VLM/pretrain/EVA02_CLIP_L_336_psz14_s6B.pt
    CLIP_FINETUNE: attention
    CLIP_PRETRAINED: EVA02-CLIP-L-14-336
    COMMON_STRIDE: 4
    CONVS_DIM: 128
    DECODER_DIMS:
    - 64
    - 32
    DECODER_GUIDANCE_DIMS:
    - 256
    - 128
    DECODER_GUIDANCE_PROJ_DIMS:
    - 32
    - 16
    ENABLE_HIGH_RES: false
    FEATURE_RESOLUTION:
    - 32
    - 32
    HIDDEN_DIMS: 128
    IGNORE_VALUE: 255
    IN_FEATURES:
    - res2
    - res3
    - res4
    LOSS_TYPE: hard_pixel_mining
    LOSS_WEIGHT: 1.0
    NAME: CATSegHead
    NORM: GN
    NUM_CLASSES: 19
    NUM_HEADS: 4
    NUM_LAYERS: 1
    POOLING_SIZES:
    - 1
    - 1
    PROJECT_CHANNELS:
    - 48
    PROJECT_FEATURES:
    - res2
    PROMPT_DEPTH: 0
    PROMPT_LENGTH: 0
    TEST_CLASS_INDEXES: datasets/coco/coco_stuff/split/unseen_indexes.json
    TEST_CLASS_JSON: datasets/cityscapes_19.json
    TEXT_GUIDANCE_DIM: 768
    TEXT_GUIDANCE_PROJ_DIM: 128
    TRAIN_CLASS_INDEXES: datasets/coco/coco_stuff/split/seen_indexes.json
    TRAIN_CLASS_JSON: datasets/cityscapes_seen_7.json
    USE_DEPTHWISE_SEPARABLE_CONV: false
    WINDOW_SIZES: 16
  SWIN:
    APE: false
    ATTN_DROP_RATE: 0.0
    DEPTHS:
    - 2
    - 2
    - 6
    - 2
    DROP_PATH_RATE: 0.3
    DROP_RATE: 0.0
    EMBED_DIM: 96
    MLP_RATIO: 4.0
    NUM_HEADS:
    - 3
    - 6
    - 12
    - 24
    OUT_FEATURES:
    - res2
    - res3
    - res4
    - res5
    PATCH_NORM: true
    PATCH_SIZE: 4
    PRETRAIN_IMG_SIZE: 224
    QKV_BIAS: true
    QK_SCALE: null
    WINDOW_SIZE: 7
  WEIGHTS: outputs/gta_seen7_eva_L14_r448//model_0019999.pth
OUTPUT_DIR: outputs/gta_seen7_eva_L14_r448//eval
SEED: -1
SOLVER:
  AMP:
    ENABLED: false
  BACKBONE_MULTIPLIER: 0.0
  BASE_LR: 0.0002
  BIAS_LR_FACTOR: 1.0
  CHECKPOINT_PERIOD: 5000
  CLIP_GRADIENTS:
    CLIP_TYPE: full_model
    CLIP_VALUE: 0.01
    ENABLED: true
    NORM_TYPE: 2.0
  CLIP_MULTIPLIER: 0.01
  GAMMA: 0.1
  IMS_PER_BATCH: 3
  LR_SCHEDULER_NAME: WarmupCosineLR
  MAX_ITER: 20000
  MOMENTUM: 0.9
  NESTEROV: false
  OPTIMIZER: ADAMW
  POLY_LR_CONSTANT_ENDING: 0.0
  POLY_LR_POWER: 0.9
  REFERENCE_WORLD_SIZE: 0
  STEPS:
  - 30000
  WARMUP_FACTOR: 1.0
  WARMUP_ITERS: 0
  WARMUP_METHOD: linear
  WEIGHT_DECAY: 0.0001
  WEIGHT_DECAY_BIAS: null
  WEIGHT_DECAY_EMBED: 0.0
  WEIGHT_DECAY_NORM: 0.0
TEST:
  AUG:
    ENABLED: false
    FLIP: true
    MAX_SIZE: 4000
    MIN_SIZES:
    - 400
    - 500
    - 600
    - 700
    - 800
    - 900
    - 1000
    - 1100
    - 1200
  DETECTIONS_PER_IMAGE: 100
  EVAL_PERIOD: 10000
  EXPECTED_RESULTS: []
  KEYPOINT_OKS_SIGMAS: []
  PRECISE_BN:
    ENABLED: false
    NUM_ITER: 200
  SLIDING_WINDOW: true
  SW_KERNEL: 448
  SW_OUT_RES:
  - 448
  - 896
  SW_OVERLAP: 0.333
VERSION: 2
VIS_PERIOD: 0

[12/10 03:52:10 detectron2]: Full config saved to outputs/gta_seen7_eva_L14_r448//eval/config.yaml
[12/10 03:52:10 d2.utils.env]: Using a generated random seed 10858306
Freeze text encoder parameters
[12/10 03:52:20 d2.engine.defaults]: Model:
CATSeg(
  (sem_seg_head): CATSegHead(
    (predictor): CATSegPredictor(
      (clip_model): CustomCLIP(
        (visual): EVAVisionTransformer(
          (patch_embed): PatchEmbed(
            (proj): Conv2d(3, 1024, kernel_size=(14, 14), stride=(14, 14))
          )
          (pos_drop): Dropout(p=0.0, inplace=False)
          (rope): VisionRotaryEmbeddingFast()
          (blocks): ModuleList(
            (0-23): 24 x Block(
              (norm1): LayerNorm((1024,), eps=1e-06, elementwise_affine=True)
              (attn): Attention(
                (q_proj): Linear(in_features=1024, out_features=1024, bias=False)
                (k_proj): Linear(in_features=1024, out_features=1024, bias=False)
                (v_proj): Linear(in_features=1024, out_features=1024, bias=False)
                (attn_drop): Dropout(p=0.0, inplace=False)
                (inner_attn_ln): LayerNorm((1024,), eps=1e-06, elementwise_affine=True)
                (proj): Linear(in_features=1024, out_features=1024, bias=True)
                (proj_drop): Dropout(p=0.0, inplace=False)
                (rope): VisionRotaryEmbeddingFast()
              )
              (drop_path): Identity()
              (norm2): LayerNorm((1024,), eps=1e-06, elementwise_affine=True)
              (mlp): SwiGLU(
                (w1): Linear(in_features=1024, out_features=2730, bias=True)
                (w2): Linear(in_features=1024, out_features=2730, bias=True)
                (act): SiLU()
                (ffn_ln): LayerNorm((2730,), eps=1e-06, elementwise_affine=True)
                (w3): Linear(in_features=2730, out_features=1024, bias=True)
                (drop): Dropout(p=0.0, inplace=False)
              )
            )
          )
          (norm): LayerNorm((1024,), eps=1e-06, elementwise_affine=True)
          (head): Linear(in_features=1024, out_features=768, bias=True)
          (patch_dropout): Identity()
        )
        (text): TextTransformer(
          (token_embedding): Embedding(49408, 768)
          (transformer): Transformer(
            (resblocks): ModuleList(
              (0-11): 12 x ResidualAttentionBlock(
                (ln_1): LayerNorm((768,), eps=1e-05, elementwise_affine=True)
                (attn): MultiheadAttention(
                  (out_proj): NonDynamicallyQuantizableLinear(in_features=768, out_features=768, bias=True)
                )
                (ls_1): Identity()
                (ln_2): LayerNorm((768,), eps=1e-05, elementwise_affine=True)
                (mlp): Sequential(
                  (c_fc): Linear(in_features=768, out_features=3072, bias=True)
                  (gelu): GELU(approximate='none')
                  (c_proj): Linear(in_features=3072, out_features=768, bias=True)
                )
                (ls_2): Identity()
              )
            )
          )
          (ln_final): LayerNorm((768,), eps=1e-05, elementwise_affine=True)
        )
      )
      (transformer): AggregatorMambaLite(
        (layers): ModuleList(
          (0): Sequential(
            (0): AxialMambaBlockLite_v2(
              (film): FiLM2D(
                (pool): AdaptiveAvgPool2d(output_size=1)
                (fc): Conv2d(128, 256, kernel_size=(1, 1), stride=(1, 1))
              )
              (pre_mix): Sequential(
                (0): Conv2d(128, 128, kernel_size=(3, 3), stride=(1, 1), padding=(1, 1), groups=128)
                (1): Conv2d(128, 128, kernel_size=(1, 1), stride=(1, 1))
                (2): GELU(approximate='none')
              )
              (seq_row): Mamba1DWithDecayPrior(
                (out_norm): LayerNorm((128,), eps=1e-05, elementwise_affine=True)
                (gate): Sequential(
                  (0): Linear(in_features=128, out_features=128, bias=True)
                  (1): SiLU()
                )
                (proj_in): Linear(in_features=128, out_features=384, bias=True)
                (drop): Dropout(p=0.0, inplace=False)
              )
              (post_proj): Conv2d(128, 128, kernel_size=(1, 1), stride=(1, 1))
              (norm_tok): LayerNorm((128,), eps=1e-05, elementwise_affine=True)
              (ffn): Sequential(
                (0): Linear(in_features=128, out_features=384, bias=True)
                (1): GELU(approximate='none')
                (2): Linear(in_features=384, out_features=128, bias=True)
              )
              (down): Identity()
            )
            (1): ClassMambaLayerLite(
              (pool): AvgPool2d(kernel_size=[1, 1], stride=[1, 1], padding=0)
              (guid_proj): Linear(in_features=128, out_features=256, bias=True)
              (seq_block): _Mamba1DAdapterLite(
                (blocks): ModuleList(
                  (0): PseudoMamba1D(
                    (gate): Sequential(
                      (0): Linear(in_features=128, out_features=128, bias=True)
                      (1): SiLU()
                    )
                    (proj_in): Linear(in_features=128, out_features=384, bias=True)
                    (out_norm): LayerNorm((128,), eps=1e-05, elementwise_affine=True)
                    (drop): Dropout(p=0.0, inplace=False)
                  )
                )
                (norm): LayerNorm((128,), eps=1e-05, elementwise_affine=True)
              )
              (norm1): LayerNorm((128,), eps=1e-05, elementwise_affine=True)
              (norm2): LayerNorm((128,), eps=1e-05, elementwise_affine=True)
              (ffn): Sequential(
                (0): Linear(in_features=128, out_features=384, bias=True)
                (1): GELU(approximate='none')
                (2): Linear(in_features=384, out_features=128, bias=True)
              )
            )
          )
        )
        (conv1): Conv2d(1, 128, kernel_size=(7, 7), stride=(1, 1), padding=(3, 3))
        (guidance_projection): Sequential(
          (0): Conv2d(768, 128, kernel_size=(3, 3), stride=(1, 1), padding=(1, 1))
          (1): ReLU()
        )
        (text_guidance_projection): Sequential(
          (0): Linear(in_features=768, out_features=128, bias=True)
          (1): ReLU()
        )
        (decoder_guidance_projection): ModuleList(
          (0): Sequential(
            (0): Conv2d(256, 32, kernel_size=(3, 3), stride=(1, 1), padding=(1, 1))
            (1): ReLU()
          )
          (1): Sequential(
            (0): Conv2d(128, 16, kernel_size=(3, 3), stride=(1, 1), padding=(1, 1))
            (1): ReLU()
          )
        )
        (decoder1): UpLite(
          (up): ConvTranspose2d(128, 96, kernel_size=(2, 2), stride=(2, 2))
          (conv): Sequential(
            (0): Conv2d(128, 64, kernel_size=(3, 3), stride=(1, 1), padding=(1, 1), bias=False)
            (1): GroupNorm(4, 64, eps=1e-05, affine=True)
            (2): ReLU()
          )
        )
        (decoder2): UpLite(
          (up): ConvTranspose2d(64, 48, kernel_size=(2, 2), stride=(2, 2))
          (conv): Sequential(
            (0): Conv2d(64, 32, kernel_size=(3, 3), stride=(1, 1), padding=(1, 1), bias=False)
            (1): GroupNorm(2, 32, eps=1e-05, affine=True)
            (2): ReLU()
          )
        )
        (head): Conv2d(32, 1, kernel_size=(3, 3), stride=(1, 1), padding=(1, 1))
      )
    )
  )
  (upsample1): ConvTranspose2d(1024, 256, kernel_size=(2, 2), stride=(2, 2))
  (upsample2): ConvTranspose2d(1024, 128, kernel_size=(4, 4), stride=(4, 4))
)
[12/10 03:52:20 fvcore.common.checkpoint]: [Checkpointer] Loading from outputs/gta_seen7_eva_L14_r448//model_0019999.pth ...
[12/10 03:52:22 d2.data.datasets.coco]: Loaded 2000 images with semantic segmentation from /data/zd/data/Mapillary/mapillary/val/images/
[12/10 03:52:22 d2.data.dataset_mapper]: [DatasetMapper] Augmentations used in inference: [ResizeShortestEdge(short_edge_length=(448, 448), max_size=1008, sample_style='choice')]
[12/10 03:52:22 d2.data.common]: Serializing 2000 elements to byte tensors and concatenating them all ...
[12/10 03:52:22 d2.data.common]: Serialized dataset takes 0.42 MiB
[12/10 03:52:22 d2.data.datasets.coco]: Loaded 2000 images with semantic segmentation from /data/zd/data/Mapillary/mapillary/val/images/
[12/10 03:52:22 d2.evaluation.evaluator]: Start inference on 2000 batches
Add a new rope freq of shape: torch.Size([1024, 64])
[12/10 03:52:40 d2.evaluation.evaluator]: Inference done 11/2000. Dataloading: 0.0008 s/iter. Inference: 0.1521 s/iter. Eval: 1.5086 s/iter. Total: 1.6615 s/iter. ETA=0:55:04
[12/10 03:52:45 d2.evaluation.evaluator]: Inference done 15/2000. Dataloading: 0.0011 s/iter. Inference: 0.1524 s/iter. Eval: 1.4039 s/iter. Total: 1.5575 s/iter. ETA=0:51:31
[12/10 03:52:51 d2.evaluation.evaluator]: Inference done 19/2000. Dataloading: 0.0012 s/iter. Inference: 0.1512 s/iter. Eval: 1.3378 s/iter. Total: 1.4904 s/iter. ETA=0:49:12
[12/10 03:52:57 d2.evaluation.evaluator]: Inference done 23/2000. Dataloading: 0.0015 s/iter. Inference: 0.1509 s/iter. Eval: 1.3594 s/iter. Total: 1.5119 s/iter. ETA=0:49:49
[12/10 03:53:04 d2.evaluation.evaluator]: Inference done 27/2000. Dataloading: 0.0016 s/iter. Inference: 0.1512 s/iter. Eval: 1.4137 s/iter. Total: 1.5666 s/iter. ETA=0:51:30
[12/10 03:53:10 d2.evaluation.evaluator]: Inference done 31/2000. Dataloading: 0.0016 s/iter. Inference: 0.1517 s/iter. Eval: 1.3875 s/iter. Total: 1.5410 s/iter. ETA=0:50:34
[12/10 03:53:15 d2.evaluation.evaluator]: Inference done 34/2000. Dataloading: 0.0017 s/iter. Inference: 0.1522 s/iter. Eval: 1.4215 s/iter. Total: 1.5756 s/iter. ETA=0:51:37
[12/10 03:53:21 d2.evaluation.evaluator]: Inference done 39/2000. Dataloading: 0.0018 s/iter. Inference: 0.1524 s/iter. Eval: 1.3490 s/iter. Total: 1.5033 s/iter. ETA=0:49:07
[12/10 03:53:28 d2.evaluation.evaluator]: Inference done 43/2000. Dataloading: 0.0018 s/iter. Inference: 0.1517 s/iter. Eval: 1.3736 s/iter. Total: 1.5273 s/iter. ETA=0:49:48
[12/10 03:53:33 d2.evaluation.evaluator]: Inference done 47/2000. Dataloading: 0.0018 s/iter. Inference: 0.1520 s/iter. Eval: 1.3480 s/iter. Total: 1.5021 s/iter. ETA=0:48:53
[12/10 03:53:38 d2.evaluation.evaluator]: Inference done 51/2000. Dataloading: 0.0018 s/iter. Inference: 0.1523 s/iter. Eval: 1.3296 s/iter. Total: 1.4839 s/iter. ETA=0:48:12
[12/10 03:53:44 d2.evaluation.evaluator]: Inference done 56/2000. Dataloading: 0.0018 s/iter. Inference: 0.1519 s/iter. Eval: 1.2984 s/iter. Total: 1.4523 s/iter. ETA=0:47:03
[12/10 03:53:50 d2.evaluation.evaluator]: Inference done 60/2000. Dataloading: 0.0019 s/iter. Inference: 0.1519 s/iter. Eval: 1.3095 s/iter. Total: 1.4634 s/iter. ETA=0:47:19
[12/10 03:53:56 d2.evaluation.evaluator]: Inference done 65/2000. Dataloading: 0.0019 s/iter. Inference: 0.1516 s/iter. Eval: 1.2819 s/iter. Total: 1.4356 s/iter. ETA=0:46:17
[12/10 03:54:01 d2.evaluation.evaluator]: Inference done 69/2000. Dataloading: 0.0019 s/iter. Inference: 0.1515 s/iter. Eval: 1.2725 s/iter. Total: 1.4261 s/iter. ETA=0:45:53
[12/10 03:54:06 d2.evaluation.evaluator]: Inference done 74/2000. Dataloading: 0.0019 s/iter. Inference: 0.1512 s/iter. Eval: 1.2454 s/iter. Total: 1.3988 s/iter. ETA=0:44:54
[12/10 03:54:12 d2.evaluation.evaluator]: Inference done 77/2000. Dataloading: 0.0019 s/iter. Inference: 0.1513 s/iter. Eval: 1.2648 s/iter. Total: 1.4182 s/iter. ETA=0:45:27
[12/10 03:54:19 d2.evaluation.evaluator]: Inference done 81/2000. Dataloading: 0.0019 s/iter. Inference: 0.1511 s/iter. Eval: 1.2799 s/iter. Total: 1.4332 s/iter. ETA=0:45:50
[12/10 03:54:25 d2.evaluation.evaluator]: Inference done 84/2000. Dataloading: 0.0020 s/iter. Inference: 0.1512 s/iter. Eval: 1.3001 s/iter. Total: 1.4534 s/iter. ETA=0:46:24
[12/10 03:54:31 d2.evaluation.evaluator]: Inference done 90/2000. Dataloading: 0.0020 s/iter. Inference: 0.1510 s/iter. Eval: 1.2719 s/iter. Total: 1.4251 s/iter. ETA=0:45:21
[12/10 03:54:37 d2.evaluation.evaluator]: Inference done 95/2000. Dataloading: 0.0020 s/iter. Inference: 0.1508 s/iter. Eval: 1.2644 s/iter. Total: 1.4174 s/iter. ETA=0:45:00
[12/10 03:54:43 d2.evaluation.evaluator]: Inference done 99/2000. Dataloading: 0.0020 s/iter. Inference: 0.1507 s/iter. Eval: 1.2614 s/iter. Total: 1.4143 s/iter. ETA=0:44:48
[12/10 03:54:48 d2.evaluation.evaluator]: Inference done 102/2000. Dataloading: 0.0020 s/iter. Inference: 0.1507 s/iter. Eval: 1.2697 s/iter. Total: 1.4226 s/iter. ETA=0:45:00
[12/10 03:54:53 d2.evaluation.evaluator]: Inference done 106/2000. Dataloading: 0.0020 s/iter. Inference: 0.1508 s/iter. Eval: 1.2629 s/iter. Total: 1.4158 s/iter. ETA=0:44:41
[12/10 03:54:58 d2.evaluation.evaluator]: Inference done 112/2000. Dataloading: 0.0020 s/iter. Inference: 0.1506 s/iter. Eval: 1.2363 s/iter. Total: 1.3891 s/iter. ETA=0:43:42
[12/10 03:55:04 d2.evaluation.evaluator]: Inference done 115/2000. Dataloading: 0.0020 s/iter. Inference: 0.1508 s/iter. Eval: 1.2479 s/iter. Total: 1.4009 s/iter. ETA=0:44:00
[12/10 03:55:09 d2.evaluation.evaluator]: Inference done 119/2000. Dataloading: 0.0020 s/iter. Inference: 0.1508 s/iter. Eval: 1.2448 s/iter. Total: 1.3978 s/iter. ETA=0:43:49
[12/10 03:55:15 d2.evaluation.evaluator]: Inference done 124/2000. Dataloading: 0.0020 s/iter. Inference: 0.1507 s/iter. Eval: 1.2348 s/iter. Total: 1.3877 s/iter. ETA=0:43:23
[12/10 03:55:21 d2.evaluation.evaluator]: Inference done 130/2000. Dataloading: 0.0020 s/iter. Inference: 0.1506 s/iter. Eval: 1.2160 s/iter. Total: 1.3688 s/iter. ETA=0:42:39
[12/10 03:55:28 d2.evaluation.evaluator]: Inference done 135/2000. Dataloading: 0.0020 s/iter. Inference: 0.1506 s/iter. Eval: 1.2151 s/iter. Total: 1.3678 s/iter. ETA=0:42:30
[12/10 03:55:33 d2.evaluation.evaluator]: Inference done 139/2000. Dataloading: 0.0020 s/iter. Inference: 0.1504 s/iter. Eval: 1.2133 s/iter. Total: 1.3660 s/iter. ETA=0:42:22
[12/10 03:55:40 d2.evaluation.evaluator]: Inference done 143/2000. Dataloading: 0.0020 s/iter. Inference: 0.1504 s/iter. Eval: 1.2260 s/iter. Total: 1.3786 s/iter. ETA=0:42:40
[12/10 03:55:46 d2.evaluation.evaluator]: Inference done 147/2000. Dataloading: 0.0021 s/iter. Inference: 0.1504 s/iter. Eval: 1.2326 s/iter. Total: 1.3852 s/iter. ETA=0:42:46
[12/10 03:55:54 d2.evaluation.evaluator]: Inference done 151/2000. Dataloading: 0.0021 s/iter. Inference: 0.1503 s/iter. Eval: 1.2475 s/iter. Total: 1.4000 s/iter. ETA=0:43:08
[12/10 03:56:02 d2.evaluation.evaluator]: Inference done 156/2000. Dataloading: 0.0021 s/iter. Inference: 0.1503 s/iter. Eval: 1.2540 s/iter. Total: 1.4065 s/iter. ETA=0:43:13
[12/10 03:56:08 d2.evaluation.evaluator]: Inference done 160/2000. Dataloading: 0.0021 s/iter. Inference: 0.1506 s/iter. Eval: 1.2544 s/iter. Total: 1.4072 s/iter. ETA=0:43:09
[12/10 03:56:14 d2.evaluation.evaluator]: Inference done 163/2000. Dataloading: 0.0021 s/iter. Inference: 0.1506 s/iter. Eval: 1.2649 s/iter. Total: 1.4178 s/iter. ETA=0:43:24
[12/10 03:56:20 d2.evaluation.evaluator]: Inference done 167/2000. Dataloading: 0.0021 s/iter. Inference: 0.1506 s/iter. Eval: 1.2662 s/iter. Total: 1.4190 s/iter. ETA=0:43:21
[12/10 03:56:26 d2.evaluation.evaluator]: Inference done 171/2000. Dataloading: 0.0021 s/iter. Inference: 0.1506 s/iter. Eval: 1.2702 s/iter. Total: 1.4230 s/iter. ETA=0:43:22
[12/10 03:56:32 d2.evaluation.evaluator]: Inference done 176/2000. Dataloading: 0.0021 s/iter. Inference: 0.1507 s/iter. Eval: 1.2631 s/iter. Total: 1.4160 s/iter. ETA=0:43:02
[12/10 03:56:38 d2.evaluation.evaluator]: Inference done 179/2000. Dataloading: 0.0021 s/iter. Inference: 0.1506 s/iter. Eval: 1.2728 s/iter. Total: 1.4257 s/iter. ETA=0:43:16
[12/10 03:56:43 d2.evaluation.evaluator]: Inference done 181/2000. Dataloading: 0.0021 s/iter. Inference: 0.1506 s/iter. Eval: 1.2870 s/iter. Total: 1.4398 s/iter. ETA=0:43:39
[12/10 03:56:49 d2.evaluation.evaluator]: Inference done 185/2000. Dataloading: 0.0020 s/iter. Inference: 0.1506 s/iter. Eval: 1.2892 s/iter. Total: 1.4420 s/iter. ETA=0:43:37
[12/10 03:56:55 d2.evaluation.evaluator]: Inference done 190/2000. Dataloading: 0.0020 s/iter. Inference: 0.1506 s/iter. Eval: 1.2807 s/iter. Total: 1.4334 s/iter. ETA=0:43:14
[12/10 03:57:02 d2.evaluation.evaluator]: Inference done 194/2000. Dataloading: 0.0020 s/iter. Inference: 0.1506 s/iter. Eval: 1.2877 s/iter. Total: 1.4405 s/iter. ETA=0:43:21
[12/10 03:57:09 d2.evaluation.evaluator]: Inference done 200/2000. Dataloading: 0.0020 s/iter. Inference: 0.1505 s/iter. Eval: 1.2782 s/iter. Total: 1.4309 s/iter. ETA=0:42:55
[12/10 03:57:14 d2.evaluation.evaluator]: Inference done 204/2000. Dataloading: 0.0020 s/iter. Inference: 0.1504 s/iter. Eval: 1.2786 s/iter. Total: 1.4312 s/iter. ETA=0:42:50
[12/10 03:57:20 d2.evaluation.evaluator]: Inference done 209/2000. Dataloading: 0.0020 s/iter. Inference: 0.1504 s/iter. Eval: 1.2681 s/iter. Total: 1.4207 s/iter. ETA=0:42:24
[12/10 03:57:26 d2.evaluation.evaluator]: Inference done 214/2000. Dataloading: 0.0020 s/iter. Inference: 0.1503 s/iter. Eval: 1.2641 s/iter. Total: 1.4166 s/iter. ETA=0:42:10
[12/10 03:57:31 d2.evaluation.evaluator]: Inference done 218/2000. Dataloading: 0.0020 s/iter. Inference: 0.1503 s/iter. Eval: 1.2617 s/iter. Total: 1.4142 s/iter. ETA=0:42:00
[12/10 03:57:37 d2.evaluation.evaluator]: Inference done 224/2000. Dataloading: 0.0020 s/iter. Inference: 0.1502 s/iter. Eval: 1.2514 s/iter. Total: 1.4039 s/iter. ETA=0:41:33
[12/10 03:57:44 d2.evaluation.evaluator]: Inference done 227/2000. Dataloading: 0.0020 s/iter. Inference: 0.1502 s/iter. Eval: 1.2633 s/iter. Total: 1.4157 s/iter. ETA=0:41:50
[12/10 03:57:49 d2.evaluation.evaluator]: Inference done 231/2000. Dataloading: 0.0020 s/iter. Inference: 0.1503 s/iter. Eval: 1.2619 s/iter. Total: 1.4144 s/iter. ETA=0:41:42
[12/10 03:57:54 d2.evaluation.evaluator]: Inference done 235/2000. Dataloading: 0.0020 s/iter. Inference: 0.1503 s/iter. Eval: 1.2594 s/iter. Total: 1.4119 s/iter. ETA=0:41:32
[12/10 03:58:02 d2.evaluation.evaluator]: Inference done 238/2000. Dataloading: 0.0020 s/iter. Inference: 0.1504 s/iter. Eval: 1.2724 s/iter. Total: 1.4249 s/iter. ETA=0:41:50
[12/10 03:58:07 d2.evaluation.evaluator]: Inference done 242/2000. Dataloading: 0.0020 s/iter. Inference: 0.1505 s/iter. Eval: 1.2722 s/iter. Total: 1.4249 s/iter. ETA=0:41:44
[12/10 03:58:13 d2.evaluation.evaluator]: Inference done 246/2000. Dataloading: 0.0020 s/iter. Inference: 0.1506 s/iter. Eval: 1.2726 s/iter. Total: 1.4254 s/iter. ETA=0:41:40
[12/10 03:58:19 d2.evaluation.evaluator]: Inference done 250/2000. Dataloading: 0.0020 s/iter. Inference: 0.1506 s/iter. Eval: 1.2745 s/iter. Total: 1.4273 s/iter. ETA=0:41:37
[12/10 03:58:27 d2.evaluation.evaluator]: Inference done 255/2000. Dataloading: 0.0020 s/iter. Inference: 0.1506 s/iter. Eval: 1.2770 s/iter. Total: 1.4298 s/iter. ETA=0:41:35
[12/10 03:58:33 d2.evaluation.evaluator]: Inference done 259/2000. Dataloading: 0.0020 s/iter. Inference: 0.1507 s/iter. Eval: 1.2790 s/iter. Total: 1.4319 s/iter. ETA=0:41:32
[12/10 03:58:39 d2.evaluation.evaluator]: Inference done 262/2000. Dataloading: 0.0020 s/iter. Inference: 0.1508 s/iter. Eval: 1.2838 s/iter. Total: 1.4367 s/iter. ETA=0:41:37
[12/10 03:58:45 d2.evaluation.evaluator]: Inference done 267/2000. Dataloading: 0.0020 s/iter. Inference: 0.1507 s/iter. Eval: 1.2800 s/iter. Total: 1.4329 s/iter. ETA=0:41:23
[12/10 03:58:51 d2.evaluation.evaluator]: Inference done 271/2000. Dataloading: 0.0020 s/iter. Inference: 0.1507 s/iter. Eval: 1.2791 s/iter. Total: 1.4321 s/iter. ETA=0:41:16
[12/10 03:58:56 d2.evaluation.evaluator]: Inference done 274/2000. Dataloading: 0.0020 s/iter. Inference: 0.1507 s/iter. Eval: 1.2843 s/iter. Total: 1.4372 s/iter. ETA=0:41:20
[12/10 03:59:02 d2.evaluation.evaluator]: Inference done 280/2000. Dataloading: 0.0020 s/iter. Inference: 0.1507 s/iter. Eval: 1.2739 s/iter. Total: 1.4268 s/iter. ETA=0:40:54
[12/10 03:59:07 d2.evaluation.evaluator]: Inference done 284/2000. Dataloading: 0.0020 s/iter. Inference: 0.1507 s/iter. Eval: 1.2714 s/iter. Total: 1.4243 s/iter. ETA=0:40:44
[12/10 03:59:14 d2.evaluation.evaluator]: Inference done 289/2000. Dataloading: 0.0020 s/iter. Inference: 0.1506 s/iter. Eval: 1.2700 s/iter. Total: 1.4228 s/iter. ETA=0:40:34
[12/10 03:59:20 d2.evaluation.evaluator]: Inference done 294/2000. Dataloading: 0.0020 s/iter. Inference: 0.1506 s/iter. Eval: 1.2654 s/iter. Total: 1.4182 s/iter. ETA=0:40:19
[12/10 03:59:25 d2.evaluation.evaluator]: Inference done 298/2000. Dataloading: 0.0020 s/iter. Inference: 0.1506 s/iter. Eval: 1.2640 s/iter. Total: 1.4168 s/iter. ETA=0:40:11
[12/10 03:59:30 d2.evaluation.evaluator]: Inference done 302/2000. Dataloading: 0.0020 s/iter. Inference: 0.1507 s/iter. Eval: 1.2634 s/iter. Total: 1.4162 s/iter. ETA=0:40:04
[12/10 03:59:36 d2.evaluation.evaluator]: Inference done 306/2000. Dataloading: 0.0020 s/iter. Inference: 0.1507 s/iter. Eval: 1.2639 s/iter. Total: 1.4167 s/iter. ETA=0:39:59
[12/10 03:59:43 d2.evaluation.evaluator]: Inference done 311/2000. Dataloading: 0.0020 s/iter. Inference: 0.1506 s/iter. Eval: 1.2623 s/iter. Total: 1.4151 s/iter. ETA=0:39:50
[12/10 03:59:48 d2.evaluation.evaluator]: Inference done 314/2000. Dataloading: 0.0020 s/iter. Inference: 0.1506 s/iter. Eval: 1.2666 s/iter. Total: 1.4195 s/iter. ETA=0:39:53
[12/10 03:59:54 d2.evaluation.evaluator]: Inference done 317/2000. Dataloading: 0.0020 s/iter. Inference: 0.1507 s/iter. Eval: 1.2709 s/iter. Total: 1.4237 s/iter. ETA=0:39:56
[12/10 04:00:01 d2.evaluation.evaluator]: Inference done 321/2000. Dataloading: 0.0020 s/iter. Inference: 0.1506 s/iter. Eval: 1.2769 s/iter. Total: 1.4297 s/iter. ETA=0:40:00
[12/10 04:00:07 d2.evaluation.evaluator]: Inference done 326/2000. Dataloading: 0.0020 s/iter. Inference: 0.1506 s/iter. Eval: 1.2725 s/iter. Total: 1.4253 s/iter. ETA=0:39:45
[12/10 04:00:13 d2.evaluation.evaluator]: Inference done 330/2000. Dataloading: 0.0020 s/iter. Inference: 0.1506 s/iter. Eval: 1.2718 s/iter. Total: 1.4245 s/iter. ETA=0:39:38
[12/10 04:00:19 d2.evaluation.evaluator]: Inference done 335/2000. Dataloading: 0.0020 s/iter. Inference: 0.1506 s/iter. Eval: 1.2704 s/iter. Total: 1.4232 s/iter. ETA=0:39:29
[12/10 04:00:25 d2.evaluation.evaluator]: Inference done 339/2000. Dataloading: 0.0020 s/iter. Inference: 0.1506 s/iter. Eval: 1.2706 s/iter. Total: 1.4234 s/iter. ETA=0:39:24
[12/10 04:00:30 d2.evaluation.evaluator]: Inference done 344/2000. Dataloading: 0.0020 s/iter. Inference: 0.1506 s/iter. Eval: 1.2654 s/iter. Total: 1.4181 s/iter. ETA=0:39:08
[12/10 04:00:38 d2.evaluation.evaluator]: Inference done 348/2000. Dataloading: 0.0020 s/iter. Inference: 0.1506 s/iter. Eval: 1.2705 s/iter. Total: 1.4232 s/iter. ETA=0:39:11
[12/10 04:00:44 d2.evaluation.evaluator]: Inference done 351/2000. Dataloading: 0.0020 s/iter. Inference: 0.1506 s/iter. Eval: 1.2755 s/iter. Total: 1.4283 s/iter. ETA=0:39:15
[12/10 04:00:49 d2.evaluation.evaluator]: Inference done 356/2000. Dataloading: 0.0020 s/iter. Inference: 0.1506 s/iter. Eval: 1.2702 s/iter. Total: 1.4230 s/iter. ETA=0:38:59
[12/10 04:00:55 d2.evaluation.evaluator]: Inference done 362/2000. Dataloading: 0.0020 s/iter. Inference: 0.1506 s/iter. Eval: 1.2632 s/iter. Total: 1.4160 s/iter. ETA=0:38:39
[12/10 04:01:02 d2.evaluation.evaluator]: Inference done 365/2000. Dataloading: 0.0020 s/iter. Inference: 0.1506 s/iter. Eval: 1.2695 s/iter. Total: 1.4222 s/iter. ETA=0:38:45
[12/10 04:01:07 d2.evaluation.evaluator]: Inference done 368/2000. Dataloading: 0.0020 s/iter. Inference: 0.1506 s/iter. Eval: 1.2723 s/iter. Total: 1.4251 s/iter. ETA=0:38:45
[12/10 04:01:13 d2.evaluation.evaluator]: Inference done 371/2000. Dataloading: 0.0020 s/iter. Inference: 0.1506 s/iter. Eval: 1.2773 s/iter. Total: 1.4301 s/iter. ETA=0:38:49
[12/10 04:01:20 d2.evaluation.evaluator]: Inference done 375/2000. Dataloading: 0.0020 s/iter. Inference: 0.1507 s/iter. Eval: 1.2791 s/iter. Total: 1.4319 s/iter. ETA=0:38:46
[12/10 04:01:26 d2.evaluation.evaluator]: Inference done 380/2000. Dataloading: 0.0020 s/iter. Inference: 0.1506 s/iter. Eval: 1.2785 s/iter. Total: 1.4313 s/iter. ETA=0:38:38
[12/10 04:01:33 d2.evaluation.evaluator]: Inference done 386/2000. Dataloading: 0.0020 s/iter. Inference: 0.1506 s/iter. Eval: 1.2724 s/iter. Total: 1.4251 s/iter. ETA=0:38:20
[12/10 04:01:38 d2.evaluation.evaluator]: Inference done 389/2000. Dataloading: 0.0020 s/iter. Inference: 0.1506 s/iter. Eval: 1.2746 s/iter. Total: 1.4273 s/iter. ETA=0:38:19
[12/10 04:01:43 d2.evaluation.evaluator]: Inference done 393/2000. Dataloading: 0.0020 s/iter. Inference: 0.1506 s/iter. Eval: 1.2738 s/iter. Total: 1.4266 s/iter. ETA=0:38:12
[12/10 04:01:48 d2.evaluation.evaluator]: Inference done 398/2000. Dataloading: 0.0020 s/iter. Inference: 0.1506 s/iter. Eval: 1.2685 s/iter. Total: 1.4212 s/iter. ETA=0:37:56
[12/10 04:01:53 d2.evaluation.evaluator]: Inference done 403/2000. Dataloading: 0.0020 s/iter. Inference: 0.1505 s/iter. Eval: 1.2632 s/iter. Total: 1.4159 s/iter. ETA=0:37:41
[12/10 04:01:59 d2.evaluation.evaluator]: Inference done 407/2000. Dataloading: 0.0020 s/iter. Inference: 0.1505 s/iter. Eval: 1.2642 s/iter. Total: 1.4168 s/iter. ETA=0:37:37
[12/10 04:02:06 d2.evaluation.evaluator]: Inference done 414/2000. Dataloading: 0.0020 s/iter. Inference: 0.1504 s/iter. Eval: 1.2567 s/iter. Total: 1.4093 s/iter. ETA=0:37:15
[12/10 04:02:11 d2.evaluation.evaluator]: Inference done 418/2000. Dataloading: 0.0020 s/iter. Inference: 0.1504 s/iter. Eval: 1.2559 s/iter. Total: 1.4085 s/iter. ETA=0:37:08
[12/10 04:02:18 d2.evaluation.evaluator]: Inference done 424/2000. Dataloading: 0.0020 s/iter. Inference: 0.1504 s/iter. Eval: 1.2507 s/iter. Total: 1.4033 s/iter. ETA=0:36:51
[12/10 04:02:24 d2.evaluation.evaluator]: Inference done 429/2000. Dataloading: 0.0020 s/iter. Inference: 0.1504 s/iter. Eval: 1.2491 s/iter. Total: 1.4017 s/iter. ETA=0:36:42
[12/10 04:02:30 d2.evaluation.evaluator]: Inference done 434/2000. Dataloading: 0.0020 s/iter. Inference: 0.1504 s/iter. Eval: 1.2465 s/iter. Total: 1.3990 s/iter. ETA=0:36:30
[12/10 04:02:35 d2.evaluation.evaluator]: Inference done 438/2000. Dataloading: 0.0020 s/iter. Inference: 0.1504 s/iter. Eval: 1.2460 s/iter. Total: 1.3985 s/iter. ETA=0:36:24
[12/10 04:02:42 d2.evaluation.evaluator]: Inference done 441/2000. Dataloading: 0.0020 s/iter. Inference: 0.1504 s/iter. Eval: 1.2518 s/iter. Total: 1.4043 s/iter. ETA=0:36:29
[12/10 04:02:48 d2.evaluation.evaluator]: Inference done 446/2000. Dataloading: 0.0020 s/iter. Inference: 0.1504 s/iter. Eval: 1.2484 s/iter. Total: 1.4009 s/iter. ETA=0:36:17
[12/10 04:02:53 d2.evaluation.evaluator]: Inference done 450/2000. Dataloading: 0.0020 s/iter. Inference: 0.1504 s/iter. Eval: 1.2486 s/iter. Total: 1.4011 s/iter. ETA=0:36:11
[12/10 04:03:01 d2.evaluation.evaluator]: Inference done 457/2000. Dataloading: 0.0020 s/iter. Inference: 0.1503 s/iter. Eval: 1.2432 s/iter. Total: 1.3957 s/iter. ETA=0:35:53
[12/10 04:03:07 d2.evaluation.evaluator]: Inference done 461/2000. Dataloading: 0.0020 s/iter. Inference: 0.1504 s/iter. Eval: 1.2443 s/iter. Total: 1.3968 s/iter. ETA=0:35:49
[12/10 04:03:13 d2.evaluation.evaluator]: Inference done 466/2000. Dataloading: 0.0020 s/iter. Inference: 0.1504 s/iter. Eval: 1.2420 s/iter. Total: 1.3945 s/iter. ETA=0:35:39
[12/10 04:03:18 d2.evaluation.evaluator]: Inference done 469/2000. Dataloading: 0.0020 s/iter. Inference: 0.1504 s/iter. Eval: 1.2443 s/iter. Total: 1.3968 s/iter. ETA=0:35:38
[12/10 04:03:23 d2.evaluation.evaluator]: Inference done 475/2000. Dataloading: 0.0020 s/iter. Inference: 0.1503 s/iter. Eval: 1.2379 s/iter. Total: 1.3904 s/iter. ETA=0:35:20
[12/10 04:03:29 d2.evaluation.evaluator]: Inference done 478/2000. Dataloading: 0.0020 s/iter. Inference: 0.1503 s/iter. Eval: 1.2408 s/iter. Total: 1.3933 s/iter. ETA=0:35:20
[12/10 04:03:35 d2.evaluation.evaluator]: Inference done 482/2000. Dataloading: 0.0020 s/iter. Inference: 0.1503 s/iter. Eval: 1.2427 s/iter. Total: 1.3952 s/iter. ETA=0:35:17
[12/10 04:03:41 d2.evaluation.evaluator]: Inference done 486/2000. Dataloading: 0.0020 s/iter. Inference: 0.1503 s/iter. Eval: 1.2424 s/iter. Total: 1.3949 s/iter. ETA=0:35:11
[12/10 04:03:47 d2.evaluation.evaluator]: Inference done 491/2000. Dataloading: 0.0020 s/iter. Inference: 0.1503 s/iter. Eval: 1.2414 s/iter. Total: 1.3938 s/iter. ETA=0:35:03
[12/10 04:03:53 d2.evaluation.evaluator]: Inference done 495/2000. Dataloading: 0.0020 s/iter. Inference: 0.1503 s/iter. Eval: 1.2425 s/iter. Total: 1.3950 s/iter. ETA=0:34:59
[12/10 04:03:59 d2.evaluation.evaluator]: Inference done 498/2000. Dataloading: 0.0020 s/iter. Inference: 0.1503 s/iter. Eval: 1.2452 s/iter. Total: 1.3977 s/iter. ETA=0:34:59
[12/10 04:04:04 d2.evaluation.evaluator]: Inference done 502/2000. Dataloading: 0.0020 s/iter. Inference: 0.1503 s/iter. Eval: 1.2452 s/iter. Total: 1.3977 s/iter. ETA=0:34:53
[12/10 04:04:09 d2.evaluation.evaluator]: Inference done 506/2000. Dataloading: 0.0020 s/iter. Inference: 0.1503 s/iter. Eval: 1.2441 s/iter. Total: 1.3966 s/iter. ETA=0:34:46
[12/10 04:04:15 d2.evaluation.evaluator]: Inference done 512/2000. Dataloading: 0.0020 s/iter. Inference: 0.1503 s/iter. Eval: 1.2386 s/iter. Total: 1.3910 s/iter. ETA=0:34:29
[12/10 04:04:20 d2.evaluation.evaluator]: Inference done 517/2000. Dataloading: 0.0020 s/iter. Inference: 0.1502 s/iter. Eval: 1.2349 s/iter. Total: 1.3873 s/iter. ETA=0:34:17
[12/10 04:04:25 d2.evaluation.evaluator]: Inference done 520/2000. Dataloading: 0.0020 s/iter. Inference: 0.1502 s/iter. Eval: 1.2374 s/iter. Total: 1.3898 s/iter. ETA=0:34:16
[12/10 04:04:31 d2.evaluation.evaluator]: Inference done 526/2000. Dataloading: 0.0020 s/iter. Inference: 0.1502 s/iter. Eval: 1.2330 s/iter. Total: 1.3853 s/iter. ETA=0:34:01
[12/10 04:04:38 d2.evaluation.evaluator]: Inference done 531/2000. Dataloading: 0.0020 s/iter. Inference: 0.1502 s/iter. Eval: 1.2329 s/iter. Total: 1.3853 s/iter. ETA=0:33:54
[12/10 04:04:45 d2.evaluation.evaluator]: Inference done 536/2000. Dataloading: 0.0020 s/iter. Inference: 0.1502 s/iter. Eval: 1.2316 s/iter. Total: 1.3839 s/iter. ETA=0:33:46
[12/10 04:04:50 d2.evaluation.evaluator]: Inference done 541/2000. Dataloading: 0.0020 s/iter. Inference: 0.1501 s/iter. Eval: 1.2285 s/iter. Total: 1.3808 s/iter. ETA=0:33:34
[12/10 04:04:56 d2.evaluation.evaluator]: Inference done 546/2000. Dataloading: 0.0020 s/iter. Inference: 0.1501 s/iter. Eval: 1.2265 s/iter. Total: 1.3787 s/iter. ETA=0:33:24
[12/10 04:05:01 d2.evaluation.evaluator]: Inference done 552/2000. Dataloading: 0.0020 s/iter. Inference: 0.1500 s/iter. Eval: 1.2207 s/iter. Total: 1.3729 s/iter. ETA=0:33:07
[12/10 04:05:07 d2.evaluation.evaluator]: Inference done 556/2000. Dataloading: 0.0020 s/iter. Inference: 0.1501 s/iter. Eval: 1.2213 s/iter. Total: 1.3736 s/iter. ETA=0:33:03
[12/10 04:05:12 d2.evaluation.evaluator]: Inference done 561/2000. Dataloading: 0.0020 s/iter. Inference: 0.1500 s/iter. Eval: 1.2183 s/iter. Total: 1.3705 s/iter. ETA=0:32:52
[12/10 04:05:17 d2.evaluation.evaluator]: Inference done 567/2000. Dataloading: 0.0020 s/iter. Inference: 0.1500 s/iter. Eval: 1.2135 s/iter. Total: 1.3657 s/iter. ETA=0:32:37
[12/10 04:05:22 d2.evaluation.evaluator]: Inference done 571/2000. Dataloading: 0.0020 s/iter. Inference: 0.1500 s/iter. Eval: 1.2128 s/iter. Total: 1.3649 s/iter. ETA=0:32:30
[12/10 04:05:28 d2.evaluation.evaluator]: Inference done 575/2000. Dataloading: 0.0020 s/iter. Inference: 0.1500 s/iter. Eval: 1.2129 s/iter. Total: 1.3650 s/iter. ETA=0:32:25
[12/10 04:05:34 d2.evaluation.evaluator]: Inference done 579/2000. Dataloading: 0.0020 s/iter. Inference: 0.1500 s/iter. Eval: 1.2140 s/iter. Total: 1.3661 s/iter. ETA=0:32:21
[12/10 04:05:40 d2.evaluation.evaluator]: Inference done 584/2000. Dataloading: 0.0020 s/iter. Inference: 0.1499 s/iter. Eval: 1.2130 s/iter. Total: 1.3650 s/iter. ETA=0:32:12
[12/10 04:05:46 d2.evaluation.evaluator]: Inference done 589/2000. Dataloading: 0.0020 s/iter. Inference: 0.1500 s/iter. Eval: 1.2119 s/iter. Total: 1.3640 s/iter. ETA=0:32:04
[12/10 04:05:52 d2.evaluation.evaluator]: Inference done 593/2000. Dataloading: 0.0020 s/iter. Inference: 0.1499 s/iter. Eval: 1.2117 s/iter. Total: 1.3637 s/iter. ETA=0:31:58
[12/10 04:05:57 d2.evaluation.evaluator]: Inference done 597/2000. Dataloading: 0.0020 s/iter. Inference: 0.1499 s/iter. Eval: 1.2121 s/iter. Total: 1.3641 s/iter. ETA=0:31:53
[12/10 04:06:03 d2.evaluation.evaluator]: Inference done 604/2000. Dataloading: 0.0020 s/iter. Inference: 0.1499 s/iter. Eval: 1.2055 s/iter. Total: 1.3575 s/iter. ETA=0:31:35
[12/10 04:06:08 d2.evaluation.evaluator]: Inference done 607/2000. Dataloading: 0.0020 s/iter. Inference: 0.1499 s/iter. Eval: 1.2070 s/iter. Total: 1.3590 s/iter. ETA=0:31:33
[12/10 04:06:14 d2.evaluation.evaluator]: Inference done 612/2000. Dataloading: 0.0020 s/iter. Inference: 0.1499 s/iter. Eval: 1.2067 s/iter. Total: 1.3587 s/iter. ETA=0:31:25
[12/10 04:06:20 d2.evaluation.evaluator]: Inference done 616/2000. Dataloading: 0.0020 s/iter. Inference: 0.1499 s/iter. Eval: 1.2076 s/iter. Total: 1.3596 s/iter. ETA=0:31:21
[12/10 04:06:27 d2.evaluation.evaluator]: Inference done 622/2000. Dataloading: 0.0020 s/iter. Inference: 0.1498 s/iter. Eval: 1.2050 s/iter. Total: 1.3570 s/iter. ETA=0:31:09
[12/10 04:06:32 d2.evaluation.evaluator]: Inference done 628/2000. Dataloading: 0.0020 s/iter. Inference: 0.1498 s/iter. Eval: 1.2002 s/iter. Total: 1.3521 s/iter. ETA=0:30:55
[12/10 04:06:38 d2.evaluation.evaluator]: Inference done 633/2000. Dataloading: 0.0020 s/iter. Inference: 0.1497 s/iter. Eval: 1.1993 s/iter. Total: 1.3512 s/iter. ETA=0:30:47
[12/10 04:06:45 d2.evaluation.evaluator]: Inference done 638/2000. Dataloading: 0.0020 s/iter. Inference: 0.1497 s/iter. Eval: 1.1996 s/iter. Total: 1.3514 s/iter. ETA=0:30:40
[12/10 04:06:51 d2.evaluation.evaluator]: Inference done 643/2000. Dataloading: 0.0020 s/iter. Inference: 0.1497 s/iter. Eval: 1.1977 s/iter. Total: 1.3495 s/iter. ETA=0:30:31
[12/10 04:06:57 d2.evaluation.evaluator]: Inference done 648/2000. Dataloading: 0.0020 s/iter. Inference: 0.1497 s/iter. Eval: 1.1966 s/iter. Total: 1.3484 s/iter. ETA=0:30:23
[12/10 04:07:02 d2.evaluation.evaluator]: Inference done 653/2000. Dataloading: 0.0020 s/iter. Inference: 0.1496 s/iter. Eval: 1.1943 s/iter. Total: 1.3461 s/iter. ETA=0:30:13
[12/10 04:07:08 d2.evaluation.evaluator]: Inference done 658/2000. Dataloading: 0.0020 s/iter. Inference: 0.1496 s/iter. Eval: 1.1927 s/iter. Total: 1.3444 s/iter. ETA=0:30:04
[12/10 04:07:13 d2.evaluation.evaluator]: Inference done 664/2000. Dataloading: 0.0020 s/iter. Inference: 0.1496 s/iter. Eval: 1.1885 s/iter. Total: 1.3402 s/iter. ETA=0:29:50
[12/10 04:07:18 d2.evaluation.evaluator]: Inference done 669/2000. Dataloading: 0.0020 s/iter. Inference: 0.1495 s/iter. Eval: 1.1860 s/iter. Total: 1.3377 s/iter. ETA=0:29:40
[12/10 04:07:24 d2.evaluation.evaluator]: Inference done 673/2000. Dataloading: 0.0020 s/iter. Inference: 0.1495 s/iter. Eval: 1.1866 s/iter. Total: 1.3383 s/iter. ETA=0:29:35
[12/10 04:07:30 d2.evaluation.evaluator]: Inference done 677/2000. Dataloading: 0.0020 s/iter. Inference: 0.1495 s/iter. Eval: 1.1880 s/iter. Total: 1.3397 s/iter. ETA=0:29:32
[12/10 04:07:36 d2.evaluation.evaluator]: Inference done 681/2000. Dataloading: 0.0020 s/iter. Inference: 0.1495 s/iter. Eval: 1.1890 s/iter. Total: 1.3406 s/iter. ETA=0:29:28
[12/10 04:07:42 d2.evaluation.evaluator]: Inference done 686/2000. Dataloading: 0.0020 s/iter. Inference: 0.1495 s/iter. Eval: 1.1882 s/iter. Total: 1.3398 s/iter. ETA=0:29:20
[12/10 04:07:48 d2.evaluation.evaluator]: Inference done 691/2000. Dataloading: 0.0020 s/iter. Inference: 0.1495 s/iter. Eval: 1.1872 s/iter. Total: 1.3388 s/iter. ETA=0:29:12
[12/10 04:07:53 d2.evaluation.evaluator]: Inference done 695/2000. Dataloading: 0.0020 s/iter. Inference: 0.1494 s/iter. Eval: 1.1867 s/iter. Total: 1.3383 s/iter. ETA=0:29:06
[12/10 04:07:58 d2.evaluation.evaluator]: Inference done 699/2000. Dataloading: 0.0020 s/iter. Inference: 0.1494 s/iter. Eval: 1.1866 s/iter. Total: 1.3382 s/iter. ETA=0:29:01
[12/10 04:08:03 d2.evaluation.evaluator]: Inference done 703/2000. Dataloading: 0.0020 s/iter. Inference: 0.1494 s/iter. Eval: 1.1862 s/iter. Total: 1.3377 s/iter. ETA=0:28:55
[12/10 04:08:09 d2.evaluation.evaluator]: Inference done 706/2000. Dataloading: 0.0020 s/iter. Inference: 0.1494 s/iter. Eval: 1.1879 s/iter. Total: 1.3395 s/iter. ETA=0:28:53
[12/10 04:08:15 d2.evaluation.evaluator]: Inference done 710/2000. Dataloading: 0.0020 s/iter. Inference: 0.1494 s/iter. Eval: 1.1894 s/iter. Total: 1.3409 s/iter. ETA=0:28:49
[12/10 04:08:20 d2.evaluation.evaluator]: Inference done 715/2000. Dataloading: 0.0020 s/iter. Inference: 0.1494 s/iter. Eval: 1.1871 s/iter. Total: 1.3386 s/iter. ETA=0:28:40
[12/10 04:08:26 d2.evaluation.evaluator]: Inference done 721/2000. Dataloading: 0.0020 s/iter. Inference: 0.1494 s/iter. Eval: 1.1845 s/iter. Total: 1.3361 s/iter. ETA=0:28:28
[12/10 04:08:32 d2.evaluation.evaluator]: Inference done 724/2000. Dataloading: 0.0020 s/iter. Inference: 0.1494 s/iter. Eval: 1.1862 s/iter. Total: 1.3378 s/iter. ETA=0:28:26
[12/10 04:08:37 d2.evaluation.evaluator]: Inference done 729/2000. Dataloading: 0.0020 s/iter. Inference: 0.1494 s/iter. Eval: 1.1845 s/iter. Total: 1.3360 s/iter. ETA=0:28:18
[12/10 04:08:43 d2.evaluation.evaluator]: Inference done 733/2000. Dataloading: 0.0020 s/iter. Inference: 0.1493 s/iter. Eval: 1.1851 s/iter. Total: 1.3366 s/iter. ETA=0:28:13
[12/10 04:08:48 d2.evaluation.evaluator]: Inference done 738/2000. Dataloading: 0.0020 s/iter. Inference: 0.1494 s/iter. Eval: 1.1838 s/iter. Total: 1.3353 s/iter. ETA=0:28:05
[12/10 04:08:54 d2.evaluation.evaluator]: Inference done 743/2000. Dataloading: 0.0020 s/iter. Inference: 0.1493 s/iter. Eval: 1.1825 s/iter. Total: 1.3339 s/iter. ETA=0:27:56
[12/10 04:09:00 d2.evaluation.evaluator]: Inference done 747/2000. Dataloading: 0.0020 s/iter. Inference: 0.1493 s/iter. Eval: 1.1825 s/iter. Total: 1.3340 s/iter. ETA=0:27:51
[12/10 04:09:05 d2.evaluation.evaluator]: Inference done 751/2000. Dataloading: 0.0020 s/iter. Inference: 0.1493 s/iter. Eval: 1.1822 s/iter. Total: 1.3337 s/iter. ETA=0:27:45
[12/10 04:09:10 d2.evaluation.evaluator]: Inference done 757/2000. Dataloading: 0.0020 s/iter. Inference: 0.1493 s/iter. Eval: 1.1788 s/iter. Total: 1.3303 s/iter. ETA=0:27:33
[12/10 04:09:15 d2.evaluation.evaluator]: Inference done 765/2000. Dataloading: 0.0020 s/iter. Inference: 0.1493 s/iter. Eval: 1.1720 s/iter. Total: 1.3234 s/iter. ETA=0:27:14
[12/10 04:09:22 d2.evaluation.evaluator]: Inference done 769/2000. Dataloading: 0.0020 s/iter. Inference: 0.1493 s/iter. Eval: 1.1732 s/iter. Total: 1.3247 s/iter. ETA=0:27:10
[12/10 04:09:27 d2.evaluation.evaluator]: Inference done 774/2000. Dataloading: 0.0020 s/iter. Inference: 0.1492 s/iter. Eval: 1.1715 s/iter. Total: 1.3229 s/iter. ETA=0:27:01
[12/10 04:09:33 d2.evaluation.evaluator]: Inference done 778/2000. Dataloading: 0.0020 s/iter. Inference: 0.1492 s/iter. Eval: 1.1729 s/iter. Total: 1.3243 s/iter. ETA=0:26:58
[12/10 04:09:39 d2.evaluation.evaluator]: Inference done 782/2000. Dataloading: 0.0020 s/iter. Inference: 0.1492 s/iter. Eval: 1.1728 s/iter. Total: 1.3242 s/iter. ETA=0:26:52
[12/10 04:09:45 d2.evaluation.evaluator]: Inference done 787/2000. Dataloading: 0.0020 s/iter. Inference: 0.1492 s/iter. Eval: 1.1724 s/iter. Total: 1.3238 s/iter. ETA=0:26:45
[12/10 04:09:51 d2.evaluation.evaluator]: Inference done 791/2000. Dataloading: 0.0020 s/iter. Inference: 0.1492 s/iter. Eval: 1.1735 s/iter. Total: 1.3248 s/iter. ETA=0:26:41
[12/10 04:09:57 d2.evaluation.evaluator]: Inference done 798/2000. Dataloading: 0.0020 s/iter. Inference: 0.1492 s/iter. Eval: 1.1697 s/iter. Total: 1.3210 s/iter. ETA=0:26:27
[12/10 04:10:02 d2.evaluation.evaluator]: Inference done 802/2000. Dataloading: 0.0020 s/iter. Inference: 0.1492 s/iter. Eval: 1.1696 s/iter. Total: 1.3209 s/iter. ETA=0:26:22
[12/10 04:10:08 d2.evaluation.evaluator]: Inference done 806/2000. Dataloading: 0.0020 s/iter. Inference: 0.1492 s/iter. Eval: 1.1695 s/iter. Total: 1.3209 s/iter. ETA=0:26:17
[12/10 04:10:13 d2.evaluation.evaluator]: Inference done 812/2000. Dataloading: 0.0020 s/iter. Inference: 0.1492 s/iter. Eval: 1.1667 s/iter. Total: 1.3180 s/iter. ETA=0:26:05
[12/10 04:10:20 d2.evaluation.evaluator]: Inference done 816/2000. Dataloading: 0.0020 s/iter. Inference: 0.1492 s/iter. Eval: 1.1679 s/iter. Total: 1.3192 s/iter. ETA=0:26:01
[12/10 04:10:27 d2.evaluation.evaluator]: Inference done 821/2000. Dataloading: 0.0020 s/iter. Inference: 0.1491 s/iter. Eval: 1.1690 s/iter. Total: 1.3203 s/iter. ETA=0:25:56
[12/10 04:10:32 d2.evaluation.evaluator]: Inference done 824/2000. Dataloading: 0.0020 s/iter. Inference: 0.1491 s/iter. Eval: 1.1708 s/iter. Total: 1.3221 s/iter. ETA=0:25:54
[12/10 04:10:38 d2.evaluation.evaluator]: Inference done 828/2000. Dataloading: 0.0020 s/iter. Inference: 0.1491 s/iter. Eval: 1.1712 s/iter. Total: 1.3225 s/iter. ETA=0:25:49
[12/10 04:10:44 d2.evaluation.evaluator]: Inference done 833/2000. Dataloading: 0.0020 s/iter. Inference: 0.1491 s/iter. Eval: 1.1702 s/iter. Total: 1.3214 s/iter. ETA=0:25:42
[12/10 04:10:50 d2.evaluation.evaluator]: Inference done 839/2000. Dataloading: 0.0020 s/iter. Inference: 0.1491 s/iter. Eval: 1.1677 s/iter. Total: 1.3189 s/iter. ETA=0:25:31
[12/10 04:10:56 d2.evaluation.evaluator]: Inference done 843/2000. Dataloading: 0.0020 s/iter. Inference: 0.1491 s/iter. Eval: 1.1688 s/iter. Total: 1.3201 s/iter. ETA=0:25:27
[12/10 04:11:01 d2.evaluation.evaluator]: Inference done 847/2000. Dataloading: 0.0020 s/iter. Inference: 0.1491 s/iter. Eval: 1.1691 s/iter. Total: 1.3203 s/iter. ETA=0:25:22
[12/10 04:11:07 d2.evaluation.evaluator]: Inference done 852/2000. Dataloading: 0.0020 s/iter. Inference: 0.1491 s/iter. Eval: 1.1676 s/iter. Total: 1.3188 s/iter. ETA=0:25:14
[12/10 04:11:12 d2.evaluation.evaluator]: Inference done 858/2000. Dataloading: 0.0020 s/iter. Inference: 0.1491 s/iter. Eval: 1.1643 s/iter. Total: 1.3155 s/iter. ETA=0:25:02
[12/10 04:11:17 d2.evaluation.evaluator]: Inference done 863/2000. Dataloading: 0.0020 s/iter. Inference: 0.1491 s/iter. Eval: 1.1630 s/iter. Total: 1.3142 s/iter. ETA=0:24:54
[12/10 04:11:23 d2.evaluation.evaluator]: Inference done 867/2000. Dataloading: 0.0020 s/iter. Inference: 0.1491 s/iter. Eval: 1.1635 s/iter. Total: 1.3147 s/iter. ETA=0:24:49
[12/10 04:11:29 d2.evaluation.evaluator]: Inference done 871/2000. Dataloading: 0.0020 s/iter. Inference: 0.1491 s/iter. Eval: 1.1646 s/iter. Total: 1.3158 s/iter. ETA=0:24:45
[12/10 04:11:35 d2.evaluation.evaluator]: Inference done 876/2000. Dataloading: 0.0020 s/iter. Inference: 0.1491 s/iter. Eval: 1.1637 s/iter. Total: 1.3149 s/iter. ETA=0:24:37
[12/10 04:11:40 d2.evaluation.evaluator]: Inference done 879/2000. Dataloading: 0.0020 s/iter. Inference: 0.1491 s/iter. Eval: 1.1651 s/iter. Total: 1.3164 s/iter. ETA=0:24:35
[12/10 04:11:46 d2.evaluation.evaluator]: Inference done 883/2000. Dataloading: 0.0020 s/iter. Inference: 0.1491 s/iter. Eval: 1.1656 s/iter. Total: 1.3168 s/iter. ETA=0:24:30
[12/10 04:11:52 d2.evaluation.evaluator]: Inference done 887/2000. Dataloading: 0.0020 s/iter. Inference: 0.1491 s/iter. Eval: 1.1668 s/iter. Total: 1.3180 s/iter. ETA=0:24:26
[12/10 04:11:58 d2.evaluation.evaluator]: Inference done 891/2000. Dataloading: 0.0020 s/iter. Inference: 0.1491 s/iter. Eval: 1.1672 s/iter. Total: 1.3185 s/iter. ETA=0:24:22
[12/10 04:12:04 d2.evaluation.evaluator]: Inference done 896/2000. Dataloading: 0.0020 s/iter. Inference: 0.1491 s/iter. Eval: 1.1672 s/iter. Total: 1.3184 s/iter. ETA=0:24:15
[12/10 04:12:09 d2.evaluation.evaluator]: Inference done 899/2000. Dataloading: 0.0020 s/iter. Inference: 0.1491 s/iter. Eval: 1.1684 s/iter. Total: 1.3196 s/iter. ETA=0:24:12
[12/10 04:12:16 d2.evaluation.evaluator]: Inference done 904/2000. Dataloading: 0.0020 s/iter. Inference: 0.1491 s/iter. Eval: 1.1678 s/iter. Total: 1.3190 s/iter. ETA=0:24:05
[12/10 04:12:22 d2.evaluation.evaluator]: Inference done 909/2000. Dataloading: 0.0020 s/iter. Inference: 0.1491 s/iter. Eval: 1.1673 s/iter. Total: 1.3185 s/iter. ETA=0:23:58
[12/10 04:12:27 d2.evaluation.evaluator]: Inference done 912/2000. Dataloading: 0.0020 s/iter. Inference: 0.1491 s/iter. Eval: 1.1690 s/iter. Total: 1.3203 s/iter. ETA=0:23:56
[12/10 04:12:33 d2.evaluation.evaluator]: Inference done 917/2000. Dataloading: 0.0020 s/iter. Inference: 0.1491 s/iter. Eval: 1.1684 s/iter. Total: 1.3196 s/iter. ETA=0:23:49
[12/10 04:12:38 d2.evaluation.evaluator]: Inference done 922/2000. Dataloading: 0.0020 s/iter. Inference: 0.1491 s/iter. Eval: 1.1669 s/iter. Total: 1.3181 s/iter. ETA=0:23:40
[12/10 04:12:45 d2.evaluation.evaluator]: Inference done 927/2000. Dataloading: 0.0020 s/iter. Inference: 0.1491 s/iter. Eval: 1.1670 s/iter. Total: 1.3182 s/iter. ETA=0:23:34
[12/10 04:12:50 d2.evaluation.evaluator]: Inference done 932/2000. Dataloading: 0.0020 s/iter. Inference: 0.1491 s/iter. Eval: 1.1658 s/iter. Total: 1.3170 s/iter. ETA=0:23:26
[12/10 04:12:56 d2.evaluation.evaluator]: Inference done 937/2000. Dataloading: 0.0020 s/iter. Inference: 0.1491 s/iter. Eval: 1.1643 s/iter. Total: 1.3155 s/iter. ETA=0:23:18
[12/10 04:13:02 d2.evaluation.evaluator]: Inference done 941/2000. Dataloading: 0.0020 s/iter. Inference: 0.1491 s/iter. Eval: 1.1658 s/iter. Total: 1.3170 s/iter. ETA=0:23:14
[12/10 04:13:08 d2.evaluation.evaluator]: Inference done 946/2000. Dataloading: 0.0020 s/iter. Inference: 0.1491 s/iter. Eval: 1.1644 s/iter. Total: 1.3155 s/iter. ETA=0:23:06
[12/10 04:13:14 d2.evaluation.evaluator]: Inference done 950/2000. Dataloading: 0.0020 s/iter. Inference: 0.1491 s/iter. Eval: 1.1653 s/iter. Total: 1.3165 s/iter. ETA=0:23:02
[12/10 04:13:20 d2.evaluation.evaluator]: Inference done 955/2000. Dataloading: 0.0020 s/iter. Inference: 0.1491 s/iter. Eval: 1.1647 s/iter. Total: 1.3159 s/iter. ETA=0:22:55
[12/10 04:13:25 d2.evaluation.evaluator]: Inference done 959/2000. Dataloading: 0.0020 s/iter. Inference: 0.1491 s/iter. Eval: 1.1646 s/iter. Total: 1.3158 s/iter. ETA=0:22:49
[12/10 04:13:31 d2.evaluation.evaluator]: Inference done 962/2000. Dataloading: 0.0020 s/iter. Inference: 0.1491 s/iter. Eval: 1.1664 s/iter. Total: 1.3176 s/iter. ETA=0:22:47
[12/10 04:13:36 d2.evaluation.evaluator]: Inference done 967/2000. Dataloading: 0.0020 s/iter. Inference: 0.1491 s/iter. Eval: 1.1649 s/iter. Total: 1.3161 s/iter. ETA=0:22:39
[12/10 04:13:41 d2.evaluation.evaluator]: Inference done 973/2000. Dataloading: 0.0020 s/iter. Inference: 0.1491 s/iter. Eval: 1.1620 s/iter. Total: 1.3132 s/iter. ETA=0:22:28
[12/10 04:13:48 d2.evaluation.evaluator]: Inference done 975/2000. Dataloading: 0.0020 s/iter. Inference: 0.1491 s/iter. Eval: 1.1662 s/iter. Total: 1.3174 s/iter. ETA=0:22:30
[12/10 04:13:53 d2.evaluation.evaluator]: Inference done 979/2000. Dataloading: 0.0020 s/iter. Inference: 0.1491 s/iter. Eval: 1.1666 s/iter. Total: 1.3178 s/iter. ETA=0:22:25
[12/10 04:13:58 d2.evaluation.evaluator]: Inference done 983/2000. Dataloading: 0.0020 s/iter. Inference: 0.1491 s/iter. Eval: 1.1665 s/iter. Total: 1.3177 s/iter. ETA=0:22:20
[12/10 04:14:05 d2.evaluation.evaluator]: Inference done 989/2000. Dataloading: 0.0020 s/iter. Inference: 0.1491 s/iter. Eval: 1.1653 s/iter. Total: 1.3165 s/iter. ETA=0:22:10
[12/10 04:14:10 d2.evaluation.evaluator]: Inference done 993/2000. Dataloading: 0.0020 s/iter. Inference: 0.1491 s/iter. Eval: 1.1654 s/iter. Total: 1.3166 s/iter. ETA=0:22:05
[12/10 04:14:16 d2.evaluation.evaluator]: Inference done 997/2000. Dataloading: 0.0020 s/iter. Inference: 0.1491 s/iter. Eval: 1.1656 s/iter. Total: 1.3168 s/iter. ETA=0:22:00
[12/10 04:14:21 d2.evaluation.evaluator]: Inference done 1001/2000. Dataloading: 0.0020 s/iter. Inference: 0.1491 s/iter. Eval: 1.1657 s/iter. Total: 1.3169 s/iter. ETA=0:21:55
[12/10 04:14:27 d2.evaluation.evaluator]: Inference done 1004/2000. Dataloading: 0.0020 s/iter. Inference: 0.1491 s/iter. Eval: 1.1669 s/iter. Total: 1.3181 s/iter. ETA=0:21:52
[12/10 04:14:32 d2.evaluation.evaluator]: Inference done 1008/2000. Dataloading: 0.0020 s/iter. Inference: 0.1491 s/iter. Eval: 1.1673 s/iter. Total: 1.3185 s/iter. ETA=0:21:47
[12/10 04:14:39 d2.evaluation.evaluator]: Inference done 1014/2000. Dataloading: 0.0020 s/iter. Inference: 0.1491 s/iter. Eval: 1.1658 s/iter. Total: 1.3170 s/iter. ETA=0:21:38
[12/10 04:14:44 d2.evaluation.evaluator]: Inference done 1019/2000. Dataloading: 0.0020 s/iter. Inference: 0.1491 s/iter. Eval: 1.1647 s/iter. Total: 1.3159 s/iter. ETA=0:21:30
[12/10 04:14:49 d2.evaluation.evaluator]: Inference done 1025/2000. Dataloading: 0.0020 s/iter. Inference: 0.1491 s/iter. Eval: 1.1621 s/iter. Total: 1.3133 s/iter. ETA=0:21:20
[12/10 04:14:55 d2.evaluation.evaluator]: Inference done 1030/2000. Dataloading: 0.0020 s/iter. Inference: 0.1491 s/iter. Eval: 1.1612 s/iter. Total: 1.3123 s/iter. ETA=0:21:12
[12/10 04:15:01 d2.evaluation.evaluator]: Inference done 1035/2000. Dataloading: 0.0020 s/iter. Inference: 0.1491 s/iter. Eval: 1.1612 s/iter. Total: 1.3124 s/iter. ETA=0:21:06
[12/10 04:15:09 d2.evaluation.evaluator]: Inference done 1040/2000. Dataloading: 0.0020 s/iter. Inference: 0.1491 s/iter. Eval: 1.1619 s/iter. Total: 1.3131 s/iter. ETA=0:21:00
[12/10 04:15:14 d2.evaluation.evaluator]: Inference done 1043/2000. Dataloading: 0.0020 s/iter. Inference: 0.1491 s/iter. Eval: 1.1634 s/iter. Total: 1.3146 s/iter. ETA=0:20:58
[12/10 04:15:19 d2.evaluation.evaluator]: Inference done 1046/2000. Dataloading: 0.0020 s/iter. Inference: 0.1491 s/iter. Eval: 1.1645 s/iter. Total: 1.3158 s/iter. ETA=0:20:55
[12/10 04:15:25 d2.evaluation.evaluator]: Inference done 1049/2000. Dataloading: 0.0020 s/iter. Inference: 0.1491 s/iter. Eval: 1.1658 s/iter. Total: 1.3170 s/iter. ETA=0:20:52
[12/10 04:15:30 d2.evaluation.evaluator]: Inference done 1054/2000. Dataloading: 0.0020 s/iter. Inference: 0.1491 s/iter. Eval: 1.1650 s/iter. Total: 1.3162 s/iter. ETA=0:20:45
[12/10 04:15:36 d2.evaluation.evaluator]: Inference done 1059/2000. Dataloading: 0.0020 s/iter. Inference: 0.1491 s/iter. Eval: 1.1637 s/iter. Total: 1.3150 s/iter. ETA=0:20:37
[12/10 04:15:41 d2.evaluation.evaluator]: Inference done 1064/2000. Dataloading: 0.0020 s/iter. Inference: 0.1491 s/iter. Eval: 1.1625 s/iter. Total: 1.3138 s/iter. ETA=0:20:29
[12/10 04:15:47 d2.evaluation.evaluator]: Inference done 1068/2000. Dataloading: 0.0020 s/iter. Inference: 0.1492 s/iter. Eval: 1.1634 s/iter. Total: 1.3147 s/iter. ETA=0:20:25
[12/10 04:15:53 d2.evaluation.evaluator]: Inference done 1071/2000. Dataloading: 0.0020 s/iter. Inference: 0.1492 s/iter. Eval: 1.1655 s/iter. Total: 1.3167 s/iter. ETA=0:20:23
[12/10 04:15:59 d2.evaluation.evaluator]: Inference done 1075/2000. Dataloading: 0.0020 s/iter. Inference: 0.1492 s/iter. Eval: 1.1659 s/iter. Total: 1.3172 s/iter. ETA=0:20:18
[12/10 04:16:04 d2.evaluation.evaluator]: Inference done 1079/2000. Dataloading: 0.0020 s/iter. Inference: 0.1492 s/iter. Eval: 1.1658 s/iter. Total: 1.3171 s/iter. ETA=0:20:13
[12/10 04:16:10 d2.evaluation.evaluator]: Inference done 1083/2000. Dataloading: 0.0020 s/iter. Inference: 0.1492 s/iter. Eval: 1.1665 s/iter. Total: 1.3177 s/iter. ETA=0:20:08
[12/10 04:16:15 d2.evaluation.evaluator]: Inference done 1089/2000. Dataloading: 0.0020 s/iter. Inference: 0.1492 s/iter. Eval: 1.1640 s/iter. Total: 1.3153 s/iter. ETA=0:19:58
[12/10 04:16:22 d2.evaluation.evaluator]: Inference done 1096/2000. Dataloading: 0.0020 s/iter. Inference: 0.1492 s/iter. Eval: 1.1615 s/iter. Total: 1.3127 s/iter. ETA=0:19:46
[12/10 04:16:28 d2.evaluation.evaluator]: Inference done 1102/2000. Dataloading: 0.0020 s/iter. Inference: 0.1491 s/iter. Eval: 1.1597 s/iter. Total: 1.3109 s/iter. ETA=0:19:37
[12/10 04:16:34 d2.evaluation.evaluator]: Inference done 1107/2000. Dataloading: 0.0020 s/iter. Inference: 0.1492 s/iter. Eval: 1.1589 s/iter. Total: 1.3102 s/iter. ETA=0:19:30
[12/10 04:16:39 d2.evaluation.evaluator]: Inference done 1111/2000. Dataloading: 0.0020 s/iter. Inference: 0.1492 s/iter. Eval: 1.1591 s/iter. Total: 1.3104 s/iter. ETA=0:19:24
[12/10 04:16:44 d2.evaluation.evaluator]: Inference done 1115/2000. Dataloading: 0.0020 s/iter. Inference: 0.1492 s/iter. Eval: 1.1589 s/iter. Total: 1.3102 s/iter. ETA=0:19:19
[12/10 04:16:50 d2.evaluation.evaluator]: Inference done 1121/2000. Dataloading: 0.0020 s/iter. Inference: 0.1491 s/iter. Eval: 1.1572 s/iter. Total: 1.3084 s/iter. ETA=0:19:10
[12/10 04:16:56 d2.evaluation.evaluator]: Inference done 1126/2000. Dataloading: 0.0020 s/iter. Inference: 0.1491 s/iter. Eval: 1.1567 s/iter. Total: 1.3079 s/iter. ETA=0:19:03
[12/10 04:17:02 d2.evaluation.evaluator]: Inference done 1132/2000. Dataloading: 0.0020 s/iter. Inference: 0.1491 s/iter. Eval: 1.1550 s/iter. Total: 1.3062 s/iter. ETA=0:18:53
[12/10 04:17:07 d2.evaluation.evaluator]: Inference done 1136/2000. Dataloading: 0.0020 s/iter. Inference: 0.1491 s/iter. Eval: 1.1552 s/iter. Total: 1.3064 s/iter. ETA=0:18:48
[12/10 04:17:13 d2.evaluation.evaluator]: Inference done 1142/2000. Dataloading: 0.0020 s/iter. Inference: 0.1491 s/iter. Eval: 1.1535 s/iter. Total: 1.3047 s/iter. ETA=0:18:39
[12/10 04:17:18 d2.evaluation.evaluator]: Inference done 1146/2000. Dataloading: 0.0020 s/iter. Inference: 0.1491 s/iter. Eval: 1.1536 s/iter. Total: 1.3048 s/iter. ETA=0:18:34
[12/10 04:17:24 d2.evaluation.evaluator]: Inference done 1150/2000. Dataloading: 0.0020 s/iter. Inference: 0.1491 s/iter. Eval: 1.1539 s/iter. Total: 1.3051 s/iter. ETA=0:18:29
[12/10 04:17:30 d2.evaluation.evaluator]: Inference done 1155/2000. Dataloading: 0.0019 s/iter. Inference: 0.1491 s/iter. Eval: 1.1530 s/iter. Total: 1.3042 s/iter. ETA=0:18:22
[12/10 04:17:35 d2.evaluation.evaluator]: Inference done 1158/2000. Dataloading: 0.0020 s/iter. Inference: 0.1491 s/iter. Eval: 1.1541 s/iter. Total: 1.3053 s/iter. ETA=0:18:19
[12/10 04:17:41 d2.evaluation.evaluator]: Inference done 1162/2000. Dataloading: 0.0020 s/iter. Inference: 0.1491 s/iter. Eval: 1.1552 s/iter. Total: 1.3064 s/iter. ETA=0:18:14
[12/10 04:17:46 d2.evaluation.evaluator]: Inference done 1166/2000. Dataloading: 0.0019 s/iter. Inference: 0.1491 s/iter. Eval: 1.1552 s/iter. Total: 1.3064 s/iter. ETA=0:18:09
[12/10 04:17:53 d2.evaluation.evaluator]: Inference done 1172/2000. Dataloading: 0.0019 s/iter. Inference: 0.1491 s/iter. Eval: 1.1539 s/iter. Total: 1.3051 s/iter. ETA=0:18:00
[12/10 04:17:59 d2.evaluation.evaluator]: Inference done 1177/2000. Dataloading: 0.0019 s/iter. Inference: 0.1491 s/iter. Eval: 1.1539 s/iter. Total: 1.3051 s/iter. ETA=0:17:54
[12/10 04:18:05 d2.evaluation.evaluator]: Inference done 1181/2000. Dataloading: 0.0019 s/iter. Inference: 0.1491 s/iter. Eval: 1.1540 s/iter. Total: 1.3051 s/iter. ETA=0:17:48
[12/10 04:18:10 d2.evaluation.evaluator]: Inference done 1185/2000. Dataloading: 0.0019 s/iter. Inference: 0.1491 s/iter. Eval: 1.1538 s/iter. Total: 1.3050 s/iter. ETA=0:17:43
[12/10 04:18:16 d2.evaluation.evaluator]: Inference done 1188/2000. Dataloading: 0.0019 s/iter. Inference: 0.1491 s/iter. Eval: 1.1556 s/iter. Total: 1.3068 s/iter. ETA=0:17:41
[12/10 04:18:21 d2.evaluation.evaluator]: Inference done 1192/2000. Dataloading: 0.0019 s/iter. Inference: 0.1491 s/iter. Eval: 1.1554 s/iter. Total: 1.3066 s/iter. ETA=0:17:35
[12/10 04:18:26 d2.evaluation.evaluator]: Inference done 1195/2000. Dataloading: 0.0019 s/iter. Inference: 0.1491 s/iter. Eval: 1.1567 s/iter. Total: 1.3079 s/iter. ETA=0:17:32
[12/10 04:18:31 d2.evaluation.evaluator]: Inference done 1201/2000. Dataloading: 0.0019 s/iter. Inference: 0.1491 s/iter. Eval: 1.1546 s/iter. Total: 1.3058 s/iter. ETA=0:17:23
[12/10 04:18:38 d2.evaluation.evaluator]: Inference done 1207/2000. Dataloading: 0.0019 s/iter. Inference: 0.1491 s/iter. Eval: 1.1536 s/iter. Total: 1.3048 s/iter. ETA=0:17:14
[12/10 04:18:44 d2.evaluation.evaluator]: Inference done 1213/2000. Dataloading: 0.0019 s/iter. Inference: 0.1491 s/iter. Eval: 1.1522 s/iter. Total: 1.3033 s/iter. ETA=0:17:05
[12/10 04:18:49 d2.evaluation.evaluator]: Inference done 1218/2000. Dataloading: 0.0019 s/iter. Inference: 0.1491 s/iter. Eval: 1.1509 s/iter. Total: 1.3021 s/iter. ETA=0:16:58
[12/10 04:18:55 d2.evaluation.evaluator]: Inference done 1222/2000. Dataloading: 0.0019 s/iter. Inference: 0.1491 s/iter. Eval: 1.1511 s/iter. Total: 1.3023 s/iter. ETA=0:16:53
[12/10 04:19:00 d2.evaluation.evaluator]: Inference done 1227/2000. Dataloading: 0.0019 s/iter. Inference: 0.1491 s/iter. Eval: 1.1506 s/iter. Total: 1.3018 s/iter. ETA=0:16:46
[12/10 04:19:06 d2.evaluation.evaluator]: Inference done 1232/2000. Dataloading: 0.0019 s/iter. Inference: 0.1491 s/iter. Eval: 1.1500 s/iter. Total: 1.3012 s/iter. ETA=0:16:39
[12/10 04:19:12 d2.evaluation.evaluator]: Inference done 1237/2000. Dataloading: 0.0019 s/iter. Inference: 0.1491 s/iter. Eval: 1.1491 s/iter. Total: 1.3002 s/iter. ETA=0:16:32
[12/10 04:19:17 d2.evaluation.evaluator]: Inference done 1242/2000. Dataloading: 0.0019 s/iter. Inference: 0.1491 s/iter. Eval: 1.1484 s/iter. Total: 1.2995 s/iter. ETA=0:16:25
[12/10 04:19:24 d2.evaluation.evaluator]: Inference done 1248/2000. Dataloading: 0.0019 s/iter. Inference: 0.1491 s/iter. Eval: 1.1473 s/iter. Total: 1.2985 s/iter. ETA=0:16:16
[12/10 04:19:29 d2.evaluation.evaluator]: Inference done 1254/2000. Dataloading: 0.0019 s/iter. Inference: 0.1490 s/iter. Eval: 1.1454 s/iter. Total: 1.2965 s/iter. ETA=0:16:07
[12/10 04:19:35 d2.evaluation.evaluator]: Inference done 1259/2000. Dataloading: 0.0019 s/iter. Inference: 0.1490 s/iter. Eval: 1.1451 s/iter. Total: 1.2962 s/iter. ETA=0:16:00
[12/10 04:19:41 d2.evaluation.evaluator]: Inference done 1264/2000. Dataloading: 0.0019 s/iter. Inference: 0.1490 s/iter. Eval: 1.1447 s/iter. Total: 1.2958 s/iter. ETA=0:15:53
[12/10 04:19:46 d2.evaluation.evaluator]: Inference done 1268/2000. Dataloading: 0.0019 s/iter. Inference: 0.1490 s/iter. Eval: 1.1447 s/iter. Total: 1.2958 s/iter. ETA=0:15:48
[12/10 04:19:52 d2.evaluation.evaluator]: Inference done 1273/2000. Dataloading: 0.0019 s/iter. Inference: 0.1490 s/iter. Eval: 1.1437 s/iter. Total: 1.2948 s/iter. ETA=0:15:41
[12/10 04:19:57 d2.evaluation.evaluator]: Inference done 1277/2000. Dataloading: 0.0019 s/iter. Inference: 0.1490 s/iter. Eval: 1.1443 s/iter. Total: 1.2954 s/iter. ETA=0:15:36
[12/10 04:20:03 d2.evaluation.evaluator]: Inference done 1280/2000. Dataloading: 0.0019 s/iter. Inference: 0.1490 s/iter. Eval: 1.1458 s/iter. Total: 1.2969 s/iter. ETA=0:15:33
[12/10 04:20:09 d2.evaluation.evaluator]: Inference done 1285/2000. Dataloading: 0.0019 s/iter. Inference: 0.1490 s/iter. Eval: 1.1450 s/iter. Total: 1.2961 s/iter. ETA=0:15:26
[12/10 04:20:14 d2.evaluation.evaluator]: Inference done 1288/2000. Dataloading: 0.0019 s/iter. Inference: 0.1490 s/iter. Eval: 1.1462 s/iter. Total: 1.2973 s/iter. ETA=0:15:23
[12/10 04:20:20 d2.evaluation.evaluator]: Inference done 1291/2000. Dataloading: 0.0019 s/iter. Inference: 0.1491 s/iter. Eval: 1.1477 s/iter. Total: 1.2988 s/iter. ETA=0:15:20
[12/10 04:20:25 d2.evaluation.evaluator]: Inference done 1295/2000. Dataloading: 0.0019 s/iter. Inference: 0.1491 s/iter. Eval: 1.1476 s/iter. Total: 1.2987 s/iter. ETA=0:15:15
[12/10 04:20:30 d2.evaluation.evaluator]: Inference done 1299/2000. Dataloading: 0.0019 s/iter. Inference: 0.1491 s/iter. Eval: 1.1477 s/iter. Total: 1.2988 s/iter. ETA=0:15:10
[12/10 04:20:37 d2.evaluation.evaluator]: Inference done 1304/2000. Dataloading: 0.0019 s/iter. Inference: 0.1491 s/iter. Eval: 1.1475 s/iter. Total: 1.2987 s/iter. ETA=0:15:03
[12/10 04:20:42 d2.evaluation.evaluator]: Inference done 1309/2000. Dataloading: 0.0019 s/iter. Inference: 0.1490 s/iter. Eval: 1.1467 s/iter. Total: 1.2978 s/iter. ETA=0:14:56
[12/10 04:20:48 d2.evaluation.evaluator]: Inference done 1313/2000. Dataloading: 0.0019 s/iter. Inference: 0.1490 s/iter. Eval: 1.1469 s/iter. Total: 1.2981 s/iter. ETA=0:14:51
[12/10 04:20:53 d2.evaluation.evaluator]: Inference done 1316/2000. Dataloading: 0.0019 s/iter. Inference: 0.1490 s/iter. Eval: 1.1483 s/iter. Total: 1.2994 s/iter. ETA=0:14:48
[12/10 04:20:59 d2.evaluation.evaluator]: Inference done 1319/2000. Dataloading: 0.0019 s/iter. Inference: 0.1491 s/iter. Eval: 1.1495 s/iter. Total: 1.3006 s/iter. ETA=0:14:45
[12/10 04:21:04 d2.evaluation.evaluator]: Inference done 1322/2000. Dataloading: 0.0019 s/iter. Inference: 0.1491 s/iter. Eval: 1.1507 s/iter. Total: 1.3019 s/iter. ETA=0:14:42
[12/10 04:21:09 d2.evaluation.evaluator]: Inference done 1325/2000. Dataloading: 0.0019 s/iter. Inference: 0.1491 s/iter. Eval: 1.1516 s/iter. Total: 1.3028 s/iter. ETA=0:14:39
[12/10 04:21:15 d2.evaluation.evaluator]: Inference done 1330/2000. Dataloading: 0.0019 s/iter. Inference: 0.1491 s/iter. Eval: 1.1511 s/iter. Total: 1.3022 s/iter. ETA=0:14:32
[12/10 04:21:21 d2.evaluation.evaluator]: Inference done 1333/2000. Dataloading: 0.0019 s/iter. Inference: 0.1491 s/iter. Eval: 1.1522 s/iter. Total: 1.3034 s/iter. ETA=0:14:29
[12/10 04:21:26 d2.evaluation.evaluator]: Inference done 1336/2000. Dataloading: 0.0019 s/iter. Inference: 0.1491 s/iter. Eval: 1.1532 s/iter. Total: 1.3044 s/iter. ETA=0:14:26
[12/10 04:21:33 d2.evaluation.evaluator]: Inference done 1341/2000. Dataloading: 0.0019 s/iter. Inference: 0.1491 s/iter. Eval: 1.1538 s/iter. Total: 1.3050 s/iter. ETA=0:14:19
[12/10 04:21:39 d2.evaluation.evaluator]: Inference done 1344/2000. Dataloading: 0.0019 s/iter. Inference: 0.1491 s/iter. Eval: 1.1550 s/iter. Total: 1.3062 s/iter. ETA=0:14:16
[12/10 04:21:45 d2.evaluation.evaluator]: Inference done 1347/2000. Dataloading: 0.0019 s/iter. Inference: 0.1491 s/iter. Eval: 1.1568 s/iter. Total: 1.3080 s/iter. ETA=0:14:14
[12/10 04:21:51 d2.evaluation.evaluator]: Inference done 1351/2000. Dataloading: 0.0019 s/iter. Inference: 0.1491 s/iter. Eval: 1.1570 s/iter. Total: 1.3082 s/iter. ETA=0:14:09
[12/10 04:21:59 d2.evaluation.evaluator]: Inference done 1354/2000. Dataloading: 0.0019 s/iter. Inference: 0.1492 s/iter. Eval: 1.1605 s/iter. Total: 1.3118 s/iter. ETA=0:14:07
[12/10 04:22:04 d2.evaluation.evaluator]: Inference done 1358/2000. Dataloading: 0.0019 s/iter. Inference: 0.1492 s/iter. Eval: 1.1604 s/iter. Total: 1.3116 s/iter. ETA=0:14:02
[12/10 04:22:10 d2.evaluation.evaluator]: Inference done 1363/2000. Dataloading: 0.0019 s/iter. Inference: 0.1492 s/iter. Eval: 1.1595 s/iter. Total: 1.3107 s/iter. ETA=0:13:54
[12/10 04:22:16 d2.evaluation.evaluator]: Inference done 1366/2000. Dataloading: 0.0019 s/iter. Inference: 0.1492 s/iter. Eval: 1.1610 s/iter. Total: 1.3122 s/iter. ETA=0:13:51
[12/10 04:22:21 d2.evaluation.evaluator]: Inference done 1369/2000. Dataloading: 0.0019 s/iter. Inference: 0.1492 s/iter. Eval: 1.1621 s/iter. Total: 1.3134 s/iter. ETA=0:13:48
[12/10 04:22:28 d2.evaluation.evaluator]: Inference done 1374/2000. Dataloading: 0.0019 s/iter. Inference: 0.1492 s/iter. Eval: 1.1623 s/iter. Total: 1.3135 s/iter. ETA=0:13:42
[12/10 04:22:33 d2.evaluation.evaluator]: Inference done 1378/2000. Dataloading: 0.0019 s/iter. Inference: 0.1492 s/iter. Eval: 1.1621 s/iter. Total: 1.3134 s/iter. ETA=0:13:36
[12/10 04:22:38 d2.evaluation.evaluator]: Inference done 1383/2000. Dataloading: 0.0019 s/iter. Inference: 0.1492 s/iter. Eval: 1.1613 s/iter. Total: 1.3126 s/iter. ETA=0:13:29
[12/10 04:22:44 d2.evaluation.evaluator]: Inference done 1387/2000. Dataloading: 0.0019 s/iter. Inference: 0.1492 s/iter. Eval: 1.1613 s/iter. Total: 1.3126 s/iter. ETA=0:13:24
[12/10 04:22:50 d2.evaluation.evaluator]: Inference done 1392/2000. Dataloading: 0.0019 s/iter. Inference: 0.1492 s/iter. Eval: 1.1608 s/iter. Total: 1.3121 s/iter. ETA=0:13:17
[12/10 04:22:55 d2.evaluation.evaluator]: Inference done 1396/2000. Dataloading: 0.0019 s/iter. Inference: 0.1492 s/iter. Eval: 1.1613 s/iter. Total: 1.3125 s/iter. ETA=0:13:12
[12/10 04:23:01 d2.evaluation.evaluator]: Inference done 1400/2000. Dataloading: 0.0019 s/iter. Inference: 0.1492 s/iter. Eval: 1.1615 s/iter. Total: 1.3128 s/iter. ETA=0:13:07
[12/10 04:23:06 d2.evaluation.evaluator]: Inference done 1403/2000. Dataloading: 0.0019 s/iter. Inference: 0.1492 s/iter. Eval: 1.1624 s/iter. Total: 1.3137 s/iter. ETA=0:13:04
[12/10 04:23:12 d2.evaluation.evaluator]: Inference done 1407/2000. Dataloading: 0.0019 s/iter. Inference: 0.1492 s/iter. Eval: 1.1628 s/iter. Total: 1.3141 s/iter. ETA=0:12:59
[12/10 04:23:18 d2.evaluation.evaluator]: Inference done 1411/2000. Dataloading: 0.0019 s/iter. Inference: 0.1492 s/iter. Eval: 1.1636 s/iter. Total: 1.3149 s/iter. ETA=0:12:54
[12/10 04:23:25 d2.evaluation.evaluator]: Inference done 1417/2000. Dataloading: 0.0019 s/iter. Inference: 0.1492 s/iter. Eval: 1.1626 s/iter. Total: 1.3139 s/iter. ETA=0:12:46
[12/10 04:23:31 d2.evaluation.evaluator]: Inference done 1422/2000. Dataloading: 0.0019 s/iter. Inference: 0.1492 s/iter. Eval: 1.1620 s/iter. Total: 1.3133 s/iter. ETA=0:12:39
[12/10 04:23:37 d2.evaluation.evaluator]: Inference done 1426/2000. Dataloading: 0.0019 s/iter. Inference: 0.1492 s/iter. Eval: 1.1625 s/iter. Total: 1.3138 s/iter. ETA=0:12:34
[12/10 04:23:42 d2.evaluation.evaluator]: Inference done 1430/2000. Dataloading: 0.0019 s/iter. Inference: 0.1492 s/iter. Eval: 1.1624 s/iter. Total: 1.3137 s/iter. ETA=0:12:28
[12/10 04:23:47 d2.evaluation.evaluator]: Inference done 1438/2000. Dataloading: 0.0019 s/iter. Inference: 0.1492 s/iter. Eval: 1.1591 s/iter. Total: 1.3104 s/iter. ETA=0:12:16
[12/10 04:23:53 d2.evaluation.evaluator]: Inference done 1443/2000. Dataloading: 0.0019 s/iter. Inference: 0.1492 s/iter. Eval: 1.1585 s/iter. Total: 1.3098 s/iter. ETA=0:12:09
[12/10 04:23:59 d2.evaluation.evaluator]: Inference done 1447/2000. Dataloading: 0.0019 s/iter. Inference: 0.1492 s/iter. Eval: 1.1586 s/iter. Total: 1.3099 s/iter. ETA=0:12:04
[12/10 04:24:04 d2.evaluation.evaluator]: Inference done 1452/2000. Dataloading: 0.0019 s/iter. Inference: 0.1492 s/iter. Eval: 1.1576 s/iter. Total: 1.3089 s/iter. ETA=0:11:57
[12/10 04:24:11 d2.evaluation.evaluator]: Inference done 1455/2000. Dataloading: 0.0019 s/iter. Inference: 0.1492 s/iter. Eval: 1.1597 s/iter. Total: 1.3110 s/iter. ETA=0:11:54
[12/10 04:24:16 d2.evaluation.evaluator]: Inference done 1457/2000. Dataloading: 0.0019 s/iter. Inference: 0.1492 s/iter. Eval: 1.1614 s/iter. Total: 1.3127 s/iter. ETA=0:11:52
[12/10 04:24:22 d2.evaluation.evaluator]: Inference done 1462/2000. Dataloading: 0.0019 s/iter. Inference: 0.1492 s/iter. Eval: 1.1610 s/iter. Total: 1.3122 s/iter. ETA=0:11:45
[12/10 04:24:28 d2.evaluation.evaluator]: Inference done 1467/2000. Dataloading: 0.0019 s/iter. Inference: 0.1492 s/iter. Eval: 1.1610 s/iter. Total: 1.3123 s/iter. ETA=0:11:39
[12/10 04:24:34 d2.evaluation.evaluator]: Inference done 1472/2000. Dataloading: 0.0019 s/iter. Inference: 0.1492 s/iter. Eval: 1.1607 s/iter. Total: 1.3120 s/iter. ETA=0:11:32
[12/10 04:24:40 d2.evaluation.evaluator]: Inference done 1476/2000. Dataloading: 0.0019 s/iter. Inference: 0.1492 s/iter. Eval: 1.1607 s/iter. Total: 1.3120 s/iter. ETA=0:11:27
[12/10 04:24:45 d2.evaluation.evaluator]: Inference done 1482/2000. Dataloading: 0.0019 s/iter. Inference: 0.1492 s/iter. Eval: 1.1589 s/iter. Total: 1.3101 s/iter. ETA=0:11:18
[12/10 04:24:50 d2.evaluation.evaluator]: Inference done 1486/2000. Dataloading: 0.0019 s/iter. Inference: 0.1492 s/iter. Eval: 1.1591 s/iter. Total: 1.3103 s/iter. ETA=0:11:13
[12/10 04:24:56 d2.evaluation.evaluator]: Inference done 1491/2000. Dataloading: 0.0019 s/iter. Inference: 0.1492 s/iter. Eval: 1.1585 s/iter. Total: 1.3097 s/iter. ETA=0:11:06
[12/10 04:25:02 d2.evaluation.evaluator]: Inference done 1496/2000. Dataloading: 0.0019 s/iter. Inference: 0.1492 s/iter. Eval: 1.1582 s/iter. Total: 1.3094 s/iter. ETA=0:10:59
[12/10 04:25:07 d2.evaluation.evaluator]: Inference done 1502/2000. Dataloading: 0.0019 s/iter. Inference: 0.1492 s/iter. Eval: 1.1565 s/iter. Total: 1.3077 s/iter. ETA=0:10:51
[12/10 04:25:14 d2.evaluation.evaluator]: Inference done 1508/2000. Dataloading: 0.0019 s/iter. Inference: 0.1491 s/iter. Eval: 1.1556 s/iter. Total: 1.3069 s/iter. ETA=0:10:42
[12/10 04:25:20 d2.evaluation.evaluator]: Inference done 1512/2000. Dataloading: 0.0019 s/iter. Inference: 0.1492 s/iter. Eval: 1.1566 s/iter. Total: 1.3078 s/iter. ETA=0:10:38
[12/10 04:25:27 d2.evaluation.evaluator]: Inference done 1515/2000. Dataloading: 0.0019 s/iter. Inference: 0.1492 s/iter. Eval: 1.1581 s/iter. Total: 1.3093 s/iter. ETA=0:10:35
[12/10 04:25:33 d2.evaluation.evaluator]: Inference done 1520/2000. Dataloading: 0.0019 s/iter. Inference: 0.1492 s/iter. Eval: 1.1576 s/iter. Total: 1.3088 s/iter. ETA=0:10:28
[12/10 04:25:38 d2.evaluation.evaluator]: Inference done 1523/2000. Dataloading: 0.0019 s/iter. Inference: 0.1492 s/iter. Eval: 1.1584 s/iter. Total: 1.3096 s/iter. ETA=0:10:24
[12/10 04:25:43 d2.evaluation.evaluator]: Inference done 1527/2000. Dataloading: 0.0019 s/iter. Inference: 0.1492 s/iter. Eval: 1.1588 s/iter. Total: 1.3100 s/iter. ETA=0:10:19
[12/10 04:25:50 d2.evaluation.evaluator]: Inference done 1532/2000. Dataloading: 0.0019 s/iter. Inference: 0.1492 s/iter. Eval: 1.1585 s/iter. Total: 1.3097 s/iter. ETA=0:10:12
[12/10 04:25:56 d2.evaluation.evaluator]: Inference done 1539/2000. Dataloading: 0.0019 s/iter. Inference: 0.1492 s/iter. Eval: 1.1567 s/iter. Total: 1.3079 s/iter. ETA=0:10:02
[12/10 04:26:01 d2.evaluation.evaluator]: Inference done 1544/2000. Dataloading: 0.0019 s/iter. Inference: 0.1492 s/iter. Eval: 1.1559 s/iter. Total: 1.3072 s/iter. ETA=0:09:56
[12/10 04:26:07 d2.evaluation.evaluator]: Inference done 1548/2000. Dataloading: 0.0019 s/iter. Inference: 0.1492 s/iter. Eval: 1.1561 s/iter. Total: 1.3073 s/iter. ETA=0:09:50
[12/10 04:26:13 d2.evaluation.evaluator]: Inference done 1551/2000. Dataloading: 0.0019 s/iter. Inference: 0.1492 s/iter. Eval: 1.1577 s/iter. Total: 1.3089 s/iter. ETA=0:09:47
[12/10 04:26:18 d2.evaluation.evaluator]: Inference done 1555/2000. Dataloading: 0.0019 s/iter. Inference: 0.1492 s/iter. Eval: 1.1577 s/iter. Total: 1.3089 s/iter. ETA=0:09:42
[12/10 04:26:25 d2.evaluation.evaluator]: Inference done 1558/2000. Dataloading: 0.0019 s/iter. Inference: 0.1492 s/iter. Eval: 1.1591 s/iter. Total: 1.3103 s/iter. ETA=0:09:39
[12/10 04:26:30 d2.evaluation.evaluator]: Inference done 1562/2000. Dataloading: 0.0019 s/iter. Inference: 0.1492 s/iter. Eval: 1.1591 s/iter. Total: 1.3103 s/iter. ETA=0:09:33
[12/10 04:26:35 d2.evaluation.evaluator]: Inference done 1567/2000. Dataloading: 0.0019 s/iter. Inference: 0.1492 s/iter. Eval: 1.1583 s/iter. Total: 1.3095 s/iter. ETA=0:09:27
[12/10 04:26:42 d2.evaluation.evaluator]: Inference done 1572/2000. Dataloading: 0.0019 s/iter. Inference: 0.1492 s/iter. Eval: 1.1583 s/iter. Total: 1.3096 s/iter. ETA=0:09:20
[12/10 04:26:47 d2.evaluation.evaluator]: Inference done 1576/2000. Dataloading: 0.0019 s/iter. Inference: 0.1492 s/iter. Eval: 1.1582 s/iter. Total: 1.3095 s/iter. ETA=0:09:15
[12/10 04:26:53 d2.evaluation.evaluator]: Inference done 1582/2000. Dataloading: 0.0019 s/iter. Inference: 0.1492 s/iter. Eval: 1.1573 s/iter. Total: 1.3085 s/iter. ETA=0:09:06
[12/10 04:26:59 d2.evaluation.evaluator]: Inference done 1585/2000. Dataloading: 0.0019 s/iter. Inference: 0.1492 s/iter. Eval: 1.1582 s/iter. Total: 1.3095 s/iter. ETA=0:09:03
[12/10 04:27:04 d2.evaluation.evaluator]: Inference done 1590/2000. Dataloading: 0.0019 s/iter. Inference: 0.1492 s/iter. Eval: 1.1577 s/iter. Total: 1.3089 s/iter. ETA=0:08:56
[12/10 04:27:10 d2.evaluation.evaluator]: Inference done 1594/2000. Dataloading: 0.0019 s/iter. Inference: 0.1492 s/iter. Eval: 1.1579 s/iter. Total: 1.3091 s/iter. ETA=0:08:51
[12/10 04:27:17 d2.evaluation.evaluator]: Inference done 1598/2000. Dataloading: 0.0019 s/iter. Inference: 0.1492 s/iter. Eval: 1.1593 s/iter. Total: 1.3105 s/iter. ETA=0:08:46
[12/10 04:27:24 d2.evaluation.evaluator]: Inference done 1602/2000. Dataloading: 0.0019 s/iter. Inference: 0.1492 s/iter. Eval: 1.1604 s/iter. Total: 1.3116 s/iter. ETA=0:08:42
[12/10 04:27:29 d2.evaluation.evaluator]: Inference done 1607/2000. Dataloading: 0.0019 s/iter. Inference: 0.1492 s/iter. Eval: 1.1595 s/iter. Total: 1.3107 s/iter. ETA=0:08:35
[12/10 04:27:36 d2.evaluation.evaluator]: Inference done 1612/2000. Dataloading: 0.0019 s/iter. Inference: 0.1492 s/iter. Eval: 1.1595 s/iter. Total: 1.3108 s/iter. ETA=0:08:28
[12/10 04:27:42 d2.evaluation.evaluator]: Inference done 1617/2000. Dataloading: 0.0019 s/iter. Inference: 0.1492 s/iter. Eval: 1.1593 s/iter. Total: 1.3105 s/iter. ETA=0:08:21
[12/10 04:27:49 d2.evaluation.evaluator]: Inference done 1622/2000. Dataloading: 0.0019 s/iter. Inference: 0.1492 s/iter. Eval: 1.1592 s/iter. Total: 1.3104 s/iter. ETA=0:08:15
[12/10 04:27:54 d2.evaluation.evaluator]: Inference done 1626/2000. Dataloading: 0.0019 s/iter. Inference: 0.1492 s/iter. Eval: 1.1595 s/iter. Total: 1.3107 s/iter. ETA=0:08:10
[12/10 04:28:00 d2.evaluation.evaluator]: Inference done 1629/2000. Dataloading: 0.0019 s/iter. Inference: 0.1492 s/iter. Eval: 1.1605 s/iter. Total: 1.3117 s/iter. ETA=0:08:06
[12/10 04:28:06 d2.evaluation.evaluator]: Inference done 1632/2000. Dataloading: 0.0019 s/iter. Inference: 0.1492 s/iter. Eval: 1.1618 s/iter. Total: 1.3131 s/iter. ETA=0:08:03
[12/10 04:28:12 d2.evaluation.evaluator]: Inference done 1637/2000. Dataloading: 0.0019 s/iter. Inference: 0.1492 s/iter. Eval: 1.1615 s/iter. Total: 1.3128 s/iter. ETA=0:07:56
[12/10 04:28:18 d2.evaluation.evaluator]: Inference done 1640/2000. Dataloading: 0.0019 s/iter. Inference: 0.1492 s/iter. Eval: 1.1627 s/iter. Total: 1.3139 s/iter. ETA=0:07:53
[12/10 04:28:23 d2.evaluation.evaluator]: Inference done 1644/2000. Dataloading: 0.0019 s/iter. Inference: 0.1492 s/iter. Eval: 1.1628 s/iter. Total: 1.3140 s/iter. ETA=0:07:47
[12/10 04:28:31 d2.evaluation.evaluator]: Inference done 1648/2000. Dataloading: 0.0019 s/iter. Inference: 0.1491 s/iter. Eval: 1.1642 s/iter. Total: 1.3154 s/iter. ETA=0:07:43
[12/10 04:28:37 d2.evaluation.evaluator]: Inference done 1653/2000. Dataloading: 0.0019 s/iter. Inference: 0.1491 s/iter. Eval: 1.1638 s/iter. Total: 1.3150 s/iter. ETA=0:07:36
[12/10 04:28:42 d2.evaluation.evaluator]: Inference done 1658/2000. Dataloading: 0.0019 s/iter. Inference: 0.1491 s/iter. Eval: 1.1631 s/iter. Total: 1.3143 s/iter. ETA=0:07:29
[12/10 04:28:48 d2.evaluation.evaluator]: Inference done 1662/2000. Dataloading: 0.0019 s/iter. Inference: 0.1491 s/iter. Eval: 1.1634 s/iter. Total: 1.3146 s/iter. ETA=0:07:24
[12/10 04:28:54 d2.evaluation.evaluator]: Inference done 1668/2000. Dataloading: 0.0019 s/iter. Inference: 0.1491 s/iter. Eval: 1.1626 s/iter. Total: 1.3138 s/iter. ETA=0:07:16
[12/10 04:29:00 d2.evaluation.evaluator]: Inference done 1672/2000. Dataloading: 0.0019 s/iter. Inference: 0.1491 s/iter. Eval: 1.1626 s/iter. Total: 1.3138 s/iter. ETA=0:07:10
[12/10 04:29:06 d2.evaluation.evaluator]: Inference done 1677/2000. Dataloading: 0.0019 s/iter. Inference: 0.1491 s/iter. Eval: 1.1622 s/iter. Total: 1.3134 s/iter. ETA=0:07:04
[12/10 04:29:11 d2.evaluation.evaluator]: Inference done 1681/2000. Dataloading: 0.0019 s/iter. Inference: 0.1491 s/iter. Eval: 1.1624 s/iter. Total: 1.3136 s/iter. ETA=0:06:59
[12/10 04:29:16 d2.evaluation.evaluator]: Inference done 1684/2000. Dataloading: 0.0019 s/iter. Inference: 0.1491 s/iter. Eval: 1.1630 s/iter. Total: 1.3142 s/iter. ETA=0:06:55
[12/10 04:29:22 d2.evaluation.evaluator]: Inference done 1688/2000. Dataloading: 0.0019 s/iter. Inference: 0.1491 s/iter. Eval: 1.1631 s/iter. Total: 1.3143 s/iter. ETA=0:06:50
[12/10 04:29:27 d2.evaluation.evaluator]: Inference done 1691/2000. Dataloading: 0.0019 s/iter. Inference: 0.1491 s/iter. Eval: 1.1641 s/iter. Total: 1.3153 s/iter. ETA=0:06:46
[12/10 04:29:33 d2.evaluation.evaluator]: Inference done 1694/2000. Dataloading: 0.0019 s/iter. Inference: 0.1491 s/iter. Eval: 1.1649 s/iter. Total: 1.3161 s/iter. ETA=0:06:42
[12/10 04:29:39 d2.evaluation.evaluator]: Inference done 1698/2000. Dataloading: 0.0019 s/iter. Inference: 0.1491 s/iter. Eval: 1.1656 s/iter. Total: 1.3168 s/iter. ETA=0:06:37
[12/10 04:29:45 d2.evaluation.evaluator]: Inference done 1702/2000. Dataloading: 0.0019 s/iter. Inference: 0.1491 s/iter. Eval: 1.1658 s/iter. Total: 1.3170 s/iter. ETA=0:06:32
[12/10 04:29:50 d2.evaluation.evaluator]: Inference done 1706/2000. Dataloading: 0.0019 s/iter. Inference: 0.1491 s/iter. Eval: 1.1661 s/iter. Total: 1.3173 s/iter. ETA=0:06:27
[12/10 04:29:57 d2.evaluation.evaluator]: Inference done 1710/2000. Dataloading: 0.0019 s/iter. Inference: 0.1493 s/iter. Eval: 1.1670 s/iter. Total: 1.3183 s/iter. ETA=0:06:22
[12/10 04:30:03 d2.evaluation.evaluator]: Inference done 1714/2000. Dataloading: 0.0019 s/iter. Inference: 0.1493 s/iter. Eval: 1.1671 s/iter. Total: 1.3185 s/iter. ETA=0:06:17
[12/10 04:30:08 d2.evaluation.evaluator]: Inference done 1719/2000. Dataloading: 0.0019 s/iter. Inference: 0.1493 s/iter. Eval: 1.1664 s/iter. Total: 1.3177 s/iter. ETA=0:06:10
[12/10 04:30:15 d2.evaluation.evaluator]: Inference done 1724/2000. Dataloading: 0.0019 s/iter. Inference: 0.1493 s/iter. Eval: 1.1665 s/iter. Total: 1.3178 s/iter. ETA=0:06:03
[12/10 04:30:21 d2.evaluation.evaluator]: Inference done 1729/2000. Dataloading: 0.0019 s/iter. Inference: 0.1493 s/iter. Eval: 1.1659 s/iter. Total: 1.3172 s/iter. ETA=0:05:56
[12/10 04:30:27 d2.evaluation.evaluator]: Inference done 1733/2000. Dataloading: 0.0019 s/iter. Inference: 0.1493 s/iter. Eval: 1.1665 s/iter. Total: 1.3178 s/iter. ETA=0:05:51
[12/10 04:30:33 d2.evaluation.evaluator]: Inference done 1737/2000. Dataloading: 0.0019 s/iter. Inference: 0.1493 s/iter. Eval: 1.1668 s/iter. Total: 1.3181 s/iter. ETA=0:05:46
[12/10 04:30:39 d2.evaluation.evaluator]: Inference done 1741/2000. Dataloading: 0.0019 s/iter. Inference: 0.1493 s/iter. Eval: 1.1674 s/iter. Total: 1.3187 s/iter. ETA=0:05:41
[12/10 04:30:45 d2.evaluation.evaluator]: Inference done 1747/2000. Dataloading: 0.0019 s/iter. Inference: 0.1492 s/iter. Eval: 1.1662 s/iter. Total: 1.3175 s/iter. ETA=0:05:33
[12/10 04:30:51 d2.evaluation.evaluator]: Inference done 1752/2000. Dataloading: 0.0019 s/iter. Inference: 0.1493 s/iter. Eval: 1.1660 s/iter. Total: 1.3173 s/iter. ETA=0:05:26
[12/10 04:30:57 d2.evaluation.evaluator]: Inference done 1756/2000. Dataloading: 0.0019 s/iter. Inference: 0.1493 s/iter. Eval: 1.1666 s/iter. Total: 1.3179 s/iter. ETA=0:05:21
[12/10 04:31:03 d2.evaluation.evaluator]: Inference done 1761/2000. Dataloading: 0.0019 s/iter. Inference: 0.1492 s/iter. Eval: 1.1663 s/iter. Total: 1.3176 s/iter. ETA=0:05:14
[12/10 04:31:10 d2.evaluation.evaluator]: Inference done 1766/2000. Dataloading: 0.0019 s/iter. Inference: 0.1492 s/iter. Eval: 1.1661 s/iter. Total: 1.3174 s/iter. ETA=0:05:08
[12/10 04:31:17 d2.evaluation.evaluator]: Inference done 1771/2000. Dataloading: 0.0019 s/iter. Inference: 0.1492 s/iter. Eval: 1.1664 s/iter. Total: 1.3177 s/iter. ETA=0:05:01
[12/10 04:31:22 d2.evaluation.evaluator]: Inference done 1774/2000. Dataloading: 0.0019 s/iter. Inference: 0.1492 s/iter. Eval: 1.1674 s/iter. Total: 1.3186 s/iter. ETA=0:04:58
[12/10 04:31:28 d2.evaluation.evaluator]: Inference done 1778/2000. Dataloading: 0.0019 s/iter. Inference: 0.1492 s/iter. Eval: 1.1678 s/iter. Total: 1.3191 s/iter. ETA=0:04:52
[12/10 04:31:34 d2.evaluation.evaluator]: Inference done 1782/2000. Dataloading: 0.0019 s/iter. Inference: 0.1492 s/iter. Eval: 1.1681 s/iter. Total: 1.3194 s/iter. ETA=0:04:47
[12/10 04:31:40 d2.evaluation.evaluator]: Inference done 1786/2000. Dataloading: 0.0019 s/iter. Inference: 0.1492 s/iter. Eval: 1.1682 s/iter. Total: 1.3195 s/iter. ETA=0:04:42
[12/10 04:31:46 d2.evaluation.evaluator]: Inference done 1793/2000. Dataloading: 0.0019 s/iter. Inference: 0.1492 s/iter. Eval: 1.1668 s/iter. Total: 1.3181 s/iter. ETA=0:04:32
[12/10 04:31:52 d2.evaluation.evaluator]: Inference done 1799/2000. Dataloading: 0.0019 s/iter. Inference: 0.1492 s/iter. Eval: 1.1657 s/iter. Total: 1.3169 s/iter. ETA=0:04:24
[12/10 04:31:58 d2.evaluation.evaluator]: Inference done 1804/2000. Dataloading: 0.0019 s/iter. Inference: 0.1492 s/iter. Eval: 1.1652 s/iter. Total: 1.3165 s/iter. ETA=0:04:18
[12/10 04:32:03 d2.evaluation.evaluator]: Inference done 1807/2000. Dataloading: 0.0019 s/iter. Inference: 0.1492 s/iter. Eval: 1.1661 s/iter. Total: 1.3173 s/iter. ETA=0:04:14
[12/10 04:32:09 d2.evaluation.evaluator]: Inference done 1813/2000. Dataloading: 0.0019 s/iter. Inference: 0.1492 s/iter. Eval: 1.1650 s/iter. Total: 1.3162 s/iter. ETA=0:04:06
[12/10 04:32:15 d2.evaluation.evaluator]: Inference done 1818/2000. Dataloading: 0.0019 s/iter. Inference: 0.1492 s/iter. Eval: 1.1644 s/iter. Total: 1.3157 s/iter. ETA=0:03:59
[12/10 04:32:20 d2.evaluation.evaluator]: Inference done 1821/2000. Dataloading: 0.0019 s/iter. Inference: 0.1492 s/iter. Eval: 1.1650 s/iter. Total: 1.3163 s/iter. ETA=0:03:55
[12/10 04:32:26 d2.evaluation.evaluator]: Inference done 1825/2000. Dataloading: 0.0019 s/iter. Inference: 0.1492 s/iter. Eval: 1.1656 s/iter. Total: 1.3168 s/iter. ETA=0:03:50
[12/10 04:32:32 d2.evaluation.evaluator]: Inference done 1829/2000. Dataloading: 0.0019 s/iter. Inference: 0.1492 s/iter. Eval: 1.1656 s/iter. Total: 1.3168 s/iter. ETA=0:03:45
[12/10 04:32:37 d2.evaluation.evaluator]: Inference done 1833/2000. Dataloading: 0.0019 s/iter. Inference: 0.1492 s/iter. Eval: 1.1657 s/iter. Total: 1.3170 s/iter. ETA=0:03:39
[12/10 04:32:42 d2.evaluation.evaluator]: Inference done 1836/2000. Dataloading: 0.0019 s/iter. Inference: 0.1492 s/iter. Eval: 1.1664 s/iter. Total: 1.3176 s/iter. ETA=0:03:36
[12/10 04:32:48 d2.evaluation.evaluator]: Inference done 1842/2000. Dataloading: 0.0019 s/iter. Inference: 0.1492 s/iter. Eval: 1.1653 s/iter. Total: 1.3165 s/iter. ETA=0:03:28
[12/10 04:32:54 d2.evaluation.evaluator]: Inference done 1848/2000. Dataloading: 0.0019 s/iter. Inference: 0.1492 s/iter. Eval: 1.1640 s/iter. Total: 1.3152 s/iter. ETA=0:03:19
[12/10 04:32:59 d2.evaluation.evaluator]: Inference done 1852/2000. Dataloading: 0.0019 s/iter. Inference: 0.1491 s/iter. Eval: 1.1642 s/iter. Total: 1.3154 s/iter. ETA=0:03:14
[12/10 04:33:05 d2.evaluation.evaluator]: Inference done 1856/2000. Dataloading: 0.0019 s/iter. Inference: 0.1491 s/iter. Eval: 1.1646 s/iter. Total: 1.3157 s/iter. ETA=0:03:09
[12/10 04:33:10 d2.evaluation.evaluator]: Inference done 1861/2000. Dataloading: 0.0019 s/iter. Inference: 0.1491 s/iter. Eval: 1.1639 s/iter. Total: 1.3151 s/iter. ETA=0:03:02
[12/10 04:33:16 d2.evaluation.evaluator]: Inference done 1866/2000. Dataloading: 0.0019 s/iter. Inference: 0.1492 s/iter. Eval: 1.1632 s/iter. Total: 1.3144 s/iter. ETA=0:02:56
[12/10 04:33:21 d2.evaluation.evaluator]: Inference done 1871/2000. Dataloading: 0.0019 s/iter. Inference: 0.1492 s/iter. Eval: 1.1625 s/iter. Total: 1.3137 s/iter. ETA=0:02:49
[12/10 04:33:27 d2.evaluation.evaluator]: Inference done 1877/2000. Dataloading: 0.0019 s/iter. Inference: 0.1491 s/iter. Eval: 1.1616 s/iter. Total: 1.3127 s/iter. ETA=0:02:41
[12/10 04:33:32 d2.evaluation.evaluator]: Inference done 1881/2000. Dataloading: 0.0019 s/iter. Inference: 0.1491 s/iter. Eval: 1.1615 s/iter. Total: 1.3127 s/iter. ETA=0:02:36
[12/10 04:33:37 d2.evaluation.evaluator]: Inference done 1884/2000. Dataloading: 0.0019 s/iter. Inference: 0.1491 s/iter. Eval: 1.1621 s/iter. Total: 1.3133 s/iter. ETA=0:02:32
[12/10 04:33:43 d2.evaluation.evaluator]: Inference done 1890/2000. Dataloading: 0.0019 s/iter. Inference: 0.1491 s/iter. Eval: 1.1610 s/iter. Total: 1.3122 s/iter. ETA=0:02:24
[12/10 04:33:49 d2.evaluation.evaluator]: Inference done 1894/2000. Dataloading: 0.0019 s/iter. Inference: 0.1491 s/iter. Eval: 1.1611 s/iter. Total: 1.3123 s/iter. ETA=0:02:19
[12/10 04:33:55 d2.evaluation.evaluator]: Inference done 1900/2000. Dataloading: 0.0019 s/iter. Inference: 0.1491 s/iter. Eval: 1.1601 s/iter. Total: 1.3113 s/iter. ETA=0:02:11
[12/10 04:34:01 d2.evaluation.evaluator]: Inference done 1905/2000. Dataloading: 0.0019 s/iter. Inference: 0.1491 s/iter. Eval: 1.1602 s/iter. Total: 1.3114 s/iter. ETA=0:02:04
[12/10 04:34:06 d2.evaluation.evaluator]: Inference done 1911/2000. Dataloading: 0.0019 s/iter. Inference: 0.1491 s/iter. Eval: 1.1588 s/iter. Total: 1.3100 s/iter. ETA=0:01:56
[12/10 04:34:12 d2.evaluation.evaluator]: Inference done 1917/2000. Dataloading: 0.0019 s/iter. Inference: 0.1491 s/iter. Eval: 1.1576 s/iter. Total: 1.3088 s/iter. ETA=0:01:48
[12/10 04:34:18 d2.evaluation.evaluator]: Inference done 1921/2000. Dataloading: 0.0019 s/iter. Inference: 0.1491 s/iter. Eval: 1.1578 s/iter. Total: 1.3090 s/iter. ETA=0:01:43
[12/10 04:34:23 d2.evaluation.evaluator]: Inference done 1928/2000. Dataloading: 0.0019 s/iter. Inference: 0.1491 s/iter. Eval: 1.1560 s/iter. Total: 1.3072 s/iter. ETA=0:01:34
[12/10 04:34:29 d2.evaluation.evaluator]: Inference done 1933/2000. Dataloading: 0.0019 s/iter. Inference: 0.1491 s/iter. Eval: 1.1557 s/iter. Total: 1.3069 s/iter. ETA=0:01:27
[12/10 04:34:35 d2.evaluation.evaluator]: Inference done 1937/2000. Dataloading: 0.0019 s/iter. Inference: 0.1491 s/iter. Eval: 1.1558 s/iter. Total: 1.3069 s/iter. ETA=0:01:22
[12/10 04:34:40 d2.evaluation.evaluator]: Inference done 1942/2000. Dataloading: 0.0019 s/iter. Inference: 0.1491 s/iter. Eval: 1.1551 s/iter. Total: 1.3062 s/iter. ETA=0:01:15
[12/10 04:34:46 d2.evaluation.evaluator]: Inference done 1946/2000. Dataloading: 0.0019 s/iter. Inference: 0.1491 s/iter. Eval: 1.1556 s/iter. Total: 1.3067 s/iter. ETA=0:01:10
[12/10 04:34:51 d2.evaluation.evaluator]: Inference done 1949/2000. Dataloading: 0.0019 s/iter. Inference: 0.1491 s/iter. Eval: 1.1563 s/iter. Total: 1.3075 s/iter. ETA=0:01:06
[12/10 04:34:56 d2.evaluation.evaluator]: Inference done 1953/2000. Dataloading: 0.0019 s/iter. Inference: 0.1491 s/iter. Eval: 1.1562 s/iter. Total: 1.3074 s/iter. ETA=0:01:01
[12/10 04:35:02 d2.evaluation.evaluator]: Inference done 1958/2000. Dataloading: 0.0019 s/iter. Inference: 0.1491 s/iter. Eval: 1.1559 s/iter. Total: 1.3071 s/iter. ETA=0:00:54
[12/10 04:35:08 d2.evaluation.evaluator]: Inference done 1964/2000. Dataloading: 0.0019 s/iter. Inference: 0.1491 s/iter. Eval: 1.1547 s/iter. Total: 1.3059 s/iter. ETA=0:00:47
[12/10 04:35:14 d2.evaluation.evaluator]: Inference done 1968/2000. Dataloading: 0.0019 s/iter. Inference: 0.1491 s/iter. Eval: 1.1554 s/iter. Total: 1.3066 s/iter. ETA=0:00:41
[12/10 04:35:20 d2.evaluation.evaluator]: Inference done 1975/2000. Dataloading: 0.0019 s/iter. Inference: 0.1491 s/iter. Eval: 1.1534 s/iter. Total: 1.3046 s/iter. ETA=0:00:32
[12/10 04:35:25 d2.evaluation.evaluator]: Inference done 1979/2000. Dataloading: 0.0019 s/iter. Inference: 0.1491 s/iter. Eval: 1.1534 s/iter. Total: 1.3045 s/iter. ETA=0:00:27
[12/10 04:35:31 d2.evaluation.evaluator]: Inference done 1984/2000. Dataloading: 0.0019 s/iter. Inference: 0.1491 s/iter. Eval: 1.1532 s/iter. Total: 1.3044 s/iter. ETA=0:00:20
[12/10 04:35:36 d2.evaluation.evaluator]: Inference done 1988/2000. Dataloading: 0.0019 s/iter. Inference: 0.1491 s/iter. Eval: 1.1532 s/iter. Total: 1.3043 s/iter. ETA=0:00:15
[12/10 04:35:42 d2.evaluation.evaluator]: Inference done 1992/2000. Dataloading: 0.0019 s/iter. Inference: 0.1491 s/iter. Eval: 1.1533 s/iter. Total: 1.3044 s/iter. ETA=0:00:10
[12/10 04:35:47 d2.evaluation.evaluator]: Inference done 1995/2000. Dataloading: 0.0019 s/iter. Inference: 0.1491 s/iter. Eval: 1.1540 s/iter. Total: 1.3051 s/iter. ETA=0:00:06
[12/10 04:35:53 d2.evaluation.evaluator]: Inference done 2000/2000. Dataloading: 0.0019 s/iter. Inference: 0.1491 s/iter. Eval: 1.1538 s/iter. Total: 1.3049 s/iter. ETA=0:00:00
[12/10 04:35:53 d2.evaluation.evaluator]: Total inference time: 0:43:23.346879 (1.304936 s / iter per device, on 1 devices)
[12/10 04:35:53 d2.evaluation.evaluator]: Total inference pure compute time: 0:04:57 (0.149083 s / iter per device, on 1 devices)
[12/10 04:35:55 d2.evaluation.sem_seg_evaluation]: OrderedDict([('sem_seg', {'mIoU': 53.361265513323715, 'fwIoU': 84.2912592457389, 'IoU-road': 91.08744182864693, 'IoU-sidewalk': 61.64481156223788, 'IoU-building': 86.12273210516435, 'IoU-wall': 54.941033123752426, 'IoU-fence': 36.19740310643768, 'IoU-pole': 37.941638891652936, 'IoU-traffic light': 47.10556919135457, 'IoU-traffic sign': 57.14146688010653, 'IoU-vegetation': 79.55009909409121, 'IoU-terrain': 21.75897488102967, 'IoU-sky': 94.02115804591293, 'IoU-person': 71.15550275871591, 'IoU-rider': 12.64380653765958, 'IoU-car': 83.0646328529311, 'IoU-truck': 47.69382911678106, 'IoU-bus': 64.6718578651671, 'IoU-train': 11.61737328579018, 'IoU-motorcycle': 49.14815662433206, 'IoU-bicycle': 6.356557001386365, 'mACC': 70.50161724514969, 'pACC': 90.66274298231195, 'ACC-road': 94.48077490151269, 'ACC-sidewalk': 78.23381412146381, 'ACC-building': 94.02052877054837, 'ACC-wall': 76.02352889927315, 'ACC-fence': 50.9513476937148, 'ACC-pole': 41.87349663578423, 'ACC-traffic light': 64.70515598622158, 'ACC-traffic sign': 78.27597242588078, 'ACC-vegetation': 83.84613091704439, 'ACC-terrain': 25.028314499215487, 'ACC-sky': 99.6204962452908, 'ACC-person': 84.33975067185531, 'ACC-rider': 14.631213288989375, 'ACC-car': 89.24291908930677, 'ACC-truck': 93.51634312890155, 'ACC-bus': 92.41782200316827, 'ACC-train': 15.085672902289573, 'ACC-motorcycle': 86.14456580320103, 'ACC-bicycle': 77.09287967418184})])
[12/10 04:35:55 d2.engine.defaults]: Evaluation results for mapillary_val_seg in csv format:
[12/10 04:35:55 d2.evaluation.testing]: copypaste: Task: sem_seg
[12/10 04:35:55 d2.evaluation.testing]: copypaste: mIoU,fwIoU,mACC,pACC
[12/10 04:35:55 d2.evaluation.testing]: copypaste: 53.3613,84.2913,70.5016,90.6627
[12/10 03:39:30] d2.evaluation.testing INFO: copypaste: Task: sem_seg
[12/10 03:39:30] d2.evaluation.testing INFO: copypaste: mIoU,fwIoU,mACC,pACC
[12/10 03:39:30] d2.evaluation.testing INFO: copypaste: 51.7331,84.4991,66.6797,90.9245
[12/10 03:48:13] d2.evaluation.testing INFO: copypaste: Task: sem_seg
[12/10 03:48:13] d2.evaluation.testing INFO: copypaste: mIoU,fwIoU,mACC,pACC
[12/10 03:48:13] d2.evaluation.testing INFO: copypaste: 45.2245,78.4030,64.8744,86.6814
[12/10 03:52:05] d2.evaluation.testing INFO: copypaste: Task: sem_seg
[12/10 03:52:05] d2.evaluation.testing INFO: copypaste: mIoU,fwIoU,mACC,pACC
[12/10 03:52:05] d2.evaluation.testing INFO: copypaste: 50.9057,83.4922,65.9696,90.3699
[12/10 04:35:55] d2.evaluation.testing INFO: copypaste: Task: sem_seg
[12/10 04:35:55] d2.evaluation.testing INFO: copypaste: mIoU,fwIoU,mACC,pACC
[12/10 04:35:55] d2.evaluation.testing INFO: copypaste: 53.3613,84.2913,70.5016,90.6627
/data/zd/TTA_VLM/S2_Corr/train_net.py:16: FutureWarning: In the future `np.bool` will be defined as the corresponding NumPy scalar.
  if not hasattr(np, _name):
/data/zd/TTA_VLM/S2_Corr/train_net.py:16: FutureWarning: In the future `np.object` will be defined as the corresponding NumPy scalar.
  if not hasattr(np, _name):
/data/zd/TTA_VLM/S2_Corr/train_net.py:18: FutureWarning: In the future `np.long` will be defined as the corresponding NumPy scalar.
  if not hasattr(np, "long"):
/data2/anaconda3/envs/DeCLIP_CATSeg/lib/python3.10/site-packages/torchvision/datapoints/__init__.py:12: UserWarning: The torchvision.datapoints and torchvision.transforms.v2 namespaces are still Beta. While we do not expect major breaking changes, some APIs may still change according to user feedback. Please submit any feedback you may have in this issue: https://github.com/pytorch/vision/issues/6753, and you can also check out https://github.com/pytorch/vision/issues/7319 to learn more about the APIs that we suspect might involve future changes. You can silence this warning by calling torchvision.disable_beta_transforms_warning().
  warnings.warn(_BETA_TRANSFORMS_WARNING)
/data2/anaconda3/envs/DeCLIP_CATSeg/lib/python3.10/site-packages/torchvision/transforms/v2/__init__.py:54: UserWarning: The torchvision.datapoints and torchvision.transforms.v2 namespaces are still Beta. While we do not expect major breaking changes, some APIs may still change according to user feedback. Please submit any feedback you may have in this issue: https://github.com/pytorch/vision/issues/6753, and you can also check out https://github.com/pytorch/vision/issues/7319 to learn more about the APIs that we suspect might involve future changes. You can silence this warning by calling torchvision.disable_beta_transforms_warning().
  warnings.warn(_BETA_TRANSFORMS_WARNING)
Please 'pip install apex'
Command Line Args: Namespace(config_file='configs/gta5_seen7_catseg_vitl.yaml', resume=False, eval_only=True, num_gpus=1, num_machines=1, machine_rank=0, dist_url='auto', opts=['OUTPUT_DIR', 'outputs/gta_seen7_eva_L14_r448//eval', 'MODEL.SEM_SEG_HEAD.TEST_CLASS_JSON', 'datasets/mapi_30.json', 'MODEL.SEM_SEG_HEAD.ENABLE_HIGH_RES', 'False', 'DATASETS.TEST', '("mapillary_train_val_seg_30",)', 'TEST.SLIDING_WINDOW', 'True', 'MODEL.SEM_SEG_HEAD.POOLING_SIZES', '[1,1]', 'MODEL.WEIGHTS', 'outputs/gta_seen7_eva_L14_r448//model_0019999.pth'])
[12/10 04:35:59 detectron2]: Rank of current process: 0. World size: 1
[12/10 04:36:00 detectron2]: Environment info:
----------------------  ------------------------------------------------------------------------------------------
sys.platform            linux
Python                  3.10.0 (default, Mar  3 2022, 09:58:08) [GCC 7.5.0]
numpy                   1.26.4
detectron2              0.6 @/data2/anaconda3/envs/DeCLIP_CATSeg/lib/python3.10/site-packages/detectron2
Compiler                GCC 7.5
CUDA compiler           CUDA 11.6
detectron2 arch flags   8.0
DETECTRON2_ENV_MODULE   <not set>
PyTorch                 2.0.0+cu117 @/data2/anaconda3/envs/DeCLIP_CATSeg/lib/python3.10/site-packages/torch
PyTorch debug build     False
GPU available           Yes
GPU 0                   GeForce RTX 3090 (arch=8.6)
Driver version          460.84
CUDA_HOME               /usr/local/cuda-11.6
TORCH_CUDA_ARCH_LIST    8.0
Pillow                  9.1.0
torchvision             0.15.1+cu117 @/data2/anaconda3/envs/DeCLIP_CATSeg/lib/python3.10/site-packages/torchvision
torchvision arch flags  3.5, 5.0, 6.0, 7.0, 7.5, 8.0, 8.6
fvcore                  0.1.5.post20221221
iopath                  0.1.9
cv2                     4.11.0
----------------------  ------------------------------------------------------------------------------------------
PyTorch built with:
  - GCC 9.3
  - C++ Version: 201703
  - Intel(R) oneAPI Math Kernel Library Version 2022.2-Product Build 20220804 for Intel(R) 64 architecture applications
  - Intel(R) MKL-DNN v2.7.3 (Git Hash 6dbeffbae1f23cbbeae17adb7b5b13f1f37c080e)
  - OpenMP 201511 (a.k.a. OpenMP 4.5)
  - LAPACK is enabled (usually provided by MKL)
  - NNPACK is enabled
  - CPU capability usage: AVX2
  - CUDA Runtime 11.7
  - NVCC architecture flags: -gencode;arch=compute_37,code=sm_37;-gencode;arch=compute_50,code=sm_50;-gencode;arch=compute_60,code=sm_60;-gencode;arch=compute_70,code=sm_70;-gencode;arch=compute_75,code=sm_75;-gencode;arch=compute_80,code=sm_80;-gencode;arch=compute_86,code=sm_86
  - CuDNN 8.5
  - Magma 2.6.1
  - Build settings: BLAS_INFO=mkl, BUILD_TYPE=Release, CUDA_VERSION=11.7, CUDNN_VERSION=8.5.0, CXX_COMPILER=/opt/rh/devtoolset-9/root/usr/bin/c++, CXX_FLAGS= -D_GLIBCXX_USE_CXX11_ABI=0 -fabi-version=11 -Wno-deprecated -fvisibility-inlines-hidden -DUSE_PTHREADPOOL -DNDEBUG -DUSE_KINETO -DLIBKINETO_NOROCTRACER -DUSE_FBGEMM -DUSE_QNNPACK -DUSE_PYTORCH_QNNPACK -DUSE_XNNPACK -DSYMBOLICATE_MOBILE_DEBUG_HANDLE -O2 -fPIC -Wall -Wextra -Werror=return-type -Werror=non-virtual-dtor -Werror=bool-operation -Wnarrowing -Wno-missing-field-initializers -Wno-type-limits -Wno-array-bounds -Wno-unknown-pragmas -Wunused-local-typedefs -Wno-unused-parameter -Wno-unused-function -Wno-unused-result -Wno-strict-overflow -Wno-strict-aliasing -Wno-error=deprecated-declarations -Wno-stringop-overflow -Wno-psabi -Wno-error=pedantic -Wno-error=redundant-decls -Wno-error=old-style-cast -fdiagnostics-color=always -faligned-new -Wno-unused-but-set-variable -Wno-maybe-uninitialized -fno-math-errno -fno-trapping-math -Werror=format -Werror=cast-function-type -Wno-stringop-overflow, LAPACK_INFO=mkl, PERF_WITH_AVX=1, PERF_WITH_AVX2=1, PERF_WITH_AVX512=1, TORCH_DISABLE_GPU_ASSERTS=ON, TORCH_VERSION=2.0.0, USE_CUDA=ON, USE_CUDNN=ON, USE_EXCEPTION_PTR=1, USE_GFLAGS=OFF, USE_GLOG=OFF, USE_MKL=ON, USE_MKLDNN=ON, USE_MPI=OFF, USE_NCCL=1, USE_NNPACK=ON, USE_OPENMP=ON, USE_ROCM=OFF, 

[12/10 04:36:00 detectron2]: Command line arguments: Namespace(config_file='configs/gta5_seen7_catseg_vitl.yaml', resume=False, eval_only=True, num_gpus=1, num_machines=1, machine_rank=0, dist_url='auto', opts=['OUTPUT_DIR', 'outputs/gta_seen7_eva_L14_r448//eval', 'MODEL.SEM_SEG_HEAD.TEST_CLASS_JSON', 'datasets/mapi_30.json', 'MODEL.SEM_SEG_HEAD.ENABLE_HIGH_RES', 'False', 'DATASETS.TEST', '("mapillary_train_val_seg_30",)', 'TEST.SLIDING_WINDOW', 'True', 'MODEL.SEM_SEG_HEAD.POOLING_SIZES', '[1,1]', 'MODEL.WEIGHTS', 'outputs/gta_seen7_eva_L14_r448//model_0019999.pth'])
[12/10 04:36:00 detectron2]: Contents of args.config_file=configs/gta5_seen7_catseg_vitl.yaml:
_BASE_: config.yaml
DATASETS:
  TRAIN: ("gta5_seen7_train_seg",)
  TEST:  ("acdc_inpaint41_test",)
MODEL:
  META_ARCHITECTURE: "CATSeg"
  PIXEL_MEAN: [123.675, 116.280, 103.530]
  PIXEL_STD: [58.395, 57.120, 57.375]
  SEM_SEG_HEAD:
    NAME: "CATSegHead"
    IN_FEATURES: ["res2", "res3", "res4"]
    IGNORE_VALUE: 255
    NUM_CLASSES: 19
    TRAIN_CLASS_JSON: "datasets/cityscapes_seen_7.json"
    TEST_CLASS_JSON:  "datasets/inpaint41_vocab.json"
    CLIP_PRETRAINED: "EVA02-CLIP-L-14-336"
    PROMPT_DEPTH: 0
    PROMPT_LENGTH: 0
    TEXT_GUIDANCE_DIM: 768
    TEXT_GUIDANCE_PROJ_DIM: 128
    APPEARANCE_GUIDANCE_DIM: 768
    APPEARANCE_GUIDANCE_PROJ_DIM: 128
    DECODER_DIMS: [64, 32]
    DECODER_GUIDANCE_DIMS: [256, 128]
    DECODER_GUIDANCE_PROJ_DIMS: [32, 16]
    NUM_LAYERS: 1
    NUM_HEADS: 4
    HIDDEN_DIMS: 128
    POOLING_SIZES: [ 1, 1 ]
    FEATURE_RESOLUTION: [32, 32]
    WINDOW_SIZES: 16
    ATTENTION_TYPE: "linear"
    CLIP_FINETUNE: "attention"
    CACHE_DIR: "/data/zd/TTA_VLM/pretrain/EVA02_CLIP_L_336_psz14_s6B.pt"
  PROMPT_ENSEMBLE_TYPE: "multi_domain"
INPUT:
  MIN_SIZE_TRAIN: (448, 640)
  MIN_SIZE_TRAIN_SAMPLING: "choice"
  MAX_SIZE_TRAIN: 1344
  MIN_SIZE_TEST: 448
  MAX_SIZE_TEST: 1008
  CROP:
    ENABLED: True
    TYPE: "absolute"
    SIZE: (448, 448)
  SIZE_DIVISIBILITY: 14
  FORMAT: "RGB"
  DATASET_MAPPER_NAME: "mask_former_semantic"
SOLVER:
  IMS_PER_BATCH: 3
  LR_SCHEDULER_NAME: "WarmupCosineLR"
  BASE_LR: 0.0002
  MAX_ITER: 20000
  BACKBONE_MULTIPLIER: 0.0
  CLIP_MULTIPLIER: 0.01
TEST:
  EVAL_PERIOD: 10000
  SLIDING_WINDOW: True
  SW_KERNEL: 448
  SW_OVERLAP: 0.333
  SW_OUT_RES: [448, 896]
  
[12/10 04:36:00 detectron2]: Running with full config:
CUDNN_BENCHMARK: true
DATALOADER:
  ASPECT_RATIO_GROUPING: true
  FILTER_EMPTY_ANNOTATIONS: true
  NUM_WORKERS: 8
  REPEAT_THRESHOLD: 0.0
  SAMPLER_TRAIN: TrainingSampler
DATASETS:
  PRECOMPUTED_PROPOSAL_TOPK_TEST: 1000
  PRECOMPUTED_PROPOSAL_TOPK_TRAIN: 2000
  PROPOSAL_FILES_TEST: []
  PROPOSAL_FILES_TRAIN: []
  TEST:
  - mapillary_train_val_seg_30
  TRAIN:
  - gta5_seen7_train_seg
  VAL_ALL:
  - coco_2017_val_all_stuff_sem_seg
DDP:
  BROADCAST_BUFFERS: false
  FIND_UNUSED_PARAMETERS: true
GLOBAL:
  HACK: 1.0
INPUT:
  COLOR_AUG_SSD: true
  CROP:
    ENABLED: true
    SINGLE_CATEGORY_MAX_AREA: 1.0
    SIZE:
    - 448
    - 448
    TYPE: absolute
  DATASET_MAPPER_NAME: mask_former_semantic
  FORMAT: RGB
  MASK_FORMAT: polygon
  MAX_SIZE_TEST: 1008
  MAX_SIZE_TRAIN: 1344
  MIN_SIZE_TEST: 448
  MIN_SIZE_TRAIN:
  - 448
  - 640
  MIN_SIZE_TRAIN_SAMPLING: choice
  RANDOM_FLIP: horizontal
  SIZE_DIVISIBILITY: 14
MODEL:
  ANCHOR_GENERATOR:
    ANGLES:
    - - -90
      - 0
      - 90
    ASPECT_RATIOS:
    - - 0.5
      - 1.0
      - 2.0
    NAME: DefaultAnchorGenerator
    OFFSET: 0.0
    SIZES:
    - - 32
      - 64
      - 128
      - 256
      - 512
  BACKBONE:
    FREEZE_AT: 2
    NAME: build_resnet_backbone
  CLIP_PIXEL_MEAN:
  - 122.7709383
  - 116.7460125
  - 104.09373615
  CLIP_PIXEL_STD:
  - 68.5005327
  - 66.6321579
  - 70.323163
  DEVICE: cuda
  FPN:
    FUSE_TYPE: sum
    IN_FEATURES: []
    NORM: ''
    OUT_CHANNELS: 256
  KEYPOINT_ON: false
  LOAD_PROPOSALS: false
  MASK_FORMER:
    SIZE_DIVISIBILITY: 32
  MASK_ON: false
  META_ARCHITECTURE: CATSeg
  PANOPTIC_FPN:
    COMBINE:
      ENABLED: true
      INSTANCES_CONFIDENCE_THRESH: 0.5
      OVERLAP_THRESH: 0.5
      STUFF_AREA_LIMIT: 4096
    INSTANCE_LOSS_WEIGHT: 1.0
  PIXEL_MEAN:
  - 123.675
  - 116.28
  - 103.53
  PIXEL_STD:
  - 58.395
  - 57.12
  - 57.375
  PROMPT_ENSEMBLE: false
  PROMPT_ENSEMBLE_TYPE: multi_domain
  PROPOSAL_GENERATOR:
    MIN_SIZE: 0
    NAME: RPN
  RESNETS:
    DEFORM_MODULATED: false
    DEFORM_NUM_GROUPS: 1
    DEFORM_ON_PER_STAGE:
    - false
    - false
    - false
    - false
    DEPTH: 50
    NORM: FrozenBN
    NUM_GROUPS: 1
    OUT_FEATURES:
    - res4
    RES2_OUT_CHANNELS: 256
    RES4_DILATION: 1
    RES5_DILATION: 1
    RES5_MULTI_GRID:
    - 1
    - 2
    - 4
    STEM_OUT_CHANNELS: 64
    STEM_TYPE: deeplab
    STRIDE_IN_1X1: true
    WIDTH_PER_GROUP: 64
  RETINANET:
    BBOX_REG_LOSS_TYPE: smooth_l1
    BBOX_REG_WEIGHTS: &id002
    - 1.0
    - 1.0
    - 1.0
    - 1.0
    FOCAL_LOSS_ALPHA: 0.25
    FOCAL_LOSS_GAMMA: 2.0
    IN_FEATURES:
    - p3
    - p4
    - p5
    - p6
    - p7
    IOU_LABELS:
    - 0
    - -1
    - 1
    IOU_THRESHOLDS:
    - 0.4
    - 0.5
    NMS_THRESH_TEST: 0.5
    NORM: ''
    NUM_CLASSES: 80
    NUM_CONVS: 4
    PRIOR_PROB: 0.01
    SCORE_THRESH_TEST: 0.05
    SMOOTH_L1_LOSS_BETA: 0.1
    TOPK_CANDIDATES_TEST: 1000
  ROI_BOX_CASCADE_HEAD:
    BBOX_REG_WEIGHTS:
    - &id001
      - 10.0
      - 10.0
      - 5.0
      - 5.0
    - - 20.0
      - 20.0
      - 10.0
      - 10.0
    - - 30.0
      - 30.0
      - 15.0
      - 15.0
    IOUS:
    - 0.5
    - 0.6
    - 0.7
  ROI_BOX_HEAD:
    BBOX_REG_LOSS_TYPE: smooth_l1
    BBOX_REG_LOSS_WEIGHT: 1.0
    BBOX_REG_WEIGHTS: *id001
    CLS_AGNOSTIC_BBOX_REG: false
    CONV_DIM: 256
    FC_DIM: 1024
    NAME: ''
    NORM: ''
    NUM_CONV: 0
    NUM_FC: 0
    POOLER_RESOLUTION: 14
    POOLER_SAMPLING_RATIO: 0
    POOLER_TYPE: ROIAlignV2
    SMOOTH_L1_BETA: 0.0
    TRAIN_ON_PRED_BOXES: false
  ROI_HEADS:
    BATCH_SIZE_PER_IMAGE: 512
    IN_FEATURES:
    - res4
    IOU_LABELS:
    - 0
    - 1
    IOU_THRESHOLDS:
    - 0.5
    NAME: Res5ROIHeads
    NMS_THRESH_TEST: 0.5
    NUM_CLASSES: 80
    POSITIVE_FRACTION: 0.25
    PROPOSAL_APPEND_GT: true
    SCORE_THRESH_TEST: 0.05
  ROI_KEYPOINT_HEAD:
    CONV_DIMS:
    - 512
    - 512
    - 512
    - 512
    - 512
    - 512
    - 512
    - 512
    LOSS_WEIGHT: 1.0
    MIN_KEYPOINTS_PER_IMAGE: 1
    NAME: KRCNNConvDeconvUpsampleHead
    NORMALIZE_LOSS_BY_VISIBLE_KEYPOINTS: true
    NUM_KEYPOINTS: 17
    POOLER_RESOLUTION: 14
    POOLER_SAMPLING_RATIO: 0
    POOLER_TYPE: ROIAlignV2
  ROI_MASK_HEAD:
    CLS_AGNOSTIC_MASK: false
    CONV_DIM: 256
    NAME: MaskRCNNConvUpsampleHead
    NORM: ''
    NUM_CONV: 0
    POOLER_RESOLUTION: 14
    POOLER_SAMPLING_RATIO: 0
    POOLER_TYPE: ROIAlignV2
  RPN:
    BATCH_SIZE_PER_IMAGE: 256
    BBOX_REG_LOSS_TYPE: smooth_l1
    BBOX_REG_LOSS_WEIGHT: 1.0
    BBOX_REG_WEIGHTS: *id002
    BOUNDARY_THRESH: -1
    CONV_DIMS:
    - -1
    HEAD_NAME: StandardRPNHead
    IN_FEATURES:
    - res4
    IOU_LABELS:
    - 0
    - -1
    - 1
    IOU_THRESHOLDS:
    - 0.3
    - 0.7
    LOSS_WEIGHT: 1.0
    NMS_THRESH: 0.7
    POSITIVE_FRACTION: 0.5
    POST_NMS_TOPK_TEST: 1000
    POST_NMS_TOPK_TRAIN: 2000
    PRE_NMS_TOPK_TEST: 6000
    PRE_NMS_TOPK_TRAIN: 12000
    SMOOTH_L1_BETA: 0.0
  SEM_SEG_HEAD:
    APPEARANCE_GUIDANCE_DIM: 768
    APPEARANCE_GUIDANCE_PROJ_DIM: 128
    ASPP_CHANNELS: 256
    ASPP_DILATIONS:
    - 6
    - 12
    - 18
    ASPP_DROPOUT: 0.1
    ATTENTION_TYPE: linear
    CACHE_DIR: /data/zd/TTA_VLM/pretrain/EVA02_CLIP_L_336_psz14_s6B.pt
    CLIP_FINETUNE: attention
    CLIP_PRETRAINED: EVA02-CLIP-L-14-336
    COMMON_STRIDE: 4
    CONVS_DIM: 128
    DECODER_DIMS:
    - 64
    - 32
    DECODER_GUIDANCE_DIMS:
    - 256
    - 128
    DECODER_GUIDANCE_PROJ_DIMS:
    - 32
    - 16
    ENABLE_HIGH_RES: false
    FEATURE_RESOLUTION:
    - 32
    - 32
    HIDDEN_DIMS: 128
    IGNORE_VALUE: 255
    IN_FEATURES:
    - res2
    - res3
    - res4
    LOSS_TYPE: hard_pixel_mining
    LOSS_WEIGHT: 1.0
    NAME: CATSegHead
    NORM: GN
    NUM_CLASSES: 19
    NUM_HEADS: 4
    NUM_LAYERS: 1
    POOLING_SIZES:
    - 1
    - 1
    PROJECT_CHANNELS:
    - 48
    PROJECT_FEATURES:
    - res2
    PROMPT_DEPTH: 0
    PROMPT_LENGTH: 0
    TEST_CLASS_INDEXES: datasets/coco/coco_stuff/split/unseen_indexes.json
    TEST_CLASS_JSON: datasets/mapi_30.json
    TEXT_GUIDANCE_DIM: 768
    TEXT_GUIDANCE_PROJ_DIM: 128
    TRAIN_CLASS_INDEXES: datasets/coco/coco_stuff/split/seen_indexes.json
    TRAIN_CLASS_JSON: datasets/cityscapes_seen_7.json
    USE_DEPTHWISE_SEPARABLE_CONV: false
    WINDOW_SIZES: 16
  SWIN:
    APE: false
    ATTN_DROP_RATE: 0.0
    DEPTHS:
    - 2
    - 2
    - 6
    - 2
    DROP_PATH_RATE: 0.3
    DROP_RATE: 0.0
    EMBED_DIM: 96
    MLP_RATIO: 4.0
    NUM_HEADS:
    - 3
    - 6
    - 12
    - 24
    OUT_FEATURES:
    - res2
    - res3
    - res4
    - res5
    PATCH_NORM: true
    PATCH_SIZE: 4
    PRETRAIN_IMG_SIZE: 224
    QKV_BIAS: true
    QK_SCALE: null
    WINDOW_SIZE: 7
  WEIGHTS: outputs/gta_seen7_eva_L14_r448//model_0019999.pth
OUTPUT_DIR: outputs/gta_seen7_eva_L14_r448//eval
SEED: -1
SOLVER:
  AMP:
    ENABLED: false
  BACKBONE_MULTIPLIER: 0.0
  BASE_LR: 0.0002
  BIAS_LR_FACTOR: 1.0
  CHECKPOINT_PERIOD: 5000
  CLIP_GRADIENTS:
    CLIP_TYPE: full_model
    CLIP_VALUE: 0.01
    ENABLED: true
    NORM_TYPE: 2.0
  CLIP_MULTIPLIER: 0.01
  GAMMA: 0.1
  IMS_PER_BATCH: 3
  LR_SCHEDULER_NAME: WarmupCosineLR
  MAX_ITER: 20000
  MOMENTUM: 0.9
  NESTEROV: false
  OPTIMIZER: ADAMW
  POLY_LR_CONSTANT_ENDING: 0.0
  POLY_LR_POWER: 0.9
  REFERENCE_WORLD_SIZE: 0
  STEPS:
  - 30000
  WARMUP_FACTOR: 1.0
  WARMUP_ITERS: 0
  WARMUP_METHOD: linear
  WEIGHT_DECAY: 0.0001
  WEIGHT_DECAY_BIAS: null
  WEIGHT_DECAY_EMBED: 0.0
  WEIGHT_DECAY_NORM: 0.0
TEST:
  AUG:
    ENABLED: false
    FLIP: true
    MAX_SIZE: 4000
    MIN_SIZES:
    - 400
    - 500
    - 600
    - 700
    - 800
    - 900
    - 1000
    - 1100
    - 1200
  DETECTIONS_PER_IMAGE: 100
  EVAL_PERIOD: 10000
  EXPECTED_RESULTS: []
  KEYPOINT_OKS_SIGMAS: []
  PRECISE_BN:
    ENABLED: false
    NUM_ITER: 200
  SLIDING_WINDOW: true
  SW_KERNEL: 448
  SW_OUT_RES:
  - 448
  - 896
  SW_OVERLAP: 0.333
VERSION: 2
VIS_PERIOD: 0

[12/10 04:36:00 detectron2]: Full config saved to outputs/gta_seen7_eva_L14_r448//eval/config.yaml
[12/10 04:36:00 d2.utils.env]: Using a generated random seed 443534
Freeze text encoder parameters
[12/10 04:36:10 d2.engine.defaults]: Model:
CATSeg(
  (sem_seg_head): CATSegHead(
    (predictor): CATSegPredictor(
      (clip_model): CustomCLIP(
        (visual): EVAVisionTransformer(
          (patch_embed): PatchEmbed(
            (proj): Conv2d(3, 1024, kernel_size=(14, 14), stride=(14, 14))
          )
          (pos_drop): Dropout(p=0.0, inplace=False)
          (rope): VisionRotaryEmbeddingFast()
          (blocks): ModuleList(
            (0-23): 24 x Block(
              (norm1): LayerNorm((1024,), eps=1e-06, elementwise_affine=True)
              (attn): Attention(
                (q_proj): Linear(in_features=1024, out_features=1024, bias=False)
                (k_proj): Linear(in_features=1024, out_features=1024, bias=False)
                (v_proj): Linear(in_features=1024, out_features=1024, bias=False)
                (attn_drop): Dropout(p=0.0, inplace=False)
                (inner_attn_ln): LayerNorm((1024,), eps=1e-06, elementwise_affine=True)
                (proj): Linear(in_features=1024, out_features=1024, bias=True)
                (proj_drop): Dropout(p=0.0, inplace=False)
                (rope): VisionRotaryEmbeddingFast()
              )
              (drop_path): Identity()
              (norm2): LayerNorm((1024,), eps=1e-06, elementwise_affine=True)
              (mlp): SwiGLU(
                (w1): Linear(in_features=1024, out_features=2730, bias=True)
                (w2): Linear(in_features=1024, out_features=2730, bias=True)
                (act): SiLU()
                (ffn_ln): LayerNorm((2730,), eps=1e-06, elementwise_affine=True)
                (w3): Linear(in_features=2730, out_features=1024, bias=True)
                (drop): Dropout(p=0.0, inplace=False)
              )
            )
          )
          (norm): LayerNorm((1024,), eps=1e-06, elementwise_affine=True)
          (head): Linear(in_features=1024, out_features=768, bias=True)
          (patch_dropout): Identity()
        )
        (text): TextTransformer(
          (token_embedding): Embedding(49408, 768)
          (transformer): Transformer(
            (resblocks): ModuleList(
              (0-11): 12 x ResidualAttentionBlock(
                (ln_1): LayerNorm((768,), eps=1e-05, elementwise_affine=True)
                (attn): MultiheadAttention(
                  (out_proj): NonDynamicallyQuantizableLinear(in_features=768, out_features=768, bias=True)
                )
                (ls_1): Identity()
                (ln_2): LayerNorm((768,), eps=1e-05, elementwise_affine=True)
                (mlp): Sequential(
                  (c_fc): Linear(in_features=768, out_features=3072, bias=True)
                  (gelu): GELU(approximate='none')
                  (c_proj): Linear(in_features=3072, out_features=768, bias=True)
                )
                (ls_2): Identity()
              )
            )
          )
          (ln_final): LayerNorm((768,), eps=1e-05, elementwise_affine=True)
        )
      )
      (transformer): AggregatorMambaLite(
        (layers): ModuleList(
          (0): Sequential(
            (0): AxialMambaBlockLite_v2(
              (film): FiLM2D(
                (pool): AdaptiveAvgPool2d(output_size=1)
                (fc): Conv2d(128, 256, kernel_size=(1, 1), stride=(1, 1))
              )
              (pre_mix): Sequential(
                (0): Conv2d(128, 128, kernel_size=(3, 3), stride=(1, 1), padding=(1, 1), groups=128)
                (1): Conv2d(128, 128, kernel_size=(1, 1), stride=(1, 1))
                (2): GELU(approximate='none')
              )
              (seq_row): Mamba1DWithDecayPrior(
                (out_norm): LayerNorm((128,), eps=1e-05, elementwise_affine=True)
                (gate): Sequential(
                  (0): Linear(in_features=128, out_features=128, bias=True)
                  (1): SiLU()
                )
                (proj_in): Linear(in_features=128, out_features=384, bias=True)
                (drop): Dropout(p=0.0, inplace=False)
              )
              (post_proj): Conv2d(128, 128, kernel_size=(1, 1), stride=(1, 1))
              (norm_tok): LayerNorm((128,), eps=1e-05, elementwise_affine=True)
              (ffn): Sequential(
                (0): Linear(in_features=128, out_features=384, bias=True)
                (1): GELU(approximate='none')
                (2): Linear(in_features=384, out_features=128, bias=True)
              )
              (down): Identity()
            )
            (1): ClassMambaLayerLite(
              (pool): AvgPool2d(kernel_size=[1, 1], stride=[1, 1], padding=0)
              (guid_proj): Linear(in_features=128, out_features=256, bias=True)
              (seq_block): _Mamba1DAdapterLite(
                (blocks): ModuleList(
                  (0): PseudoMamba1D(
                    (gate): Sequential(
                      (0): Linear(in_features=128, out_features=128, bias=True)
                      (1): SiLU()
                    )
                    (proj_in): Linear(in_features=128, out_features=384, bias=True)
                    (out_norm): LayerNorm((128,), eps=1e-05, elementwise_affine=True)
                    (drop): Dropout(p=0.0, inplace=False)
                  )
                )
                (norm): LayerNorm((128,), eps=1e-05, elementwise_affine=True)
              )
              (norm1): LayerNorm((128,), eps=1e-05, elementwise_affine=True)
              (norm2): LayerNorm((128,), eps=1e-05, elementwise_affine=True)
              (ffn): Sequential(
                (0): Linear(in_features=128, out_features=384, bias=True)
                (1): GELU(approximate='none')
                (2): Linear(in_features=384, out_features=128, bias=True)
              )
            )
          )
        )
        (conv1): Conv2d(1, 128, kernel_size=(7, 7), stride=(1, 1), padding=(3, 3))
        (guidance_projection): Sequential(
          (0): Conv2d(768, 128, kernel_size=(3, 3), stride=(1, 1), padding=(1, 1))
          (1): ReLU()
        )
        (text_guidance_projection): Sequential(
          (0): Linear(in_features=768, out_features=128, bias=True)
          (1): ReLU()
        )
        (decoder_guidance_projection): ModuleList(
          (0): Sequential(
            (0): Conv2d(256, 32, kernel_size=(3, 3), stride=(1, 1), padding=(1, 1))
            (1): ReLU()
          )
          (1): Sequential(
            (0): Conv2d(128, 16, kernel_size=(3, 3), stride=(1, 1), padding=(1, 1))
            (1): ReLU()
          )
        )
        (decoder1): UpLite(
          (up): ConvTranspose2d(128, 96, kernel_size=(2, 2), stride=(2, 2))
          (conv): Sequential(
            (0): Conv2d(128, 64, kernel_size=(3, 3), stride=(1, 1), padding=(1, 1), bias=False)
            (1): GroupNorm(4, 64, eps=1e-05, affine=True)
            (2): ReLU()
          )
        )
        (decoder2): UpLite(
          (up): ConvTranspose2d(64, 48, kernel_size=(2, 2), stride=(2, 2))
          (conv): Sequential(
            (0): Conv2d(64, 32, kernel_size=(3, 3), stride=(1, 1), padding=(1, 1), bias=False)
            (1): GroupNorm(2, 32, eps=1e-05, affine=True)
            (2): ReLU()
          )
        )
        (head): Conv2d(32, 1, kernel_size=(3, 3), stride=(1, 1), padding=(1, 1))
      )
    )
  )
  (upsample1): ConvTranspose2d(1024, 256, kernel_size=(2, 2), stride=(2, 2))
  (upsample2): ConvTranspose2d(1024, 128, kernel_size=(4, 4), stride=(4, 4))
)
[12/10 04:36:10 fvcore.common.checkpoint]: [Checkpointer] Loading from outputs/gta_seen7_eva_L14_r448//model_0019999.pth ...
[12/10 04:36:11 d2.data.datasets.coco]: Loaded 3943 images with semantic segmentation from /data/zd/data/Mapillary/mapillary/OV_30/images/
[12/10 04:36:11 d2.data.dataset_mapper]: [DatasetMapper] Augmentations used in inference: [ResizeShortestEdge(short_edge_length=(448, 448), max_size=1008, sample_style='choice')]
[12/10 04:36:11 d2.data.common]: Serializing 3943 elements to byte tensors and concatenating them all ...
[12/10 04:36:11 d2.data.common]: Serialized dataset takes 0.75 MiB
[12/10 04:36:12 d2.data.datasets.coco]: Loaded 3943 images with semantic segmentation from /data/zd/data/Mapillary/mapillary/OV_30/images/
[12/10 04:36:12 d2.evaluation.evaluator]: Start inference on 3943 batches
Add a new rope freq of shape: torch.Size([1024, 64])
[12/10 04:36:32 d2.evaluation.evaluator]: Inference done 11/3943. Dataloading: 0.0020 s/iter. Inference: 0.1612 s/iter. Eval: 1.8813 s/iter. Total: 2.0445 s/iter. ETA=2:13:59
[12/10 04:36:38 d2.evaluation.evaluator]: Inference done 16/3943. Dataloading: 0.0015 s/iter. Inference: 0.1622 s/iter. Eval: 1.4901 s/iter. Total: 1.6539 s/iter. ETA=1:48:14
[12/10 04:36:44 d2.evaluation.evaluator]: Inference done 20/3943. Dataloading: 0.0016 s/iter. Inference: 0.1611 s/iter. Eval: 1.4335 s/iter. Total: 1.5965 s/iter. ETA=1:44:22
[12/10 04:36:49 d2.evaluation.evaluator]: Inference done 26/3943. Dataloading: 0.0017 s/iter. Inference: 0.1591 s/iter. Eval: 1.2588 s/iter. Total: 1.4198 s/iter. ETA=1:32:41
[12/10 04:36:55 d2.evaluation.evaluator]: Inference done 30/3943. Dataloading: 0.0018 s/iter. Inference: 0.1591 s/iter. Eval: 1.2580 s/iter. Total: 1.4191 s/iter. ETA=1:32:32
[12/10 04:37:01 d2.evaluation.evaluator]: Inference done 34/3943. Dataloading: 0.0018 s/iter. Inference: 0.1591 s/iter. Eval: 1.2495 s/iter. Total: 1.4106 s/iter. ETA=1:31:53
[12/10 04:37:06 d2.evaluation.evaluator]: Inference done 37/3943. Dataloading: 0.0018 s/iter. Inference: 0.1595 s/iter. Eval: 1.2913 s/iter. Total: 1.4528 s/iter. ETA=1:34:34
[12/10 04:37:13 d2.evaluation.evaluator]: Inference done 43/3943. Dataloading: 0.0018 s/iter. Inference: 0.1593 s/iter. Eval: 1.2511 s/iter. Total: 1.4125 s/iter. ETA=1:31:48
[12/10 04:37:18 d2.evaluation.evaluator]: Inference done 46/3943. Dataloading: 0.0018 s/iter. Inference: 0.1595 s/iter. Eval: 1.2747 s/iter. Total: 1.4362 s/iter. ETA=1:33:16
[12/10 04:37:25 d2.evaluation.evaluator]: Inference done 49/3943. Dataloading: 0.0018 s/iter. Inference: 0.1594 s/iter. Eval: 1.3207 s/iter. Total: 1.4820 s/iter. ETA=1:36:11
[12/10 04:37:31 d2.evaluation.evaluator]: Inference done 53/3943. Dataloading: 0.0019 s/iter. Inference: 0.1599 s/iter. Eval: 1.3226 s/iter. Total: 1.4846 s/iter. ETA=1:36:14
[12/10 04:37:38 d2.evaluation.evaluator]: Inference done 57/3943. Dataloading: 0.0019 s/iter. Inference: 0.1599 s/iter. Eval: 1.3409 s/iter. Total: 1.5029 s/iter. ETA=1:37:20
[12/10 04:37:43 d2.evaluation.evaluator]: Inference done 60/3943. Dataloading: 0.0019 s/iter. Inference: 0.1599 s/iter. Eval: 1.3590 s/iter. Total: 1.5210 s/iter. ETA=1:38:25
[12/10 04:37:48 d2.evaluation.evaluator]: Inference done 65/3943. Dataloading: 0.0019 s/iter. Inference: 0.1601 s/iter. Eval: 1.3182 s/iter. Total: 1.4803 s/iter. ETA=1:35:40
[12/10 04:37:54 d2.evaluation.evaluator]: Inference done 69/3943. Dataloading: 0.0018 s/iter. Inference: 0.1599 s/iter. Eval: 1.3127 s/iter. Total: 1.4746 s/iter. ETA=1:35:12
[12/10 04:38:00 d2.evaluation.evaluator]: Inference done 75/3943. Dataloading: 0.0019 s/iter. Inference: 0.1595 s/iter. Eval: 1.2775 s/iter. Total: 1.4390 s/iter. ETA=1:32:46
[12/10 04:38:06 d2.evaluation.evaluator]: Inference done 79/3943. Dataloading: 0.0019 s/iter. Inference: 0.1592 s/iter. Eval: 1.2718 s/iter. Total: 1.4330 s/iter. ETA=1:32:17
[12/10 04:38:11 d2.evaluation.evaluator]: Inference done 82/3943. Dataloading: 0.0019 s/iter. Inference: 0.1591 s/iter. Eval: 1.2899 s/iter. Total: 1.4509 s/iter. ETA=1:33:22
[12/10 04:38:17 d2.evaluation.evaluator]: Inference done 86/3943. Dataloading: 0.0019 s/iter. Inference: 0.1589 s/iter. Eval: 1.2847 s/iter. Total: 1.4457 s/iter. ETA=1:32:55
[12/10 04:38:22 d2.evaluation.evaluator]: Inference done 91/3943. Dataloading: 0.0019 s/iter. Inference: 0.1586 s/iter. Eval: 1.2658 s/iter. Total: 1.4264 s/iter. ETA=1:31:34
[12/10 04:38:28 d2.evaluation.evaluator]: Inference done 95/3943. Dataloading: 0.0019 s/iter. Inference: 0.1586 s/iter. Eval: 1.2690 s/iter. Total: 1.4296 s/iter. ETA=1:31:41
[12/10 04:38:34 d2.evaluation.evaluator]: Inference done 99/3943. Dataloading: 0.0019 s/iter. Inference: 0.1586 s/iter. Eval: 1.2693 s/iter. Total: 1.4300 s/iter. ETA=1:31:36
[12/10 04:38:39 d2.evaluation.evaluator]: Inference done 104/3943. Dataloading: 0.0019 s/iter. Inference: 0.1583 s/iter. Eval: 1.2495 s/iter. Total: 1.4098 s/iter. ETA=1:30:12
[12/10 04:38:45 d2.evaluation.evaluator]: Inference done 110/3943. Dataloading: 0.0019 s/iter. Inference: 0.1579 s/iter. Eval: 1.2238 s/iter. Total: 1.3837 s/iter. ETA=1:28:23
[12/10 04:38:50 d2.evaluation.evaluator]: Inference done 114/3943. Dataloading: 0.0019 s/iter. Inference: 0.1577 s/iter. Eval: 1.2207 s/iter. Total: 1.3804 s/iter. ETA=1:28:05
[12/10 04:38:58 d2.evaluation.evaluator]: Inference done 119/3943. Dataloading: 0.0019 s/iter. Inference: 0.1578 s/iter. Eval: 1.2262 s/iter. Total: 1.3861 s/iter. ETA=1:28:20
[12/10 04:39:04 d2.evaluation.evaluator]: Inference done 125/3943. Dataloading: 0.0019 s/iter. Inference: 0.1577 s/iter. Eval: 1.2074 s/iter. Total: 1.3672 s/iter. ETA=1:26:59
[12/10 04:39:09 d2.evaluation.evaluator]: Inference done 130/3943. Dataloading: 0.0019 s/iter. Inference: 0.1575 s/iter. Eval: 1.1965 s/iter. Total: 1.3560 s/iter. ETA=1:26:10
[12/10 04:39:15 d2.evaluation.evaluator]: Inference done 137/3943. Dataloading: 0.0019 s/iter. Inference: 0.1572 s/iter. Eval: 1.1685 s/iter. Total: 1.3277 s/iter. ETA=1:24:13
[12/10 04:39:20 d2.evaluation.evaluator]: Inference done 142/3943. Dataloading: 0.0019 s/iter. Inference: 0.1571 s/iter. Eval: 1.1591 s/iter. Total: 1.3182 s/iter. ETA=1:23:30
[12/10 04:39:25 d2.evaluation.evaluator]: Inference done 145/3943. Dataloading: 0.0019 s/iter. Inference: 0.1570 s/iter. Eval: 1.1666 s/iter. Total: 1.3257 s/iter. ETA=1:23:55
[12/10 04:39:31 d2.evaluation.evaluator]: Inference done 148/3943. Dataloading: 0.0019 s/iter. Inference: 0.1571 s/iter. Eval: 1.1770 s/iter. Total: 1.3361 s/iter. ETA=1:24:30
[12/10 04:39:36 d2.evaluation.evaluator]: Inference done 151/3943. Dataloading: 0.0019 s/iter. Inference: 0.1571 s/iter. Eval: 1.1863 s/iter. Total: 1.3454 s/iter. ETA=1:25:01
[12/10 04:39:42 d2.evaluation.evaluator]: Inference done 154/3943. Dataloading: 0.0019 s/iter. Inference: 0.1571 s/iter. Eval: 1.1979 s/iter. Total: 1.3570 s/iter. ETA=1:25:41
[12/10 04:39:47 d2.evaluation.evaluator]: Inference done 157/3943. Dataloading: 0.0019 s/iter. Inference: 0.1573 s/iter. Eval: 1.2062 s/iter. Total: 1.3656 s/iter. ETA=1:26:10
[12/10 04:39:53 d2.evaluation.evaluator]: Inference done 160/3943. Dataloading: 0.0019 s/iter. Inference: 0.1572 s/iter. Eval: 1.2162 s/iter. Total: 1.3754 s/iter. ETA=1:26:43
[12/10 04:40:00 d2.evaluation.evaluator]: Inference done 163/3943. Dataloading: 0.0019 s/iter. Inference: 0.1573 s/iter. Eval: 1.2327 s/iter. Total: 1.3920 s/iter. ETA=1:27:41
[12/10 04:40:05 d2.evaluation.evaluator]: Inference done 166/3943. Dataloading: 0.0019 s/iter. Inference: 0.1573 s/iter. Eval: 1.2381 s/iter. Total: 1.3974 s/iter. ETA=1:27:58
[12/10 04:40:10 d2.evaluation.evaluator]: Inference done 170/3943. Dataloading: 0.0019 s/iter. Inference: 0.1573 s/iter. Eval: 1.2350 s/iter. Total: 1.3944 s/iter. ETA=1:27:40
[12/10 04:40:17 d2.evaluation.evaluator]: Inference done 174/3943. Dataloading: 0.0019 s/iter. Inference: 0.1574 s/iter. Eval: 1.2456 s/iter. Total: 1.4050 s/iter. ETA=1:28:15
[12/10 04:40:24 d2.evaluation.evaluator]: Inference done 177/3943. Dataloading: 0.0019 s/iter. Inference: 0.1575 s/iter. Eval: 1.2599 s/iter. Total: 1.4194 s/iter. ETA=1:29:05
[12/10 04:40:29 d2.evaluation.evaluator]: Inference done 182/3943. Dataloading: 0.0019 s/iter. Inference: 0.1574 s/iter. Eval: 1.2516 s/iter. Total: 1.4110 s/iter. ETA=1:28:26
[12/10 04:40:35 d2.evaluation.evaluator]: Inference done 186/3943. Dataloading: 0.0019 s/iter. Inference: 0.1573 s/iter. Eval: 1.2527 s/iter. Total: 1.4120 s/iter. ETA=1:28:24
[12/10 04:40:42 d2.evaluation.evaluator]: Inference done 190/3943. Dataloading: 0.0019 s/iter. Inference: 0.1573 s/iter. Eval: 1.2600 s/iter. Total: 1.4193 s/iter. ETA=1:28:46
[12/10 04:40:48 d2.evaluation.evaluator]: Inference done 194/3943. Dataloading: 0.0019 s/iter. Inference: 0.1573 s/iter. Eval: 1.2585 s/iter. Total: 1.4177 s/iter. ETA=1:28:35
[12/10 04:40:54 d2.evaluation.evaluator]: Inference done 198/3943. Dataloading: 0.0019 s/iter. Inference: 0.1572 s/iter. Eval: 1.2599 s/iter. Total: 1.4192 s/iter. ETA=1:28:34
[12/10 04:40:59 d2.evaluation.evaluator]: Inference done 200/3943. Dataloading: 0.0019 s/iter. Inference: 0.1573 s/iter. Eval: 1.2724 s/iter. Total: 1.4316 s/iter. ETA=1:29:18
[12/10 04:41:04 d2.evaluation.evaluator]: Inference done 205/3943. Dataloading: 0.0019 s/iter. Inference: 0.1572 s/iter. Eval: 1.2625 s/iter. Total: 1.4217 s/iter. ETA=1:28:34
[12/10 04:41:09 d2.evaluation.evaluator]: Inference done 209/3943. Dataloading: 0.0019 s/iter. Inference: 0.1571 s/iter. Eval: 1.2618 s/iter. Total: 1.4209 s/iter. ETA=1:28:25
[12/10 04:41:15 d2.evaluation.evaluator]: Inference done 213/3943. Dataloading: 0.0019 s/iter. Inference: 0.1571 s/iter. Eval: 1.2628 s/iter. Total: 1.4220 s/iter. ETA=1:28:24
[12/10 04:41:22 d2.evaluation.evaluator]: Inference done 217/3943. Dataloading: 0.0019 s/iter. Inference: 0.1571 s/iter. Eval: 1.2670 s/iter. Total: 1.4262 s/iter. ETA=1:28:33
[12/10 04:41:28 d2.evaluation.evaluator]: Inference done 221/3943. Dataloading: 0.0019 s/iter. Inference: 0.1571 s/iter. Eval: 1.2665 s/iter. Total: 1.4256 s/iter. ETA=1:28:26
[12/10 04:41:33 d2.evaluation.evaluator]: Inference done 227/3943. Dataloading: 0.0019 s/iter. Inference: 0.1570 s/iter. Eval: 1.2526 s/iter. Total: 1.4116 s/iter. ETA=1:27:25
[12/10 04:41:40 d2.evaluation.evaluator]: Inference done 234/3943. Dataloading: 0.0019 s/iter. Inference: 0.1569 s/iter. Eval: 1.2392 s/iter. Total: 1.3980 s/iter. ETA=1:26:25
[12/10 04:41:47 d2.evaluation.evaluator]: Inference done 238/3943. Dataloading: 0.0019 s/iter. Inference: 0.1569 s/iter. Eval: 1.2451 s/iter. Total: 1.4040 s/iter. ETA=1:26:41
[12/10 04:41:54 d2.evaluation.evaluator]: Inference done 243/3943. Dataloading: 0.0019 s/iter. Inference: 0.1569 s/iter. Eval: 1.2451 s/iter. Total: 1.4040 s/iter. ETA=1:26:34
[12/10 04:41:59 d2.evaluation.evaluator]: Inference done 245/3943. Dataloading: 0.0019 s/iter. Inference: 0.1570 s/iter. Eval: 1.2550 s/iter. Total: 1.4140 s/iter. ETA=1:27:09
[12/10 04:42:05 d2.evaluation.evaluator]: Inference done 250/3943. Dataloading: 0.0019 s/iter. Inference: 0.1569 s/iter. Eval: 1.2503 s/iter. Total: 1.4092 s/iter. ETA=1:26:44
[12/10 04:42:11 d2.evaluation.evaluator]: Inference done 253/3943. Dataloading: 0.0019 s/iter. Inference: 0.1569 s/iter. Eval: 1.2569 s/iter. Total: 1.4159 s/iter. ETA=1:27:04
[12/10 04:42:17 d2.evaluation.evaluator]: Inference done 257/3943. Dataloading: 0.0019 s/iter. Inference: 0.1569 s/iter. Eval: 1.2573 s/iter. Total: 1.4163 s/iter. ETA=1:27:00
[12/10 04:42:22 d2.evaluation.evaluator]: Inference done 261/3943. Dataloading: 0.0019 s/iter. Inference: 0.1569 s/iter. Eval: 1.2559 s/iter. Total: 1.4148 s/iter. ETA=1:26:49
[12/10 04:42:27 d2.evaluation.evaluator]: Inference done 265/3943. Dataloading: 0.0019 s/iter. Inference: 0.1568 s/iter. Eval: 1.2538 s/iter. Total: 1.4127 s/iter. ETA=1:26:35
[12/10 04:42:33 d2.evaluation.evaluator]: Inference done 270/3943. Dataloading: 0.0019 s/iter. Inference: 0.1567 s/iter. Eval: 1.2493 s/iter. Total: 1.4081 s/iter. ETA=1:26:11
[12/10 04:42:38 d2.evaluation.evaluator]: Inference done 273/3943. Dataloading: 0.0019 s/iter. Inference: 0.1568 s/iter. Eval: 1.2533 s/iter. Total: 1.4120 s/iter. ETA=1:26:22
[12/10 04:42:43 d2.evaluation.evaluator]: Inference done 278/3943. Dataloading: 0.0019 s/iter. Inference: 0.1567 s/iter. Eval: 1.2469 s/iter. Total: 1.4056 s/iter. ETA=1:25:51
[12/10 04:42:49 d2.evaluation.evaluator]: Inference done 282/3943. Dataloading: 0.0019 s/iter. Inference: 0.1567 s/iter. Eval: 1.2461 s/iter. Total: 1.4048 s/iter. ETA=1:25:42
[12/10 04:42:54 d2.evaluation.evaluator]: Inference done 285/3943. Dataloading: 0.0019 s/iter. Inference: 0.1566 s/iter. Eval: 1.2492 s/iter. Total: 1.4078 s/iter. ETA=1:25:49
[12/10 04:43:00 d2.evaluation.evaluator]: Inference done 289/3943. Dataloading: 0.0019 s/iter. Inference: 0.1566 s/iter. Eval: 1.2522 s/iter. Total: 1.4108 s/iter. ETA=1:25:54
[12/10 04:43:06 d2.evaluation.evaluator]: Inference done 293/3943. Dataloading: 0.0019 s/iter. Inference: 0.1565 s/iter. Eval: 1.2511 s/iter. Total: 1.4097 s/iter. ETA=1:25:45
[12/10 04:43:11 d2.evaluation.evaluator]: Inference done 298/3943. Dataloading: 0.0019 s/iter. Inference: 0.1565 s/iter. Eval: 1.2466 s/iter. Total: 1.4051 s/iter. ETA=1:25:21
[12/10 04:43:18 d2.evaluation.evaluator]: Inference done 301/3943. Dataloading: 0.0019 s/iter. Inference: 0.1564 s/iter. Eval: 1.2534 s/iter. Total: 1.4118 s/iter. ETA=1:25:41
[12/10 04:43:24 d2.evaluation.evaluator]: Inference done 305/3943. Dataloading: 0.0019 s/iter. Inference: 0.1564 s/iter. Eval: 1.2565 s/iter. Total: 1.4149 s/iter. ETA=1:25:47
[12/10 04:43:29 d2.evaluation.evaluator]: Inference done 308/3943. Dataloading: 0.0019 s/iter. Inference: 0.1564 s/iter. Eval: 1.2595 s/iter. Total: 1.4180 s/iter. ETA=1:25:54
[12/10 04:43:35 d2.evaluation.evaluator]: Inference done 311/3943. Dataloading: 0.0019 s/iter. Inference: 0.1565 s/iter. Eval: 1.2650 s/iter. Total: 1.4235 s/iter. ETA=1:26:10
[12/10 04:43:42 d2.evaluation.evaluator]: Inference done 316/3943. Dataloading: 0.0019 s/iter. Inference: 0.1565 s/iter. Eval: 1.2633 s/iter. Total: 1.4218 s/iter. ETA=1:25:56
[12/10 04:43:47 d2.evaluation.evaluator]: Inference done 319/3943. Dataloading: 0.0019 s/iter. Inference: 0.1565 s/iter. Eval: 1.2676 s/iter. Total: 1.4262 s/iter. ETA=1:26:08
[12/10 04:43:53 d2.evaluation.evaluator]: Inference done 322/3943. Dataloading: 0.0019 s/iter. Inference: 0.1565 s/iter. Eval: 1.2726 s/iter. Total: 1.4312 s/iter. ETA=1:26:22
[12/10 04:43:59 d2.evaluation.evaluator]: Inference done 326/3943. Dataloading: 0.0019 s/iter. Inference: 0.1565 s/iter. Eval: 1.2737 s/iter. Total: 1.4322 s/iter. ETA=1:26:20
[12/10 04:44:05 d2.evaluation.evaluator]: Inference done 330/3943. Dataloading: 0.0019 s/iter. Inference: 0.1565 s/iter. Eval: 1.2741 s/iter. Total: 1.4326 s/iter. ETA=1:26:15
[12/10 04:44:10 d2.evaluation.evaluator]: Inference done 333/3943. Dataloading: 0.0019 s/iter. Inference: 0.1565 s/iter. Eval: 1.2767 s/iter. Total: 1.4351 s/iter. ETA=1:26:20
[12/10 04:44:16 d2.evaluation.evaluator]: Inference done 335/3943. Dataloading: 0.0019 s/iter. Inference: 0.1566 s/iter. Eval: 1.2848 s/iter. Total: 1.4434 s/iter. ETA=1:26:47
[12/10 04:44:23 d2.evaluation.evaluator]: Inference done 339/3943. Dataloading: 0.0019 s/iter. Inference: 0.1566 s/iter. Eval: 1.2901 s/iter. Total: 1.4487 s/iter. ETA=1:27:01
[12/10 04:44:29 d2.evaluation.evaluator]: Inference done 343/3943. Dataloading: 0.0019 s/iter. Inference: 0.1566 s/iter. Eval: 1.2891 s/iter. Total: 1.4477 s/iter. ETA=1:26:51
[12/10 04:44:35 d2.evaluation.evaluator]: Inference done 346/3943. Dataloading: 0.0019 s/iter. Inference: 0.1566 s/iter. Eval: 1.2935 s/iter. Total: 1.4521 s/iter. ETA=1:27:03
[12/10 04:44:41 d2.evaluation.evaluator]: Inference done 350/3943. Dataloading: 0.0019 s/iter. Inference: 0.1566 s/iter. Eval: 1.2944 s/iter. Total: 1.4530 s/iter. ETA=1:27:00
[12/10 04:44:47 d2.evaluation.evaluator]: Inference done 355/3943. Dataloading: 0.0019 s/iter. Inference: 0.1566 s/iter. Eval: 1.2909 s/iter. Total: 1.4495 s/iter. ETA=1:26:40
[12/10 04:44:53 d2.evaluation.evaluator]: Inference done 359/3943. Dataloading: 0.0019 s/iter. Inference: 0.1566 s/iter. Eval: 1.2910 s/iter. Total: 1.4496 s/iter. ETA=1:26:35
[12/10 04:44:58 d2.evaluation.evaluator]: Inference done 362/3943. Dataloading: 0.0019 s/iter. Inference: 0.1566 s/iter. Eval: 1.2933 s/iter. Total: 1.4519 s/iter. ETA=1:26:39
[12/10 04:45:04 d2.evaluation.evaluator]: Inference done 366/3943. Dataloading: 0.0019 s/iter. Inference: 0.1567 s/iter. Eval: 1.2939 s/iter. Total: 1.4526 s/iter. ETA=1:26:35
[12/10 04:45:10 d2.evaluation.evaluator]: Inference done 370/3943. Dataloading: 0.0019 s/iter. Inference: 0.1566 s/iter. Eval: 1.2947 s/iter. Total: 1.4533 s/iter. ETA=1:26:32
[12/10 04:45:16 d2.evaluation.evaluator]: Inference done 375/3943. Dataloading: 0.0019 s/iter. Inference: 0.1566 s/iter. Eval: 1.2907 s/iter. Total: 1.4494 s/iter. ETA=1:26:11
[12/10 04:45:21 d2.evaluation.evaluator]: Inference done 378/3943. Dataloading: 0.0019 s/iter. Inference: 0.1566 s/iter. Eval: 1.2938 s/iter. Total: 1.4524 s/iter. ETA=1:26:17
[12/10 04:45:29 d2.evaluation.evaluator]: Inference done 382/3943. Dataloading: 0.0019 s/iter. Inference: 0.1566 s/iter. Eval: 1.2987 s/iter. Total: 1.4573 s/iter. ETA=1:26:29
[12/10 04:45:35 d2.evaluation.evaluator]: Inference done 385/3943. Dataloading: 0.0019 s/iter. Inference: 0.1567 s/iter. Eval: 1.3041 s/iter. Total: 1.4627 s/iter. ETA=1:26:44
[12/10 04:45:40 d2.evaluation.evaluator]: Inference done 389/3943. Dataloading: 0.0019 s/iter. Inference: 0.1566 s/iter. Eval: 1.3019 s/iter. Total: 1.4605 s/iter. ETA=1:26:30
[12/10 04:45:46 d2.evaluation.evaluator]: Inference done 394/3943. Dataloading: 0.0019 s/iter. Inference: 0.1566 s/iter. Eval: 1.2981 s/iter. Total: 1.4567 s/iter. ETA=1:26:09
[12/10 04:45:52 d2.evaluation.evaluator]: Inference done 399/3943. Dataloading: 0.0019 s/iter. Inference: 0.1565 s/iter. Eval: 1.2936 s/iter. Total: 1.4521 s/iter. ETA=1:25:46
[12/10 04:45:57 d2.evaluation.evaluator]: Inference done 404/3943. Dataloading: 0.0019 s/iter. Inference: 0.1564 s/iter. Eval: 1.2885 s/iter. Total: 1.4470 s/iter. ETA=1:25:20
[12/10 04:46:03 d2.evaluation.evaluator]: Inference done 408/3943. Dataloading: 0.0019 s/iter. Inference: 0.1564 s/iter. Eval: 1.2889 s/iter. Total: 1.4473 s/iter. ETA=1:25:16
[12/10 04:46:09 d2.evaluation.evaluator]: Inference done 413/3943. Dataloading: 0.0019 s/iter. Inference: 0.1564 s/iter. Eval: 1.2856 s/iter. Total: 1.4440 s/iter. ETA=1:24:57
[12/10 04:46:14 d2.evaluation.evaluator]: Inference done 417/3943. Dataloading: 0.0019 s/iter. Inference: 0.1563 s/iter. Eval: 1.2840 s/iter. Total: 1.4423 s/iter. ETA=1:24:45
[12/10 04:46:19 d2.evaluation.evaluator]: Inference done 422/3943. Dataloading: 0.0019 s/iter. Inference: 0.1563 s/iter. Eval: 1.2802 s/iter. Total: 1.4386 s/iter. ETA=1:24:25
[12/10 04:46:25 d2.evaluation.evaluator]: Inference done 425/3943. Dataloading: 0.0019 s/iter. Inference: 0.1563 s/iter. Eval: 1.2831 s/iter. Total: 1.4414 s/iter. ETA=1:24:30
[12/10 04:46:31 d2.evaluation.evaluator]: Inference done 430/3943. Dataloading: 0.0019 s/iter. Inference: 0.1563 s/iter. Eval: 1.2804 s/iter. Total: 1.4387 s/iter. ETA=1:24:14
[12/10 04:46:36 d2.evaluation.evaluator]: Inference done 436/3943. Dataloading: 0.0019 s/iter. Inference: 0.1562 s/iter. Eval: 1.2724 s/iter. Total: 1.4307 s/iter. ETA=1:23:37
[12/10 04:46:41 d2.evaluation.evaluator]: Inference done 440/3943. Dataloading: 0.0019 s/iter. Inference: 0.1562 s/iter. Eval: 1.2711 s/iter. Total: 1.4293 s/iter. ETA=1:23:26
[12/10 04:46:47 d2.evaluation.evaluator]: Inference done 443/3943. Dataloading: 0.0019 s/iter. Inference: 0.1562 s/iter. Eval: 1.2738 s/iter. Total: 1.4320 s/iter. ETA=1:23:31
[12/10 04:46:52 d2.evaluation.evaluator]: Inference done 447/3943. Dataloading: 0.0019 s/iter. Inference: 0.1562 s/iter. Eval: 1.2728 s/iter. Total: 1.4309 s/iter. ETA=1:23:22
[12/10 04:46:58 d2.evaluation.evaluator]: Inference done 452/3943. Dataloading: 0.0019 s/iter. Inference: 0.1561 s/iter. Eval: 1.2703 s/iter. Total: 1.4284 s/iter. ETA=1:23:06
[12/10 04:47:04 d2.evaluation.evaluator]: Inference done 457/3943. Dataloading: 0.0019 s/iter. Inference: 0.1561 s/iter. Eval: 1.2667 s/iter. Total: 1.4249 s/iter. ETA=1:22:47
[12/10 04:47:10 d2.evaluation.evaluator]: Inference done 461/3943. Dataloading: 0.0019 s/iter. Inference: 0.1561 s/iter. Eval: 1.2675 s/iter. Total: 1.4256 s/iter. ETA=1:22:44
[12/10 04:47:17 d2.evaluation.evaluator]: Inference done 466/3943. Dataloading: 0.0019 s/iter. Inference: 0.1561 s/iter. Eval: 1.2679 s/iter. Total: 1.4259 s/iter. ETA=1:22:37
[12/10 04:47:22 d2.evaluation.evaluator]: Inference done 470/3943. Dataloading: 0.0019 s/iter. Inference: 0.1560 s/iter. Eval: 1.2671 s/iter. Total: 1.4252 s/iter. ETA=1:22:29
[12/10 04:47:28 d2.evaluation.evaluator]: Inference done 474/3943. Dataloading: 0.0019 s/iter. Inference: 0.1560 s/iter. Eval: 1.2663 s/iter. Total: 1.4243 s/iter. ETA=1:22:21
[12/10 04:47:34 d2.evaluation.evaluator]: Inference done 478/3943. Dataloading: 0.0019 s/iter. Inference: 0.1560 s/iter. Eval: 1.2686 s/iter. Total: 1.4266 s/iter. ETA=1:22:23
[12/10 04:47:40 d2.evaluation.evaluator]: Inference done 482/3943. Dataloading: 0.0019 s/iter. Inference: 0.1560 s/iter. Eval: 1.2680 s/iter. Total: 1.4260 s/iter. ETA=1:22:15
[12/10 04:47:47 d2.evaluation.evaluator]: Inference done 487/3943. Dataloading: 0.0019 s/iter. Inference: 0.1560 s/iter. Eval: 1.2673 s/iter. Total: 1.4253 s/iter. ETA=1:22:05
[12/10 04:47:52 d2.evaluation.evaluator]: Inference done 491/3943. Dataloading: 0.0019 s/iter. Inference: 0.1560 s/iter. Eval: 1.2665 s/iter. Total: 1.4245 s/iter. ETA=1:21:57
[12/10 04:47:59 d2.evaluation.evaluator]: Inference done 495/3943. Dataloading: 0.0019 s/iter. Inference: 0.1560 s/iter. Eval: 1.2683 s/iter. Total: 1.4263 s/iter. ETA=1:21:58
[12/10 04:48:06 d2.evaluation.evaluator]: Inference done 498/3943. Dataloading: 0.0019 s/iter. Inference: 0.1561 s/iter. Eval: 1.2739 s/iter. Total: 1.4320 s/iter. ETA=1:22:13
[12/10 04:48:12 d2.evaluation.evaluator]: Inference done 503/3943. Dataloading: 0.0019 s/iter. Inference: 0.1561 s/iter. Eval: 1.2732 s/iter. Total: 1.4313 s/iter. ETA=1:22:03
[12/10 04:48:18 d2.evaluation.evaluator]: Inference done 508/3943. Dataloading: 0.0019 s/iter. Inference: 0.1561 s/iter. Eval: 1.2710 s/iter. Total: 1.4291 s/iter. ETA=1:21:48
[12/10 04:48:24 d2.evaluation.evaluator]: Inference done 513/3943. Dataloading: 0.0019 s/iter. Inference: 0.1561 s/iter. Eval: 1.2681 s/iter. Total: 1.4263 s/iter. ETA=1:21:32
[12/10 04:48:30 d2.evaluation.evaluator]: Inference done 518/3943. Dataloading: 0.0019 s/iter. Inference: 0.1561 s/iter. Eval: 1.2656 s/iter. Total: 1.4236 s/iter. ETA=1:21:15
[12/10 04:48:37 d2.evaluation.evaluator]: Inference done 523/3943. Dataloading: 0.0019 s/iter. Inference: 0.1561 s/iter. Eval: 1.2659 s/iter. Total: 1.4239 s/iter. ETA=1:21:09
[12/10 04:48:43 d2.evaluation.evaluator]: Inference done 528/3943. Dataloading: 0.0019 s/iter. Inference: 0.1561 s/iter. Eval: 1.2626 s/iter. Total: 1.4207 s/iter. ETA=1:20:51
[12/10 04:48:49 d2.evaluation.evaluator]: Inference done 532/3943. Dataloading: 0.0019 s/iter. Inference: 0.1560 s/iter. Eval: 1.2638 s/iter. Total: 1.4219 s/iter. ETA=1:20:49
[12/10 04:48:55 d2.evaluation.evaluator]: Inference done 536/3943. Dataloading: 0.0019 s/iter. Inference: 0.1560 s/iter. Eval: 1.2641 s/iter. Total: 1.4221 s/iter. ETA=1:20:45
[12/10 04:49:00 d2.evaluation.evaluator]: Inference done 541/3943. Dataloading: 0.0019 s/iter. Inference: 0.1560 s/iter. Eval: 1.2604 s/iter. Total: 1.4184 s/iter. ETA=1:20:25
[12/10 04:49:05 d2.evaluation.evaluator]: Inference done 545/3943. Dataloading: 0.0019 s/iter. Inference: 0.1560 s/iter. Eval: 1.2601 s/iter. Total: 1.4181 s/iter. ETA=1:20:18
[12/10 04:49:11 d2.evaluation.evaluator]: Inference done 549/3943. Dataloading: 0.0019 s/iter. Inference: 0.1560 s/iter. Eval: 1.2597 s/iter. Total: 1.4177 s/iter. ETA=1:20:11
[12/10 04:49:16 d2.evaluation.evaluator]: Inference done 553/3943. Dataloading: 0.0019 s/iter. Inference: 0.1559 s/iter. Eval: 1.2587 s/iter. Total: 1.4166 s/iter. ETA=1:20:02
[12/10 04:49:22 d2.evaluation.evaluator]: Inference done 557/3943. Dataloading: 0.0019 s/iter. Inference: 0.1559 s/iter. Eval: 1.2591 s/iter. Total: 1.4170 s/iter. ETA=1:19:57
[12/10 04:49:27 d2.evaluation.evaluator]: Inference done 562/3943. Dataloading: 0.0019 s/iter. Inference: 0.1559 s/iter. Eval: 1.2564 s/iter. Total: 1.4142 s/iter. ETA=1:19:41
[12/10 04:49:33 d2.evaluation.evaluator]: Inference done 568/3943. Dataloading: 0.0019 s/iter. Inference: 0.1558 s/iter. Eval: 1.2519 s/iter. Total: 1.4098 s/iter. ETA=1:19:17
[12/10 04:49:39 d2.evaluation.evaluator]: Inference done 572/3943. Dataloading: 0.0019 s/iter. Inference: 0.1558 s/iter. Eval: 1.2516 s/iter. Total: 1.4094 s/iter. ETA=1:19:11
[12/10 04:49:44 d2.evaluation.evaluator]: Inference done 578/3943. Dataloading: 0.0019 s/iter. Inference: 0.1558 s/iter. Eval: 1.2465 s/iter. Total: 1.4043 s/iter. ETA=1:18:45
[12/10 04:49:49 d2.evaluation.evaluator]: Inference done 584/3943. Dataloading: 0.0019 s/iter. Inference: 0.1558 s/iter. Eval: 1.2407 s/iter. Total: 1.3985 s/iter. ETA=1:18:17
[12/10 04:49:54 d2.evaluation.evaluator]: Inference done 587/3943. Dataloading: 0.0019 s/iter. Inference: 0.1558 s/iter. Eval: 1.2422 s/iter. Total: 1.3999 s/iter. ETA=1:18:18
[12/10 04:50:00 d2.evaluation.evaluator]: Inference done 592/3943. Dataloading: 0.0019 s/iter. Inference: 0.1557 s/iter. Eval: 1.2402 s/iter. Total: 1.3979 s/iter. ETA=1:18:04
[12/10 04:50:06 d2.evaluation.evaluator]: Inference done 599/3943. Dataloading: 0.0019 s/iter. Inference: 0.1557 s/iter. Eval: 1.2338 s/iter. Total: 1.3915 s/iter. ETA=1:17:33
[12/10 04:50:11 d2.evaluation.evaluator]: Inference done 602/3943. Dataloading: 0.0019 s/iter. Inference: 0.1557 s/iter. Eval: 1.2357 s/iter. Total: 1.3934 s/iter. ETA=1:17:35
[12/10 04:50:18 d2.evaluation.evaluator]: Inference done 607/3943. Dataloading: 0.0019 s/iter. Inference: 0.1557 s/iter. Eval: 1.2345 s/iter. Total: 1.3922 s/iter. ETA=1:17:24
[12/10 04:50:23 d2.evaluation.evaluator]: Inference done 612/3943. Dataloading: 0.0019 s/iter. Inference: 0.1557 s/iter. Eval: 1.2315 s/iter. Total: 1.3892 s/iter. ETA=1:17:07
[12/10 04:50:28 d2.evaluation.evaluator]: Inference done 615/3943. Dataloading: 0.0019 s/iter. Inference: 0.1557 s/iter. Eval: 1.2334 s/iter. Total: 1.3911 s/iter. ETA=1:17:09
[12/10 04:50:33 d2.evaluation.evaluator]: Inference done 619/3943. Dataloading: 0.0019 s/iter. Inference: 0.1557 s/iter. Eval: 1.2327 s/iter. Total: 1.3904 s/iter. ETA=1:17:01
[12/10 04:50:39 d2.evaluation.evaluator]: Inference done 623/3943. Dataloading: 0.0019 s/iter. Inference: 0.1557 s/iter. Eval: 1.2330 s/iter. Total: 1.3907 s/iter. ETA=1:16:57
[12/10 04:50:45 d2.evaluation.evaluator]: Inference done 627/3943. Dataloading: 0.0019 s/iter. Inference: 0.1557 s/iter. Eval: 1.2337 s/iter. Total: 1.3914 s/iter. ETA=1:16:53
[12/10 04:50:52 d2.evaluation.evaluator]: Inference done 632/3943. Dataloading: 0.0019 s/iter. Inference: 0.1556 s/iter. Eval: 1.2332 s/iter. Total: 1.3909 s/iter. ETA=1:16:45
[12/10 04:50:57 d2.evaluation.evaluator]: Inference done 635/3943. Dataloading: 0.0019 s/iter. Inference: 0.1556 s/iter. Eval: 1.2355 s/iter. Total: 1.3931 s/iter. ETA=1:16:48
[12/10 04:51:03 d2.evaluation.evaluator]: Inference done 638/3943. Dataloading: 0.0019 s/iter. Inference: 0.1557 s/iter. Eval: 1.2380 s/iter. Total: 1.3956 s/iter. ETA=1:16:52
[12/10 04:51:09 d2.evaluation.evaluator]: Inference done 643/3943. Dataloading: 0.0019 s/iter. Inference: 0.1556 s/iter. Eval: 1.2358 s/iter. Total: 1.3934 s/iter. ETA=1:16:38
[12/10 04:51:14 d2.evaluation.evaluator]: Inference done 648/3943. Dataloading: 0.0019 s/iter. Inference: 0.1556 s/iter. Eval: 1.2336 s/iter. Total: 1.3913 s/iter. ETA=1:16:24
[12/10 04:51:20 d2.evaluation.evaluator]: Inference done 653/3943. Dataloading: 0.0019 s/iter. Inference: 0.1556 s/iter. Eval: 1.2322 s/iter. Total: 1.3898 s/iter. ETA=1:16:12
[12/10 04:51:26 d2.evaluation.evaluator]: Inference done 657/3943. Dataloading: 0.0019 s/iter. Inference: 0.1556 s/iter. Eval: 1.2325 s/iter. Total: 1.3901 s/iter. ETA=1:16:07
[12/10 04:51:31 d2.evaluation.evaluator]: Inference done 661/3943. Dataloading: 0.0019 s/iter. Inference: 0.1556 s/iter. Eval: 1.2322 s/iter. Total: 1.3898 s/iter. ETA=1:16:01
[12/10 04:51:37 d2.evaluation.evaluator]: Inference done 665/3943. Dataloading: 0.0019 s/iter. Inference: 0.1556 s/iter. Eval: 1.2318 s/iter. Total: 1.3894 s/iter. ETA=1:15:54
[12/10 04:51:42 d2.evaluation.evaluator]: Inference done 669/3943. Dataloading: 0.0019 s/iter. Inference: 0.1556 s/iter. Eval: 1.2314 s/iter. Total: 1.3890 s/iter. ETA=1:15:47
[12/10 04:51:47 d2.evaluation.evaluator]: Inference done 672/3943. Dataloading: 0.0019 s/iter. Inference: 0.1556 s/iter. Eval: 1.2328 s/iter. Total: 1.3904 s/iter. ETA=1:15:48
[12/10 04:51:53 d2.evaluation.evaluator]: Inference done 676/3943. Dataloading: 0.0019 s/iter. Inference: 0.1556 s/iter. Eval: 1.2337 s/iter. Total: 1.3913 s/iter. ETA=1:15:45
[12/10 04:51:58 d2.evaluation.evaluator]: Inference done 680/3943. Dataloading: 0.0019 s/iter. Inference: 0.1556 s/iter. Eval: 1.2329 s/iter. Total: 1.3905 s/iter. ETA=1:15:37
[12/10 04:52:04 d2.evaluation.evaluator]: Inference done 686/3943. Dataloading: 0.0019 s/iter. Inference: 0.1556 s/iter. Eval: 1.2287 s/iter. Total: 1.3862 s/iter. ETA=1:15:14
[12/10 04:52:09 d2.evaluation.evaluator]: Inference done 690/3943. Dataloading: 0.0019 s/iter. Inference: 0.1555 s/iter. Eval: 1.2282 s/iter. Total: 1.3858 s/iter. ETA=1:15:07
[12/10 04:52:14 d2.evaluation.evaluator]: Inference done 695/3943. Dataloading: 0.0019 s/iter. Inference: 0.1555 s/iter. Eval: 1.2262 s/iter. Total: 1.3837 s/iter. ETA=1:14:54
[12/10 04:52:21 d2.evaluation.evaluator]: Inference done 698/3943. Dataloading: 0.0019 s/iter. Inference: 0.1556 s/iter. Eval: 1.2290 s/iter. Total: 1.3866 s/iter. ETA=1:14:59
[12/10 04:52:26 d2.evaluation.evaluator]: Inference done 703/3943. Dataloading: 0.0019 s/iter. Inference: 0.1556 s/iter. Eval: 1.2272 s/iter. Total: 1.3848 s/iter. ETA=1:14:46
[12/10 04:52:32 d2.evaluation.evaluator]: Inference done 707/3943. Dataloading: 0.0019 s/iter. Inference: 0.1556 s/iter. Eval: 1.2270 s/iter. Total: 1.3845 s/iter. ETA=1:14:40
[12/10 04:52:37 d2.evaluation.evaluator]: Inference done 710/3943. Dataloading: 0.0019 s/iter. Inference: 0.1555 s/iter. Eval: 1.2285 s/iter. Total: 1.3860 s/iter. ETA=1:14:41
[12/10 04:52:42 d2.evaluation.evaluator]: Inference done 712/3943. Dataloading: 0.0019 s/iter. Inference: 0.1556 s/iter. Eval: 1.2325 s/iter. Total: 1.3900 s/iter. ETA=1:14:51
[12/10 04:52:50 d2.evaluation.evaluator]: Inference done 716/3943. Dataloading: 0.0019 s/iter. Inference: 0.1556 s/iter. Eval: 1.2348 s/iter. Total: 1.3924 s/iter. ETA=1:14:53
[12/10 04:52:56 d2.evaluation.evaluator]: Inference done 720/3943. Dataloading: 0.0019 s/iter. Inference: 0.1556 s/iter. Eval: 1.2364 s/iter. Total: 1.3939 s/iter. ETA=1:14:52
[12/10 04:53:02 d2.evaluation.evaluator]: Inference done 725/3943. Dataloading: 0.0019 s/iter. Inference: 0.1556 s/iter. Eval: 1.2351 s/iter. Total: 1.3927 s/iter. ETA=1:14:41
[12/10 04:53:08 d2.evaluation.evaluator]: Inference done 730/3943. Dataloading: 0.0019 s/iter. Inference: 0.1555 s/iter. Eval: 1.2331 s/iter. Total: 1.3906 s/iter. ETA=1:14:28
[12/10 04:53:15 d2.evaluation.evaluator]: Inference done 735/3943. Dataloading: 0.0019 s/iter. Inference: 0.1555 s/iter. Eval: 1.2338 s/iter. Total: 1.3913 s/iter. ETA=1:14:23
[12/10 04:53:20 d2.evaluation.evaluator]: Inference done 739/3943. Dataloading: 0.0019 s/iter. Inference: 0.1555 s/iter. Eval: 1.2333 s/iter. Total: 1.3909 s/iter. ETA=1:14:16
[12/10 04:53:26 d2.evaluation.evaluator]: Inference done 744/3943. Dataloading: 0.0019 s/iter. Inference: 0.1555 s/iter. Eval: 1.2310 s/iter. Total: 1.3886 s/iter. ETA=1:14:01
[12/10 04:53:32 d2.evaluation.evaluator]: Inference done 748/3943. Dataloading: 0.0019 s/iter. Inference: 0.1555 s/iter. Eval: 1.2319 s/iter. Total: 1.3894 s/iter. ETA=1:13:59
[12/10 04:53:37 d2.evaluation.evaluator]: Inference done 751/3943. Dataloading: 0.0019 s/iter. Inference: 0.1555 s/iter. Eval: 1.2336 s/iter. Total: 1.3912 s/iter. ETA=1:14:00
[12/10 04:53:43 d2.evaluation.evaluator]: Inference done 754/3943. Dataloading: 0.0019 s/iter. Inference: 0.1555 s/iter. Eval: 1.2360 s/iter. Total: 1.3936 s/iter. ETA=1:14:04
[12/10 04:53:50 d2.evaluation.evaluator]: Inference done 758/3943. Dataloading: 0.0019 s/iter. Inference: 0.1555 s/iter. Eval: 1.2369 s/iter. Total: 1.3945 s/iter. ETA=1:14:01
[12/10 04:53:55 d2.evaluation.evaluator]: Inference done 761/3943. Dataloading: 0.0019 s/iter. Inference: 0.1555 s/iter. Eval: 1.2385 s/iter. Total: 1.3960 s/iter. ETA=1:14:02
[12/10 04:54:01 d2.evaluation.evaluator]: Inference done 766/3943. Dataloading: 0.0019 s/iter. Inference: 0.1555 s/iter. Eval: 1.2372 s/iter. Total: 1.3947 s/iter. ETA=1:13:51
[12/10 04:54:07 d2.evaluation.evaluator]: Inference done 770/3943. Dataloading: 0.0019 s/iter. Inference: 0.1556 s/iter. Eval: 1.2380 s/iter. Total: 1.3956 s/iter. ETA=1:13:48
[12/10 04:54:13 d2.evaluation.evaluator]: Inference done 776/3943. Dataloading: 0.0019 s/iter. Inference: 0.1555 s/iter. Eval: 1.2349 s/iter. Total: 1.3925 s/iter. ETA=1:13:30
[12/10 04:54:19 d2.evaluation.evaluator]: Inference done 782/3943. Dataloading: 0.0019 s/iter. Inference: 0.1555 s/iter. Eval: 1.2318 s/iter. Total: 1.3894 s/iter. ETA=1:13:11
[12/10 04:54:24 d2.evaluation.evaluator]: Inference done 787/3943. Dataloading: 0.0019 s/iter. Inference: 0.1555 s/iter. Eval: 1.2294 s/iter. Total: 1.3870 s/iter. ETA=1:12:57
[12/10 04:54:30 d2.evaluation.evaluator]: Inference done 791/3943. Dataloading: 0.0019 s/iter. Inference: 0.1555 s/iter. Eval: 1.2298 s/iter. Total: 1.3873 s/iter. ETA=1:12:52
[12/10 04:54:37 d2.evaluation.evaluator]: Inference done 795/3943. Dataloading: 0.0019 s/iter. Inference: 0.1555 s/iter. Eval: 1.2310 s/iter. Total: 1.3885 s/iter. ETA=1:12:51
[12/10 04:54:43 d2.evaluation.evaluator]: Inference done 800/3943. Dataloading: 0.0019 s/iter. Inference: 0.1555 s/iter. Eval: 1.2307 s/iter. Total: 1.3882 s/iter. ETA=1:12:43
[12/10 04:54:49 d2.evaluation.evaluator]: Inference done 803/3943. Dataloading: 0.0019 s/iter. Inference: 0.1555 s/iter. Eval: 1.2332 s/iter. Total: 1.3908 s/iter. ETA=1:12:46
[12/10 04:54:54 d2.evaluation.evaluator]: Inference done 807/3943. Dataloading: 0.0019 s/iter. Inference: 0.1555 s/iter. Eval: 1.2325 s/iter. Total: 1.3901 s/iter. ETA=1:12:39
[12/10 04:55:00 d2.evaluation.evaluator]: Inference done 812/3943. Dataloading: 0.0019 s/iter. Inference: 0.1555 s/iter. Eval: 1.2310 s/iter. Total: 1.3885 s/iter. ETA=1:12:27
[12/10 04:55:06 d2.evaluation.evaluator]: Inference done 817/3943. Dataloading: 0.0019 s/iter. Inference: 0.1555 s/iter. Eval: 1.2298 s/iter. Total: 1.3873 s/iter. ETA=1:12:16
[12/10 04:55:11 d2.evaluation.evaluator]: Inference done 821/3943. Dataloading: 0.0019 s/iter. Inference: 0.1555 s/iter. Eval: 1.2292 s/iter. Total: 1.3867 s/iter. ETA=1:12:09
[12/10 04:55:16 d2.evaluation.evaluator]: Inference done 824/3943. Dataloading: 0.0019 s/iter. Inference: 0.1555 s/iter. Eval: 1.2302 s/iter. Total: 1.3877 s/iter. ETA=1:12:08
[12/10 04:55:22 d2.evaluation.evaluator]: Inference done 827/3943. Dataloading: 0.0019 s/iter. Inference: 0.1555 s/iter. Eval: 1.2319 s/iter. Total: 1.3894 s/iter. ETA=1:12:09
[12/10 04:55:27 d2.evaluation.evaluator]: Inference done 832/3943. Dataloading: 0.0019 s/iter. Inference: 0.1555 s/iter. Eval: 1.2304 s/iter. Total: 1.3879 s/iter. ETA=1:11:57
[12/10 04:55:33 d2.evaluation.evaluator]: Inference done 838/3943. Dataloading: 0.0019 s/iter. Inference: 0.1555 s/iter. Eval: 1.2276 s/iter. Total: 1.3851 s/iter. ETA=1:11:40
[12/10 04:55:38 d2.evaluation.evaluator]: Inference done 843/3943. Dataloading: 0.0019 s/iter. Inference: 0.1554 s/iter. Eval: 1.2254 s/iter. Total: 1.3829 s/iter. ETA=1:11:26
[12/10 04:55:44 d2.evaluation.evaluator]: Inference done 846/3943. Dataloading: 0.0019 s/iter. Inference: 0.1555 s/iter. Eval: 1.2273 s/iter. Total: 1.3848 s/iter. ETA=1:11:28
[12/10 04:55:49 d2.evaluation.evaluator]: Inference done 850/3943. Dataloading: 0.0019 s/iter. Inference: 0.1554 s/iter. Eval: 1.2268 s/iter. Total: 1.3842 s/iter. ETA=1:11:21
[12/10 04:55:55 d2.evaluation.evaluator]: Inference done 853/3943. Dataloading: 0.0019 s/iter. Inference: 0.1554 s/iter. Eval: 1.2288 s/iter. Total: 1.3863 s/iter. ETA=1:11:23
[12/10 04:56:01 d2.evaluation.evaluator]: Inference done 857/3943. Dataloading: 0.0019 s/iter. Inference: 0.1555 s/iter. Eval: 1.2286 s/iter. Total: 1.3861 s/iter. ETA=1:11:17
[12/10 04:56:06 d2.evaluation.evaluator]: Inference done 861/3943. Dataloading: 0.0019 s/iter. Inference: 0.1554 s/iter. Eval: 1.2284 s/iter. Total: 1.3859 s/iter. ETA=1:11:11
[12/10 04:56:11 d2.evaluation.evaluator]: Inference done 867/3943. Dataloading: 0.0019 s/iter. Inference: 0.1554 s/iter. Eval: 1.2251 s/iter. Total: 1.3826 s/iter. ETA=1:10:52
[12/10 04:56:17 d2.evaluation.evaluator]: Inference done 872/3943. Dataloading: 0.0019 s/iter. Inference: 0.1554 s/iter. Eval: 1.2241 s/iter. Total: 1.3816 s/iter. ETA=1:10:42
[12/10 04:56:22 d2.evaluation.evaluator]: Inference done 875/3943. Dataloading: 0.0019 s/iter. Inference: 0.1554 s/iter. Eval: 1.2251 s/iter. Total: 1.3826 s/iter. ETA=1:10:41
[12/10 04:56:28 d2.evaluation.evaluator]: Inference done 880/3943. Dataloading: 0.0019 s/iter. Inference: 0.1554 s/iter. Eval: 1.2240 s/iter. Total: 1.3814 s/iter. ETA=1:10:31
[12/10 04:56:35 d2.evaluation.evaluator]: Inference done 884/3943. Dataloading: 0.0019 s/iter. Inference: 0.1554 s/iter. Eval: 1.2254 s/iter. Total: 1.3828 s/iter. ETA=1:10:29
[12/10 04:56:40 d2.evaluation.evaluator]: Inference done 888/3943. Dataloading: 0.0019 s/iter. Inference: 0.1554 s/iter. Eval: 1.2248 s/iter. Total: 1.3822 s/iter. ETA=1:10:22
[12/10 04:56:47 d2.evaluation.evaluator]: Inference done 893/3943. Dataloading: 0.0019 s/iter. Inference: 0.1554 s/iter. Eval: 1.2243 s/iter. Total: 1.3817 s/iter. ETA=1:10:14
[12/10 04:56:52 d2.evaluation.evaluator]: Inference done 896/3943. Dataloading: 0.0019 s/iter. Inference: 0.1554 s/iter. Eval: 1.2257 s/iter. Total: 1.3831 s/iter. ETA=1:10:14
[12/10 04:56:58 d2.evaluation.evaluator]: Inference done 901/3943. Dataloading: 0.0019 s/iter. Inference: 0.1553 s/iter. Eval: 1.2252 s/iter. Total: 1.3825 s/iter. ETA=1:10:05
[12/10 04:57:04 d2.evaluation.evaluator]: Inference done 905/3943. Dataloading: 0.0019 s/iter. Inference: 0.1553 s/iter. Eval: 1.2248 s/iter. Total: 1.3822 s/iter. ETA=1:09:59
[12/10 04:57:10 d2.evaluation.evaluator]: Inference done 909/3943. Dataloading: 0.0019 s/iter. Inference: 0.1553 s/iter. Eval: 1.2256 s/iter. Total: 1.3830 s/iter. ETA=1:09:55
[12/10 04:57:16 d2.evaluation.evaluator]: Inference done 913/3943. Dataloading: 0.0019 s/iter. Inference: 0.1553 s/iter. Eval: 1.2260 s/iter. Total: 1.3833 s/iter. ETA=1:09:51
[12/10 04:57:21 d2.evaluation.evaluator]: Inference done 917/3943. Dataloading: 0.0019 s/iter. Inference: 0.1553 s/iter. Eval: 1.2262 s/iter. Total: 1.3835 s/iter. ETA=1:09:46
[12/10 04:57:26 d2.evaluation.evaluator]: Inference done 922/3943. Dataloading: 0.0019 s/iter. Inference: 0.1553 s/iter. Eval: 1.2242 s/iter. Total: 1.3815 s/iter. ETA=1:09:33
[12/10 04:57:32 d2.evaluation.evaluator]: Inference done 926/3943. Dataloading: 0.0019 s/iter. Inference: 0.1553 s/iter. Eval: 1.2247 s/iter. Total: 1.3820 s/iter. ETA=1:09:29
[12/10 04:57:38 d2.evaluation.evaluator]: Inference done 930/3943. Dataloading: 0.0019 s/iter. Inference: 0.1553 s/iter. Eval: 1.2243 s/iter. Total: 1.3816 s/iter. ETA=1:09:22
[12/10 04:57:43 d2.evaluation.evaluator]: Inference done 934/3943. Dataloading: 0.0019 s/iter. Inference: 0.1553 s/iter. Eval: 1.2241 s/iter. Total: 1.3815 s/iter. ETA=1:09:16
[12/10 04:57:49 d2.evaluation.evaluator]: Inference done 939/3943. Dataloading: 0.0019 s/iter. Inference: 0.1553 s/iter. Eval: 1.2233 s/iter. Total: 1.3807 s/iter. ETA=1:09:07
[12/10 04:57:56 d2.evaluation.evaluator]: Inference done 943/3943. Dataloading: 0.0019 s/iter. Inference: 0.1553 s/iter. Eval: 1.2242 s/iter. Total: 1.3816 s/iter. ETA=1:09:04
[12/10 04:58:01 d2.evaluation.evaluator]: Inference done 946/3943. Dataloading: 0.0019 s/iter. Inference: 0.1553 s/iter. Eval: 1.2260 s/iter. Total: 1.3834 s/iter. ETA=1:09:05
[12/10 04:58:07 d2.evaluation.evaluator]: Inference done 950/3943. Dataloading: 0.0019 s/iter. Inference: 0.1553 s/iter. Eval: 1.2256 s/iter. Total: 1.3830 s/iter. ETA=1:08:59
[12/10 04:58:12 d2.evaluation.evaluator]: Inference done 955/3943. Dataloading: 0.0019 s/iter. Inference: 0.1553 s/iter. Eval: 1.2242 s/iter. Total: 1.3815 s/iter. ETA=1:08:47
[12/10 04:58:18 d2.evaluation.evaluator]: Inference done 958/3943. Dataloading: 0.0019 s/iter. Inference: 0.1553 s/iter. Eval: 1.2265 s/iter. Total: 1.3839 s/iter. ETA=1:08:50
[12/10 04:58:24 d2.evaluation.evaluator]: Inference done 961/3943. Dataloading: 0.0019 s/iter. Inference: 0.1553 s/iter. Eval: 1.2278 s/iter. Total: 1.3852 s/iter. ETA=1:08:50
[12/10 04:58:30 d2.evaluation.evaluator]: Inference done 966/3943. Dataloading: 0.0019 s/iter. Inference: 0.1553 s/iter. Eval: 1.2271 s/iter. Total: 1.3844 s/iter. ETA=1:08:41
[12/10 04:58:35 d2.evaluation.evaluator]: Inference done 970/3943. Dataloading: 0.0019 s/iter. Inference: 0.1553 s/iter. Eval: 1.2266 s/iter. Total: 1.3840 s/iter. ETA=1:08:34
[12/10 04:58:42 d2.evaluation.evaluator]: Inference done 975/3943. Dataloading: 0.0019 s/iter. Inference: 0.1553 s/iter. Eval: 1.2270 s/iter. Total: 1.3844 s/iter. ETA=1:08:28
[12/10 04:58:48 d2.evaluation.evaluator]: Inference done 978/3943. Dataloading: 0.0019 s/iter. Inference: 0.1553 s/iter. Eval: 1.2281 s/iter. Total: 1.3854 s/iter. ETA=1:08:27
[12/10 04:58:54 d2.evaluation.evaluator]: Inference done 981/3943. Dataloading: 0.0019 s/iter. Inference: 0.1554 s/iter. Eval: 1.2305 s/iter. Total: 1.3879 s/iter. ETA=1:08:31
[12/10 04:59:00 d2.evaluation.evaluator]: Inference done 985/3943. Dataloading: 0.0019 s/iter. Inference: 0.1554 s/iter. Eval: 1.2305 s/iter. Total: 1.3879 s/iter. ETA=1:08:25
[12/10 04:59:06 d2.evaluation.evaluator]: Inference done 991/3943. Dataloading: 0.0019 s/iter. Inference: 0.1554 s/iter. Eval: 1.2282 s/iter. Total: 1.3856 s/iter. ETA=1:08:10
[12/10 04:59:12 d2.evaluation.evaluator]: Inference done 994/3943. Dataloading: 0.0019 s/iter. Inference: 0.1554 s/iter. Eval: 1.2300 s/iter. Total: 1.3874 s/iter. ETA=1:08:11
[12/10 04:59:18 d2.evaluation.evaluator]: Inference done 996/3943. Dataloading: 0.0019 s/iter. Inference: 0.1554 s/iter. Eval: 1.2335 s/iter. Total: 1.3909 s/iter. ETA=1:08:18
[12/10 04:59:25 d2.evaluation.evaluator]: Inference done 1002/3943. Dataloading: 0.0019 s/iter. Inference: 0.1554 s/iter. Eval: 1.2317 s/iter. Total: 1.3891 s/iter. ETA=1:08:05
[12/10 04:59:30 d2.evaluation.evaluator]: Inference done 1006/3943. Dataloading: 0.0019 s/iter. Inference: 0.1554 s/iter. Eval: 1.2316 s/iter. Total: 1.3891 s/iter. ETA=1:07:59
[12/10 04:59:36 d2.evaluation.evaluator]: Inference done 1010/3943. Dataloading: 0.0019 s/iter. Inference: 0.1554 s/iter. Eval: 1.2324 s/iter. Total: 1.3898 s/iter. ETA=1:07:56
[12/10 04:59:42 d2.evaluation.evaluator]: Inference done 1013/3943. Dataloading: 0.0019 s/iter. Inference: 0.1554 s/iter. Eval: 1.2338 s/iter. Total: 1.3912 s/iter. ETA=1:07:56
[12/10 04:59:47 d2.evaluation.evaluator]: Inference done 1016/3943. Dataloading: 0.0019 s/iter. Inference: 0.1554 s/iter. Eval: 1.2347 s/iter. Total: 1.3921 s/iter. ETA=1:07:54
[12/10 04:59:53 d2.evaluation.evaluator]: Inference done 1020/3943. Dataloading: 0.0019 s/iter. Inference: 0.1554 s/iter. Eval: 1.2352 s/iter. Total: 1.3926 s/iter. ETA=1:07:50
[12/10 04:59:58 d2.evaluation.evaluator]: Inference done 1023/3943. Dataloading: 0.0019 s/iter. Inference: 0.1554 s/iter. Eval: 1.2363 s/iter. Total: 1.3938 s/iter. ETA=1:07:49
[12/10 05:00:05 d2.evaluation.evaluator]: Inference done 1027/3943. Dataloading: 0.0019 s/iter. Inference: 0.1554 s/iter. Eval: 1.2373 s/iter. Total: 1.3948 s/iter. ETA=1:07:47
[12/10 05:00:12 d2.evaluation.evaluator]: Inference done 1031/3943. Dataloading: 0.0019 s/iter. Inference: 0.1554 s/iter. Eval: 1.2382 s/iter. Total: 1.3957 s/iter. ETA=1:07:44
[12/10 05:00:17 d2.evaluation.evaluator]: Inference done 1034/3943. Dataloading: 0.0019 s/iter. Inference: 0.1554 s/iter. Eval: 1.2396 s/iter. Total: 1.3970 s/iter. ETA=1:07:43
[12/10 05:00:24 d2.evaluation.evaluator]: Inference done 1039/3943. Dataloading: 0.0019 s/iter. Inference: 0.1554 s/iter. Eval: 1.2398 s/iter. Total: 1.3972 s/iter. ETA=1:07:37
[12/10 05:00:30 d2.evaluation.evaluator]: Inference done 1044/3943. Dataloading: 0.0019 s/iter. Inference: 0.1554 s/iter. Eval: 1.2381 s/iter. Total: 1.3956 s/iter. ETA=1:07:25
[12/10 05:00:35 d2.evaluation.evaluator]: Inference done 1047/3943. Dataloading: 0.0019 s/iter. Inference: 0.1554 s/iter. Eval: 1.2389 s/iter. Total: 1.3964 s/iter. ETA=1:07:23
[12/10 05:00:41 d2.evaluation.evaluator]: Inference done 1050/3943. Dataloading: 0.0019 s/iter. Inference: 0.1554 s/iter. Eval: 1.2407 s/iter. Total: 1.3982 s/iter. ETA=1:07:25
[12/10 05:00:46 d2.evaluation.evaluator]: Inference done 1055/3943. Dataloading: 0.0019 s/iter. Inference: 0.1554 s/iter. Eval: 1.2390 s/iter. Total: 1.3964 s/iter. ETA=1:07:12
[12/10 05:00:51 d2.evaluation.evaluator]: Inference done 1059/3943. Dataloading: 0.0019 s/iter. Inference: 0.1554 s/iter. Eval: 1.2385 s/iter. Total: 1.3959 s/iter. ETA=1:07:05
[12/10 05:00:57 d2.evaluation.evaluator]: Inference done 1065/3943. Dataloading: 0.0019 s/iter. Inference: 0.1554 s/iter. Eval: 1.2363 s/iter. Total: 1.3938 s/iter. ETA=1:06:51
[12/10 05:01:03 d2.evaluation.evaluator]: Inference done 1070/3943. Dataloading: 0.0019 s/iter. Inference: 0.1554 s/iter. Eval: 1.2359 s/iter. Total: 1.3933 s/iter. ETA=1:06:42
[12/10 05:01:09 d2.evaluation.evaluator]: Inference done 1073/3943. Dataloading: 0.0019 s/iter. Inference: 0.1554 s/iter. Eval: 1.2367 s/iter. Total: 1.3941 s/iter. ETA=1:06:41
[12/10 05:01:14 d2.evaluation.evaluator]: Inference done 1076/3943. Dataloading: 0.0019 s/iter. Inference: 0.1554 s/iter. Eval: 1.2383 s/iter. Total: 1.3958 s/iter. ETA=1:06:41
[12/10 05:01:20 d2.evaluation.evaluator]: Inference done 1081/3943. Dataloading: 0.0019 s/iter. Inference: 0.1554 s/iter. Eval: 1.2372 s/iter. Total: 1.3946 s/iter. ETA=1:06:31
[12/10 05:01:26 d2.evaluation.evaluator]: Inference done 1085/3943. Dataloading: 0.0019 s/iter. Inference: 0.1554 s/iter. Eval: 1.2369 s/iter. Total: 1.3944 s/iter. ETA=1:06:25
[12/10 05:01:33 d2.evaluation.evaluator]: Inference done 1090/3943. Dataloading: 0.0019 s/iter. Inference: 0.1554 s/iter. Eval: 1.2374 s/iter. Total: 1.3948 s/iter. ETA=1:06:19
[12/10 05:01:39 d2.evaluation.evaluator]: Inference done 1094/3943. Dataloading: 0.0019 s/iter. Inference: 0.1554 s/iter. Eval: 1.2378 s/iter. Total: 1.3952 s/iter. ETA=1:06:14
[12/10 05:01:45 d2.evaluation.evaluator]: Inference done 1098/3943. Dataloading: 0.0019 s/iter. Inference: 0.1554 s/iter. Eval: 1.2379 s/iter. Total: 1.3954 s/iter. ETA=1:06:09
[12/10 05:01:51 d2.evaluation.evaluator]: Inference done 1103/3943. Dataloading: 0.0019 s/iter. Inference: 0.1554 s/iter. Eval: 1.2370 s/iter. Total: 1.3944 s/iter. ETA=1:06:00
[12/10 05:01:56 d2.evaluation.evaluator]: Inference done 1107/3943. Dataloading: 0.0019 s/iter. Inference: 0.1554 s/iter. Eval: 1.2371 s/iter. Total: 1.3945 s/iter. ETA=1:05:54
[12/10 05:02:04 d2.evaluation.evaluator]: Inference done 1111/3943. Dataloading: 0.0019 s/iter. Inference: 0.1554 s/iter. Eval: 1.2386 s/iter. Total: 1.3960 s/iter. ETA=1:05:53
[12/10 05:02:09 d2.evaluation.evaluator]: Inference done 1115/3943. Dataloading: 0.0019 s/iter. Inference: 0.1554 s/iter. Eval: 1.2384 s/iter. Total: 1.3959 s/iter. ETA=1:05:47
[12/10 05:02:14 d2.evaluation.evaluator]: Inference done 1119/3943. Dataloading: 0.0019 s/iter. Inference: 0.1554 s/iter. Eval: 1.2381 s/iter. Total: 1.3956 s/iter. ETA=1:05:41
[12/10 05:02:20 d2.evaluation.evaluator]: Inference done 1123/3943. Dataloading: 0.0019 s/iter. Inference: 0.1554 s/iter. Eval: 1.2384 s/iter. Total: 1.3958 s/iter. ETA=1:05:36
[12/10 05:02:26 d2.evaluation.evaluator]: Inference done 1128/3943. Dataloading: 0.0019 s/iter. Inference: 0.1554 s/iter. Eval: 1.2377 s/iter. Total: 1.3952 s/iter. ETA=1:05:27
[12/10 05:02:33 d2.evaluation.evaluator]: Inference done 1132/3943. Dataloading: 0.0019 s/iter. Inference: 0.1554 s/iter. Eval: 1.2382 s/iter. Total: 1.3957 s/iter. ETA=1:05:23
[12/10 05:02:38 d2.evaluation.evaluator]: Inference done 1137/3943. Dataloading: 0.0019 s/iter. Inference: 0.1554 s/iter. Eval: 1.2370 s/iter. Total: 1.3944 s/iter. ETA=1:05:12
[12/10 05:02:43 d2.evaluation.evaluator]: Inference done 1142/3943. Dataloading: 0.0019 s/iter. Inference: 0.1554 s/iter. Eval: 1.2353 s/iter. Total: 1.3927 s/iter. ETA=1:05:00
[12/10 05:02:49 d2.evaluation.evaluator]: Inference done 1146/3943. Dataloading: 0.0019 s/iter. Inference: 0.1553 s/iter. Eval: 1.2353 s/iter. Total: 1.3927 s/iter. ETA=1:04:55
[12/10 05:02:55 d2.evaluation.evaluator]: Inference done 1151/3943. Dataloading: 0.0019 s/iter. Inference: 0.1553 s/iter. Eval: 1.2346 s/iter. Total: 1.3920 s/iter. ETA=1:04:46
[12/10 05:03:02 d2.evaluation.evaluator]: Inference done 1156/3943. Dataloading: 0.0019 s/iter. Inference: 0.1553 s/iter. Eval: 1.2344 s/iter. Total: 1.3918 s/iter. ETA=1:04:38
[12/10 05:03:07 d2.evaluation.evaluator]: Inference done 1161/3943. Dataloading: 0.0019 s/iter. Inference: 0.1553 s/iter. Eval: 1.2333 s/iter. Total: 1.3907 s/iter. ETA=1:04:28
[12/10 05:03:12 d2.evaluation.evaluator]: Inference done 1165/3943. Dataloading: 0.0019 s/iter. Inference: 0.1553 s/iter. Eval: 1.2330 s/iter. Total: 1.3903 s/iter. ETA=1:04:22
[12/10 05:03:18 d2.evaluation.evaluator]: Inference done 1170/3943. Dataloading: 0.0019 s/iter. Inference: 0.1553 s/iter. Eval: 1.2319 s/iter. Total: 1.3892 s/iter. ETA=1:04:12
[12/10 05:03:23 d2.evaluation.evaluator]: Inference done 1174/3943. Dataloading: 0.0019 s/iter. Inference: 0.1553 s/iter. Eval: 1.2316 s/iter. Total: 1.3889 s/iter. ETA=1:04:05
[12/10 05:03:29 d2.evaluation.evaluator]: Inference done 1177/3943. Dataloading: 0.0019 s/iter. Inference: 0.1553 s/iter. Eval: 1.2325 s/iter. Total: 1.3899 s/iter. ETA=1:04:04
[12/10 05:03:35 d2.evaluation.evaluator]: Inference done 1181/3943. Dataloading: 0.0019 s/iter. Inference: 0.1553 s/iter. Eval: 1.2333 s/iter. Total: 1.3906 s/iter. ETA=1:04:00
[12/10 05:03:40 d2.evaluation.evaluator]: Inference done 1184/3943. Dataloading: 0.0019 s/iter. Inference: 0.1553 s/iter. Eval: 1.2342 s/iter. Total: 1.3916 s/iter. ETA=1:03:59
[12/10 05:03:46 d2.evaluation.evaluator]: Inference done 1187/3943. Dataloading: 0.0019 s/iter. Inference: 0.1553 s/iter. Eval: 1.2355 s/iter. Total: 1.3928 s/iter. ETA=1:03:58
[12/10 05:03:52 d2.evaluation.evaluator]: Inference done 1191/3943. Dataloading: 0.0019 s/iter. Inference: 0.1553 s/iter. Eval: 1.2360 s/iter. Total: 1.3934 s/iter. ETA=1:03:54
[12/10 05:03:58 d2.evaluation.evaluator]: Inference done 1195/3943. Dataloading: 0.0019 s/iter. Inference: 0.1553 s/iter. Eval: 1.2365 s/iter. Total: 1.3939 s/iter. ETA=1:03:50
[12/10 05:04:05 d2.evaluation.evaluator]: Inference done 1199/3943. Dataloading: 0.0019 s/iter. Inference: 0.1553 s/iter. Eval: 1.2371 s/iter. Total: 1.3944 s/iter. ETA=1:03:46
[12/10 05:04:10 d2.evaluation.evaluator]: Inference done 1203/3943. Dataloading: 0.0019 s/iter. Inference: 0.1553 s/iter. Eval: 1.2372 s/iter. Total: 1.3945 s/iter. ETA=1:03:40
[12/10 05:04:16 d2.evaluation.evaluator]: Inference done 1206/3943. Dataloading: 0.0019 s/iter. Inference: 0.1553 s/iter. Eval: 1.2382 s/iter. Total: 1.3956 s/iter. ETA=1:03:39
[12/10 05:04:23 d2.evaluation.evaluator]: Inference done 1211/3943. Dataloading: 0.0019 s/iter. Inference: 0.1553 s/iter. Eval: 1.2381 s/iter. Total: 1.3954 s/iter. ETA=1:03:32
[12/10 05:04:28 d2.evaluation.evaluator]: Inference done 1216/3943. Dataloading: 0.0019 s/iter. Inference: 0.1553 s/iter. Eval: 1.2372 s/iter. Total: 1.3945 s/iter. ETA=1:03:22
[12/10 05:04:35 d2.evaluation.evaluator]: Inference done 1221/3943. Dataloading: 0.0019 s/iter. Inference: 0.1553 s/iter. Eval: 1.2366 s/iter. Total: 1.3939 s/iter. ETA=1:03:14
[12/10 05:04:40 d2.evaluation.evaluator]: Inference done 1224/3943. Dataloading: 0.0019 s/iter. Inference: 0.1553 s/iter. Eval: 1.2374 s/iter. Total: 1.3948 s/iter. ETA=1:03:12
[12/10 05:04:45 d2.evaluation.evaluator]: Inference done 1230/3943. Dataloading: 0.0019 s/iter. Inference: 0.1553 s/iter. Eval: 1.2351 s/iter. Total: 1.3924 s/iter. ETA=1:02:57
[12/10 05:04:52 d2.evaluation.evaluator]: Inference done 1236/3943. Dataloading: 0.0019 s/iter. Inference: 0.1553 s/iter. Eval: 1.2336 s/iter. Total: 1.3909 s/iter. ETA=1:02:45
[12/10 05:04:57 d2.evaluation.evaluator]: Inference done 1241/3943. Dataloading: 0.0019 s/iter. Inference: 0.1552 s/iter. Eval: 1.2321 s/iter. Total: 1.3894 s/iter. ETA=1:02:34
[12/10 05:05:02 d2.evaluation.evaluator]: Inference done 1246/3943. Dataloading: 0.0019 s/iter. Inference: 0.1552 s/iter. Eval: 1.2309 s/iter. Total: 1.3881 s/iter. ETA=1:02:23
[12/10 05:05:08 d2.evaluation.evaluator]: Inference done 1252/3943. Dataloading: 0.0019 s/iter. Inference: 0.1552 s/iter. Eval: 1.2291 s/iter. Total: 1.3864 s/iter. ETA=1:02:10
[12/10 05:05:14 d2.evaluation.evaluator]: Inference done 1257/3943. Dataloading: 0.0019 s/iter. Inference: 0.1552 s/iter. Eval: 1.2282 s/iter. Total: 1.3854 s/iter. ETA=1:02:01
[12/10 05:05:21 d2.evaluation.evaluator]: Inference done 1262/3943. Dataloading: 0.0019 s/iter. Inference: 0.1552 s/iter. Eval: 1.2282 s/iter. Total: 1.3855 s/iter. ETA=1:01:54
[12/10 05:05:27 d2.evaluation.evaluator]: Inference done 1266/3943. Dataloading: 0.0019 s/iter. Inference: 0.1552 s/iter. Eval: 1.2281 s/iter. Total: 1.3854 s/iter. ETA=1:01:48
[12/10 05:05:32 d2.evaluation.evaluator]: Inference done 1270/3943. Dataloading: 0.0019 s/iter. Inference: 0.1552 s/iter. Eval: 1.2283 s/iter. Total: 1.3855 s/iter. ETA=1:01:43
[12/10 05:05:38 d2.evaluation.evaluator]: Inference done 1275/3943. Dataloading: 0.0019 s/iter. Inference: 0.1552 s/iter. Eval: 1.2271 s/iter. Total: 1.3844 s/iter. ETA=1:01:33
[12/10 05:05:43 d2.evaluation.evaluator]: Inference done 1280/3943. Dataloading: 0.0019 s/iter. Inference: 0.1552 s/iter. Eval: 1.2258 s/iter. Total: 1.3831 s/iter. ETA=1:01:23
[12/10 05:05:48 d2.evaluation.evaluator]: Inference done 1283/3943. Dataloading: 0.0019 s/iter. Inference: 0.1552 s/iter. Eval: 1.2268 s/iter. Total: 1.3840 s/iter. ETA=1:01:21
[12/10 05:05:54 d2.evaluation.evaluator]: Inference done 1288/3943. Dataloading: 0.0019 s/iter. Inference: 0.1552 s/iter. Eval: 1.2254 s/iter. Total: 1.3827 s/iter. ETA=1:01:10
[12/10 05:05:59 d2.evaluation.evaluator]: Inference done 1293/3943. Dataloading: 0.0019 s/iter. Inference: 0.1552 s/iter. Eval: 1.2244 s/iter. Total: 1.3816 s/iter. ETA=1:01:01
[12/10 05:06:05 d2.evaluation.evaluator]: Inference done 1299/3943. Dataloading: 0.0019 s/iter. Inference: 0.1552 s/iter. Eval: 1.2227 s/iter. Total: 1.3799 s/iter. ETA=1:00:48
[12/10 05:06:11 d2.evaluation.evaluator]: Inference done 1305/3943. Dataloading: 0.0019 s/iter. Inference: 0.1552 s/iter. Eval: 1.2209 s/iter. Total: 1.3781 s/iter. ETA=1:00:35
[12/10 05:06:16 d2.evaluation.evaluator]: Inference done 1308/3943. Dataloading: 0.0019 s/iter. Inference: 0.1552 s/iter. Eval: 1.2217 s/iter. Total: 1.3789 s/iter. ETA=1:00:33
[12/10 05:06:23 d2.evaluation.evaluator]: Inference done 1313/3943. Dataloading: 0.0019 s/iter. Inference: 0.1552 s/iter. Eval: 1.2213 s/iter. Total: 1.3785 s/iter. ETA=1:00:25
[12/10 05:06:30 d2.evaluation.evaluator]: Inference done 1320/3943. Dataloading: 0.0019 s/iter. Inference: 0.1551 s/iter. Eval: 1.2192 s/iter. Total: 1.3764 s/iter. ETA=1:00:10
[12/10 05:06:35 d2.evaluation.evaluator]: Inference done 1324/3943. Dataloading: 0.0019 s/iter. Inference: 0.1551 s/iter. Eval: 1.2193 s/iter. Total: 1.3765 s/iter. ETA=1:00:05
[12/10 05:06:42 d2.evaluation.evaluator]: Inference done 1327/3943. Dataloading: 0.0019 s/iter. Inference: 0.1551 s/iter. Eval: 1.2215 s/iter. Total: 1.3787 s/iter. ETA=1:00:06
[12/10 05:06:48 d2.evaluation.evaluator]: Inference done 1332/3943. Dataloading: 0.0019 s/iter. Inference: 0.1552 s/iter. Eval: 1.2210 s/iter. Total: 1.3782 s/iter. ETA=0:59:58
[12/10 05:06:53 d2.evaluation.evaluator]: Inference done 1338/3943. Dataloading: 0.0019 s/iter. Inference: 0.1551 s/iter. Eval: 1.2186 s/iter. Total: 1.3757 s/iter. ETA=0:59:43
[12/10 05:06:59 d2.evaluation.evaluator]: Inference done 1342/3943. Dataloading: 0.0019 s/iter. Inference: 0.1551 s/iter. Eval: 1.2183 s/iter. Total: 1.3755 s/iter. ETA=0:59:37
[12/10 05:07:04 d2.evaluation.evaluator]: Inference done 1346/3943. Dataloading: 0.0019 s/iter. Inference: 0.1551 s/iter. Eval: 1.2184 s/iter. Total: 1.3756 s/iter. ETA=0:59:32
[12/10 05:07:09 d2.evaluation.evaluator]: Inference done 1351/3943. Dataloading: 0.0019 s/iter. Inference: 0.1551 s/iter. Eval: 1.2172 s/iter. Total: 1.3743 s/iter. ETA=0:59:22
[12/10 05:07:15 d2.evaluation.evaluator]: Inference done 1357/3943. Dataloading: 0.0019 s/iter. Inference: 0.1551 s/iter. Eval: 1.2152 s/iter. Total: 1.3724 s/iter. ETA=0:59:08
[12/10 05:07:21 d2.evaluation.evaluator]: Inference done 1362/3943. Dataloading: 0.0019 s/iter. Inference: 0.1551 s/iter. Eval: 1.2144 s/iter. Total: 1.3715 s/iter. ETA=0:58:59
[12/10 05:07:26 d2.evaluation.evaluator]: Inference done 1367/3943. Dataloading: 0.0019 s/iter. Inference: 0.1551 s/iter. Eval: 1.2133 s/iter. Total: 1.3705 s/iter. ETA=0:58:50
[12/10 05:07:32 d2.evaluation.evaluator]: Inference done 1371/3943. Dataloading: 0.0019 s/iter. Inference: 0.1551 s/iter. Eval: 1.2137 s/iter. Total: 1.3708 s/iter. ETA=0:58:45
[12/10 05:07:37 d2.evaluation.evaluator]: Inference done 1375/3943. Dataloading: 0.0019 s/iter. Inference: 0.1551 s/iter. Eval: 1.2134 s/iter. Total: 1.3705 s/iter. ETA=0:58:39
[12/10 05:07:43 d2.evaluation.evaluator]: Inference done 1379/3943. Dataloading: 0.0019 s/iter. Inference: 0.1551 s/iter. Eval: 1.2135 s/iter. Total: 1.3706 s/iter. ETA=0:58:34
[12/10 05:07:48 d2.evaluation.evaluator]: Inference done 1383/3943. Dataloading: 0.0019 s/iter. Inference: 0.1551 s/iter. Eval: 1.2136 s/iter. Total: 1.3707 s/iter. ETA=0:58:29
[12/10 05:07:55 d2.evaluation.evaluator]: Inference done 1387/3943. Dataloading: 0.0019 s/iter. Inference: 0.1551 s/iter. Eval: 1.2144 s/iter. Total: 1.3715 s/iter. ETA=0:58:25
[12/10 05:08:00 d2.evaluation.evaluator]: Inference done 1391/3943. Dataloading: 0.0019 s/iter. Inference: 0.1551 s/iter. Eval: 1.2141 s/iter. Total: 1.3712 s/iter. ETA=0:58:19
[12/10 05:08:06 d2.evaluation.evaluator]: Inference done 1395/3943. Dataloading: 0.0019 s/iter. Inference: 0.1551 s/iter. Eval: 1.2143 s/iter. Total: 1.3715 s/iter. ETA=0:58:14
[12/10 05:08:12 d2.evaluation.evaluator]: Inference done 1400/3943. Dataloading: 0.0019 s/iter. Inference: 0.1551 s/iter. Eval: 1.2138 s/iter. Total: 1.3709 s/iter. ETA=0:58:06
[12/10 05:08:18 d2.evaluation.evaluator]: Inference done 1404/3943. Dataloading: 0.0019 s/iter. Inference: 0.1551 s/iter. Eval: 1.2139 s/iter. Total: 1.3710 s/iter. ETA=0:58:00
[12/10 05:08:24 d2.evaluation.evaluator]: Inference done 1408/3943. Dataloading: 0.0019 s/iter. Inference: 0.1551 s/iter. Eval: 1.2143 s/iter. Total: 1.3714 s/iter. ETA=0:57:56
[12/10 05:08:31 d2.evaluation.evaluator]: Inference done 1413/3943. Dataloading: 0.0019 s/iter. Inference: 0.1551 s/iter. Eval: 1.2145 s/iter. Total: 1.3716 s/iter. ETA=0:57:50
[12/10 05:08:37 d2.evaluation.evaluator]: Inference done 1419/3943. Dataloading: 0.0019 s/iter. Inference: 0.1551 s/iter. Eval: 1.2128 s/iter. Total: 1.3699 s/iter. ETA=0:57:37
[12/10 05:08:42 d2.evaluation.evaluator]: Inference done 1422/3943. Dataloading: 0.0019 s/iter. Inference: 0.1551 s/iter. Eval: 1.2135 s/iter. Total: 1.3706 s/iter. ETA=0:57:35
[12/10 05:08:47 d2.evaluation.evaluator]: Inference done 1427/3943. Dataloading: 0.0019 s/iter. Inference: 0.1550 s/iter. Eval: 1.2124 s/iter. Total: 1.3695 s/iter. ETA=0:57:25
[12/10 05:08:53 d2.evaluation.evaluator]: Inference done 1430/3943. Dataloading: 0.0019 s/iter. Inference: 0.1551 s/iter. Eval: 1.2140 s/iter. Total: 1.3711 s/iter. ETA=0:57:25
[12/10 05:08:59 d2.evaluation.evaluator]: Inference done 1435/3943. Dataloading: 0.0019 s/iter. Inference: 0.1551 s/iter. Eval: 1.2132 s/iter. Total: 1.3703 s/iter. ETA=0:57:16
[12/10 05:09:05 d2.evaluation.evaluator]: Inference done 1440/3943. Dataloading: 0.0019 s/iter. Inference: 0.1551 s/iter. Eval: 1.2125 s/iter. Total: 1.3696 s/iter. ETA=0:57:08
[12/10 05:09:11 d2.evaluation.evaluator]: Inference done 1446/3943. Dataloading: 0.0019 s/iter. Inference: 0.1551 s/iter. Eval: 1.2107 s/iter. Total: 1.3678 s/iter. ETA=0:56:55
[12/10 05:09:16 d2.evaluation.evaluator]: Inference done 1453/3943. Dataloading: 0.0019 s/iter. Inference: 0.1550 s/iter. Eval: 1.2077 s/iter. Total: 1.3648 s/iter. ETA=0:56:38
[12/10 05:09:22 d2.evaluation.evaluator]: Inference done 1458/3943. Dataloading: 0.0019 s/iter. Inference: 0.1550 s/iter. Eval: 1.2072 s/iter. Total: 1.3643 s/iter. ETA=0:56:30
[12/10 05:09:29 d2.evaluation.evaluator]: Inference done 1461/3943. Dataloading: 0.0019 s/iter. Inference: 0.1550 s/iter. Eval: 1.2090 s/iter. Total: 1.3661 s/iter. ETA=0:56:30
[12/10 05:09:34 d2.evaluation.evaluator]: Inference done 1467/3943. Dataloading: 0.0019 s/iter. Inference: 0.1550 s/iter. Eval: 1.2073 s/iter. Total: 1.3643 s/iter. ETA=0:56:18
[12/10 05:09:40 d2.evaluation.evaluator]: Inference done 1472/3943. Dataloading: 0.0019 s/iter. Inference: 0.1550 s/iter. Eval: 1.2068 s/iter. Total: 1.3639 s/iter. ETA=0:56:10
[12/10 05:09:46 d2.evaluation.evaluator]: Inference done 1476/3943. Dataloading: 0.0019 s/iter. Inference: 0.1550 s/iter. Eval: 1.2068 s/iter. Total: 1.3639 s/iter. ETA=0:56:04
[12/10 05:09:51 d2.evaluation.evaluator]: Inference done 1480/3943. Dataloading: 0.0019 s/iter. Inference: 0.1550 s/iter. Eval: 1.2066 s/iter. Total: 1.3636 s/iter. ETA=0:55:58
[12/10 05:09:56 d2.evaluation.evaluator]: Inference done 1486/3943. Dataloading: 0.0019 s/iter. Inference: 0.1550 s/iter. Eval: 1.2047 s/iter. Total: 1.3618 s/iter. ETA=0:55:45
[12/10 05:10:02 d2.evaluation.evaluator]: Inference done 1489/3943. Dataloading: 0.0019 s/iter. Inference: 0.1550 s/iter. Eval: 1.2055 s/iter. Total: 1.3626 s/iter. ETA=0:55:43
[12/10 05:10:07 d2.evaluation.evaluator]: Inference done 1492/3943. Dataloading: 0.0019 s/iter. Inference: 0.1552 s/iter. Eval: 1.2062 s/iter. Total: 1.3634 s/iter. ETA=0:55:41
[12/10 05:10:12 d2.evaluation.evaluator]: Inference done 1497/3943. Dataloading: 0.0019 s/iter. Inference: 0.1552 s/iter. Eval: 1.2051 s/iter. Total: 1.3623 s/iter. ETA=0:55:32
[12/10 05:10:17 d2.evaluation.evaluator]: Inference done 1499/3943. Dataloading: 0.0019 s/iter. Inference: 0.1552 s/iter. Eval: 1.2067 s/iter. Total: 1.3640 s/iter. ETA=0:55:33
[12/10 05:10:23 d2.evaluation.evaluator]: Inference done 1505/3943. Dataloading: 0.0019 s/iter. Inference: 0.1552 s/iter. Eval: 1.2053 s/iter. Total: 1.3625 s/iter. ETA=0:55:21
[12/10 05:10:30 d2.evaluation.evaluator]: Inference done 1509/3943. Dataloading: 0.0019 s/iter. Inference: 0.1552 s/iter. Eval: 1.2058 s/iter. Total: 1.3630 s/iter. ETA=0:55:17
[12/10 05:10:36 d2.evaluation.evaluator]: Inference done 1513/3943. Dataloading: 0.0019 s/iter. Inference: 0.1552 s/iter. Eval: 1.2066 s/iter. Total: 1.3638 s/iter. ETA=0:55:13
[12/10 05:10:42 d2.evaluation.evaluator]: Inference done 1519/3943. Dataloading: 0.0019 s/iter. Inference: 0.1552 s/iter. Eval: 1.2050 s/iter. Total: 1.3622 s/iter. ETA=0:55:01
[12/10 05:10:47 d2.evaluation.evaluator]: Inference done 1524/3943. Dataloading: 0.0019 s/iter. Inference: 0.1551 s/iter. Eval: 1.2042 s/iter. Total: 1.3613 s/iter. ETA=0:54:53
[12/10 05:10:54 d2.evaluation.evaluator]: Inference done 1530/3943. Dataloading: 0.0019 s/iter. Inference: 0.1551 s/iter. Eval: 1.2030 s/iter. Total: 1.3602 s/iter. ETA=0:54:42
[12/10 05:11:00 d2.evaluation.evaluator]: Inference done 1537/3943. Dataloading: 0.0019 s/iter. Inference: 0.1551 s/iter. Eval: 1.2007 s/iter. Total: 1.3579 s/iter. ETA=0:54:27
[12/10 05:11:08 d2.evaluation.evaluator]: Inference done 1542/3943. Dataloading: 0.0019 s/iter. Inference: 0.1551 s/iter. Eval: 1.2013 s/iter. Total: 1.3585 s/iter. ETA=0:54:21
[12/10 05:11:13 d2.evaluation.evaluator]: Inference done 1546/3943. Dataloading: 0.0019 s/iter. Inference: 0.1551 s/iter. Eval: 1.2010 s/iter. Total: 1.3582 s/iter. ETA=0:54:15
[12/10 05:11:18 d2.evaluation.evaluator]: Inference done 1552/3943. Dataloading: 0.0019 s/iter. Inference: 0.1551 s/iter. Eval: 1.1994 s/iter. Total: 1.3566 s/iter. ETA=0:54:03
[12/10 05:11:23 d2.evaluation.evaluator]: Inference done 1556/3943. Dataloading: 0.0019 s/iter. Inference: 0.1551 s/iter. Eval: 1.1992 s/iter. Total: 1.3564 s/iter. ETA=0:53:57
[12/10 05:11:29 d2.evaluation.evaluator]: Inference done 1561/3943. Dataloading: 0.0019 s/iter. Inference: 0.1551 s/iter. Eval: 1.1982 s/iter. Total: 1.3554 s/iter. ETA=0:53:48
[12/10 05:11:35 d2.evaluation.evaluator]: Inference done 1567/3943. Dataloading: 0.0019 s/iter. Inference: 0.1551 s/iter. Eval: 1.1968 s/iter. Total: 1.3540 s/iter. ETA=0:53:37
[12/10 05:11:40 d2.evaluation.evaluator]: Inference done 1572/3943. Dataloading: 0.0019 s/iter. Inference: 0.1551 s/iter. Eval: 1.1961 s/iter. Total: 1.3533 s/iter. ETA=0:53:28
[12/10 05:11:46 d2.evaluation.evaluator]: Inference done 1576/3943. Dataloading: 0.0019 s/iter. Inference: 0.1551 s/iter. Eval: 1.1966 s/iter. Total: 1.3538 s/iter. ETA=0:53:24
[12/10 05:11:52 d2.evaluation.evaluator]: Inference done 1580/3943. Dataloading: 0.0019 s/iter. Inference: 0.1551 s/iter. Eval: 1.1965 s/iter. Total: 1.3536 s/iter. ETA=0:53:18
[12/10 05:11:58 d2.evaluation.evaluator]: Inference done 1585/3943. Dataloading: 0.0019 s/iter. Inference: 0.1551 s/iter. Eval: 1.1963 s/iter. Total: 1.3535 s/iter. ETA=0:53:11
[12/10 05:12:05 d2.evaluation.evaluator]: Inference done 1591/3943. Dataloading: 0.0019 s/iter. Inference: 0.1551 s/iter. Eval: 1.1954 s/iter. Total: 1.3526 s/iter. ETA=0:53:01
[12/10 05:12:10 d2.evaluation.evaluator]: Inference done 1594/3943. Dataloading: 0.0019 s/iter. Inference: 0.1551 s/iter. Eval: 1.1961 s/iter. Total: 1.3532 s/iter. ETA=0:52:58
[12/10 05:12:16 d2.evaluation.evaluator]: Inference done 1599/3943. Dataloading: 0.0019 s/iter. Inference: 0.1551 s/iter. Eval: 1.1957 s/iter. Total: 1.3528 s/iter. ETA=0:52:51
[12/10 05:12:23 d2.evaluation.evaluator]: Inference done 1604/3943. Dataloading: 0.0019 s/iter. Inference: 0.1551 s/iter. Eval: 1.1956 s/iter. Total: 1.3527 s/iter. ETA=0:52:43
[12/10 05:12:29 d2.evaluation.evaluator]: Inference done 1610/3943. Dataloading: 0.0019 s/iter. Inference: 0.1551 s/iter. Eval: 1.1945 s/iter. Total: 1.3516 s/iter. ETA=0:52:33
[12/10 05:12:35 d2.evaluation.evaluator]: Inference done 1617/3943. Dataloading: 0.0019 s/iter. Inference: 0.1551 s/iter. Eval: 1.1924 s/iter. Total: 1.3495 s/iter. ETA=0:52:18
[12/10 05:12:41 d2.evaluation.evaluator]: Inference done 1622/3943. Dataloading: 0.0019 s/iter. Inference: 0.1551 s/iter. Eval: 1.1917 s/iter. Total: 1.3488 s/iter. ETA=0:52:10
[12/10 05:12:46 d2.evaluation.evaluator]: Inference done 1625/3943. Dataloading: 0.0019 s/iter. Inference: 0.1551 s/iter. Eval: 1.1926 s/iter. Total: 1.3497 s/iter. ETA=0:52:08
[12/10 05:12:52 d2.evaluation.evaluator]: Inference done 1630/3943. Dataloading: 0.0019 s/iter. Inference: 0.1551 s/iter. Eval: 1.1923 s/iter. Total: 1.3494 s/iter. ETA=0:52:01
[12/10 05:12:59 d2.evaluation.evaluator]: Inference done 1634/3943. Dataloading: 0.0019 s/iter. Inference: 0.1551 s/iter. Eval: 1.1930 s/iter. Total: 1.3501 s/iter. ETA=0:51:57
[12/10 05:13:04 d2.evaluation.evaluator]: Inference done 1638/3943. Dataloading: 0.0019 s/iter. Inference: 0.1551 s/iter. Eval: 1.1928 s/iter. Total: 1.3499 s/iter. ETA=0:51:51
[12/10 05:13:11 d2.evaluation.evaluator]: Inference done 1644/3943. Dataloading: 0.0019 s/iter. Inference: 0.1551 s/iter. Eval: 1.1919 s/iter. Total: 1.3490 s/iter. ETA=0:51:41
[12/10 05:13:16 d2.evaluation.evaluator]: Inference done 1648/3943. Dataloading: 0.0019 s/iter. Inference: 0.1550 s/iter. Eval: 1.1917 s/iter. Total: 1.3488 s/iter. ETA=0:51:35
[12/10 05:13:22 d2.evaluation.evaluator]: Inference done 1653/3943. Dataloading: 0.0019 s/iter. Inference: 0.1550 s/iter. Eval: 1.1912 s/iter. Total: 1.3483 s/iter. ETA=0:51:27
[12/10 05:13:28 d2.evaluation.evaluator]: Inference done 1656/3943. Dataloading: 0.0019 s/iter. Inference: 0.1550 s/iter. Eval: 1.1928 s/iter. Total: 1.3499 s/iter. ETA=0:51:27
[12/10 05:13:35 d2.evaluation.evaluator]: Inference done 1659/3943. Dataloading: 0.0019 s/iter. Inference: 0.1550 s/iter. Eval: 1.1942 s/iter. Total: 1.3513 s/iter. ETA=0:51:26
[12/10 05:13:41 d2.evaluation.evaluator]: Inference done 1663/3943. Dataloading: 0.0019 s/iter. Inference: 0.1551 s/iter. Eval: 1.1946 s/iter. Total: 1.3517 s/iter. ETA=0:51:21
[12/10 05:13:46 d2.evaluation.evaluator]: Inference done 1666/3943. Dataloading: 0.0019 s/iter. Inference: 0.1551 s/iter. Eval: 1.1952 s/iter. Total: 1.3524 s/iter. ETA=0:51:19
[12/10 05:13:54 d2.evaluation.evaluator]: Inference done 1670/3943. Dataloading: 0.0019 s/iter. Inference: 0.1551 s/iter. Eval: 1.1966 s/iter. Total: 1.3538 s/iter. ETA=0:51:17
[12/10 05:14:00 d2.evaluation.evaluator]: Inference done 1677/3943. Dataloading: 0.0019 s/iter. Inference: 0.1551 s/iter. Eval: 1.1949 s/iter. Total: 1.3520 s/iter. ETA=0:51:03
[12/10 05:14:08 d2.evaluation.evaluator]: Inference done 1682/3943. Dataloading: 0.0019 s/iter. Inference: 0.1551 s/iter. Eval: 1.1953 s/iter. Total: 1.3524 s/iter. ETA=0:50:57
[12/10 05:14:13 d2.evaluation.evaluator]: Inference done 1686/3943. Dataloading: 0.0019 s/iter. Inference: 0.1551 s/iter. Eval: 1.1950 s/iter. Total: 1.3521 s/iter. ETA=0:50:51
[12/10 05:14:18 d2.evaluation.evaluator]: Inference done 1691/3943. Dataloading: 0.0019 s/iter. Inference: 0.1551 s/iter. Eval: 1.1943 s/iter. Total: 1.3514 s/iter. ETA=0:50:43
[12/10 05:14:23 d2.evaluation.evaluator]: Inference done 1693/3943. Dataloading: 0.0019 s/iter. Inference: 0.1551 s/iter. Eval: 1.1957 s/iter. Total: 1.3528 s/iter. ETA=0:50:43
[12/10 05:14:29 d2.evaluation.evaluator]: Inference done 1697/3943. Dataloading: 0.0019 s/iter. Inference: 0.1551 s/iter. Eval: 1.1957 s/iter. Total: 1.3528 s/iter. ETA=0:50:38
[12/10 05:14:35 d2.evaluation.evaluator]: Inference done 1701/3943. Dataloading: 0.0019 s/iter. Inference: 0.1551 s/iter. Eval: 1.1964 s/iter. Total: 1.3535 s/iter. ETA=0:50:34
[12/10 05:14:41 d2.evaluation.evaluator]: Inference done 1705/3943. Dataloading: 0.0019 s/iter. Inference: 0.1551 s/iter. Eval: 1.1965 s/iter. Total: 1.3536 s/iter. ETA=0:50:29
[12/10 05:14:47 d2.evaluation.evaluator]: Inference done 1709/3943. Dataloading: 0.0019 s/iter. Inference: 0.1551 s/iter. Eval: 1.1967 s/iter. Total: 1.3539 s/iter. ETA=0:50:24
[12/10 05:14:52 d2.evaluation.evaluator]: Inference done 1715/3943. Dataloading: 0.0019 s/iter. Inference: 0.1551 s/iter. Eval: 1.1951 s/iter. Total: 1.3522 s/iter. ETA=0:50:12
[12/10 05:14:57 d2.evaluation.evaluator]: Inference done 1720/3943. Dataloading: 0.0019 s/iter. Inference: 0.1551 s/iter. Eval: 1.1943 s/iter. Total: 1.3514 s/iter. ETA=0:50:04
[12/10 05:15:02 d2.evaluation.evaluator]: Inference done 1726/3943. Dataloading: 0.0019 s/iter. Inference: 0.1551 s/iter. Eval: 1.1926 s/iter. Total: 1.3497 s/iter. ETA=0:49:52
[12/10 05:15:09 d2.evaluation.evaluator]: Inference done 1731/3943. Dataloading: 0.0019 s/iter. Inference: 0.1551 s/iter. Eval: 1.1924 s/iter. Total: 1.3495 s/iter. ETA=0:49:45
[12/10 05:15:15 d2.evaluation.evaluator]: Inference done 1737/3943. Dataloading: 0.0019 s/iter. Inference: 0.1551 s/iter. Eval: 1.1914 s/iter. Total: 1.3485 s/iter. ETA=0:49:34
[12/10 05:15:21 d2.evaluation.evaluator]: Inference done 1740/3943. Dataloading: 0.0019 s/iter. Inference: 0.1551 s/iter. Eval: 1.1923 s/iter. Total: 1.3494 s/iter. ETA=0:49:32
[12/10 05:15:26 d2.evaluation.evaluator]: Inference done 1744/3943. Dataloading: 0.0019 s/iter. Inference: 0.1551 s/iter. Eval: 1.1922 s/iter. Total: 1.3493 s/iter. ETA=0:49:27
[12/10 05:15:32 d2.evaluation.evaluator]: Inference done 1748/3943. Dataloading: 0.0019 s/iter. Inference: 0.1551 s/iter. Eval: 1.1925 s/iter. Total: 1.3496 s/iter. ETA=0:49:22
[12/10 05:15:39 d2.evaluation.evaluator]: Inference done 1752/3943. Dataloading: 0.0019 s/iter. Inference: 0.1551 s/iter. Eval: 1.1932 s/iter. Total: 1.3503 s/iter. ETA=0:49:18
[12/10 05:15:44 d2.evaluation.evaluator]: Inference done 1756/3943. Dataloading: 0.0019 s/iter. Inference: 0.1551 s/iter. Eval: 1.1931 s/iter. Total: 1.3503 s/iter. ETA=0:49:13
[12/10 05:15:50 d2.evaluation.evaluator]: Inference done 1761/3943. Dataloading: 0.0019 s/iter. Inference: 0.1551 s/iter. Eval: 1.1928 s/iter. Total: 1.3499 s/iter. ETA=0:49:05
[12/10 05:15:55 d2.evaluation.evaluator]: Inference done 1764/3943. Dataloading: 0.0019 s/iter. Inference: 0.1551 s/iter. Eval: 1.1935 s/iter. Total: 1.3506 s/iter. ETA=0:49:02
[12/10 05:16:02 d2.evaluation.evaluator]: Inference done 1769/3943. Dataloading: 0.0019 s/iter. Inference: 0.1551 s/iter. Eval: 1.1935 s/iter. Total: 1.3506 s/iter. ETA=0:48:56
[12/10 05:16:07 d2.evaluation.evaluator]: Inference done 1774/3943. Dataloading: 0.0019 s/iter. Inference: 0.1551 s/iter. Eval: 1.1927 s/iter. Total: 1.3498 s/iter. ETA=0:48:47
[12/10 05:16:13 d2.evaluation.evaluator]: Inference done 1779/3943. Dataloading: 0.0019 s/iter. Inference: 0.1551 s/iter. Eval: 1.1923 s/iter. Total: 1.3494 s/iter. ETA=0:48:40
[12/10 05:16:20 d2.evaluation.evaluator]: Inference done 1782/3943. Dataloading: 0.0019 s/iter. Inference: 0.1551 s/iter. Eval: 1.1934 s/iter. Total: 1.3505 s/iter. ETA=0:48:38
[12/10 05:16:26 d2.evaluation.evaluator]: Inference done 1786/3943. Dataloading: 0.0019 s/iter. Inference: 0.1551 s/iter. Eval: 1.1940 s/iter. Total: 1.3511 s/iter. ETA=0:48:34
[12/10 05:16:32 d2.evaluation.evaluator]: Inference done 1791/3943. Dataloading: 0.0019 s/iter. Inference: 0.1551 s/iter. Eval: 1.1936 s/iter. Total: 1.3507 s/iter. ETA=0:48:26
[12/10 05:16:39 d2.evaluation.evaluator]: Inference done 1795/3943. Dataloading: 0.0019 s/iter. Inference: 0.1551 s/iter. Eval: 1.1943 s/iter. Total: 1.3514 s/iter. ETA=0:48:22
[12/10 05:16:44 d2.evaluation.evaluator]: Inference done 1799/3943. Dataloading: 0.0019 s/iter. Inference: 0.1551 s/iter. Eval: 1.1942 s/iter. Total: 1.3513 s/iter. ETA=0:48:17
[12/10 05:16:49 d2.evaluation.evaluator]: Inference done 1802/3943. Dataloading: 0.0019 s/iter. Inference: 0.1551 s/iter. Eval: 1.1950 s/iter. Total: 1.3521 s/iter. ETA=0:48:14
[12/10 05:16:54 d2.evaluation.evaluator]: Inference done 1805/3943. Dataloading: 0.0019 s/iter. Inference: 0.1551 s/iter. Eval: 1.1955 s/iter. Total: 1.3526 s/iter. ETA=0:48:11
[12/10 05:16:59 d2.evaluation.evaluator]: Inference done 1808/3943. Dataloading: 0.0019 s/iter. Inference: 0.1551 s/iter. Eval: 1.1961 s/iter. Total: 1.3532 s/iter. ETA=0:48:09
[12/10 05:17:05 d2.evaluation.evaluator]: Inference done 1812/3943. Dataloading: 0.0019 s/iter. Inference: 0.1551 s/iter. Eval: 1.1960 s/iter. Total: 1.3531 s/iter. ETA=0:48:03
[12/10 05:17:11 d2.evaluation.evaluator]: Inference done 1816/3943. Dataloading: 0.0019 s/iter. Inference: 0.1551 s/iter. Eval: 1.1963 s/iter. Total: 1.3534 s/iter. ETA=0:47:58
[12/10 05:17:17 d2.evaluation.evaluator]: Inference done 1821/3943. Dataloading: 0.0019 s/iter. Inference: 0.1551 s/iter. Eval: 1.1959 s/iter. Total: 1.3530 s/iter. ETA=0:47:51
[12/10 05:17:23 d2.evaluation.evaluator]: Inference done 1827/3943. Dataloading: 0.0019 s/iter. Inference: 0.1551 s/iter. Eval: 1.1949 s/iter. Total: 1.3520 s/iter. ETA=0:47:40
[12/10 05:17:29 d2.evaluation.evaluator]: Inference done 1831/3943. Dataloading: 0.0019 s/iter. Inference: 0.1551 s/iter. Eval: 1.1951 s/iter. Total: 1.3523 s/iter. ETA=0:47:35
[12/10 05:17:35 d2.evaluation.evaluator]: Inference done 1835/3943. Dataloading: 0.0019 s/iter. Inference: 0.1551 s/iter. Eval: 1.1953 s/iter. Total: 1.3524 s/iter. ETA=0:47:30
[12/10 05:17:40 d2.evaluation.evaluator]: Inference done 1839/3943. Dataloading: 0.0019 s/iter. Inference: 0.1551 s/iter. Eval: 1.1954 s/iter. Total: 1.3525 s/iter. ETA=0:47:25
[12/10 05:17:46 d2.evaluation.evaluator]: Inference done 1844/3943. Dataloading: 0.0019 s/iter. Inference: 0.1551 s/iter. Eval: 1.1949 s/iter. Total: 1.3520 s/iter. ETA=0:47:17
[12/10 05:17:52 d2.evaluation.evaluator]: Inference done 1849/3943. Dataloading: 0.0019 s/iter. Inference: 0.1551 s/iter. Eval: 1.1945 s/iter. Total: 1.3517 s/iter. ETA=0:47:10
[12/10 05:17:57 d2.evaluation.evaluator]: Inference done 1853/3943. Dataloading: 0.0019 s/iter. Inference: 0.1551 s/iter. Eval: 1.1944 s/iter. Total: 1.3515 s/iter. ETA=0:47:04
[12/10 05:18:02 d2.evaluation.evaluator]: Inference done 1858/3943. Dataloading: 0.0019 s/iter. Inference: 0.1551 s/iter. Eval: 1.1935 s/iter. Total: 1.3507 s/iter. ETA=0:46:56
[12/10 05:18:08 d2.evaluation.evaluator]: Inference done 1860/3943. Dataloading: 0.0019 s/iter. Inference: 0.1551 s/iter. Eval: 1.1949 s/iter. Total: 1.3521 s/iter. ETA=0:46:56
[12/10 05:18:15 d2.evaluation.evaluator]: Inference done 1865/3943. Dataloading: 0.0019 s/iter. Inference: 0.1551 s/iter. Eval: 1.1950 s/iter. Total: 1.3521 s/iter. ETA=0:46:49
[12/10 05:18:20 d2.evaluation.evaluator]: Inference done 1868/3943. Dataloading: 0.0019 s/iter. Inference: 0.1551 s/iter. Eval: 1.1958 s/iter. Total: 1.3529 s/iter. ETA=0:46:47
[12/10 05:18:26 d2.evaluation.evaluator]: Inference done 1873/3943. Dataloading: 0.0019 s/iter. Inference: 0.1551 s/iter. Eval: 1.1953 s/iter. Total: 1.3524 s/iter. ETA=0:46:39
[12/10 05:18:32 d2.evaluation.evaluator]: Inference done 1878/3943. Dataloading: 0.0019 s/iter. Inference: 0.1551 s/iter. Eval: 1.1950 s/iter. Total: 1.3521 s/iter. ETA=0:46:32
[12/10 05:18:38 d2.evaluation.evaluator]: Inference done 1881/3943. Dataloading: 0.0019 s/iter. Inference: 0.1551 s/iter. Eval: 1.1957 s/iter. Total: 1.3528 s/iter. ETA=0:46:29
[12/10 05:18:43 d2.evaluation.evaluator]: Inference done 1888/3943. Dataloading: 0.0019 s/iter. Inference: 0.1551 s/iter. Eval: 1.1938 s/iter. Total: 1.3509 s/iter. ETA=0:46:16
[12/10 05:18:48 d2.evaluation.evaluator]: Inference done 1891/3943. Dataloading: 0.0019 s/iter. Inference: 0.1551 s/iter. Eval: 1.1943 s/iter. Total: 1.3514 s/iter. ETA=0:46:13
[12/10 05:18:54 d2.evaluation.evaluator]: Inference done 1895/3943. Dataloading: 0.0019 s/iter. Inference: 0.1551 s/iter. Eval: 1.1942 s/iter. Total: 1.3514 s/iter. ETA=0:46:07
[12/10 05:18:59 d2.evaluation.evaluator]: Inference done 1899/3943. Dataloading: 0.0019 s/iter. Inference: 0.1551 s/iter. Eval: 1.1941 s/iter. Total: 1.3512 s/iter. ETA=0:46:01
[12/10 05:19:04 d2.evaluation.evaluator]: Inference done 1905/3943. Dataloading: 0.0019 s/iter. Inference: 0.1551 s/iter. Eval: 1.1927 s/iter. Total: 1.3498 s/iter. ETA=0:45:50
[12/10 05:19:11 d2.evaluation.evaluator]: Inference done 1909/3943. Dataloading: 0.0019 s/iter. Inference: 0.1551 s/iter. Eval: 1.1934 s/iter. Total: 1.3505 s/iter. ETA=0:45:46
[12/10 05:19:17 d2.evaluation.evaluator]: Inference done 1913/3943. Dataloading: 0.0019 s/iter. Inference: 0.1551 s/iter. Eval: 1.1938 s/iter. Total: 1.3509 s/iter. ETA=0:45:42
[12/10 05:19:23 d2.evaluation.evaluator]: Inference done 1918/3943. Dataloading: 0.0019 s/iter. Inference: 0.1551 s/iter. Eval: 1.1934 s/iter. Total: 1.3505 s/iter. ETA=0:45:34
[12/10 05:19:29 d2.evaluation.evaluator]: Inference done 1922/3943. Dataloading: 0.0019 s/iter. Inference: 0.1551 s/iter. Eval: 1.1936 s/iter. Total: 1.3507 s/iter. ETA=0:45:29
[12/10 05:19:35 d2.evaluation.evaluator]: Inference done 1925/3943. Dataloading: 0.0019 s/iter. Inference: 0.1551 s/iter. Eval: 1.1946 s/iter. Total: 1.3517 s/iter. ETA=0:45:27
[12/10 05:19:41 d2.evaluation.evaluator]: Inference done 1929/3943. Dataloading: 0.0019 s/iter. Inference: 0.1551 s/iter. Eval: 1.1948 s/iter. Total: 1.3519 s/iter. ETA=0:45:22
[12/10 05:19:46 d2.evaluation.evaluator]: Inference done 1934/3943. Dataloading: 0.0019 s/iter. Inference: 0.1551 s/iter. Eval: 1.1941 s/iter. Total: 1.3512 s/iter. ETA=0:45:14
[12/10 05:19:51 d2.evaluation.evaluator]: Inference done 1940/3943. Dataloading: 0.0019 s/iter. Inference: 0.1551 s/iter. Eval: 1.1926 s/iter. Total: 1.3497 s/iter. ETA=0:45:03
[12/10 05:19:58 d2.evaluation.evaluator]: Inference done 1943/3943. Dataloading: 0.0019 s/iter. Inference: 0.1551 s/iter. Eval: 1.1939 s/iter. Total: 1.3510 s/iter. ETA=0:45:01
[12/10 05:20:04 d2.evaluation.evaluator]: Inference done 1946/3943. Dataloading: 0.0019 s/iter. Inference: 0.1551 s/iter. Eval: 1.1949 s/iter. Total: 1.3520 s/iter. ETA=0:44:59
[12/10 05:20:10 d2.evaluation.evaluator]: Inference done 1950/3943. Dataloading: 0.0019 s/iter. Inference: 0.1551 s/iter. Eval: 1.1950 s/iter. Total: 1.3522 s/iter. ETA=0:44:54
[12/10 05:20:15 d2.evaluation.evaluator]: Inference done 1955/3943. Dataloading: 0.0019 s/iter. Inference: 0.1551 s/iter. Eval: 1.1944 s/iter. Total: 1.3515 s/iter. ETA=0:44:46
[12/10 05:20:21 d2.evaluation.evaluator]: Inference done 1958/3943. Dataloading: 0.0019 s/iter. Inference: 0.1551 s/iter. Eval: 1.1952 s/iter. Total: 1.3523 s/iter. ETA=0:44:44
[12/10 05:20:26 d2.evaluation.evaluator]: Inference done 1963/3943. Dataloading: 0.0019 s/iter. Inference: 0.1551 s/iter. Eval: 1.1943 s/iter. Total: 1.3515 s/iter. ETA=0:44:35
[12/10 05:20:32 d2.evaluation.evaluator]: Inference done 1967/3943. Dataloading: 0.0019 s/iter. Inference: 0.1551 s/iter. Eval: 1.1945 s/iter. Total: 1.3517 s/iter. ETA=0:44:30
[12/10 05:20:37 d2.evaluation.evaluator]: Inference done 1973/3943. Dataloading: 0.0019 s/iter. Inference: 0.1551 s/iter. Eval: 1.1931 s/iter. Total: 1.3502 s/iter. ETA=0:44:19
[12/10 05:20:43 d2.evaluation.evaluator]: Inference done 1979/3943. Dataloading: 0.0019 s/iter. Inference: 0.1551 s/iter. Eval: 1.1920 s/iter. Total: 1.3491 s/iter. ETA=0:44:09
[12/10 05:20:48 d2.evaluation.evaluator]: Inference done 1983/3943. Dataloading: 0.0019 s/iter. Inference: 0.1551 s/iter. Eval: 1.1918 s/iter. Total: 1.3489 s/iter. ETA=0:44:03
[12/10 05:20:53 d2.evaluation.evaluator]: Inference done 1987/3943. Dataloading: 0.0019 s/iter. Inference: 0.1551 s/iter. Eval: 1.1918 s/iter. Total: 1.3489 s/iter. ETA=0:43:58
[12/10 05:20:59 d2.evaluation.evaluator]: Inference done 1992/3943. Dataloading: 0.0019 s/iter. Inference: 0.1551 s/iter. Eval: 1.1912 s/iter. Total: 1.3483 s/iter. ETA=0:43:50
[12/10 05:21:04 d2.evaluation.evaluator]: Inference done 1996/3943. Dataloading: 0.0019 s/iter. Inference: 0.1551 s/iter. Eval: 1.1911 s/iter. Total: 1.3482 s/iter. ETA=0:43:44
[12/10 05:21:10 d2.evaluation.evaluator]: Inference done 2000/3943. Dataloading: 0.0019 s/iter. Inference: 0.1550 s/iter. Eval: 1.1914 s/iter. Total: 1.3485 s/iter. ETA=0:43:40
[12/10 05:21:16 d2.evaluation.evaluator]: Inference done 2006/3943. Dataloading: 0.0019 s/iter. Inference: 0.1550 s/iter. Eval: 1.1902 s/iter. Total: 1.3473 s/iter. ETA=0:43:29
[12/10 05:21:21 d2.evaluation.evaluator]: Inference done 2009/3943. Dataloading: 0.0019 s/iter. Inference: 0.1550 s/iter. Eval: 1.1909 s/iter. Total: 1.3480 s/iter. ETA=0:43:27
[12/10 05:21:26 d2.evaluation.evaluator]: Inference done 2014/3943. Dataloading: 0.0019 s/iter. Inference: 0.1550 s/iter. Eval: 1.1902 s/iter. Total: 1.3473 s/iter. ETA=0:43:18
[12/10 05:21:32 d2.evaluation.evaluator]: Inference done 2020/3943. Dataloading: 0.0019 s/iter. Inference: 0.1550 s/iter. Eval: 1.1888 s/iter. Total: 1.3459 s/iter. ETA=0:43:08
[12/10 05:21:37 d2.evaluation.evaluator]: Inference done 2024/3943. Dataloading: 0.0019 s/iter. Inference: 0.1550 s/iter. Eval: 1.1890 s/iter. Total: 1.3461 s/iter. ETA=0:43:03
[12/10 05:21:43 d2.evaluation.evaluator]: Inference done 2028/3943. Dataloading: 0.0019 s/iter. Inference: 0.1550 s/iter. Eval: 1.1890 s/iter. Total: 1.3461 s/iter. ETA=0:42:57
[12/10 05:21:48 d2.evaluation.evaluator]: Inference done 2033/3943. Dataloading: 0.0019 s/iter. Inference: 0.1550 s/iter. Eval: 1.1882 s/iter. Total: 1.3452 s/iter. ETA=0:42:49
[12/10 05:21:54 d2.evaluation.evaluator]: Inference done 2038/3943. Dataloading: 0.0019 s/iter. Inference: 0.1550 s/iter. Eval: 1.1878 s/iter. Total: 1.3448 s/iter. ETA=0:42:41
[12/10 05:22:01 d2.evaluation.evaluator]: Inference done 2043/3943. Dataloading: 0.0019 s/iter. Inference: 0.1550 s/iter. Eval: 1.1882 s/iter. Total: 1.3452 s/iter. ETA=0:42:35
[12/10 05:22:07 d2.evaluation.evaluator]: Inference done 2049/3943. Dataloading: 0.0019 s/iter. Inference: 0.1550 s/iter. Eval: 1.1868 s/iter. Total: 1.3439 s/iter. ETA=0:42:25
[12/10 05:22:13 d2.evaluation.evaluator]: Inference done 2053/3943. Dataloading: 0.0019 s/iter. Inference: 0.1550 s/iter. Eval: 1.1873 s/iter. Total: 1.3444 s/iter. ETA=0:42:20
[12/10 05:22:18 d2.evaluation.evaluator]: Inference done 2055/3943. Dataloading: 0.0019 s/iter. Inference: 0.1550 s/iter. Eval: 1.1885 s/iter. Total: 1.3456 s/iter. ETA=0:42:20
[12/10 05:22:25 d2.evaluation.evaluator]: Inference done 2060/3943. Dataloading: 0.0019 s/iter. Inference: 0.1550 s/iter. Eval: 1.1888 s/iter. Total: 1.3459 s/iter. ETA=0:42:14
[12/10 05:22:30 d2.evaluation.evaluator]: Inference done 2063/3943. Dataloading: 0.0019 s/iter. Inference: 0.1550 s/iter. Eval: 1.1893 s/iter. Total: 1.3464 s/iter. ETA=0:42:11
[12/10 05:22:36 d2.evaluation.evaluator]: Inference done 2068/3943. Dataloading: 0.0019 s/iter. Inference: 0.1550 s/iter. Eval: 1.1888 s/iter. Total: 1.3459 s/iter. ETA=0:42:03
[12/10 05:22:42 d2.evaluation.evaluator]: Inference done 2072/3943. Dataloading: 0.0019 s/iter. Inference: 0.1550 s/iter. Eval: 1.1891 s/iter. Total: 1.3462 s/iter. ETA=0:41:58
[12/10 05:22:47 d2.evaluation.evaluator]: Inference done 2077/3943. Dataloading: 0.0019 s/iter. Inference: 0.1550 s/iter. Eval: 1.1883 s/iter. Total: 1.3454 s/iter. ETA=0:41:50
[12/10 05:22:52 d2.evaluation.evaluator]: Inference done 2080/3943. Dataloading: 0.0019 s/iter. Inference: 0.1550 s/iter. Eval: 1.1888 s/iter. Total: 1.3459 s/iter. ETA=0:41:47
[12/10 05:22:58 d2.evaluation.evaluator]: Inference done 2083/3943. Dataloading: 0.0019 s/iter. Inference: 0.1551 s/iter. Eval: 1.1898 s/iter. Total: 1.3469 s/iter. ETA=0:41:45
[12/10 05:23:05 d2.evaluation.evaluator]: Inference done 2086/3943. Dataloading: 0.0019 s/iter. Inference: 0.1551 s/iter. Eval: 1.1908 s/iter. Total: 1.3479 s/iter. ETA=0:41:43
[12/10 05:23:10 d2.evaluation.evaluator]: Inference done 2091/3943. Dataloading: 0.0019 s/iter. Inference: 0.1551 s/iter. Eval: 1.1900 s/iter. Total: 1.3471 s/iter. ETA=0:41:34
[12/10 05:23:16 d2.evaluation.evaluator]: Inference done 2095/3943. Dataloading: 0.0019 s/iter. Inference: 0.1551 s/iter. Eval: 1.1904 s/iter. Total: 1.3475 s/iter. ETA=0:41:30
[12/10 05:23:23 d2.evaluation.evaluator]: Inference done 2101/3943. Dataloading: 0.0019 s/iter. Inference: 0.1550 s/iter. Eval: 1.1898 s/iter. Total: 1.3469 s/iter. ETA=0:41:21
[12/10 05:23:29 d2.evaluation.evaluator]: Inference done 2106/3943. Dataloading: 0.0019 s/iter. Inference: 0.1550 s/iter. Eval: 1.1894 s/iter. Total: 1.3465 s/iter. ETA=0:41:13
[12/10 05:23:34 d2.evaluation.evaluator]: Inference done 2110/3943. Dataloading: 0.0019 s/iter. Inference: 0.1550 s/iter. Eval: 1.1896 s/iter. Total: 1.3467 s/iter. ETA=0:41:08
[12/10 05:23:40 d2.evaluation.evaluator]: Inference done 2115/3943. Dataloading: 0.0019 s/iter. Inference: 0.1550 s/iter. Eval: 1.1892 s/iter. Total: 1.3463 s/iter. ETA=0:41:01
[12/10 05:23:45 d2.evaluation.evaluator]: Inference done 2120/3943. Dataloading: 0.0019 s/iter. Inference: 0.1550 s/iter. Eval: 1.1885 s/iter. Total: 1.3455 s/iter. ETA=0:40:52
[12/10 05:23:52 d2.evaluation.evaluator]: Inference done 2125/3943. Dataloading: 0.0019 s/iter. Inference: 0.1550 s/iter. Eval: 1.1882 s/iter. Total: 1.3453 s/iter. ETA=0:40:45
[12/10 05:23:58 d2.evaluation.evaluator]: Inference done 2129/3943. Dataloading: 0.0019 s/iter. Inference: 0.1550 s/iter. Eval: 1.1886 s/iter. Total: 1.3457 s/iter. ETA=0:40:41
[12/10 05:24:04 d2.evaluation.evaluator]: Inference done 2132/3943. Dataloading: 0.0019 s/iter. Inference: 0.1550 s/iter. Eval: 1.1896 s/iter. Total: 1.3467 s/iter. ETA=0:40:38
[12/10 05:24:10 d2.evaluation.evaluator]: Inference done 2136/3943. Dataloading: 0.0019 s/iter. Inference: 0.1550 s/iter. Eval: 1.1898 s/iter. Total: 1.3469 s/iter. ETA=0:40:33
[12/10 05:24:15 d2.evaluation.evaluator]: Inference done 2139/3943. Dataloading: 0.0019 s/iter. Inference: 0.1550 s/iter. Eval: 1.1905 s/iter. Total: 1.3475 s/iter. ETA=0:40:30
[12/10 05:24:20 d2.evaluation.evaluator]: Inference done 2142/3943. Dataloading: 0.0019 s/iter. Inference: 0.1550 s/iter. Eval: 1.1910 s/iter. Total: 1.3481 s/iter. ETA=0:40:27
[12/10 05:24:27 d2.evaluation.evaluator]: Inference done 2147/3943. Dataloading: 0.0019 s/iter. Inference: 0.1550 s/iter. Eval: 1.1907 s/iter. Total: 1.3478 s/iter. ETA=0:40:20
[12/10 05:24:32 d2.evaluation.evaluator]: Inference done 2151/3943. Dataloading: 0.0019 s/iter. Inference: 0.1550 s/iter. Eval: 1.1909 s/iter. Total: 1.3479 s/iter. ETA=0:40:15
[12/10 05:24:38 d2.evaluation.evaluator]: Inference done 2155/3943. Dataloading: 0.0019 s/iter. Inference: 0.1550 s/iter. Eval: 1.1910 s/iter. Total: 1.3481 s/iter. ETA=0:40:10
[12/10 05:24:44 d2.evaluation.evaluator]: Inference done 2159/3943. Dataloading: 0.0019 s/iter. Inference: 0.1550 s/iter. Eval: 1.1911 s/iter. Total: 1.3482 s/iter. ETA=0:40:05
[12/10 05:24:49 d2.evaluation.evaluator]: Inference done 2164/3943. Dataloading: 0.0019 s/iter. Inference: 0.1550 s/iter. Eval: 1.1906 s/iter. Total: 1.3477 s/iter. ETA=0:39:57
[12/10 05:24:55 d2.evaluation.evaluator]: Inference done 2169/3943. Dataloading: 0.0019 s/iter. Inference: 0.1550 s/iter. Eval: 1.1899 s/iter. Total: 1.3470 s/iter. ETA=0:39:49
[12/10 05:25:01 d2.evaluation.evaluator]: Inference done 2174/3943. Dataloading: 0.0019 s/iter. Inference: 0.1550 s/iter. Eval: 1.1897 s/iter. Total: 1.3468 s/iter. ETA=0:39:42
[12/10 05:25:06 d2.evaluation.evaluator]: Inference done 2179/3943. Dataloading: 0.0019 s/iter. Inference: 0.1550 s/iter. Eval: 1.1893 s/iter. Total: 1.3463 s/iter. ETA=0:39:34
[12/10 05:25:13 d2.evaluation.evaluator]: Inference done 2185/3943. Dataloading: 0.0019 s/iter. Inference: 0.1550 s/iter. Eval: 1.1884 s/iter. Total: 1.3454 s/iter. ETA=0:39:25
[12/10 05:25:19 d2.evaluation.evaluator]: Inference done 2189/3943. Dataloading: 0.0019 s/iter. Inference: 0.1550 s/iter. Eval: 1.1889 s/iter. Total: 1.3460 s/iter. ETA=0:39:20
[12/10 05:25:25 d2.evaluation.evaluator]: Inference done 2194/3943. Dataloading: 0.0019 s/iter. Inference: 0.1550 s/iter. Eval: 1.1885 s/iter. Total: 1.3455 s/iter. ETA=0:39:13
[12/10 05:25:31 d2.evaluation.evaluator]: Inference done 2199/3943. Dataloading: 0.0019 s/iter. Inference: 0.1550 s/iter. Eval: 1.1882 s/iter. Total: 1.3453 s/iter. ETA=0:39:06
[12/10 05:25:37 d2.evaluation.evaluator]: Inference done 2205/3943. Dataloading: 0.0019 s/iter. Inference: 0.1550 s/iter. Eval: 1.1872 s/iter. Total: 1.3442 s/iter. ETA=0:38:56
[12/10 05:25:42 d2.evaluation.evaluator]: Inference done 2209/3943. Dataloading: 0.0019 s/iter. Inference: 0.1550 s/iter. Eval: 1.1871 s/iter. Total: 1.3441 s/iter. ETA=0:38:50
[12/10 05:25:47 d2.evaluation.evaluator]: Inference done 2213/3943. Dataloading: 0.0019 s/iter. Inference: 0.1550 s/iter. Eval: 1.1870 s/iter. Total: 1.3440 s/iter. ETA=0:38:45
[12/10 05:25:53 d2.evaluation.evaluator]: Inference done 2217/3943. Dataloading: 0.0019 s/iter. Inference: 0.1550 s/iter. Eval: 1.1871 s/iter. Total: 1.3442 s/iter. ETA=0:38:40
[12/10 05:25:59 d2.evaluation.evaluator]: Inference done 2222/3943. Dataloading: 0.0019 s/iter. Inference: 0.1550 s/iter. Eval: 1.1869 s/iter. Total: 1.3439 s/iter. ETA=0:38:32
[12/10 05:26:06 d2.evaluation.evaluator]: Inference done 2226/3943. Dataloading: 0.0019 s/iter. Inference: 0.1550 s/iter. Eval: 1.1874 s/iter. Total: 1.3445 s/iter. ETA=0:38:28
[12/10 05:26:12 d2.evaluation.evaluator]: Inference done 2233/3943. Dataloading: 0.0019 s/iter. Inference: 0.1550 s/iter. Eval: 1.1861 s/iter. Total: 1.3431 s/iter. ETA=0:38:16
[12/10 05:26:18 d2.evaluation.evaluator]: Inference done 2238/3943. Dataloading: 0.0019 s/iter. Inference: 0.1550 s/iter. Eval: 1.1859 s/iter. Total: 1.3429 s/iter. ETA=0:38:09
[12/10 05:26:24 d2.evaluation.evaluator]: Inference done 2242/3943. Dataloading: 0.0019 s/iter. Inference: 0.1550 s/iter. Eval: 1.1859 s/iter. Total: 1.3430 s/iter. ETA=0:38:04
[12/10 05:26:29 d2.evaluation.evaluator]: Inference done 2247/3943. Dataloading: 0.0019 s/iter. Inference: 0.1550 s/iter. Eval: 1.1855 s/iter. Total: 1.3425 s/iter. ETA=0:37:56
[12/10 05:26:36 d2.evaluation.evaluator]: Inference done 2253/3943. Dataloading: 0.0019 s/iter. Inference: 0.1550 s/iter. Eval: 1.1846 s/iter. Total: 1.3416 s/iter. ETA=0:37:47
[12/10 05:26:41 d2.evaluation.evaluator]: Inference done 2258/3943. Dataloading: 0.0019 s/iter. Inference: 0.1550 s/iter. Eval: 1.1839 s/iter. Total: 1.3409 s/iter. ETA=0:37:39
[12/10 05:26:46 d2.evaluation.evaluator]: Inference done 2264/3943. Dataloading: 0.0019 s/iter. Inference: 0.1550 s/iter. Eval: 1.1828 s/iter. Total: 1.3399 s/iter. ETA=0:37:29
[12/10 05:26:52 d2.evaluation.evaluator]: Inference done 2271/3943. Dataloading: 0.0019 s/iter. Inference: 0.1550 s/iter. Eval: 1.1812 s/iter. Total: 1.3382 s/iter. ETA=0:37:17
[12/10 05:26:57 d2.evaluation.evaluator]: Inference done 2276/3943. Dataloading: 0.0019 s/iter. Inference: 0.1550 s/iter. Eval: 1.1806 s/iter. Total: 1.3376 s/iter. ETA=0:37:09
[12/10 05:27:04 d2.evaluation.evaluator]: Inference done 2281/3943. Dataloading: 0.0019 s/iter. Inference: 0.1550 s/iter. Eval: 1.1807 s/iter. Total: 1.3377 s/iter. ETA=0:37:03
[12/10 05:27:10 d2.evaluation.evaluator]: Inference done 2285/3943. Dataloading: 0.0019 s/iter. Inference: 0.1550 s/iter. Eval: 1.1807 s/iter. Total: 1.3377 s/iter. ETA=0:36:57
[12/10 05:27:15 d2.evaluation.evaluator]: Inference done 2290/3943. Dataloading: 0.0019 s/iter. Inference: 0.1550 s/iter. Eval: 1.1801 s/iter. Total: 1.3372 s/iter. ETA=0:36:50
[12/10 05:27:22 d2.evaluation.evaluator]: Inference done 2294/3943. Dataloading: 0.0019 s/iter. Inference: 0.1550 s/iter. Eval: 1.1808 s/iter. Total: 1.3378 s/iter. ETA=0:36:45
[12/10 05:27:28 d2.evaluation.evaluator]: Inference done 2299/3943. Dataloading: 0.0019 s/iter. Inference: 0.1550 s/iter. Eval: 1.1803 s/iter. Total: 1.3374 s/iter. ETA=0:36:38
[12/10 05:27:33 d2.evaluation.evaluator]: Inference done 2303/3943. Dataloading: 0.0019 s/iter. Inference: 0.1550 s/iter. Eval: 1.1803 s/iter. Total: 1.3374 s/iter. ETA=0:36:33
[12/10 05:27:38 d2.evaluation.evaluator]: Inference done 2307/3943. Dataloading: 0.0019 s/iter. Inference: 0.1550 s/iter. Eval: 1.1804 s/iter. Total: 1.3374 s/iter. ETA=0:36:28
[12/10 05:27:45 d2.evaluation.evaluator]: Inference done 2312/3943. Dataloading: 0.0019 s/iter. Inference: 0.1550 s/iter. Eval: 1.1805 s/iter. Total: 1.3376 s/iter. ETA=0:36:21
[12/10 05:27:51 d2.evaluation.evaluator]: Inference done 2318/3943. Dataloading: 0.0019 s/iter. Inference: 0.1550 s/iter. Eval: 1.1796 s/iter. Total: 1.3366 s/iter. ETA=0:36:11
[12/10 05:27:57 d2.evaluation.evaluator]: Inference done 2323/3943. Dataloading: 0.0019 s/iter. Inference: 0.1550 s/iter. Eval: 1.1791 s/iter. Total: 1.3362 s/iter. ETA=0:36:04
[12/10 05:28:04 d2.evaluation.evaluator]: Inference done 2328/3943. Dataloading: 0.0019 s/iter. Inference: 0.1550 s/iter. Eval: 1.1793 s/iter. Total: 1.3363 s/iter. ETA=0:35:58
[12/10 05:28:10 d2.evaluation.evaluator]: Inference done 2334/3943. Dataloading: 0.0019 s/iter. Inference: 0.1550 s/iter. Eval: 1.1785 s/iter. Total: 1.3355 s/iter. ETA=0:35:48
[12/10 05:28:15 d2.evaluation.evaluator]: Inference done 2337/3943. Dataloading: 0.0019 s/iter. Inference: 0.1550 s/iter. Eval: 1.1791 s/iter. Total: 1.3361 s/iter. ETA=0:35:45
[12/10 05:28:21 d2.evaluation.evaluator]: Inference done 2340/3943. Dataloading: 0.0019 s/iter. Inference: 0.1550 s/iter. Eval: 1.1798 s/iter. Total: 1.3369 s/iter. ETA=0:35:42
[12/10 05:28:27 d2.evaluation.evaluator]: Inference done 2344/3943. Dataloading: 0.0019 s/iter. Inference: 0.1550 s/iter. Eval: 1.1801 s/iter. Total: 1.3371 s/iter. ETA=0:35:38
[12/10 05:28:33 d2.evaluation.evaluator]: Inference done 2347/3943. Dataloading: 0.0019 s/iter. Inference: 0.1550 s/iter. Eval: 1.1809 s/iter. Total: 1.3380 s/iter. ETA=0:35:35
[12/10 05:28:38 d2.evaluation.evaluator]: Inference done 2352/3943. Dataloading: 0.0019 s/iter. Inference: 0.1550 s/iter. Eval: 1.1803 s/iter. Total: 1.3373 s/iter. ETA=0:35:27
[12/10 05:28:44 d2.evaluation.evaluator]: Inference done 2356/3943. Dataloading: 0.0019 s/iter. Inference: 0.1550 s/iter. Eval: 1.1803 s/iter. Total: 1.3373 s/iter. ETA=0:35:22
[12/10 05:28:50 d2.evaluation.evaluator]: Inference done 2360/3943. Dataloading: 0.0019 s/iter. Inference: 0.1550 s/iter. Eval: 1.1806 s/iter. Total: 1.3376 s/iter. ETA=0:35:17
[12/10 05:28:56 d2.evaluation.evaluator]: Inference done 2366/3943. Dataloading: 0.0019 s/iter. Inference: 0.1550 s/iter. Eval: 1.1797 s/iter. Total: 1.3367 s/iter. ETA=0:35:07
[12/10 05:29:01 d2.evaluation.evaluator]: Inference done 2369/3943. Dataloading: 0.0019 s/iter. Inference: 0.1550 s/iter. Eval: 1.1805 s/iter. Total: 1.3375 s/iter. ETA=0:35:05
[12/10 05:29:07 d2.evaluation.evaluator]: Inference done 2371/3943. Dataloading: 0.0019 s/iter. Inference: 0.1550 s/iter. Eval: 1.1816 s/iter. Total: 1.3386 s/iter. ETA=0:35:04
[12/10 05:29:12 d2.evaluation.evaluator]: Inference done 2376/3943. Dataloading: 0.0019 s/iter. Inference: 0.1550 s/iter. Eval: 1.1809 s/iter. Total: 1.3380 s/iter. ETA=0:34:56
[12/10 05:29:17 d2.evaluation.evaluator]: Inference done 2381/3943. Dataloading: 0.0019 s/iter. Inference: 0.1550 s/iter. Eval: 1.1804 s/iter. Total: 1.3374 s/iter. ETA=0:34:49
[12/10 05:29:23 d2.evaluation.evaluator]: Inference done 2387/3943. Dataloading: 0.0019 s/iter. Inference: 0.1550 s/iter. Eval: 1.1792 s/iter. Total: 1.3363 s/iter. ETA=0:34:39
[12/10 05:29:28 d2.evaluation.evaluator]: Inference done 2393/3943. Dataloading: 0.0019 s/iter. Inference: 0.1550 s/iter. Eval: 1.1782 s/iter. Total: 1.3352 s/iter. ETA=0:34:29
[12/10 05:29:34 d2.evaluation.evaluator]: Inference done 2397/3943. Dataloading: 0.0019 s/iter. Inference: 0.1550 s/iter. Eval: 1.1783 s/iter. Total: 1.3353 s/iter. ETA=0:34:24
[12/10 05:29:39 d2.evaluation.evaluator]: Inference done 2402/3943. Dataloading: 0.0019 s/iter. Inference: 0.1550 s/iter. Eval: 1.1776 s/iter. Total: 1.3346 s/iter. ETA=0:34:16
[12/10 05:29:44 d2.evaluation.evaluator]: Inference done 2406/3943. Dataloading: 0.0019 s/iter. Inference: 0.1549 s/iter. Eval: 1.1775 s/iter. Total: 1.3345 s/iter. ETA=0:34:11
[12/10 05:29:50 d2.evaluation.evaluator]: Inference done 2413/3943. Dataloading: 0.0019 s/iter. Inference: 0.1549 s/iter. Eval: 1.1761 s/iter. Total: 1.3330 s/iter. ETA=0:33:59
[12/10 05:29:55 d2.evaluation.evaluator]: Inference done 2418/3943. Dataloading: 0.0019 s/iter. Inference: 0.1549 s/iter. Eval: 1.1757 s/iter. Total: 1.3327 s/iter. ETA=0:33:52
[12/10 05:30:01 d2.evaluation.evaluator]: Inference done 2422/3943. Dataloading: 0.0019 s/iter. Inference: 0.1549 s/iter. Eval: 1.1759 s/iter. Total: 1.3329 s/iter. ETA=0:33:47
[12/10 05:30:06 d2.evaluation.evaluator]: Inference done 2427/3943. Dataloading: 0.0019 s/iter. Inference: 0.1549 s/iter. Eval: 1.1753 s/iter. Total: 1.3323 s/iter. ETA=0:33:39
[12/10 05:30:13 d2.evaluation.evaluator]: Inference done 2432/3943. Dataloading: 0.0019 s/iter. Inference: 0.1549 s/iter. Eval: 1.1751 s/iter. Total: 1.3321 s/iter. ETA=0:33:32
[12/10 05:30:18 d2.evaluation.evaluator]: Inference done 2437/3943. Dataloading: 0.0019 s/iter. Inference: 0.1549 s/iter. Eval: 1.1747 s/iter. Total: 1.3317 s/iter. ETA=0:33:25
[12/10 05:30:24 d2.evaluation.evaluator]: Inference done 2442/3943. Dataloading: 0.0019 s/iter. Inference: 0.1549 s/iter. Eval: 1.1744 s/iter. Total: 1.3314 s/iter. ETA=0:33:18
[12/10 05:30:31 d2.evaluation.evaluator]: Inference done 2447/3943. Dataloading: 0.0019 s/iter. Inference: 0.1549 s/iter. Eval: 1.1743 s/iter. Total: 1.3313 s/iter. ETA=0:33:11
[12/10 05:30:38 d2.evaluation.evaluator]: Inference done 2452/3943. Dataloading: 0.0019 s/iter. Inference: 0.1549 s/iter. Eval: 1.1744 s/iter. Total: 1.3314 s/iter. ETA=0:33:05
[12/10 05:30:44 d2.evaluation.evaluator]: Inference done 2457/3943. Dataloading: 0.0019 s/iter. Inference: 0.1549 s/iter. Eval: 1.1743 s/iter. Total: 1.3312 s/iter. ETA=0:32:58
[12/10 05:30:49 d2.evaluation.evaluator]: Inference done 2462/3943. Dataloading: 0.0019 s/iter. Inference: 0.1549 s/iter. Eval: 1.1737 s/iter. Total: 1.3307 s/iter. ETA=0:32:50
[12/10 05:30:54 d2.evaluation.evaluator]: Inference done 2466/3943. Dataloading: 0.0019 s/iter. Inference: 0.1549 s/iter. Eval: 1.1737 s/iter. Total: 1.3307 s/iter. ETA=0:32:45
[12/10 05:31:01 d2.evaluation.evaluator]: Inference done 2471/3943. Dataloading: 0.0019 s/iter. Inference: 0.1549 s/iter. Eval: 1.1738 s/iter. Total: 1.3308 s/iter. ETA=0:32:38
[12/10 05:31:07 d2.evaluation.evaluator]: Inference done 2475/3943. Dataloading: 0.0019 s/iter. Inference: 0.1549 s/iter. Eval: 1.1738 s/iter. Total: 1.3308 s/iter. ETA=0:32:33
[12/10 05:31:12 d2.evaluation.evaluator]: Inference done 2480/3943. Dataloading: 0.0019 s/iter. Inference: 0.1549 s/iter. Eval: 1.1732 s/iter. Total: 1.3302 s/iter. ETA=0:32:26
[12/10 05:31:18 d2.evaluation.evaluator]: Inference done 2485/3943. Dataloading: 0.0019 s/iter. Inference: 0.1549 s/iter. Eval: 1.1730 s/iter. Total: 1.3300 s/iter. ETA=0:32:19
[12/10 05:31:23 d2.evaluation.evaluator]: Inference done 2489/3943. Dataloading: 0.0019 s/iter. Inference: 0.1549 s/iter. Eval: 1.1731 s/iter. Total: 1.3301 s/iter. ETA=0:32:13
[12/10 05:31:29 d2.evaluation.evaluator]: Inference done 2493/3943. Dataloading: 0.0019 s/iter. Inference: 0.1549 s/iter. Eval: 1.1730 s/iter. Total: 1.3300 s/iter. ETA=0:32:08
[12/10 05:31:35 d2.evaluation.evaluator]: Inference done 2498/3943. Dataloading: 0.0019 s/iter. Inference: 0.1549 s/iter. Eval: 1.1728 s/iter. Total: 1.3297 s/iter. ETA=0:32:01
[12/10 05:31:40 d2.evaluation.evaluator]: Inference done 2502/3943. Dataloading: 0.0019 s/iter. Inference: 0.1549 s/iter. Eval: 1.1728 s/iter. Total: 1.3297 s/iter. ETA=0:31:56
[12/10 05:31:45 d2.evaluation.evaluator]: Inference done 2507/3943. Dataloading: 0.0019 s/iter. Inference: 0.1549 s/iter. Eval: 1.1722 s/iter. Total: 1.3291 s/iter. ETA=0:31:48
[12/10 05:31:51 d2.evaluation.evaluator]: Inference done 2511/3943. Dataloading: 0.0019 s/iter. Inference: 0.1549 s/iter. Eval: 1.1724 s/iter. Total: 1.3294 s/iter. ETA=0:31:43
[12/10 05:31:57 d2.evaluation.evaluator]: Inference done 2516/3943. Dataloading: 0.0019 s/iter. Inference: 0.1549 s/iter. Eval: 1.1721 s/iter. Total: 1.3291 s/iter. ETA=0:31:36
[12/10 05:32:03 d2.evaluation.evaluator]: Inference done 2521/3943. Dataloading: 0.0019 s/iter. Inference: 0.1549 s/iter. Eval: 1.1720 s/iter. Total: 1.3290 s/iter. ETA=0:31:29
[12/10 05:32:08 d2.evaluation.evaluator]: Inference done 2525/3943. Dataloading: 0.0019 s/iter. Inference: 0.1549 s/iter. Eval: 1.1720 s/iter. Total: 1.3289 s/iter. ETA=0:31:24
[12/10 05:32:14 d2.evaluation.evaluator]: Inference done 2529/3943. Dataloading: 0.0019 s/iter. Inference: 0.1549 s/iter. Eval: 1.1719 s/iter. Total: 1.3289 s/iter. ETA=0:31:19
[12/10 05:32:19 d2.evaluation.evaluator]: Inference done 2533/3943. Dataloading: 0.0019 s/iter. Inference: 0.1549 s/iter. Eval: 1.1720 s/iter. Total: 1.3290 s/iter. ETA=0:31:13
[12/10 05:32:25 d2.evaluation.evaluator]: Inference done 2538/3943. Dataloading: 0.0019 s/iter. Inference: 0.1549 s/iter. Eval: 1.1715 s/iter. Total: 1.3285 s/iter. ETA=0:31:06
[12/10 05:32:30 d2.evaluation.evaluator]: Inference done 2543/3943. Dataloading: 0.0019 s/iter. Inference: 0.1549 s/iter. Eval: 1.1710 s/iter. Total: 1.3279 s/iter. ETA=0:30:59
[12/10 05:32:36 d2.evaluation.evaluator]: Inference done 2547/3943. Dataloading: 0.0019 s/iter. Inference: 0.1549 s/iter. Eval: 1.1713 s/iter. Total: 1.3282 s/iter. ETA=0:30:54
[12/10 05:32:41 d2.evaluation.evaluator]: Inference done 2551/3943. Dataloading: 0.0019 s/iter. Inference: 0.1549 s/iter. Eval: 1.1713 s/iter. Total: 1.3282 s/iter. ETA=0:30:48
[12/10 05:32:47 d2.evaluation.evaluator]: Inference done 2554/3943. Dataloading: 0.0019 s/iter. Inference: 0.1549 s/iter. Eval: 1.1719 s/iter. Total: 1.3288 s/iter. ETA=0:30:45
[12/10 05:32:52 d2.evaluation.evaluator]: Inference done 2557/3943. Dataloading: 0.0019 s/iter. Inference: 0.1549 s/iter. Eval: 1.1724 s/iter. Total: 1.3293 s/iter. ETA=0:30:42
[12/10 05:32:58 d2.evaluation.evaluator]: Inference done 2562/3943. Dataloading: 0.0019 s/iter. Inference: 0.1549 s/iter. Eval: 1.1722 s/iter. Total: 1.3291 s/iter. ETA=0:30:35
[12/10 05:33:04 d2.evaluation.evaluator]: Inference done 2567/3943. Dataloading: 0.0019 s/iter. Inference: 0.1549 s/iter. Eval: 1.1718 s/iter. Total: 1.3287 s/iter. ETA=0:30:28
[12/10 05:33:10 d2.evaluation.evaluator]: Inference done 2572/3943. Dataloading: 0.0019 s/iter. Inference: 0.1549 s/iter. Eval: 1.1715 s/iter. Total: 1.3284 s/iter. ETA=0:30:21
[12/10 05:33:15 d2.evaluation.evaluator]: Inference done 2576/3943. Dataloading: 0.0019 s/iter. Inference: 0.1549 s/iter. Eval: 1.1714 s/iter. Total: 1.3284 s/iter. ETA=0:30:15
[12/10 05:33:21 d2.evaluation.evaluator]: Inference done 2583/3943. Dataloading: 0.0019 s/iter. Inference: 0.1549 s/iter. Eval: 1.1702 s/iter. Total: 1.3271 s/iter. ETA=0:30:04
[12/10 05:33:26 d2.evaluation.evaluator]: Inference done 2588/3943. Dataloading: 0.0019 s/iter. Inference: 0.1549 s/iter. Eval: 1.1697 s/iter. Total: 1.3266 s/iter. ETA=0:29:57
[12/10 05:33:31 d2.evaluation.evaluator]: Inference done 2594/3943. Dataloading: 0.0019 s/iter. Inference: 0.1549 s/iter. Eval: 1.1686 s/iter. Total: 1.3255 s/iter. ETA=0:29:48
[12/10 05:33:38 d2.evaluation.evaluator]: Inference done 2600/3943. Dataloading: 0.0019 s/iter. Inference: 0.1549 s/iter. Eval: 1.1681 s/iter. Total: 1.3250 s/iter. ETA=0:29:39
[12/10 05:33:43 d2.evaluation.evaluator]: Inference done 2605/3943. Dataloading: 0.0019 s/iter. Inference: 0.1549 s/iter. Eval: 1.1676 s/iter. Total: 1.3245 s/iter. ETA=0:29:32
[12/10 05:33:49 d2.evaluation.evaluator]: Inference done 2608/3943. Dataloading: 0.0019 s/iter. Inference: 0.1549 s/iter. Eval: 1.1683 s/iter. Total: 1.3252 s/iter. ETA=0:29:29
[12/10 05:33:55 d2.evaluation.evaluator]: Inference done 2614/3943. Dataloading: 0.0019 s/iter. Inference: 0.1549 s/iter. Eval: 1.1677 s/iter. Total: 1.3246 s/iter. ETA=0:29:20
[12/10 05:34:00 d2.evaluation.evaluator]: Inference done 2619/3943. Dataloading: 0.0019 s/iter. Inference: 0.1549 s/iter. Eval: 1.1671 s/iter. Total: 1.3240 s/iter. ETA=0:29:12
[12/10 05:34:06 d2.evaluation.evaluator]: Inference done 2624/3943. Dataloading: 0.0019 s/iter. Inference: 0.1549 s/iter. Eval: 1.1666 s/iter. Total: 1.3235 s/iter. ETA=0:29:05
[12/10 05:34:13 d2.evaluation.evaluator]: Inference done 2630/3943. Dataloading: 0.0019 s/iter. Inference: 0.1548 s/iter. Eval: 1.1662 s/iter. Total: 1.3230 s/iter. ETA=0:28:57
[12/10 05:34:18 d2.evaluation.evaluator]: Inference done 2635/3943. Dataloading: 0.0019 s/iter. Inference: 0.1548 s/iter. Eval: 1.1658 s/iter. Total: 1.3227 s/iter. ETA=0:28:50
[12/10 05:34:24 d2.evaluation.evaluator]: Inference done 2640/3943. Dataloading: 0.0019 s/iter. Inference: 0.1548 s/iter. Eval: 1.1654 s/iter. Total: 1.3223 s/iter. ETA=0:28:42
[12/10 05:34:29 d2.evaluation.evaluator]: Inference done 2646/3943. Dataloading: 0.0019 s/iter. Inference: 0.1548 s/iter. Eval: 1.1644 s/iter. Total: 1.3212 s/iter. ETA=0:28:33
[12/10 05:34:35 d2.evaluation.evaluator]: Inference done 2649/3943. Dataloading: 0.0019 s/iter. Inference: 0.1548 s/iter. Eval: 1.1651 s/iter. Total: 1.3220 s/iter. ETA=0:28:30
[12/10 05:34:40 d2.evaluation.evaluator]: Inference done 2653/3943. Dataloading: 0.0019 s/iter. Inference: 0.1548 s/iter. Eval: 1.1651 s/iter. Total: 1.3220 s/iter. ETA=0:28:25
[12/10 05:34:46 d2.evaluation.evaluator]: Inference done 2659/3943. Dataloading: 0.0019 s/iter. Inference: 0.1548 s/iter. Eval: 1.1642 s/iter. Total: 1.3211 s/iter. ETA=0:28:16
[12/10 05:34:52 d2.evaluation.evaluator]: Inference done 2664/3943. Dataloading: 0.0019 s/iter. Inference: 0.1548 s/iter. Eval: 1.1640 s/iter. Total: 1.3209 s/iter. ETA=0:28:09
[12/10 05:34:57 d2.evaluation.evaluator]: Inference done 2667/3943. Dataloading: 0.0019 s/iter. Inference: 0.1548 s/iter. Eval: 1.1644 s/iter. Total: 1.3213 s/iter. ETA=0:28:05
[12/10 05:35:03 d2.evaluation.evaluator]: Inference done 2672/3943. Dataloading: 0.0019 s/iter. Inference: 0.1548 s/iter. Eval: 1.1641 s/iter. Total: 1.3209 s/iter. ETA=0:27:58
[12/10 05:35:10 d2.evaluation.evaluator]: Inference done 2675/3943. Dataloading: 0.0019 s/iter. Inference: 0.1548 s/iter. Eval: 1.1652 s/iter. Total: 1.3221 s/iter. ETA=0:27:56
[12/10 05:35:16 d2.evaluation.evaluator]: Inference done 2679/3943. Dataloading: 0.0019 s/iter. Inference: 0.1548 s/iter. Eval: 1.1657 s/iter. Total: 1.3226 s/iter. ETA=0:27:51
[12/10 05:35:22 d2.evaluation.evaluator]: Inference done 2686/3943. Dataloading: 0.0019 s/iter. Inference: 0.1548 s/iter. Eval: 1.1645 s/iter. Total: 1.3214 s/iter. ETA=0:27:40
[12/10 05:35:28 d2.evaluation.evaluator]: Inference done 2691/3943. Dataloading: 0.0019 s/iter. Inference: 0.1548 s/iter. Eval: 1.1642 s/iter. Total: 1.3210 s/iter. ETA=0:27:33
[12/10 05:35:33 d2.evaluation.evaluator]: Inference done 2694/3943. Dataloading: 0.0019 s/iter. Inference: 0.1548 s/iter. Eval: 1.1647 s/iter. Total: 1.3216 s/iter. ETA=0:27:30
[12/10 05:35:40 d2.evaluation.evaluator]: Inference done 2700/3943. Dataloading: 0.0019 s/iter. Inference: 0.1548 s/iter. Eval: 1.1641 s/iter. Total: 1.3209 s/iter. ETA=0:27:21
[12/10 05:35:45 d2.evaluation.evaluator]: Inference done 2705/3943. Dataloading: 0.0019 s/iter. Inference: 0.1548 s/iter. Eval: 1.1635 s/iter. Total: 1.3204 s/iter. ETA=0:27:14
[12/10 05:35:50 d2.evaluation.evaluator]: Inference done 2710/3943. Dataloading: 0.0019 s/iter. Inference: 0.1548 s/iter. Eval: 1.1632 s/iter. Total: 1.3201 s/iter. ETA=0:27:07
[12/10 05:35:57 d2.evaluation.evaluator]: Inference done 2715/3943. Dataloading: 0.0019 s/iter. Inference: 0.1548 s/iter. Eval: 1.1632 s/iter. Total: 1.3201 s/iter. ETA=0:27:01
[12/10 05:36:03 d2.evaluation.evaluator]: Inference done 2719/3943. Dataloading: 0.0019 s/iter. Inference: 0.1548 s/iter. Eval: 1.1634 s/iter. Total: 1.3202 s/iter. ETA=0:26:55
[12/10 05:36:09 d2.evaluation.evaluator]: Inference done 2724/3943. Dataloading: 0.0019 s/iter. Inference: 0.1548 s/iter. Eval: 1.1634 s/iter. Total: 1.3202 s/iter. ETA=0:26:49
[12/10 05:36:15 d2.evaluation.evaluator]: Inference done 2731/3943. Dataloading: 0.0019 s/iter. Inference: 0.1548 s/iter. Eval: 1.1621 s/iter. Total: 1.3189 s/iter. ETA=0:26:38
[12/10 05:36:21 d2.evaluation.evaluator]: Inference done 2736/3943. Dataloading: 0.0019 s/iter. Inference: 0.1548 s/iter. Eval: 1.1618 s/iter. Total: 1.3187 s/iter. ETA=0:26:31
[12/10 05:36:27 d2.evaluation.evaluator]: Inference done 2742/3943. Dataloading: 0.0019 s/iter. Inference: 0.1548 s/iter. Eval: 1.1611 s/iter. Total: 1.3179 s/iter. ETA=0:26:22
[12/10 05:36:32 d2.evaluation.evaluator]: Inference done 2747/3943. Dataloading: 0.0019 s/iter. Inference: 0.1548 s/iter. Eval: 1.1606 s/iter. Total: 1.3174 s/iter. ETA=0:26:15
[12/10 05:36:38 d2.evaluation.evaluator]: Inference done 2754/3943. Dataloading: 0.0019 s/iter. Inference: 0.1548 s/iter. Eval: 1.1595 s/iter. Total: 1.3163 s/iter. ETA=0:26:05
[12/10 05:36:44 d2.evaluation.evaluator]: Inference done 2761/3943. Dataloading: 0.0019 s/iter. Inference: 0.1548 s/iter. Eval: 1.1582 s/iter. Total: 1.3150 s/iter. ETA=0:25:54
[12/10 05:36:49 d2.evaluation.evaluator]: Inference done 2767/3943. Dataloading: 0.0019 s/iter. Inference: 0.1548 s/iter. Eval: 1.1572 s/iter. Total: 1.3140 s/iter. ETA=0:25:45
[12/10 05:36:54 d2.evaluation.evaluator]: Inference done 2772/3943. Dataloading: 0.0019 s/iter. Inference: 0.1547 s/iter. Eval: 1.1568 s/iter. Total: 1.3136 s/iter. ETA=0:25:38
[12/10 05:36:59 d2.evaluation.evaluator]: Inference done 2776/3943. Dataloading: 0.0019 s/iter. Inference: 0.1548 s/iter. Eval: 1.1568 s/iter. Total: 1.3136 s/iter. ETA=0:25:32
[12/10 05:37:05 d2.evaluation.evaluator]: Inference done 2781/3943. Dataloading: 0.0019 s/iter. Inference: 0.1547 s/iter. Eval: 1.1564 s/iter. Total: 1.3132 s/iter. ETA=0:25:25
[12/10 05:37:11 d2.evaluation.evaluator]: Inference done 2786/3943. Dataloading: 0.0019 s/iter. Inference: 0.1547 s/iter. Eval: 1.1563 s/iter. Total: 1.3131 s/iter. ETA=0:25:19
[12/10 05:37:18 d2.evaluation.evaluator]: Inference done 2791/3943. Dataloading: 0.0019 s/iter. Inference: 0.1547 s/iter. Eval: 1.1563 s/iter. Total: 1.3130 s/iter. ETA=0:25:12
[12/10 05:37:23 d2.evaluation.evaluator]: Inference done 2796/3943. Dataloading: 0.0019 s/iter. Inference: 0.1547 s/iter. Eval: 1.1558 s/iter. Total: 1.3126 s/iter. ETA=0:25:05
[12/10 05:37:29 d2.evaluation.evaluator]: Inference done 2801/3943. Dataloading: 0.0019 s/iter. Inference: 0.1547 s/iter. Eval: 1.1556 s/iter. Total: 1.3124 s/iter. ETA=0:24:58
[12/10 05:37:35 d2.evaluation.evaluator]: Inference done 2805/3943. Dataloading: 0.0019 s/iter. Inference: 0.1547 s/iter. Eval: 1.1560 s/iter. Total: 1.3128 s/iter. ETA=0:24:53
[12/10 05:37:41 d2.evaluation.evaluator]: Inference done 2811/3943. Dataloading: 0.0019 s/iter. Inference: 0.1547 s/iter. Eval: 1.1553 s/iter. Total: 1.3121 s/iter. ETA=0:24:45
[12/10 05:37:47 d2.evaluation.evaluator]: Inference done 2817/3943. Dataloading: 0.0019 s/iter. Inference: 0.1547 s/iter. Eval: 1.1544 s/iter. Total: 1.3111 s/iter. ETA=0:24:36
[12/10 05:37:53 d2.evaluation.evaluator]: Inference done 2822/3943. Dataloading: 0.0019 s/iter. Inference: 0.1547 s/iter. Eval: 1.1542 s/iter. Total: 1.3110 s/iter. ETA=0:24:29
[12/10 05:37:58 d2.evaluation.evaluator]: Inference done 2828/3943. Dataloading: 0.0019 s/iter. Inference: 0.1547 s/iter. Eval: 1.1535 s/iter. Total: 1.3103 s/iter. ETA=0:24:20
[12/10 05:38:04 d2.evaluation.evaluator]: Inference done 2833/3943. Dataloading: 0.0019 s/iter. Inference: 0.1547 s/iter. Eval: 1.1531 s/iter. Total: 1.3099 s/iter. ETA=0:24:13
[12/10 05:38:12 d2.evaluation.evaluator]: Inference done 2839/3943. Dataloading: 0.0019 s/iter. Inference: 0.1547 s/iter. Eval: 1.1530 s/iter. Total: 1.3098 s/iter. ETA=0:24:05
[12/10 05:38:17 d2.evaluation.evaluator]: Inference done 2844/3943. Dataloading: 0.0019 s/iter. Inference: 0.1547 s/iter. Eval: 1.1526 s/iter. Total: 1.3093 s/iter. ETA=0:23:58
[12/10 05:38:22 d2.evaluation.evaluator]: Inference done 2850/3943. Dataloading: 0.0019 s/iter. Inference: 0.1547 s/iter. Eval: 1.1516 s/iter. Total: 1.3083 s/iter. ETA=0:23:50
[12/10 05:38:27 d2.evaluation.evaluator]: Inference done 2854/3943. Dataloading: 0.0019 s/iter. Inference: 0.1547 s/iter. Eval: 1.1516 s/iter. Total: 1.3084 s/iter. ETA=0:23:44
[12/10 05:38:33 d2.evaluation.evaluator]: Inference done 2859/3943. Dataloading: 0.0019 s/iter. Inference: 0.1547 s/iter. Eval: 1.1512 s/iter. Total: 1.3080 s/iter. ETA=0:23:37
[12/10 05:38:38 d2.evaluation.evaluator]: Inference done 2865/3943. Dataloading: 0.0019 s/iter. Inference: 0.1547 s/iter. Eval: 1.1502 s/iter. Total: 1.3070 s/iter. ETA=0:23:28
[12/10 05:38:43 d2.evaluation.evaluator]: Inference done 2871/3943. Dataloading: 0.0019 s/iter. Inference: 0.1547 s/iter. Eval: 1.1495 s/iter. Total: 1.3063 s/iter. ETA=0:23:20
[12/10 05:38:49 d2.evaluation.evaluator]: Inference done 2876/3943. Dataloading: 0.0019 s/iter. Inference: 0.1547 s/iter. Eval: 1.1491 s/iter. Total: 1.3059 s/iter. ETA=0:23:13
[12/10 05:38:55 d2.evaluation.evaluator]: Inference done 2882/3943. Dataloading: 0.0019 s/iter. Inference: 0.1547 s/iter. Eval: 1.1484 s/iter. Total: 1.3052 s/iter. ETA=0:23:04
[12/10 05:39:00 d2.evaluation.evaluator]: Inference done 2886/3943. Dataloading: 0.0019 s/iter. Inference: 0.1547 s/iter. Eval: 1.1484 s/iter. Total: 1.3051 s/iter. ETA=0:22:59
[12/10 05:39:05 d2.evaluation.evaluator]: Inference done 2890/3943. Dataloading: 0.0019 s/iter. Inference: 0.1547 s/iter. Eval: 1.1485 s/iter. Total: 1.3052 s/iter. ETA=0:22:54
[12/10 05:39:10 d2.evaluation.evaluator]: Inference done 2895/3943. Dataloading: 0.0019 s/iter. Inference: 0.1547 s/iter. Eval: 1.1480 s/iter. Total: 1.3047 s/iter. ETA=0:22:47
[12/10 05:39:16 d2.evaluation.evaluator]: Inference done 2898/3943. Dataloading: 0.0019 s/iter. Inference: 0.1547 s/iter. Eval: 1.1486 s/iter. Total: 1.3053 s/iter. ETA=0:22:44
[12/10 05:39:21 d2.evaluation.evaluator]: Inference done 2904/3943. Dataloading: 0.0019 s/iter. Inference: 0.1547 s/iter. Eval: 1.1477 s/iter. Total: 1.3044 s/iter. ETA=0:22:35
[12/10 05:39:27 d2.evaluation.evaluator]: Inference done 2908/3943. Dataloading: 0.0019 s/iter. Inference: 0.1547 s/iter. Eval: 1.1479 s/iter. Total: 1.3047 s/iter. ETA=0:22:30
[12/10 05:39:34 d2.evaluation.evaluator]: Inference done 2913/3943. Dataloading: 0.0019 s/iter. Inference: 0.1547 s/iter. Eval: 1.1481 s/iter. Total: 1.3048 s/iter. ETA=0:22:23
[12/10 05:39:40 d2.evaluation.evaluator]: Inference done 2917/3943. Dataloading: 0.0019 s/iter. Inference: 0.1547 s/iter. Eval: 1.1484 s/iter. Total: 1.3051 s/iter. ETA=0:22:19
[12/10 05:39:46 d2.evaluation.evaluator]: Inference done 2922/3943. Dataloading: 0.0019 s/iter. Inference: 0.1547 s/iter. Eval: 1.1480 s/iter. Total: 1.3048 s/iter. ETA=0:22:12
[12/10 05:39:51 d2.evaluation.evaluator]: Inference done 2926/3943. Dataloading: 0.0019 s/iter. Inference: 0.1547 s/iter. Eval: 1.1482 s/iter. Total: 1.3050 s/iter. ETA=0:22:07
[12/10 05:39:57 d2.evaluation.evaluator]: Inference done 2931/3943. Dataloading: 0.0019 s/iter. Inference: 0.1547 s/iter. Eval: 1.1478 s/iter. Total: 1.3046 s/iter. ETA=0:22:00
[12/10 05:40:02 d2.evaluation.evaluator]: Inference done 2936/3943. Dataloading: 0.0019 s/iter. Inference: 0.1547 s/iter. Eval: 1.1474 s/iter. Total: 1.3041 s/iter. ETA=0:21:53
[12/10 05:40:08 d2.evaluation.evaluator]: Inference done 2942/3943. Dataloading: 0.0019 s/iter. Inference: 0.1547 s/iter. Eval: 1.1468 s/iter. Total: 1.3036 s/iter. ETA=0:21:44
[12/10 05:40:14 d2.evaluation.evaluator]: Inference done 2948/3943. Dataloading: 0.0019 s/iter. Inference: 0.1547 s/iter. Eval: 1.1462 s/iter. Total: 1.3029 s/iter. ETA=0:21:36
[12/10 05:40:21 d2.evaluation.evaluator]: Inference done 2951/3943. Dataloading: 0.0019 s/iter. Inference: 0.1547 s/iter. Eval: 1.1471 s/iter. Total: 1.3038 s/iter. ETA=0:21:33
[12/10 05:40:26 d2.evaluation.evaluator]: Inference done 2955/3943. Dataloading: 0.0019 s/iter. Inference: 0.1547 s/iter. Eval: 1.1472 s/iter. Total: 1.3039 s/iter. ETA=0:21:28
[12/10 05:40:31 d2.evaluation.evaluator]: Inference done 2959/3943. Dataloading: 0.0019 s/iter. Inference: 0.1547 s/iter. Eval: 1.1472 s/iter. Total: 1.3039 s/iter. ETA=0:21:23
[12/10 05:40:36 d2.evaluation.evaluator]: Inference done 2963/3943. Dataloading: 0.0019 s/iter. Inference: 0.1547 s/iter. Eval: 1.1471 s/iter. Total: 1.3039 s/iter. ETA=0:21:17
[12/10 05:40:42 d2.evaluation.evaluator]: Inference done 2969/3943. Dataloading: 0.0019 s/iter. Inference: 0.1547 s/iter. Eval: 1.1464 s/iter. Total: 1.3031 s/iter. ETA=0:21:09
[12/10 05:40:48 d2.evaluation.evaluator]: Inference done 2974/3943. Dataloading: 0.0019 s/iter. Inference: 0.1547 s/iter. Eval: 1.1461 s/iter. Total: 1.3029 s/iter. ETA=0:21:02
[12/10 05:40:54 d2.evaluation.evaluator]: Inference done 2979/3943. Dataloading: 0.0019 s/iter. Inference: 0.1547 s/iter. Eval: 1.1459 s/iter. Total: 1.3026 s/iter. ETA=0:20:55
[12/10 05:41:00 d2.evaluation.evaluator]: Inference done 2986/3943. Dataloading: 0.0019 s/iter. Inference: 0.1547 s/iter. Eval: 1.1451 s/iter. Total: 1.3018 s/iter. ETA=0:20:45
[12/10 05:41:06 d2.evaluation.evaluator]: Inference done 2990/3943. Dataloading: 0.0019 s/iter. Inference: 0.1547 s/iter. Eval: 1.1452 s/iter. Total: 1.3019 s/iter. ETA=0:20:40
[12/10 05:41:11 d2.evaluation.evaluator]: Inference done 2996/3943. Dataloading: 0.0019 s/iter. Inference: 0.1547 s/iter. Eval: 1.1444 s/iter. Total: 1.3012 s/iter. ETA=0:20:32
[12/10 05:41:19 d2.evaluation.evaluator]: Inference done 3001/3943. Dataloading: 0.0019 s/iter. Inference: 0.1547 s/iter. Eval: 1.1449 s/iter. Total: 1.3016 s/iter. ETA=0:20:26
[12/10 05:41:25 d2.evaluation.evaluator]: Inference done 3005/3943. Dataloading: 0.0019 s/iter. Inference: 0.1547 s/iter. Eval: 1.1450 s/iter. Total: 1.3017 s/iter. ETA=0:20:21
[12/10 05:41:31 d2.evaluation.evaluator]: Inference done 3008/3943. Dataloading: 0.0019 s/iter. Inference: 0.1547 s/iter. Eval: 1.1459 s/iter. Total: 1.3026 s/iter. ETA=0:20:17
[12/10 05:41:38 d2.evaluation.evaluator]: Inference done 3012/3943. Dataloading: 0.0019 s/iter. Inference: 0.1547 s/iter. Eval: 1.1463 s/iter. Total: 1.3030 s/iter. ETA=0:20:13
[12/10 05:41:44 d2.evaluation.evaluator]: Inference done 3016/3943. Dataloading: 0.0019 s/iter. Inference: 0.1547 s/iter. Eval: 1.1466 s/iter. Total: 1.3033 s/iter. ETA=0:20:08
[12/10 05:41:51 d2.evaluation.evaluator]: Inference done 3021/3943. Dataloading: 0.0019 s/iter. Inference: 0.1547 s/iter. Eval: 1.1468 s/iter. Total: 1.3035 s/iter. ETA=0:20:01
[12/10 05:41:56 d2.evaluation.evaluator]: Inference done 3025/3943. Dataloading: 0.0019 s/iter. Inference: 0.1547 s/iter. Eval: 1.1468 s/iter. Total: 1.3035 s/iter. ETA=0:19:56
[12/10 05:42:02 d2.evaluation.evaluator]: Inference done 3028/3943. Dataloading: 0.0019 s/iter. Inference: 0.1547 s/iter. Eval: 1.1474 s/iter. Total: 1.3041 s/iter. ETA=0:19:53
[12/10 05:42:09 d2.evaluation.evaluator]: Inference done 3034/3943. Dataloading: 0.0019 s/iter. Inference: 0.1547 s/iter. Eval: 1.1471 s/iter. Total: 1.3039 s/iter. ETA=0:19:45
[12/10 05:42:15 d2.evaluation.evaluator]: Inference done 3038/3943. Dataloading: 0.0019 s/iter. Inference: 0.1547 s/iter. Eval: 1.1472 s/iter. Total: 1.3040 s/iter. ETA=0:19:40
[12/10 05:42:20 d2.evaluation.evaluator]: Inference done 3041/3943. Dataloading: 0.0019 s/iter. Inference: 0.1547 s/iter. Eval: 1.1476 s/iter. Total: 1.3043 s/iter. ETA=0:19:36
[12/10 05:42:25 d2.evaluation.evaluator]: Inference done 3047/3943. Dataloading: 0.0019 s/iter. Inference: 0.1547 s/iter. Eval: 1.1468 s/iter. Total: 1.3036 s/iter. ETA=0:19:27
[12/10 05:42:30 d2.evaluation.evaluator]: Inference done 3053/3943. Dataloading: 0.0019 s/iter. Inference: 0.1547 s/iter. Eval: 1.1459 s/iter. Total: 1.3027 s/iter. ETA=0:19:19
[12/10 05:42:36 d2.evaluation.evaluator]: Inference done 3058/3943. Dataloading: 0.0019 s/iter. Inference: 0.1547 s/iter. Eval: 1.1458 s/iter. Total: 1.3025 s/iter. ETA=0:19:12
[12/10 05:42:42 d2.evaluation.evaluator]: Inference done 3063/3943. Dataloading: 0.0019 s/iter. Inference: 0.1547 s/iter. Eval: 1.1455 s/iter. Total: 1.3022 s/iter. ETA=0:19:05
[12/10 05:42:48 d2.evaluation.evaluator]: Inference done 3066/3943. Dataloading: 0.0019 s/iter. Inference: 0.1547 s/iter. Eval: 1.1462 s/iter. Total: 1.3030 s/iter. ETA=0:19:02
[12/10 05:42:54 d2.evaluation.evaluator]: Inference done 3070/3943. Dataloading: 0.0019 s/iter. Inference: 0.1547 s/iter. Eval: 1.1466 s/iter. Total: 1.3033 s/iter. ETA=0:18:57
[12/10 05:43:01 d2.evaluation.evaluator]: Inference done 3075/3943. Dataloading: 0.0019 s/iter. Inference: 0.1547 s/iter. Eval: 1.1465 s/iter. Total: 1.3032 s/iter. ETA=0:18:51
[12/10 05:43:07 d2.evaluation.evaluator]: Inference done 3078/3943. Dataloading: 0.0019 s/iter. Inference: 0.1547 s/iter. Eval: 1.1472 s/iter. Total: 1.3039 s/iter. ETA=0:18:47
[12/10 05:43:13 d2.evaluation.evaluator]: Inference done 3081/3943. Dataloading: 0.0019 s/iter. Inference: 0.1547 s/iter. Eval: 1.1479 s/iter. Total: 1.3046 s/iter. ETA=0:18:44
[12/10 05:43:18 d2.evaluation.evaluator]: Inference done 3085/3943. Dataloading: 0.0019 s/iter. Inference: 0.1547 s/iter. Eval: 1.1479 s/iter. Total: 1.3047 s/iter. ETA=0:18:39
[12/10 05:43:23 d2.evaluation.evaluator]: Inference done 3089/3943. Dataloading: 0.0019 s/iter. Inference: 0.1547 s/iter. Eval: 1.1479 s/iter. Total: 1.3046 s/iter. ETA=0:18:34
[12/10 05:43:29 d2.evaluation.evaluator]: Inference done 3093/3943. Dataloading: 0.0019 s/iter. Inference: 0.1547 s/iter. Eval: 1.1482 s/iter. Total: 1.3049 s/iter. ETA=0:18:29
[12/10 05:43:35 d2.evaluation.evaluator]: Inference done 3098/3943. Dataloading: 0.0019 s/iter. Inference: 0.1547 s/iter. Eval: 1.1478 s/iter. Total: 1.3045 s/iter. ETA=0:18:22
[12/10 05:43:40 d2.evaluation.evaluator]: Inference done 3103/3943. Dataloading: 0.0019 s/iter. Inference: 0.1547 s/iter. Eval: 1.1476 s/iter. Total: 1.3043 s/iter. ETA=0:18:15
[12/10 05:43:46 d2.evaluation.evaluator]: Inference done 3107/3943. Dataloading: 0.0019 s/iter. Inference: 0.1547 s/iter. Eval: 1.1478 s/iter. Total: 1.3045 s/iter. ETA=0:18:10
[12/10 05:43:51 d2.evaluation.evaluator]: Inference done 3112/3943. Dataloading: 0.0019 s/iter. Inference: 0.1547 s/iter. Eval: 1.1474 s/iter. Total: 1.3041 s/iter. ETA=0:18:03
[12/10 05:43:58 d2.evaluation.evaluator]: Inference done 3116/3943. Dataloading: 0.0019 s/iter. Inference: 0.1547 s/iter. Eval: 1.1477 s/iter. Total: 1.3044 s/iter. ETA=0:17:58
[12/10 05:44:04 d2.evaluation.evaluator]: Inference done 3120/3943. Dataloading: 0.0019 s/iter. Inference: 0.1547 s/iter. Eval: 1.1481 s/iter. Total: 1.3048 s/iter. ETA=0:17:53
[12/10 05:44:09 d2.evaluation.evaluator]: Inference done 3123/3943. Dataloading: 0.0019 s/iter. Inference: 0.1547 s/iter. Eval: 1.1485 s/iter. Total: 1.3052 s/iter. ETA=0:17:50
[12/10 05:44:14 d2.evaluation.evaluator]: Inference done 3126/3943. Dataloading: 0.0019 s/iter. Inference: 0.1547 s/iter. Eval: 1.1488 s/iter. Total: 1.3056 s/iter. ETA=0:17:46
[12/10 05:44:20 d2.evaluation.evaluator]: Inference done 3132/3943. Dataloading: 0.0019 s/iter. Inference: 0.1547 s/iter. Eval: 1.1480 s/iter. Total: 1.3048 s/iter. ETA=0:17:38
[12/10 05:44:25 d2.evaluation.evaluator]: Inference done 3136/3943. Dataloading: 0.0019 s/iter. Inference: 0.1547 s/iter. Eval: 1.1482 s/iter. Total: 1.3050 s/iter. ETA=0:17:33
[12/10 05:44:32 d2.evaluation.evaluator]: Inference done 3140/3943. Dataloading: 0.0019 s/iter. Inference: 0.1547 s/iter. Eval: 1.1486 s/iter. Total: 1.3053 s/iter. ETA=0:17:28
[12/10 05:44:38 d2.evaluation.evaluator]: Inference done 3145/3943. Dataloading: 0.0019 s/iter. Inference: 0.1547 s/iter. Eval: 1.1484 s/iter. Total: 1.3052 s/iter. ETA=0:17:21
[12/10 05:44:44 d2.evaluation.evaluator]: Inference done 3149/3943. Dataloading: 0.0019 s/iter. Inference: 0.1547 s/iter. Eval: 1.1487 s/iter. Total: 1.3054 s/iter. ETA=0:17:16
[12/10 05:44:49 d2.evaluation.evaluator]: Inference done 3152/3943. Dataloading: 0.0019 s/iter. Inference: 0.1547 s/iter. Eval: 1.1490 s/iter. Total: 1.3058 s/iter. ETA=0:17:12
[12/10 05:44:55 d2.evaluation.evaluator]: Inference done 3157/3943. Dataloading: 0.0019 s/iter. Inference: 0.1547 s/iter. Eval: 1.1488 s/iter. Total: 1.3055 s/iter. ETA=0:17:06
[12/10 05:45:00 d2.evaluation.evaluator]: Inference done 3161/3943. Dataloading: 0.0019 s/iter. Inference: 0.1547 s/iter. Eval: 1.1490 s/iter. Total: 1.3057 s/iter. ETA=0:17:01
[12/10 05:45:06 d2.evaluation.evaluator]: Inference done 3165/3943. Dataloading: 0.0019 s/iter. Inference: 0.1547 s/iter. Eval: 1.1491 s/iter. Total: 1.3059 s/iter. ETA=0:16:55
[12/10 05:45:12 d2.evaluation.evaluator]: Inference done 3168/3943. Dataloading: 0.0019 s/iter. Inference: 0.1547 s/iter. Eval: 1.1497 s/iter. Total: 1.3064 s/iter. ETA=0:16:52
[12/10 05:45:18 d2.evaluation.evaluator]: Inference done 3171/3943. Dataloading: 0.0019 s/iter. Inference: 0.1547 s/iter. Eval: 1.1505 s/iter. Total: 1.3072 s/iter. ETA=0:16:49
[12/10 05:45:25 d2.evaluation.evaluator]: Inference done 3175/3943. Dataloading: 0.0019 s/iter. Inference: 0.1547 s/iter. Eval: 1.1509 s/iter. Total: 1.3076 s/iter. ETA=0:16:44
[12/10 05:45:30 d2.evaluation.evaluator]: Inference done 3178/3943. Dataloading: 0.0019 s/iter. Inference: 0.1547 s/iter. Eval: 1.1514 s/iter. Total: 1.3081 s/iter. ETA=0:16:40
[12/10 05:45:36 d2.evaluation.evaluator]: Inference done 3183/3943. Dataloading: 0.0019 s/iter. Inference: 0.1547 s/iter. Eval: 1.1510 s/iter. Total: 1.3077 s/iter. ETA=0:16:33
[12/10 05:45:41 d2.evaluation.evaluator]: Inference done 3187/3943. Dataloading: 0.0019 s/iter. Inference: 0.1547 s/iter. Eval: 1.1511 s/iter. Total: 1.3078 s/iter. ETA=0:16:28
[12/10 05:45:46 d2.evaluation.evaluator]: Inference done 3191/3943. Dataloading: 0.0019 s/iter. Inference: 0.1547 s/iter. Eval: 1.1511 s/iter. Total: 1.3078 s/iter. ETA=0:16:23
[12/10 05:45:53 d2.evaluation.evaluator]: Inference done 3195/3943. Dataloading: 0.0019 s/iter. Inference: 0.1547 s/iter. Eval: 1.1517 s/iter. Total: 1.3084 s/iter. ETA=0:16:18
[12/10 05:46:00 d2.evaluation.evaluator]: Inference done 3200/3943. Dataloading: 0.0019 s/iter. Inference: 0.1547 s/iter. Eval: 1.1517 s/iter. Total: 1.3084 s/iter. ETA=0:16:12
[12/10 05:46:06 d2.evaluation.evaluator]: Inference done 3204/3943. Dataloading: 0.0019 s/iter. Inference: 0.1547 s/iter. Eval: 1.1518 s/iter. Total: 1.3086 s/iter. ETA=0:16:07
[12/10 05:46:12 d2.evaluation.evaluator]: Inference done 3208/3943. Dataloading: 0.0019 s/iter. Inference: 0.1547 s/iter. Eval: 1.1520 s/iter. Total: 1.3088 s/iter. ETA=0:16:01
[12/10 05:46:17 d2.evaluation.evaluator]: Inference done 3212/3943. Dataloading: 0.0019 s/iter. Inference: 0.1547 s/iter. Eval: 1.1521 s/iter. Total: 1.3088 s/iter. ETA=0:15:56
[12/10 05:46:22 d2.evaluation.evaluator]: Inference done 3216/3943. Dataloading: 0.0019 s/iter. Inference: 0.1547 s/iter. Eval: 1.1521 s/iter. Total: 1.3089 s/iter. ETA=0:15:51
[12/10 05:46:29 d2.evaluation.evaluator]: Inference done 3220/3943. Dataloading: 0.0019 s/iter. Inference: 0.1547 s/iter. Eval: 1.1525 s/iter. Total: 1.3092 s/iter. ETA=0:15:46
[12/10 05:46:36 d2.evaluation.evaluator]: Inference done 3225/3943. Dataloading: 0.0019 s/iter. Inference: 0.1547 s/iter. Eval: 1.1526 s/iter. Total: 1.3094 s/iter. ETA=0:15:40
[12/10 05:46:43 d2.evaluation.evaluator]: Inference done 3228/3943. Dataloading: 0.0019 s/iter. Inference: 0.1547 s/iter. Eval: 1.1535 s/iter. Total: 1.3103 s/iter. ETA=0:15:36
[12/10 05:46:50 d2.evaluation.evaluator]: Inference done 3232/3943. Dataloading: 0.0019 s/iter. Inference: 0.1547 s/iter. Eval: 1.1541 s/iter. Total: 1.3109 s/iter. ETA=0:15:32
[12/10 05:46:56 d2.evaluation.evaluator]: Inference done 3236/3943. Dataloading: 0.0019 s/iter. Inference: 0.1547 s/iter. Eval: 1.1543 s/iter. Total: 1.3110 s/iter. ETA=0:15:26
[12/10 05:47:02 d2.evaluation.evaluator]: Inference done 3240/3943. Dataloading: 0.0019 s/iter. Inference: 0.1547 s/iter. Eval: 1.1545 s/iter. Total: 1.3113 s/iter. ETA=0:15:21
[12/10 05:47:08 d2.evaluation.evaluator]: Inference done 3245/3943. Dataloading: 0.0019 s/iter. Inference: 0.1547 s/iter. Eval: 1.1544 s/iter. Total: 1.3111 s/iter. ETA=0:15:15
[12/10 05:47:13 d2.evaluation.evaluator]: Inference done 3249/3943. Dataloading: 0.0019 s/iter. Inference: 0.1547 s/iter. Eval: 1.1543 s/iter. Total: 1.3111 s/iter. ETA=0:15:09
[12/10 05:47:18 d2.evaluation.evaluator]: Inference done 3252/3943. Dataloading: 0.0019 s/iter. Inference: 0.1547 s/iter. Eval: 1.1548 s/iter. Total: 1.3116 s/iter. ETA=0:15:06
[12/10 05:47:24 d2.evaluation.evaluator]: Inference done 3255/3943. Dataloading: 0.0019 s/iter. Inference: 0.1547 s/iter. Eval: 1.1553 s/iter. Total: 1.3121 s/iter. ETA=0:15:02
[12/10 05:47:30 d2.evaluation.evaluator]: Inference done 3260/3943. Dataloading: 0.0019 s/iter. Inference: 0.1547 s/iter. Eval: 1.1552 s/iter. Total: 1.3120 s/iter. ETA=0:14:56
[12/10 05:47:36 d2.evaluation.evaluator]: Inference done 3263/3943. Dataloading: 0.0019 s/iter. Inference: 0.1547 s/iter. Eval: 1.1557 s/iter. Total: 1.3125 s/iter. ETA=0:14:52
[12/10 05:47:42 d2.evaluation.evaluator]: Inference done 3267/3943. Dataloading: 0.0019 s/iter. Inference: 0.1547 s/iter. Eval: 1.1559 s/iter. Total: 1.3127 s/iter. ETA=0:14:47
[12/10 05:47:48 d2.evaluation.evaluator]: Inference done 3271/3943. Dataloading: 0.0019 s/iter. Inference: 0.1547 s/iter. Eval: 1.1562 s/iter. Total: 1.3129 s/iter. ETA=0:14:42
[12/10 05:47:54 d2.evaluation.evaluator]: Inference done 3276/3943. Dataloading: 0.0019 s/iter. Inference: 0.1547 s/iter. Eval: 1.1562 s/iter. Total: 1.3130 s/iter. ETA=0:14:35
[12/10 05:47:59 d2.evaluation.evaluator]: Inference done 3280/3943. Dataloading: 0.0019 s/iter. Inference: 0.1547 s/iter. Eval: 1.1562 s/iter. Total: 1.3129 s/iter. ETA=0:14:30
[12/10 05:48:05 d2.evaluation.evaluator]: Inference done 3286/3943. Dataloading: 0.0019 s/iter. Inference: 0.1547 s/iter. Eval: 1.1556 s/iter. Total: 1.3123 s/iter. ETA=0:14:22
[12/10 05:48:11 d2.evaluation.evaluator]: Inference done 3289/3943. Dataloading: 0.0019 s/iter. Inference: 0.1547 s/iter. Eval: 1.1560 s/iter. Total: 1.3128 s/iter. ETA=0:14:18
[12/10 05:48:17 d2.evaluation.evaluator]: Inference done 3294/3943. Dataloading: 0.0019 s/iter. Inference: 0.1547 s/iter. Eval: 1.1558 s/iter. Total: 1.3126 s/iter. ETA=0:14:11
[12/10 05:48:22 d2.evaluation.evaluator]: Inference done 3301/3943. Dataloading: 0.0019 s/iter. Inference: 0.1547 s/iter. Eval: 1.1546 s/iter. Total: 1.3113 s/iter. ETA=0:14:01
[12/10 05:48:28 d2.evaluation.evaluator]: Inference done 3307/3943. Dataloading: 0.0019 s/iter. Inference: 0.1547 s/iter. Eval: 1.1541 s/iter. Total: 1.3108 s/iter. ETA=0:13:53
[12/10 05:48:34 d2.evaluation.evaluator]: Inference done 3314/3943. Dataloading: 0.0019 s/iter. Inference: 0.1547 s/iter. Eval: 1.1530 s/iter. Total: 1.3098 s/iter. ETA=0:13:43
[12/10 05:48:39 d2.evaluation.evaluator]: Inference done 3318/3943. Dataloading: 0.0019 s/iter. Inference: 0.1547 s/iter. Eval: 1.1532 s/iter. Total: 1.3099 s/iter. ETA=0:13:38
[12/10 05:48:45 d2.evaluation.evaluator]: Inference done 3321/3943. Dataloading: 0.0019 s/iter. Inference: 0.1547 s/iter. Eval: 1.1535 s/iter. Total: 1.3103 s/iter. ETA=0:13:34
[12/10 05:48:50 d2.evaluation.evaluator]: Inference done 3327/3943. Dataloading: 0.0019 s/iter. Inference: 0.1547 s/iter. Eval: 1.1528 s/iter. Total: 1.3095 s/iter. ETA=0:13:26
[12/10 05:48:55 d2.evaluation.evaluator]: Inference done 3332/3943. Dataloading: 0.0019 s/iter. Inference: 0.1547 s/iter. Eval: 1.1525 s/iter. Total: 1.3092 s/iter. ETA=0:13:19
[12/10 05:49:02 d2.evaluation.evaluator]: Inference done 3338/3943. Dataloading: 0.0019 s/iter. Inference: 0.1547 s/iter. Eval: 1.1520 s/iter. Total: 1.3088 s/iter. ETA=0:13:11
[12/10 05:49:07 d2.evaluation.evaluator]: Inference done 3343/3943. Dataloading: 0.0019 s/iter. Inference: 0.1547 s/iter. Eval: 1.1518 s/iter. Total: 1.3085 s/iter. ETA=0:13:05
[12/10 05:49:13 d2.evaluation.evaluator]: Inference done 3346/3943. Dataloading: 0.0019 s/iter. Inference: 0.1547 s/iter. Eval: 1.1522 s/iter. Total: 1.3090 s/iter. ETA=0:13:01
[12/10 05:49:19 d2.evaluation.evaluator]: Inference done 3350/3943. Dataloading: 0.0019 s/iter. Inference: 0.1547 s/iter. Eval: 1.1525 s/iter. Total: 1.3092 s/iter. ETA=0:12:56
[12/10 05:49:24 d2.evaluation.evaluator]: Inference done 3354/3943. Dataloading: 0.0019 s/iter. Inference: 0.1547 s/iter. Eval: 1.1524 s/iter. Total: 1.3092 s/iter. ETA=0:12:51
[12/10 05:49:29 d2.evaluation.evaluator]: Inference done 3360/3943. Dataloading: 0.0019 s/iter. Inference: 0.1547 s/iter. Eval: 1.1517 s/iter. Total: 1.3084 s/iter. ETA=0:12:42
[12/10 05:49:35 d2.evaluation.evaluator]: Inference done 3363/3943. Dataloading: 0.0019 s/iter. Inference: 0.1547 s/iter. Eval: 1.1522 s/iter. Total: 1.3089 s/iter. ETA=0:12:39
[12/10 05:49:40 d2.evaluation.evaluator]: Inference done 3368/3943. Dataloading: 0.0019 s/iter. Inference: 0.1547 s/iter. Eval: 1.1517 s/iter. Total: 1.3085 s/iter. ETA=0:12:32
[12/10 05:49:46 d2.evaluation.evaluator]: Inference done 3373/3943. Dataloading: 0.0019 s/iter. Inference: 0.1547 s/iter. Eval: 1.1514 s/iter. Total: 1.3082 s/iter. ETA=0:12:25
[12/10 05:49:51 d2.evaluation.evaluator]: Inference done 3379/3943. Dataloading: 0.0019 s/iter. Inference: 0.1547 s/iter. Eval: 1.1508 s/iter. Total: 1.3076 s/iter. ETA=0:12:17
[12/10 05:49:57 d2.evaluation.evaluator]: Inference done 3385/3943. Dataloading: 0.0019 s/iter. Inference: 0.1547 s/iter. Eval: 1.1501 s/iter. Total: 1.3068 s/iter. ETA=0:12:09
[12/10 05:50:02 d2.evaluation.evaluator]: Inference done 3388/3943. Dataloading: 0.0019 s/iter. Inference: 0.1547 s/iter. Eval: 1.1506 s/iter. Total: 1.3073 s/iter. ETA=0:12:05
[12/10 05:50:08 d2.evaluation.evaluator]: Inference done 3393/3943. Dataloading: 0.0019 s/iter. Inference: 0.1547 s/iter. Eval: 1.1502 s/iter. Total: 1.3070 s/iter. ETA=0:11:58
[12/10 05:50:13 d2.evaluation.evaluator]: Inference done 3398/3943. Dataloading: 0.0019 s/iter. Inference: 0.1547 s/iter. Eval: 1.1500 s/iter. Total: 1.3067 s/iter. ETA=0:11:52
[12/10 05:50:19 d2.evaluation.evaluator]: Inference done 3404/3943. Dataloading: 0.0019 s/iter. Inference: 0.1547 s/iter. Eval: 1.1494 s/iter. Total: 1.3061 s/iter. ETA=0:11:43
[12/10 05:50:24 d2.evaluation.evaluator]: Inference done 3409/3943. Dataloading: 0.0019 s/iter. Inference: 0.1547 s/iter. Eval: 1.1491 s/iter. Total: 1.3058 s/iter. ETA=0:11:37
[12/10 05:50:30 d2.evaluation.evaluator]: Inference done 3414/3943. Dataloading: 0.0019 s/iter. Inference: 0.1547 s/iter. Eval: 1.1489 s/iter. Total: 1.3056 s/iter. ETA=0:11:30
[12/10 05:50:36 d2.evaluation.evaluator]: Inference done 3420/3943. Dataloading: 0.0019 s/iter. Inference: 0.1547 s/iter. Eval: 1.1483 s/iter. Total: 1.3050 s/iter. ETA=0:11:22
[12/10 05:50:42 d2.evaluation.evaluator]: Inference done 3425/3943. Dataloading: 0.0019 s/iter. Inference: 0.1547 s/iter. Eval: 1.1480 s/iter. Total: 1.3047 s/iter. ETA=0:11:15
[12/10 05:50:48 d2.evaluation.evaluator]: Inference done 3430/3943. Dataloading: 0.0019 s/iter. Inference: 0.1547 s/iter. Eval: 1.1479 s/iter. Total: 1.3046 s/iter. ETA=0:11:09
[12/10 05:50:53 d2.evaluation.evaluator]: Inference done 3434/3943. Dataloading: 0.0019 s/iter. Inference: 0.1547 s/iter. Eval: 1.1479 s/iter. Total: 1.3046 s/iter. ETA=0:11:04
[12/10 05:50:59 d2.evaluation.evaluator]: Inference done 3439/3943. Dataloading: 0.0019 s/iter. Inference: 0.1547 s/iter. Eval: 1.1476 s/iter. Total: 1.3043 s/iter. ETA=0:10:57
[12/10 05:51:04 d2.evaluation.evaluator]: Inference done 3443/3943. Dataloading: 0.0019 s/iter. Inference: 0.1547 s/iter. Eval: 1.1477 s/iter. Total: 1.3044 s/iter. ETA=0:10:52
[12/10 05:51:10 d2.evaluation.evaluator]: Inference done 3448/3943. Dataloading: 0.0019 s/iter. Inference: 0.1547 s/iter. Eval: 1.1475 s/iter. Total: 1.3042 s/iter. ETA=0:10:45
[12/10 05:51:18 d2.evaluation.evaluator]: Inference done 3455/3943. Dataloading: 0.0019 s/iter. Inference: 0.1547 s/iter. Eval: 1.1471 s/iter. Total: 1.3038 s/iter. ETA=0:10:36
[12/10 05:51:23 d2.evaluation.evaluator]: Inference done 3460/3943. Dataloading: 0.0019 s/iter. Inference: 0.1547 s/iter. Eval: 1.1468 s/iter. Total: 1.3034 s/iter. ETA=0:10:29
[12/10 05:51:29 d2.evaluation.evaluator]: Inference done 3465/3943. Dataloading: 0.0019 s/iter. Inference: 0.1547 s/iter. Eval: 1.1465 s/iter. Total: 1.3032 s/iter. ETA=0:10:22
[12/10 05:51:34 d2.evaluation.evaluator]: Inference done 3471/3943. Dataloading: 0.0019 s/iter. Inference: 0.1547 s/iter. Eval: 1.1457 s/iter. Total: 1.3024 s/iter. ETA=0:10:14
[12/10 05:51:40 d2.evaluation.evaluator]: Inference done 3477/3943. Dataloading: 0.0019 s/iter. Inference: 0.1546 s/iter. Eval: 1.1452 s/iter. Total: 1.3019 s/iter. ETA=0:10:06
[12/10 05:51:45 d2.evaluation.evaluator]: Inference done 3482/3943. Dataloading: 0.0019 s/iter. Inference: 0.1546 s/iter. Eval: 1.1449 s/iter. Total: 1.3016 s/iter. ETA=0:10:00
[12/10 05:51:51 d2.evaluation.evaluator]: Inference done 3488/3943. Dataloading: 0.0019 s/iter. Inference: 0.1546 s/iter. Eval: 1.1444 s/iter. Total: 1.3010 s/iter. ETA=0:09:51
[12/10 05:51:57 d2.evaluation.evaluator]: Inference done 3492/3943. Dataloading: 0.0019 s/iter. Inference: 0.1546 s/iter. Eval: 1.1444 s/iter. Total: 1.3011 s/iter. ETA=0:09:46
[12/10 05:52:02 d2.evaluation.evaluator]: Inference done 3498/3943. Dataloading: 0.0019 s/iter. Inference: 0.1546 s/iter. Eval: 1.1437 s/iter. Total: 1.3003 s/iter. ETA=0:09:38
[12/10 05:52:08 d2.evaluation.evaluator]: Inference done 3503/3943. Dataloading: 0.0019 s/iter. Inference: 0.1546 s/iter. Eval: 1.1437 s/iter. Total: 1.3003 s/iter. ETA=0:09:32
[12/10 05:52:13 d2.evaluation.evaluator]: Inference done 3508/3943. Dataloading: 0.0019 s/iter. Inference: 0.1546 s/iter. Eval: 1.1433 s/iter. Total: 1.3000 s/iter. ETA=0:09:25
[12/10 05:52:20 d2.evaluation.evaluator]: Inference done 3512/3943. Dataloading: 0.0019 s/iter. Inference: 0.1546 s/iter. Eval: 1.1438 s/iter. Total: 1.3004 s/iter. ETA=0:09:20
[12/10 05:52:25 d2.evaluation.evaluator]: Inference done 3516/3943. Dataloading: 0.0019 s/iter. Inference: 0.1546 s/iter. Eval: 1.1438 s/iter. Total: 1.3004 s/iter. ETA=0:09:15
[12/10 05:52:31 d2.evaluation.evaluator]: Inference done 3521/3943. Dataloading: 0.0019 s/iter. Inference: 0.1546 s/iter. Eval: 1.1436 s/iter. Total: 1.3002 s/iter. ETA=0:09:08
[12/10 05:52:36 d2.evaluation.evaluator]: Inference done 3526/3943. Dataloading: 0.0019 s/iter. Inference: 0.1546 s/iter. Eval: 1.1432 s/iter. Total: 1.2998 s/iter. ETA=0:09:02
[12/10 05:52:41 d2.evaluation.evaluator]: Inference done 3531/3943. Dataloading: 0.0019 s/iter. Inference: 0.1546 s/iter. Eval: 1.1427 s/iter. Total: 1.2994 s/iter. ETA=0:08:55
[12/10 05:52:46 d2.evaluation.evaluator]: Inference done 3535/3943. Dataloading: 0.0019 s/iter. Inference: 0.1546 s/iter. Eval: 1.1427 s/iter. Total: 1.2993 s/iter. ETA=0:08:50
[12/10 05:52:52 d2.evaluation.evaluator]: Inference done 3540/3943. Dataloading: 0.0019 s/iter. Inference: 0.1546 s/iter. Eval: 1.1426 s/iter. Total: 1.2992 s/iter. ETA=0:08:43
[12/10 05:52:58 d2.evaluation.evaluator]: Inference done 3546/3943. Dataloading: 0.0019 s/iter. Inference: 0.1546 s/iter. Eval: 1.1419 s/iter. Total: 1.2986 s/iter. ETA=0:08:35
[12/10 05:53:03 d2.evaluation.evaluator]: Inference done 3550/3943. Dataloading: 0.0019 s/iter. Inference: 0.1546 s/iter. Eval: 1.1419 s/iter. Total: 1.2986 s/iter. ETA=0:08:30
[12/10 05:53:09 d2.evaluation.evaluator]: Inference done 3554/3943. Dataloading: 0.0019 s/iter. Inference: 0.1547 s/iter. Eval: 1.1419 s/iter. Total: 1.2987 s/iter. ETA=0:08:25
[12/10 05:53:14 d2.evaluation.evaluator]: Inference done 3559/3943. Dataloading: 0.0019 s/iter. Inference: 0.1547 s/iter. Eval: 1.1416 s/iter. Total: 1.2983 s/iter. ETA=0:08:18
[12/10 05:53:19 d2.evaluation.evaluator]: Inference done 3564/3943. Dataloading: 0.0019 s/iter. Inference: 0.1547 s/iter. Eval: 1.1413 s/iter. Total: 1.2980 s/iter. ETA=0:08:11
[12/10 05:53:24 d2.evaluation.evaluator]: Inference done 3571/3943. Dataloading: 0.0019 s/iter. Inference: 0.1547 s/iter. Eval: 1.1402 s/iter. Total: 1.2969 s/iter. ETA=0:08:02
[12/10 05:53:31 d2.evaluation.evaluator]: Inference done 3576/3943. Dataloading: 0.0019 s/iter. Inference: 0.1547 s/iter. Eval: 1.1401 s/iter. Total: 1.2968 s/iter. ETA=0:07:55
[12/10 05:53:37 d2.evaluation.evaluator]: Inference done 3582/3943. Dataloading: 0.0019 s/iter. Inference: 0.1547 s/iter. Eval: 1.1396 s/iter. Total: 1.2963 s/iter. ETA=0:07:47
[12/10 05:53:42 d2.evaluation.evaluator]: Inference done 3588/3943. Dataloading: 0.0019 s/iter. Inference: 0.1547 s/iter. Eval: 1.1389 s/iter. Total: 1.2956 s/iter. ETA=0:07:39
[12/10 05:53:48 d2.evaluation.evaluator]: Inference done 3594/3943. Dataloading: 0.0019 s/iter. Inference: 0.1546 s/iter. Eval: 1.1384 s/iter. Total: 1.2951 s/iter. ETA=0:07:31
[12/10 05:53:53 d2.evaluation.evaluator]: Inference done 3598/3943. Dataloading: 0.0019 s/iter. Inference: 0.1546 s/iter. Eval: 1.1384 s/iter. Total: 1.2951 s/iter. ETA=0:07:26
[12/10 05:53:58 d2.evaluation.evaluator]: Inference done 3602/3943. Dataloading: 0.0019 s/iter. Inference: 0.1546 s/iter. Eval: 1.1384 s/iter. Total: 1.2951 s/iter. ETA=0:07:21
[12/10 05:54:04 d2.evaluation.evaluator]: Inference done 3607/3943. Dataloading: 0.0019 s/iter. Inference: 0.1546 s/iter. Eval: 1.1382 s/iter. Total: 1.2948 s/iter. ETA=0:07:15
[12/10 05:54:09 d2.evaluation.evaluator]: Inference done 3613/3943. Dataloading: 0.0019 s/iter. Inference: 0.1546 s/iter. Eval: 1.1376 s/iter. Total: 1.2942 s/iter. ETA=0:07:07
[12/10 05:54:15 d2.evaluation.evaluator]: Inference done 3619/3943. Dataloading: 0.0019 s/iter. Inference: 0.1546 s/iter. Eval: 1.1371 s/iter. Total: 1.2938 s/iter. ETA=0:06:59
[12/10 05:54:20 d2.evaluation.evaluator]: Inference done 3623/3943. Dataloading: 0.0019 s/iter. Inference: 0.1546 s/iter. Eval: 1.1371 s/iter. Total: 1.2938 s/iter. ETA=0:06:54
[12/10 05:54:26 d2.evaluation.evaluator]: Inference done 3629/3943. Dataloading: 0.0019 s/iter. Inference: 0.1546 s/iter. Eval: 1.1364 s/iter. Total: 1.2930 s/iter. ETA=0:06:46
[12/10 05:54:31 d2.evaluation.evaluator]: Inference done 3633/3943. Dataloading: 0.0019 s/iter. Inference: 0.1546 s/iter. Eval: 1.1365 s/iter. Total: 1.2932 s/iter. ETA=0:06:40
[12/10 05:54:37 d2.evaluation.evaluator]: Inference done 3638/3943. Dataloading: 0.0019 s/iter. Inference: 0.1546 s/iter. Eval: 1.1363 s/iter. Total: 1.2929 s/iter. ETA=0:06:34
[12/10 05:54:42 d2.evaluation.evaluator]: Inference done 3644/3943. Dataloading: 0.0019 s/iter. Inference: 0.1546 s/iter. Eval: 1.1356 s/iter. Total: 1.2922 s/iter. ETA=0:06:26
[12/10 05:54:49 d2.evaluation.evaluator]: Inference done 3650/3943. Dataloading: 0.0019 s/iter. Inference: 0.1546 s/iter. Eval: 1.1352 s/iter. Total: 1.2919 s/iter. ETA=0:06:18
[12/10 05:54:54 d2.evaluation.evaluator]: Inference done 3653/3943. Dataloading: 0.0019 s/iter. Inference: 0.1546 s/iter. Eval: 1.1356 s/iter. Total: 1.2922 s/iter. ETA=0:06:14
[12/10 05:54:59 d2.evaluation.evaluator]: Inference done 3658/3943. Dataloading: 0.0019 s/iter. Inference: 0.1546 s/iter. Eval: 1.1352 s/iter. Total: 1.2918 s/iter. ETA=0:06:08
[12/10 05:55:05 d2.evaluation.evaluator]: Inference done 3663/3943. Dataloading: 0.0019 s/iter. Inference: 0.1546 s/iter. Eval: 1.1351 s/iter. Total: 1.2917 s/iter. ETA=0:06:01
[12/10 05:55:10 d2.evaluation.evaluator]: Inference done 3667/3943. Dataloading: 0.0019 s/iter. Inference: 0.1546 s/iter. Eval: 1.1351 s/iter. Total: 1.2917 s/iter. ETA=0:05:56
[12/10 05:55:16 d2.evaluation.evaluator]: Inference done 3671/3943. Dataloading: 0.0019 s/iter. Inference: 0.1546 s/iter. Eval: 1.1352 s/iter. Total: 1.2918 s/iter. ETA=0:05:51
[12/10 05:55:21 d2.evaluation.evaluator]: Inference done 3676/3943. Dataloading: 0.0019 s/iter. Inference: 0.1546 s/iter. Eval: 1.1350 s/iter. Total: 1.2917 s/iter. ETA=0:05:44
[12/10 05:55:27 d2.evaluation.evaluator]: Inference done 3681/3943. Dataloading: 0.0019 s/iter. Inference: 0.1546 s/iter. Eval: 1.1348 s/iter. Total: 1.2914 s/iter. ETA=0:05:38
[12/10 05:55:32 d2.evaluation.evaluator]: Inference done 3686/3943. Dataloading: 0.0019 s/iter. Inference: 0.1546 s/iter. Eval: 1.1345 s/iter. Total: 1.2911 s/iter. ETA=0:05:31
[12/10 05:55:38 d2.evaluation.evaluator]: Inference done 3691/3943. Dataloading: 0.0019 s/iter. Inference: 0.1546 s/iter. Eval: 1.1343 s/iter. Total: 1.2910 s/iter. ETA=0:05:25
[12/10 05:55:43 d2.evaluation.evaluator]: Inference done 3693/3943. Dataloading: 0.0019 s/iter. Inference: 0.1546 s/iter. Eval: 1.1350 s/iter. Total: 1.2917 s/iter. ETA=0:05:22
[12/10 05:55:49 d2.evaluation.evaluator]: Inference done 3698/3943. Dataloading: 0.0019 s/iter. Inference: 0.1546 s/iter. Eval: 1.1347 s/iter. Total: 1.2914 s/iter. ETA=0:05:16
[12/10 05:55:54 d2.evaluation.evaluator]: Inference done 3703/3943. Dataloading: 0.0019 s/iter. Inference: 0.1546 s/iter. Eval: 1.1344 s/iter. Total: 1.2910 s/iter. ETA=0:05:09
[12/10 05:56:01 d2.evaluation.evaluator]: Inference done 3708/3943. Dataloading: 0.0019 s/iter. Inference: 0.1546 s/iter. Eval: 1.1347 s/iter. Total: 1.2913 s/iter. ETA=0:05:03
[12/10 05:56:08 d2.evaluation.evaluator]: Inference done 3714/3943. Dataloading: 0.0019 s/iter. Inference: 0.1546 s/iter. Eval: 1.1345 s/iter. Total: 1.2911 s/iter. ETA=0:04:55
[12/10 05:56:14 d2.evaluation.evaluator]: Inference done 3718/3943. Dataloading: 0.0019 s/iter. Inference: 0.1546 s/iter. Eval: 1.1345 s/iter. Total: 1.2912 s/iter. ETA=0:04:50
[12/10 05:56:20 d2.evaluation.evaluator]: Inference done 3722/3943. Dataloading: 0.0019 s/iter. Inference: 0.1546 s/iter. Eval: 1.1348 s/iter. Total: 1.2914 s/iter. ETA=0:04:45
[12/10 05:56:26 d2.evaluation.evaluator]: Inference done 3728/3943. Dataloading: 0.0019 s/iter. Inference: 0.1546 s/iter. Eval: 1.1344 s/iter. Total: 1.2911 s/iter. ETA=0:04:37
[12/10 05:56:33 d2.evaluation.evaluator]: Inference done 3733/3943. Dataloading: 0.0019 s/iter. Inference: 0.1546 s/iter. Eval: 1.1345 s/iter. Total: 1.2911 s/iter. ETA=0:04:31
[12/10 05:56:38 d2.evaluation.evaluator]: Inference done 3737/3943. Dataloading: 0.0019 s/iter. Inference: 0.1546 s/iter. Eval: 1.1345 s/iter. Total: 1.2911 s/iter. ETA=0:04:25
[12/10 05:56:43 d2.evaluation.evaluator]: Inference done 3743/3943. Dataloading: 0.0019 s/iter. Inference: 0.1546 s/iter. Eval: 1.1338 s/iter. Total: 1.2904 s/iter. ETA=0:04:18
[12/10 05:56:48 d2.evaluation.evaluator]: Inference done 3748/3943. Dataloading: 0.0019 s/iter. Inference: 0.1546 s/iter. Eval: 1.1334 s/iter. Total: 1.2901 s/iter. ETA=0:04:11
[12/10 05:56:54 d2.evaluation.evaluator]: Inference done 3752/3943. Dataloading: 0.0019 s/iter. Inference: 0.1546 s/iter. Eval: 1.1336 s/iter. Total: 1.2902 s/iter. ETA=0:04:06
[12/10 05:57:00 d2.evaluation.evaluator]: Inference done 3758/3943. Dataloading: 0.0019 s/iter. Inference: 0.1546 s/iter. Eval: 1.1331 s/iter. Total: 1.2898 s/iter. ETA=0:03:58
[12/10 05:57:05 d2.evaluation.evaluator]: Inference done 3764/3943. Dataloading: 0.0019 s/iter. Inference: 0.1546 s/iter. Eval: 1.1324 s/iter. Total: 1.2891 s/iter. ETA=0:03:50
[12/10 05:57:11 d2.evaluation.evaluator]: Inference done 3768/3943. Dataloading: 0.0019 s/iter. Inference: 0.1546 s/iter. Eval: 1.1326 s/iter. Total: 1.2892 s/iter. ETA=0:03:45
[12/10 05:57:18 d2.evaluation.evaluator]: Inference done 3773/3943. Dataloading: 0.0019 s/iter. Inference: 0.1546 s/iter. Eval: 1.1327 s/iter. Total: 1.2893 s/iter. ETA=0:03:39
[12/10 05:57:23 d2.evaluation.evaluator]: Inference done 3776/3943. Dataloading: 0.0019 s/iter. Inference: 0.1546 s/iter. Eval: 1.1330 s/iter. Total: 1.2897 s/iter. ETA=0:03:35
[12/10 05:57:29 d2.evaluation.evaluator]: Inference done 3781/3943. Dataloading: 0.0019 s/iter. Inference: 0.1546 s/iter. Eval: 1.1329 s/iter. Total: 1.2895 s/iter. ETA=0:03:28
[12/10 05:57:35 d2.evaluation.evaluator]: Inference done 3785/3943. Dataloading: 0.0019 s/iter. Inference: 0.1546 s/iter. Eval: 1.1330 s/iter. Total: 1.2897 s/iter. ETA=0:03:23
[12/10 05:57:40 d2.evaluation.evaluator]: Inference done 3790/3943. Dataloading: 0.0019 s/iter. Inference: 0.1546 s/iter. Eval: 1.1327 s/iter. Total: 1.2893 s/iter. ETA=0:03:17
[12/10 05:57:45 d2.evaluation.evaluator]: Inference done 3797/3943. Dataloading: 0.0019 s/iter. Inference: 0.1546 s/iter. Eval: 1.1317 s/iter. Total: 1.2883 s/iter. ETA=0:03:08
[12/10 05:57:50 d2.evaluation.evaluator]: Inference done 3801/3943. Dataloading: 0.0019 s/iter. Inference: 0.1546 s/iter. Eval: 1.1317 s/iter. Total: 1.2883 s/iter. ETA=0:03:02
[12/10 05:57:56 d2.evaluation.evaluator]: Inference done 3804/3943. Dataloading: 0.0019 s/iter. Inference: 0.1546 s/iter. Eval: 1.1324 s/iter. Total: 1.2890 s/iter. ETA=0:02:59
[12/10 05:58:02 d2.evaluation.evaluator]: Inference done 3809/3943. Dataloading: 0.0019 s/iter. Inference: 0.1546 s/iter. Eval: 1.1322 s/iter. Total: 1.2888 s/iter. ETA=0:02:52
[12/10 05:58:08 d2.evaluation.evaluator]: Inference done 3813/3943. Dataloading: 0.0019 s/iter. Inference: 0.1546 s/iter. Eval: 1.1323 s/iter. Total: 1.2889 s/iter. ETA=0:02:47
[12/10 05:58:13 d2.evaluation.evaluator]: Inference done 3817/3943. Dataloading: 0.0019 s/iter. Inference: 0.1546 s/iter. Eval: 1.1323 s/iter. Total: 1.2890 s/iter. ETA=0:02:42
[12/10 05:58:18 d2.evaluation.evaluator]: Inference done 3820/3943. Dataloading: 0.0019 s/iter. Inference: 0.1546 s/iter. Eval: 1.1327 s/iter. Total: 1.2894 s/iter. ETA=0:02:38
[12/10 05:58:24 d2.evaluation.evaluator]: Inference done 3825/3943. Dataloading: 0.0019 s/iter. Inference: 0.1546 s/iter. Eval: 1.1325 s/iter. Total: 1.2891 s/iter. ETA=0:02:32
[12/10 05:58:30 d2.evaluation.evaluator]: Inference done 3829/3943. Dataloading: 0.0019 s/iter. Inference: 0.1546 s/iter. Eval: 1.1327 s/iter. Total: 1.2893 s/iter. ETA=0:02:26
[12/10 05:58:35 d2.evaluation.evaluator]: Inference done 3833/3943. Dataloading: 0.0019 s/iter. Inference: 0.1546 s/iter. Eval: 1.1326 s/iter. Total: 1.2893 s/iter. ETA=0:02:21
[12/10 05:58:40 d2.evaluation.evaluator]: Inference done 3836/3943. Dataloading: 0.0019 s/iter. Inference: 0.1546 s/iter. Eval: 1.1331 s/iter. Total: 1.2897 s/iter. ETA=0:02:17
[12/10 05:58:46 d2.evaluation.evaluator]: Inference done 3840/3943. Dataloading: 0.0019 s/iter. Inference: 0.1546 s/iter. Eval: 1.1332 s/iter. Total: 1.2898 s/iter. ETA=0:02:12
[12/10 05:58:52 d2.evaluation.evaluator]: Inference done 3844/3943. Dataloading: 0.0019 s/iter. Inference: 0.1546 s/iter. Eval: 1.1335 s/iter. Total: 1.2901 s/iter. ETA=0:02:07
[12/10 05:58:58 d2.evaluation.evaluator]: Inference done 3848/3943. Dataloading: 0.0019 s/iter. Inference: 0.1546 s/iter. Eval: 1.1336 s/iter. Total: 1.2902 s/iter. ETA=0:02:02
[12/10 05:59:04 d2.evaluation.evaluator]: Inference done 3853/3943. Dataloading: 0.0019 s/iter. Inference: 0.1546 s/iter. Eval: 1.1335 s/iter. Total: 1.2901 s/iter. ETA=0:01:56
[12/10 05:59:10 d2.evaluation.evaluator]: Inference done 3858/3943. Dataloading: 0.0019 s/iter. Inference: 0.1546 s/iter. Eval: 1.1333 s/iter. Total: 1.2899 s/iter. ETA=0:01:49
[12/10 05:59:15 d2.evaluation.evaluator]: Inference done 3865/3943. Dataloading: 0.0019 s/iter. Inference: 0.1546 s/iter. Eval: 1.1323 s/iter. Total: 1.2889 s/iter. ETA=0:01:40
[12/10 05:59:22 d2.evaluation.evaluator]: Inference done 3872/3943. Dataloading: 0.0019 s/iter. Inference: 0.1546 s/iter. Eval: 1.1317 s/iter. Total: 1.2883 s/iter. ETA=0:01:31
[12/10 05:59:27 d2.evaluation.evaluator]: Inference done 3876/3943. Dataloading: 0.0019 s/iter. Inference: 0.1546 s/iter. Eval: 1.1319 s/iter. Total: 1.2885 s/iter. ETA=0:01:26
[12/10 05:59:34 d2.evaluation.evaluator]: Inference done 3882/3943. Dataloading: 0.0019 s/iter. Inference: 0.1546 s/iter. Eval: 1.1315 s/iter. Total: 1.2881 s/iter. ETA=0:01:18
[12/10 05:59:39 d2.evaluation.evaluator]: Inference done 3885/3943. Dataloading: 0.0019 s/iter. Inference: 0.1546 s/iter. Eval: 1.1318 s/iter. Total: 1.2884 s/iter. ETA=0:01:14
[12/10 05:59:46 d2.evaluation.evaluator]: Inference done 3891/3943. Dataloading: 0.0019 s/iter. Inference: 0.1546 s/iter. Eval: 1.1316 s/iter. Total: 1.2882 s/iter. ETA=0:01:06
[12/10 05:59:51 d2.evaluation.evaluator]: Inference done 3897/3943. Dataloading: 0.0019 s/iter. Inference: 0.1546 s/iter. Eval: 1.1311 s/iter. Total: 1.2877 s/iter. ETA=0:00:59
[12/10 05:59:57 d2.evaluation.evaluator]: Inference done 3902/3943. Dataloading: 0.0019 s/iter. Inference: 0.1546 s/iter. Eval: 1.1309 s/iter. Total: 1.2875 s/iter. ETA=0:00:52
[12/10 06:00:03 d2.evaluation.evaluator]: Inference done 3906/3943. Dataloading: 0.0019 s/iter. Inference: 0.1546 s/iter. Eval: 1.1312 s/iter. Total: 1.2878 s/iter. ETA=0:00:47
[12/10 06:00:08 d2.evaluation.evaluator]: Inference done 3911/3943. Dataloading: 0.0019 s/iter. Inference: 0.1546 s/iter. Eval: 1.1308 s/iter. Total: 1.2874 s/iter. ETA=0:00:41
[12/10 06:00:14 d2.evaluation.evaluator]: Inference done 3916/3943. Dataloading: 0.0019 s/iter. Inference: 0.1546 s/iter. Eval: 1.1305 s/iter. Total: 1.2871 s/iter. ETA=0:00:34
[12/10 06:00:19 d2.evaluation.evaluator]: Inference done 3920/3943. Dataloading: 0.0019 s/iter. Inference: 0.1546 s/iter. Eval: 1.1306 s/iter. Total: 1.2872 s/iter. ETA=0:00:29
[12/10 06:00:24 d2.evaluation.evaluator]: Inference done 3925/3943. Dataloading: 0.0019 s/iter. Inference: 0.1546 s/iter. Eval: 1.1303 s/iter. Total: 1.2869 s/iter. ETA=0:00:23
[12/10 06:00:29 d2.evaluation.evaluator]: Inference done 3930/3943. Dataloading: 0.0019 s/iter. Inference: 0.1546 s/iter. Eval: 1.1299 s/iter. Total: 1.2865 s/iter. ETA=0:00:16
[12/10 06:00:36 d2.evaluation.evaluator]: Inference done 3935/3943. Dataloading: 0.0019 s/iter. Inference: 0.1546 s/iter. Eval: 1.1300 s/iter. Total: 1.2866 s/iter. ETA=0:00:10
[12/10 06:00:42 d2.evaluation.evaluator]: Inference done 3939/3943. Dataloading: 0.0019 s/iter. Inference: 0.1546 s/iter. Eval: 1.1303 s/iter. Total: 1.2869 s/iter. ETA=0:00:05
[12/10 06:00:47 d2.evaluation.evaluator]: Total inference time: 1:24:27.126402 (1.286726 s / iter per device, on 1 devices)
[12/10 06:00:47 d2.evaluation.evaluator]: Total inference pure compute time: 0:10:08 (0.154562 s / iter per device, on 1 devices)
[12/10 06:00:51 d2.evaluation.sem_seg_evaluation]: OrderedDict([('sem_seg', {'mIoU': 40.71082315537841, 'fwIoU': 76.28505987611021, 'IoU-road': 81.00896132366778, 'IoU-sidewalk': 56.49576533766469, 'IoU-building': 83.9078676234103, 'IoU-wall': 39.962599100106196, 'IoU-bridge': 42.35092947528102, 'IoU-tunnel': 52.82316437774248, 'IoU-traffic sign': 8.70178677139715, 'IoU-traffic light': 22.49663014667694, 'IoU-pole': 27.75124816730075, 'IoU-fence': 25.610963182478315, 'IoU-sky': 92.13544484955378, 'IoU-vegetation': 76.29198524240964, 'IoU-terrain': 17.44771731509941, 'IoU-water': 44.44863007916198, 'IoU-snow': 48.27273073672642, 'IoU-sand': 17.805314050797364, 'IoU-person': 68.75458148569895, 'IoU-rider': 7.363212307057088, 'IoU-car': 82.9882523583314, 'IoU-truck': 45.51432471197088, 'IoU-bus': 54.16439354386564, 'IoU-train': 13.232852939663866, 'IoU-bicycle': 5.605000802346254, 'IoU-motorcycle': 56.07753576079853, 'IoU-animal': 16.812243758845927, 'IoU-signboard': 20.847085282384384, 'IoU-railway': 11.094203307289877, 'IoU-boat': 14.247423703833803, 'IoU-chair': 43.976636632109255, 'IoU-trash can': 43.13521028768203, 'mACC': 59.713094853896244, 'pACC': 85.05525749391848, 'ACC-road': 91.3575494129028, 'ACC-sidewalk': 68.82129886856879, 'ACC-building': 93.3247194842355, 'ACC-wall': 64.9296632387361, 'ACC-bridge': 75.86092063202915, 'ACC-tunnel': 68.74478741634164, 'ACC-traffic sign': 15.387915567704885, 'ACC-traffic light': 26.705408088913877, 'ACC-pole': 30.088407041684288, 'ACC-fence': 34.4828757477506, 'ACC-sky': 99.5886552593252, 'ACC-vegetation': 80.41393997390655, 'ACC-terrain': 19.29619116062461, 'ACC-water': 45.54101888054499, 'ACC-snow': 50.960682779452036, 'ACC-sand': 58.67330097256052, 'ACC-person': 84.9360078429902, 'ACC-rider': 8.757662754877277, 'ACC-car': 89.45945420294676, 'ACC-truck': 91.23268878993336, 'ACC-bus': 92.21614139537667, 'ACC-train': 14.650847021585825, 'ACC-bicycle': 83.9835830781122, 'ACC-motorcycle': 82.66551455913712, 'ACC-animal': 47.32991263261191, 'ACC-signboard': 47.38559595489105, 'ACC-railway': 11.50929499458748, 'ACC-boat': 70.17216545838166, 'ACC-chair': 66.49762187188787, 'ACC-trash can': 76.41902053428657})])
[12/10 06:00:51 d2.engine.defaults]: Evaluation results for mapillary_train_val_seg_30 in csv format:
[12/10 06:00:51 d2.evaluation.testing]: copypaste: Task: sem_seg
[12/10 06:00:51 d2.evaluation.testing]: copypaste: mIoU,fwIoU,mACC,pACC
[12/10 06:00:51 d2.evaluation.testing]: copypaste: 40.7108,76.2851,59.7131,85.0553
/data/zd/TTA_VLM/S2_Corr/train_net.py:16: FutureWarning: In the future `np.bool` will be defined as the corresponding NumPy scalar.
  if not hasattr(np, _name):
/data/zd/TTA_VLM/S2_Corr/train_net.py:16: FutureWarning: In the future `np.object` will be defined as the corresponding NumPy scalar.
  if not hasattr(np, _name):
/data/zd/TTA_VLM/S2_Corr/train_net.py:18: FutureWarning: In the future `np.long` will be defined as the corresponding NumPy scalar.
  if not hasattr(np, "long"):
/data2/anaconda3/envs/DeCLIP_CATSeg/lib/python3.10/site-packages/torchvision/datapoints/__init__.py:12: UserWarning: The torchvision.datapoints and torchvision.transforms.v2 namespaces are still Beta. While we do not expect major breaking changes, some APIs may still change according to user feedback. Please submit any feedback you may have in this issue: https://github.com/pytorch/vision/issues/6753, and you can also check out https://github.com/pytorch/vision/issues/7319 to learn more about the APIs that we suspect might involve future changes. You can silence this warning by calling torchvision.disable_beta_transforms_warning().
  warnings.warn(_BETA_TRANSFORMS_WARNING)
/data2/anaconda3/envs/DeCLIP_CATSeg/lib/python3.10/site-packages/torchvision/transforms/v2/__init__.py:54: UserWarning: The torchvision.datapoints and torchvision.transforms.v2 namespaces are still Beta. While we do not expect major breaking changes, some APIs may still change according to user feedback. Please submit any feedback you may have in this issue: https://github.com/pytorch/vision/issues/6753, and you can also check out https://github.com/pytorch/vision/issues/7319 to learn more about the APIs that we suspect might involve future changes. You can silence this warning by calling torchvision.disable_beta_transforms_warning().
  warnings.warn(_BETA_TRANSFORMS_WARNING)
Please 'pip install apex'
Command Line Args: Namespace(config_file='configs/gta5_seen7_catseg_vitl.yaml', resume=False, eval_only=True, num_gpus=1, num_machines=1, machine_rank=0, dist_url='auto', opts=['OUTPUT_DIR', 'outputs/gta_seen7_eva_L14_r448//eval', 'MODEL.SEM_SEG_HEAD.TEST_CLASS_JSON', 'datasets/roadwork_10.json', 'MODEL.SEM_SEG_HEAD.ENABLE_HIGH_RES', 'False', 'DATASETS.TEST', '("roadwork10_semseg_val",)', 'TEST.SLIDING_WINDOW', 'True', 'MODEL.SEM_SEG_HEAD.POOLING_SIZES', '[1,1]', 'MODEL.WEIGHTS', 'outputs/gta_seen7_eva_L14_r448//model_0019999.pth'])
[12/10 06:00:55 detectron2]: Rank of current process: 0. World size: 1
[12/10 06:00:56 detectron2]: Environment info:
----------------------  ------------------------------------------------------------------------------------------
sys.platform            linux
Python                  3.10.0 (default, Mar  3 2022, 09:58:08) [GCC 7.5.0]
numpy                   1.26.4
detectron2              0.6 @/data2/anaconda3/envs/DeCLIP_CATSeg/lib/python3.10/site-packages/detectron2
Compiler                GCC 7.5
CUDA compiler           CUDA 11.6
detectron2 arch flags   8.0
DETECTRON2_ENV_MODULE   <not set>
PyTorch                 2.0.0+cu117 @/data2/anaconda3/envs/DeCLIP_CATSeg/lib/python3.10/site-packages/torch
PyTorch debug build     False
GPU available           Yes
GPU 0                   GeForce RTX 3090 (arch=8.6)
Driver version          460.84
CUDA_HOME               /usr/local/cuda-11.6
TORCH_CUDA_ARCH_LIST    8.0
Pillow                  9.1.0
torchvision             0.15.1+cu117 @/data2/anaconda3/envs/DeCLIP_CATSeg/lib/python3.10/site-packages/torchvision
torchvision arch flags  3.5, 5.0, 6.0, 7.0, 7.5, 8.0, 8.6
fvcore                  0.1.5.post20221221
iopath                  0.1.9
cv2                     4.11.0
----------------------  ------------------------------------------------------------------------------------------
PyTorch built with:
  - GCC 9.3
  - C++ Version: 201703
  - Intel(R) oneAPI Math Kernel Library Version 2022.2-Product Build 20220804 for Intel(R) 64 architecture applications
  - Intel(R) MKL-DNN v2.7.3 (Git Hash 6dbeffbae1f23cbbeae17adb7b5b13f1f37c080e)
  - OpenMP 201511 (a.k.a. OpenMP 4.5)
  - LAPACK is enabled (usually provided by MKL)
  - NNPACK is enabled
  - CPU capability usage: AVX2
  - CUDA Runtime 11.7
  - NVCC architecture flags: -gencode;arch=compute_37,code=sm_37;-gencode;arch=compute_50,code=sm_50;-gencode;arch=compute_60,code=sm_60;-gencode;arch=compute_70,code=sm_70;-gencode;arch=compute_75,code=sm_75;-gencode;arch=compute_80,code=sm_80;-gencode;arch=compute_86,code=sm_86
  - CuDNN 8.5
  - Magma 2.6.1
  - Build settings: BLAS_INFO=mkl, BUILD_TYPE=Release, CUDA_VERSION=11.7, CUDNN_VERSION=8.5.0, CXX_COMPILER=/opt/rh/devtoolset-9/root/usr/bin/c++, CXX_FLAGS= -D_GLIBCXX_USE_CXX11_ABI=0 -fabi-version=11 -Wno-deprecated -fvisibility-inlines-hidden -DUSE_PTHREADPOOL -DNDEBUG -DUSE_KINETO -DLIBKINETO_NOROCTRACER -DUSE_FBGEMM -DUSE_QNNPACK -DUSE_PYTORCH_QNNPACK -DUSE_XNNPACK -DSYMBOLICATE_MOBILE_DEBUG_HANDLE -O2 -fPIC -Wall -Wextra -Werror=return-type -Werror=non-virtual-dtor -Werror=bool-operation -Wnarrowing -Wno-missing-field-initializers -Wno-type-limits -Wno-array-bounds -Wno-unknown-pragmas -Wunused-local-typedefs -Wno-unused-parameter -Wno-unused-function -Wno-unused-result -Wno-strict-overflow -Wno-strict-aliasing -Wno-error=deprecated-declarations -Wno-stringop-overflow -Wno-psabi -Wno-error=pedantic -Wno-error=redundant-decls -Wno-error=old-style-cast -fdiagnostics-color=always -faligned-new -Wno-unused-but-set-variable -Wno-maybe-uninitialized -fno-math-errno -fno-trapping-math -Werror=format -Werror=cast-function-type -Wno-stringop-overflow, LAPACK_INFO=mkl, PERF_WITH_AVX=1, PERF_WITH_AVX2=1, PERF_WITH_AVX512=1, TORCH_DISABLE_GPU_ASSERTS=ON, TORCH_VERSION=2.0.0, USE_CUDA=ON, USE_CUDNN=ON, USE_EXCEPTION_PTR=1, USE_GFLAGS=OFF, USE_GLOG=OFF, USE_MKL=ON, USE_MKLDNN=ON, USE_MPI=OFF, USE_NCCL=1, USE_NNPACK=ON, USE_OPENMP=ON, USE_ROCM=OFF, 

[12/10 06:00:56 detectron2]: Command line arguments: Namespace(config_file='configs/gta5_seen7_catseg_vitl.yaml', resume=False, eval_only=True, num_gpus=1, num_machines=1, machine_rank=0, dist_url='auto', opts=['OUTPUT_DIR', 'outputs/gta_seen7_eva_L14_r448//eval', 'MODEL.SEM_SEG_HEAD.TEST_CLASS_JSON', 'datasets/roadwork_10.json', 'MODEL.SEM_SEG_HEAD.ENABLE_HIGH_RES', 'False', 'DATASETS.TEST', '("roadwork10_semseg_val",)', 'TEST.SLIDING_WINDOW', 'True', 'MODEL.SEM_SEG_HEAD.POOLING_SIZES', '[1,1]', 'MODEL.WEIGHTS', 'outputs/gta_seen7_eva_L14_r448//model_0019999.pth'])
[12/10 06:00:56 detectron2]: Contents of args.config_file=configs/gta5_seen7_catseg_vitl.yaml:
_BASE_: config.yaml
DATASETS:
  TRAIN: ("gta5_seen7_train_seg",)
  TEST:  ("acdc_inpaint41_test",)
MODEL:
  META_ARCHITECTURE: "CATSeg"
  PIXEL_MEAN: [123.675, 116.280, 103.530]
  PIXEL_STD: [58.395, 57.120, 57.375]
  SEM_SEG_HEAD:
    NAME: "CATSegHead"
    IN_FEATURES: ["res2", "res3", "res4"]
    IGNORE_VALUE: 255
    NUM_CLASSES: 19
    TRAIN_CLASS_JSON: "datasets/cityscapes_seen_7.json"
    TEST_CLASS_JSON:  "datasets/inpaint41_vocab.json"
    CLIP_PRETRAINED: "EVA02-CLIP-L-14-336"
    PROMPT_DEPTH: 0
    PROMPT_LENGTH: 0
    TEXT_GUIDANCE_DIM: 768
    TEXT_GUIDANCE_PROJ_DIM: 128
    APPEARANCE_GUIDANCE_DIM: 768
    APPEARANCE_GUIDANCE_PROJ_DIM: 128
    DECODER_DIMS: [64, 32]
    DECODER_GUIDANCE_DIMS: [256, 128]
    DECODER_GUIDANCE_PROJ_DIMS: [32, 16]
    NUM_LAYERS: 1
    NUM_HEADS: 4
    HIDDEN_DIMS: 128
    POOLING_SIZES: [ 1, 1 ]
    FEATURE_RESOLUTION: [32, 32]
    WINDOW_SIZES: 16
    ATTENTION_TYPE: "linear"
    CLIP_FINETUNE: "attention"
    CACHE_DIR: "/data/zd/TTA_VLM/pretrain/EVA02_CLIP_L_336_psz14_s6B.pt"
  PROMPT_ENSEMBLE_TYPE: "multi_domain"
INPUT:
  MIN_SIZE_TRAIN: (448, 640)
  MIN_SIZE_TRAIN_SAMPLING: "choice"
  MAX_SIZE_TRAIN: 1344
  MIN_SIZE_TEST: 448
  MAX_SIZE_TEST: 1008
  CROP:
    ENABLED: True
    TYPE: "absolute"
    SIZE: (448, 448)
  SIZE_DIVISIBILITY: 14
  FORMAT: "RGB"
  DATASET_MAPPER_NAME: "mask_former_semantic"
SOLVER:
  IMS_PER_BATCH: 3
  LR_SCHEDULER_NAME: "WarmupCosineLR"
  BASE_LR: 0.0002
  MAX_ITER: 20000
  BACKBONE_MULTIPLIER: 0.0
  CLIP_MULTIPLIER: 0.01
TEST:
  EVAL_PERIOD: 10000
  SLIDING_WINDOW: True
  SW_KERNEL: 448
  SW_OVERLAP: 0.333
  SW_OUT_RES: [448, 896]
  
[12/10 06:00:56 detectron2]: Running with full config:
CUDNN_BENCHMARK: true
DATALOADER:
  ASPECT_RATIO_GROUPING: true
  FILTER_EMPTY_ANNOTATIONS: true
  NUM_WORKERS: 8
  REPEAT_THRESHOLD: 0.0
  SAMPLER_TRAIN: TrainingSampler
DATASETS:
  PRECOMPUTED_PROPOSAL_TOPK_TEST: 1000
  PRECOMPUTED_PROPOSAL_TOPK_TRAIN: 2000
  PROPOSAL_FILES_TEST: []
  PROPOSAL_FILES_TRAIN: []
  TEST:
  - roadwork10_semseg_val
  TRAIN:
  - gta5_seen7_train_seg
  VAL_ALL:
  - coco_2017_val_all_stuff_sem_seg
DDP:
  BROADCAST_BUFFERS: false
  FIND_UNUSED_PARAMETERS: true
GLOBAL:
  HACK: 1.0
INPUT:
  COLOR_AUG_SSD: true
  CROP:
    ENABLED: true
    SINGLE_CATEGORY_MAX_AREA: 1.0
    SIZE:
    - 448
    - 448
    TYPE: absolute
  DATASET_MAPPER_NAME: mask_former_semantic
  FORMAT: RGB
  MASK_FORMAT: polygon
  MAX_SIZE_TEST: 1008
  MAX_SIZE_TRAIN: 1344
  MIN_SIZE_TEST: 448
  MIN_SIZE_TRAIN:
  - 448
  - 640
  MIN_SIZE_TRAIN_SAMPLING: choice
  RANDOM_FLIP: horizontal
  SIZE_DIVISIBILITY: 14
MODEL:
  ANCHOR_GENERATOR:
    ANGLES:
    - - -90
      - 0
      - 90
    ASPECT_RATIOS:
    - - 0.5
      - 1.0
      - 2.0
    NAME: DefaultAnchorGenerator
    OFFSET: 0.0
    SIZES:
    - - 32
      - 64
      - 128
      - 256
      - 512
  BACKBONE:
    FREEZE_AT: 2
    NAME: build_resnet_backbone
  CLIP_PIXEL_MEAN:
  - 122.7709383
  - 116.7460125
  - 104.09373615
  CLIP_PIXEL_STD:
  - 68.5005327
  - 66.6321579
  - 70.323163
  DEVICE: cuda
  FPN:
    FUSE_TYPE: sum
    IN_FEATURES: []
    NORM: ''
    OUT_CHANNELS: 256
  KEYPOINT_ON: false
  LOAD_PROPOSALS: false
  MASK_FORMER:
    SIZE_DIVISIBILITY: 32
  MASK_ON: false
  META_ARCHITECTURE: CATSeg
  PANOPTIC_FPN:
    COMBINE:
      ENABLED: true
      INSTANCES_CONFIDENCE_THRESH: 0.5
      OVERLAP_THRESH: 0.5
      STUFF_AREA_LIMIT: 4096
    INSTANCE_LOSS_WEIGHT: 1.0
  PIXEL_MEAN:
  - 123.675
  - 116.28
  - 103.53
  PIXEL_STD:
  - 58.395
  - 57.12
  - 57.375
  PROMPT_ENSEMBLE: false
  PROMPT_ENSEMBLE_TYPE: multi_domain
  PROPOSAL_GENERATOR:
    MIN_SIZE: 0
    NAME: RPN
  RESNETS:
    DEFORM_MODULATED: false
    DEFORM_NUM_GROUPS: 1
    DEFORM_ON_PER_STAGE:
    - false
    - false
    - false
    - false
    DEPTH: 50
    NORM: FrozenBN
    NUM_GROUPS: 1
    OUT_FEATURES:
    - res4
    RES2_OUT_CHANNELS: 256
    RES4_DILATION: 1
    RES5_DILATION: 1
    RES5_MULTI_GRID:
    - 1
    - 2
    - 4
    STEM_OUT_CHANNELS: 64
    STEM_TYPE: deeplab
    STRIDE_IN_1X1: true
    WIDTH_PER_GROUP: 64
  RETINANET:
    BBOX_REG_LOSS_TYPE: smooth_l1
    BBOX_REG_WEIGHTS: &id002
    - 1.0
    - 1.0
    - 1.0
    - 1.0
    FOCAL_LOSS_ALPHA: 0.25
    FOCAL_LOSS_GAMMA: 2.0
    IN_FEATURES:
    - p3
    - p4
    - p5
    - p6
    - p7
    IOU_LABELS:
    - 0
    - -1
    - 1
    IOU_THRESHOLDS:
    - 0.4
    - 0.5
    NMS_THRESH_TEST: 0.5
    NORM: ''
    NUM_CLASSES: 80
    NUM_CONVS: 4
    PRIOR_PROB: 0.01
    SCORE_THRESH_TEST: 0.05
    SMOOTH_L1_LOSS_BETA: 0.1
    TOPK_CANDIDATES_TEST: 1000
  ROI_BOX_CASCADE_HEAD:
    BBOX_REG_WEIGHTS:
    - &id001
      - 10.0
      - 10.0
      - 5.0
      - 5.0
    - - 20.0
      - 20.0
      - 10.0
      - 10.0
    - - 30.0
      - 30.0
      - 15.0
      - 15.0
    IOUS:
    - 0.5
    - 0.6
    - 0.7
  ROI_BOX_HEAD:
    BBOX_REG_LOSS_TYPE: smooth_l1
    BBOX_REG_LOSS_WEIGHT: 1.0
    BBOX_REG_WEIGHTS: *id001
    CLS_AGNOSTIC_BBOX_REG: false
    CONV_DIM: 256
    FC_DIM: 1024
    NAME: ''
    NORM: ''
    NUM_CONV: 0
    NUM_FC: 0
    POOLER_RESOLUTION: 14
    POOLER_SAMPLING_RATIO: 0
    POOLER_TYPE: ROIAlignV2
    SMOOTH_L1_BETA: 0.0
    TRAIN_ON_PRED_BOXES: false
  ROI_HEADS:
    BATCH_SIZE_PER_IMAGE: 512
    IN_FEATURES:
    - res4
    IOU_LABELS:
    - 0
    - 1
    IOU_THRESHOLDS:
    - 0.5
    NAME: Res5ROIHeads
    NMS_THRESH_TEST: 0.5
    NUM_CLASSES: 80
    POSITIVE_FRACTION: 0.25
    PROPOSAL_APPEND_GT: true
    SCORE_THRESH_TEST: 0.05
  ROI_KEYPOINT_HEAD:
    CONV_DIMS:
    - 512
    - 512
    - 512
    - 512
    - 512
    - 512
    - 512
    - 512
    LOSS_WEIGHT: 1.0
    MIN_KEYPOINTS_PER_IMAGE: 1
    NAME: KRCNNConvDeconvUpsampleHead
    NORMALIZE_LOSS_BY_VISIBLE_KEYPOINTS: true
    NUM_KEYPOINTS: 17
    POOLER_RESOLUTION: 14
    POOLER_SAMPLING_RATIO: 0
    POOLER_TYPE: ROIAlignV2
  ROI_MASK_HEAD:
    CLS_AGNOSTIC_MASK: false
    CONV_DIM: 256
    NAME: MaskRCNNConvUpsampleHead
    NORM: ''
    NUM_CONV: 0
    POOLER_RESOLUTION: 14
    POOLER_SAMPLING_RATIO: 0
    POOLER_TYPE: ROIAlignV2
  RPN:
    BATCH_SIZE_PER_IMAGE: 256
    BBOX_REG_LOSS_TYPE: smooth_l1
    BBOX_REG_LOSS_WEIGHT: 1.0
    BBOX_REG_WEIGHTS: *id002
    BOUNDARY_THRESH: -1
    CONV_DIMS:
    - -1
    HEAD_NAME: StandardRPNHead
    IN_FEATURES:
    - res4
    IOU_LABELS:
    - 0
    - -1
    - 1
    IOU_THRESHOLDS:
    - 0.3
    - 0.7
    LOSS_WEIGHT: 1.0
    NMS_THRESH: 0.7
    POSITIVE_FRACTION: 0.5
    POST_NMS_TOPK_TEST: 1000
    POST_NMS_TOPK_TRAIN: 2000
    PRE_NMS_TOPK_TEST: 6000
    PRE_NMS_TOPK_TRAIN: 12000
    SMOOTH_L1_BETA: 0.0
  SEM_SEG_HEAD:
    APPEARANCE_GUIDANCE_DIM: 768
    APPEARANCE_GUIDANCE_PROJ_DIM: 128
    ASPP_CHANNELS: 256
    ASPP_DILATIONS:
    - 6
    - 12
    - 18
    ASPP_DROPOUT: 0.1
    ATTENTION_TYPE: linear
    CACHE_DIR: /data/zd/TTA_VLM/pretrain/EVA02_CLIP_L_336_psz14_s6B.pt
    CLIP_FINETUNE: attention
    CLIP_PRETRAINED: EVA02-CLIP-L-14-336
    COMMON_STRIDE: 4
    CONVS_DIM: 128
    DECODER_DIMS:
    - 64
    - 32
    DECODER_GUIDANCE_DIMS:
    - 256
    - 128
    DECODER_GUIDANCE_PROJ_DIMS:
    - 32
    - 16
    ENABLE_HIGH_RES: false
    FEATURE_RESOLUTION:
    - 32
    - 32
    HIDDEN_DIMS: 128
    IGNORE_VALUE: 255
    IN_FEATURES:
    - res2
    - res3
    - res4
    LOSS_TYPE: hard_pixel_mining
    LOSS_WEIGHT: 1.0
    NAME: CATSegHead
    NORM: GN
    NUM_CLASSES: 19
    NUM_HEADS: 4
    NUM_LAYERS: 1
    POOLING_SIZES:
    - 1
    - 1
    PROJECT_CHANNELS:
    - 48
    PROJECT_FEATURES:
    - res2
    PROMPT_DEPTH: 0
    PROMPT_LENGTH: 0
    TEST_CLASS_INDEXES: datasets/coco/coco_stuff/split/unseen_indexes.json
    TEST_CLASS_JSON: datasets/roadwork_10.json
    TEXT_GUIDANCE_DIM: 768
    TEXT_GUIDANCE_PROJ_DIM: 128
    TRAIN_CLASS_INDEXES: datasets/coco/coco_stuff/split/seen_indexes.json
    TRAIN_CLASS_JSON: datasets/cityscapes_seen_7.json
    USE_DEPTHWISE_SEPARABLE_CONV: false
    WINDOW_SIZES: 16
  SWIN:
    APE: false
    ATTN_DROP_RATE: 0.0
    DEPTHS:
    - 2
    - 2
    - 6
    - 2
    DROP_PATH_RATE: 0.3
    DROP_RATE: 0.0
    EMBED_DIM: 96
    MLP_RATIO: 4.0
    NUM_HEADS:
    - 3
    - 6
    - 12
    - 24
    OUT_FEATURES:
    - res2
    - res3
    - res4
    - res5
    PATCH_NORM: true
    PATCH_SIZE: 4
    PRETRAIN_IMG_SIZE: 224
    QKV_BIAS: true
    QK_SCALE: null
    WINDOW_SIZE: 7
  WEIGHTS: outputs/gta_seen7_eva_L14_r448//model_0019999.pth
OUTPUT_DIR: outputs/gta_seen7_eva_L14_r448//eval
SEED: -1
SOLVER:
  AMP:
    ENABLED: false
  BACKBONE_MULTIPLIER: 0.0
  BASE_LR: 0.0002
  BIAS_LR_FACTOR: 1.0
  CHECKPOINT_PERIOD: 5000
  CLIP_GRADIENTS:
    CLIP_TYPE: full_model
    CLIP_VALUE: 0.01
    ENABLED: true
    NORM_TYPE: 2.0
  CLIP_MULTIPLIER: 0.01
  GAMMA: 0.1
  IMS_PER_BATCH: 3
  LR_SCHEDULER_NAME: WarmupCosineLR
  MAX_ITER: 20000
  MOMENTUM: 0.9
  NESTEROV: false
  OPTIMIZER: ADAMW
  POLY_LR_CONSTANT_ENDING: 0.0
  POLY_LR_POWER: 0.9
  REFERENCE_WORLD_SIZE: 0
  STEPS:
  - 30000
  WARMUP_FACTOR: 1.0
  WARMUP_ITERS: 0
  WARMUP_METHOD: linear
  WEIGHT_DECAY: 0.0001
  WEIGHT_DECAY_BIAS: null
  WEIGHT_DECAY_EMBED: 0.0
  WEIGHT_DECAY_NORM: 0.0
TEST:
  AUG:
    ENABLED: false
    FLIP: true
    MAX_SIZE: 4000
    MIN_SIZES:
    - 400
    - 500
    - 600
    - 700
    - 800
    - 900
    - 1000
    - 1100
    - 1200
  DETECTIONS_PER_IMAGE: 100
  EVAL_PERIOD: 10000
  EXPECTED_RESULTS: []
  KEYPOINT_OKS_SIGMAS: []
  PRECISE_BN:
    ENABLED: false
    NUM_ITER: 200
  SLIDING_WINDOW: true
  SW_KERNEL: 448
  SW_OUT_RES:
  - 448
  - 896
  SW_OVERLAP: 0.333
VERSION: 2
VIS_PERIOD: 0

[12/10 06:00:56 detectron2]: Full config saved to outputs/gta_seen7_eva_L14_r448//eval/config.yaml
[12/10 06:00:56 d2.utils.env]: Using a generated random seed 56647711
Freeze text encoder parameters
[12/10 06:01:05 d2.engine.defaults]: Model:
CATSeg(
  (sem_seg_head): CATSegHead(
    (predictor): CATSegPredictor(
      (clip_model): CustomCLIP(
        (visual): EVAVisionTransformer(
          (patch_embed): PatchEmbed(
            (proj): Conv2d(3, 1024, kernel_size=(14, 14), stride=(14, 14))
          )
          (pos_drop): Dropout(p=0.0, inplace=False)
          (rope): VisionRotaryEmbeddingFast()
          (blocks): ModuleList(
            (0-23): 24 x Block(
              (norm1): LayerNorm((1024,), eps=1e-06, elementwise_affine=True)
              (attn): Attention(
                (q_proj): Linear(in_features=1024, out_features=1024, bias=False)
                (k_proj): Linear(in_features=1024, out_features=1024, bias=False)
                (v_proj): Linear(in_features=1024, out_features=1024, bias=False)
                (attn_drop): Dropout(p=0.0, inplace=False)
                (inner_attn_ln): LayerNorm((1024,), eps=1e-06, elementwise_affine=True)
                (proj): Linear(in_features=1024, out_features=1024, bias=True)
                (proj_drop): Dropout(p=0.0, inplace=False)
                (rope): VisionRotaryEmbeddingFast()
              )
              (drop_path): Identity()
              (norm2): LayerNorm((1024,), eps=1e-06, elementwise_affine=True)
              (mlp): SwiGLU(
                (w1): Linear(in_features=1024, out_features=2730, bias=True)
                (w2): Linear(in_features=1024, out_features=2730, bias=True)
                (act): SiLU()
                (ffn_ln): LayerNorm((2730,), eps=1e-06, elementwise_affine=True)
                (w3): Linear(in_features=2730, out_features=1024, bias=True)
                (drop): Dropout(p=0.0, inplace=False)
              )
            )
          )
          (norm): LayerNorm((1024,), eps=1e-06, elementwise_affine=True)
          (head): Linear(in_features=1024, out_features=768, bias=True)
          (patch_dropout): Identity()
        )
        (text): TextTransformer(
          (token_embedding): Embedding(49408, 768)
          (transformer): Transformer(
            (resblocks): ModuleList(
              (0-11): 12 x ResidualAttentionBlock(
                (ln_1): LayerNorm((768,), eps=1e-05, elementwise_affine=True)
                (attn): MultiheadAttention(
                  (out_proj): NonDynamicallyQuantizableLinear(in_features=768, out_features=768, bias=True)
                )
                (ls_1): Identity()
                (ln_2): LayerNorm((768,), eps=1e-05, elementwise_affine=True)
                (mlp): Sequential(
                  (c_fc): Linear(in_features=768, out_features=3072, bias=True)
                  (gelu): GELU(approximate='none')
                  (c_proj): Linear(in_features=3072, out_features=768, bias=True)
                )
                (ls_2): Identity()
              )
            )
          )
          (ln_final): LayerNorm((768,), eps=1e-05, elementwise_affine=True)
        )
      )
      (transformer): AggregatorMambaLite(
        (layers): ModuleList(
          (0): Sequential(
            (0): AxialMambaBlockLite_v2(
              (film): FiLM2D(
                (pool): AdaptiveAvgPool2d(output_size=1)
                (fc): Conv2d(128, 256, kernel_size=(1, 1), stride=(1, 1))
              )
              (pre_mix): Sequential(
                (0): Conv2d(128, 128, kernel_size=(3, 3), stride=(1, 1), padding=(1, 1), groups=128)
                (1): Conv2d(128, 128, kernel_size=(1, 1), stride=(1, 1))
                (2): GELU(approximate='none')
              )
              (seq_row): Mamba1DWithDecayPrior(
                (out_norm): LayerNorm((128,), eps=1e-05, elementwise_affine=True)
                (gate): Sequential(
                  (0): Linear(in_features=128, out_features=128, bias=True)
                  (1): SiLU()
                )
                (proj_in): Linear(in_features=128, out_features=384, bias=True)
                (drop): Dropout(p=0.0, inplace=False)
              )
              (post_proj): Conv2d(128, 128, kernel_size=(1, 1), stride=(1, 1))
              (norm_tok): LayerNorm((128,), eps=1e-05, elementwise_affine=True)
              (ffn): Sequential(
                (0): Linear(in_features=128, out_features=384, bias=True)
                (1): GELU(approximate='none')
                (2): Linear(in_features=384, out_features=128, bias=True)
              )
              (down): Identity()
            )
            (1): ClassMambaLayerLite(
              (pool): AvgPool2d(kernel_size=[1, 1], stride=[1, 1], padding=0)
              (guid_proj): Linear(in_features=128, out_features=256, bias=True)
              (seq_block): _Mamba1DAdapterLite(
                (blocks): ModuleList(
                  (0): PseudoMamba1D(
                    (gate): Sequential(
                      (0): Linear(in_features=128, out_features=128, bias=True)
                      (1): SiLU()
                    )
                    (proj_in): Linear(in_features=128, out_features=384, bias=True)
                    (out_norm): LayerNorm((128,), eps=1e-05, elementwise_affine=True)
                    (drop): Dropout(p=0.0, inplace=False)
                  )
                )
                (norm): LayerNorm((128,), eps=1e-05, elementwise_affine=True)
              )
              (norm1): LayerNorm((128,), eps=1e-05, elementwise_affine=True)
              (norm2): LayerNorm((128,), eps=1e-05, elementwise_affine=True)
              (ffn): Sequential(
                (0): Linear(in_features=128, out_features=384, bias=True)
                (1): GELU(approximate='none')
                (2): Linear(in_features=384, out_features=128, bias=True)
              )
            )
          )
        )
        (conv1): Conv2d(1, 128, kernel_size=(7, 7), stride=(1, 1), padding=(3, 3))
        (guidance_projection): Sequential(
          (0): Conv2d(768, 128, kernel_size=(3, 3), stride=(1, 1), padding=(1, 1))
          (1): ReLU()
        )
        (text_guidance_projection): Sequential(
          (0): Linear(in_features=768, out_features=128, bias=True)
          (1): ReLU()
        )
        (decoder_guidance_projection): ModuleList(
          (0): Sequential(
            (0): Conv2d(256, 32, kernel_size=(3, 3), stride=(1, 1), padding=(1, 1))
            (1): ReLU()
          )
          (1): Sequential(
            (0): Conv2d(128, 16, kernel_size=(3, 3), stride=(1, 1), padding=(1, 1))
            (1): ReLU()
          )
        )
        (decoder1): UpLite(
          (up): ConvTranspose2d(128, 96, kernel_size=(2, 2), stride=(2, 2))
          (conv): Sequential(
            (0): Conv2d(128, 64, kernel_size=(3, 3), stride=(1, 1), padding=(1, 1), bias=False)
            (1): GroupNorm(4, 64, eps=1e-05, affine=True)
            (2): ReLU()
          )
        )
        (decoder2): UpLite(
          (up): ConvTranspose2d(64, 48, kernel_size=(2, 2), stride=(2, 2))
          (conv): Sequential(
            (0): Conv2d(64, 32, kernel_size=(3, 3), stride=(1, 1), padding=(1, 1), bias=False)
            (1): GroupNorm(2, 32, eps=1e-05, affine=True)
            (2): ReLU()
          )
        )
        (head): Conv2d(32, 1, kernel_size=(3, 3), stride=(1, 1), padding=(1, 1))
      )
    )
  )
  (upsample1): ConvTranspose2d(1024, 256, kernel_size=(2, 2), stride=(2, 2))
  (upsample2): ConvTranspose2d(1024, 128, kernel_size=(4, 4), stride=(4, 4))
)
[12/10 06:01:05 fvcore.common.checkpoint]: [Checkpointer] Loading from outputs/gta_seen7_eva_L14_r448//model_0019999.pth ...
[12/10 06:01:07 d2.data.dataset_mapper]: [DatasetMapper] Augmentations used in inference: [ResizeShortestEdge(short_edge_length=(448, 448), max_size=1008, sample_style='choice')]
[12/10 06:01:07 d2.data.common]: Serializing 2098 elements to byte tensors and concatenating them all ...
[12/10 06:01:07 d2.data.common]: Serialized dataset takes 0.50 MiB
[12/10 06:01:07 d2.evaluation.evaluator]: Start inference on 2098 batches
Add a new rope freq of shape: torch.Size([1024, 64])
[12/10 06:01:11 d2.evaluation.evaluator]: Inference done 11/2098. Dataloading: 0.0014 s/iter. Inference: 0.1380 s/iter. Eval: 0.1190 s/iter. Total: 0.2584 s/iter. ETA=0:08:59
[12/10 06:01:16 d2.evaluation.evaluator]: Inference done 31/2098. Dataloading: 0.0015 s/iter. Inference: 0.1385 s/iter. Eval: 0.1130 s/iter. Total: 0.2531 s/iter. ETA=0:08:43
[12/10 06:01:21 d2.evaluation.evaluator]: Inference done 51/2098. Dataloading: 0.0016 s/iter. Inference: 0.1387 s/iter. Eval: 0.1120 s/iter. Total: 0.2524 s/iter. ETA=0:08:36
[12/10 06:01:26 d2.evaluation.evaluator]: Inference done 72/2098. Dataloading: 0.0017 s/iter. Inference: 0.1387 s/iter. Eval: 0.1102 s/iter. Total: 0.2507 s/iter. ETA=0:08:27
[12/10 06:01:31 d2.evaluation.evaluator]: Inference done 92/2098. Dataloading: 0.0017 s/iter. Inference: 0.1388 s/iter. Eval: 0.1101 s/iter. Total: 0.2507 s/iter. ETA=0:08:22
[12/10 06:01:36 d2.evaluation.evaluator]: Inference done 112/2098. Dataloading: 0.0017 s/iter. Inference: 0.1388 s/iter. Eval: 0.1104 s/iter. Total: 0.2511 s/iter. ETA=0:08:18
[12/10 06:01:42 d2.evaluation.evaluator]: Inference done 132/2098. Dataloading: 0.0018 s/iter. Inference: 0.1389 s/iter. Eval: 0.1110 s/iter. Total: 0.2517 s/iter. ETA=0:08:14
[12/10 06:01:47 d2.evaluation.evaluator]: Inference done 152/2098. Dataloading: 0.0018 s/iter. Inference: 0.1389 s/iter. Eval: 0.1109 s/iter. Total: 0.2517 s/iter. ETA=0:08:09
[12/10 06:01:52 d2.evaluation.evaluator]: Inference done 172/2098. Dataloading: 0.0018 s/iter. Inference: 0.1390 s/iter. Eval: 0.1114 s/iter. Total: 0.2523 s/iter. ETA=0:08:05
[12/10 06:01:57 d2.evaluation.evaluator]: Inference done 193/2098. Dataloading: 0.0018 s/iter. Inference: 0.1391 s/iter. Eval: 0.1108 s/iter. Total: 0.2517 s/iter. ETA=0:07:59
[12/10 06:02:02 d2.evaluation.evaluator]: Inference done 213/2098. Dataloading: 0.0018 s/iter. Inference: 0.1391 s/iter. Eval: 0.1107 s/iter. Total: 0.2517 s/iter. ETA=0:07:54
[12/10 06:02:07 d2.evaluation.evaluator]: Inference done 234/2098. Dataloading: 0.0018 s/iter. Inference: 0.1391 s/iter. Eval: 0.1104 s/iter. Total: 0.2514 s/iter. ETA=0:07:48
[12/10 06:02:12 d2.evaluation.evaluator]: Inference done 254/2098. Dataloading: 0.0018 s/iter. Inference: 0.1392 s/iter. Eval: 0.1105 s/iter. Total: 0.2516 s/iter. ETA=0:07:44
[12/10 06:02:17 d2.evaluation.evaluator]: Inference done 274/2098. Dataloading: 0.0018 s/iter. Inference: 0.1393 s/iter. Eval: 0.1109 s/iter. Total: 0.2521 s/iter. ETA=0:07:39
[12/10 06:02:22 d2.evaluation.evaluator]: Inference done 294/2098. Dataloading: 0.0018 s/iter. Inference: 0.1393 s/iter. Eval: 0.1111 s/iter. Total: 0.2523 s/iter. ETA=0:07:35
[12/10 06:02:28 d2.evaluation.evaluator]: Inference done 314/2098. Dataloading: 0.0018 s/iter. Inference: 0.1393 s/iter. Eval: 0.1113 s/iter. Total: 0.2524 s/iter. ETA=0:07:30
[12/10 06:02:33 d2.evaluation.evaluator]: Inference done 334/2098. Dataloading: 0.0018 s/iter. Inference: 0.1393 s/iter. Eval: 0.1114 s/iter. Total: 0.2526 s/iter. ETA=0:07:25
[12/10 06:02:38 d2.evaluation.evaluator]: Inference done 354/2098. Dataloading: 0.0018 s/iter. Inference: 0.1393 s/iter. Eval: 0.1117 s/iter. Total: 0.2529 s/iter. ETA=0:07:21
[12/10 06:02:43 d2.evaluation.evaluator]: Inference done 374/2098. Dataloading: 0.0018 s/iter. Inference: 0.1393 s/iter. Eval: 0.1115 s/iter. Total: 0.2528 s/iter. ETA=0:07:15
[12/10 06:02:48 d2.evaluation.evaluator]: Inference done 394/2098. Dataloading: 0.0018 s/iter. Inference: 0.1393 s/iter. Eval: 0.1114 s/iter. Total: 0.2526 s/iter. ETA=0:07:10
[12/10 06:02:53 d2.evaluation.evaluator]: Inference done 414/2098. Dataloading: 0.0018 s/iter. Inference: 0.1394 s/iter. Eval: 0.1113 s/iter. Total: 0.2526 s/iter. ETA=0:07:05
[12/10 06:02:58 d2.evaluation.evaluator]: Inference done 434/2098. Dataloading: 0.0018 s/iter. Inference: 0.1394 s/iter. Eval: 0.1114 s/iter. Total: 0.2527 s/iter. ETA=0:07:00
[12/10 06:03:03 d2.evaluation.evaluator]: Inference done 454/2098. Dataloading: 0.0018 s/iter. Inference: 0.1394 s/iter. Eval: 0.1113 s/iter. Total: 0.2526 s/iter. ETA=0:06:55
[12/10 06:03:08 d2.evaluation.evaluator]: Inference done 474/2098. Dataloading: 0.0018 s/iter. Inference: 0.1395 s/iter. Eval: 0.1113 s/iter. Total: 0.2526 s/iter. ETA=0:06:50
[12/10 06:03:13 d2.evaluation.evaluator]: Inference done 494/2098. Dataloading: 0.0018 s/iter. Inference: 0.1395 s/iter. Eval: 0.1113 s/iter. Total: 0.2527 s/iter. ETA=0:06:45
[12/10 06:03:18 d2.evaluation.evaluator]: Inference done 514/2098. Dataloading: 0.0018 s/iter. Inference: 0.1395 s/iter. Eval: 0.1113 s/iter. Total: 0.2527 s/iter. ETA=0:06:40
[12/10 06:03:23 d2.evaluation.evaluator]: Inference done 534/2098. Dataloading: 0.0018 s/iter. Inference: 0.1395 s/iter. Eval: 0.1113 s/iter. Total: 0.2527 s/iter. ETA=0:06:35
[12/10 06:03:28 d2.evaluation.evaluator]: Inference done 554/2098. Dataloading: 0.0018 s/iter. Inference: 0.1395 s/iter. Eval: 0.1112 s/iter. Total: 0.2526 s/iter. ETA=0:06:30
[12/10 06:03:33 d2.evaluation.evaluator]: Inference done 574/2098. Dataloading: 0.0018 s/iter. Inference: 0.1395 s/iter. Eval: 0.1111 s/iter. Total: 0.2525 s/iter. ETA=0:06:24
[12/10 06:03:39 d2.evaluation.evaluator]: Inference done 595/2098. Dataloading: 0.0018 s/iter. Inference: 0.1395 s/iter. Eval: 0.1110 s/iter. Total: 0.2525 s/iter. ETA=0:06:19
[12/10 06:03:44 d2.evaluation.evaluator]: Inference done 615/2098. Dataloading: 0.0018 s/iter. Inference: 0.1396 s/iter. Eval: 0.1110 s/iter. Total: 0.2524 s/iter. ETA=0:06:14
[12/10 06:03:49 d2.evaluation.evaluator]: Inference done 635/2098. Dataloading: 0.0018 s/iter. Inference: 0.1396 s/iter. Eval: 0.1110 s/iter. Total: 0.2525 s/iter. ETA=0:06:09
[12/10 06:03:54 d2.evaluation.evaluator]: Inference done 656/2098. Dataloading: 0.0018 s/iter. Inference: 0.1396 s/iter. Eval: 0.1109 s/iter. Total: 0.2524 s/iter. ETA=0:06:03
[12/10 06:03:59 d2.evaluation.evaluator]: Inference done 677/2098. Dataloading: 0.0018 s/iter. Inference: 0.1396 s/iter. Eval: 0.1108 s/iter. Total: 0.2522 s/iter. ETA=0:05:58
[12/10 06:04:04 d2.evaluation.evaluator]: Inference done 698/2098. Dataloading: 0.0018 s/iter. Inference: 0.1396 s/iter. Eval: 0.1107 s/iter. Total: 0.2522 s/iter. ETA=0:05:53
[12/10 06:04:09 d2.evaluation.evaluator]: Inference done 718/2098. Dataloading: 0.0018 s/iter. Inference: 0.1396 s/iter. Eval: 0.1107 s/iter. Total: 0.2522 s/iter. ETA=0:05:47
[12/10 06:04:14 d2.evaluation.evaluator]: Inference done 738/2098. Dataloading: 0.0018 s/iter. Inference: 0.1396 s/iter. Eval: 0.1107 s/iter. Total: 0.2522 s/iter. ETA=0:05:43
[12/10 06:04:19 d2.evaluation.evaluator]: Inference done 758/2098. Dataloading: 0.0018 s/iter. Inference: 0.1396 s/iter. Eval: 0.1107 s/iter. Total: 0.2522 s/iter. ETA=0:05:37
[12/10 06:04:24 d2.evaluation.evaluator]: Inference done 778/2098. Dataloading: 0.0018 s/iter. Inference: 0.1396 s/iter. Eval: 0.1107 s/iter. Total: 0.2522 s/iter. ETA=0:05:32
[12/10 06:04:30 d2.evaluation.evaluator]: Inference done 799/2098. Dataloading: 0.0018 s/iter. Inference: 0.1396 s/iter. Eval: 0.1106 s/iter. Total: 0.2520 s/iter. ETA=0:05:27
[12/10 06:04:35 d2.evaluation.evaluator]: Inference done 819/2098. Dataloading: 0.0018 s/iter. Inference: 0.1396 s/iter. Eval: 0.1106 s/iter. Total: 0.2521 s/iter. ETA=0:05:22
[12/10 06:04:40 d2.evaluation.evaluator]: Inference done 839/2098. Dataloading: 0.0018 s/iter. Inference: 0.1396 s/iter. Eval: 0.1107 s/iter. Total: 0.2522 s/iter. ETA=0:05:17
[12/10 06:04:45 d2.evaluation.evaluator]: Inference done 859/2098. Dataloading: 0.0018 s/iter. Inference: 0.1396 s/iter. Eval: 0.1109 s/iter. Total: 0.2524 s/iter. ETA=0:05:12
[12/10 06:04:50 d2.evaluation.evaluator]: Inference done 879/2098. Dataloading: 0.0018 s/iter. Inference: 0.1396 s/iter. Eval: 0.1110 s/iter. Total: 0.2525 s/iter. ETA=0:05:07
[12/10 06:04:55 d2.evaluation.evaluator]: Inference done 899/2098. Dataloading: 0.0018 s/iter. Inference: 0.1396 s/iter. Eval: 0.1111 s/iter. Total: 0.2526 s/iter. ETA=0:05:02
[12/10 06:05:01 d2.evaluation.evaluator]: Inference done 920/2098. Dataloading: 0.0018 s/iter. Inference: 0.1396 s/iter. Eval: 0.1109 s/iter. Total: 0.2525 s/iter. ETA=0:04:57
[12/10 06:05:06 d2.evaluation.evaluator]: Inference done 940/2098. Dataloading: 0.0018 s/iter. Inference: 0.1396 s/iter. Eval: 0.1110 s/iter. Total: 0.2525 s/iter. ETA=0:04:52
[12/10 06:05:11 d2.evaluation.evaluator]: Inference done 961/2098. Dataloading: 0.0018 s/iter. Inference: 0.1396 s/iter. Eval: 0.1109 s/iter. Total: 0.2524 s/iter. ETA=0:04:46
[12/10 06:05:16 d2.evaluation.evaluator]: Inference done 982/2098. Dataloading: 0.0018 s/iter. Inference: 0.1396 s/iter. Eval: 0.1108 s/iter. Total: 0.2523 s/iter. ETA=0:04:41
[12/10 06:05:21 d2.evaluation.evaluator]: Inference done 1003/2098. Dataloading: 0.0018 s/iter. Inference: 0.1396 s/iter. Eval: 0.1107 s/iter. Total: 0.2523 s/iter. ETA=0:04:36
[12/10 06:05:26 d2.evaluation.evaluator]: Inference done 1023/2098. Dataloading: 0.0018 s/iter. Inference: 0.1396 s/iter. Eval: 0.1108 s/iter. Total: 0.2523 s/iter. ETA=0:04:31
[12/10 06:05:32 d2.evaluation.evaluator]: Inference done 1043/2098. Dataloading: 0.0018 s/iter. Inference: 0.1396 s/iter. Eval: 0.1108 s/iter. Total: 0.2523 s/iter. ETA=0:04:26
[12/10 06:05:37 d2.evaluation.evaluator]: Inference done 1063/2098. Dataloading: 0.0018 s/iter. Inference: 0.1396 s/iter. Eval: 0.1108 s/iter. Total: 0.2523 s/iter. ETA=0:04:21
[12/10 06:05:42 d2.evaluation.evaluator]: Inference done 1083/2098. Dataloading: 0.0018 s/iter. Inference: 0.1396 s/iter. Eval: 0.1108 s/iter. Total: 0.2523 s/iter. ETA=0:04:16
[12/10 06:05:47 d2.evaluation.evaluator]: Inference done 1103/2098. Dataloading: 0.0018 s/iter. Inference: 0.1396 s/iter. Eval: 0.1109 s/iter. Total: 0.2524 s/iter. ETA=0:04:11
[12/10 06:05:52 d2.evaluation.evaluator]: Inference done 1123/2098. Dataloading: 0.0018 s/iter. Inference: 0.1396 s/iter. Eval: 0.1110 s/iter. Total: 0.2525 s/iter. ETA=0:04:06
[12/10 06:05:57 d2.evaluation.evaluator]: Inference done 1143/2098. Dataloading: 0.0018 s/iter. Inference: 0.1396 s/iter. Eval: 0.1111 s/iter. Total: 0.2526 s/iter. ETA=0:04:01
[12/10 06:06:02 d2.evaluation.evaluator]: Inference done 1163/2098. Dataloading: 0.0018 s/iter. Inference: 0.1396 s/iter. Eval: 0.1112 s/iter. Total: 0.2527 s/iter. ETA=0:03:56
[12/10 06:06:07 d2.evaluation.evaluator]: Inference done 1183/2098. Dataloading: 0.0018 s/iter. Inference: 0.1396 s/iter. Eval: 0.1112 s/iter. Total: 0.2528 s/iter. ETA=0:03:51
[12/10 06:06:12 d2.evaluation.evaluator]: Inference done 1203/2098. Dataloading: 0.0018 s/iter. Inference: 0.1396 s/iter. Eval: 0.1112 s/iter. Total: 0.2527 s/iter. ETA=0:03:46
[12/10 06:06:17 d2.evaluation.evaluator]: Inference done 1223/2098. Dataloading: 0.0018 s/iter. Inference: 0.1396 s/iter. Eval: 0.1113 s/iter. Total: 0.2528 s/iter. ETA=0:03:41
[12/10 06:06:23 d2.evaluation.evaluator]: Inference done 1243/2098. Dataloading: 0.0018 s/iter. Inference: 0.1396 s/iter. Eval: 0.1113 s/iter. Total: 0.2528 s/iter. ETA=0:03:36
[12/10 06:06:28 d2.evaluation.evaluator]: Inference done 1263/2098. Dataloading: 0.0018 s/iter. Inference: 0.1396 s/iter. Eval: 0.1113 s/iter. Total: 0.2528 s/iter. ETA=0:03:31
[12/10 06:06:33 d2.evaluation.evaluator]: Inference done 1283/2098. Dataloading: 0.0018 s/iter. Inference: 0.1396 s/iter. Eval: 0.1114 s/iter. Total: 0.2529 s/iter. ETA=0:03:26
[12/10 06:06:38 d2.evaluation.evaluator]: Inference done 1303/2098. Dataloading: 0.0018 s/iter. Inference: 0.1396 s/iter. Eval: 0.1113 s/iter. Total: 0.2529 s/iter. ETA=0:03:21
[12/10 06:06:43 d2.evaluation.evaluator]: Inference done 1323/2098. Dataloading: 0.0018 s/iter. Inference: 0.1396 s/iter. Eval: 0.1113 s/iter. Total: 0.2528 s/iter. ETA=0:03:15
[12/10 06:06:48 d2.evaluation.evaluator]: Inference done 1344/2098. Dataloading: 0.0018 s/iter. Inference: 0.1396 s/iter. Eval: 0.1112 s/iter. Total: 0.2527 s/iter. ETA=0:03:10
[12/10 06:06:53 d2.evaluation.evaluator]: Inference done 1364/2098. Dataloading: 0.0018 s/iter. Inference: 0.1396 s/iter. Eval: 0.1112 s/iter. Total: 0.2527 s/iter. ETA=0:03:05
[12/10 06:06:58 d2.evaluation.evaluator]: Inference done 1385/2098. Dataloading: 0.0018 s/iter. Inference: 0.1396 s/iter. Eval: 0.1111 s/iter. Total: 0.2527 s/iter. ETA=0:03:00
[12/10 06:07:03 d2.evaluation.evaluator]: Inference done 1405/2098. Dataloading: 0.0018 s/iter. Inference: 0.1396 s/iter. Eval: 0.1112 s/iter. Total: 0.2527 s/iter. ETA=0:02:55
[12/10 06:07:09 d2.evaluation.evaluator]: Inference done 1427/2098. Dataloading: 0.0018 s/iter. Inference: 0.1396 s/iter. Eval: 0.1109 s/iter. Total: 0.2524 s/iter. ETA=0:02:49
[12/10 06:07:14 d2.evaluation.evaluator]: Inference done 1448/2098. Dataloading: 0.0018 s/iter. Inference: 0.1396 s/iter. Eval: 0.1108 s/iter. Total: 0.2523 s/iter. ETA=0:02:44
[12/10 06:07:19 d2.evaluation.evaluator]: Inference done 1469/2098. Dataloading: 0.0018 s/iter. Inference: 0.1396 s/iter. Eval: 0.1107 s/iter. Total: 0.2523 s/iter. ETA=0:02:38
[12/10 06:07:24 d2.evaluation.evaluator]: Inference done 1490/2098. Dataloading: 0.0018 s/iter. Inference: 0.1396 s/iter. Eval: 0.1107 s/iter. Total: 0.2522 s/iter. ETA=0:02:33
[12/10 06:07:29 d2.evaluation.evaluator]: Inference done 1511/2098. Dataloading: 0.0018 s/iter. Inference: 0.1396 s/iter. Eval: 0.1106 s/iter. Total: 0.2521 s/iter. ETA=0:02:28
[12/10 06:07:34 d2.evaluation.evaluator]: Inference done 1532/2098. Dataloading: 0.0018 s/iter. Inference: 0.1396 s/iter. Eval: 0.1105 s/iter. Total: 0.2521 s/iter. ETA=0:02:22
[12/10 06:07:40 d2.evaluation.evaluator]: Inference done 1553/2098. Dataloading: 0.0018 s/iter. Inference: 0.1396 s/iter. Eval: 0.1104 s/iter. Total: 0.2520 s/iter. ETA=0:02:17
[12/10 06:07:45 d2.evaluation.evaluator]: Inference done 1574/2098. Dataloading: 0.0018 s/iter. Inference: 0.1396 s/iter. Eval: 0.1104 s/iter. Total: 0.2519 s/iter. ETA=0:02:12
[12/10 06:07:50 d2.evaluation.evaluator]: Inference done 1595/2098. Dataloading: 0.0018 s/iter. Inference: 0.1397 s/iter. Eval: 0.1104 s/iter. Total: 0.2519 s/iter. ETA=0:02:06
[12/10 06:07:55 d2.evaluation.evaluator]: Inference done 1615/2098. Dataloading: 0.0018 s/iter. Inference: 0.1396 s/iter. Eval: 0.1104 s/iter. Total: 0.2519 s/iter. ETA=0:02:01
[12/10 06:08:00 d2.evaluation.evaluator]: Inference done 1636/2098. Dataloading: 0.0018 s/iter. Inference: 0.1397 s/iter. Eval: 0.1103 s/iter. Total: 0.2519 s/iter. ETA=0:01:56
[12/10 06:08:06 d2.evaluation.evaluator]: Inference done 1657/2098. Dataloading: 0.0018 s/iter. Inference: 0.1396 s/iter. Eval: 0.1102 s/iter. Total: 0.2518 s/iter. ETA=0:01:51
[12/10 06:08:11 d2.evaluation.evaluator]: Inference done 1678/2098. Dataloading: 0.0018 s/iter. Inference: 0.1396 s/iter. Eval: 0.1102 s/iter. Total: 0.2517 s/iter. ETA=0:01:45
[12/10 06:08:16 d2.evaluation.evaluator]: Inference done 1697/2098. Dataloading: 0.0018 s/iter. Inference: 0.1397 s/iter. Eval: 0.1103 s/iter. Total: 0.2519 s/iter. ETA=0:01:41
[12/10 06:08:21 d2.evaluation.evaluator]: Inference done 1717/2098. Dataloading: 0.0018 s/iter. Inference: 0.1397 s/iter. Eval: 0.1103 s/iter. Total: 0.2519 s/iter. ETA=0:01:35
[12/10 06:08:26 d2.evaluation.evaluator]: Inference done 1737/2098. Dataloading: 0.0018 s/iter. Inference: 0.1397 s/iter. Eval: 0.1103 s/iter. Total: 0.2519 s/iter. ETA=0:01:30
[12/10 06:08:31 d2.evaluation.evaluator]: Inference done 1758/2098. Dataloading: 0.0018 s/iter. Inference: 0.1397 s/iter. Eval: 0.1103 s/iter. Total: 0.2519 s/iter. ETA=0:01:25
[12/10 06:08:36 d2.evaluation.evaluator]: Inference done 1779/2098. Dataloading: 0.0018 s/iter. Inference: 0.1397 s/iter. Eval: 0.1103 s/iter. Total: 0.2518 s/iter. ETA=0:01:20
[12/10 06:08:42 d2.evaluation.evaluator]: Inference done 1800/2098. Dataloading: 0.0018 s/iter. Inference: 0.1397 s/iter. Eval: 0.1102 s/iter. Total: 0.2518 s/iter. ETA=0:01:15
[12/10 06:08:47 d2.evaluation.evaluator]: Inference done 1821/2098. Dataloading: 0.0018 s/iter. Inference: 0.1397 s/iter. Eval: 0.1102 s/iter. Total: 0.2518 s/iter. ETA=0:01:09
[12/10 06:08:52 d2.evaluation.evaluator]: Inference done 1842/2098. Dataloading: 0.0018 s/iter. Inference: 0.1397 s/iter. Eval: 0.1101 s/iter. Total: 0.2517 s/iter. ETA=0:01:04
[12/10 06:08:57 d2.evaluation.evaluator]: Inference done 1862/2098. Dataloading: 0.0018 s/iter. Inference: 0.1397 s/iter. Eval: 0.1101 s/iter. Total: 0.2517 s/iter. ETA=0:00:59
[12/10 06:09:02 d2.evaluation.evaluator]: Inference done 1883/2098. Dataloading: 0.0018 s/iter. Inference: 0.1397 s/iter. Eval: 0.1101 s/iter. Total: 0.2517 s/iter. ETA=0:00:54
[12/10 06:09:07 d2.evaluation.evaluator]: Inference done 1904/2098. Dataloading: 0.0018 s/iter. Inference: 0.1397 s/iter. Eval: 0.1100 s/iter. Total: 0.2516 s/iter. ETA=0:00:48
[12/10 06:09:12 d2.evaluation.evaluator]: Inference done 1924/2098. Dataloading: 0.0018 s/iter. Inference: 0.1397 s/iter. Eval: 0.1101 s/iter. Total: 0.2517 s/iter. ETA=0:00:43
[12/10 06:09:18 d2.evaluation.evaluator]: Inference done 1945/2098. Dataloading: 0.0018 s/iter. Inference: 0.1397 s/iter. Eval: 0.1100 s/iter. Total: 0.2516 s/iter. ETA=0:00:38
[12/10 06:09:23 d2.evaluation.evaluator]: Inference done 1966/2098. Dataloading: 0.0018 s/iter. Inference: 0.1397 s/iter. Eval: 0.1099 s/iter. Total: 0.2515 s/iter. ETA=0:00:33
[12/10 06:09:28 d2.evaluation.evaluator]: Inference done 1987/2098. Dataloading: 0.0018 s/iter. Inference: 0.1397 s/iter. Eval: 0.1099 s/iter. Total: 0.2515 s/iter. ETA=0:00:27
[12/10 06:09:33 d2.evaluation.evaluator]: Inference done 2007/2098. Dataloading: 0.0018 s/iter. Inference: 0.1397 s/iter. Eval: 0.1099 s/iter. Total: 0.2515 s/iter. ETA=0:00:22
[12/10 06:09:38 d2.evaluation.evaluator]: Inference done 2027/2098. Dataloading: 0.0018 s/iter. Inference: 0.1397 s/iter. Eval: 0.1100 s/iter. Total: 0.2516 s/iter. ETA=0:00:17
[12/10 06:09:43 d2.evaluation.evaluator]: Inference done 2047/2098. Dataloading: 0.0018 s/iter. Inference: 0.1397 s/iter. Eval: 0.1100 s/iter. Total: 0.2516 s/iter. ETA=0:00:12
[12/10 06:09:48 d2.evaluation.evaluator]: Inference done 2067/2098. Dataloading: 0.0018 s/iter. Inference: 0.1397 s/iter. Eval: 0.1100 s/iter. Total: 0.2516 s/iter. ETA=0:00:07
[12/10 06:09:53 d2.evaluation.evaluator]: Inference done 2087/2098. Dataloading: 0.0018 s/iter. Inference: 0.1397 s/iter. Eval: 0.1100 s/iter. Total: 0.2516 s/iter. ETA=0:00:02
[12/10 06:09:56 d2.evaluation.evaluator]: Total inference time: 0:08:46.751068 (0.251673 s / iter per device, on 1 devices)
[12/10 06:09:56 d2.evaluation.evaluator]: Total inference pure compute time: 0:04:52 (0.139695 s / iter per device, on 1 devices)
[12/10 06:09:58 d2.evaluation.sem_seg_evaluation]: OrderedDict([('sem_seg', {'mIoU': 40.34812026731679, 'fwIoU': 73.4954455127264, 'IoU-road': 78.63084609997188, 'IoU-sidewalk': 62.49982825370963, 'IoU-barrier': 69.12550713124944, 'IoU-police vehicle': 1.6171002931767926, 'IoU-work vehicle': 50.77958396895574, 'IoU-police officer': 28.40652967782128, 'IoU-worker': 41.66288935460698, 'IoU-cone': 40.26531540923004, 'IoU-arrow board': 11.20772951913042, 'IoU-ttc sign': 19.28587296531572, 'mACC': 66.02622534231, 'pACC': 79.63590170222935, 'ACC-road': 80.31894347322918, 'ACC-sidewalk': 67.55918894655787, 'ACC-barrier': 89.20756513010545, 'ACC-police vehicle': 93.7092743334882, 'ACC-work vehicle': 91.42159017742362, 'ACC-police officer': 64.6506757860155, 'ACC-worker': 74.19403420534972, 'ACC-cone': 50.444696977577216, 'ACC-arrow board': 12.052262446047374, 'ACC-ttc sign': 36.70402194730576})])
[12/10 06:09:58 d2.engine.defaults]: Evaluation results for roadwork10_semseg_val in csv format:
[12/10 06:09:58 d2.evaluation.testing]: copypaste: Task: sem_seg
[12/10 06:09:58 d2.evaluation.testing]: copypaste: mIoU,fwIoU,mACC,pACC
[12/10 06:09:58 d2.evaluation.testing]: copypaste: 40.3481,73.4954,66.0262,79.6359
/data/zd/TTA_VLM/S2_Corr/train_net.py:16: FutureWarning: In the future `np.bool` will be defined as the corresponding NumPy scalar.
  if not hasattr(np, _name):
/data/zd/TTA_VLM/S2_Corr/train_net.py:16: FutureWarning: In the future `np.object` will be defined as the corresponding NumPy scalar.
  if not hasattr(np, _name):
/data/zd/TTA_VLM/S2_Corr/train_net.py:18: FutureWarning: In the future `np.long` will be defined as the corresponding NumPy scalar.
  if not hasattr(np, "long"):
/data2/anaconda3/envs/DeCLIP_CATSeg/lib/python3.10/site-packages/torchvision/datapoints/__init__.py:12: UserWarning: The torchvision.datapoints and torchvision.transforms.v2 namespaces are still Beta. While we do not expect major breaking changes, some APIs may still change according to user feedback. Please submit any feedback you may have in this issue: https://github.com/pytorch/vision/issues/6753, and you can also check out https://github.com/pytorch/vision/issues/7319 to learn more about the APIs that we suspect might involve future changes. You can silence this warning by calling torchvision.disable_beta_transforms_warning().
  warnings.warn(_BETA_TRANSFORMS_WARNING)
/data2/anaconda3/envs/DeCLIP_CATSeg/lib/python3.10/site-packages/torchvision/transforms/v2/__init__.py:54: UserWarning: The torchvision.datapoints and torchvision.transforms.v2 namespaces are still Beta. While we do not expect major breaking changes, some APIs may still change according to user feedback. Please submit any feedback you may have in this issue: https://github.com/pytorch/vision/issues/6753, and you can also check out https://github.com/pytorch/vision/issues/7319 to learn more about the APIs that we suspect might involve future changes. You can silence this warning by calling torchvision.disable_beta_transforms_warning().
  warnings.warn(_BETA_TRANSFORMS_WARNING)
Please 'pip install apex'
Command Line Args: Namespace(config_file='configs/gta5_seen7_catseg_vitl.yaml', resume=False, eval_only=True, num_gpus=1, num_machines=1, machine_rank=0, dist_url='auto', opts=['OUTPUT_DIR', 'outputs/gta_seen7_eva_L14_r448//eval', 'MODEL.SEM_SEG_HEAD.TEST_CLASS_JSON', 'datasets/inpaint41_vocab.json', 'MODEL.SEM_SEG_HEAD.ENABLE_HIGH_RES', 'False', 'DATASETS.TEST', '("acdc_inpaint41_test",)', 'TEST.SLIDING_WINDOW', 'True', 'MODEL.SEM_SEG_HEAD.POOLING_SIZES', '[1,1]', 'MODEL.WEIGHTS', 'outputs/gta_seen7_eva_L14_r448//model_0019999.pth'])
[12/10 06:10:02 detectron2]: Rank of current process: 0. World size: 1
[12/10 06:10:03 detectron2]: Environment info:
----------------------  ------------------------------------------------------------------------------------------
sys.platform            linux
Python                  3.10.0 (default, Mar  3 2022, 09:58:08) [GCC 7.5.0]
numpy                   1.26.4
detectron2              0.6 @/data2/anaconda3/envs/DeCLIP_CATSeg/lib/python3.10/site-packages/detectron2
Compiler                GCC 7.5
CUDA compiler           CUDA 11.6
detectron2 arch flags   8.0
DETECTRON2_ENV_MODULE   <not set>
PyTorch                 2.0.0+cu117 @/data2/anaconda3/envs/DeCLIP_CATSeg/lib/python3.10/site-packages/torch
PyTorch debug build     False
GPU available           Yes
GPU 0                   GeForce RTX 3090 (arch=8.6)
Driver version          460.84
CUDA_HOME               /usr/local/cuda-11.6
TORCH_CUDA_ARCH_LIST    8.0
Pillow                  9.1.0
torchvision             0.15.1+cu117 @/data2/anaconda3/envs/DeCLIP_CATSeg/lib/python3.10/site-packages/torchvision
torchvision arch flags  3.5, 5.0, 6.0, 7.0, 7.5, 8.0, 8.6
fvcore                  0.1.5.post20221221
iopath                  0.1.9
cv2                     4.11.0
----------------------  ------------------------------------------------------------------------------------------
PyTorch built with:
  - GCC 9.3
  - C++ Version: 201703
  - Intel(R) oneAPI Math Kernel Library Version 2022.2-Product Build 20220804 for Intel(R) 64 architecture applications
  - Intel(R) MKL-DNN v2.7.3 (Git Hash 6dbeffbae1f23cbbeae17adb7b5b13f1f37c080e)
  - OpenMP 201511 (a.k.a. OpenMP 4.5)
  - LAPACK is enabled (usually provided by MKL)
  - NNPACK is enabled
  - CPU capability usage: AVX2
  - CUDA Runtime 11.7
  - NVCC architecture flags: -gencode;arch=compute_37,code=sm_37;-gencode;arch=compute_50,code=sm_50;-gencode;arch=compute_60,code=sm_60;-gencode;arch=compute_70,code=sm_70;-gencode;arch=compute_75,code=sm_75;-gencode;arch=compute_80,code=sm_80;-gencode;arch=compute_86,code=sm_86
  - CuDNN 8.5
  - Magma 2.6.1
  - Build settings: BLAS_INFO=mkl, BUILD_TYPE=Release, CUDA_VERSION=11.7, CUDNN_VERSION=8.5.0, CXX_COMPILER=/opt/rh/devtoolset-9/root/usr/bin/c++, CXX_FLAGS= -D_GLIBCXX_USE_CXX11_ABI=0 -fabi-version=11 -Wno-deprecated -fvisibility-inlines-hidden -DUSE_PTHREADPOOL -DNDEBUG -DUSE_KINETO -DLIBKINETO_NOROCTRACER -DUSE_FBGEMM -DUSE_QNNPACK -DUSE_PYTORCH_QNNPACK -DUSE_XNNPACK -DSYMBOLICATE_MOBILE_DEBUG_HANDLE -O2 -fPIC -Wall -Wextra -Werror=return-type -Werror=non-virtual-dtor -Werror=bool-operation -Wnarrowing -Wno-missing-field-initializers -Wno-type-limits -Wno-array-bounds -Wno-unknown-pragmas -Wunused-local-typedefs -Wno-unused-parameter -Wno-unused-function -Wno-unused-result -Wno-strict-overflow -Wno-strict-aliasing -Wno-error=deprecated-declarations -Wno-stringop-overflow -Wno-psabi -Wno-error=pedantic -Wno-error=redundant-decls -Wno-error=old-style-cast -fdiagnostics-color=always -faligned-new -Wno-unused-but-set-variable -Wno-maybe-uninitialized -fno-math-errno -fno-trapping-math -Werror=format -Werror=cast-function-type -Wno-stringop-overflow, LAPACK_INFO=mkl, PERF_WITH_AVX=1, PERF_WITH_AVX2=1, PERF_WITH_AVX512=1, TORCH_DISABLE_GPU_ASSERTS=ON, TORCH_VERSION=2.0.0, USE_CUDA=ON, USE_CUDNN=ON, USE_EXCEPTION_PTR=1, USE_GFLAGS=OFF, USE_GLOG=OFF, USE_MKL=ON, USE_MKLDNN=ON, USE_MPI=OFF, USE_NCCL=1, USE_NNPACK=ON, USE_OPENMP=ON, USE_ROCM=OFF, 

[12/10 06:10:03 detectron2]: Command line arguments: Namespace(config_file='configs/gta5_seen7_catseg_vitl.yaml', resume=False, eval_only=True, num_gpus=1, num_machines=1, machine_rank=0, dist_url='auto', opts=['OUTPUT_DIR', 'outputs/gta_seen7_eva_L14_r448//eval', 'MODEL.SEM_SEG_HEAD.TEST_CLASS_JSON', 'datasets/inpaint41_vocab.json', 'MODEL.SEM_SEG_HEAD.ENABLE_HIGH_RES', 'False', 'DATASETS.TEST', '("acdc_inpaint41_test",)', 'TEST.SLIDING_WINDOW', 'True', 'MODEL.SEM_SEG_HEAD.POOLING_SIZES', '[1,1]', 'MODEL.WEIGHTS', 'outputs/gta_seen7_eva_L14_r448//model_0019999.pth'])
[12/10 06:10:03 detectron2]: Contents of args.config_file=configs/gta5_seen7_catseg_vitl.yaml:
_BASE_: config.yaml
DATASETS:
  TRAIN: ("gta5_seen7_train_seg",)
  TEST:  ("acdc_inpaint41_test",)
MODEL:
  META_ARCHITECTURE: "CATSeg"
  PIXEL_MEAN: [123.675, 116.280, 103.530]
  PIXEL_STD: [58.395, 57.120, 57.375]
  SEM_SEG_HEAD:
    NAME: "CATSegHead"
    IN_FEATURES: ["res2", "res3", "res4"]
    IGNORE_VALUE: 255
    NUM_CLASSES: 19
    TRAIN_CLASS_JSON: "datasets/cityscapes_seen_7.json"
    TEST_CLASS_JSON:  "datasets/inpaint41_vocab.json"
    CLIP_PRETRAINED: "EVA02-CLIP-L-14-336"
    PROMPT_DEPTH: 0
    PROMPT_LENGTH: 0
    TEXT_GUIDANCE_DIM: 768
    TEXT_GUIDANCE_PROJ_DIM: 128
    APPEARANCE_GUIDANCE_DIM: 768
    APPEARANCE_GUIDANCE_PROJ_DIM: 128
    DECODER_DIMS: [64, 32]
    DECODER_GUIDANCE_DIMS: [256, 128]
    DECODER_GUIDANCE_PROJ_DIMS: [32, 16]
    NUM_LAYERS: 1
    NUM_HEADS: 4
    HIDDEN_DIMS: 128
    POOLING_SIZES: [ 1, 1 ]
    FEATURE_RESOLUTION: [32, 32]
    WINDOW_SIZES: 16
    ATTENTION_TYPE: "linear"
    CLIP_FINETUNE: "attention"
    CACHE_DIR: "/data/zd/TTA_VLM/pretrain/EVA02_CLIP_L_336_psz14_s6B.pt"
  PROMPT_ENSEMBLE_TYPE: "multi_domain"
INPUT:
  MIN_SIZE_TRAIN: (448, 640)
  MIN_SIZE_TRAIN_SAMPLING: "choice"
  MAX_SIZE_TRAIN: 1344
  MIN_SIZE_TEST: 448
  MAX_SIZE_TEST: 1008
  CROP:
    ENABLED: True
    TYPE: "absolute"
    SIZE: (448, 448)
  SIZE_DIVISIBILITY: 14
  FORMAT: "RGB"
  DATASET_MAPPER_NAME: "mask_former_semantic"
SOLVER:
  IMS_PER_BATCH: 3
  LR_SCHEDULER_NAME: "WarmupCosineLR"
  BASE_LR: 0.0002
  MAX_ITER: 20000
  BACKBONE_MULTIPLIER: 0.0
  CLIP_MULTIPLIER: 0.01
TEST:
  EVAL_PERIOD: 10000
  SLIDING_WINDOW: True
  SW_KERNEL: 448
  SW_OVERLAP: 0.333
  SW_OUT_RES: [448, 896]
  
[12/10 06:10:03 detectron2]: Running with full config:
CUDNN_BENCHMARK: true
DATALOADER:
  ASPECT_RATIO_GROUPING: true
  FILTER_EMPTY_ANNOTATIONS: true
  NUM_WORKERS: 8
  REPEAT_THRESHOLD: 0.0
  SAMPLER_TRAIN: TrainingSampler
DATASETS:
  PRECOMPUTED_PROPOSAL_TOPK_TEST: 1000
  PRECOMPUTED_PROPOSAL_TOPK_TRAIN: 2000
  PROPOSAL_FILES_TEST: []
  PROPOSAL_FILES_TRAIN: []
  TEST:
  - acdc_inpaint41_test
  TRAIN:
  - gta5_seen7_train_seg
  VAL_ALL:
  - coco_2017_val_all_stuff_sem_seg
DDP:
  BROADCAST_BUFFERS: false
  FIND_UNUSED_PARAMETERS: true
GLOBAL:
  HACK: 1.0
INPUT:
  COLOR_AUG_SSD: true
  CROP:
    ENABLED: true
    SINGLE_CATEGORY_MAX_AREA: 1.0
    SIZE:
    - 448
    - 448
    TYPE: absolute
  DATASET_MAPPER_NAME: mask_former_semantic
  FORMAT: RGB
  MASK_FORMAT: polygon
  MAX_SIZE_TEST: 1008
  MAX_SIZE_TRAIN: 1344
  MIN_SIZE_TEST: 448
  MIN_SIZE_TRAIN:
  - 448
  - 640
  MIN_SIZE_TRAIN_SAMPLING: choice
  RANDOM_FLIP: horizontal
  SIZE_DIVISIBILITY: 14
MODEL:
  ANCHOR_GENERATOR:
    ANGLES:
    - - -90
      - 0
      - 90
    ASPECT_RATIOS:
    - - 0.5
      - 1.0
      - 2.0
    NAME: DefaultAnchorGenerator
    OFFSET: 0.0
    SIZES:
    - - 32
      - 64
      - 128
      - 256
      - 512
  BACKBONE:
    FREEZE_AT: 2
    NAME: build_resnet_backbone
  CLIP_PIXEL_MEAN:
  - 122.7709383
  - 116.7460125
  - 104.09373615
  CLIP_PIXEL_STD:
  - 68.5005327
  - 66.6321579
  - 70.323163
  DEVICE: cuda
  FPN:
    FUSE_TYPE: sum
    IN_FEATURES: []
    NORM: ''
    OUT_CHANNELS: 256
  KEYPOINT_ON: false
  LOAD_PROPOSALS: false
  MASK_FORMER:
    SIZE_DIVISIBILITY: 32
  MASK_ON: false
  META_ARCHITECTURE: CATSeg
  PANOPTIC_FPN:
    COMBINE:
      ENABLED: true
      INSTANCES_CONFIDENCE_THRESH: 0.5
      OVERLAP_THRESH: 0.5
      STUFF_AREA_LIMIT: 4096
    INSTANCE_LOSS_WEIGHT: 1.0
  PIXEL_MEAN:
  - 123.675
  - 116.28
  - 103.53
  PIXEL_STD:
  - 58.395
  - 57.12
  - 57.375
  PROMPT_ENSEMBLE: false
  PROMPT_ENSEMBLE_TYPE: multi_domain
  PROPOSAL_GENERATOR:
    MIN_SIZE: 0
    NAME: RPN
  RESNETS:
    DEFORM_MODULATED: false
    DEFORM_NUM_GROUPS: 1
    DEFORM_ON_PER_STAGE:
    - false
    - false
    - false
    - false
    DEPTH: 50
    NORM: FrozenBN
    NUM_GROUPS: 1
    OUT_FEATURES:
    - res4
    RES2_OUT_CHANNELS: 256
    RES4_DILATION: 1
    RES5_DILATION: 1
    RES5_MULTI_GRID:
    - 1
    - 2
    - 4
    STEM_OUT_CHANNELS: 64
    STEM_TYPE: deeplab
    STRIDE_IN_1X1: true
    WIDTH_PER_GROUP: 64
  RETINANET:
    BBOX_REG_LOSS_TYPE: smooth_l1
    BBOX_REG_WEIGHTS: &id002
    - 1.0
    - 1.0
    - 1.0
    - 1.0
    FOCAL_LOSS_ALPHA: 0.25
    FOCAL_LOSS_GAMMA: 2.0
    IN_FEATURES:
    - p3
    - p4
    - p5
    - p6
    - p7
    IOU_LABELS:
    - 0
    - -1
    - 1
    IOU_THRESHOLDS:
    - 0.4
    - 0.5
    NMS_THRESH_TEST: 0.5
    NORM: ''
    NUM_CLASSES: 80
    NUM_CONVS: 4
    PRIOR_PROB: 0.01
    SCORE_THRESH_TEST: 0.05
    SMOOTH_L1_LOSS_BETA: 0.1
    TOPK_CANDIDATES_TEST: 1000
  ROI_BOX_CASCADE_HEAD:
    BBOX_REG_WEIGHTS:
    - &id001
      - 10.0
      - 10.0
      - 5.0
      - 5.0
    - - 20.0
      - 20.0
      - 10.0
      - 10.0
    - - 30.0
      - 30.0
      - 15.0
      - 15.0
    IOUS:
    - 0.5
    - 0.6
    - 0.7
  ROI_BOX_HEAD:
    BBOX_REG_LOSS_TYPE: smooth_l1
    BBOX_REG_LOSS_WEIGHT: 1.0
    BBOX_REG_WEIGHTS: *id001
    CLS_AGNOSTIC_BBOX_REG: false
    CONV_DIM: 256
    FC_DIM: 1024
    NAME: ''
    NORM: ''
    NUM_CONV: 0
    NUM_FC: 0
    POOLER_RESOLUTION: 14
    POOLER_SAMPLING_RATIO: 0
    POOLER_TYPE: ROIAlignV2
    SMOOTH_L1_BETA: 0.0
    TRAIN_ON_PRED_BOXES: false
  ROI_HEADS:
    BATCH_SIZE_PER_IMAGE: 512
    IN_FEATURES:
    - res4
    IOU_LABELS:
    - 0
    - 1
    IOU_THRESHOLDS:
    - 0.5
    NAME: Res5ROIHeads
    NMS_THRESH_TEST: 0.5
    NUM_CLASSES: 80
    POSITIVE_FRACTION: 0.25
    PROPOSAL_APPEND_GT: true
    SCORE_THRESH_TEST: 0.05
  ROI_KEYPOINT_HEAD:
    CONV_DIMS:
    - 512
    - 512
    - 512
    - 512
    - 512
    - 512
    - 512
    - 512
    LOSS_WEIGHT: 1.0
    MIN_KEYPOINTS_PER_IMAGE: 1
    NAME: KRCNNConvDeconvUpsampleHead
    NORMALIZE_LOSS_BY_VISIBLE_KEYPOINTS: true
    NUM_KEYPOINTS: 17
    POOLER_RESOLUTION: 14
    POOLER_SAMPLING_RATIO: 0
    POOLER_TYPE: ROIAlignV2
  ROI_MASK_HEAD:
    CLS_AGNOSTIC_MASK: false
    CONV_DIM: 256
    NAME: MaskRCNNConvUpsampleHead
    NORM: ''
    NUM_CONV: 0
    POOLER_RESOLUTION: 14
    POOLER_SAMPLING_RATIO: 0
    POOLER_TYPE: ROIAlignV2
  RPN:
    BATCH_SIZE_PER_IMAGE: 256
    BBOX_REG_LOSS_TYPE: smooth_l1
    BBOX_REG_LOSS_WEIGHT: 1.0
    BBOX_REG_WEIGHTS: *id002
    BOUNDARY_THRESH: -1
    CONV_DIMS:
    - -1
    HEAD_NAME: StandardRPNHead
    IN_FEATURES:
    - res4
    IOU_LABELS:
    - 0
    - -1
    - 1
    IOU_THRESHOLDS:
    - 0.3
    - 0.7
    LOSS_WEIGHT: 1.0
    NMS_THRESH: 0.7
    POSITIVE_FRACTION: 0.5
    POST_NMS_TOPK_TEST: 1000
    POST_NMS_TOPK_TRAIN: 2000
    PRE_NMS_TOPK_TEST: 6000
    PRE_NMS_TOPK_TRAIN: 12000
    SMOOTH_L1_BETA: 0.0
  SEM_SEG_HEAD:
    APPEARANCE_GUIDANCE_DIM: 768
    APPEARANCE_GUIDANCE_PROJ_DIM: 128
    ASPP_CHANNELS: 256
    ASPP_DILATIONS:
    - 6
    - 12
    - 18
    ASPP_DROPOUT: 0.1
    ATTENTION_TYPE: linear
    CACHE_DIR: /data/zd/TTA_VLM/pretrain/EVA02_CLIP_L_336_psz14_s6B.pt
    CLIP_FINETUNE: attention
    CLIP_PRETRAINED: EVA02-CLIP-L-14-336
    COMMON_STRIDE: 4
    CONVS_DIM: 128
    DECODER_DIMS:
    - 64
    - 32
    DECODER_GUIDANCE_DIMS:
    - 256
    - 128
    DECODER_GUIDANCE_PROJ_DIMS:
    - 32
    - 16
    ENABLE_HIGH_RES: false
    FEATURE_RESOLUTION:
    - 32
    - 32
    HIDDEN_DIMS: 128
    IGNORE_VALUE: 255
    IN_FEATURES:
    - res2
    - res3
    - res4
    LOSS_TYPE: hard_pixel_mining
    LOSS_WEIGHT: 1.0
    NAME: CATSegHead
    NORM: GN
    NUM_CLASSES: 19
    NUM_HEADS: 4
    NUM_LAYERS: 1
    POOLING_SIZES:
    - 1
    - 1
    PROJECT_CHANNELS:
    - 48
    PROJECT_FEATURES:
    - res2
    PROMPT_DEPTH: 0
    PROMPT_LENGTH: 0
    TEST_CLASS_INDEXES: datasets/coco/coco_stuff/split/unseen_indexes.json
    TEST_CLASS_JSON: datasets/inpaint41_vocab.json
    TEXT_GUIDANCE_DIM: 768
    TEXT_GUIDANCE_PROJ_DIM: 128
    TRAIN_CLASS_INDEXES: datasets/coco/coco_stuff/split/seen_indexes.json
    TRAIN_CLASS_JSON: datasets/cityscapes_seen_7.json
    USE_DEPTHWISE_SEPARABLE_CONV: false
    WINDOW_SIZES: 16
  SWIN:
    APE: false
    ATTN_DROP_RATE: 0.0
    DEPTHS:
    - 2
    - 2
    - 6
    - 2
    DROP_PATH_RATE: 0.3
    DROP_RATE: 0.0
    EMBED_DIM: 96
    MLP_RATIO: 4.0
    NUM_HEADS:
    - 3
    - 6
    - 12
    - 24
    OUT_FEATURES:
    - res2
    - res3
    - res4
    - res5
    PATCH_NORM: true
    PATCH_SIZE: 4
    PRETRAIN_IMG_SIZE: 224
    QKV_BIAS: true
    QK_SCALE: null
    WINDOW_SIZE: 7
  WEIGHTS: outputs/gta_seen7_eva_L14_r448//model_0019999.pth
OUTPUT_DIR: outputs/gta_seen7_eva_L14_r448//eval
SEED: -1
SOLVER:
  AMP:
    ENABLED: false
  BACKBONE_MULTIPLIER: 0.0
  BASE_LR: 0.0002
  BIAS_LR_FACTOR: 1.0
  CHECKPOINT_PERIOD: 5000
  CLIP_GRADIENTS:
    CLIP_TYPE: full_model
    CLIP_VALUE: 0.01
    ENABLED: true
    NORM_TYPE: 2.0
  CLIP_MULTIPLIER: 0.01
  GAMMA: 0.1
  IMS_PER_BATCH: 3
  LR_SCHEDULER_NAME: WarmupCosineLR
  MAX_ITER: 20000
  MOMENTUM: 0.9
  NESTEROV: false
  OPTIMIZER: ADAMW
  POLY_LR_CONSTANT_ENDING: 0.0
  POLY_LR_POWER: 0.9
  REFERENCE_WORLD_SIZE: 0
  STEPS:
  - 30000
  WARMUP_FACTOR: 1.0
  WARMUP_ITERS: 0
  WARMUP_METHOD: linear
  WEIGHT_DECAY: 0.0001
  WEIGHT_DECAY_BIAS: null
  WEIGHT_DECAY_EMBED: 0.0
  WEIGHT_DECAY_NORM: 0.0
TEST:
  AUG:
    ENABLED: false
    FLIP: true
    MAX_SIZE: 4000
    MIN_SIZES:
    - 400
    - 500
    - 600
    - 700
    - 800
    - 900
    - 1000
    - 1100
    - 1200
  DETECTIONS_PER_IMAGE: 100
  EVAL_PERIOD: 10000
  EXPECTED_RESULTS: []
  KEYPOINT_OKS_SIGMAS: []
  PRECISE_BN:
    ENABLED: false
    NUM_ITER: 200
  SLIDING_WINDOW: true
  SW_KERNEL: 448
  SW_OUT_RES:
  - 448
  - 896
  SW_OVERLAP: 0.333
VERSION: 2
VIS_PERIOD: 0

[12/10 06:10:03 detectron2]: Full config saved to outputs/gta_seen7_eva_L14_r448//eval/config.yaml
[12/10 06:10:03 d2.utils.env]: Using a generated random seed 3571098
Freeze text encoder parameters
[12/10 06:10:12 d2.engine.defaults]: Model:
CATSeg(
  (sem_seg_head): CATSegHead(
    (predictor): CATSegPredictor(
      (clip_model): CustomCLIP(
        (visual): EVAVisionTransformer(
          (patch_embed): PatchEmbed(
            (proj): Conv2d(3, 1024, kernel_size=(14, 14), stride=(14, 14))
          )
          (pos_drop): Dropout(p=0.0, inplace=False)
          (rope): VisionRotaryEmbeddingFast()
          (blocks): ModuleList(
            (0-23): 24 x Block(
              (norm1): LayerNorm((1024,), eps=1e-06, elementwise_affine=True)
              (attn): Attention(
                (q_proj): Linear(in_features=1024, out_features=1024, bias=False)
                (k_proj): Linear(in_features=1024, out_features=1024, bias=False)
                (v_proj): Linear(in_features=1024, out_features=1024, bias=False)
                (attn_drop): Dropout(p=0.0, inplace=False)
                (inner_attn_ln): LayerNorm((1024,), eps=1e-06, elementwise_affine=True)
                (proj): Linear(in_features=1024, out_features=1024, bias=True)
                (proj_drop): Dropout(p=0.0, inplace=False)
                (rope): VisionRotaryEmbeddingFast()
              )
              (drop_path): Identity()
              (norm2): LayerNorm((1024,), eps=1e-06, elementwise_affine=True)
              (mlp): SwiGLU(
                (w1): Linear(in_features=1024, out_features=2730, bias=True)
                (w2): Linear(in_features=1024, out_features=2730, bias=True)
                (act): SiLU()
                (ffn_ln): LayerNorm((2730,), eps=1e-06, elementwise_affine=True)
                (w3): Linear(in_features=2730, out_features=1024, bias=True)
                (drop): Dropout(p=0.0, inplace=False)
              )
            )
          )
          (norm): LayerNorm((1024,), eps=1e-06, elementwise_affine=True)
          (head): Linear(in_features=1024, out_features=768, bias=True)
          (patch_dropout): Identity()
        )
        (text): TextTransformer(
          (token_embedding): Embedding(49408, 768)
          (transformer): Transformer(
            (resblocks): ModuleList(
              (0-11): 12 x ResidualAttentionBlock(
                (ln_1): LayerNorm((768,), eps=1e-05, elementwise_affine=True)
                (attn): MultiheadAttention(
                  (out_proj): NonDynamicallyQuantizableLinear(in_features=768, out_features=768, bias=True)
                )
                (ls_1): Identity()
                (ln_2): LayerNorm((768,), eps=1e-05, elementwise_affine=True)
                (mlp): Sequential(
                  (c_fc): Linear(in_features=768, out_features=3072, bias=True)
                  (gelu): GELU(approximate='none')
                  (c_proj): Linear(in_features=3072, out_features=768, bias=True)
                )
                (ls_2): Identity()
              )
            )
          )
          (ln_final): LayerNorm((768,), eps=1e-05, elementwise_affine=True)
        )
      )
      (transformer): AggregatorMambaLite(
        (layers): ModuleList(
          (0): Sequential(
            (0): AxialMambaBlockLite_v2(
              (film): FiLM2D(
                (pool): AdaptiveAvgPool2d(output_size=1)
                (fc): Conv2d(128, 256, kernel_size=(1, 1), stride=(1, 1))
              )
              (pre_mix): Sequential(
                (0): Conv2d(128, 128, kernel_size=(3, 3), stride=(1, 1), padding=(1, 1), groups=128)
                (1): Conv2d(128, 128, kernel_size=(1, 1), stride=(1, 1))
                (2): GELU(approximate='none')
              )
              (seq_row): Mamba1DWithDecayPrior(
                (out_norm): LayerNorm((128,), eps=1e-05, elementwise_affine=True)
                (gate): Sequential(
                  (0): Linear(in_features=128, out_features=128, bias=True)
                  (1): SiLU()
                )
                (proj_in): Linear(in_features=128, out_features=384, bias=True)
                (drop): Dropout(p=0.0, inplace=False)
              )
              (post_proj): Conv2d(128, 128, kernel_size=(1, 1), stride=(1, 1))
              (norm_tok): LayerNorm((128,), eps=1e-05, elementwise_affine=True)
              (ffn): Sequential(
                (0): Linear(in_features=128, out_features=384, bias=True)
                (1): GELU(approximate='none')
                (2): Linear(in_features=384, out_features=128, bias=True)
              )
              (down): Identity()
            )
            (1): ClassMambaLayerLite(
              (pool): AvgPool2d(kernel_size=[1, 1], stride=[1, 1], padding=0)
              (guid_proj): Linear(in_features=128, out_features=256, bias=True)
              (seq_block): _Mamba1DAdapterLite(
                (blocks): ModuleList(
                  (0): PseudoMamba1D(
                    (gate): Sequential(
                      (0): Linear(in_features=128, out_features=128, bias=True)
                      (1): SiLU()
                    )
                    (proj_in): Linear(in_features=128, out_features=384, bias=True)
                    (out_norm): LayerNorm((128,), eps=1e-05, elementwise_affine=True)
                    (drop): Dropout(p=0.0, inplace=False)
                  )
                )
                (norm): LayerNorm((128,), eps=1e-05, elementwise_affine=True)
              )
              (norm1): LayerNorm((128,), eps=1e-05, elementwise_affine=True)
              (norm2): LayerNorm((128,), eps=1e-05, elementwise_affine=True)
              (ffn): Sequential(
                (0): Linear(in_features=128, out_features=384, bias=True)
                (1): GELU(approximate='none')
                (2): Linear(in_features=384, out_features=128, bias=True)
              )
            )
          )
        )
        (conv1): Conv2d(1, 128, kernel_size=(7, 7), stride=(1, 1), padding=(3, 3))
        (guidance_projection): Sequential(
          (0): Conv2d(768, 128, kernel_size=(3, 3), stride=(1, 1), padding=(1, 1))
          (1): ReLU()
        )
        (text_guidance_projection): Sequential(
          (0): Linear(in_features=768, out_features=128, bias=True)
          (1): ReLU()
        )
        (decoder_guidance_projection): ModuleList(
          (0): Sequential(
            (0): Conv2d(256, 32, kernel_size=(3, 3), stride=(1, 1), padding=(1, 1))
            (1): ReLU()
          )
          (1): Sequential(
            (0): Conv2d(128, 16, kernel_size=(3, 3), stride=(1, 1), padding=(1, 1))
            (1): ReLU()
          )
        )
        (decoder1): UpLite(
          (up): ConvTranspose2d(128, 96, kernel_size=(2, 2), stride=(2, 2))
          (conv): Sequential(
            (0): Conv2d(128, 64, kernel_size=(3, 3), stride=(1, 1), padding=(1, 1), bias=False)
            (1): GroupNorm(4, 64, eps=1e-05, affine=True)
            (2): ReLU()
          )
        )
        (decoder2): UpLite(
          (up): ConvTranspose2d(64, 48, kernel_size=(2, 2), stride=(2, 2))
          (conv): Sequential(
            (0): Conv2d(64, 32, kernel_size=(3, 3), stride=(1, 1), padding=(1, 1), bias=False)
            (1): GroupNorm(2, 32, eps=1e-05, affine=True)
            (2): ReLU()
          )
        )
        (head): Conv2d(32, 1, kernel_size=(3, 3), stride=(1, 1), padding=(1, 1))
      )
    )
  )
  (upsample1): ConvTranspose2d(1024, 256, kernel_size=(2, 2), stride=(2, 2))
  (upsample2): ConvTranspose2d(1024, 128, kernel_size=(4, 4), stride=(4, 4))
)
[12/10 06:10:12 fvcore.common.checkpoint]: [Checkpointer] Loading from outputs/gta_seen7_eva_L14_r448//model_0019999.pth ...
[12/10 06:10:14 d2.data.dataset_mapper]: [DatasetMapper] Augmentations used in inference: [ResizeShortestEdge(short_edge_length=(448, 448), max_size=1008, sample_style='choice')]
[12/10 06:10:14 d2.data.common]: Serializing 998 elements to byte tensors and concatenating them all ...
[12/10 06:10:14 d2.data.common]: Serialized dataset takes 0.27 MiB
[12/10 06:10:14 d2.evaluation.evaluator]: Start inference on 998 batches
Add a new rope freq of shape: torch.Size([1024, 64])
[12/10 06:10:19 d2.evaluation.evaluator]: Inference done 11/998. Dataloading: 0.0017 s/iter. Inference: 0.1581 s/iter. Eval: 0.1428 s/iter. Total: 0.3026 s/iter. ETA=0:04:58
[12/10 06:10:24 d2.evaluation.evaluator]: Inference done 27/998. Dataloading: 0.0016 s/iter. Inference: 0.1580 s/iter. Eval: 0.1554 s/iter. Total: 0.3150 s/iter. ETA=0:05:05
[12/10 06:10:29 d2.evaluation.evaluator]: Inference done 43/998. Dataloading: 0.0017 s/iter. Inference: 0.1577 s/iter. Eval: 0.1551 s/iter. Total: 0.3146 s/iter. ETA=0:05:00
[12/10 06:10:34 d2.evaluation.evaluator]: Inference done 59/998. Dataloading: 0.0017 s/iter. Inference: 0.1575 s/iter. Eval: 0.1578 s/iter. Total: 0.3171 s/iter. ETA=0:04:57
[12/10 06:10:39 d2.evaluation.evaluator]: Inference done 75/998. Dataloading: 0.0017 s/iter. Inference: 0.1575 s/iter. Eval: 0.1576 s/iter. Total: 0.3169 s/iter. ETA=0:04:52
[12/10 06:10:44 d2.evaluation.evaluator]: Inference done 92/998. Dataloading: 0.0018 s/iter. Inference: 0.1575 s/iter. Eval: 0.1560 s/iter. Total: 0.3153 s/iter. ETA=0:04:45
[12/10 06:10:49 d2.evaluation.evaluator]: Inference done 108/998. Dataloading: 0.0018 s/iter. Inference: 0.1574 s/iter. Eval: 0.1558 s/iter. Total: 0.3150 s/iter. ETA=0:04:40
[12/10 06:10:54 d2.evaluation.evaluator]: Inference done 124/998. Dataloading: 0.0018 s/iter. Inference: 0.1574 s/iter. Eval: 0.1557 s/iter. Total: 0.3150 s/iter. ETA=0:04:35
[12/10 06:10:59 d2.evaluation.evaluator]: Inference done 140/998. Dataloading: 0.0018 s/iter. Inference: 0.1573 s/iter. Eval: 0.1556 s/iter. Total: 0.3148 s/iter. ETA=0:04:30
[12/10 06:11:05 d2.evaluation.evaluator]: Inference done 157/998. Dataloading: 0.0018 s/iter. Inference: 0.1573 s/iter. Eval: 0.1552 s/iter. Total: 0.3144 s/iter. ETA=0:04:24
[12/10 06:11:10 d2.evaluation.evaluator]: Inference done 174/998. Dataloading: 0.0018 s/iter. Inference: 0.1573 s/iter. Eval: 0.1547 s/iter. Total: 0.3139 s/iter. ETA=0:04:18
[12/10 06:11:15 d2.evaluation.evaluator]: Inference done 190/998. Dataloading: 0.0018 s/iter. Inference: 0.1574 s/iter. Eval: 0.1546 s/iter. Total: 0.3139 s/iter. ETA=0:04:13
[12/10 06:11:20 d2.evaluation.evaluator]: Inference done 206/998. Dataloading: 0.0018 s/iter. Inference: 0.1574 s/iter. Eval: 0.1548 s/iter. Total: 0.3141 s/iter. ETA=0:04:08
[12/10 06:11:25 d2.evaluation.evaluator]: Inference done 223/998. Dataloading: 0.0018 s/iter. Inference: 0.1574 s/iter. Eval: 0.1537 s/iter. Total: 0.3129 s/iter. ETA=0:04:02
[12/10 06:11:30 d2.evaluation.evaluator]: Inference done 240/998. Dataloading: 0.0018 s/iter. Inference: 0.1574 s/iter. Eval: 0.1533 s/iter. Total: 0.3126 s/iter. ETA=0:03:56
[12/10 06:11:35 d2.evaluation.evaluator]: Inference done 256/998. Dataloading: 0.0018 s/iter. Inference: 0.1574 s/iter. Eval: 0.1533 s/iter. Total: 0.3126 s/iter. ETA=0:03:51
[12/10 06:11:41 d2.evaluation.evaluator]: Inference done 273/998. Dataloading: 0.0018 s/iter. Inference: 0.1574 s/iter. Eval: 0.1533 s/iter. Total: 0.3125 s/iter. ETA=0:03:46
[12/10 06:11:46 d2.evaluation.evaluator]: Inference done 290/998. Dataloading: 0.0018 s/iter. Inference: 0.1574 s/iter. Eval: 0.1530 s/iter. Total: 0.3122 s/iter. ETA=0:03:41
[12/10 06:11:51 d2.evaluation.evaluator]: Inference done 307/998. Dataloading: 0.0018 s/iter. Inference: 0.1574 s/iter. Eval: 0.1528 s/iter. Total: 0.3121 s/iter. ETA=0:03:35
[12/10 06:11:57 d2.evaluation.evaluator]: Inference done 324/998. Dataloading: 0.0018 s/iter. Inference: 0.1574 s/iter. Eval: 0.1528 s/iter. Total: 0.3121 s/iter. ETA=0:03:30
[12/10 06:12:02 d2.evaluation.evaluator]: Inference done 340/998. Dataloading: 0.0018 s/iter. Inference: 0.1574 s/iter. Eval: 0.1531 s/iter. Total: 0.3124 s/iter. ETA=0:03:25
[12/10 06:12:07 d2.evaluation.evaluator]: Inference done 356/998. Dataloading: 0.0018 s/iter. Inference: 0.1574 s/iter. Eval: 0.1532 s/iter. Total: 0.3125 s/iter. ETA=0:03:20
[12/10 06:12:12 d2.evaluation.evaluator]: Inference done 372/998. Dataloading: 0.0018 s/iter. Inference: 0.1574 s/iter. Eval: 0.1533 s/iter. Total: 0.3126 s/iter. ETA=0:03:15
[12/10 06:12:17 d2.evaluation.evaluator]: Inference done 388/998. Dataloading: 0.0018 s/iter. Inference: 0.1574 s/iter. Eval: 0.1534 s/iter. Total: 0.3128 s/iter. ETA=0:03:10
[12/10 06:12:22 d2.evaluation.evaluator]: Inference done 404/998. Dataloading: 0.0018 s/iter. Inference: 0.1575 s/iter. Eval: 0.1534 s/iter. Total: 0.3127 s/iter. ETA=0:03:05
[12/10 06:12:27 d2.evaluation.evaluator]: Inference done 421/998. Dataloading: 0.0018 s/iter. Inference: 0.1575 s/iter. Eval: 0.1533 s/iter. Total: 0.3127 s/iter. ETA=0:03:00
[12/10 06:12:32 d2.evaluation.evaluator]: Inference done 437/998. Dataloading: 0.0018 s/iter. Inference: 0.1575 s/iter. Eval: 0.1535 s/iter. Total: 0.3128 s/iter. ETA=0:02:55
[12/10 06:12:37 d2.evaluation.evaluator]: Inference done 454/998. Dataloading: 0.0018 s/iter. Inference: 0.1575 s/iter. Eval: 0.1530 s/iter. Total: 0.3124 s/iter. ETA=0:02:49
[12/10 06:12:43 d2.evaluation.evaluator]: Inference done 471/998. Dataloading: 0.0018 s/iter. Inference: 0.1575 s/iter. Eval: 0.1530 s/iter. Total: 0.3124 s/iter. ETA=0:02:44
[12/10 06:12:48 d2.evaluation.evaluator]: Inference done 488/998. Dataloading: 0.0018 s/iter. Inference: 0.1575 s/iter. Eval: 0.1528 s/iter. Total: 0.3122 s/iter. ETA=0:02:39
[12/10 06:12:53 d2.evaluation.evaluator]: Inference done 505/998. Dataloading: 0.0018 s/iter. Inference: 0.1575 s/iter. Eval: 0.1524 s/iter. Total: 0.3118 s/iter. ETA=0:02:33
[12/10 06:12:58 d2.evaluation.evaluator]: Inference done 522/998. Dataloading: 0.0018 s/iter. Inference: 0.1575 s/iter. Eval: 0.1518 s/iter. Total: 0.3113 s/iter. ETA=0:02:28
[12/10 06:13:03 d2.evaluation.evaluator]: Inference done 539/998. Dataloading: 0.0018 s/iter. Inference: 0.1575 s/iter. Eval: 0.1515 s/iter. Total: 0.3109 s/iter. ETA=0:02:22
[12/10 06:13:08 d2.evaluation.evaluator]: Inference done 556/998. Dataloading: 0.0018 s/iter. Inference: 0.1575 s/iter. Eval: 0.1513 s/iter. Total: 0.3108 s/iter. ETA=0:02:17
[12/10 06:13:13 d2.evaluation.evaluator]: Inference done 573/998. Dataloading: 0.0018 s/iter. Inference: 0.1575 s/iter. Eval: 0.1510 s/iter. Total: 0.3105 s/iter. ETA=0:02:11
[12/10 06:13:18 d2.evaluation.evaluator]: Inference done 590/998. Dataloading: 0.0018 s/iter. Inference: 0.1575 s/iter. Eval: 0.1508 s/iter. Total: 0.3102 s/iter. ETA=0:02:06
[12/10 06:13:24 d2.evaluation.evaluator]: Inference done 607/998. Dataloading: 0.0018 s/iter. Inference: 0.1575 s/iter. Eval: 0.1507 s/iter. Total: 0.3101 s/iter. ETA=0:02:01
[12/10 06:13:29 d2.evaluation.evaluator]: Inference done 623/998. Dataloading: 0.0018 s/iter. Inference: 0.1576 s/iter. Eval: 0.1507 s/iter. Total: 0.3102 s/iter. ETA=0:01:56
[12/10 06:13:34 d2.evaluation.evaluator]: Inference done 640/998. Dataloading: 0.0018 s/iter. Inference: 0.1576 s/iter. Eval: 0.1507 s/iter. Total: 0.3102 s/iter. ETA=0:01:51
[12/10 06:13:39 d2.evaluation.evaluator]: Inference done 657/998. Dataloading: 0.0018 s/iter. Inference: 0.1576 s/iter. Eval: 0.1506 s/iter. Total: 0.3101 s/iter. ETA=0:01:45
[12/10 06:13:44 d2.evaluation.evaluator]: Inference done 674/998. Dataloading: 0.0018 s/iter. Inference: 0.1576 s/iter. Eval: 0.1506 s/iter. Total: 0.3101 s/iter. ETA=0:01:40
[12/10 06:13:50 d2.evaluation.evaluator]: Inference done 691/998. Dataloading: 0.0018 s/iter. Inference: 0.1576 s/iter. Eval: 0.1506 s/iter. Total: 0.3101 s/iter. ETA=0:01:35
[12/10 06:13:55 d2.evaluation.evaluator]: Inference done 708/998. Dataloading: 0.0018 s/iter. Inference: 0.1576 s/iter. Eval: 0.1505 s/iter. Total: 0.3100 s/iter. ETA=0:01:29
[12/10 06:14:00 d2.evaluation.evaluator]: Inference done 725/998. Dataloading: 0.0018 s/iter. Inference: 0.1576 s/iter. Eval: 0.1506 s/iter. Total: 0.3101 s/iter. ETA=0:01:24
[12/10 06:14:05 d2.evaluation.evaluator]: Inference done 742/998. Dataloading: 0.0018 s/iter. Inference: 0.1576 s/iter. Eval: 0.1504 s/iter. Total: 0.3099 s/iter. ETA=0:01:19
[12/10 06:14:11 d2.evaluation.evaluator]: Inference done 759/998. Dataloading: 0.0018 s/iter. Inference: 0.1576 s/iter. Eval: 0.1503 s/iter. Total: 0.3098 s/iter. ETA=0:01:14
[12/10 06:14:16 d2.evaluation.evaluator]: Inference done 776/998. Dataloading: 0.0018 s/iter. Inference: 0.1576 s/iter. Eval: 0.1501 s/iter. Total: 0.3096 s/iter. ETA=0:01:08
[12/10 06:14:21 d2.evaluation.evaluator]: Inference done 794/998. Dataloading: 0.0018 s/iter. Inference: 0.1576 s/iter. Eval: 0.1498 s/iter. Total: 0.3093 s/iter. ETA=0:01:03
[12/10 06:14:26 d2.evaluation.evaluator]: Inference done 811/998. Dataloading: 0.0018 s/iter. Inference: 0.1576 s/iter. Eval: 0.1495 s/iter. Total: 0.3090 s/iter. ETA=0:00:57
[12/10 06:14:31 d2.evaluation.evaluator]: Inference done 828/998. Dataloading: 0.0018 s/iter. Inference: 0.1576 s/iter. Eval: 0.1495 s/iter. Total: 0.3090 s/iter. ETA=0:00:52
[12/10 06:14:36 d2.evaluation.evaluator]: Inference done 845/998. Dataloading: 0.0018 s/iter. Inference: 0.1576 s/iter. Eval: 0.1493 s/iter. Total: 0.3089 s/iter. ETA=0:00:47
[12/10 06:14:42 d2.evaluation.evaluator]: Inference done 862/998. Dataloading: 0.0018 s/iter. Inference: 0.1576 s/iter. Eval: 0.1492 s/iter. Total: 0.3087 s/iter. ETA=0:00:41
[12/10 06:14:47 d2.evaluation.evaluator]: Inference done 879/998. Dataloading: 0.0018 s/iter. Inference: 0.1576 s/iter. Eval: 0.1489 s/iter. Total: 0.3084 s/iter. ETA=0:00:36
[12/10 06:14:52 d2.evaluation.evaluator]: Inference done 896/998. Dataloading: 0.0018 s/iter. Inference: 0.1576 s/iter. Eval: 0.1487 s/iter. Total: 0.3083 s/iter. ETA=0:00:31
[12/10 06:14:57 d2.evaluation.evaluator]: Inference done 913/998. Dataloading: 0.0018 s/iter. Inference: 0.1576 s/iter. Eval: 0.1486 s/iter. Total: 0.3081 s/iter. ETA=0:00:26
[12/10 06:15:02 d2.evaluation.evaluator]: Inference done 930/998. Dataloading: 0.0018 s/iter. Inference: 0.1576 s/iter. Eval: 0.1485 s/iter. Total: 0.3080 s/iter. ETA=0:00:20
[12/10 06:15:07 d2.evaluation.evaluator]: Inference done 947/998. Dataloading: 0.0018 s/iter. Inference: 0.1576 s/iter. Eval: 0.1484 s/iter. Total: 0.3080 s/iter. ETA=0:00:15
[12/10 06:15:12 d2.evaluation.evaluator]: Inference done 964/998. Dataloading: 0.0018 s/iter. Inference: 0.1576 s/iter. Eval: 0.1483 s/iter. Total: 0.3078 s/iter. ETA=0:00:10
[12/10 06:15:17 d2.evaluation.evaluator]: Inference done 981/998. Dataloading: 0.0018 s/iter. Inference: 0.1576 s/iter. Eval: 0.1482 s/iter. Total: 0.3077 s/iter. ETA=0:00:05
[12/10 06:15:22 d2.evaluation.evaluator]: Inference done 998/998. Dataloading: 0.0018 s/iter. Inference: 0.1576 s/iter. Eval: 0.1481 s/iter. Total: 0.3076 s/iter. ETA=0:00:00
[12/10 06:15:23 d2.evaluation.evaluator]: Total inference time: 0:05:05.580859 (0.307735 s / iter per device, on 1 devices)
[12/10 06:15:23 d2.evaluation.evaluator]: Total inference pure compute time: 0:02:36 (0.157606 s / iter per device, on 1 devices)
[12/10 06:15:23 d2.evaluation.sem_seg_evaluation]: OrderedDict([('sem_seg', {'mIoU': 55.64010753442826, 'fwIoU': 75.20732689617137, 'IoU-road': 81.41774242204471, 'IoU-sidewalk': 37.040624096229536, 'IoU-building': 84.36828000061787, 'IoU-wall': 45.84498984681155, 'IoU-fence': 23.23897898123236, 'IoU-pole': 19.82658347256319, 'IoU-traffic light': 32.503955599170745, 'IoU-traffic sign': 35.10371294074997, 'IoU-vegetation': 74.37170117501044, 'IoU-terrain': 24.29864225442157, 'IoU-sky': 85.53069583833988, 'IoU-person': 46.56059824916886, 'IoU-rider': 5.226049331596002, 'IoU-car': 76.39640845092414, 'IoU-truck': 49.59734690263621, 'IoU-bus': 23.24507706616564, 'IoU-train': 0.4368051433743637, 'IoU-motorcycle': 34.10951402047838, 'IoU-bicycle': 2.156877620233833, 'IoU-bag': 62.824316378346076, 'IoU-ball': 80.43952098879402, 'IoU-barrel': 80.63628821592705, 'IoU-bench': 7.445720881450072, 'IoU-bird': 76.4371570754115, 'IoU-bottle': 89.99109357365813, 'IoU-cart': 46.89722320787286, 'IoU-cat': 81.22495529423115, 'IoU-chair': 70.03733152350048, 'IoU-cow': 65.13049223653783, 'IoU-deer': 60.73958214863164, 'IoU-dog': 72.58766575350171, 'IoU-drone': 58.209864672215794, 'IoU-elephant': 85.58403728749097, 'IoU-hat': 82.30807086614173, 'IoU-horse': 74.65272075243224, 'IoU-robot': 78.6708984013997, 'IoU-sheep': 53.58068344487539, 'IoU-table': 53.05346617089116, 'IoU-toy': 56.44765457728924, 'IoU-umbrella': 87.33634442690102, 'IoU-zebra': 75.73473762228954, 'mACC': 75.74185198499801, 'pACC': 84.23552289812811, 'ACC-road': 93.42084192878198, 'ACC-sidewalk': 41.83208109236378, 'ACC-building': 93.31355446670483, 'ACC-wall': 63.17383926633215, 'ACC-fence': 30.531012550559346, 'ACC-pole': 47.534822373291796, 'ACC-traffic light': 55.69209756818393, 'ACC-traffic sign': 57.98514892857164, 'ACC-vegetation': 82.01774563026594, 'ACC-terrain': 29.246002011386, 'ACC-sky': 90.9176820054527, 'ACC-person': 61.68801378217432, 'ACC-rider': 15.994062924474742, 'ACC-car': 86.23367365261528, 'ACC-truck': 92.30731957650282, 'ACC-bus': 92.56922013373222, 'ACC-train': 0.4978570139122974, 'ACC-motorcycle': 55.39254588636749, 'ACC-bicycle': 50.146324623367434, 'ACC-bag': 94.70358038725233, 'ACC-ball': 97.48676878707924, 'ACC-barrel': 93.73271677575936, 'ACC-bench': 85.59469844241767, 'ACC-bird': 94.07831090673803, 'ACC-bottle': 97.54642378975744, 'ACC-cart': 91.42196454528747, 'ACC-cat': 95.67723914755145, 'ACC-chair': 90.90817766070636, 'ACC-cow': 96.02105535929766, 'ACC-deer': 86.3125238465755, 'ACC-dog': 93.99076520971946, 'ACC-drone': 82.86084103876395, 'ACC-elephant': 96.31302033806641, 'ACC-hat': 94.58089604376411, 'ACC-horse': 96.77133379089453, 'ACC-robot': 94.40958991067198, 'ACC-sheep': 74.21272129636272, 'ACC-table': 62.684087794255404, 'ACC-toy': 60.77463820915801, 'ACC-umbrella': 96.23534140102657, 'ACC-zebra': 88.60539128877164})])
[12/10 06:15:23 d2.engine.defaults]: Evaluation results for acdc_inpaint41_test in csv format:
[12/10 06:15:23 d2.evaluation.testing]: copypaste: Task: sem_seg
[12/10 06:15:23 d2.evaluation.testing]: copypaste: mIoU,fwIoU,mACC,pACC
[12/10 06:15:23 d2.evaluation.testing]: copypaste: 55.6401,75.2073,75.7419,84.2355
/data/zd/TTA_VLM/S2_Corr/train_net.py:16: FutureWarning: In the future `np.bool` will be defined as the corresponding NumPy scalar.
  if not hasattr(np, _name):
/data/zd/TTA_VLM/S2_Corr/train_net.py:16: FutureWarning: In the future `np.object` will be defined as the corresponding NumPy scalar.
  if not hasattr(np, _name):
/data/zd/TTA_VLM/S2_Corr/train_net.py:18: FutureWarning: In the future `np.long` will be defined as the corresponding NumPy scalar.
  if not hasattr(np, "long"):
/data2/anaconda3/envs/DeCLIP_CATSeg/lib/python3.10/site-packages/torchvision/datapoints/__init__.py:12: UserWarning: The torchvision.datapoints and torchvision.transforms.v2 namespaces are still Beta. While we do not expect major breaking changes, some APIs may still change according to user feedback. Please submit any feedback you may have in this issue: https://github.com/pytorch/vision/issues/6753, and you can also check out https://github.com/pytorch/vision/issues/7319 to learn more about the APIs that we suspect might involve future changes. You can silence this warning by calling torchvision.disable_beta_transforms_warning().
  warnings.warn(_BETA_TRANSFORMS_WARNING)
/data2/anaconda3/envs/DeCLIP_CATSeg/lib/python3.10/site-packages/torchvision/transforms/v2/__init__.py:54: UserWarning: The torchvision.datapoints and torchvision.transforms.v2 namespaces are still Beta. While we do not expect major breaking changes, some APIs may still change according to user feedback. Please submit any feedback you may have in this issue: https://github.com/pytorch/vision/issues/6753, and you can also check out https://github.com/pytorch/vision/issues/7319 to learn more about the APIs that we suspect might involve future changes. You can silence this warning by calling torchvision.disable_beta_transforms_warning().
  warnings.warn(_BETA_TRANSFORMS_WARNING)
Please 'pip install apex'
Command Line Args: Namespace(config_file='configs/gta5_seen7_catseg_vitl.yaml', resume=False, eval_only=True, num_gpus=1, num_machines=1, machine_rank=0, dist_url='auto', opts=['OUTPUT_DIR', 'outputs/gta_seen7_eva_L14_r448//eval', 'MODEL.SEM_SEG_HEAD.TEST_CLASS_JSON', 'datasets/inpaint41_vocab.json', 'MODEL.SEM_SEG_HEAD.ENABLE_HIGH_RES', 'False', 'DATASETS.TEST', '("bdd_inpaint41_test",)', 'TEST.SLIDING_WINDOW', 'True', 'MODEL.SEM_SEG_HEAD.POOLING_SIZES', '[1,1]', 'MODEL.WEIGHTS', 'outputs/gta_seen7_eva_L14_r448//model_0019999.pth'])
[12/10 06:15:27 detectron2]: Rank of current process: 0. World size: 1
[12/10 06:15:28 detectron2]: Environment info:
----------------------  ------------------------------------------------------------------------------------------
sys.platform            linux
Python                  3.10.0 (default, Mar  3 2022, 09:58:08) [GCC 7.5.0]
numpy                   1.26.4
detectron2              0.6 @/data2/anaconda3/envs/DeCLIP_CATSeg/lib/python3.10/site-packages/detectron2
Compiler                GCC 7.5
CUDA compiler           CUDA 11.6
detectron2 arch flags   8.0
DETECTRON2_ENV_MODULE   <not set>
PyTorch                 2.0.0+cu117 @/data2/anaconda3/envs/DeCLIP_CATSeg/lib/python3.10/site-packages/torch
PyTorch debug build     False
GPU available           Yes
GPU 0                   GeForce RTX 3090 (arch=8.6)
Driver version          460.84
CUDA_HOME               /usr/local/cuda-11.6
TORCH_CUDA_ARCH_LIST    8.0
Pillow                  9.1.0
torchvision             0.15.1+cu117 @/data2/anaconda3/envs/DeCLIP_CATSeg/lib/python3.10/site-packages/torchvision
torchvision arch flags  3.5, 5.0, 6.0, 7.0, 7.5, 8.0, 8.6
fvcore                  0.1.5.post20221221
iopath                  0.1.9
cv2                     4.11.0
----------------------  ------------------------------------------------------------------------------------------
PyTorch built with:
  - GCC 9.3
  - C++ Version: 201703
  - Intel(R) oneAPI Math Kernel Library Version 2022.2-Product Build 20220804 for Intel(R) 64 architecture applications
  - Intel(R) MKL-DNN v2.7.3 (Git Hash 6dbeffbae1f23cbbeae17adb7b5b13f1f37c080e)
  - OpenMP 201511 (a.k.a. OpenMP 4.5)
  - LAPACK is enabled (usually provided by MKL)
  - NNPACK is enabled
  - CPU capability usage: AVX2
  - CUDA Runtime 11.7
  - NVCC architecture flags: -gencode;arch=compute_37,code=sm_37;-gencode;arch=compute_50,code=sm_50;-gencode;arch=compute_60,code=sm_60;-gencode;arch=compute_70,code=sm_70;-gencode;arch=compute_75,code=sm_75;-gencode;arch=compute_80,code=sm_80;-gencode;arch=compute_86,code=sm_86
  - CuDNN 8.5
  - Magma 2.6.1
  - Build settings: BLAS_INFO=mkl, BUILD_TYPE=Release, CUDA_VERSION=11.7, CUDNN_VERSION=8.5.0, CXX_COMPILER=/opt/rh/devtoolset-9/root/usr/bin/c++, CXX_FLAGS= -D_GLIBCXX_USE_CXX11_ABI=0 -fabi-version=11 -Wno-deprecated -fvisibility-inlines-hidden -DUSE_PTHREADPOOL -DNDEBUG -DUSE_KINETO -DLIBKINETO_NOROCTRACER -DUSE_FBGEMM -DUSE_QNNPACK -DUSE_PYTORCH_QNNPACK -DUSE_XNNPACK -DSYMBOLICATE_MOBILE_DEBUG_HANDLE -O2 -fPIC -Wall -Wextra -Werror=return-type -Werror=non-virtual-dtor -Werror=bool-operation -Wnarrowing -Wno-missing-field-initializers -Wno-type-limits -Wno-array-bounds -Wno-unknown-pragmas -Wunused-local-typedefs -Wno-unused-parameter -Wno-unused-function -Wno-unused-result -Wno-strict-overflow -Wno-strict-aliasing -Wno-error=deprecated-declarations -Wno-stringop-overflow -Wno-psabi -Wno-error=pedantic -Wno-error=redundant-decls -Wno-error=old-style-cast -fdiagnostics-color=always -faligned-new -Wno-unused-but-set-variable -Wno-maybe-uninitialized -fno-math-errno -fno-trapping-math -Werror=format -Werror=cast-function-type -Wno-stringop-overflow, LAPACK_INFO=mkl, PERF_WITH_AVX=1, PERF_WITH_AVX2=1, PERF_WITH_AVX512=1, TORCH_DISABLE_GPU_ASSERTS=ON, TORCH_VERSION=2.0.0, USE_CUDA=ON, USE_CUDNN=ON, USE_EXCEPTION_PTR=1, USE_GFLAGS=OFF, USE_GLOG=OFF, USE_MKL=ON, USE_MKLDNN=ON, USE_MPI=OFF, USE_NCCL=1, USE_NNPACK=ON, USE_OPENMP=ON, USE_ROCM=OFF, 

[12/10 06:15:28 detectron2]: Command line arguments: Namespace(config_file='configs/gta5_seen7_catseg_vitl.yaml', resume=False, eval_only=True, num_gpus=1, num_machines=1, machine_rank=0, dist_url='auto', opts=['OUTPUT_DIR', 'outputs/gta_seen7_eva_L14_r448//eval', 'MODEL.SEM_SEG_HEAD.TEST_CLASS_JSON', 'datasets/inpaint41_vocab.json', 'MODEL.SEM_SEG_HEAD.ENABLE_HIGH_RES', 'False', 'DATASETS.TEST', '("bdd_inpaint41_test",)', 'TEST.SLIDING_WINDOW', 'True', 'MODEL.SEM_SEG_HEAD.POOLING_SIZES', '[1,1]', 'MODEL.WEIGHTS', 'outputs/gta_seen7_eva_L14_r448//model_0019999.pth'])
[12/10 06:15:28 detectron2]: Contents of args.config_file=configs/gta5_seen7_catseg_vitl.yaml:
_BASE_: config.yaml
DATASETS:
  TRAIN: ("gta5_seen7_train_seg",)
  TEST:  ("acdc_inpaint41_test",)
MODEL:
  META_ARCHITECTURE: "CATSeg"
  PIXEL_MEAN: [123.675, 116.280, 103.530]
  PIXEL_STD: [58.395, 57.120, 57.375]
  SEM_SEG_HEAD:
    NAME: "CATSegHead"
    IN_FEATURES: ["res2", "res3", "res4"]
    IGNORE_VALUE: 255
    NUM_CLASSES: 19
    TRAIN_CLASS_JSON: "datasets/cityscapes_seen_7.json"
    TEST_CLASS_JSON:  "datasets/inpaint41_vocab.json"
    CLIP_PRETRAINED: "EVA02-CLIP-L-14-336"
    PROMPT_DEPTH: 0
    PROMPT_LENGTH: 0
    TEXT_GUIDANCE_DIM: 768
    TEXT_GUIDANCE_PROJ_DIM: 128
    APPEARANCE_GUIDANCE_DIM: 768
    APPEARANCE_GUIDANCE_PROJ_DIM: 128
    DECODER_DIMS: [64, 32]
    DECODER_GUIDANCE_DIMS: [256, 128]
    DECODER_GUIDANCE_PROJ_DIMS: [32, 16]
    NUM_LAYERS: 1
    NUM_HEADS: 4
    HIDDEN_DIMS: 128
    POOLING_SIZES: [ 1, 1 ]
    FEATURE_RESOLUTION: [32, 32]
    WINDOW_SIZES: 16
    ATTENTION_TYPE: "linear"
    CLIP_FINETUNE: "attention"
    CACHE_DIR: "/data/zd/TTA_VLM/pretrain/EVA02_CLIP_L_336_psz14_s6B.pt"
  PROMPT_ENSEMBLE_TYPE: "multi_domain"
INPUT:
  MIN_SIZE_TRAIN: (448, 640)
  MIN_SIZE_TRAIN_SAMPLING: "choice"
  MAX_SIZE_TRAIN: 1344
  MIN_SIZE_TEST: 448
  MAX_SIZE_TEST: 1008
  CROP:
    ENABLED: True
    TYPE: "absolute"
    SIZE: (448, 448)
  SIZE_DIVISIBILITY: 14
  FORMAT: "RGB"
  DATASET_MAPPER_NAME: "mask_former_semantic"
SOLVER:
  IMS_PER_BATCH: 3
  LR_SCHEDULER_NAME: "WarmupCosineLR"
  BASE_LR: 0.0002
  MAX_ITER: 20000
  BACKBONE_MULTIPLIER: 0.0
  CLIP_MULTIPLIER: 0.01
TEST:
  EVAL_PERIOD: 10000
  SLIDING_WINDOW: True
  SW_KERNEL: 448
  SW_OVERLAP: 0.333
  SW_OUT_RES: [448, 896]
  
[12/10 06:15:28 detectron2]: Running with full config:
CUDNN_BENCHMARK: true
DATALOADER:
  ASPECT_RATIO_GROUPING: true
  FILTER_EMPTY_ANNOTATIONS: true
  NUM_WORKERS: 8
  REPEAT_THRESHOLD: 0.0
  SAMPLER_TRAIN: TrainingSampler
DATASETS:
  PRECOMPUTED_PROPOSAL_TOPK_TEST: 1000
  PRECOMPUTED_PROPOSAL_TOPK_TRAIN: 2000
  PROPOSAL_FILES_TEST: []
  PROPOSAL_FILES_TRAIN: []
  TEST:
  - bdd_inpaint41_test
  TRAIN:
  - gta5_seen7_train_seg
  VAL_ALL:
  - coco_2017_val_all_stuff_sem_seg
DDP:
  BROADCAST_BUFFERS: false
  FIND_UNUSED_PARAMETERS: true
GLOBAL:
  HACK: 1.0
INPUT:
  COLOR_AUG_SSD: true
  CROP:
    ENABLED: true
    SINGLE_CATEGORY_MAX_AREA: 1.0
    SIZE:
    - 448
    - 448
    TYPE: absolute
  DATASET_MAPPER_NAME: mask_former_semantic
  FORMAT: RGB
  MASK_FORMAT: polygon
  MAX_SIZE_TEST: 1008
  MAX_SIZE_TRAIN: 1344
  MIN_SIZE_TEST: 448
  MIN_SIZE_TRAIN:
  - 448
  - 640
  MIN_SIZE_TRAIN_SAMPLING: choice
  RANDOM_FLIP: horizontal
  SIZE_DIVISIBILITY: 14
MODEL:
  ANCHOR_GENERATOR:
    ANGLES:
    - - -90
      - 0
      - 90
    ASPECT_RATIOS:
    - - 0.5
      - 1.0
      - 2.0
    NAME: DefaultAnchorGenerator
    OFFSET: 0.0
    SIZES:
    - - 32
      - 64
      - 128
      - 256
      - 512
  BACKBONE:
    FREEZE_AT: 2
    NAME: build_resnet_backbone
  CLIP_PIXEL_MEAN:
  - 122.7709383
  - 116.7460125
  - 104.09373615
  CLIP_PIXEL_STD:
  - 68.5005327
  - 66.6321579
  - 70.323163
  DEVICE: cuda
  FPN:
    FUSE_TYPE: sum
    IN_FEATURES: []
    NORM: ''
    OUT_CHANNELS: 256
  KEYPOINT_ON: false
  LOAD_PROPOSALS: false
  MASK_FORMER:
    SIZE_DIVISIBILITY: 32
  MASK_ON: false
  META_ARCHITECTURE: CATSeg
  PANOPTIC_FPN:
    COMBINE:
      ENABLED: true
      INSTANCES_CONFIDENCE_THRESH: 0.5
      OVERLAP_THRESH: 0.5
      STUFF_AREA_LIMIT: 4096
    INSTANCE_LOSS_WEIGHT: 1.0
  PIXEL_MEAN:
  - 123.675
  - 116.28
  - 103.53
  PIXEL_STD:
  - 58.395
  - 57.12
  - 57.375
  PROMPT_ENSEMBLE: false
  PROMPT_ENSEMBLE_TYPE: multi_domain
  PROPOSAL_GENERATOR:
    MIN_SIZE: 0
    NAME: RPN
  RESNETS:
    DEFORM_MODULATED: false
    DEFORM_NUM_GROUPS: 1
    DEFORM_ON_PER_STAGE:
    - false
    - false
    - false
    - false
    DEPTH: 50
    NORM: FrozenBN
    NUM_GROUPS: 1
    OUT_FEATURES:
    - res4
    RES2_OUT_CHANNELS: 256
    RES4_DILATION: 1
    RES5_DILATION: 1
    RES5_MULTI_GRID:
    - 1
    - 2
    - 4
    STEM_OUT_CHANNELS: 64
    STEM_TYPE: deeplab
    STRIDE_IN_1X1: true
    WIDTH_PER_GROUP: 64
  RETINANET:
    BBOX_REG_LOSS_TYPE: smooth_l1
    BBOX_REG_WEIGHTS: &id002
    - 1.0
    - 1.0
    - 1.0
    - 1.0
    FOCAL_LOSS_ALPHA: 0.25
    FOCAL_LOSS_GAMMA: 2.0
    IN_FEATURES:
    - p3
    - p4
    - p5
    - p6
    - p7
    IOU_LABELS:
    - 0
    - -1
    - 1
    IOU_THRESHOLDS:
    - 0.4
    - 0.5
    NMS_THRESH_TEST: 0.5
    NORM: ''
    NUM_CLASSES: 80
    NUM_CONVS: 4
    PRIOR_PROB: 0.01
    SCORE_THRESH_TEST: 0.05
    SMOOTH_L1_LOSS_BETA: 0.1
    TOPK_CANDIDATES_TEST: 1000
  ROI_BOX_CASCADE_HEAD:
    BBOX_REG_WEIGHTS:
    - &id001
      - 10.0
      - 10.0
      - 5.0
      - 5.0
    - - 20.0
      - 20.0
      - 10.0
      - 10.0
    - - 30.0
      - 30.0
      - 15.0
      - 15.0
    IOUS:
    - 0.5
    - 0.6
    - 0.7
  ROI_BOX_HEAD:
    BBOX_REG_LOSS_TYPE: smooth_l1
    BBOX_REG_LOSS_WEIGHT: 1.0
    BBOX_REG_WEIGHTS: *id001
    CLS_AGNOSTIC_BBOX_REG: false
    CONV_DIM: 256
    FC_DIM: 1024
    NAME: ''
    NORM: ''
    NUM_CONV: 0
    NUM_FC: 0
    POOLER_RESOLUTION: 14
    POOLER_SAMPLING_RATIO: 0
    POOLER_TYPE: ROIAlignV2
    SMOOTH_L1_BETA: 0.0
    TRAIN_ON_PRED_BOXES: false
  ROI_HEADS:
    BATCH_SIZE_PER_IMAGE: 512
    IN_FEATURES:
    - res4
    IOU_LABELS:
    - 0
    - 1
    IOU_THRESHOLDS:
    - 0.5
    NAME: Res5ROIHeads
    NMS_THRESH_TEST: 0.5
    NUM_CLASSES: 80
    POSITIVE_FRACTION: 0.25
    PROPOSAL_APPEND_GT: true
    SCORE_THRESH_TEST: 0.05
  ROI_KEYPOINT_HEAD:
    CONV_DIMS:
    - 512
    - 512
    - 512
    - 512
    - 512
    - 512
    - 512
    - 512
    LOSS_WEIGHT: 1.0
    MIN_KEYPOINTS_PER_IMAGE: 1
    NAME: KRCNNConvDeconvUpsampleHead
    NORMALIZE_LOSS_BY_VISIBLE_KEYPOINTS: true
    NUM_KEYPOINTS: 17
    POOLER_RESOLUTION: 14
    POOLER_SAMPLING_RATIO: 0
    POOLER_TYPE: ROIAlignV2
  ROI_MASK_HEAD:
    CLS_AGNOSTIC_MASK: false
    CONV_DIM: 256
    NAME: MaskRCNNConvUpsampleHead
    NORM: ''
    NUM_CONV: 0
    POOLER_RESOLUTION: 14
    POOLER_SAMPLING_RATIO: 0
    POOLER_TYPE: ROIAlignV2
  RPN:
    BATCH_SIZE_PER_IMAGE: 256
    BBOX_REG_LOSS_TYPE: smooth_l1
    BBOX_REG_LOSS_WEIGHT: 1.0
    BBOX_REG_WEIGHTS: *id002
    BOUNDARY_THRESH: -1
    CONV_DIMS:
    - -1
    HEAD_NAME: StandardRPNHead
    IN_FEATURES:
    - res4
    IOU_LABELS:
    - 0
    - -1
    - 1
    IOU_THRESHOLDS:
    - 0.3
    - 0.7
    LOSS_WEIGHT: 1.0
    NMS_THRESH: 0.7
    POSITIVE_FRACTION: 0.5
    POST_NMS_TOPK_TEST: 1000
    POST_NMS_TOPK_TRAIN: 2000
    PRE_NMS_TOPK_TEST: 6000
    PRE_NMS_TOPK_TRAIN: 12000
    SMOOTH_L1_BETA: 0.0
  SEM_SEG_HEAD:
    APPEARANCE_GUIDANCE_DIM: 768
    APPEARANCE_GUIDANCE_PROJ_DIM: 128
    ASPP_CHANNELS: 256
    ASPP_DILATIONS:
    - 6
    - 12
    - 18
    ASPP_DROPOUT: 0.1
    ATTENTION_TYPE: linear
    CACHE_DIR: /data/zd/TTA_VLM/pretrain/EVA02_CLIP_L_336_psz14_s6B.pt
    CLIP_FINETUNE: attention
    CLIP_PRETRAINED: EVA02-CLIP-L-14-336
    COMMON_STRIDE: 4
    CONVS_DIM: 128
    DECODER_DIMS:
    - 64
    - 32
    DECODER_GUIDANCE_DIMS:
    - 256
    - 128
    DECODER_GUIDANCE_PROJ_DIMS:
    - 32
    - 16
    ENABLE_HIGH_RES: false
    FEATURE_RESOLUTION:
    - 32
    - 32
    HIDDEN_DIMS: 128
    IGNORE_VALUE: 255
    IN_FEATURES:
    - res2
    - res3
    - res4
    LOSS_TYPE: hard_pixel_mining
    LOSS_WEIGHT: 1.0
    NAME: CATSegHead
    NORM: GN
    NUM_CLASSES: 19
    NUM_HEADS: 4
    NUM_LAYERS: 1
    POOLING_SIZES:
    - 1
    - 1
    PROJECT_CHANNELS:
    - 48
    PROJECT_FEATURES:
    - res2
    PROMPT_DEPTH: 0
    PROMPT_LENGTH: 0
    TEST_CLASS_INDEXES: datasets/coco/coco_stuff/split/unseen_indexes.json
    TEST_CLASS_JSON: datasets/inpaint41_vocab.json
    TEXT_GUIDANCE_DIM: 768
    TEXT_GUIDANCE_PROJ_DIM: 128
    TRAIN_CLASS_INDEXES: datasets/coco/coco_stuff/split/seen_indexes.json
    TRAIN_CLASS_JSON: datasets/cityscapes_seen_7.json
    USE_DEPTHWISE_SEPARABLE_CONV: false
    WINDOW_SIZES: 16
  SWIN:
    APE: false
    ATTN_DROP_RATE: 0.0
    DEPTHS:
    - 2
    - 2
    - 6
    - 2
    DROP_PATH_RATE: 0.3
    DROP_RATE: 0.0
    EMBED_DIM: 96
    MLP_RATIO: 4.0
    NUM_HEADS:
    - 3
    - 6
    - 12
    - 24
    OUT_FEATURES:
    - res2
    - res3
    - res4
    - res5
    PATCH_NORM: true
    PATCH_SIZE: 4
    PRETRAIN_IMG_SIZE: 224
    QKV_BIAS: true
    QK_SCALE: null
    WINDOW_SIZE: 7
  WEIGHTS: outputs/gta_seen7_eva_L14_r448//model_0019999.pth
OUTPUT_DIR: outputs/gta_seen7_eva_L14_r448//eval
SEED: -1
SOLVER:
  AMP:
    ENABLED: false
  BACKBONE_MULTIPLIER: 0.0
  BASE_LR: 0.0002
  BIAS_LR_FACTOR: 1.0
  CHECKPOINT_PERIOD: 5000
  CLIP_GRADIENTS:
    CLIP_TYPE: full_model
    CLIP_VALUE: 0.01
    ENABLED: true
    NORM_TYPE: 2.0
  CLIP_MULTIPLIER: 0.01
  GAMMA: 0.1
  IMS_PER_BATCH: 3
  LR_SCHEDULER_NAME: WarmupCosineLR
  MAX_ITER: 20000
  MOMENTUM: 0.9
  NESTEROV: false
  OPTIMIZER: ADAMW
  POLY_LR_CONSTANT_ENDING: 0.0
  POLY_LR_POWER: 0.9
  REFERENCE_WORLD_SIZE: 0
  STEPS:
  - 30000
  WARMUP_FACTOR: 1.0
  WARMUP_ITERS: 0
  WARMUP_METHOD: linear
  WEIGHT_DECAY: 0.0001
  WEIGHT_DECAY_BIAS: null
  WEIGHT_DECAY_EMBED: 0.0
  WEIGHT_DECAY_NORM: 0.0
TEST:
  AUG:
    ENABLED: false
    FLIP: true
    MAX_SIZE: 4000
    MIN_SIZES:
    - 400
    - 500
    - 600
    - 700
    - 800
    - 900
    - 1000
    - 1100
    - 1200
  DETECTIONS_PER_IMAGE: 100
  EVAL_PERIOD: 10000
  EXPECTED_RESULTS: []
  KEYPOINT_OKS_SIGMAS: []
  PRECISE_BN:
    ENABLED: false
    NUM_ITER: 200
  SLIDING_WINDOW: true
  SW_KERNEL: 448
  SW_OUT_RES:
  - 448
  - 896
  SW_OVERLAP: 0.333
VERSION: 2
VIS_PERIOD: 0

[12/10 06:15:28 detectron2]: Full config saved to outputs/gta_seen7_eva_L14_r448//eval/config.yaml
[12/10 06:15:28 d2.utils.env]: Using a generated random seed 28340974
Freeze text encoder parameters
[12/10 06:15:37 d2.engine.defaults]: Model:
CATSeg(
  (sem_seg_head): CATSegHead(
    (predictor): CATSegPredictor(
      (clip_model): CustomCLIP(
        (visual): EVAVisionTransformer(
          (patch_embed): PatchEmbed(
            (proj): Conv2d(3, 1024, kernel_size=(14, 14), stride=(14, 14))
          )
          (pos_drop): Dropout(p=0.0, inplace=False)
          (rope): VisionRotaryEmbeddingFast()
          (blocks): ModuleList(
            (0-23): 24 x Block(
              (norm1): LayerNorm((1024,), eps=1e-06, elementwise_affine=True)
              (attn): Attention(
                (q_proj): Linear(in_features=1024, out_features=1024, bias=False)
                (k_proj): Linear(in_features=1024, out_features=1024, bias=False)
                (v_proj): Linear(in_features=1024, out_features=1024, bias=False)
                (attn_drop): Dropout(p=0.0, inplace=False)
                (inner_attn_ln): LayerNorm((1024,), eps=1e-06, elementwise_affine=True)
                (proj): Linear(in_features=1024, out_features=1024, bias=True)
                (proj_drop): Dropout(p=0.0, inplace=False)
                (rope): VisionRotaryEmbeddingFast()
              )
              (drop_path): Identity()
              (norm2): LayerNorm((1024,), eps=1e-06, elementwise_affine=True)
              (mlp): SwiGLU(
                (w1): Linear(in_features=1024, out_features=2730, bias=True)
                (w2): Linear(in_features=1024, out_features=2730, bias=True)
                (act): SiLU()
                (ffn_ln): LayerNorm((2730,), eps=1e-06, elementwise_affine=True)
                (w3): Linear(in_features=2730, out_features=1024, bias=True)
                (drop): Dropout(p=0.0, inplace=False)
              )
            )
          )
          (norm): LayerNorm((1024,), eps=1e-06, elementwise_affine=True)
          (head): Linear(in_features=1024, out_features=768, bias=True)
          (patch_dropout): Identity()
        )
        (text): TextTransformer(
          (token_embedding): Embedding(49408, 768)
          (transformer): Transformer(
            (resblocks): ModuleList(
              (0-11): 12 x ResidualAttentionBlock(
                (ln_1): LayerNorm((768,), eps=1e-05, elementwise_affine=True)
                (attn): MultiheadAttention(
                  (out_proj): NonDynamicallyQuantizableLinear(in_features=768, out_features=768, bias=True)
                )
                (ls_1): Identity()
                (ln_2): LayerNorm((768,), eps=1e-05, elementwise_affine=True)
                (mlp): Sequential(
                  (c_fc): Linear(in_features=768, out_features=3072, bias=True)
                  (gelu): GELU(approximate='none')
                  (c_proj): Linear(in_features=3072, out_features=768, bias=True)
                )
                (ls_2): Identity()
              )
            )
          )
          (ln_final): LayerNorm((768,), eps=1e-05, elementwise_affine=True)
        )
      )
      (transformer): AggregatorMambaLite(
        (layers): ModuleList(
          (0): Sequential(
            (0): AxialMambaBlockLite_v2(
              (film): FiLM2D(
                (pool): AdaptiveAvgPool2d(output_size=1)
                (fc): Conv2d(128, 256, kernel_size=(1, 1), stride=(1, 1))
              )
              (pre_mix): Sequential(
                (0): Conv2d(128, 128, kernel_size=(3, 3), stride=(1, 1), padding=(1, 1), groups=128)
                (1): Conv2d(128, 128, kernel_size=(1, 1), stride=(1, 1))
                (2): GELU(approximate='none')
              )
              (seq_row): Mamba1DWithDecayPrior(
                (out_norm): LayerNorm((128,), eps=1e-05, elementwise_affine=True)
                (gate): Sequential(
                  (0): Linear(in_features=128, out_features=128, bias=True)
                  (1): SiLU()
                )
                (proj_in): Linear(in_features=128, out_features=384, bias=True)
                (drop): Dropout(p=0.0, inplace=False)
              )
              (post_proj): Conv2d(128, 128, kernel_size=(1, 1), stride=(1, 1))
              (norm_tok): LayerNorm((128,), eps=1e-05, elementwise_affine=True)
              (ffn): Sequential(
                (0): Linear(in_features=128, out_features=384, bias=True)
                (1): GELU(approximate='none')
                (2): Linear(in_features=384, out_features=128, bias=True)
              )
              (down): Identity()
            )
            (1): ClassMambaLayerLite(
              (pool): AvgPool2d(kernel_size=[1, 1], stride=[1, 1], padding=0)
              (guid_proj): Linear(in_features=128, out_features=256, bias=True)
              (seq_block): _Mamba1DAdapterLite(
                (blocks): ModuleList(
                  (0): PseudoMamba1D(
                    (gate): Sequential(
                      (0): Linear(in_features=128, out_features=128, bias=True)
                      (1): SiLU()
                    )
                    (proj_in): Linear(in_features=128, out_features=384, bias=True)
                    (out_norm): LayerNorm((128,), eps=1e-05, elementwise_affine=True)
                    (drop): Dropout(p=0.0, inplace=False)
                  )
                )
                (norm): LayerNorm((128,), eps=1e-05, elementwise_affine=True)
              )
              (norm1): LayerNorm((128,), eps=1e-05, elementwise_affine=True)
              (norm2): LayerNorm((128,), eps=1e-05, elementwise_affine=True)
              (ffn): Sequential(
                (0): Linear(in_features=128, out_features=384, bias=True)
                (1): GELU(approximate='none')
                (2): Linear(in_features=384, out_features=128, bias=True)
              )
            )
          )
        )
        (conv1): Conv2d(1, 128, kernel_size=(7, 7), stride=(1, 1), padding=(3, 3))
        (guidance_projection): Sequential(
          (0): Conv2d(768, 128, kernel_size=(3, 3), stride=(1, 1), padding=(1, 1))
          (1): ReLU()
        )
        (text_guidance_projection): Sequential(
          (0): Linear(in_features=768, out_features=128, bias=True)
          (1): ReLU()
        )
        (decoder_guidance_projection): ModuleList(
          (0): Sequential(
            (0): Conv2d(256, 32, kernel_size=(3, 3), stride=(1, 1), padding=(1, 1))
            (1): ReLU()
          )
          (1): Sequential(
            (0): Conv2d(128, 16, kernel_size=(3, 3), stride=(1, 1), padding=(1, 1))
            (1): ReLU()
          )
        )
        (decoder1): UpLite(
          (up): ConvTranspose2d(128, 96, kernel_size=(2, 2), stride=(2, 2))
          (conv): Sequential(
            (0): Conv2d(128, 64, kernel_size=(3, 3), stride=(1, 1), padding=(1, 1), bias=False)
            (1): GroupNorm(4, 64, eps=1e-05, affine=True)
            (2): ReLU()
          )
        )
        (decoder2): UpLite(
          (up): ConvTranspose2d(64, 48, kernel_size=(2, 2), stride=(2, 2))
          (conv): Sequential(
            (0): Conv2d(64, 32, kernel_size=(3, 3), stride=(1, 1), padding=(1, 1), bias=False)
            (1): GroupNorm(2, 32, eps=1e-05, affine=True)
            (2): ReLU()
          )
        )
        (head): Conv2d(32, 1, kernel_size=(3, 3), stride=(1, 1), padding=(1, 1))
      )
    )
  )
  (upsample1): ConvTranspose2d(1024, 256, kernel_size=(2, 2), stride=(2, 2))
  (upsample2): ConvTranspose2d(1024, 128, kernel_size=(4, 4), stride=(4, 4))
)
[12/10 06:15:37 fvcore.common.checkpoint]: [Checkpointer] Loading from outputs/gta_seen7_eva_L14_r448//model_0019999.pth ...
[12/10 06:15:38 d2.data.dataset_mapper]: [DatasetMapper] Augmentations used in inference: [ResizeShortestEdge(short_edge_length=(448, 448), max_size=1008, sample_style='choice')]
[12/10 06:15:38 d2.data.common]: Serializing 1003 elements to byte tensors and concatenating them all ...
[12/10 06:15:38 d2.data.common]: Serialized dataset takes 0.24 MiB
[12/10 06:15:38 d2.evaluation.evaluator]: Start inference on 1003 batches
Add a new rope freq of shape: torch.Size([1024, 64])
[12/10 06:15:42 d2.evaluation.evaluator]: Inference done 11/1003. Dataloading: 0.0009 s/iter. Inference: 0.1584 s/iter. Eval: 0.0584 s/iter. Total: 0.2178 s/iter. ETA=0:03:36
[12/10 06:15:48 d2.evaluation.evaluator]: Inference done 35/1003. Dataloading: 0.0015 s/iter. Inference: 0.1579 s/iter. Eval: 0.0579 s/iter. Total: 0.2174 s/iter. ETA=0:03:30
[12/10 06:15:53 d2.evaluation.evaluator]: Inference done 58/1003. Dataloading: 0.0016 s/iter. Inference: 0.1576 s/iter. Eval: 0.0592 s/iter. Total: 0.2185 s/iter. ETA=0:03:26
[12/10 06:15:58 d2.evaluation.evaluator]: Inference done 82/1003. Dataloading: 0.0017 s/iter. Inference: 0.1575 s/iter. Eval: 0.0587 s/iter. Total: 0.2179 s/iter. ETA=0:03:20
[12/10 06:16:03 d2.evaluation.evaluator]: Inference done 105/1003. Dataloading: 0.0017 s/iter. Inference: 0.1574 s/iter. Eval: 0.0593 s/iter. Total: 0.2184 s/iter. ETA=0:03:16
[12/10 06:16:08 d2.evaluation.evaluator]: Inference done 128/1003. Dataloading: 0.0017 s/iter. Inference: 0.1574 s/iter. Eval: 0.0592 s/iter. Total: 0.2183 s/iter. ETA=0:03:10
[12/10 06:16:13 d2.evaluation.evaluator]: Inference done 152/1003. Dataloading: 0.0017 s/iter. Inference: 0.1574 s/iter. Eval: 0.0589 s/iter. Total: 0.2181 s/iter. ETA=0:03:05
[12/10 06:16:18 d2.evaluation.evaluator]: Inference done 175/1003. Dataloading: 0.0017 s/iter. Inference: 0.1574 s/iter. Eval: 0.0592 s/iter. Total: 0.2184 s/iter. ETA=0:03:00
[12/10 06:16:23 d2.evaluation.evaluator]: Inference done 198/1003. Dataloading: 0.0017 s/iter. Inference: 0.1575 s/iter. Eval: 0.0591 s/iter. Total: 0.2184 s/iter. ETA=0:02:55
[12/10 06:16:28 d2.evaluation.evaluator]: Inference done 221/1003. Dataloading: 0.0017 s/iter. Inference: 0.1575 s/iter. Eval: 0.0592 s/iter. Total: 0.2185 s/iter. ETA=0:02:50
[12/10 06:16:33 d2.evaluation.evaluator]: Inference done 244/1003. Dataloading: 0.0017 s/iter. Inference: 0.1575 s/iter. Eval: 0.0593 s/iter. Total: 0.2186 s/iter. ETA=0:02:45
[12/10 06:16:38 d2.evaluation.evaluator]: Inference done 267/1003. Dataloading: 0.0017 s/iter. Inference: 0.1575 s/iter. Eval: 0.0593 s/iter. Total: 0.2186 s/iter. ETA=0:02:40
[12/10 06:16:43 d2.evaluation.evaluator]: Inference done 290/1003. Dataloading: 0.0017 s/iter. Inference: 0.1575 s/iter. Eval: 0.0594 s/iter. Total: 0.2188 s/iter. ETA=0:02:35
[12/10 06:16:48 d2.evaluation.evaluator]: Inference done 313/1003. Dataloading: 0.0017 s/iter. Inference: 0.1576 s/iter. Eval: 0.0595 s/iter. Total: 0.2188 s/iter. ETA=0:02:30
[12/10 06:16:53 d2.evaluation.evaluator]: Inference done 336/1003. Dataloading: 0.0017 s/iter. Inference: 0.1576 s/iter. Eval: 0.0595 s/iter. Total: 0.2189 s/iter. ETA=0:02:25
[12/10 06:16:59 d2.evaluation.evaluator]: Inference done 359/1003. Dataloading: 0.0017 s/iter. Inference: 0.1576 s/iter. Eval: 0.0595 s/iter. Total: 0.2189 s/iter. ETA=0:02:20
[12/10 06:17:04 d2.evaluation.evaluator]: Inference done 382/1003. Dataloading: 0.0017 s/iter. Inference: 0.1576 s/iter. Eval: 0.0596 s/iter. Total: 0.2189 s/iter. ETA=0:02:15
[12/10 06:17:09 d2.evaluation.evaluator]: Inference done 405/1003. Dataloading: 0.0017 s/iter. Inference: 0.1576 s/iter. Eval: 0.0596 s/iter. Total: 0.2190 s/iter. ETA=0:02:10
[12/10 06:17:14 d2.evaluation.evaluator]: Inference done 428/1003. Dataloading: 0.0017 s/iter. Inference: 0.1576 s/iter. Eval: 0.0597 s/iter. Total: 0.2191 s/iter. ETA=0:02:05
[12/10 06:17:19 d2.evaluation.evaluator]: Inference done 451/1003. Dataloading: 0.0017 s/iter. Inference: 0.1576 s/iter. Eval: 0.0598 s/iter. Total: 0.2192 s/iter. ETA=0:02:00
[12/10 06:17:24 d2.evaluation.evaluator]: Inference done 474/1003. Dataloading: 0.0017 s/iter. Inference: 0.1576 s/iter. Eval: 0.0597 s/iter. Total: 0.2192 s/iter. ETA=0:01:55
[12/10 06:17:29 d2.evaluation.evaluator]: Inference done 497/1003. Dataloading: 0.0017 s/iter. Inference: 0.1576 s/iter. Eval: 0.0598 s/iter. Total: 0.2192 s/iter. ETA=0:01:50
[12/10 06:17:34 d2.evaluation.evaluator]: Inference done 520/1003. Dataloading: 0.0017 s/iter. Inference: 0.1576 s/iter. Eval: 0.0597 s/iter. Total: 0.2192 s/iter. ETA=0:01:45
[12/10 06:17:39 d2.evaluation.evaluator]: Inference done 543/1003. Dataloading: 0.0017 s/iter. Inference: 0.1576 s/iter. Eval: 0.0598 s/iter. Total: 0.2192 s/iter. ETA=0:01:40
[12/10 06:17:44 d2.evaluation.evaluator]: Inference done 566/1003. Dataloading: 0.0017 s/iter. Inference: 0.1576 s/iter. Eval: 0.0597 s/iter. Total: 0.2192 s/iter. ETA=0:01:35
[12/10 06:17:49 d2.evaluation.evaluator]: Inference done 589/1003. Dataloading: 0.0017 s/iter. Inference: 0.1576 s/iter. Eval: 0.0598 s/iter. Total: 0.2192 s/iter. ETA=0:01:30
[12/10 06:17:54 d2.evaluation.evaluator]: Inference done 612/1003. Dataloading: 0.0017 s/iter. Inference: 0.1576 s/iter. Eval: 0.0597 s/iter. Total: 0.2192 s/iter. ETA=0:01:25
[12/10 06:17:59 d2.evaluation.evaluator]: Inference done 636/1003. Dataloading: 0.0017 s/iter. Inference: 0.1576 s/iter. Eval: 0.0596 s/iter. Total: 0.2191 s/iter. ETA=0:01:20
[12/10 06:18:04 d2.evaluation.evaluator]: Inference done 659/1003. Dataloading: 0.0017 s/iter. Inference: 0.1576 s/iter. Eval: 0.0597 s/iter. Total: 0.2192 s/iter. ETA=0:01:15
[12/10 06:18:10 d2.evaluation.evaluator]: Inference done 683/1003. Dataloading: 0.0017 s/iter. Inference: 0.1577 s/iter. Eval: 0.0596 s/iter. Total: 0.2191 s/iter. ETA=0:01:10
[12/10 06:18:15 d2.evaluation.evaluator]: Inference done 706/1003. Dataloading: 0.0017 s/iter. Inference: 0.1577 s/iter. Eval: 0.0595 s/iter. Total: 0.2190 s/iter. ETA=0:01:05
[12/10 06:18:20 d2.evaluation.evaluator]: Inference done 729/1003. Dataloading: 0.0017 s/iter. Inference: 0.1577 s/iter. Eval: 0.0595 s/iter. Total: 0.2190 s/iter. ETA=0:01:00
[12/10 06:18:25 d2.evaluation.evaluator]: Inference done 752/1003. Dataloading: 0.0017 s/iter. Inference: 0.1577 s/iter. Eval: 0.0595 s/iter. Total: 0.2190 s/iter. ETA=0:00:54
[12/10 06:18:30 d2.evaluation.evaluator]: Inference done 775/1003. Dataloading: 0.0017 s/iter. Inference: 0.1577 s/iter. Eval: 0.0595 s/iter. Total: 0.2190 s/iter. ETA=0:00:49
[12/10 06:18:35 d2.evaluation.evaluator]: Inference done 798/1003. Dataloading: 0.0017 s/iter. Inference: 0.1577 s/iter. Eval: 0.0595 s/iter. Total: 0.2190 s/iter. ETA=0:00:44
[12/10 06:18:40 d2.evaluation.evaluator]: Inference done 822/1003. Dataloading: 0.0017 s/iter. Inference: 0.1577 s/iter. Eval: 0.0594 s/iter. Total: 0.2189 s/iter. ETA=0:00:39
[12/10 06:18:45 d2.evaluation.evaluator]: Inference done 845/1003. Dataloading: 0.0018 s/iter. Inference: 0.1577 s/iter. Eval: 0.0594 s/iter. Total: 0.2189 s/iter. ETA=0:00:34
[12/10 06:18:50 d2.evaluation.evaluator]: Inference done 869/1003. Dataloading: 0.0018 s/iter. Inference: 0.1577 s/iter. Eval: 0.0593 s/iter. Total: 0.2188 s/iter. ETA=0:00:29
[12/10 06:18:55 d2.evaluation.evaluator]: Inference done 893/1003. Dataloading: 0.0018 s/iter. Inference: 0.1577 s/iter. Eval: 0.0593 s/iter. Total: 0.2188 s/iter. ETA=0:00:24
[12/10 06:19:00 d2.evaluation.evaluator]: Inference done 916/1003. Dataloading: 0.0018 s/iter. Inference: 0.1577 s/iter. Eval: 0.0593 s/iter. Total: 0.2188 s/iter. ETA=0:00:19
[12/10 06:19:05 d2.evaluation.evaluator]: Inference done 939/1003. Dataloading: 0.0018 s/iter. Inference: 0.1577 s/iter. Eval: 0.0593 s/iter. Total: 0.2188 s/iter. ETA=0:00:14
[12/10 06:19:10 d2.evaluation.evaluator]: Inference done 962/1003. Dataloading: 0.0018 s/iter. Inference: 0.1577 s/iter. Eval: 0.0592 s/iter. Total: 0.2187 s/iter. ETA=0:00:08
[12/10 06:19:15 d2.evaluation.evaluator]: Inference done 985/1003. Dataloading: 0.0018 s/iter. Inference: 0.1577 s/iter. Eval: 0.0593 s/iter. Total: 0.2187 s/iter. ETA=0:00:03
[12/10 06:19:19 d2.evaluation.evaluator]: Total inference time: 0:03:38.339984 (0.218778 s / iter per device, on 1 devices)
[12/10 06:19:19 d2.evaluation.evaluator]: Total inference pure compute time: 0:02:37 (0.157662 s / iter per device, on 1 devices)
[12/10 06:19:20 d2.evaluation.sem_seg_evaluation]: OrderedDict([('sem_seg', {'mIoU': 60.15754173544659, 'fwIoU': 80.81459661287349, 'IoU-road': 90.23985196182795, 'IoU-sidewalk': 54.77907173005829, 'IoU-building': 82.76277384627284, 'IoU-wall': 39.2655404621315, 'IoU-fence': 25.168075871903433, 'IoU-pole': 32.51707444487935, 'IoU-traffic light': 39.55371181625329, 'IoU-traffic sign': 29.7219066430843, 'IoU-vegetation': 73.89326751928233, 'IoU-terrain': 19.095530748397334, 'IoU-sky': 88.6661463503303, 'IoU-person': 46.75413471815816, 'IoU-rider': 1.5606217498878374, 'IoU-car': 79.65844104795138, 'IoU-truck': 43.02197140580134, 'IoU-bus': 85.68513732296181, 'IoU-train': 0.5445274557841975, 'IoU-motorcycle': 43.62065002863804, 'IoU-bicycle': 15.561462143740625, 'IoU-bag': 87.03202306743717, 'IoU-ball': 83.30304489477534, 'IoU-barrel': 83.18978986609976, 'IoU-bench': 35.052867043010544, 'IoU-bird': 75.78820959670112, 'IoU-bottle': 80.74922005592347, 'IoU-cart': 70.2130810599896, 'IoU-cat': 65.13281030918424, 'IoU-chair': 67.28607086168141, 'IoU-cow': 77.7509133572935, 'IoU-deer': 62.46126812610255, 'IoU-dog': 74.05180327475416, 'IoU-drone': 63.894547527408186, 'IoU-elephant': 77.54606097076937, 'IoU-hat': 85.36840235089362, 'IoU-horse': 78.8787576414456, 'IoU-robot': 81.41514435414281, 'IoU-sheep': 76.59171643159848, 'IoU-table': 31.231098550349273, 'IoU-toy': 62.552782639560355, 'IoU-umbrella': 90.19393331244329, 'IoU-zebra': 64.70576859440202, 'mACC': 74.96383893628504, 'pACC': 88.60127610786247, 'ACC-road': 94.28538404466326, 'ACC-sidewalk': 68.2627415227507, 'ACC-building': 90.76620159512507, 'ACC-wall': 71.38849372595678, 'ACC-fence': 44.27439853315935, 'ACC-pole': 36.47933914053653, 'ACC-traffic light': 59.538864362272726, 'ACC-traffic sign': 58.922579568436774, 'ACC-vegetation': 81.05114326203324, 'ACC-terrain': 27.058494255553136, 'ACC-sky': 97.45456082645312, 'ACC-person': 61.19201573355433, 'ACC-rider': 9.839117773428177, 'ACC-car': 88.04553339905806, 'ACC-truck': 78.62007812745053, 'ACC-bus': 90.09277713849362, 'ACC-train': 0.972525008890332, 'ACC-motorcycle': 79.13498130315364, 'ACC-bicycle': 63.66220231686835, 'ACC-bag': 95.94756269013524, 'ACC-ball': 92.77328469829395, 'ACC-barrel': 97.02158335438476, 'ACC-bench': 73.76089008451021, 'ACC-bird': 91.90730751231709, 'ACC-bottle': 89.86272670533143, 'ACC-cart': 88.00041095890411, 'ACC-cat': 74.22540968377244, 'ACC-chair': 84.0207454619302, 'ACC-cow': 91.09036028443032, 'ACC-deer': 80.39862442743748, 'ACC-dog': 88.26671091156409, 'ACC-drone': 83.96474031403883, 'ACC-elephant': 92.40305804083388, 'ACC-hat': 98.16386556498105, 'ACC-horse': 92.04037626844995, 'ACC-robot': 92.79325173881182, 'ACC-sheep': 92.94187964791509, 'ACC-table': 33.20186911346685, 'ACC-toy': 70.03401838294491, 'ACC-umbrella': 95.4281646063879, 'ACC-zebra': 74.22912429900784})])
[12/10 06:19:20 d2.engine.defaults]: Evaluation results for bdd_inpaint41_test in csv format:
[12/10 06:19:20 d2.evaluation.testing]: copypaste: Task: sem_seg
[12/10 06:19:20 d2.evaluation.testing]: copypaste: mIoU,fwIoU,mACC,pACC
[12/10 06:19:20 d2.evaluation.testing]: copypaste: 60.1575,80.8146,74.9638,88.6013
[12/10 03:39:30] d2.evaluation.testing INFO: copypaste: Task: sem_seg
[12/10 03:39:30] d2.evaluation.testing INFO: copypaste: mIoU,fwIoU,mACC,pACC
[12/10 03:39:30] d2.evaluation.testing INFO: copypaste: 51.7331,84.4991,66.6797,90.9245
[12/10 03:48:13] d2.evaluation.testing INFO: copypaste: Task: sem_seg
[12/10 03:48:13] d2.evaluation.testing INFO: copypaste: mIoU,fwIoU,mACC,pACC
[12/10 03:48:13] d2.evaluation.testing INFO: copypaste: 45.2245,78.4030,64.8744,86.6814
[12/10 03:52:05] d2.evaluation.testing INFO: copypaste: Task: sem_seg
[12/10 03:52:05] d2.evaluation.testing INFO: copypaste: mIoU,fwIoU,mACC,pACC
[12/10 03:52:05] d2.evaluation.testing INFO: copypaste: 50.9057,83.4922,65.9696,90.3699
[12/10 04:35:55] d2.evaluation.testing INFO: copypaste: Task: sem_seg
[12/10 04:35:55] d2.evaluation.testing INFO: copypaste: mIoU,fwIoU,mACC,pACC
[12/10 04:35:55] d2.evaluation.testing INFO: copypaste: 53.3613,84.2913,70.5016,90.6627
[12/10 06:00:51] d2.evaluation.testing INFO: copypaste: Task: sem_seg
[12/10 06:00:51] d2.evaluation.testing INFO: copypaste: mIoU,fwIoU,mACC,pACC
[12/10 06:00:51] d2.evaluation.testing INFO: copypaste: 40.7108,76.2851,59.7131,85.0553
[12/10 06:09:58] d2.evaluation.testing INFO: copypaste: Task: sem_seg
[12/10 06:09:58] d2.evaluation.testing INFO: copypaste: mIoU,fwIoU,mACC,pACC
[12/10 06:09:58] d2.evaluation.testing INFO: copypaste: 40.3481,73.4954,66.0262,79.6359
[12/10 06:15:23] d2.evaluation.testing INFO: copypaste: Task: sem_seg
[12/10 06:15:23] d2.evaluation.testing INFO: copypaste: mIoU,fwIoU,mACC,pACC
[12/10 06:15:23] d2.evaluation.testing INFO: copypaste: 55.6401,75.2073,75.7419,84.2355
[12/10 06:19:20] d2.evaluation.testing INFO: copypaste: Task: sem_seg
[12/10 06:19:20] d2.evaluation.testing INFO: copypaste: mIoU,fwIoU,mACC,pACC
[12/10 06:19:20] d2.evaluation.testing INFO: copypaste: 60.1575,80.8146,74.9638,88.6013
