nohup: ignoring input
/data/zd/TTA_VLM/S2_Corr/train_net.py:16: FutureWarning: In the future `np.bool` will be defined as the corresponding NumPy scalar.
  if not hasattr(np, _name):
/data/zd/TTA_VLM/S2_Corr/train_net.py:16: FutureWarning: In the future `np.object` will be defined as the corresponding NumPy scalar.
  if not hasattr(np, _name):
/data/zd/TTA_VLM/S2_Corr/train_net.py:18: FutureWarning: In the future `np.long` will be defined as the corresponding NumPy scalar.
  if not hasattr(np, "long"):
/data2/anaconda3/envs/DeCLIP_CATSeg/lib/python3.10/site-packages/torchvision/datapoints/__init__.py:12: UserWarning: The torchvision.datapoints and torchvision.transforms.v2 namespaces are still Beta. While we do not expect major breaking changes, some APIs may still change according to user feedback. Please submit any feedback you may have in this issue: https://github.com/pytorch/vision/issues/6753, and you can also check out https://github.com/pytorch/vision/issues/7319 to learn more about the APIs that we suspect might involve future changes. You can silence this warning by calling torchvision.disable_beta_transforms_warning().
  warnings.warn(_BETA_TRANSFORMS_WARNING)
/data2/anaconda3/envs/DeCLIP_CATSeg/lib/python3.10/site-packages/torchvision/transforms/v2/__init__.py:54: UserWarning: The torchvision.datapoints and torchvision.transforms.v2 namespaces are still Beta. While we do not expect major breaking changes, some APIs may still change according to user feedback. Please submit any feedback you may have in this issue: https://github.com/pytorch/vision/issues/6753, and you can also check out https://github.com/pytorch/vision/issues/7319 to learn more about the APIs that we suspect might involve future changes. You can silence this warning by calling torchvision.disable_beta_transforms_warning().
  warnings.warn(_BETA_TRANSFORMS_WARNING)
Please 'pip install apex'
Command Line Args: Namespace(config_file='configs/gta5_seen7_catseg.yaml', resume=True, eval_only=False, num_gpus=1, num_machines=1, machine_rank=0, dist_url='auto', opts=['OUTPUT_DIR', 'outputs/gta_seen7_eva_b16_r512'])
[12/09 23:54:18 detectron2]: Rank of current process: 0. World size: 1
[12/09 23:54:19 detectron2]: Environment info:
----------------------  ------------------------------------------------------------------------------------------
sys.platform            linux
Python                  3.10.0 (default, Mar  3 2022, 09:58:08) [GCC 7.5.0]
numpy                   1.26.4
detectron2              0.6 @/data2/anaconda3/envs/DeCLIP_CATSeg/lib/python3.10/site-packages/detectron2
Compiler                GCC 7.5
CUDA compiler           CUDA 11.6
detectron2 arch flags   8.0
DETECTRON2_ENV_MODULE   <not set>
PyTorch                 2.0.0+cu117 @/data2/anaconda3/envs/DeCLIP_CATSeg/lib/python3.10/site-packages/torch
PyTorch debug build     False
GPU available           Yes
GPU 0                   GeForce RTX 3090 (arch=8.6)
Driver version          460.84
CUDA_HOME               /usr/local/cuda-11.6
TORCH_CUDA_ARCH_LIST    8.0
Pillow                  9.1.0
torchvision             0.15.1+cu117 @/data2/anaconda3/envs/DeCLIP_CATSeg/lib/python3.10/site-packages/torchvision
torchvision arch flags  3.5, 5.0, 6.0, 7.0, 7.5, 8.0, 8.6
fvcore                  0.1.5.post20221221
iopath                  0.1.9
cv2                     4.11.0
----------------------  ------------------------------------------------------------------------------------------
PyTorch built with:
  - GCC 9.3
  - C++ Version: 201703
  - Intel(R) oneAPI Math Kernel Library Version 2022.2-Product Build 20220804 for Intel(R) 64 architecture applications
  - Intel(R) MKL-DNN v2.7.3 (Git Hash 6dbeffbae1f23cbbeae17adb7b5b13f1f37c080e)
  - OpenMP 201511 (a.k.a. OpenMP 4.5)
  - LAPACK is enabled (usually provided by MKL)
  - NNPACK is enabled
  - CPU capability usage: AVX2
  - CUDA Runtime 11.7
  - NVCC architecture flags: -gencode;arch=compute_37,code=sm_37;-gencode;arch=compute_50,code=sm_50;-gencode;arch=compute_60,code=sm_60;-gencode;arch=compute_70,code=sm_70;-gencode;arch=compute_75,code=sm_75;-gencode;arch=compute_80,code=sm_80;-gencode;arch=compute_86,code=sm_86
  - CuDNN 8.5
  - Magma 2.6.1
  - Build settings: BLAS_INFO=mkl, BUILD_TYPE=Release, CUDA_VERSION=11.7, CUDNN_VERSION=8.5.0, CXX_COMPILER=/opt/rh/devtoolset-9/root/usr/bin/c++, CXX_FLAGS= -D_GLIBCXX_USE_CXX11_ABI=0 -fabi-version=11 -Wno-deprecated -fvisibility-inlines-hidden -DUSE_PTHREADPOOL -DNDEBUG -DUSE_KINETO -DLIBKINETO_NOROCTRACER -DUSE_FBGEMM -DUSE_QNNPACK -DUSE_PYTORCH_QNNPACK -DUSE_XNNPACK -DSYMBOLICATE_MOBILE_DEBUG_HANDLE -O2 -fPIC -Wall -Wextra -Werror=return-type -Werror=non-virtual-dtor -Werror=bool-operation -Wnarrowing -Wno-missing-field-initializers -Wno-type-limits -Wno-array-bounds -Wno-unknown-pragmas -Wunused-local-typedefs -Wno-unused-parameter -Wno-unused-function -Wno-unused-result -Wno-strict-overflow -Wno-strict-aliasing -Wno-error=deprecated-declarations -Wno-stringop-overflow -Wno-psabi -Wno-error=pedantic -Wno-error=redundant-decls -Wno-error=old-style-cast -fdiagnostics-color=always -faligned-new -Wno-unused-but-set-variable -Wno-maybe-uninitialized -fno-math-errno -fno-trapping-math -Werror=format -Werror=cast-function-type -Wno-stringop-overflow, LAPACK_INFO=mkl, PERF_WITH_AVX=1, PERF_WITH_AVX2=1, PERF_WITH_AVX512=1, TORCH_DISABLE_GPU_ASSERTS=ON, TORCH_VERSION=2.0.0, USE_CUDA=ON, USE_CUDNN=ON, USE_EXCEPTION_PTR=1, USE_GFLAGS=OFF, USE_GLOG=OFF, USE_MKL=ON, USE_MKLDNN=ON, USE_MPI=OFF, USE_NCCL=1, USE_NNPACK=ON, USE_OPENMP=ON, USE_ROCM=OFF, 

[12/09 23:54:19 detectron2]: Command line arguments: Namespace(config_file='configs/gta5_seen7_catseg.yaml', resume=True, eval_only=False, num_gpus=1, num_machines=1, machine_rank=0, dist_url='auto', opts=['OUTPUT_DIR', 'outputs/gta_seen7_eva_b16_r512'])
[12/09 23:54:19 detectron2]: Contents of args.config_file=configs/gta5_seen7_catseg.yaml:
_BASE_: config.yaml
DATASETS:
  TRAIN: ("gta5_seen7_train_seg",)
  TEST:  ("acdc_inpaint41_test",)
MODEL:
  META_ARCHITECTURE: "CATSeg"
  PIXEL_MEAN: [123.675, 116.280, 103.530]
  PIXEL_STD: [58.395, 57.120, 57.375]
  SEM_SEG_HEAD:
    NAME: "CATSegHead"
    IN_FEATURES: [ "res2", "res3", "res4" ]
    IGNORE_VALUE: 255
    NUM_CLASSES: 19
    TRAIN_CLASS_JSON: "datasets/cityscapes_seen_7.json"
    TEST_CLASS_JSON:  "datasets/inpaint41_vocab.json"
    CLIP_PRETRAINED: "EVA02-CLIP-B-16"
    PROMPT_DEPTH: 0
    PROMPT_LENGTH: 0
    TEXT_GUIDANCE_DIM: 512
    TEXT_GUIDANCE_PROJ_DIM: 128
    APPEARANCE_GUIDANCE_DIM: 512
    APPEARANCE_GUIDANCE_PROJ_DIM: 128
    DECODER_DIMS: [ 64, 32 ]
    DECODER_GUIDANCE_DIMS: [ 256, 128 ]
    DECODER_GUIDANCE_PROJ_DIMS: [ 32, 16 ]
    NUM_LAYERS: 1
    NUM_HEADS: 4
    HIDDEN_DIMS: 128
    POOLING_SIZES: [ 1, 1 ]
    FEATURE_RESOLUTION: [ 32, 32 ]
    WINDOW_SIZES: 16
    ATTENTION_TYPE: "linear"
    CLIP_FINETUNE: "vision_text"
    CACHE_DIR: "/data/zd/TTA_VLM/DeCLIP-ZSSS/Pretrain/EVA02_CLIP_B_psz16_s8B.pt"
    ENABLE_HIGH_RES: "False"
  PROMPT_ENSEMBLE_TYPE: "multi_domain"
INPUT:
  MIN_SIZE_TRAIN: (512, 768)
  MIN_SIZE_TRAIN_SAMPLING: "choice"
  MAX_SIZE_TRAIN: 1024
  MIN_SIZE_TEST: 512
  MAX_SIZE_TEST: 1024
  CROP:
    ENABLED: True
    TYPE: "absolute"
    SIZE: (512, 512)
  SIZE_DIVISIBILITY: 32
  FORMAT: "RGB"
  DATASET_MAPPER_NAME: "mask_former_semantic"
SOLVER:
  IMS_PER_BATCH: 4
  LR_SCHEDULER_NAME: "WarmupCosineLR"
  BASE_LR: 0.0002
  MAX_ITER: 20000
  BACKBONE_MULTIPLIER: 0.0
  CLIP_MULTIPLIER: 0.01
TEST:
  EVAL_PERIOD: 5000
  SLIDING_WINDOW: True
  SW_KERNEL: 512
  SW_OVERLAP: 0.333
  SW_OUT_RES: [512, 1024]
[12/09 23:54:19 detectron2]: Running with full config:
CUDNN_BENCHMARK: true
DATALOADER:
  ASPECT_RATIO_GROUPING: true
  FILTER_EMPTY_ANNOTATIONS: true
  NUM_WORKERS: 8
  REPEAT_THRESHOLD: 0.0
  SAMPLER_TRAIN: TrainingSampler
DATASETS:
  PRECOMPUTED_PROPOSAL_TOPK_TEST: 1000
  PRECOMPUTED_PROPOSAL_TOPK_TRAIN: 2000
  PROPOSAL_FILES_TEST: []
  PROPOSAL_FILES_TRAIN: []
  TEST:
  - acdc_inpaint41_test
  TRAIN:
  - gta5_seen7_train_seg
  VAL_ALL:
  - coco_2017_val_all_stuff_sem_seg
DDP:
  BROADCAST_BUFFERS: false
  FIND_UNUSED_PARAMETERS: true
GLOBAL:
  HACK: 1.0
INPUT:
  COLOR_AUG_SSD: true
  CROP:
    ENABLED: true
    SINGLE_CATEGORY_MAX_AREA: 1.0
    SIZE:
    - 512
    - 512
    TYPE: absolute
  DATASET_MAPPER_NAME: mask_former_semantic
  FORMAT: RGB
  MASK_FORMAT: polygon
  MAX_SIZE_TEST: 1024
  MAX_SIZE_TRAIN: 1024
  MIN_SIZE_TEST: 512
  MIN_SIZE_TRAIN:
  - 512
  - 768
  MIN_SIZE_TRAIN_SAMPLING: choice
  RANDOM_FLIP: horizontal
  SIZE_DIVISIBILITY: 32
MODEL:
  ANCHOR_GENERATOR:
    ANGLES:
    - - -90
      - 0
      - 90
    ASPECT_RATIOS:
    - - 0.5
      - 1.0
      - 2.0
    NAME: DefaultAnchorGenerator
    OFFSET: 0.0
    SIZES:
    - - 32
      - 64
      - 128
      - 256
      - 512
  BACKBONE:
    FREEZE_AT: 2
    NAME: build_resnet_backbone
  CLIP_PIXEL_MEAN:
  - 122.7709383
  - 116.7460125
  - 104.09373615
  CLIP_PIXEL_STD:
  - 68.5005327
  - 66.6321579
  - 70.323163
  DEVICE: cuda
  FPN:
    FUSE_TYPE: sum
    IN_FEATURES: []
    NORM: ''
    OUT_CHANNELS: 256
  KEYPOINT_ON: false
  LOAD_PROPOSALS: false
  MASK_FORMER:
    SIZE_DIVISIBILITY: 32
  MASK_ON: false
  META_ARCHITECTURE: CATSeg
  PANOPTIC_FPN:
    COMBINE:
      ENABLED: true
      INSTANCES_CONFIDENCE_THRESH: 0.5
      OVERLAP_THRESH: 0.5
      STUFF_AREA_LIMIT: 4096
    INSTANCE_LOSS_WEIGHT: 1.0
  PIXEL_MEAN:
  - 123.675
  - 116.28
  - 103.53
  PIXEL_STD:
  - 58.395
  - 57.12
  - 57.375
  PROMPT_ENSEMBLE: false
  PROMPT_ENSEMBLE_TYPE: multi_domain
  PROPOSAL_GENERATOR:
    MIN_SIZE: 0
    NAME: RPN
  RESNETS:
    DEFORM_MODULATED: false
    DEFORM_NUM_GROUPS: 1
    DEFORM_ON_PER_STAGE:
    - false
    - false
    - false
    - false
    DEPTH: 50
    NORM: FrozenBN
    NUM_GROUPS: 1
    OUT_FEATURES:
    - res4
    RES2_OUT_CHANNELS: 256
    RES4_DILATION: 1
    RES5_DILATION: 1
    RES5_MULTI_GRID:
    - 1
    - 2
    - 4
    STEM_OUT_CHANNELS: 64
    STEM_TYPE: deeplab
    STRIDE_IN_1X1: true
    WIDTH_PER_GROUP: 64
  RETINANET:
    BBOX_REG_LOSS_TYPE: smooth_l1
    BBOX_REG_WEIGHTS: &id002
    - 1.0
    - 1.0
    - 1.0
    - 1.0
    FOCAL_LOSS_ALPHA: 0.25
    FOCAL_LOSS_GAMMA: 2.0
    IN_FEATURES:
    - p3
    - p4
    - p5
    - p6
    - p7
    IOU_LABELS:
    - 0
    - -1
    - 1
    IOU_THRESHOLDS:
    - 0.4
    - 0.5
    NMS_THRESH_TEST: 0.5
    NORM: ''
    NUM_CLASSES: 80
    NUM_CONVS: 4
    PRIOR_PROB: 0.01
    SCORE_THRESH_TEST: 0.05
    SMOOTH_L1_LOSS_BETA: 0.1
    TOPK_CANDIDATES_TEST: 1000
  ROI_BOX_CASCADE_HEAD:
    BBOX_REG_WEIGHTS:
    - &id001
      - 10.0
      - 10.0
      - 5.0
      - 5.0
    - - 20.0
      - 20.0
      - 10.0
      - 10.0
    - - 30.0
      - 30.0
      - 15.0
      - 15.0
    IOUS:
    - 0.5
    - 0.6
    - 0.7
  ROI_BOX_HEAD:
    BBOX_REG_LOSS_TYPE: smooth_l1
    BBOX_REG_LOSS_WEIGHT: 1.0
    BBOX_REG_WEIGHTS: *id001
    CLS_AGNOSTIC_BBOX_REG: false
    CONV_DIM: 256
    FC_DIM: 1024
    NAME: ''
    NORM: ''
    NUM_CONV: 0
    NUM_FC: 0
    POOLER_RESOLUTION: 14
    POOLER_SAMPLING_RATIO: 0
    POOLER_TYPE: ROIAlignV2
    SMOOTH_L1_BETA: 0.0
    TRAIN_ON_PRED_BOXES: false
  ROI_HEADS:
    BATCH_SIZE_PER_IMAGE: 512
    IN_FEATURES:
    - res4
    IOU_LABELS:
    - 0
    - 1
    IOU_THRESHOLDS:
    - 0.5
    NAME: Res5ROIHeads
    NMS_THRESH_TEST: 0.5
    NUM_CLASSES: 80
    POSITIVE_FRACTION: 0.25
    PROPOSAL_APPEND_GT: true
    SCORE_THRESH_TEST: 0.05
  ROI_KEYPOINT_HEAD:
    CONV_DIMS:
    - 512
    - 512
    - 512
    - 512
    - 512
    - 512
    - 512
    - 512
    LOSS_WEIGHT: 1.0
    MIN_KEYPOINTS_PER_IMAGE: 1
    NAME: KRCNNConvDeconvUpsampleHead
    NORMALIZE_LOSS_BY_VISIBLE_KEYPOINTS: true
    NUM_KEYPOINTS: 17
    POOLER_RESOLUTION: 14
    POOLER_SAMPLING_RATIO: 0
    POOLER_TYPE: ROIAlignV2
  ROI_MASK_HEAD:
    CLS_AGNOSTIC_MASK: false
    CONV_DIM: 256
    NAME: MaskRCNNConvUpsampleHead
    NORM: ''
    NUM_CONV: 0
    POOLER_RESOLUTION: 14
    POOLER_SAMPLING_RATIO: 0
    POOLER_TYPE: ROIAlignV2
  RPN:
    BATCH_SIZE_PER_IMAGE: 256
    BBOX_REG_LOSS_TYPE: smooth_l1
    BBOX_REG_LOSS_WEIGHT: 1.0
    BBOX_REG_WEIGHTS: *id002
    BOUNDARY_THRESH: -1
    CONV_DIMS:
    - -1
    HEAD_NAME: StandardRPNHead
    IN_FEATURES:
    - res4
    IOU_LABELS:
    - 0
    - -1
    - 1
    IOU_THRESHOLDS:
    - 0.3
    - 0.7
    LOSS_WEIGHT: 1.0
    NMS_THRESH: 0.7
    POSITIVE_FRACTION: 0.5
    POST_NMS_TOPK_TEST: 1000
    POST_NMS_TOPK_TRAIN: 2000
    PRE_NMS_TOPK_TEST: 6000
    PRE_NMS_TOPK_TRAIN: 12000
    SMOOTH_L1_BETA: 0.0
  SEM_SEG_HEAD:
    APPEARANCE_GUIDANCE_DIM: 512
    APPEARANCE_GUIDANCE_PROJ_DIM: 128
    ASPP_CHANNELS: 256
    ASPP_DILATIONS:
    - 6
    - 12
    - 18
    ASPP_DROPOUT: 0.1
    ATTENTION_TYPE: linear
    CACHE_DIR: /data/zd/TTA_VLM/DeCLIP-ZSSS/Pretrain/EVA02_CLIP_B_psz16_s8B.pt
    CLIP_FINETUNE: vision_text
    CLIP_PRETRAINED: EVA02-CLIP-B-16
    COMMON_STRIDE: 4
    CONVS_DIM: 128
    DECODER_DIMS:
    - 64
    - 32
    DECODER_GUIDANCE_DIMS:
    - 256
    - 128
    DECODER_GUIDANCE_PROJ_DIMS:
    - 32
    - 16
    ENABLE_HIGH_RES: false
    FEATURE_RESOLUTION:
    - 32
    - 32
    HIDDEN_DIMS: 128
    IGNORE_VALUE: 255
    IN_FEATURES:
    - res2
    - res3
    - res4
    LOSS_TYPE: hard_pixel_mining
    LOSS_WEIGHT: 1.0
    NAME: CATSegHead
    NORM: GN
    NUM_CLASSES: 19
    NUM_HEADS: 4
    NUM_LAYERS: 1
    POOLING_SIZES:
    - 1
    - 1
    PROJECT_CHANNELS:
    - 48
    PROJECT_FEATURES:
    - res2
    PROMPT_DEPTH: 0
    PROMPT_LENGTH: 0
    TEST_CLASS_INDEXES: datasets/coco/coco_stuff/split/unseen_indexes.json
    TEST_CLASS_JSON: datasets/inpaint41_vocab.json
    TEXT_GUIDANCE_DIM: 512
    TEXT_GUIDANCE_PROJ_DIM: 128
    TRAIN_CLASS_INDEXES: datasets/coco/coco_stuff/split/seen_indexes.json
    TRAIN_CLASS_JSON: datasets/cityscapes_seen_7.json
    USE_DEPTHWISE_SEPARABLE_CONV: false
    WINDOW_SIZES: 16
  SWIN:
    APE: false
    ATTN_DROP_RATE: 0.0
    DEPTHS:
    - 2
    - 2
    - 6
    - 2
    DROP_PATH_RATE: 0.3
    DROP_RATE: 0.0
    EMBED_DIM: 96
    MLP_RATIO: 4.0
    NUM_HEADS:
    - 3
    - 6
    - 12
    - 24
    OUT_FEATURES:
    - res2
    - res3
    - res4
    - res5
    PATCH_NORM: true
    PATCH_SIZE: 4
    PRETRAIN_IMG_SIZE: 224
    QKV_BIAS: true
    QK_SCALE: null
    WINDOW_SIZE: 7
  WEIGHTS: ''
OUTPUT_DIR: outputs/gta_seen7_eva_b16_r512
SEED: -1
SOLVER:
  AMP:
    ENABLED: false
  BACKBONE_MULTIPLIER: 0.0
  BASE_LR: 0.0002
  BIAS_LR_FACTOR: 1.0
  CHECKPOINT_PERIOD: 5000
  CLIP_GRADIENTS:
    CLIP_TYPE: full_model
    CLIP_VALUE: 0.01
    ENABLED: true
    NORM_TYPE: 2.0
  CLIP_MULTIPLIER: 0.01
  GAMMA: 0.1
  IMS_PER_BATCH: 4
  LR_SCHEDULER_NAME: WarmupCosineLR
  MAX_ITER: 20000
  MOMENTUM: 0.9
  NESTEROV: false
  OPTIMIZER: ADAMW
  POLY_LR_CONSTANT_ENDING: 0.0
  POLY_LR_POWER: 0.9
  REFERENCE_WORLD_SIZE: 0
  STEPS:
  - 30000
  WARMUP_FACTOR: 1.0
  WARMUP_ITERS: 0
  WARMUP_METHOD: linear
  WEIGHT_DECAY: 0.0001
  WEIGHT_DECAY_BIAS: null
  WEIGHT_DECAY_EMBED: 0.0
  WEIGHT_DECAY_NORM: 0.0
TEST:
  AUG:
    ENABLED: false
    FLIP: true
    MAX_SIZE: 4000
    MIN_SIZES:
    - 400
    - 500
    - 600
    - 700
    - 800
    - 900
    - 1000
    - 1100
    - 1200
  DETECTIONS_PER_IMAGE: 100
  EVAL_PERIOD: 5000
  EXPECTED_RESULTS: []
  KEYPOINT_OKS_SIGMAS: []
  PRECISE_BN:
    ENABLED: false
    NUM_ITER: 200
  SLIDING_WINDOW: true
  SW_KERNEL: 512
  SW_OUT_RES:
  - 512
  - 1024
  SW_OVERLAP: 0.333
VERSION: 2
VIS_PERIOD: 0

[12/09 23:54:19 detectron2]: Full config saved to outputs/gta_seen7_eva_b16_r512/config.yaml
[12/09 23:54:19 d2.utils.env]: Using a generated random seed 19507495
Freeze text encoder parameters
[12/09 23:54:25 d2.engine.defaults]: Model:
CATSeg(
  (sem_seg_head): CATSegHead(
    (predictor): CATSegPredictor(
      (clip_model): CustomCLIP(
        (visual): EVAVisionTransformer(
          (patch_embed): PatchEmbed(
            (proj): Conv2d(3, 768, kernel_size=(16, 16), stride=(16, 16))
          )
          (pos_drop): Dropout(p=0.0, inplace=False)
          (rope): VisionRotaryEmbeddingFast()
          (blocks): ModuleList(
            (0-11): 12 x Block(
              (norm1): LayerNorm((768,), eps=1e-06, elementwise_affine=True)
              (attn): Attention(
                (q_proj): Linear(in_features=768, out_features=768, bias=False)
                (k_proj): Linear(in_features=768, out_features=768, bias=False)
                (v_proj): Linear(in_features=768, out_features=768, bias=False)
                (attn_drop): Dropout(p=0.0, inplace=False)
                (inner_attn_ln): LayerNorm((768,), eps=1e-06, elementwise_affine=True)
                (proj): Linear(in_features=768, out_features=768, bias=True)
                (proj_drop): Dropout(p=0.0, inplace=False)
                (rope): VisionRotaryEmbeddingFast()
              )
              (drop_path): Identity()
              (norm2): LayerNorm((768,), eps=1e-06, elementwise_affine=True)
              (mlp): SwiGLU(
                (w1): Linear(in_features=768, out_features=2048, bias=True)
                (w2): Linear(in_features=768, out_features=2048, bias=True)
                (act): SiLU()
                (ffn_ln): LayerNorm((2048,), eps=1e-06, elementwise_affine=True)
                (w3): Linear(in_features=2048, out_features=768, bias=True)
                (drop): Dropout(p=0.0, inplace=False)
              )
            )
          )
          (norm): LayerNorm((768,), eps=1e-06, elementwise_affine=True)
          (head): Linear(in_features=768, out_features=512, bias=True)
          (patch_dropout): Identity()
        )
        (text): TextTransformer(
          (token_embedding): Embedding(49408, 512)
          (transformer): Transformer(
            (resblocks): ModuleList(
              (0-11): 12 x ResidualAttentionBlock(
                (ln_1): LayerNorm((512,), eps=1e-05, elementwise_affine=True)
                (attn): Attention(
                  (attn_drop): Dropout(p=0.0, inplace=False)
                  (out_proj): Linear(in_features=512, out_features=512, bias=True)
                  (out_drop): Dropout(p=0.0, inplace=False)
                )
                (ls_1): Identity()
                (ln_2): LayerNorm((512,), eps=1e-05, elementwise_affine=True)
                (mlp): Sequential(
                  (c_fc): Linear(in_features=512, out_features=2048, bias=True)
                  (gelu): GELU(approximate='none')
                  (c_proj): Linear(in_features=2048, out_features=512, bias=True)
                )
                (ls_2): Identity()
              )
            )
          )
          (ln_final): LayerNorm((512,), eps=1e-05, elementwise_affine=True)
        )
      )
      (transformer): AggregatorMambaLite(
        (layers): ModuleList(
          (0): Sequential(
            (0): AxialMambaBlockLite_v2(
              (film): FiLM2D(
                (pool): AdaptiveAvgPool2d(output_size=1)
                (fc): Conv2d(128, 256, kernel_size=(1, 1), stride=(1, 1))
              )
              (pre_mix): Sequential(
                (0): Conv2d(128, 128, kernel_size=(3, 3), stride=(1, 1), padding=(1, 1), groups=128)
                (1): Conv2d(128, 128, kernel_size=(1, 1), stride=(1, 1))
                (2): GELU(approximate='none')
              )
              (seq_row): Mamba1DWithDecayPrior(
                (out_norm): LayerNorm((128,), eps=1e-05, elementwise_affine=True)
                (gate): Sequential(
                  (0): Linear(in_features=128, out_features=128, bias=True)
                  (1): SiLU()
                )
                (proj_in): Linear(in_features=128, out_features=384, bias=True)
                (drop): Dropout(p=0.0, inplace=False)
              )
              (post_proj): Conv2d(128, 128, kernel_size=(1, 1), stride=(1, 1))
              (norm_tok): LayerNorm((128,), eps=1e-05, elementwise_affine=True)
              (ffn): Sequential(
                (0): Linear(in_features=128, out_features=384, bias=True)
                (1): GELU(approximate='none')
                (2): Linear(in_features=384, out_features=128, bias=True)
              )
              (down): Identity()
            )
            (1): ClassMambaLayerLite(
              (pool): AvgPool2d(kernel_size=[1, 1], stride=[1, 1], padding=0)
              (guid_proj): Linear(in_features=128, out_features=256, bias=True)
              (seq_block): _Mamba1DAdapterLite(
                (blocks): ModuleList(
                  (0): PseudoMamba1D(
                    (gate): Sequential(
                      (0): Linear(in_features=128, out_features=128, bias=True)
                      (1): SiLU()
                    )
                    (proj_in): Linear(in_features=128, out_features=384, bias=True)
                    (out_norm): LayerNorm((128,), eps=1e-05, elementwise_affine=True)
                    (drop): Dropout(p=0.0, inplace=False)
                  )
                )
                (norm): LayerNorm((128,), eps=1e-05, elementwise_affine=True)
              )
              (norm1): LayerNorm((128,), eps=1e-05, elementwise_affine=True)
              (norm2): LayerNorm((128,), eps=1e-05, elementwise_affine=True)
              (ffn): Sequential(
                (0): Linear(in_features=128, out_features=384, bias=True)
                (1): GELU(approximate='none')
                (2): Linear(in_features=384, out_features=128, bias=True)
              )
            )
          )
        )
        (conv1): Conv2d(1, 128, kernel_size=(7, 7), stride=(1, 1), padding=(3, 3))
        (guidance_projection): Sequential(
          (0): Conv2d(512, 128, kernel_size=(3, 3), stride=(1, 1), padding=(1, 1))
          (1): ReLU()
        )
        (text_guidance_projection): Sequential(
          (0): Linear(in_features=512, out_features=128, bias=True)
          (1): ReLU()
        )
        (decoder_guidance_projection): ModuleList(
          (0): Sequential(
            (0): Conv2d(256, 32, kernel_size=(3, 3), stride=(1, 1), padding=(1, 1))
            (1): ReLU()
          )
          (1): Sequential(
            (0): Conv2d(128, 16, kernel_size=(3, 3), stride=(1, 1), padding=(1, 1))
            (1): ReLU()
          )
        )
        (decoder1): UpLite(
          (up): ConvTranspose2d(128, 96, kernel_size=(2, 2), stride=(2, 2))
          (conv): Sequential(
            (0): Conv2d(128, 64, kernel_size=(3, 3), stride=(1, 1), padding=(1, 1), bias=False)
            (1): GroupNorm(4, 64, eps=1e-05, affine=True)
            (2): ReLU()
          )
        )
        (decoder2): UpLite(
          (up): ConvTranspose2d(64, 48, kernel_size=(2, 2), stride=(2, 2))
          (conv): Sequential(
            (0): Conv2d(64, 32, kernel_size=(3, 3), stride=(1, 1), padding=(1, 1), bias=False)
            (1): GroupNorm(2, 32, eps=1e-05, affine=True)
            (2): ReLU()
          )
        )
        (head): Conv2d(32, 1, kernel_size=(3, 3), stride=(1, 1), padding=(1, 1))
      )
    )
  )
  (upsample1): ConvTranspose2d(768, 256, kernel_size=(2, 2), stride=(2, 2))
  (upsample2): ConvTranspose2d(768, 128, kernel_size=(4, 4), stride=(4, 4))
)
[12/09 23:54:26 d2.data.datasets.coco]: Loaded 24966 images with semantic segmentation from /data/zd/data/GTA5/GTAV/images
[12/09 23:54:26 d2.data.build]: Using training sampler TrainingSampler
[12/09 23:54:26 d2.data.common]: Serializing 24966 elements to byte tensors and concatenating them all ...
[12/09 23:54:26 d2.data.common]: Serialized dataset takes 3.24 MiB
[12/09 23:54:26 fvcore.common.checkpoint]: No checkpoint found. Initializing model from scratch
[12/09 23:54:26 d2.engine.train_loop]: Starting training from iteration 0
Add a new rope freq of shape: torch.Size([1024, 64])
[12/09 23:54:37 d2.utils.events]:  eta: 2:00:41  iter: 19  total_loss: 0.3411  time: 0.3667  data_time: 0.0638  lr: 0.0002  max_mem: 16841M
[12/09 23:54:44 d2.utils.events]:  eta: 1:59:52  iter: 39  total_loss: 0.2272  time: 0.3625  data_time: 0.0086  lr: 0.0002  max_mem: 16841M
[12/09 23:54:52 d2.utils.events]:  eta: 1:58:53  iter: 59  total_loss: 0.1903  time: 0.3654  data_time: 0.0230  lr: 0.0002  max_mem: 16841M
[12/09 23:55:00 d2.utils.events]:  eta: 1:59:38  iter: 79  total_loss: 0.1475  time: 0.3661  data_time: 0.0101  lr: 0.00019999  max_mem: 16841M
[12/09 23:55:07 d2.utils.events]:  eta: 1:59:46  iter: 99  total_loss: 0.1283  time: 0.3653  data_time: 0.0092  lr: 0.00019999  max_mem: 16841M
[12/09 23:55:14 d2.utils.events]:  eta: 1:59:39  iter: 119  total_loss: 0.1193  time: 0.3647  data_time: 0.0092  lr: 0.00019998  max_mem: 16841M
[12/09 23:55:22 d2.utils.events]:  eta: 1:59:42  iter: 139  total_loss: 0.1153  time: 0.3648  data_time: 0.0089  lr: 0.00019998  max_mem: 16841M
[12/09 23:55:29 d2.utils.events]:  eta: 1:59:16  iter: 159  total_loss: 0.09356  time: 0.3639  data_time: 0.0088  lr: 0.00019997  max_mem: 16841M
[12/09 23:55:36 d2.utils.events]:  eta: 1:59:22  iter: 179  total_loss: 0.1013  time: 0.3640  data_time: 0.0091  lr: 0.00019996  max_mem: 16841M
[12/09 23:55:44 d2.utils.events]:  eta: 1:59:25  iter: 199  total_loss: 0.1062  time: 0.3642  data_time: 0.0091  lr: 0.00019995  max_mem: 16841M
[12/09 23:55:51 d2.utils.events]:  eta: 1:59:03  iter: 219  total_loss: 0.08749  time: 0.3637  data_time: 0.0090  lr: 0.00019994  max_mem: 16841M
[12/09 23:55:59 d2.utils.events]:  eta: 1:59:00  iter: 239  total_loss: 0.07614  time: 0.3652  data_time: 0.0283  lr: 0.00019993  max_mem: 16841M
[12/09 23:56:07 d2.utils.events]:  eta: 1:58:53  iter: 259  total_loss: 0.08888  time: 0.3650  data_time: 0.0083  lr: 0.00019992  max_mem: 16841M
[12/09 23:56:14 d2.utils.events]:  eta: 1:58:53  iter: 279  total_loss: 0.0864  time: 0.3648  data_time: 0.0088  lr: 0.0001999  max_mem: 16841M
[12/09 23:56:21 d2.utils.events]:  eta: 1:58:37  iter: 299  total_loss: 0.07353  time: 0.3644  data_time: 0.0084  lr: 0.00019989  max_mem: 16841M
[12/09 23:56:28 d2.utils.events]:  eta: 1:58:27  iter: 319  total_loss: 0.08188  time: 0.3641  data_time: 0.0081  lr: 0.00019987  max_mem: 16841M
[12/09 23:56:36 d2.utils.events]:  eta: 1:58:11  iter: 339  total_loss: 0.08088  time: 0.3637  data_time: 0.0082  lr: 0.00019986  max_mem: 16841M
[12/09 23:56:43 d2.utils.events]:  eta: 1:57:57  iter: 359  total_loss: 0.06831  time: 0.3634  data_time: 0.0080  lr: 0.00019984  max_mem: 16841M
[12/09 23:56:50 d2.utils.events]:  eta: 1:57:47  iter: 379  total_loss: 0.06526  time: 0.3632  data_time: 0.0084  lr: 0.00019982  max_mem: 16841M
[12/09 23:56:57 d2.utils.events]:  eta: 1:57:47  iter: 399  total_loss: 0.06775  time: 0.3635  data_time: 0.0092  lr: 0.0001998  max_mem: 16841M
[12/09 23:57:05 d2.utils.events]:  eta: 1:57:46  iter: 419  total_loss: 0.07359  time: 0.3636  data_time: 0.0086  lr: 0.00019978  max_mem: 16841M
[12/09 23:57:12 d2.utils.events]:  eta: 1:57:45  iter: 439  total_loss: 0.06488  time: 0.3636  data_time: 0.0085  lr: 0.00019976  max_mem: 16841M
[12/09 23:57:19 d2.utils.events]:  eta: 1:57:35  iter: 459  total_loss: 0.06444  time: 0.3634  data_time: 0.0079  lr: 0.00019974  max_mem: 16841M
[12/09 23:57:27 d2.utils.events]:  eta: 1:57:23  iter: 479  total_loss: 0.05674  time: 0.3632  data_time: 0.0079  lr: 0.00019972  max_mem: 16841M
[12/09 23:57:34 d2.utils.events]:  eta: 1:57:10  iter: 499  total_loss: 0.05527  time: 0.3636  data_time: 0.0232  lr: 0.00019969  max_mem: 16841M
[12/09 23:57:42 d2.utils.events]:  eta: 1:56:58  iter: 519  total_loss: 0.0666  time: 0.3635  data_time: 0.0078  lr: 0.00019967  max_mem: 16841M
[12/09 23:57:49 d2.utils.events]:  eta: 1:56:47  iter: 539  total_loss: 0.06089  time: 0.3632  data_time: 0.0076  lr: 0.00019964  max_mem: 16841M
[12/09 23:57:56 d2.utils.events]:  eta: 1:56:32  iter: 559  total_loss: 0.06378  time: 0.3629  data_time: 0.0074  lr: 0.00019961  max_mem: 16841M
[12/09 23:58:03 d2.utils.events]:  eta: 1:56:22  iter: 579  total_loss: 0.05827  time: 0.3628  data_time: 0.0085  lr: 0.00019959  max_mem: 16841M
[12/09 23:58:11 d2.utils.events]:  eta: 1:56:12  iter: 599  total_loss: 0.05847  time: 0.3626  data_time: 0.0083  lr: 0.00019956  max_mem: 16841M
[12/09 23:58:18 d2.utils.events]:  eta: 1:56:06  iter: 619  total_loss: 0.05517  time: 0.3625  data_time: 0.0087  lr: 0.00019953  max_mem: 16841M
[12/09 23:58:26 d2.utils.events]:  eta: 1:55:58  iter: 639  total_loss: 0.05754  time: 0.3631  data_time: 0.0316  lr: 0.0001995  max_mem: 16841M
[12/09 23:58:33 d2.utils.events]:  eta: 1:55:50  iter: 659  total_loss: 0.05383  time: 0.3630  data_time: 0.0082  lr: 0.00019946  max_mem: 16841M
[12/09 23:58:41 d2.utils.events]:  eta: 1:55:40  iter: 679  total_loss: 0.05213  time: 0.3628  data_time: 0.0076  lr: 0.00019943  max_mem: 16841M
[12/09 23:58:48 d2.utils.events]:  eta: 1:55:25  iter: 699  total_loss: 0.06369  time: 0.3627  data_time: 0.0113  lr: 0.0001994  max_mem: 16841M
[12/09 23:58:55 d2.utils.events]:  eta: 1:55:17  iter: 719  total_loss: 0.06586  time: 0.3626  data_time: 0.0075  lr: 0.00019936  max_mem: 16841M
[12/09 23:59:02 d2.utils.events]:  eta: 1:55:07  iter: 739  total_loss: 0.05913  time: 0.3624  data_time: 0.0074  lr: 0.00019933  max_mem: 16841M
[12/09 23:59:10 d2.utils.events]:  eta: 1:54:58  iter: 759  total_loss: 0.05278  time: 0.3624  data_time: 0.0076  lr: 0.00019929  max_mem: 16841M
[12/09 23:59:17 d2.utils.events]:  eta: 1:54:47  iter: 779  total_loss: 0.05549  time: 0.3622  data_time: 0.0076  lr: 0.00019925  max_mem: 16841M
[12/09 23:59:24 d2.utils.events]:  eta: 1:54:39  iter: 799  total_loss: 0.05357  time: 0.3621  data_time: 0.0079  lr: 0.00019921  max_mem: 16841M
[12/09 23:59:32 d2.utils.events]:  eta: 1:54:32  iter: 819  total_loss: 0.04942  time: 0.3620  data_time: 0.0080  lr: 0.00019917  max_mem: 16841M
[12/09 23:59:39 d2.utils.events]:  eta: 1:54:25  iter: 839  total_loss: 0.05319  time: 0.3619  data_time: 0.0073  lr: 0.00019913  max_mem: 16841M
[12/09 23:59:46 d2.utils.events]:  eta: 1:54:17  iter: 859  total_loss: 0.05028  time: 0.3618  data_time: 0.0081  lr: 0.00019909  max_mem: 16841M
[12/09 23:59:53 d2.utils.events]:  eta: 1:54:08  iter: 879  total_loss: 0.05743  time: 0.3617  data_time: 0.0080  lr: 0.00019905  max_mem: 16841M
[12/10 00:00:01 d2.utils.events]:  eta: 1:54:03  iter: 899  total_loss: 0.06272  time: 0.3618  data_time: 0.0087  lr: 0.000199  max_mem: 16841M
[12/10 00:00:08 d2.utils.events]:  eta: 1:53:57  iter: 919  total_loss: 0.0514  time: 0.3618  data_time: 0.0091  lr: 0.00019896  max_mem: 16841M
[12/10 00:00:15 d2.utils.events]:  eta: 1:53:52  iter: 939  total_loss: 0.04911  time: 0.3618  data_time: 0.0083  lr: 0.00019891  max_mem: 16841M
[12/10 00:00:23 d2.utils.events]:  eta: 1:53:45  iter: 959  total_loss: 0.05341  time: 0.3618  data_time: 0.0076  lr: 0.00019887  max_mem: 16841M
[12/10 00:00:30 d2.utils.events]:  eta: 1:53:40  iter: 979  total_loss: 0.0493  time: 0.3618  data_time: 0.0083  lr: 0.00019882  max_mem: 16841M
[12/10 00:00:37 d2.utils.events]:  eta: 1:53:33  iter: 999  total_loss: 0.04173  time: 0.3618  data_time: 0.0083  lr: 0.00019877  max_mem: 16841M
[12/10 00:00:45 d2.utils.events]:  eta: 1:53:25  iter: 1019  total_loss: 0.04749  time: 0.3618  data_time: 0.0081  lr: 0.00019872  max_mem: 16841M
[12/10 00:00:52 d2.utils.events]:  eta: 1:53:18  iter: 1039  total_loss: 0.04677  time: 0.3618  data_time: 0.0083  lr: 0.00019867  max_mem: 16841M
[12/10 00:00:59 d2.utils.events]:  eta: 1:53:13  iter: 1059  total_loss: 0.04433  time: 0.3618  data_time: 0.0085  lr: 0.00019862  max_mem: 16841M
[12/10 00:01:06 d2.utils.events]:  eta: 1:53:04  iter: 1079  total_loss: 0.04538  time: 0.3617  data_time: 0.0070  lr: 0.00019857  max_mem: 16841M
[12/10 00:01:14 d2.utils.events]:  eta: 1:52:57  iter: 1099  total_loss: 0.04943  time: 0.3617  data_time: 0.0090  lr: 0.00019851  max_mem: 16841M
[12/10 00:01:21 d2.utils.events]:  eta: 1:52:48  iter: 1119  total_loss: 0.04636  time: 0.3617  data_time: 0.0082  lr: 0.00019846  max_mem: 16841M
[12/10 00:01:28 d2.utils.events]:  eta: 1:52:41  iter: 1139  total_loss: 0.04689  time: 0.3618  data_time: 0.0087  lr: 0.0001984  max_mem: 16841M
[12/10 00:01:36 d2.utils.events]:  eta: 1:52:34  iter: 1159  total_loss: 0.03847  time: 0.3617  data_time: 0.0075  lr: 0.00019835  max_mem: 16841M
[12/10 00:01:43 d2.utils.events]:  eta: 1:52:25  iter: 1179  total_loss: 0.04586  time: 0.3617  data_time: 0.0082  lr: 0.00019829  max_mem: 16841M
[12/10 00:01:50 d2.utils.events]:  eta: 1:52:18  iter: 1199  total_loss: 0.04341  time: 0.3617  data_time: 0.0080  lr: 0.00019823  max_mem: 16841M
[12/10 00:01:58 d2.utils.events]:  eta: 1:52:11  iter: 1219  total_loss: 0.04653  time: 0.3617  data_time: 0.0080  lr: 0.00019817  max_mem: 16841M
[12/10 00:02:05 d2.utils.events]:  eta: 1:52:04  iter: 1239  total_loss: 0.0442  time: 0.3617  data_time: 0.0080  lr: 0.00019811  max_mem: 16841M
[12/10 00:02:12 d2.utils.events]:  eta: 1:51:55  iter: 1259  total_loss: 0.04573  time: 0.3616  data_time: 0.0082  lr: 0.00019805  max_mem: 16841M
[12/10 00:02:20 d2.utils.events]:  eta: 1:51:45  iter: 1279  total_loss: 0.0478  time: 0.3615  data_time: 0.0076  lr: 0.00019799  max_mem: 16841M
[12/10 00:02:27 d2.utils.events]:  eta: 1:51:37  iter: 1299  total_loss: 0.04443  time: 0.3615  data_time: 0.0084  lr: 0.00019793  max_mem: 16841M
[12/10 00:02:34 d2.utils.events]:  eta: 1:51:30  iter: 1319  total_loss: 0.04842  time: 0.3615  data_time: 0.0082  lr: 0.00019786  max_mem: 16841M
[12/10 00:02:41 d2.utils.events]:  eta: 1:51:24  iter: 1339  total_loss: 0.04138  time: 0.3615  data_time: 0.0078  lr: 0.0001978  max_mem: 16841M
[12/10 00:02:49 d2.utils.events]:  eta: 1:51:19  iter: 1359  total_loss: 0.05256  time: 0.3615  data_time: 0.0079  lr: 0.00019773  max_mem: 16841M
[12/10 00:02:56 d2.utils.events]:  eta: 1:51:11  iter: 1379  total_loss: 0.0477  time: 0.3616  data_time: 0.0188  lr: 0.00019766  max_mem: 16841M
[12/10 00:03:03 d2.utils.events]:  eta: 1:51:01  iter: 1399  total_loss: 0.0465  time: 0.3616  data_time: 0.0077  lr: 0.0001976  max_mem: 16841M
[12/10 00:03:11 d2.utils.events]:  eta: 1:50:51  iter: 1419  total_loss: 0.0424  time: 0.3615  data_time: 0.0083  lr: 0.00019753  max_mem: 16841M
[12/10 00:03:18 d2.utils.events]:  eta: 1:50:43  iter: 1439  total_loss: 0.04615  time: 0.3616  data_time: 0.0083  lr: 0.00019746  max_mem: 16841M
[12/10 00:03:25 d2.utils.events]:  eta: 1:50:35  iter: 1459  total_loss: 0.04056  time: 0.3615  data_time: 0.0082  lr: 0.00019739  max_mem: 16841M
[12/10 00:03:32 d2.utils.events]:  eta: 1:50:28  iter: 1479  total_loss: 0.04537  time: 0.3615  data_time: 0.0088  lr: 0.00019731  max_mem: 16841M
[12/10 00:03:40 d2.utils.events]:  eta: 1:50:24  iter: 1499  total_loss: 0.03967  time: 0.3616  data_time: 0.0083  lr: 0.00019724  max_mem: 16841M
[12/10 00:03:47 d2.utils.events]:  eta: 1:50:19  iter: 1519  total_loss: 0.05052  time: 0.3616  data_time: 0.0081  lr: 0.00019717  max_mem: 16841M
[12/10 00:03:54 d2.utils.events]:  eta: 1:50:12  iter: 1539  total_loss: 0.04565  time: 0.3615  data_time: 0.0078  lr: 0.00019709  max_mem: 16841M
[12/10 00:04:02 d2.utils.events]:  eta: 1:50:07  iter: 1559  total_loss: 0.04425  time: 0.3615  data_time: 0.0086  lr: 0.00019702  max_mem: 16841M
[12/10 00:04:09 d2.utils.events]:  eta: 1:49:58  iter: 1579  total_loss: 0.04368  time: 0.3614  data_time: 0.0073  lr: 0.00019694  max_mem: 16841M
[12/10 00:04:16 d2.utils.events]:  eta: 1:49:52  iter: 1599  total_loss: 0.04283  time: 0.3614  data_time: 0.0084  lr: 0.00019686  max_mem: 16841M
[12/10 00:04:23 d2.utils.events]:  eta: 1:49:43  iter: 1619  total_loss: 0.0393  time: 0.3614  data_time: 0.0091  lr: 0.00019678  max_mem: 16841M
[12/10 00:04:31 d2.utils.events]:  eta: 1:49:38  iter: 1639  total_loss: 0.04312  time: 0.3615  data_time: 0.0088  lr: 0.0001967  max_mem: 16841M
[12/10 00:04:38 d2.utils.events]:  eta: 1:49:32  iter: 1659  total_loss: 0.05023  time: 0.3616  data_time: 0.0086  lr: 0.00019662  max_mem: 16841M
[12/10 00:04:46 d2.utils.events]:  eta: 1:49:25  iter: 1679  total_loss: 0.04076  time: 0.3616  data_time: 0.0088  lr: 0.00019654  max_mem: 16841M
[12/10 00:04:53 d2.utils.events]:  eta: 1:49:18  iter: 1699  total_loss: 0.04692  time: 0.3615  data_time: 0.0084  lr: 0.00019646  max_mem: 16841M
[12/10 00:05:00 d2.utils.events]:  eta: 1:49:10  iter: 1719  total_loss: 0.03991  time: 0.3614  data_time: 0.0080  lr: 0.00019638  max_mem: 16841M
[12/10 00:05:07 d2.utils.events]:  eta: 1:49:03  iter: 1739  total_loss: 0.0374  time: 0.3614  data_time: 0.0084  lr: 0.00019629  max_mem: 16841M
[12/10 00:05:14 d2.utils.events]:  eta: 1:48:56  iter: 1759  total_loss: 0.04467  time: 0.3614  data_time: 0.0088  lr: 0.00019621  max_mem: 16841M
[12/10 00:05:22 d2.utils.events]:  eta: 1:48:50  iter: 1779  total_loss: 0.04908  time: 0.3614  data_time: 0.0084  lr: 0.00019612  max_mem: 16841M
[12/10 00:05:29 d2.utils.events]:  eta: 1:48:44  iter: 1799  total_loss: 0.0413  time: 0.3614  data_time: 0.0091  lr: 0.00019603  max_mem: 16841M
[12/10 00:05:36 d2.utils.events]:  eta: 1:48:36  iter: 1819  total_loss: 0.03933  time: 0.3613  data_time: 0.0082  lr: 0.00019595  max_mem: 16841M
[12/10 00:05:43 d2.utils.events]:  eta: 1:48:28  iter: 1839  total_loss: 0.04222  time: 0.3613  data_time: 0.0085  lr: 0.00019586  max_mem: 16841M
[12/10 00:05:51 d2.utils.events]:  eta: 1:48:21  iter: 1859  total_loss: 0.04077  time: 0.3613  data_time: 0.0077  lr: 0.00019577  max_mem: 16841M
[12/10 00:05:58 d2.utils.events]:  eta: 1:48:14  iter: 1879  total_loss: 0.03955  time: 0.3613  data_time: 0.0083  lr: 0.00019568  max_mem: 16841M
[12/10 00:06:05 d2.utils.events]:  eta: 1:48:05  iter: 1899  total_loss: 0.04996  time: 0.3612  data_time: 0.0079  lr: 0.00019558  max_mem: 16841M
[12/10 00:06:12 d2.utils.events]:  eta: 1:47:55  iter: 1919  total_loss: 0.04123  time: 0.3612  data_time: 0.0076  lr: 0.00019549  max_mem: 16841M
[12/10 00:06:20 d2.utils.events]:  eta: 1:47:46  iter: 1939  total_loss: 0.04147  time: 0.3612  data_time: 0.0081  lr: 0.0001954  max_mem: 16841M
[12/10 00:06:27 d2.utils.events]:  eta: 1:47:39  iter: 1959  total_loss: 0.04331  time: 0.3612  data_time: 0.0079  lr: 0.0001953  max_mem: 16841M
[12/10 00:06:34 d2.utils.events]:  eta: 1:47:30  iter: 1979  total_loss: 0.03928  time: 0.3612  data_time: 0.0076  lr: 0.00019521  max_mem: 16841M
[12/10 00:06:41 d2.utils.events]:  eta: 1:47:23  iter: 1999  total_loss: 0.0414  time: 0.3612  data_time: 0.0087  lr: 0.00019511  max_mem: 16841M
[12/10 00:06:49 d2.utils.events]:  eta: 1:47:16  iter: 2019  total_loss: 0.0438  time: 0.3612  data_time: 0.0086  lr: 0.00019501  max_mem: 16841M
[12/10 00:06:56 d2.utils.events]:  eta: 1:47:09  iter: 2039  total_loss: 0.03918  time: 0.3611  data_time: 0.0081  lr: 0.00019491  max_mem: 16841M
[12/10 00:07:03 d2.utils.events]:  eta: 1:47:03  iter: 2059  total_loss: 0.04273  time: 0.3612  data_time: 0.0081  lr: 0.00019482  max_mem: 16841M
[12/10 00:07:10 d2.utils.events]:  eta: 1:46:55  iter: 2079  total_loss: 0.04076  time: 0.3611  data_time: 0.0077  lr: 0.00019471  max_mem: 16841M
[12/10 00:07:18 d2.utils.events]:  eta: 1:46:45  iter: 2099  total_loss: 0.03916  time: 0.3611  data_time: 0.0078  lr: 0.00019461  max_mem: 16841M
[12/10 00:07:25 d2.utils.events]:  eta: 1:46:38  iter: 2119  total_loss: 0.04609  time: 0.3611  data_time: 0.0079  lr: 0.00019451  max_mem: 16841M
[12/10 00:07:32 d2.utils.events]:  eta: 1:46:30  iter: 2139  total_loss: 0.0452  time: 0.3611  data_time: 0.0083  lr: 0.00019441  max_mem: 16841M
[12/10 00:07:39 d2.utils.events]:  eta: 1:46:23  iter: 2159  total_loss: 0.04069  time: 0.3610  data_time: 0.0086  lr: 0.0001943  max_mem: 16841M
[12/10 00:07:47 d2.utils.events]:  eta: 1:46:16  iter: 2179  total_loss: 0.04729  time: 0.3610  data_time: 0.0091  lr: 0.0001942  max_mem: 16841M
[12/10 00:07:54 d2.utils.events]:  eta: 1:46:06  iter: 2199  total_loss: 0.0425  time: 0.3610  data_time: 0.0084  lr: 0.00019409  max_mem: 16841M
[12/10 00:08:01 d2.utils.events]:  eta: 1:46:00  iter: 2219  total_loss: 0.04142  time: 0.3610  data_time: 0.0080  lr: 0.00019399  max_mem: 16841M
[12/10 00:08:09 d2.utils.events]:  eta: 1:45:52  iter: 2239  total_loss: 0.04457  time: 0.3610  data_time: 0.0079  lr: 0.00019388  max_mem: 16841M
[12/10 00:08:16 d2.utils.events]:  eta: 1:45:45  iter: 2259  total_loss: 0.04142  time: 0.3610  data_time: 0.0084  lr: 0.00019377  max_mem: 16841M
[12/10 00:08:23 d2.utils.events]:  eta: 1:45:38  iter: 2279  total_loss: 0.05299  time: 0.3609  data_time: 0.0075  lr: 0.00019366  max_mem: 16841M
[12/10 00:08:30 d2.utils.events]:  eta: 1:45:30  iter: 2299  total_loss: 0.03899  time: 0.3609  data_time: 0.0083  lr: 0.00019355  max_mem: 16841M
[12/10 00:08:37 d2.utils.events]:  eta: 1:45:23  iter: 2319  total_loss: 0.03935  time: 0.3609  data_time: 0.0082  lr: 0.00019344  max_mem: 16841M
[12/10 00:08:44 d2.utils.events]:  eta: 1:45:14  iter: 2339  total_loss: 0.04302  time: 0.3608  data_time: 0.0084  lr: 0.00019333  max_mem: 16841M
[12/10 00:08:52 d2.utils.events]:  eta: 1:45:06  iter: 2359  total_loss: 0.03881  time: 0.3608  data_time: 0.0079  lr: 0.00019321  max_mem: 16841M
[12/10 00:08:59 d2.utils.events]:  eta: 1:44:59  iter: 2379  total_loss: 0.04004  time: 0.3608  data_time: 0.0080  lr: 0.0001931  max_mem: 16841M
[12/10 00:09:06 d2.utils.events]:  eta: 1:44:52  iter: 2399  total_loss: 0.04589  time: 0.3608  data_time: 0.0081  lr: 0.00019298  max_mem: 16841M
[12/10 00:09:13 d2.utils.events]:  eta: 1:44:45  iter: 2419  total_loss: 0.03725  time: 0.3607  data_time: 0.0083  lr: 0.00019287  max_mem: 16841M
[12/10 00:09:21 d2.utils.events]:  eta: 1:44:35  iter: 2439  total_loss: 0.03868  time: 0.3607  data_time: 0.0082  lr: 0.00019275  max_mem: 16841M
[12/10 00:09:28 d2.utils.events]:  eta: 1:44:30  iter: 2459  total_loss: 0.03992  time: 0.3607  data_time: 0.0085  lr: 0.00019263  max_mem: 16841M
[12/10 00:09:35 d2.utils.events]:  eta: 1:44:21  iter: 2479  total_loss: 0.04086  time: 0.3607  data_time: 0.0084  lr: 0.00019251  max_mem: 16841M
[12/10 00:09:42 d2.utils.events]:  eta: 1:44:11  iter: 2499  total_loss: 0.04712  time: 0.3607  data_time: 0.0080  lr: 0.00019239  max_mem: 16841M
[12/10 00:09:50 d2.utils.events]:  eta: 1:44:02  iter: 2519  total_loss: 0.03945  time: 0.3607  data_time: 0.0078  lr: 0.00019227  max_mem: 16841M
[12/10 00:09:57 d2.utils.events]:  eta: 1:43:54  iter: 2539  total_loss: 0.04003  time: 0.3606  data_time: 0.0080  lr: 0.00019215  max_mem: 16841M
[12/10 00:10:04 d2.utils.events]:  eta: 1:43:46  iter: 2559  total_loss: 0.04015  time: 0.3607  data_time: 0.0079  lr: 0.00019203  max_mem: 16841M
[12/10 00:10:11 d2.utils.events]:  eta: 1:43:40  iter: 2579  total_loss: 0.04236  time: 0.3606  data_time: 0.0080  lr: 0.00019191  max_mem: 16841M
[12/10 00:10:19 d2.utils.events]:  eta: 1:43:33  iter: 2599  total_loss: 0.04385  time: 0.3606  data_time: 0.0080  lr: 0.00019178  max_mem: 16841M
[12/10 00:10:26 d2.utils.events]:  eta: 1:43:25  iter: 2619  total_loss: 0.03595  time: 0.3606  data_time: 0.0082  lr: 0.00019166  max_mem: 16841M
[12/10 00:10:33 d2.utils.events]:  eta: 1:43:16  iter: 2639  total_loss: 0.04262  time: 0.3606  data_time: 0.0081  lr: 0.00019153  max_mem: 16841M
[12/10 00:10:40 d2.utils.events]:  eta: 1:43:07  iter: 2659  total_loss: 0.03844  time: 0.3606  data_time: 0.0084  lr: 0.0001914  max_mem: 16841M
[12/10 00:10:48 d2.utils.events]:  eta: 1:42:59  iter: 2679  total_loss: 0.03931  time: 0.3605  data_time: 0.0080  lr: 0.00019128  max_mem: 16841M
[12/10 00:10:55 d2.utils.events]:  eta: 1:42:53  iter: 2699  total_loss: 0.03468  time: 0.3605  data_time: 0.0085  lr: 0.00019115  max_mem: 16841M
[12/10 00:11:02 d2.utils.events]:  eta: 1:42:48  iter: 2719  total_loss: 0.0352  time: 0.3606  data_time: 0.0083  lr: 0.00019102  max_mem: 16841M
[12/10 00:11:09 d2.utils.events]:  eta: 1:42:43  iter: 2739  total_loss: 0.03623  time: 0.3606  data_time: 0.0085  lr: 0.00019089  max_mem: 16841M
[12/10 00:11:17 d2.utils.events]:  eta: 1:42:36  iter: 2759  total_loss: 0.03839  time: 0.3606  data_time: 0.0091  lr: 0.00019076  max_mem: 16841M
[12/10 00:11:24 d2.utils.events]:  eta: 1:42:28  iter: 2779  total_loss: 0.03772  time: 0.3605  data_time: 0.0078  lr: 0.00019062  max_mem: 16841M
[12/10 00:11:31 d2.utils.events]:  eta: 1:42:18  iter: 2799  total_loss: 0.03787  time: 0.3605  data_time: 0.0080  lr: 0.00019049  max_mem: 16841M
[12/10 00:11:38 d2.utils.events]:  eta: 1:42:12  iter: 2819  total_loss: 0.04203  time: 0.3605  data_time: 0.0084  lr: 0.00019036  max_mem: 16841M
[12/10 00:11:46 d2.utils.events]:  eta: 1:42:05  iter: 2839  total_loss: 0.03498  time: 0.3605  data_time: 0.0080  lr: 0.00019022  max_mem: 16841M
[12/10 00:11:53 d2.utils.events]:  eta: 1:41:58  iter: 2859  total_loss: 0.04184  time: 0.3605  data_time: 0.0084  lr: 0.00019008  max_mem: 16841M
[12/10 00:12:00 d2.utils.events]:  eta: 1:41:51  iter: 2879  total_loss: 0.04334  time: 0.3605  data_time: 0.0089  lr: 0.00018995  max_mem: 16841M
[12/10 00:12:07 d2.utils.events]:  eta: 1:41:47  iter: 2899  total_loss: 0.04213  time: 0.3605  data_time: 0.0080  lr: 0.00018981  max_mem: 16841M
[12/10 00:12:15 d2.utils.events]:  eta: 1:41:40  iter: 2919  total_loss: 0.03863  time: 0.3605  data_time: 0.0082  lr: 0.00018967  max_mem: 16841M
[12/10 00:12:22 d2.utils.events]:  eta: 1:41:33  iter: 2939  total_loss: 0.04434  time: 0.3605  data_time: 0.0088  lr: 0.00018953  max_mem: 16841M
[12/10 00:12:29 d2.utils.events]:  eta: 1:41:27  iter: 2959  total_loss: 0.04174  time: 0.3605  data_time: 0.0078  lr: 0.00018939  max_mem: 16841M
[12/10 00:12:36 d2.utils.events]:  eta: 1:41:17  iter: 2979  total_loss: 0.03733  time: 0.3605  data_time: 0.0077  lr: 0.00018925  max_mem: 16841M
[12/10 00:12:44 d2.utils.events]:  eta: 1:41:11  iter: 2999  total_loss: 0.03746  time: 0.3605  data_time: 0.0080  lr: 0.00018911  max_mem: 16841M
[12/10 00:12:51 d2.utils.events]:  eta: 1:41:06  iter: 3019  total_loss: 0.03967  time: 0.3605  data_time: 0.0084  lr: 0.00018896  max_mem: 16841M
[12/10 00:12:58 d2.utils.events]:  eta: 1:40:57  iter: 3039  total_loss: 0.03708  time: 0.3605  data_time: 0.0079  lr: 0.00018882  max_mem: 16841M
[12/10 00:13:05 d2.utils.events]:  eta: 1:40:46  iter: 3059  total_loss: 0.03777  time: 0.3605  data_time: 0.0082  lr: 0.00018868  max_mem: 16841M
[12/10 00:13:13 d2.utils.events]:  eta: 1:40:42  iter: 3079  total_loss: 0.04388  time: 0.3605  data_time: 0.0090  lr: 0.00018853  max_mem: 16841M
[12/10 00:13:20 d2.utils.events]:  eta: 1:40:36  iter: 3099  total_loss: 0.03968  time: 0.3605  data_time: 0.0087  lr: 0.00018838  max_mem: 16841M
[12/10 00:13:27 d2.utils.events]:  eta: 1:40:27  iter: 3119  total_loss: 0.04309  time: 0.3604  data_time: 0.0082  lr: 0.00018824  max_mem: 16841M
[12/10 00:13:34 d2.utils.events]:  eta: 1:40:20  iter: 3139  total_loss: 0.03411  time: 0.3604  data_time: 0.0089  lr: 0.00018809  max_mem: 16841M
[12/10 00:13:42 d2.utils.events]:  eta: 1:40:15  iter: 3159  total_loss: 0.04592  time: 0.3605  data_time: 0.0089  lr: 0.00018794  max_mem: 16841M
[12/10 00:13:49 d2.utils.events]:  eta: 1:40:08  iter: 3179  total_loss: 0.03776  time: 0.3605  data_time: 0.0085  lr: 0.00018779  max_mem: 16841M
[12/10 00:13:56 d2.utils.events]:  eta: 1:40:00  iter: 3199  total_loss: 0.04129  time: 0.3604  data_time: 0.0078  lr: 0.00018764  max_mem: 16841M
[12/10 00:14:03 d2.utils.events]:  eta: 1:39:52  iter: 3219  total_loss: 0.03472  time: 0.3604  data_time: 0.0084  lr: 0.00018749  max_mem: 16841M
[12/10 00:14:10 d2.utils.events]:  eta: 1:39:45  iter: 3239  total_loss: 0.03533  time: 0.3604  data_time: 0.0077  lr: 0.00018733  max_mem: 16841M
[12/10 00:14:18 d2.utils.events]:  eta: 1:39:39  iter: 3259  total_loss: 0.04115  time: 0.3604  data_time: 0.0087  lr: 0.00018718  max_mem: 16841M
[12/10 00:14:25 d2.utils.events]:  eta: 1:39:31  iter: 3279  total_loss: 0.03651  time: 0.3604  data_time: 0.0082  lr: 0.00018703  max_mem: 16841M
[12/10 00:14:32 d2.utils.events]:  eta: 1:39:24  iter: 3299  total_loss: 0.035  time: 0.3604  data_time: 0.0090  lr: 0.00018687  max_mem: 16841M
[12/10 00:14:39 d2.utils.events]:  eta: 1:39:18  iter: 3319  total_loss: 0.04069  time: 0.3604  data_time: 0.0084  lr: 0.00018671  max_mem: 16841M
[12/10 00:14:47 d2.utils.events]:  eta: 1:39:11  iter: 3339  total_loss: 0.03505  time: 0.3604  data_time: 0.0082  lr: 0.00018656  max_mem: 16841M
[12/10 00:14:54 d2.utils.events]:  eta: 1:39:02  iter: 3359  total_loss: 0.03434  time: 0.3603  data_time: 0.0079  lr: 0.0001864  max_mem: 16841M
[12/10 00:15:01 d2.utils.events]:  eta: 1:38:55  iter: 3379  total_loss: 0.04146  time: 0.3603  data_time: 0.0091  lr: 0.00018624  max_mem: 16841M
[12/10 00:15:08 d2.utils.events]:  eta: 1:38:49  iter: 3399  total_loss: 0.03615  time: 0.3603  data_time: 0.0083  lr: 0.00018608  max_mem: 16841M
[12/10 00:15:15 d2.utils.events]:  eta: 1:38:43  iter: 3419  total_loss: 0.04198  time: 0.3603  data_time: 0.0082  lr: 0.00018592  max_mem: 16841M
[12/10 00:15:23 d2.utils.events]:  eta: 1:38:35  iter: 3439  total_loss: 0.03669  time: 0.3603  data_time: 0.0082  lr: 0.00018576  max_mem: 16841M
[12/10 00:15:30 d2.utils.events]:  eta: 1:38:28  iter: 3459  total_loss: 0.037  time: 0.3604  data_time: 0.0090  lr: 0.0001856  max_mem: 16841M
[12/10 00:15:37 d2.utils.events]:  eta: 1:38:21  iter: 3479  total_loss: 0.04082  time: 0.3603  data_time: 0.0082  lr: 0.00018544  max_mem: 16841M
[12/10 00:15:44 d2.utils.events]:  eta: 1:38:14  iter: 3499  total_loss: 0.03522  time: 0.3603  data_time: 0.0076  lr: 0.00018527  max_mem: 16841M
[12/10 00:15:52 d2.utils.events]:  eta: 1:38:06  iter: 3519  total_loss: 0.03706  time: 0.3603  data_time: 0.0080  lr: 0.00018511  max_mem: 16841M
[12/10 00:15:59 d2.utils.events]:  eta: 1:37:59  iter: 3539  total_loss: 0.03904  time: 0.3603  data_time: 0.0074  lr: 0.00018494  max_mem: 16841M
[12/10 00:16:06 d2.utils.events]:  eta: 1:37:52  iter: 3559  total_loss: 0.03794  time: 0.3603  data_time: 0.0080  lr: 0.00018478  max_mem: 16841M
[12/10 00:16:13 d2.utils.events]:  eta: 1:37:46  iter: 3579  total_loss: 0.03358  time: 0.3603  data_time: 0.0083  lr: 0.00018461  max_mem: 16841M
[12/10 00:16:21 d2.utils.events]:  eta: 1:37:41  iter: 3599  total_loss: 0.03914  time: 0.3603  data_time: 0.0083  lr: 0.00018444  max_mem: 16841M
[12/10 00:16:28 d2.utils.events]:  eta: 1:37:35  iter: 3619  total_loss: 0.04279  time: 0.3603  data_time: 0.0086  lr: 0.00018427  max_mem: 16841M
[12/10 00:16:35 d2.utils.events]:  eta: 1:37:27  iter: 3639  total_loss: 0.03744  time: 0.3603  data_time: 0.0078  lr: 0.0001841  max_mem: 16841M
[12/10 00:16:42 d2.utils.events]:  eta: 1:37:20  iter: 3659  total_loss: 0.03813  time: 0.3603  data_time: 0.0079  lr: 0.00018393  max_mem: 16841M
[12/10 00:16:50 d2.utils.events]:  eta: 1:37:13  iter: 3679  total_loss: 0.03591  time: 0.3603  data_time: 0.0077  lr: 0.00018376  max_mem: 16841M
[12/10 00:16:57 d2.utils.events]:  eta: 1:37:07  iter: 3699  total_loss: 0.04261  time: 0.3603  data_time: 0.0083  lr: 0.00018359  max_mem: 16841M
[12/10 00:17:04 d2.utils.events]:  eta: 1:36:58  iter: 3719  total_loss: 0.03349  time: 0.3603  data_time: 0.0088  lr: 0.00018342  max_mem: 16841M
[12/10 00:17:11 d2.utils.events]:  eta: 1:36:51  iter: 3739  total_loss: 0.03916  time: 0.3603  data_time: 0.0079  lr: 0.00018324  max_mem: 16841M
[12/10 00:17:18 d2.utils.events]:  eta: 1:36:43  iter: 3759  total_loss: 0.03585  time: 0.3603  data_time: 0.0078  lr: 0.00018307  max_mem: 16841M
[12/10 00:17:26 d2.utils.events]:  eta: 1:36:39  iter: 3779  total_loss: 0.04085  time: 0.3603  data_time: 0.0087  lr: 0.00018289  max_mem: 16841M
[12/10 00:17:33 d2.utils.events]:  eta: 1:36:32  iter: 3799  total_loss: 0.04318  time: 0.3603  data_time: 0.0081  lr: 0.00018272  max_mem: 16841M
[12/10 00:17:40 d2.utils.events]:  eta: 1:36:24  iter: 3819  total_loss: 0.04009  time: 0.3603  data_time: 0.0078  lr: 0.00018254  max_mem: 16841M
[12/10 00:17:47 d2.utils.events]:  eta: 1:36:17  iter: 3839  total_loss: 0.04268  time: 0.3602  data_time: 0.0085  lr: 0.00018236  max_mem: 16841M
[12/10 00:17:55 d2.utils.events]:  eta: 1:36:11  iter: 3859  total_loss: 0.04182  time: 0.3603  data_time: 0.0089  lr: 0.00018218  max_mem: 16841M
[12/10 00:18:02 d2.utils.events]:  eta: 1:36:04  iter: 3879  total_loss: 0.03589  time: 0.3603  data_time: 0.0086  lr: 0.000182  max_mem: 16841M
[12/10 00:18:09 d2.utils.events]:  eta: 1:35:57  iter: 3899  total_loss: 0.03524  time: 0.3603  data_time: 0.0088  lr: 0.00018182  max_mem: 16841M
[12/10 00:18:17 d2.utils.events]:  eta: 1:35:51  iter: 3919  total_loss: 0.03942  time: 0.3603  data_time: 0.0086  lr: 0.00018164  max_mem: 16841M
[12/10 00:18:24 d2.utils.events]:  eta: 1:35:44  iter: 3939  total_loss: 0.04014  time: 0.3603  data_time: 0.0084  lr: 0.00018146  max_mem: 16841M
[12/10 00:18:31 d2.utils.events]:  eta: 1:35:37  iter: 3959  total_loss: 0.04231  time: 0.3603  data_time: 0.0084  lr: 0.00018128  max_mem: 16841M
[12/10 00:18:38 d2.utils.events]:  eta: 1:35:31  iter: 3979  total_loss: 0.03885  time: 0.3603  data_time: 0.0090  lr: 0.0001811  max_mem: 16841M
[12/10 00:18:46 d2.utils.events]:  eta: 1:35:22  iter: 3999  total_loss: 0.03793  time: 0.3603  data_time: 0.0095  lr: 0.00018091  max_mem: 16841M
[12/10 00:18:53 d2.utils.events]:  eta: 1:35:14  iter: 4019  total_loss: 0.03299  time: 0.3603  data_time: 0.0084  lr: 0.00018073  max_mem: 16841M
[12/10 00:19:00 d2.utils.events]:  eta: 1:35:07  iter: 4039  total_loss: 0.03349  time: 0.3603  data_time: 0.0080  lr: 0.00018054  max_mem: 16841M
[12/10 00:19:07 d2.utils.events]:  eta: 1:35:01  iter: 4059  total_loss: 0.03871  time: 0.3603  data_time: 0.0085  lr: 0.00018035  max_mem: 16841M
[12/10 00:19:15 d2.utils.events]:  eta: 1:34:55  iter: 4079  total_loss: 0.04085  time: 0.3603  data_time: 0.0087  lr: 0.00018017  max_mem: 16841M
[12/10 00:19:22 d2.utils.events]:  eta: 1:34:48  iter: 4099  total_loss: 0.03232  time: 0.3603  data_time: 0.0089  lr: 0.00017998  max_mem: 16841M
[12/10 00:19:29 d2.utils.events]:  eta: 1:34:43  iter: 4119  total_loss: 0.0356  time: 0.3603  data_time: 0.0088  lr: 0.00017979  max_mem: 16841M
[12/10 00:19:36 d2.utils.events]:  eta: 1:34:35  iter: 4139  total_loss: 0.03464  time: 0.3603  data_time: 0.0078  lr: 0.0001796  max_mem: 16841M
[12/10 00:19:43 d2.utils.events]:  eta: 1:34:27  iter: 4159  total_loss: 0.03853  time: 0.3603  data_time: 0.0081  lr: 0.00017941  max_mem: 16841M
[12/10 00:19:51 d2.utils.events]:  eta: 1:34:19  iter: 4179  total_loss: 0.04227  time: 0.3603  data_time: 0.0094  lr: 0.00017922  max_mem: 16841M
[12/10 00:19:58 d2.utils.events]:  eta: 1:34:13  iter: 4199  total_loss: 0.03534  time: 0.3603  data_time: 0.0093  lr: 0.00017903  max_mem: 16841M
[12/10 00:20:05 d2.utils.events]:  eta: 1:34:07  iter: 4219  total_loss: 0.03415  time: 0.3603  data_time: 0.0081  lr: 0.00017883  max_mem: 16841M
[12/10 00:20:12 d2.utils.events]:  eta: 1:34:00  iter: 4239  total_loss: 0.03902  time: 0.3603  data_time: 0.0085  lr: 0.00017864  max_mem: 16841M
[12/10 00:20:20 d2.utils.events]:  eta: 1:33:53  iter: 4259  total_loss: 0.04325  time: 0.3603  data_time: 0.0080  lr: 0.00017844  max_mem: 16841M
[12/10 00:20:27 d2.utils.events]:  eta: 1:33:46  iter: 4279  total_loss: 0.03547  time: 0.3603  data_time: 0.0087  lr: 0.00017825  max_mem: 16841M
[12/10 00:20:34 d2.utils.events]:  eta: 1:33:39  iter: 4299  total_loss: 0.0428  time: 0.3603  data_time: 0.0089  lr: 0.00017805  max_mem: 16841M
[12/10 00:20:41 d2.utils.events]:  eta: 1:33:32  iter: 4319  total_loss: 0.03598  time: 0.3603  data_time: 0.0082  lr: 0.00017786  max_mem: 16841M
[12/10 00:20:49 d2.utils.events]:  eta: 1:33:25  iter: 4339  total_loss: 0.0393  time: 0.3603  data_time: 0.0081  lr: 0.00017766  max_mem: 16841M
[12/10 00:20:56 d2.utils.events]:  eta: 1:33:18  iter: 4359  total_loss: 0.03285  time: 0.3603  data_time: 0.0079  lr: 0.00017746  max_mem: 16841M
[12/10 00:21:03 d2.utils.events]:  eta: 1:33:12  iter: 4379  total_loss: 0.04111  time: 0.3603  data_time: 0.0080  lr: 0.00017726  max_mem: 16841M
[12/10 00:21:10 d2.utils.events]:  eta: 1:33:05  iter: 4399  total_loss: 0.03928  time: 0.3603  data_time: 0.0078  lr: 0.00017706  max_mem: 16841M
[12/10 00:21:18 d2.utils.events]:  eta: 1:32:58  iter: 4419  total_loss: 0.03188  time: 0.3603  data_time: 0.0081  lr: 0.00017686  max_mem: 16841M
[12/10 00:21:25 d2.utils.events]:  eta: 1:32:51  iter: 4439  total_loss: 0.03149  time: 0.3603  data_time: 0.0085  lr: 0.00017666  max_mem: 16841M
[12/10 00:21:32 d2.utils.events]:  eta: 1:32:44  iter: 4459  total_loss: 0.03331  time: 0.3603  data_time: 0.0083  lr: 0.00017646  max_mem: 16841M
[12/10 00:21:39 d2.utils.events]:  eta: 1:32:37  iter: 4479  total_loss: 0.03727  time: 0.3603  data_time: 0.0082  lr: 0.00017625  max_mem: 16841M
[12/10 00:21:46 d2.utils.events]:  eta: 1:32:33  iter: 4499  total_loss: 0.03765  time: 0.3603  data_time: 0.0078  lr: 0.00017605  max_mem: 16841M
[12/10 00:21:54 d2.utils.events]:  eta: 1:32:25  iter: 4519  total_loss: 0.03488  time: 0.3603  data_time: 0.0078  lr: 0.00017585  max_mem: 16841M
[12/10 00:22:01 d2.utils.events]:  eta: 1:32:19  iter: 4539  total_loss: 0.03073  time: 0.3603  data_time: 0.0078  lr: 0.00017564  max_mem: 16841M
[12/10 00:22:08 d2.utils.events]:  eta: 1:32:13  iter: 4559  total_loss: 0.03683  time: 0.3603  data_time: 0.0092  lr: 0.00017544  max_mem: 16841M
[12/10 00:22:15 d2.utils.events]:  eta: 1:32:03  iter: 4579  total_loss: 0.04144  time: 0.3603  data_time: 0.0083  lr: 0.00017523  max_mem: 16841M
[12/10 00:22:23 d2.utils.events]:  eta: 1:31:56  iter: 4599  total_loss: 0.03689  time: 0.3603  data_time: 0.0086  lr: 0.00017502  max_mem: 16841M
[12/10 00:22:30 d2.utils.events]:  eta: 1:31:48  iter: 4619  total_loss: 0.03536  time: 0.3603  data_time: 0.0088  lr: 0.00017481  max_mem: 16841M
[12/10 00:22:37 d2.utils.events]:  eta: 1:31:41  iter: 4639  total_loss: 0.03835  time: 0.3603  data_time: 0.0082  lr: 0.0001746  max_mem: 16841M
[12/10 00:22:44 d2.utils.events]:  eta: 1:31:34  iter: 4659  total_loss: 0.03707  time: 0.3603  data_time: 0.0083  lr: 0.0001744  max_mem: 16841M
[12/10 00:22:52 d2.utils.events]:  eta: 1:31:29  iter: 4679  total_loss: 0.04008  time: 0.3603  data_time: 0.0078  lr: 0.00017418  max_mem: 16841M
[12/10 00:22:59 d2.utils.events]:  eta: 1:31:20  iter: 4699  total_loss: 0.03616  time: 0.3603  data_time: 0.0077  lr: 0.00017397  max_mem: 16841M
[12/10 00:23:06 d2.utils.events]:  eta: 1:31:11  iter: 4719  total_loss: 0.03917  time: 0.3602  data_time: 0.0078  lr: 0.00017376  max_mem: 16841M
[12/10 00:23:13 d2.utils.events]:  eta: 1:31:05  iter: 4739  total_loss: 0.03421  time: 0.3602  data_time: 0.0086  lr: 0.00017355  max_mem: 16841M
[12/10 00:23:21 d2.utils.events]:  eta: 1:30:59  iter: 4759  total_loss: 0.03692  time: 0.3603  data_time: 0.0090  lr: 0.00017334  max_mem: 16841M
[12/10 00:23:28 d2.utils.events]:  eta: 1:30:49  iter: 4779  total_loss: 0.03606  time: 0.3602  data_time: 0.0078  lr: 0.00017312  max_mem: 16841M
[12/10 00:23:35 d2.utils.events]:  eta: 1:30:43  iter: 4799  total_loss: 0.03401  time: 0.3602  data_time: 0.0078  lr: 0.00017291  max_mem: 16841M
[12/10 00:23:42 d2.utils.events]:  eta: 1:30:36  iter: 4819  total_loss: 0.03054  time: 0.3602  data_time: 0.0084  lr: 0.00017269  max_mem: 16841M
[12/10 00:23:49 d2.utils.events]:  eta: 1:30:29  iter: 4839  total_loss: 0.03755  time: 0.3602  data_time: 0.0091  lr: 0.00017248  max_mem: 16841M
[12/10 00:23:57 d2.utils.events]:  eta: 1:30:20  iter: 4859  total_loss: 0.03574  time: 0.3602  data_time: 0.0076  lr: 0.00017226  max_mem: 16841M
[12/10 00:24:04 d2.utils.events]:  eta: 1:30:12  iter: 4879  total_loss: 0.03189  time: 0.3602  data_time: 0.0079  lr: 0.00017204  max_mem: 16841M
[12/10 00:24:11 d2.utils.events]:  eta: 1:30:06  iter: 4899  total_loss: 0.03514  time: 0.3602  data_time: 0.0082  lr: 0.00017182  max_mem: 16841M
[12/10 00:24:18 d2.utils.events]:  eta: 1:29:59  iter: 4919  total_loss: 0.03289  time: 0.3603  data_time: 0.0086  lr: 0.0001716  max_mem: 16841M
[12/10 00:24:26 d2.utils.events]:  eta: 1:29:51  iter: 4939  total_loss: 0.03181  time: 0.3603  data_time: 0.0084  lr: 0.00017138  max_mem: 16841M
[12/10 00:24:33 d2.utils.events]:  eta: 1:29:44  iter: 4959  total_loss: 0.03807  time: 0.3603  data_time: 0.0090  lr: 0.00017116  max_mem: 16841M
[12/10 00:24:40 d2.utils.events]:  eta: 1:29:36  iter: 4979  total_loss: 0.04047  time: 0.3602  data_time: 0.0082  lr: 0.00017094  max_mem: 16841M
[12/10 00:24:47 fvcore.common.checkpoint]: Saving checkpoint to outputs/gta_seen7_eva_b16_r512/model_0004999.pth
[12/10 00:24:48 d2.data.dataset_mapper]: [DatasetMapper] Augmentations used in inference: [ResizeShortestEdge(short_edge_length=(512, 512), max_size=1024, sample_style='choice')]
[12/10 00:24:48 d2.data.common]: Serializing 998 elements to byte tensors and concatenating them all ...
[12/10 00:24:48 d2.data.common]: Serialized dataset takes 0.27 MiB
[12/10 00:24:48 d2.evaluation.evaluator]: Start inference on 998 batches
[12/10 00:24:55 d2.evaluation.evaluator]: Inference done 11/998. Dataloading: 0.0018 s/iter. Inference: 0.0852 s/iter. Eval: 0.1937 s/iter. Total: 0.2807 s/iter. ETA=0:04:37
[12/10 00:25:00 d2.evaluation.evaluator]: Inference done 29/998. Dataloading: 0.0015 s/iter. Inference: 0.0848 s/iter. Eval: 0.1994 s/iter. Total: 0.2858 s/iter. ETA=0:04:36
[12/10 00:25:06 d2.evaluation.evaluator]: Inference done 47/998. Dataloading: 0.0016 s/iter. Inference: 0.0845 s/iter. Eval: 0.2021 s/iter. Total: 0.2882 s/iter. ETA=0:04:34
[12/10 00:25:11 d2.evaluation.evaluator]: Inference done 66/998. Dataloading: 0.0016 s/iter. Inference: 0.0831 s/iter. Eval: 0.1985 s/iter. Total: 0.2833 s/iter. ETA=0:04:24
[12/10 00:25:16 d2.evaluation.evaluator]: Inference done 84/998. Dataloading: 0.0016 s/iter. Inference: 0.0828 s/iter. Eval: 0.1989 s/iter. Total: 0.2834 s/iter. ETA=0:04:19
[12/10 00:25:21 d2.evaluation.evaluator]: Inference done 102/998. Dataloading: 0.0017 s/iter. Inference: 0.0826 s/iter. Eval: 0.1991 s/iter. Total: 0.2835 s/iter. ETA=0:04:13
[12/10 00:25:26 d2.evaluation.evaluator]: Inference done 119/998. Dataloading: 0.0017 s/iter. Inference: 0.0823 s/iter. Eval: 0.2013 s/iter. Total: 0.2853 s/iter. ETA=0:04:10
[12/10 00:25:31 d2.evaluation.evaluator]: Inference done 137/998. Dataloading: 0.0017 s/iter. Inference: 0.0821 s/iter. Eval: 0.2015 s/iter. Total: 0.2854 s/iter. ETA=0:04:05
[12/10 00:25:36 d2.evaluation.evaluator]: Inference done 154/998. Dataloading: 0.0017 s/iter. Inference: 0.0819 s/iter. Eval: 0.2039 s/iter. Total: 0.2876 s/iter. ETA=0:04:02
[12/10 00:25:41 d2.evaluation.evaluator]: Inference done 173/998. Dataloading: 0.0017 s/iter. Inference: 0.0820 s/iter. Eval: 0.2024 s/iter. Total: 0.2862 s/iter. ETA=0:03:56
[12/10 00:25:47 d2.evaluation.evaluator]: Inference done 191/998. Dataloading: 0.0018 s/iter. Inference: 0.0821 s/iter. Eval: 0.2067 s/iter. Total: 0.2906 s/iter. ETA=0:03:54
[12/10 00:25:53 d2.evaluation.evaluator]: Inference done 210/998. Dataloading: 0.0018 s/iter. Inference: 0.0821 s/iter. Eval: 0.2050 s/iter. Total: 0.2890 s/iter. ETA=0:03:47
[12/10 00:25:58 d2.evaluation.evaluator]: Inference done 227/998. Dataloading: 0.0018 s/iter. Inference: 0.0820 s/iter. Eval: 0.2059 s/iter. Total: 0.2898 s/iter. ETA=0:03:43
[12/10 00:26:03 d2.evaluation.evaluator]: Inference done 246/998. Dataloading: 0.0018 s/iter. Inference: 0.0820 s/iter. Eval: 0.2048 s/iter. Total: 0.2887 s/iter. ETA=0:03:37
[12/10 00:26:08 d2.evaluation.evaluator]: Inference done 264/998. Dataloading: 0.0019 s/iter. Inference: 0.0820 s/iter. Eval: 0.2043 s/iter. Total: 0.2882 s/iter. ETA=0:03:31
[12/10 00:26:13 d2.evaluation.evaluator]: Inference done 283/998. Dataloading: 0.0019 s/iter. Inference: 0.0820 s/iter. Eval: 0.2030 s/iter. Total: 0.2870 s/iter. ETA=0:03:25
[12/10 00:26:18 d2.evaluation.evaluator]: Inference done 303/998. Dataloading: 0.0019 s/iter. Inference: 0.0821 s/iter. Eval: 0.2011 s/iter. Total: 0.2851 s/iter. ETA=0:03:18
[12/10 00:26:23 d2.evaluation.evaluator]: Inference done 323/998. Dataloading: 0.0019 s/iter. Inference: 0.0820 s/iter. Eval: 0.1993 s/iter. Total: 0.2832 s/iter. ETA=0:03:11
[12/10 00:26:29 d2.evaluation.evaluator]: Inference done 343/998. Dataloading: 0.0019 s/iter. Inference: 0.0820 s/iter. Eval: 0.1980 s/iter. Total: 0.2819 s/iter. ETA=0:03:04
[12/10 00:26:34 d2.evaluation.evaluator]: Inference done 362/998. Dataloading: 0.0019 s/iter. Inference: 0.0820 s/iter. Eval: 0.1975 s/iter. Total: 0.2814 s/iter. ETA=0:02:58
[12/10 00:26:39 d2.evaluation.evaluator]: Inference done 381/998. Dataloading: 0.0019 s/iter. Inference: 0.0820 s/iter. Eval: 0.1968 s/iter. Total: 0.2807 s/iter. ETA=0:02:53
[12/10 00:26:44 d2.evaluation.evaluator]: Inference done 400/998. Dataloading: 0.0019 s/iter. Inference: 0.0824 s/iter. Eval: 0.1957 s/iter. Total: 0.2801 s/iter. ETA=0:02:47
[12/10 00:26:49 d2.evaluation.evaluator]: Inference done 419/998. Dataloading: 0.0019 s/iter. Inference: 0.0824 s/iter. Eval: 0.1951 s/iter. Total: 0.2794 s/iter. ETA=0:02:41
[12/10 00:26:54 d2.evaluation.evaluator]: Inference done 438/998. Dataloading: 0.0019 s/iter. Inference: 0.0823 s/iter. Eval: 0.1944 s/iter. Total: 0.2787 s/iter. ETA=0:02:36
[12/10 00:26:59 d2.evaluation.evaluator]: Inference done 458/998. Dataloading: 0.0019 s/iter. Inference: 0.0823 s/iter. Eval: 0.1935 s/iter. Total: 0.2778 s/iter. ETA=0:02:30
[12/10 00:27:04 d2.evaluation.evaluator]: Inference done 478/998. Dataloading: 0.0019 s/iter. Inference: 0.0822 s/iter. Eval: 0.1925 s/iter. Total: 0.2767 s/iter. ETA=0:02:23
[12/10 00:27:09 d2.evaluation.evaluator]: Inference done 497/998. Dataloading: 0.0019 s/iter. Inference: 0.0822 s/iter. Eval: 0.1922 s/iter. Total: 0.2764 s/iter. ETA=0:02:18
[12/10 00:27:15 d2.evaluation.evaluator]: Inference done 516/998. Dataloading: 0.0019 s/iter. Inference: 0.0822 s/iter. Eval: 0.1920 s/iter. Total: 0.2762 s/iter. ETA=0:02:13
[12/10 00:27:20 d2.evaluation.evaluator]: Inference done 535/998. Dataloading: 0.0019 s/iter. Inference: 0.0822 s/iter. Eval: 0.1918 s/iter. Total: 0.2760 s/iter. ETA=0:02:07
[12/10 00:27:25 d2.evaluation.evaluator]: Inference done 554/998. Dataloading: 0.0019 s/iter. Inference: 0.0822 s/iter. Eval: 0.1915 s/iter. Total: 0.2756 s/iter. ETA=0:02:02
[12/10 00:27:30 d2.evaluation.evaluator]: Inference done 573/998. Dataloading: 0.0019 s/iter. Inference: 0.0822 s/iter. Eval: 0.1913 s/iter. Total: 0.2755 s/iter. ETA=0:01:57
[12/10 00:27:35 d2.evaluation.evaluator]: Inference done 592/998. Dataloading: 0.0019 s/iter. Inference: 0.0821 s/iter. Eval: 0.1910 s/iter. Total: 0.2751 s/iter. ETA=0:01:51
[12/10 00:27:40 d2.evaluation.evaluator]: Inference done 612/998. Dataloading: 0.0019 s/iter. Inference: 0.0821 s/iter. Eval: 0.1905 s/iter. Total: 0.2746 s/iter. ETA=0:01:46
[12/10 00:27:45 d2.evaluation.evaluator]: Inference done 632/998. Dataloading: 0.0019 s/iter. Inference: 0.0821 s/iter. Eval: 0.1901 s/iter. Total: 0.2742 s/iter. ETA=0:01:40
[12/10 00:27:51 d2.evaluation.evaluator]: Inference done 652/998. Dataloading: 0.0019 s/iter. Inference: 0.0821 s/iter. Eval: 0.1897 s/iter. Total: 0.2738 s/iter. ETA=0:01:34
[12/10 00:27:56 d2.evaluation.evaluator]: Inference done 671/998. Dataloading: 0.0019 s/iter. Inference: 0.0820 s/iter. Eval: 0.1895 s/iter. Total: 0.2735 s/iter. ETA=0:01:29
[12/10 00:28:01 d2.evaluation.evaluator]: Inference done 690/998. Dataloading: 0.0019 s/iter. Inference: 0.0820 s/iter. Eval: 0.1894 s/iter. Total: 0.2735 s/iter. ETA=0:01:24
[12/10 00:28:06 d2.evaluation.evaluator]: Inference done 710/998. Dataloading: 0.0019 s/iter. Inference: 0.0820 s/iter. Eval: 0.1890 s/iter. Total: 0.2730 s/iter. ETA=0:01:18
[12/10 00:28:11 d2.evaluation.evaluator]: Inference done 730/998. Dataloading: 0.0019 s/iter. Inference: 0.0820 s/iter. Eval: 0.1886 s/iter. Total: 0.2726 s/iter. ETA=0:01:13
[12/10 00:28:16 d2.evaluation.evaluator]: Inference done 749/998. Dataloading: 0.0019 s/iter. Inference: 0.0820 s/iter. Eval: 0.1885 s/iter. Total: 0.2726 s/iter. ETA=0:01:07
[12/10 00:28:21 d2.evaluation.evaluator]: Inference done 769/998. Dataloading: 0.0019 s/iter. Inference: 0.0820 s/iter. Eval: 0.1881 s/iter. Total: 0.2721 s/iter. ETA=0:01:02
[12/10 00:28:26 d2.evaluation.evaluator]: Inference done 789/998. Dataloading: 0.0019 s/iter. Inference: 0.0820 s/iter. Eval: 0.1876 s/iter. Total: 0.2716 s/iter. ETA=0:00:56
[12/10 00:28:32 d2.evaluation.evaluator]: Inference done 806/998. Dataloading: 0.0019 s/iter. Inference: 0.0820 s/iter. Eval: 0.1883 s/iter. Total: 0.2723 s/iter. ETA=0:00:52
[12/10 00:28:37 d2.evaluation.evaluator]: Inference done 824/998. Dataloading: 0.0019 s/iter. Inference: 0.0820 s/iter. Eval: 0.1885 s/iter. Total: 0.2725 s/iter. ETA=0:00:47
[12/10 00:28:42 d2.evaluation.evaluator]: Inference done 844/998. Dataloading: 0.0019 s/iter. Inference: 0.0820 s/iter. Eval: 0.1883 s/iter. Total: 0.2723 s/iter. ETA=0:00:41
[12/10 00:28:47 d2.evaluation.evaluator]: Inference done 864/998. Dataloading: 0.0019 s/iter. Inference: 0.0820 s/iter. Eval: 0.1880 s/iter. Total: 0.2720 s/iter. ETA=0:00:36
[12/10 00:28:52 d2.evaluation.evaluator]: Inference done 885/998. Dataloading: 0.0019 s/iter. Inference: 0.0820 s/iter. Eval: 0.1875 s/iter. Total: 0.2714 s/iter. ETA=0:00:30
[12/10 00:28:58 d2.evaluation.evaluator]: Inference done 905/998. Dataloading: 0.0019 s/iter. Inference: 0.0820 s/iter. Eval: 0.1873 s/iter. Total: 0.2712 s/iter. ETA=0:00:25
[12/10 00:29:03 d2.evaluation.evaluator]: Inference done 924/998. Dataloading: 0.0019 s/iter. Inference: 0.0819 s/iter. Eval: 0.1871 s/iter. Total: 0.2711 s/iter. ETA=0:00:20
[12/10 00:29:08 d2.evaluation.evaluator]: Inference done 944/998. Dataloading: 0.0019 s/iter. Inference: 0.0819 s/iter. Eval: 0.1868 s/iter. Total: 0.2708 s/iter. ETA=0:00:14
[12/10 00:29:13 d2.evaluation.evaluator]: Inference done 964/998. Dataloading: 0.0019 s/iter. Inference: 0.0819 s/iter. Eval: 0.1866 s/iter. Total: 0.2705 s/iter. ETA=0:00:09
[12/10 00:29:18 d2.evaluation.evaluator]: Inference done 984/998. Dataloading: 0.0019 s/iter. Inference: 0.0819 s/iter. Eval: 0.1864 s/iter. Total: 0.2704 s/iter. ETA=0:00:03
[12/10 00:29:22 d2.evaluation.evaluator]: Total inference time: 0:04:28.662354 (0.270556 s / iter per device, on 1 devices)
[12/10 00:29:22 d2.evaluation.evaluator]: Total inference pure compute time: 0:01:21 (0.081923 s / iter per device, on 1 devices)
[12/10 00:29:22 d2.evaluation.sem_seg_evaluation]: OrderedDict([('sem_seg', {'mIoU': 46.61691786416694, 'fwIoU': 66.88650774429628, 'IoU-road': 76.17542082196793, 'IoU-sidewalk': 7.083725594396811, 'IoU-building': 78.63489894232688, 'IoU-wall': 28.54185452674865, 'IoU-fence': 13.277585231017344, 'IoU-pole': 13.036935276580182, 'IoU-traffic light': 26.86345167236971, 'IoU-traffic sign': 25.310286145571986, 'IoU-vegetation': 61.44863620910653, 'IoU-terrain': 28.02308719018877, 'IoU-sky': 80.66343520325314, 'IoU-person': 32.763447575661424, 'IoU-rider': 5.097226283955259, 'IoU-car': 69.5090471888258, 'IoU-truck': 39.973727489021385, 'IoU-bus': 24.499995294386903, 'IoU-train': 0.7293026672635237, 'IoU-motorcycle': 22.8619657238413, 'IoU-bicycle': 17.893656977221507, 'IoU-bag': 68.54717437482911, 'IoU-ball': 34.868158933681045, 'IoU-barrel': 77.0330958760312, 'IoU-bench': 4.811492289869092, 'IoU-bird': 69.62354302804351, 'IoU-bottle': 75.25724632465261, 'IoU-cart': 50.97111951779524, 'IoU-cat': 75.14486073497498, 'IoU-chair': 49.28501716444362, 'IoU-cow': 66.79968587301126, 'IoU-deer': 41.84539795986314, 'IoU-dog': 59.89405145008955, 'IoU-drone': 43.21564660756044, 'IoU-elephant': 76.4606506804443, 'IoU-hat': 49.38785984053858, 'IoU-horse': 71.52024623604396, 'IoU-robot': 61.86435356779182, 'IoU-sheep': 66.8360186044012, 'IoU-table': 22.789429164248514, 'IoU-toy': 62.83483147386505, 'IoU-umbrella': 60.131829321612905, 'IoU-zebra': 69.78423739334866, 'mACC': 67.65656943398159, 'pACC': 79.18871441409757, 'ACC-road': 97.8978073040247, 'ACC-sidewalk': 7.352413607382512, 'ACC-building': 89.59071302045794, 'ACC-wall': 44.387780155499414, 'ACC-fence': 15.88191786348434, 'ACC-pole': 34.46145559127785, 'ACC-traffic light': 53.03418184504919, 'ACC-traffic sign': 28.88730597439827, 'ACC-vegetation': 72.08876225831438, 'ACC-terrain': 55.473356826850576, 'ACC-sky': 87.20310235175705, 'ACC-person': 40.65491803123682, 'ACC-rider': 14.894037540764108, 'ACC-car': 80.6161605899392, 'ACC-truck': 79.2264771233075, 'ACC-bus': 87.65596133446168, 'ACC-train': 0.7876274181788777, 'ACC-motorcycle': 29.435464565466873, 'ACC-bicycle': 21.197443612448282, 'ACC-bag': 92.81561254832347, 'ACC-ball': 95.73586676487132, 'ACC-barrel': 83.65494226667647, 'ACC-bench': 83.9217798706757, 'ACC-bird': 85.4048094681693, 'ACC-bottle': 84.2712125486403, 'ACC-cart': 89.3008972281165, 'ACC-cat': 94.47165705081086, 'ACC-chair': 63.72886955085435, 'ACC-cow': 95.60415258475037, 'ACC-deer': 87.9508356506512, 'ACC-dog': 78.57483962435144, 'ACC-drone': 61.1482641394342, 'ACC-elephant': 88.30449256909337, 'ACC-hat': 94.8853993310155, 'ACC-horse': 88.69876797410544, 'ACC-robot': 93.27414719457336, 'ACC-sheep': 78.68002555488964, 'ACC-table': 26.865024269294146, 'ACC-toy': 83.27088481554567, 'ACC-umbrella': 96.59011100174047, 'ACC-zebra': 86.0398677723633})])
[12/10 00:29:22 d2.engine.defaults]: Evaluation results for acdc_inpaint41_test in csv format:
[12/10 00:29:22 d2.evaluation.testing]: copypaste: Task: sem_seg
[12/10 00:29:22 d2.evaluation.testing]: copypaste: mIoU,fwIoU,mACC,pACC
[12/10 00:29:22 d2.evaluation.testing]: copypaste: 46.6169,66.8865,67.6566,79.1887
[12/10 00:29:22 d2.utils.events]:  eta: 1:29:29  iter: 4999  total_loss: 0.03238  time: 0.3602  data_time: 0.0081  lr: 0.00017072  max_mem: 2330M
[12/10 00:29:30 d2.utils.events]:  eta: 1:29:22  iter: 5019  total_loss: 0.03626  time: 0.3602  data_time: 0.0092  lr: 0.0001705  max_mem: 6656M
[12/10 00:29:37 d2.utils.events]:  eta: 1:29:15  iter: 5039  total_loss: 0.03666  time: 0.3602  data_time: 0.0092  lr: 0.00017028  max_mem: 6656M
[12/10 00:29:44 d2.utils.events]:  eta: 1:29:09  iter: 5059  total_loss: 0.03438  time: 0.3603  data_time: 0.0103  lr: 0.00017005  max_mem: 6656M
[12/10 00:29:52 d2.utils.events]:  eta: 1:29:04  iter: 5079  total_loss: 0.03396  time: 0.3603  data_time: 0.0103  lr: 0.00016983  max_mem: 6657M
[12/10 00:29:59 d2.utils.events]:  eta: 1:28:57  iter: 5099  total_loss: 0.03836  time: 0.3603  data_time: 0.0093  lr: 0.0001696  max_mem: 6657M
[12/10 00:30:06 d2.utils.events]:  eta: 1:28:51  iter: 5119  total_loss: 0.04002  time: 0.3603  data_time: 0.0120  lr: 0.00016938  max_mem: 6657M
[12/10 00:30:14 d2.utils.events]:  eta: 1:28:45  iter: 5139  total_loss: 0.0352  time: 0.3603  data_time: 0.0091  lr: 0.00016915  max_mem: 6657M
[12/10 00:30:21 d2.utils.events]:  eta: 1:28:39  iter: 5159  total_loss: 0.03527  time: 0.3603  data_time: 0.0092  lr: 0.00016892  max_mem: 6657M
[12/10 00:30:28 d2.utils.events]:  eta: 1:28:32  iter: 5179  total_loss: 0.03173  time: 0.3603  data_time: 0.0087  lr: 0.00016869  max_mem: 6657M
[12/10 00:30:36 d2.utils.events]:  eta: 1:28:26  iter: 5199  total_loss: 0.04028  time: 0.3604  data_time: 0.0092  lr: 0.00016847  max_mem: 6657M
[12/10 00:30:43 d2.utils.events]:  eta: 1:28:21  iter: 5219  total_loss: 0.03736  time: 0.3604  data_time: 0.0082  lr: 0.00016824  max_mem: 6657M
[12/10 00:30:50 d2.utils.events]:  eta: 1:28:15  iter: 5239  total_loss: 0.03545  time: 0.3604  data_time: 0.0092  lr: 0.00016801  max_mem: 6657M
[12/10 00:30:57 d2.utils.events]:  eta: 1:28:09  iter: 5259  total_loss: 0.03115  time: 0.3604  data_time: 0.0091  lr: 0.00016778  max_mem: 6657M
[12/10 00:31:05 d2.utils.events]:  eta: 1:28:04  iter: 5279  total_loss: 0.0322  time: 0.3604  data_time: 0.0094  lr: 0.00016754  max_mem: 6657M
[12/10 00:31:12 d2.utils.events]:  eta: 1:27:57  iter: 5299  total_loss: 0.04127  time: 0.3604  data_time: 0.0077  lr: 0.00016731  max_mem: 6657M
[12/10 00:31:19 d2.utils.events]:  eta: 1:27:51  iter: 5319  total_loss: 0.03408  time: 0.3604  data_time: 0.0086  lr: 0.00016708  max_mem: 6657M
[12/10 00:31:27 d2.utils.events]:  eta: 1:27:47  iter: 5339  total_loss: 0.0374  time: 0.3604  data_time: 0.0090  lr: 0.00016685  max_mem: 6657M
[12/10 00:31:34 d2.utils.events]:  eta: 1:27:43  iter: 5359  total_loss: 0.03811  time: 0.3604  data_time: 0.0089  lr: 0.00016661  max_mem: 6657M
[12/10 00:31:41 d2.utils.events]:  eta: 1:27:34  iter: 5379  total_loss: 0.03813  time: 0.3604  data_time: 0.0084  lr: 0.00016638  max_mem: 6657M
[12/10 00:31:48 d2.utils.events]:  eta: 1:27:31  iter: 5399  total_loss: 0.03363  time: 0.3604  data_time: 0.0085  lr: 0.00016614  max_mem: 6657M
[12/10 00:31:56 d2.utils.events]:  eta: 1:27:25  iter: 5419  total_loss: 0.03162  time: 0.3604  data_time: 0.0087  lr: 0.00016591  max_mem: 6657M
[12/10 00:32:03 d2.utils.events]:  eta: 1:27:17  iter: 5439  total_loss: 0.03972  time: 0.3604  data_time: 0.0087  lr: 0.00016567  max_mem: 6657M
[12/10 00:32:10 d2.utils.events]:  eta: 1:27:11  iter: 5459  total_loss: 0.03532  time: 0.3605  data_time: 0.0083  lr: 0.00016543  max_mem: 6657M
[12/10 00:32:17 d2.utils.events]:  eta: 1:27:06  iter: 5479  total_loss: 0.03336  time: 0.3605  data_time: 0.0087  lr: 0.0001652  max_mem: 6657M
[12/10 00:32:25 d2.utils.events]:  eta: 1:26:59  iter: 5499  total_loss: 0.03165  time: 0.3605  data_time: 0.0095  lr: 0.00016496  max_mem: 6657M
[12/10 00:32:32 d2.utils.events]:  eta: 1:26:55  iter: 5519  total_loss: 0.03846  time: 0.3605  data_time: 0.0090  lr: 0.00016472  max_mem: 6657M
[12/10 00:32:40 d2.utils.events]:  eta: 1:26:48  iter: 5539  total_loss: 0.03312  time: 0.3605  data_time: 0.0088  lr: 0.00016448  max_mem: 6657M
[12/10 00:32:47 d2.utils.events]:  eta: 1:26:42  iter: 5559  total_loss: 0.03348  time: 0.3605  data_time: 0.0090  lr: 0.00016424  max_mem: 6657M
[12/10 00:32:54 d2.utils.events]:  eta: 1:26:35  iter: 5579  total_loss: 0.0357  time: 0.3605  data_time: 0.0091  lr: 0.000164  max_mem: 6657M
[12/10 00:33:02 d2.utils.events]:  eta: 1:26:27  iter: 5599  total_loss: 0.04061  time: 0.3605  data_time: 0.0087  lr: 0.00016375  max_mem: 6657M
[12/10 00:33:09 d2.utils.events]:  eta: 1:26:21  iter: 5619  total_loss: 0.03397  time: 0.3606  data_time: 0.0085  lr: 0.00016351  max_mem: 6657M
[12/10 00:33:16 d2.utils.events]:  eta: 1:26:15  iter: 5639  total_loss: 0.03286  time: 0.3606  data_time: 0.0082  lr: 0.00016327  max_mem: 6657M
[12/10 00:33:24 d2.utils.events]:  eta: 1:26:10  iter: 5659  total_loss: 0.03408  time: 0.3606  data_time: 0.0086  lr: 0.00016303  max_mem: 6657M
[12/10 00:33:31 d2.utils.events]:  eta: 1:26:05  iter: 5679  total_loss: 0.032  time: 0.3606  data_time: 0.0093  lr: 0.00016278  max_mem: 6657M
[12/10 00:33:38 d2.utils.events]:  eta: 1:25:59  iter: 5699  total_loss: 0.03983  time: 0.3606  data_time: 0.0081  lr: 0.00016254  max_mem: 6657M
[12/10 00:33:45 d2.utils.events]:  eta: 1:25:53  iter: 5719  total_loss: 0.03343  time: 0.3606  data_time: 0.0086  lr: 0.00016229  max_mem: 6657M
[12/10 00:33:53 d2.utils.events]:  eta: 1:25:47  iter: 5739  total_loss: 0.03585  time: 0.3606  data_time: 0.0085  lr: 0.00016204  max_mem: 6657M
[12/10 00:34:00 d2.utils.events]:  eta: 1:25:39  iter: 5759  total_loss: 0.03663  time: 0.3606  data_time: 0.0086  lr: 0.0001618  max_mem: 6657M
[12/10 00:34:07 d2.utils.events]:  eta: 1:25:33  iter: 5779  total_loss: 0.03276  time: 0.3606  data_time: 0.0105  lr: 0.00016155  max_mem: 6657M
[12/10 00:34:15 d2.utils.events]:  eta: 1:25:27  iter: 5799  total_loss: 0.03411  time: 0.3606  data_time: 0.0084  lr: 0.0001613  max_mem: 6657M
[12/10 00:34:22 d2.utils.events]:  eta: 1:25:22  iter: 5819  total_loss: 0.03493  time: 0.3606  data_time: 0.0086  lr: 0.00016105  max_mem: 6657M
[12/10 00:34:29 d2.utils.events]:  eta: 1:25:17  iter: 5839  total_loss: 0.03015  time: 0.3607  data_time: 0.0092  lr: 0.00016081  max_mem: 6658M
[12/10 00:34:36 d2.utils.events]:  eta: 1:25:11  iter: 5859  total_loss: 0.03501  time: 0.3607  data_time: 0.0083  lr: 0.00016056  max_mem: 6658M
[12/10 00:34:44 d2.utils.events]:  eta: 1:25:04  iter: 5879  total_loss: 0.03753  time: 0.3607  data_time: 0.0080  lr: 0.00016031  max_mem: 6658M
[12/10 00:34:51 d2.utils.events]:  eta: 1:24:54  iter: 5899  total_loss: 0.0323  time: 0.3607  data_time: 0.0083  lr: 0.00016005  max_mem: 6658M
[12/10 00:34:58 d2.utils.events]:  eta: 1:24:48  iter: 5919  total_loss: 0.03399  time: 0.3607  data_time: 0.0087  lr: 0.0001598  max_mem: 6658M
[12/10 00:35:06 d2.utils.events]:  eta: 1:24:41  iter: 5939  total_loss: 0.0345  time: 0.3607  data_time: 0.0086  lr: 0.00015955  max_mem: 6658M
[12/10 00:35:13 d2.utils.events]:  eta: 1:24:35  iter: 5959  total_loss: 0.03291  time: 0.3607  data_time: 0.0083  lr: 0.0001593  max_mem: 6658M
[12/10 00:35:20 d2.utils.events]:  eta: 1:24:30  iter: 5979  total_loss: 0.03693  time: 0.3607  data_time: 0.0091  lr: 0.00015905  max_mem: 6658M
[12/10 00:35:27 d2.utils.events]:  eta: 1:24:24  iter: 5999  total_loss: 0.03055  time: 0.3607  data_time: 0.0092  lr: 0.00015879  max_mem: 6658M
[12/10 00:35:35 d2.utils.events]:  eta: 1:24:17  iter: 6019  total_loss: 0.03424  time: 0.3607  data_time: 0.0087  lr: 0.00015854  max_mem: 6658M
[12/10 00:35:42 d2.utils.events]:  eta: 1:24:10  iter: 6039  total_loss: 0.03544  time: 0.3607  data_time: 0.0084  lr: 0.00015828  max_mem: 6658M
[12/10 00:35:49 d2.utils.events]:  eta: 1:24:03  iter: 6059  total_loss: 0.03292  time: 0.3607  data_time: 0.0085  lr: 0.00015803  max_mem: 6658M
[12/10 00:35:56 d2.utils.events]:  eta: 1:23:53  iter: 6079  total_loss: 0.0322  time: 0.3607  data_time: 0.0081  lr: 0.00015777  max_mem: 6658M
[12/10 00:36:04 d2.utils.events]:  eta: 1:23:45  iter: 6099  total_loss: 0.03567  time: 0.3607  data_time: 0.0078  lr: 0.00015751  max_mem: 6658M
[12/10 00:36:11 d2.utils.events]:  eta: 1:23:35  iter: 6119  total_loss: 0.03601  time: 0.3607  data_time: 0.0087  lr: 0.00015726  max_mem: 6658M
[12/10 00:36:18 d2.utils.events]:  eta: 1:23:27  iter: 6139  total_loss: 0.03677  time: 0.3607  data_time: 0.0083  lr: 0.000157  max_mem: 6658M
[12/10 00:36:25 d2.utils.events]:  eta: 1:23:19  iter: 6159  total_loss: 0.03766  time: 0.3607  data_time: 0.0085  lr: 0.00015674  max_mem: 6658M
[12/10 00:36:33 d2.utils.events]:  eta: 1:23:11  iter: 6179  total_loss: 0.0315  time: 0.3607  data_time: 0.0081  lr: 0.00015648  max_mem: 6658M
[12/10 00:36:40 d2.utils.events]:  eta: 1:23:00  iter: 6199  total_loss: 0.03597  time: 0.3607  data_time: 0.0082  lr: 0.00015622  max_mem: 6658M
[12/10 00:36:47 d2.utils.events]:  eta: 1:22:53  iter: 6219  total_loss: 0.03256  time: 0.3607  data_time: 0.0087  lr: 0.00015596  max_mem: 6658M
[12/10 00:36:54 d2.utils.events]:  eta: 1:22:44  iter: 6239  total_loss: 0.03528  time: 0.3607  data_time: 0.0083  lr: 0.0001557  max_mem: 6658M
[12/10 00:37:02 d2.utils.events]:  eta: 1:22:36  iter: 6259  total_loss: 0.03569  time: 0.3607  data_time: 0.0085  lr: 0.00015544  max_mem: 6658M
[12/10 00:37:09 d2.utils.events]:  eta: 1:22:27  iter: 6279  total_loss: 0.03359  time: 0.3607  data_time: 0.0083  lr: 0.00015518  max_mem: 6658M
[12/10 00:37:16 d2.utils.events]:  eta: 1:22:19  iter: 6299  total_loss: 0.03319  time: 0.3607  data_time: 0.0086  lr: 0.00015492  max_mem: 6658M
[12/10 00:37:23 d2.utils.events]:  eta: 1:22:10  iter: 6319  total_loss: 0.03196  time: 0.3607  data_time: 0.0086  lr: 0.00015465  max_mem: 6658M
[12/10 00:37:31 d2.utils.events]:  eta: 1:22:01  iter: 6339  total_loss: 0.03343  time: 0.3607  data_time: 0.0082  lr: 0.00015439  max_mem: 6658M
[12/10 00:37:38 d2.utils.events]:  eta: 1:21:52  iter: 6359  total_loss: 0.03267  time: 0.3607  data_time: 0.0082  lr: 0.00015413  max_mem: 6658M
[12/10 00:37:45 d2.utils.events]:  eta: 1:21:44  iter: 6379  total_loss: 0.03315  time: 0.3607  data_time: 0.0079  lr: 0.00015386  max_mem: 6658M
[12/10 00:37:52 d2.utils.events]:  eta: 1:21:35  iter: 6399  total_loss: 0.03803  time: 0.3607  data_time: 0.0081  lr: 0.0001536  max_mem: 6658M
[12/10 00:37:59 d2.utils.events]:  eta: 1:21:27  iter: 6419  total_loss: 0.03276  time: 0.3607  data_time: 0.0084  lr: 0.00015333  max_mem: 6658M
[12/10 00:38:07 d2.utils.events]:  eta: 1:21:20  iter: 6439  total_loss: 0.03159  time: 0.3607  data_time: 0.0084  lr: 0.00015306  max_mem: 6658M
[12/10 00:38:14 d2.utils.events]:  eta: 1:21:12  iter: 6459  total_loss: 0.03521  time: 0.3607  data_time: 0.0085  lr: 0.0001528  max_mem: 6658M
[12/10 00:38:21 d2.utils.events]:  eta: 1:21:04  iter: 6479  total_loss: 0.03497  time: 0.3607  data_time: 0.0086  lr: 0.00015253  max_mem: 6658M
[12/10 00:38:28 d2.utils.events]:  eta: 1:20:54  iter: 6499  total_loss: 0.03411  time: 0.3607  data_time: 0.0093  lr: 0.00015226  max_mem: 6658M
[12/10 00:38:36 d2.utils.events]:  eta: 1:20:46  iter: 6519  total_loss: 0.03429  time: 0.3607  data_time: 0.0081  lr: 0.000152  max_mem: 6658M
[12/10 00:38:43 d2.utils.events]:  eta: 1:20:39  iter: 6539  total_loss: 0.03577  time: 0.3607  data_time: 0.0088  lr: 0.00015173  max_mem: 6658M
[12/10 00:38:50 d2.utils.events]:  eta: 1:20:30  iter: 6559  total_loss: 0.03638  time: 0.3607  data_time: 0.0080  lr: 0.00015146  max_mem: 6658M
[12/10 00:38:58 d2.utils.events]:  eta: 1:20:23  iter: 6579  total_loss: 0.03818  time: 0.3607  data_time: 0.0084  lr: 0.00015119  max_mem: 6658M
[12/10 00:39:05 d2.utils.events]:  eta: 1:20:14  iter: 6599  total_loss: 0.03155  time: 0.3607  data_time: 0.0084  lr: 0.00015092  max_mem: 6658M
[12/10 00:39:12 d2.utils.events]:  eta: 1:20:06  iter: 6619  total_loss: 0.03619  time: 0.3607  data_time: 0.0085  lr: 0.00015065  max_mem: 6658M
[12/10 00:39:19 d2.utils.events]:  eta: 1:19:59  iter: 6639  total_loss: 0.0373  time: 0.3607  data_time: 0.0078  lr: 0.00015038  max_mem: 6658M
[12/10 00:39:27 d2.utils.events]:  eta: 1:19:51  iter: 6659  total_loss: 0.03318  time: 0.3607  data_time: 0.0080  lr: 0.0001501  max_mem: 6658M
[12/10 00:39:34 d2.utils.events]:  eta: 1:19:43  iter: 6679  total_loss: 0.03595  time: 0.3607  data_time: 0.0086  lr: 0.00014983  max_mem: 6658M
[12/10 00:39:41 d2.utils.events]:  eta: 1:19:36  iter: 6699  total_loss: 0.03162  time: 0.3607  data_time: 0.0086  lr: 0.00014956  max_mem: 6658M
[12/10 00:39:48 d2.utils.events]:  eta: 1:19:29  iter: 6719  total_loss: 0.03217  time: 0.3607  data_time: 0.0084  lr: 0.00014929  max_mem: 6658M
[12/10 00:39:56 d2.utils.events]:  eta: 1:19:22  iter: 6739  total_loss: 0.03486  time: 0.3607  data_time: 0.0082  lr: 0.00014901  max_mem: 6658M
[12/10 00:40:03 d2.utils.events]:  eta: 1:19:14  iter: 6759  total_loss: 0.03335  time: 0.3607  data_time: 0.0086  lr: 0.00014874  max_mem: 6658M
[12/10 00:40:10 d2.utils.events]:  eta: 1:19:07  iter: 6779  total_loss: 0.03146  time: 0.3607  data_time: 0.0100  lr: 0.00014846  max_mem: 6658M
[12/10 00:40:17 d2.utils.events]:  eta: 1:18:59  iter: 6799  total_loss: 0.03912  time: 0.3607  data_time: 0.0088  lr: 0.00014819  max_mem: 6658M
[12/10 00:40:25 d2.utils.events]:  eta: 1:18:52  iter: 6819  total_loss: 0.03096  time: 0.3607  data_time: 0.0083  lr: 0.00014791  max_mem: 6658M
[12/10 00:40:32 d2.utils.events]:  eta: 1:18:43  iter: 6839  total_loss: 0.03817  time: 0.3607  data_time: 0.0079  lr: 0.00014764  max_mem: 6658M
[12/10 00:40:39 d2.utils.events]:  eta: 1:18:36  iter: 6859  total_loss: 0.03528  time: 0.3607  data_time: 0.0079  lr: 0.00014736  max_mem: 6658M
[12/10 00:40:46 d2.utils.events]:  eta: 1:18:29  iter: 6879  total_loss: 0.03788  time: 0.3607  data_time: 0.0083  lr: 0.00014708  max_mem: 6658M
[12/10 00:40:54 d2.utils.events]:  eta: 1:18:21  iter: 6899  total_loss: 0.03574  time: 0.3607  data_time: 0.0083  lr: 0.00014681  max_mem: 6658M
[12/10 00:41:01 d2.utils.events]:  eta: 1:18:14  iter: 6919  total_loss: 0.03176  time: 0.3607  data_time: 0.0079  lr: 0.00014653  max_mem: 6658M
[12/10 00:41:08 d2.utils.events]:  eta: 1:18:06  iter: 6939  total_loss: 0.03576  time: 0.3607  data_time: 0.0081  lr: 0.00014625  max_mem: 6658M
[12/10 00:41:15 d2.utils.events]:  eta: 1:17:57  iter: 6959  total_loss: 0.03154  time: 0.3607  data_time: 0.0081  lr: 0.00014597  max_mem: 6658M
[12/10 00:41:22 d2.utils.events]:  eta: 1:17:49  iter: 6979  total_loss: 0.03451  time: 0.3607  data_time: 0.0085  lr: 0.00014569  max_mem: 6658M
[12/10 00:41:30 d2.utils.events]:  eta: 1:17:41  iter: 6999  total_loss: 0.03084  time: 0.3607  data_time: 0.0084  lr: 0.00014541  max_mem: 6658M
[12/10 00:41:37 d2.utils.events]:  eta: 1:17:33  iter: 7019  total_loss: 0.03199  time: 0.3607  data_time: 0.0081  lr: 0.00014513  max_mem: 6658M
[12/10 00:41:44 d2.utils.events]:  eta: 1:17:25  iter: 7039  total_loss: 0.0316  time: 0.3607  data_time: 0.0080  lr: 0.00014485  max_mem: 6658M
[12/10 00:41:51 d2.utils.events]:  eta: 1:17:18  iter: 7059  total_loss: 0.03322  time: 0.3607  data_time: 0.0089  lr: 0.00014457  max_mem: 6658M
[12/10 00:41:59 d2.utils.events]:  eta: 1:17:12  iter: 7079  total_loss: 0.03176  time: 0.3607  data_time: 0.0087  lr: 0.00014429  max_mem: 6658M
[12/10 00:42:06 d2.utils.events]:  eta: 1:17:05  iter: 7099  total_loss: 0.03551  time: 0.3607  data_time: 0.0081  lr: 0.00014401  max_mem: 6658M
[12/10 00:42:13 d2.utils.events]:  eta: 1:16:58  iter: 7119  total_loss: 0.02915  time: 0.3607  data_time: 0.0084  lr: 0.00014373  max_mem: 6658M
[12/10 00:42:20 d2.utils.events]:  eta: 1:16:51  iter: 7139  total_loss: 0.03414  time: 0.3607  data_time: 0.0088  lr: 0.00014344  max_mem: 6658M
[12/10 00:42:28 d2.utils.events]:  eta: 1:16:43  iter: 7159  total_loss: 0.02996  time: 0.3607  data_time: 0.0084  lr: 0.00014316  max_mem: 6658M
[12/10 00:42:35 d2.utils.events]:  eta: 1:16:37  iter: 7179  total_loss: 0.03491  time: 0.3607  data_time: 0.0090  lr: 0.00014288  max_mem: 6658M
[12/10 00:42:42 d2.utils.events]:  eta: 1:16:30  iter: 7199  total_loss: 0.03843  time: 0.3607  data_time: 0.0092  lr: 0.00014259  max_mem: 6658M
[12/10 00:42:49 d2.utils.events]:  eta: 1:16:22  iter: 7219  total_loss: 0.03547  time: 0.3607  data_time: 0.0084  lr: 0.00014231  max_mem: 6658M
[12/10 00:42:56 d2.utils.events]:  eta: 1:16:15  iter: 7239  total_loss: 0.03552  time: 0.3607  data_time: 0.0085  lr: 0.00014202  max_mem: 6658M
[12/10 00:43:04 d2.utils.events]:  eta: 1:16:08  iter: 7259  total_loss: 0.03137  time: 0.3607  data_time: 0.0081  lr: 0.00014174  max_mem: 6658M
[12/10 00:43:11 d2.utils.events]:  eta: 1:16:00  iter: 7279  total_loss: 0.03203  time: 0.3607  data_time: 0.0084  lr: 0.00014145  max_mem: 6658M
[12/10 00:43:18 d2.utils.events]:  eta: 1:15:54  iter: 7299  total_loss: 0.03403  time: 0.3607  data_time: 0.0086  lr: 0.00014117  max_mem: 6658M
[12/10 00:43:25 d2.utils.events]:  eta: 1:15:47  iter: 7319  total_loss: 0.03509  time: 0.3607  data_time: 0.0081  lr: 0.00014088  max_mem: 6658M
[12/10 00:43:33 d2.utils.events]:  eta: 1:15:40  iter: 7339  total_loss: 0.03104  time: 0.3607  data_time: 0.0079  lr: 0.00014059  max_mem: 6658M
[12/10 00:43:40 d2.utils.events]:  eta: 1:15:33  iter: 7359  total_loss: 0.03053  time: 0.3606  data_time: 0.0081  lr: 0.00014031  max_mem: 6658M
[12/10 00:43:47 d2.utils.events]:  eta: 1:15:26  iter: 7379  total_loss: 0.03903  time: 0.3606  data_time: 0.0087  lr: 0.00014002  max_mem: 6658M
[12/10 00:43:54 d2.utils.events]:  eta: 1:15:19  iter: 7399  total_loss: 0.03017  time: 0.3606  data_time: 0.0088  lr: 0.00013973  max_mem: 6658M
[12/10 00:44:02 d2.utils.events]:  eta: 1:15:12  iter: 7419  total_loss: 0.04503  time: 0.3607  data_time: 0.0086  lr: 0.00013944  max_mem: 6658M
[12/10 00:44:09 d2.utils.events]:  eta: 1:15:05  iter: 7439  total_loss: 0.0288  time: 0.3607  data_time: 0.0090  lr: 0.00013915  max_mem: 6658M
[12/10 00:44:16 d2.utils.events]:  eta: 1:14:58  iter: 7459  total_loss: 0.03109  time: 0.3607  data_time: 0.0087  lr: 0.00013886  max_mem: 6658M
[12/10 00:44:24 d2.utils.events]:  eta: 1:14:51  iter: 7479  total_loss: 0.03786  time: 0.3607  data_time: 0.0083  lr: 0.00013857  max_mem: 6658M
[12/10 00:44:31 d2.utils.events]:  eta: 1:14:44  iter: 7499  total_loss: 0.03456  time: 0.3607  data_time: 0.0081  lr: 0.00013828  max_mem: 6658M
[12/10 00:44:38 d2.utils.events]:  eta: 1:14:37  iter: 7519  total_loss: 0.02928  time: 0.3607  data_time: 0.0088  lr: 0.00013799  max_mem: 6658M
[12/10 00:44:45 d2.utils.events]:  eta: 1:14:29  iter: 7539  total_loss: 0.03554  time: 0.3607  data_time: 0.0088  lr: 0.0001377  max_mem: 6658M
[12/10 00:44:52 d2.utils.events]:  eta: 1:14:22  iter: 7559  total_loss: 0.03502  time: 0.3607  data_time: 0.0085  lr: 0.00013741  max_mem: 6658M
[12/10 00:45:00 d2.utils.events]:  eta: 1:14:15  iter: 7579  total_loss: 0.0353  time: 0.3607  data_time: 0.0085  lr: 0.00013712  max_mem: 6658M
[12/10 00:45:07 d2.utils.events]:  eta: 1:14:08  iter: 7599  total_loss: 0.03075  time: 0.3607  data_time: 0.0083  lr: 0.00013683  max_mem: 6658M
[12/10 00:45:14 d2.utils.events]:  eta: 1:14:00  iter: 7619  total_loss: 0.03387  time: 0.3607  data_time: 0.0085  lr: 0.00013653  max_mem: 6658M
[12/10 00:45:21 d2.utils.events]:  eta: 1:13:53  iter: 7639  total_loss: 0.03439  time: 0.3607  data_time: 0.0083  lr: 0.00013624  max_mem: 6658M
[12/10 00:45:29 d2.utils.events]:  eta: 1:13:46  iter: 7659  total_loss: 0.03656  time: 0.3607  data_time: 0.0093  lr: 0.00013595  max_mem: 6658M
[12/10 00:45:36 d2.utils.events]:  eta: 1:13:39  iter: 7679  total_loss: 0.0326  time: 0.3607  data_time: 0.0084  lr: 0.00013566  max_mem: 6658M
[12/10 00:45:43 d2.utils.events]:  eta: 1:13:31  iter: 7699  total_loss: 0.0434  time: 0.3607  data_time: 0.0085  lr: 0.00013536  max_mem: 6658M
[12/10 00:45:50 d2.utils.events]:  eta: 1:13:24  iter: 7719  total_loss: 0.03161  time: 0.3607  data_time: 0.0086  lr: 0.00013507  max_mem: 6658M
[12/10 00:45:58 d2.utils.events]:  eta: 1:13:17  iter: 7739  total_loss: 0.03514  time: 0.3607  data_time: 0.0086  lr: 0.00013477  max_mem: 6658M
[12/10 00:46:05 d2.utils.events]:  eta: 1:13:10  iter: 7759  total_loss: 0.02806  time: 0.3607  data_time: 0.0083  lr: 0.00013448  max_mem: 6658M
[12/10 00:46:12 d2.utils.events]:  eta: 1:13:03  iter: 7779  total_loss: 0.03488  time: 0.3607  data_time: 0.0085  lr: 0.00013418  max_mem: 6658M
[12/10 00:46:19 d2.utils.events]:  eta: 1:12:55  iter: 7799  total_loss: 0.03063  time: 0.3607  data_time: 0.0086  lr: 0.00013389  max_mem: 6658M
[12/10 00:46:27 d2.utils.events]:  eta: 1:12:48  iter: 7819  total_loss: 0.03298  time: 0.3607  data_time: 0.0084  lr: 0.00013359  max_mem: 6658M
[12/10 00:46:34 d2.utils.events]:  eta: 1:12:42  iter: 7839  total_loss: 0.03211  time: 0.3607  data_time: 0.0082  lr: 0.0001333  max_mem: 6658M
[12/10 00:46:41 d2.utils.events]:  eta: 1:12:35  iter: 7859  total_loss: 0.03203  time: 0.3607  data_time: 0.0082  lr: 0.000133  max_mem: 6658M
[12/10 00:46:48 d2.utils.events]:  eta: 1:12:27  iter: 7879  total_loss: 0.03203  time: 0.3607  data_time: 0.0083  lr: 0.0001327  max_mem: 6658M
[12/10 00:46:56 d2.utils.events]:  eta: 1:12:20  iter: 7899  total_loss: 0.03534  time: 0.3607  data_time: 0.0085  lr: 0.00013241  max_mem: 6658M
[12/10 00:47:03 d2.utils.events]:  eta: 1:12:13  iter: 7919  total_loss: 0.03419  time: 0.3607  data_time: 0.0086  lr: 0.00013211  max_mem: 6658M
[12/10 00:47:10 d2.utils.events]:  eta: 1:12:06  iter: 7939  total_loss: 0.03584  time: 0.3607  data_time: 0.0081  lr: 0.00013181  max_mem: 6658M
[12/10 00:47:17 d2.utils.events]:  eta: 1:12:00  iter: 7959  total_loss: 0.03427  time: 0.3607  data_time: 0.0085  lr: 0.00013151  max_mem: 6658M
[12/10 00:47:25 d2.utils.events]:  eta: 1:11:53  iter: 7979  total_loss: 0.03256  time: 0.3607  data_time: 0.0085  lr: 0.00013122  max_mem: 6658M
[12/10 00:47:37 d2.utils.events]:  eta: 1:11:46  iter: 7999  total_loss: 0.03659  time: 0.3607  data_time: 0.0085  lr: 0.00013092  max_mem: 6658M
[12/10 00:47:44 d2.utils.events]:  eta: 1:11:39  iter: 8019  total_loss: 0.03069  time: 0.3607  data_time: 0.0081  lr: 0.00013062  max_mem: 6658M
[12/10 00:47:51 d2.utils.events]:  eta: 1:11:31  iter: 8039  total_loss: 0.03394  time: 0.3607  data_time: 0.0079  lr: 0.00013032  max_mem: 6658M
[12/10 00:47:58 d2.utils.events]:  eta: 1:11:23  iter: 8059  total_loss: 0.0333  time: 0.3607  data_time: 0.0081  lr: 0.00013002  max_mem: 6658M
[12/10 00:48:05 d2.utils.events]:  eta: 1:11:16  iter: 8079  total_loss: 0.03086  time: 0.3606  data_time: 0.0077  lr: 0.00012972  max_mem: 6658M
[12/10 00:48:13 d2.utils.events]:  eta: 1:11:09  iter: 8099  total_loss: 0.03634  time: 0.3606  data_time: 0.0080  lr: 0.00012942  max_mem: 6658M
[12/10 00:48:20 d2.utils.events]:  eta: 1:11:01  iter: 8119  total_loss: 0.03082  time: 0.3606  data_time: 0.0084  lr: 0.00012912  max_mem: 6658M
[12/10 00:48:27 d2.utils.events]:  eta: 1:10:54  iter: 8139  total_loss: 0.02976  time: 0.3606  data_time: 0.0078  lr: 0.00012882  max_mem: 6658M
[12/10 00:48:34 d2.utils.events]:  eta: 1:10:46  iter: 8159  total_loss: 0.036  time: 0.3606  data_time: 0.0082  lr: 0.00012852  max_mem: 6658M
[12/10 00:48:42 d2.utils.events]:  eta: 1:10:39  iter: 8179  total_loss: 0.03256  time: 0.3606  data_time: 0.0084  lr: 0.00012822  max_mem: 6658M
[12/10 00:48:49 d2.utils.events]:  eta: 1:10:32  iter: 8199  total_loss: 0.03117  time: 0.3606  data_time: 0.0085  lr: 0.00012791  max_mem: 6658M
[12/10 00:48:56 d2.utils.events]:  eta: 1:10:25  iter: 8219  total_loss: 0.03135  time: 0.3606  data_time: 0.0087  lr: 0.00012761  max_mem: 6658M
[12/10 00:49:03 d2.utils.events]:  eta: 1:10:18  iter: 8239  total_loss: 0.03559  time: 0.3606  data_time: 0.0084  lr: 0.00012731  max_mem: 6658M
[12/10 00:49:11 d2.utils.events]:  eta: 1:10:11  iter: 8259  total_loss: 0.03242  time: 0.3606  data_time: 0.0084  lr: 0.00012701  max_mem: 6658M
[12/10 00:49:18 d2.utils.events]:  eta: 1:10:04  iter: 8279  total_loss: 0.03037  time: 0.3606  data_time: 0.0083  lr: 0.00012671  max_mem: 6658M
[12/10 00:49:25 d2.utils.events]:  eta: 1:09:56  iter: 8299  total_loss: 0.02923  time: 0.3606  data_time: 0.0086  lr: 0.0001264  max_mem: 6658M
[12/10 00:49:32 d2.utils.events]:  eta: 1:09:49  iter: 8319  total_loss: 0.03282  time: 0.3606  data_time: 0.0085  lr: 0.0001261  max_mem: 6658M
[12/10 00:49:40 d2.utils.events]:  eta: 1:09:41  iter: 8339  total_loss: 0.02754  time: 0.3606  data_time: 0.0095  lr: 0.0001258  max_mem: 6658M
[12/10 00:49:47 d2.utils.events]:  eta: 1:09:34  iter: 8359  total_loss: 0.03252  time: 0.3606  data_time: 0.0089  lr: 0.00012549  max_mem: 6658M
[12/10 00:49:54 d2.utils.events]:  eta: 1:09:27  iter: 8379  total_loss: 0.03102  time: 0.3606  data_time: 0.0085  lr: 0.00012519  max_mem: 6658M
[12/10 00:50:01 d2.utils.events]:  eta: 1:09:20  iter: 8399  total_loss: 0.0335  time: 0.3606  data_time: 0.0080  lr: 0.00012488  max_mem: 6658M
[12/10 00:50:09 d2.utils.events]:  eta: 1:09:12  iter: 8419  total_loss: 0.02938  time: 0.3606  data_time: 0.0080  lr: 0.00012458  max_mem: 6658M
[12/10 00:50:16 d2.utils.events]:  eta: 1:09:05  iter: 8439  total_loss: 0.033  time: 0.3606  data_time: 0.0085  lr: 0.00012428  max_mem: 6658M
[12/10 00:50:23 d2.utils.events]:  eta: 1:08:58  iter: 8459  total_loss: 0.03869  time: 0.3607  data_time: 0.0087  lr: 0.00012397  max_mem: 6658M
[12/10 00:50:30 d2.utils.events]:  eta: 1:08:50  iter: 8479  total_loss: 0.03092  time: 0.3606  data_time: 0.0082  lr: 0.00012367  max_mem: 6658M
[12/10 00:50:38 d2.utils.events]:  eta: 1:08:43  iter: 8499  total_loss: 0.03096  time: 0.3606  data_time: 0.0082  lr: 0.00012336  max_mem: 6658M
[12/10 00:50:45 d2.utils.events]:  eta: 1:08:36  iter: 8519  total_loss: 0.0318  time: 0.3606  data_time: 0.0086  lr: 0.00012305  max_mem: 6658M
[12/10 00:50:52 d2.utils.events]:  eta: 1:08:29  iter: 8539  total_loss: 0.04236  time: 0.3606  data_time: 0.0084  lr: 0.00012275  max_mem: 6658M
[12/10 00:50:59 d2.utils.events]:  eta: 1:08:21  iter: 8559  total_loss: 0.03494  time: 0.3606  data_time: 0.0085  lr: 0.00012244  max_mem: 6658M
[12/10 00:51:07 d2.utils.events]:  eta: 1:08:14  iter: 8579  total_loss: 0.03345  time: 0.3606  data_time: 0.0086  lr: 0.00012214  max_mem: 6658M
[12/10 00:51:14 d2.utils.events]:  eta: 1:08:07  iter: 8599  total_loss: 0.03253  time: 0.3606  data_time: 0.0088  lr: 0.00012183  max_mem: 6658M
[12/10 00:51:21 d2.utils.events]:  eta: 1:08:00  iter: 8619  total_loss: 0.03154  time: 0.3606  data_time: 0.0084  lr: 0.00012152  max_mem: 6658M
[12/10 00:51:28 d2.utils.events]:  eta: 1:07:53  iter: 8639  total_loss: 0.03071  time: 0.3606  data_time: 0.0084  lr: 0.00012122  max_mem: 6658M
[12/10 00:51:36 d2.utils.events]:  eta: 1:07:45  iter: 8659  total_loss: 0.03038  time: 0.3606  data_time: 0.0082  lr: 0.00012091  max_mem: 6658M
[12/10 00:51:43 d2.utils.events]:  eta: 1:07:38  iter: 8679  total_loss: 0.03279  time: 0.3606  data_time: 0.0085  lr: 0.0001206  max_mem: 6658M
[12/10 00:51:50 d2.utils.events]:  eta: 1:07:30  iter: 8699  total_loss: 0.03341  time: 0.3606  data_time: 0.0084  lr: 0.00012029  max_mem: 6658M
[12/10 00:51:57 d2.utils.events]:  eta: 1:07:23  iter: 8719  total_loss: 0.03779  time: 0.3606  data_time: 0.0083  lr: 0.00011999  max_mem: 6658M
[12/10 00:52:04 d2.utils.events]:  eta: 1:07:15  iter: 8739  total_loss: 0.03322  time: 0.3606  data_time: 0.0082  lr: 0.00011968  max_mem: 6658M
[12/10 00:52:12 d2.utils.events]:  eta: 1:07:09  iter: 8759  total_loss: 0.03056  time: 0.3606  data_time: 0.0082  lr: 0.00011937  max_mem: 6658M
[12/10 00:52:19 d2.utils.events]:  eta: 1:07:01  iter: 8779  total_loss: 0.03062  time: 0.3606  data_time: 0.0082  lr: 0.00011906  max_mem: 6658M
[12/10 00:52:26 d2.utils.events]:  eta: 1:06:53  iter: 8799  total_loss: 0.03254  time: 0.3606  data_time: 0.0084  lr: 0.00011875  max_mem: 6658M
[12/10 00:52:33 d2.utils.events]:  eta: 1:06:46  iter: 8819  total_loss: 0.03116  time: 0.3606  data_time: 0.0084  lr: 0.00011844  max_mem: 6658M
[12/10 00:52:41 d2.utils.events]:  eta: 1:06:38  iter: 8839  total_loss: 0.03495  time: 0.3606  data_time: 0.0084  lr: 0.00011814  max_mem: 6658M
[12/10 00:52:48 d2.utils.events]:  eta: 1:06:31  iter: 8859  total_loss: 0.03206  time: 0.3606  data_time: 0.0084  lr: 0.00011783  max_mem: 6658M
[12/10 00:52:55 d2.utils.events]:  eta: 1:06:25  iter: 8879  total_loss: 0.02954  time: 0.3606  data_time: 0.0086  lr: 0.00011752  max_mem: 6658M
[12/10 00:53:02 d2.utils.events]:  eta: 1:06:18  iter: 8899  total_loss: 0.03088  time: 0.3606  data_time: 0.0086  lr: 0.00011721  max_mem: 6658M
[12/10 00:53:10 d2.utils.events]:  eta: 1:06:10  iter: 8919  total_loss: 0.02933  time: 0.3606  data_time: 0.0085  lr: 0.0001169  max_mem: 6658M
[12/10 00:53:17 d2.utils.events]:  eta: 1:06:03  iter: 8939  total_loss: 0.03314  time: 0.3606  data_time: 0.0082  lr: 0.00011659  max_mem: 6658M
[12/10 00:53:24 d2.utils.events]:  eta: 1:05:55  iter: 8959  total_loss: 0.02728  time: 0.3606  data_time: 0.0084  lr: 0.00011628  max_mem: 6658M
[12/10 00:53:31 d2.utils.events]:  eta: 1:05:48  iter: 8979  total_loss: 0.03677  time: 0.3606  data_time: 0.0083  lr: 0.00011597  max_mem: 6658M
[12/10 00:53:39 d2.utils.events]:  eta: 1:05:41  iter: 8999  total_loss: 0.02855  time: 0.3606  data_time: 0.0085  lr: 0.00011566  max_mem: 6658M
[12/10 00:53:46 d2.utils.events]:  eta: 1:05:34  iter: 9019  total_loss: 0.03187  time: 0.3606  data_time: 0.0087  lr: 0.00011535  max_mem: 6658M
[12/10 00:53:53 d2.utils.events]:  eta: 1:05:28  iter: 9039  total_loss: 0.03755  time: 0.3606  data_time: 0.0084  lr: 0.00011504  max_mem: 6658M
[12/10 00:54:00 d2.utils.events]:  eta: 1:05:21  iter: 9059  total_loss: 0.03391  time: 0.3606  data_time: 0.0081  lr: 0.00011473  max_mem: 6658M
[12/10 00:54:08 d2.utils.events]:  eta: 1:05:14  iter: 9079  total_loss: 0.0322  time: 0.3606  data_time: 0.0083  lr: 0.00011442  max_mem: 6658M
[12/10 00:54:15 d2.utils.events]:  eta: 1:05:07  iter: 9099  total_loss: 0.0296  time: 0.3606  data_time: 0.0080  lr: 0.00011411  max_mem: 6658M
[12/10 00:54:22 d2.utils.events]:  eta: 1:05:00  iter: 9119  total_loss: 0.03156  time: 0.3606  data_time: 0.0083  lr: 0.00011379  max_mem: 6658M
[12/10 00:54:29 d2.utils.events]:  eta: 1:04:53  iter: 9139  total_loss: 0.03145  time: 0.3606  data_time: 0.0090  lr: 0.00011348  max_mem: 6658M
[12/10 00:54:37 d2.utils.events]:  eta: 1:04:46  iter: 9159  total_loss: 0.03254  time: 0.3606  data_time: 0.0084  lr: 0.00011317  max_mem: 6658M
[12/10 00:54:44 d2.utils.events]:  eta: 1:04:39  iter: 9179  total_loss: 0.03104  time: 0.3606  data_time: 0.0086  lr: 0.00011286  max_mem: 6658M
[12/10 00:54:51 d2.utils.events]:  eta: 1:04:31  iter: 9199  total_loss: 0.03639  time: 0.3606  data_time: 0.0081  lr: 0.00011255  max_mem: 6658M
[12/10 00:54:59 d2.utils.events]:  eta: 1:04:24  iter: 9219  total_loss: 0.02968  time: 0.3606  data_time: 0.0080  lr: 0.00011224  max_mem: 6658M
[12/10 00:55:06 d2.utils.events]:  eta: 1:04:17  iter: 9239  total_loss: 0.03298  time: 0.3606  data_time: 0.0083  lr: 0.00011193  max_mem: 6658M
[12/10 00:55:13 d2.utils.events]:  eta: 1:04:09  iter: 9259  total_loss: 0.03017  time: 0.3606  data_time: 0.0083  lr: 0.00011161  max_mem: 6658M
[12/10 00:55:20 d2.utils.events]:  eta: 1:04:03  iter: 9279  total_loss: 0.0334  time: 0.3606  data_time: 0.0088  lr: 0.0001113  max_mem: 6658M
[12/10 00:55:27 d2.utils.events]:  eta: 1:03:55  iter: 9299  total_loss: 0.03071  time: 0.3606  data_time: 0.0083  lr: 0.00011099  max_mem: 6658M
[12/10 00:55:35 d2.utils.events]:  eta: 1:03:48  iter: 9319  total_loss: 0.03332  time: 0.3606  data_time: 0.0086  lr: 0.00011068  max_mem: 6658M
[12/10 00:55:42 d2.utils.events]:  eta: 1:03:41  iter: 9339  total_loss: 0.03403  time: 0.3606  data_time: 0.0084  lr: 0.00011036  max_mem: 6658M
[12/10 00:55:49 d2.utils.events]:  eta: 1:03:34  iter: 9359  total_loss: 0.03489  time: 0.3606  data_time: 0.0087  lr: 0.00011005  max_mem: 6658M
[12/10 00:55:56 d2.utils.events]:  eta: 1:03:27  iter: 9379  total_loss: 0.03074  time: 0.3606  data_time: 0.0085  lr: 0.00010974  max_mem: 6658M
[12/10 00:56:04 d2.utils.events]:  eta: 1:03:20  iter: 9399  total_loss: 0.03401  time: 0.3606  data_time: 0.0088  lr: 0.00010943  max_mem: 6658M
[12/10 00:56:11 d2.utils.events]:  eta: 1:03:13  iter: 9419  total_loss: 0.03466  time: 0.3606  data_time: 0.0088  lr: 0.00010911  max_mem: 6658M
[12/10 00:56:24 d2.utils.events]:  eta: 1:03:05  iter: 9439  total_loss: 0.0291  time: 0.3606  data_time: 0.0089  lr: 0.0001088  max_mem: 6658M
[12/10 00:56:31 d2.utils.events]:  eta: 1:02:58  iter: 9459  total_loss: 0.03763  time: 0.3606  data_time: 0.0083  lr: 0.00010849  max_mem: 6658M
[12/10 00:56:39 d2.utils.events]:  eta: 1:02:51  iter: 9479  total_loss: 0.03153  time: 0.3606  data_time: 0.0087  lr: 0.00010817  max_mem: 6658M
[12/10 00:56:46 d2.utils.events]:  eta: 1:02:44  iter: 9499  total_loss: 0.03035  time: 0.3606  data_time: 0.0082  lr: 0.00010786  max_mem: 6658M
[12/10 00:56:53 d2.utils.events]:  eta: 1:02:36  iter: 9519  total_loss: 0.03358  time: 0.3606  data_time: 0.0085  lr: 0.00010755  max_mem: 6658M
[12/10 00:57:00 d2.utils.events]:  eta: 1:02:29  iter: 9539  total_loss: 0.03335  time: 0.3606  data_time: 0.0093  lr: 0.00010724  max_mem: 6658M
[12/10 00:57:07 d2.utils.events]:  eta: 1:02:22  iter: 9559  total_loss: 0.0314  time: 0.3606  data_time: 0.0089  lr: 0.00010692  max_mem: 6658M
[12/10 00:57:15 d2.utils.events]:  eta: 1:02:14  iter: 9579  total_loss: 0.03981  time: 0.3606  data_time: 0.0082  lr: 0.00010661  max_mem: 6658M
[12/10 00:57:22 d2.utils.events]:  eta: 1:02:07  iter: 9599  total_loss: 0.03118  time: 0.3606  data_time: 0.0084  lr: 0.00010629  max_mem: 6658M
[12/10 00:57:29 d2.utils.events]:  eta: 1:02:00  iter: 9619  total_loss: 0.03208  time: 0.3606  data_time: 0.0085  lr: 0.00010598  max_mem: 6658M
[12/10 00:57:36 d2.utils.events]:  eta: 1:01:52  iter: 9639  total_loss: 0.03323  time: 0.3606  data_time: 0.0087  lr: 0.00010567  max_mem: 6658M
[12/10 00:57:44 d2.utils.events]:  eta: 1:01:45  iter: 9659  total_loss: 0.03472  time: 0.3606  data_time: 0.0085  lr: 0.00010535  max_mem: 6658M
[12/10 00:57:51 d2.utils.events]:  eta: 1:01:38  iter: 9679  total_loss: 0.03247  time: 0.3606  data_time: 0.0085  lr: 0.00010504  max_mem: 6658M
[12/10 00:57:58 d2.utils.events]:  eta: 1:01:31  iter: 9699  total_loss: 0.03446  time: 0.3606  data_time: 0.0085  lr: 0.00010473  max_mem: 6658M
[12/10 00:58:05 d2.utils.events]:  eta: 1:01:24  iter: 9719  total_loss: 0.03624  time: 0.3606  data_time: 0.0085  lr: 0.00010441  max_mem: 6658M
[12/10 00:58:13 d2.utils.events]:  eta: 1:01:17  iter: 9739  total_loss: 0.03246  time: 0.3606  data_time: 0.0086  lr: 0.0001041  max_mem: 6658M
[12/10 00:58:20 d2.utils.events]:  eta: 1:01:10  iter: 9759  total_loss: 0.03275  time: 0.3606  data_time: 0.0088  lr: 0.00010378  max_mem: 6658M
[12/10 00:58:27 d2.utils.events]:  eta: 1:01:03  iter: 9779  total_loss: 0.03053  time: 0.3606  data_time: 0.0086  lr: 0.00010347  max_mem: 6658M
[12/10 00:58:34 d2.utils.events]:  eta: 1:00:56  iter: 9799  total_loss: 0.03319  time: 0.3606  data_time: 0.0108  lr: 0.00010316  max_mem: 6658M
[12/10 00:58:42 d2.utils.events]:  eta: 1:00:49  iter: 9819  total_loss: 0.03244  time: 0.3606  data_time: 0.0090  lr: 0.00010284  max_mem: 6658M
[12/10 00:58:49 d2.utils.events]:  eta: 1:00:42  iter: 9839  total_loss: 0.03074  time: 0.3606  data_time: 0.0091  lr: 0.00010253  max_mem: 6658M
[12/10 00:58:56 d2.utils.events]:  eta: 1:00:35  iter: 9859  total_loss: 0.03573  time: 0.3606  data_time: 0.0088  lr: 0.00010221  max_mem: 6658M
[12/10 00:59:04 d2.utils.events]:  eta: 1:00:28  iter: 9879  total_loss: 0.03146  time: 0.3606  data_time: 0.0093  lr: 0.0001019  max_mem: 6658M
[12/10 00:59:11 d2.utils.events]:  eta: 1:00:21  iter: 9899  total_loss: 0.03158  time: 0.3606  data_time: 0.0088  lr: 0.00010159  max_mem: 6658M
[12/10 00:59:18 d2.utils.events]:  eta: 1:00:14  iter: 9919  total_loss: 0.03813  time: 0.3606  data_time: 0.0090  lr: 0.00010127  max_mem: 6658M
[12/10 00:59:25 d2.utils.events]:  eta: 1:00:07  iter: 9939  total_loss: 0.03068  time: 0.3606  data_time: 0.0091  lr: 0.00010096  max_mem: 6658M
[12/10 00:59:33 d2.utils.events]:  eta: 1:00:01  iter: 9959  total_loss: 0.03141  time: 0.3606  data_time: 0.0091  lr: 0.00010064  max_mem: 6658M
[12/10 00:59:40 d2.utils.events]:  eta: 0:59:54  iter: 9979  total_loss: 0.03418  time: 0.3606  data_time: 0.0089  lr: 0.00010033  max_mem: 6658M
[12/10 00:59:47 fvcore.common.checkpoint]: Saving checkpoint to outputs/gta_seen7_eva_b16_r512/model_0009999.pth
[12/10 00:59:48 d2.data.dataset_mapper]: [DatasetMapper] Augmentations used in inference: [ResizeShortestEdge(short_edge_length=(512, 512), max_size=1024, sample_style='choice')]
[12/10 00:59:48 d2.data.common]: Serializing 998 elements to byte tensors and concatenating them all ...
[12/10 00:59:48 d2.data.common]: Serialized dataset takes 0.27 MiB
[12/10 00:59:48 d2.evaluation.evaluator]: Start inference on 998 batches
[12/10 00:59:54 d2.evaluation.evaluator]: Inference done 11/998. Dataloading: 0.0011 s/iter. Inference: 0.0819 s/iter. Eval: 0.1897 s/iter. Total: 0.2727 s/iter. ETA=0:04:29
[12/10 00:59:59 d2.evaluation.evaluator]: Inference done 31/998. Dataloading: 0.0014 s/iter. Inference: 0.0820 s/iter. Eval: 0.1786 s/iter. Total: 0.2620 s/iter. ETA=0:04:13
[12/10 01:00:04 d2.evaluation.evaluator]: Inference done 51/998. Dataloading: 0.0016 s/iter. Inference: 0.0815 s/iter. Eval: 0.1751 s/iter. Total: 0.2582 s/iter. ETA=0:04:04
[12/10 01:00:09 d2.evaluation.evaluator]: Inference done 71/998. Dataloading: 0.0016 s/iter. Inference: 0.0814 s/iter. Eval: 0.1736 s/iter. Total: 0.2567 s/iter. ETA=0:03:57
[12/10 01:00:14 d2.evaluation.evaluator]: Inference done 91/998. Dataloading: 0.0017 s/iter. Inference: 0.0813 s/iter. Eval: 0.1727 s/iter. Total: 0.2557 s/iter. ETA=0:03:51
[12/10 01:00:19 d2.evaluation.evaluator]: Inference done 111/998. Dataloading: 0.0017 s/iter. Inference: 0.0813 s/iter. Eval: 0.1739 s/iter. Total: 0.2570 s/iter. ETA=0:03:47
[12/10 01:00:24 d2.evaluation.evaluator]: Inference done 131/998. Dataloading: 0.0017 s/iter. Inference: 0.0814 s/iter. Eval: 0.1742 s/iter. Total: 0.2573 s/iter. ETA=0:03:43
[12/10 01:00:29 d2.evaluation.evaluator]: Inference done 151/998. Dataloading: 0.0017 s/iter. Inference: 0.0813 s/iter. Eval: 0.1734 s/iter. Total: 0.2566 s/iter. ETA=0:03:37
[12/10 01:00:35 d2.evaluation.evaluator]: Inference done 172/998. Dataloading: 0.0017 s/iter. Inference: 0.0813 s/iter. Eval: 0.1725 s/iter. Total: 0.2556 s/iter. ETA=0:03:31
[12/10 01:00:40 d2.evaluation.evaluator]: Inference done 192/998. Dataloading: 0.0018 s/iter. Inference: 0.0813 s/iter. Eval: 0.1729 s/iter. Total: 0.2564 s/iter. ETA=0:03:26
[12/10 01:00:45 d2.evaluation.evaluator]: Inference done 211/998. Dataloading: 0.0018 s/iter. Inference: 0.0813 s/iter. Eval: 0.1738 s/iter. Total: 0.2573 s/iter. ETA=0:03:22
[12/10 01:00:50 d2.evaluation.evaluator]: Inference done 231/998. Dataloading: 0.0018 s/iter. Inference: 0.0814 s/iter. Eval: 0.1737 s/iter. Total: 0.2572 s/iter. ETA=0:03:17
[12/10 01:00:55 d2.evaluation.evaluator]: Inference done 250/998. Dataloading: 0.0018 s/iter. Inference: 0.0820 s/iter. Eval: 0.1739 s/iter. Total: 0.2580 s/iter. ETA=0:03:12
[12/10 01:01:00 d2.evaluation.evaluator]: Inference done 269/998. Dataloading: 0.0018 s/iter. Inference: 0.0820 s/iter. Eval: 0.1744 s/iter. Total: 0.2585 s/iter. ETA=0:03:08
[12/10 01:01:05 d2.evaluation.evaluator]: Inference done 289/998. Dataloading: 0.0018 s/iter. Inference: 0.0819 s/iter. Eval: 0.1744 s/iter. Total: 0.2585 s/iter. ETA=0:03:03
[12/10 01:01:10 d2.evaluation.evaluator]: Inference done 309/998. Dataloading: 0.0018 s/iter. Inference: 0.0819 s/iter. Eval: 0.1742 s/iter. Total: 0.2582 s/iter. ETA=0:02:57
[12/10 01:01:16 d2.evaluation.evaluator]: Inference done 329/998. Dataloading: 0.0018 s/iter. Inference: 0.0818 s/iter. Eval: 0.1744 s/iter. Total: 0.2584 s/iter. ETA=0:02:52
[12/10 01:01:21 d2.evaluation.evaluator]: Inference done 348/998. Dataloading: 0.0018 s/iter. Inference: 0.0818 s/iter. Eval: 0.1753 s/iter. Total: 0.2592 s/iter. ETA=0:02:48
[12/10 01:01:26 d2.evaluation.evaluator]: Inference done 367/998. Dataloading: 0.0018 s/iter. Inference: 0.0818 s/iter. Eval: 0.1761 s/iter. Total: 0.2599 s/iter. ETA=0:02:44
[12/10 01:01:31 d2.evaluation.evaluator]: Inference done 386/998. Dataloading: 0.0018 s/iter. Inference: 0.0818 s/iter. Eval: 0.1765 s/iter. Total: 0.2603 s/iter. ETA=0:02:39
[12/10 01:01:36 d2.evaluation.evaluator]: Inference done 405/998. Dataloading: 0.0018 s/iter. Inference: 0.0817 s/iter. Eval: 0.1769 s/iter. Total: 0.2607 s/iter. ETA=0:02:34
[12/10 01:01:41 d2.evaluation.evaluator]: Inference done 424/998. Dataloading: 0.0018 s/iter. Inference: 0.0817 s/iter. Eval: 0.1771 s/iter. Total: 0.2608 s/iter. ETA=0:02:29
[12/10 01:01:46 d2.evaluation.evaluator]: Inference done 443/998. Dataloading: 0.0018 s/iter. Inference: 0.0816 s/iter. Eval: 0.1776 s/iter. Total: 0.2612 s/iter. ETA=0:02:24
[12/10 01:01:52 d2.evaluation.evaluator]: Inference done 463/998. Dataloading: 0.0018 s/iter. Inference: 0.0816 s/iter. Eval: 0.1775 s/iter. Total: 0.2612 s/iter. ETA=0:02:19
[12/10 01:01:57 d2.evaluation.evaluator]: Inference done 483/998. Dataloading: 0.0018 s/iter. Inference: 0.0816 s/iter. Eval: 0.1775 s/iter. Total: 0.2611 s/iter. ETA=0:02:14
[12/10 01:02:02 d2.evaluation.evaluator]: Inference done 502/998. Dataloading: 0.0018 s/iter. Inference: 0.0816 s/iter. Eval: 0.1776 s/iter. Total: 0.2613 s/iter. ETA=0:02:09
[12/10 01:02:07 d2.evaluation.evaluator]: Inference done 521/998. Dataloading: 0.0018 s/iter. Inference: 0.0816 s/iter. Eval: 0.1779 s/iter. Total: 0.2614 s/iter. ETA=0:02:04
[12/10 01:02:12 d2.evaluation.evaluator]: Inference done 541/998. Dataloading: 0.0018 s/iter. Inference: 0.0815 s/iter. Eval: 0.1779 s/iter. Total: 0.2614 s/iter. ETA=0:01:59
[12/10 01:02:17 d2.evaluation.evaluator]: Inference done 560/998. Dataloading: 0.0018 s/iter. Inference: 0.0815 s/iter. Eval: 0.1784 s/iter. Total: 0.2619 s/iter. ETA=0:01:54
[12/10 01:02:22 d2.evaluation.evaluator]: Inference done 579/998. Dataloading: 0.0018 s/iter. Inference: 0.0815 s/iter. Eval: 0.1786 s/iter. Total: 0.2621 s/iter. ETA=0:01:49
[12/10 01:02:27 d2.evaluation.evaluator]: Inference done 598/998. Dataloading: 0.0018 s/iter. Inference: 0.0815 s/iter. Eval: 0.1788 s/iter. Total: 0.2623 s/iter. ETA=0:01:44
[12/10 01:02:33 d2.evaluation.evaluator]: Inference done 617/998. Dataloading: 0.0018 s/iter. Inference: 0.0815 s/iter. Eval: 0.1790 s/iter. Total: 0.2625 s/iter. ETA=0:01:40
[12/10 01:02:38 d2.evaluation.evaluator]: Inference done 637/998. Dataloading: 0.0018 s/iter. Inference: 0.0815 s/iter. Eval: 0.1789 s/iter. Total: 0.2624 s/iter. ETA=0:01:34
[12/10 01:02:43 d2.evaluation.evaluator]: Inference done 657/998. Dataloading: 0.0018 s/iter. Inference: 0.0815 s/iter. Eval: 0.1788 s/iter. Total: 0.2622 s/iter. ETA=0:01:29
[12/10 01:02:48 d2.evaluation.evaluator]: Inference done 676/998. Dataloading: 0.0018 s/iter. Inference: 0.0815 s/iter. Eval: 0.1790 s/iter. Total: 0.2625 s/iter. ETA=0:01:24
[12/10 01:02:53 d2.evaluation.evaluator]: Inference done 695/998. Dataloading: 0.0018 s/iter. Inference: 0.0814 s/iter. Eval: 0.1794 s/iter. Total: 0.2628 s/iter. ETA=0:01:19
[12/10 01:02:58 d2.evaluation.evaluator]: Inference done 714/998. Dataloading: 0.0018 s/iter. Inference: 0.0814 s/iter. Eval: 0.1796 s/iter. Total: 0.2630 s/iter. ETA=0:01:14
[12/10 01:03:04 d2.evaluation.evaluator]: Inference done 733/998. Dataloading: 0.0018 s/iter. Inference: 0.0815 s/iter. Eval: 0.1798 s/iter. Total: 0.2632 s/iter. ETA=0:01:09
[12/10 01:03:09 d2.evaluation.evaluator]: Inference done 753/998. Dataloading: 0.0018 s/iter. Inference: 0.0814 s/iter. Eval: 0.1796 s/iter. Total: 0.2631 s/iter. ETA=0:01:04
[12/10 01:03:14 d2.evaluation.evaluator]: Inference done 772/998. Dataloading: 0.0018 s/iter. Inference: 0.0814 s/iter. Eval: 0.1797 s/iter. Total: 0.2632 s/iter. ETA=0:00:59
[12/10 01:03:19 d2.evaluation.evaluator]: Inference done 792/998. Dataloading: 0.0018 s/iter. Inference: 0.0814 s/iter. Eval: 0.1796 s/iter. Total: 0.2630 s/iter. ETA=0:00:54
[12/10 01:03:24 d2.evaluation.evaluator]: Inference done 811/998. Dataloading: 0.0018 s/iter. Inference: 0.0814 s/iter. Eval: 0.1796 s/iter. Total: 0.2630 s/iter. ETA=0:00:49
[12/10 01:03:29 d2.evaluation.evaluator]: Inference done 830/998. Dataloading: 0.0018 s/iter. Inference: 0.0814 s/iter. Eval: 0.1799 s/iter. Total: 0.2632 s/iter. ETA=0:00:44
[12/10 01:03:34 d2.evaluation.evaluator]: Inference done 849/998. Dataloading: 0.0018 s/iter. Inference: 0.0814 s/iter. Eval: 0.1801 s/iter. Total: 0.2634 s/iter. ETA=0:00:39
[12/10 01:03:39 d2.evaluation.evaluator]: Inference done 868/998. Dataloading: 0.0018 s/iter. Inference: 0.0814 s/iter. Eval: 0.1802 s/iter. Total: 0.2635 s/iter. ETA=0:00:34
[12/10 01:03:44 d2.evaluation.evaluator]: Inference done 887/998. Dataloading: 0.0018 s/iter. Inference: 0.0814 s/iter. Eval: 0.1802 s/iter. Total: 0.2635 s/iter. ETA=0:00:29
[12/10 01:03:49 d2.evaluation.evaluator]: Inference done 906/998. Dataloading: 0.0018 s/iter. Inference: 0.0814 s/iter. Eval: 0.1803 s/iter. Total: 0.2636 s/iter. ETA=0:00:24
[12/10 01:03:55 d2.evaluation.evaluator]: Inference done 925/998. Dataloading: 0.0018 s/iter. Inference: 0.0814 s/iter. Eval: 0.1804 s/iter. Total: 0.2638 s/iter. ETA=0:00:19
[12/10 01:04:00 d2.evaluation.evaluator]: Inference done 944/998. Dataloading: 0.0018 s/iter. Inference: 0.0814 s/iter. Eval: 0.1805 s/iter. Total: 0.2639 s/iter. ETA=0:00:14
[12/10 01:04:05 d2.evaluation.evaluator]: Inference done 963/998. Dataloading: 0.0018 s/iter. Inference: 0.0814 s/iter. Eval: 0.1805 s/iter. Total: 0.2639 s/iter. ETA=0:00:09
[12/10 01:04:10 d2.evaluation.evaluator]: Inference done 982/998. Dataloading: 0.0018 s/iter. Inference: 0.0814 s/iter. Eval: 0.1806 s/iter. Total: 0.2640 s/iter. ETA=0:00:04
[12/10 01:04:14 d2.evaluation.evaluator]: Total inference time: 0:04:22.488216 (0.264339 s / iter per device, on 1 devices)
[12/10 01:04:14 d2.evaluation.evaluator]: Total inference pure compute time: 0:01:20 (0.081359 s / iter per device, on 1 devices)
[12/10 01:04:15 d2.evaluation.sem_seg_evaluation]: OrderedDict([('sem_seg', {'mIoU': 48.46297083570503, 'fwIoU': 68.15333678744028, 'IoU-road': 77.84206799187281, 'IoU-sidewalk': 11.003316668322832, 'IoU-building': 79.28771433326244, 'IoU-wall': 32.19709412118576, 'IoU-fence': 13.797140851438286, 'IoU-pole': 13.997719812064155, 'IoU-traffic light': 23.982273543703673, 'IoU-traffic sign': 24.279524376899946, 'IoU-vegetation': 63.8492028703514, 'IoU-terrain': 30.076027067338817, 'IoU-sky': 80.4161548655667, 'IoU-person': 35.905690572236296, 'IoU-rider': 4.997179390748402, 'IoU-car': 70.63605548643304, 'IoU-truck': 43.00734056596055, 'IoU-bus': 27.12299123462987, 'IoU-train': 0.2566211751376231, 'IoU-motorcycle': 23.27898560565648, 'IoU-bicycle': 18.14154035847468, 'IoU-bag': 77.01919269520133, 'IoU-ball': 37.98480233555918, 'IoU-barrel': 78.46522797951928, 'IoU-bench': 3.972952103195479, 'IoU-bird': 71.7363621162034, 'IoU-bottle': 79.40579051333037, 'IoU-cart': 49.52515870999347, 'IoU-cat': 76.31716939717637, 'IoU-chair': 55.6032691922941, 'IoU-cow': 68.58931369301709, 'IoU-deer': 51.383740479417305, 'IoU-dog': 62.50356809090518, 'IoU-drone': 44.09078278439089, 'IoU-elephant': 77.9935872763617, 'IoU-hat': 49.0416895739972, 'IoU-horse': 73.51960346443177, 'IoU-robot': 63.49465001275602, 'IoU-sheep': 67.79271314058931, 'IoU-table': 22.084144036330063, 'IoU-toy': 63.864018505874796, 'IoU-umbrella': 66.34894591992932, 'IoU-zebra': 72.17048135214887, 'mACC': 68.87175133115223, 'pACC': 79.93400188126681, 'ACC-road': 97.07057271660247, 'ACC-sidewalk': 11.579331469870434, 'ACC-building': 89.88327032675936, 'ACC-wall': 52.490648865170165, 'ACC-fence': 16.676092760665348, 'ACC-pole': 37.30738451016551, 'ACC-traffic light': 49.4975935083754, 'ACC-traffic sign': 28.359407832991735, 'ACC-vegetation': 76.39965224539445, 'ACC-terrain': 59.83311888576599, 'ACC-sky': 85.75725088774875, 'ACC-person': 46.56166142522962, 'ACC-rider': 16.478097345561434, 'ACC-car': 82.62674611250344, 'ACC-truck': 82.41177626018683, 'ACC-bus': 87.30443747839665, 'ACC-train': 0.2703172002821022, 'ACC-motorcycle': 31.08666288481655, 'ACC-bicycle': 21.142330924964384, 'ACC-bag': 94.5121849926076, 'ACC-ball': 97.12409525851754, 'ACC-barrel': 85.54423769949253, 'ACC-bench': 84.15114912694155, 'ACC-bird': 87.58621989370926, 'ACC-bottle': 86.50940565906781, 'ACC-cart': 90.53676630298575, 'ACC-cat': 94.96969133959679, 'ACC-chair': 71.81066112992272, 'ACC-cow': 95.89950207905021, 'ACC-deer': 88.24857420387843, 'ACC-dog': 79.37682132195386, 'ACC-drone': 58.30869827195024, 'ACC-elephant': 89.9958990779193, 'ACC-hat': 94.48124042248183, 'ACC-horse': 88.9186515502004, 'ACC-robot': 94.35992258116447, 'ACC-sheep': 79.04538591329074, 'ACC-table': 24.91990350412388, 'ACC-toy': 81.25273887530436, 'ACC-umbrella': 96.58084666500908, 'ACC-zebra': 86.8728550666227})])
[12/10 01:04:15 d2.engine.defaults]: Evaluation results for acdc_inpaint41_test in csv format:
[12/10 01:04:15 d2.evaluation.testing]: copypaste: Task: sem_seg
[12/10 01:04:15 d2.evaluation.testing]: copypaste: mIoU,fwIoU,mACC,pACC
[12/10 01:04:15 d2.evaluation.testing]: copypaste: 48.4630,68.1533,68.8718,79.9340
[12/10 01:04:15 d2.utils.events]:  eta: 0:59:47  iter: 9999  total_loss: 0.03243  time: 0.3606  data_time: 0.0096  lr: 0.00010002  max_mem: 2333M
[12/10 01:04:22 d2.utils.events]:  eta: 0:59:40  iter: 10019  total_loss: 0.034  time: 0.3606  data_time: 0.0091  lr: 9.9702e-05  max_mem: 6657M
[12/10 01:04:30 d2.utils.events]:  eta: 0:59:32  iter: 10039  total_loss: 0.02964  time: 0.3606  data_time: 0.0088  lr: 9.9387e-05  max_mem: 6657M
[12/10 01:04:37 d2.utils.events]:  eta: 0:59:24  iter: 10059  total_loss: 0.02859  time: 0.3606  data_time: 0.0091  lr: 9.9073e-05  max_mem: 6657M
[12/10 01:04:44 d2.utils.events]:  eta: 0:59:17  iter: 10079  total_loss: 0.03239  time: 0.3606  data_time: 0.0093  lr: 9.8759e-05  max_mem: 6657M
[12/10 01:04:51 d2.utils.events]:  eta: 0:59:11  iter: 10099  total_loss: 0.03076  time: 0.3606  data_time: 0.0091  lr: 9.8445e-05  max_mem: 6657M
[12/10 01:04:59 d2.utils.events]:  eta: 0:59:04  iter: 10119  total_loss: 0.03354  time: 0.3606  data_time: 0.0089  lr: 9.8131e-05  max_mem: 6657M
[12/10 01:05:06 d2.utils.events]:  eta: 0:58:56  iter: 10139  total_loss: 0.03171  time: 0.3606  data_time: 0.0089  lr: 9.7817e-05  max_mem: 6657M
[12/10 01:05:13 d2.utils.events]:  eta: 0:58:49  iter: 10159  total_loss: 0.0323  time: 0.3606  data_time: 0.0090  lr: 9.7503e-05  max_mem: 6657M
[12/10 01:05:20 d2.utils.events]:  eta: 0:58:42  iter: 10179  total_loss: 0.03408  time: 0.3606  data_time: 0.0091  lr: 9.7189e-05  max_mem: 6657M
[12/10 01:05:27 d2.utils.events]:  eta: 0:58:35  iter: 10199  total_loss: 0.03125  time: 0.3606  data_time: 0.0091  lr: 9.6875e-05  max_mem: 6657M
[12/10 01:05:35 d2.utils.events]:  eta: 0:58:28  iter: 10219  total_loss: 0.02932  time: 0.3606  data_time: 0.0091  lr: 9.6561e-05  max_mem: 6657M
[12/10 01:05:42 d2.utils.events]:  eta: 0:58:21  iter: 10239  total_loss: 0.03124  time: 0.3606  data_time: 0.0089  lr: 9.6247e-05  max_mem: 6657M
[12/10 01:05:49 d2.utils.events]:  eta: 0:58:15  iter: 10259  total_loss: 0.03496  time: 0.3606  data_time: 0.0090  lr: 9.5933e-05  max_mem: 6657M
[12/10 01:05:57 d2.utils.events]:  eta: 0:58:09  iter: 10279  total_loss: 0.02884  time: 0.3606  data_time: 0.0086  lr: 9.5619e-05  max_mem: 6657M
[12/10 01:06:04 d2.utils.events]:  eta: 0:58:02  iter: 10299  total_loss: 0.02829  time: 0.3606  data_time: 0.0084  lr: 9.5305e-05  max_mem: 6657M
[12/10 01:06:11 d2.utils.events]:  eta: 0:57:54  iter: 10319  total_loss: 0.03142  time: 0.3606  data_time: 0.0080  lr: 9.4991e-05  max_mem: 6657M
[12/10 01:06:18 d2.utils.events]:  eta: 0:57:47  iter: 10339  total_loss: 0.03209  time: 0.3606  data_time: 0.0086  lr: 9.4678e-05  max_mem: 6657M
[12/10 01:06:26 d2.utils.events]:  eta: 0:57:40  iter: 10359  total_loss: 0.03298  time: 0.3606  data_time: 0.0086  lr: 9.4364e-05  max_mem: 6657M
[12/10 01:06:33 d2.utils.events]:  eta: 0:57:33  iter: 10379  total_loss: 0.02959  time: 0.3606  data_time: 0.0087  lr: 9.405e-05  max_mem: 6657M
[12/10 01:06:40 d2.utils.events]:  eta: 0:57:25  iter: 10399  total_loss: 0.02914  time: 0.3606  data_time: 0.0087  lr: 9.3737e-05  max_mem: 6657M
[12/10 01:06:47 d2.utils.events]:  eta: 0:57:18  iter: 10419  total_loss: 0.03342  time: 0.3606  data_time: 0.0083  lr: 9.3423e-05  max_mem: 6657M
[12/10 01:06:55 d2.utils.events]:  eta: 0:57:12  iter: 10439  total_loss: 0.03113  time: 0.3606  data_time: 0.0094  lr: 9.311e-05  max_mem: 6657M
[12/10 01:07:02 d2.utils.events]:  eta: 0:57:04  iter: 10459  total_loss: 0.03285  time: 0.3606  data_time: 0.0080  lr: 9.2796e-05  max_mem: 6657M
[12/10 01:07:09 d2.utils.events]:  eta: 0:56:57  iter: 10479  total_loss: 0.0336  time: 0.3606  data_time: 0.0085  lr: 9.2483e-05  max_mem: 6657M
[12/10 01:07:16 d2.utils.events]:  eta: 0:56:50  iter: 10499  total_loss: 0.034  time: 0.3607  data_time: 0.0084  lr: 9.217e-05  max_mem: 6657M
[12/10 01:07:24 d2.utils.events]:  eta: 0:56:42  iter: 10519  total_loss: 0.03156  time: 0.3606  data_time: 0.0080  lr: 9.1857e-05  max_mem: 6657M
[12/10 01:07:31 d2.utils.events]:  eta: 0:56:35  iter: 10539  total_loss: 0.02801  time: 0.3606  data_time: 0.0080  lr: 9.1544e-05  max_mem: 6657M
[12/10 01:07:38 d2.utils.events]:  eta: 0:56:28  iter: 10559  total_loss: 0.0292  time: 0.3606  data_time: 0.0088  lr: 9.1231e-05  max_mem: 6657M
[12/10 01:07:45 d2.utils.events]:  eta: 0:56:22  iter: 10579  total_loss: 0.02943  time: 0.3606  data_time: 0.0086  lr: 9.0918e-05  max_mem: 6657M
[12/10 01:07:53 d2.utils.events]:  eta: 0:56:15  iter: 10599  total_loss: 0.03306  time: 0.3606  data_time: 0.0082  lr: 9.0605e-05  max_mem: 6657M
[12/10 01:08:00 d2.utils.events]:  eta: 0:56:08  iter: 10619  total_loss: 0.02838  time: 0.3607  data_time: 0.0090  lr: 9.0292e-05  max_mem: 6657M
[12/10 01:08:07 d2.utils.events]:  eta: 0:56:01  iter: 10639  total_loss: 0.03202  time: 0.3607  data_time: 0.0084  lr: 8.9979e-05  max_mem: 6657M
[12/10 01:08:14 d2.utils.events]:  eta: 0:55:54  iter: 10659  total_loss: 0.03135  time: 0.3607  data_time: 0.0087  lr: 8.9667e-05  max_mem: 6657M
[12/10 01:08:22 d2.utils.events]:  eta: 0:55:47  iter: 10679  total_loss: 0.03146  time: 0.3607  data_time: 0.0087  lr: 8.9355e-05  max_mem: 6657M
[12/10 01:08:29 d2.utils.events]:  eta: 0:55:40  iter: 10699  total_loss: 0.03208  time: 0.3607  data_time: 0.0091  lr: 8.9042e-05  max_mem: 6657M
[12/10 01:08:36 d2.utils.events]:  eta: 0:55:33  iter: 10719  total_loss: 0.03215  time: 0.3607  data_time: 0.0087  lr: 8.873e-05  max_mem: 6657M
[12/10 01:08:43 d2.utils.events]:  eta: 0:55:25  iter: 10739  total_loss: 0.02664  time: 0.3607  data_time: 0.0091  lr: 8.8418e-05  max_mem: 6657M
[12/10 01:08:51 d2.utils.events]:  eta: 0:55:18  iter: 10759  total_loss: 0.03262  time: 0.3607  data_time: 0.0089  lr: 8.8106e-05  max_mem: 6657M
[12/10 01:08:58 d2.utils.events]:  eta: 0:55:11  iter: 10779  total_loss: 0.03104  time: 0.3607  data_time: 0.0087  lr: 8.7794e-05  max_mem: 6657M
[12/10 01:09:05 d2.utils.events]:  eta: 0:55:04  iter: 10799  total_loss: 0.02919  time: 0.3607  data_time: 0.0085  lr: 8.7482e-05  max_mem: 6657M
[12/10 01:09:12 d2.utils.events]:  eta: 0:54:56  iter: 10819  total_loss: 0.03108  time: 0.3607  data_time: 0.0088  lr: 8.7171e-05  max_mem: 6657M
[12/10 01:09:20 d2.utils.events]:  eta: 0:54:49  iter: 10839  total_loss: 0.0383  time: 0.3607  data_time: 0.0087  lr: 8.6859e-05  max_mem: 6657M
[12/10 01:09:27 d2.utils.events]:  eta: 0:54:41  iter: 10859  total_loss: 0.03487  time: 0.3607  data_time: 0.0091  lr: 8.6548e-05  max_mem: 6657M
[12/10 01:09:34 d2.utils.events]:  eta: 0:54:34  iter: 10879  total_loss: 0.0304  time: 0.3607  data_time: 0.0085  lr: 8.6237e-05  max_mem: 6657M
[12/10 01:09:41 d2.utils.events]:  eta: 0:54:27  iter: 10899  total_loss: 0.03286  time: 0.3607  data_time: 0.0092  lr: 8.5925e-05  max_mem: 6657M
[12/10 01:09:49 d2.utils.events]:  eta: 0:54:19  iter: 10919  total_loss: 0.03638  time: 0.3607  data_time: 0.0085  lr: 8.5614e-05  max_mem: 6657M
[12/10 01:09:56 d2.utils.events]:  eta: 0:54:11  iter: 10939  total_loss: 0.02622  time: 0.3607  data_time: 0.0083  lr: 8.5304e-05  max_mem: 6657M
[12/10 01:10:03 d2.utils.events]:  eta: 0:54:04  iter: 10959  total_loss: 0.02927  time: 0.3607  data_time: 0.0087  lr: 8.4993e-05  max_mem: 6657M
[12/10 01:10:10 d2.utils.events]:  eta: 0:53:57  iter: 10979  total_loss: 0.03622  time: 0.3607  data_time: 0.0086  lr: 8.4682e-05  max_mem: 6658M
[12/10 01:10:18 d2.utils.events]:  eta: 0:53:49  iter: 10999  total_loss: 0.03191  time: 0.3607  data_time: 0.0089  lr: 8.4372e-05  max_mem: 6658M
[12/10 01:10:25 d2.utils.events]:  eta: 0:53:42  iter: 11019  total_loss: 0.02787  time: 0.3607  data_time: 0.0092  lr: 8.4062e-05  max_mem: 6658M
[12/10 01:10:32 d2.utils.events]:  eta: 0:53:35  iter: 11039  total_loss: 0.03034  time: 0.3607  data_time: 0.0091  lr: 8.3752e-05  max_mem: 6658M
[12/10 01:10:39 d2.utils.events]:  eta: 0:53:29  iter: 11059  total_loss: 0.03488  time: 0.3607  data_time: 0.0092  lr: 8.3442e-05  max_mem: 6658M
[12/10 01:10:47 d2.utils.events]:  eta: 0:53:22  iter: 11079  total_loss: 0.03151  time: 0.3607  data_time: 0.0088  lr: 8.3132e-05  max_mem: 6658M
[12/10 01:10:54 d2.utils.events]:  eta: 0:53:14  iter: 11099  total_loss: 0.03078  time: 0.3607  data_time: 0.0091  lr: 8.2823e-05  max_mem: 6658M
[12/10 01:11:01 d2.utils.events]:  eta: 0:53:07  iter: 11119  total_loss: 0.03164  time: 0.3607  data_time: 0.0091  lr: 8.2513e-05  max_mem: 6658M
[12/10 01:11:08 d2.utils.events]:  eta: 0:53:00  iter: 11139  total_loss: 0.0339  time: 0.3607  data_time: 0.0090  lr: 8.2204e-05  max_mem: 6658M
[12/10 01:11:16 d2.utils.events]:  eta: 0:52:53  iter: 11159  total_loss: 0.03311  time: 0.3607  data_time: 0.0093  lr: 8.1895e-05  max_mem: 6658M
[12/10 01:11:23 d2.utils.events]:  eta: 0:52:46  iter: 11179  total_loss: 0.0311  time: 0.3607  data_time: 0.0096  lr: 8.1586e-05  max_mem: 6658M
[12/10 01:11:30 d2.utils.events]:  eta: 0:52:39  iter: 11199  total_loss: 0.03024  time: 0.3607  data_time: 0.0083  lr: 8.1277e-05  max_mem: 6658M
[12/10 01:11:38 d2.utils.events]:  eta: 0:52:32  iter: 11219  total_loss: 0.03613  time: 0.3607  data_time: 0.0093  lr: 8.0969e-05  max_mem: 6658M
[12/10 01:11:45 d2.utils.events]:  eta: 0:52:25  iter: 11239  total_loss: 0.02916  time: 0.3607  data_time: 0.0089  lr: 8.066e-05  max_mem: 6658M
[12/10 01:11:52 d2.utils.events]:  eta: 0:52:17  iter: 11259  total_loss: 0.02923  time: 0.3607  data_time: 0.0087  lr: 8.0352e-05  max_mem: 6658M
[12/10 01:11:59 d2.utils.events]:  eta: 0:52:10  iter: 11279  total_loss: 0.03723  time: 0.3607  data_time: 0.0089  lr: 8.0044e-05  max_mem: 6658M
[12/10 01:12:07 d2.utils.events]:  eta: 0:52:03  iter: 11299  total_loss: 0.03219  time: 0.3607  data_time: 0.0092  lr: 7.9737e-05  max_mem: 6658M
[12/10 01:12:14 d2.utils.events]:  eta: 0:51:56  iter: 11319  total_loss: 0.03364  time: 0.3607  data_time: 0.0087  lr: 7.9429e-05  max_mem: 6658M
[12/10 01:12:21 d2.utils.events]:  eta: 0:51:49  iter: 11339  total_loss: 0.03132  time: 0.3607  data_time: 0.0085  lr: 7.9122e-05  max_mem: 6658M
[12/10 01:12:28 d2.utils.events]:  eta: 0:51:42  iter: 11359  total_loss: 0.03158  time: 0.3607  data_time: 0.0089  lr: 7.8815e-05  max_mem: 6658M
[12/10 01:12:36 d2.utils.events]:  eta: 0:51:35  iter: 11379  total_loss: 0.03173  time: 0.3607  data_time: 0.0088  lr: 7.8508e-05  max_mem: 6658M
[12/10 01:12:43 d2.utils.events]:  eta: 0:51:28  iter: 11399  total_loss: 0.03062  time: 0.3607  data_time: 0.0085  lr: 7.8201e-05  max_mem: 6658M
[12/10 01:12:50 d2.utils.events]:  eta: 0:51:20  iter: 11419  total_loss: 0.03073  time: 0.3607  data_time: 0.0088  lr: 7.7895e-05  max_mem: 6658M
[12/10 01:12:58 d2.utils.events]:  eta: 0:51:13  iter: 11439  total_loss: 0.03395  time: 0.3607  data_time: 0.0086  lr: 7.7588e-05  max_mem: 6658M
[12/10 01:13:05 d2.utils.events]:  eta: 0:51:06  iter: 11459  total_loss: 0.03161  time: 0.3607  data_time: 0.0079  lr: 7.7282e-05  max_mem: 6658M
[12/10 01:13:12 d2.utils.events]:  eta: 0:50:59  iter: 11479  total_loss: 0.02876  time: 0.3607  data_time: 0.0079  lr: 7.6976e-05  max_mem: 6658M
[12/10 01:13:19 d2.utils.events]:  eta: 0:50:52  iter: 11499  total_loss: 0.03044  time: 0.3607  data_time: 0.0088  lr: 7.6671e-05  max_mem: 6658M
[12/10 01:13:26 d2.utils.events]:  eta: 0:50:45  iter: 11519  total_loss: 0.03196  time: 0.3607  data_time: 0.0082  lr: 7.6365e-05  max_mem: 6658M
[12/10 01:13:34 d2.utils.events]:  eta: 0:50:39  iter: 11539  total_loss: 0.02917  time: 0.3607  data_time: 0.0084  lr: 7.606e-05  max_mem: 6658M
[12/10 01:13:41 d2.utils.events]:  eta: 0:50:31  iter: 11559  total_loss: 0.02802  time: 0.3607  data_time: 0.0082  lr: 7.5755e-05  max_mem: 6658M
[12/10 01:13:48 d2.utils.events]:  eta: 0:50:24  iter: 11579  total_loss: 0.03193  time: 0.3607  data_time: 0.0085  lr: 7.5451e-05  max_mem: 6658M
[12/10 01:13:55 d2.utils.events]:  eta: 0:50:17  iter: 11599  total_loss: 0.03471  time: 0.3607  data_time: 0.0086  lr: 7.5146e-05  max_mem: 6658M
[12/10 01:14:03 d2.utils.events]:  eta: 0:50:09  iter: 11619  total_loss: 0.03347  time: 0.3607  data_time: 0.0085  lr: 7.4842e-05  max_mem: 6658M
[12/10 01:14:10 d2.utils.events]:  eta: 0:50:02  iter: 11639  total_loss: 0.02844  time: 0.3607  data_time: 0.0085  lr: 7.4538e-05  max_mem: 6658M
[12/10 01:14:17 d2.utils.events]:  eta: 0:49:55  iter: 11659  total_loss: 0.02946  time: 0.3607  data_time: 0.0080  lr: 7.4234e-05  max_mem: 6658M
[12/10 01:14:24 d2.utils.events]:  eta: 0:49:48  iter: 11679  total_loss: 0.03268  time: 0.3607  data_time: 0.0081  lr: 7.3931e-05  max_mem: 6658M
[12/10 01:14:32 d2.utils.events]:  eta: 0:49:41  iter: 11699  total_loss: 0.03272  time: 0.3607  data_time: 0.0083  lr: 7.3628e-05  max_mem: 6658M
[12/10 01:14:39 d2.utils.events]:  eta: 0:49:33  iter: 11719  total_loss: 0.03079  time: 0.3607  data_time: 0.0088  lr: 7.3325e-05  max_mem: 6658M
[12/10 01:14:46 d2.utils.events]:  eta: 0:49:26  iter: 11739  total_loss: 0.03305  time: 0.3607  data_time: 0.0080  lr: 7.3022e-05  max_mem: 6658M
[12/10 01:14:53 d2.utils.events]:  eta: 0:49:19  iter: 11759  total_loss: 0.03253  time: 0.3607  data_time: 0.0086  lr: 7.272e-05  max_mem: 6658M
[12/10 01:15:01 d2.utils.events]:  eta: 0:49:12  iter: 11779  total_loss: 0.03033  time: 0.3607  data_time: 0.0088  lr: 7.2418e-05  max_mem: 6658M
[12/10 01:15:08 d2.utils.events]:  eta: 0:49:05  iter: 11799  total_loss: 0.03451  time: 0.3607  data_time: 0.0081  lr: 7.2116e-05  max_mem: 6658M
[12/10 01:15:15 d2.utils.events]:  eta: 0:48:58  iter: 11819  total_loss: 0.03619  time: 0.3607  data_time: 0.0089  lr: 7.1814e-05  max_mem: 6658M
[12/10 01:15:22 d2.utils.events]:  eta: 0:48:51  iter: 11839  total_loss: 0.03431  time: 0.3607  data_time: 0.0089  lr: 7.1513e-05  max_mem: 6658M
[12/10 01:15:30 d2.utils.events]:  eta: 0:48:44  iter: 11859  total_loss: 0.02897  time: 0.3607  data_time: 0.0080  lr: 7.1212e-05  max_mem: 6658M
[12/10 01:15:37 d2.utils.events]:  eta: 0:48:36  iter: 11879  total_loss: 0.03059  time: 0.3607  data_time: 0.0082  lr: 7.0911e-05  max_mem: 6658M
[12/10 01:15:44 d2.utils.events]:  eta: 0:48:29  iter: 11899  total_loss: 0.02917  time: 0.3607  data_time: 0.0087  lr: 7.0611e-05  max_mem: 6658M
[12/10 01:15:51 d2.utils.events]:  eta: 0:48:22  iter: 11919  total_loss: 0.03378  time: 0.3607  data_time: 0.0081  lr: 7.0311e-05  max_mem: 6658M
[12/10 01:15:59 d2.utils.events]:  eta: 0:48:15  iter: 11939  total_loss: 0.03547  time: 0.3607  data_time: 0.0085  lr: 7.0011e-05  max_mem: 6658M
[12/10 01:16:06 d2.utils.events]:  eta: 0:48:08  iter: 11959  total_loss: 0.03379  time: 0.3607  data_time: 0.0085  lr: 6.9711e-05  max_mem: 6658M
[12/10 01:16:13 d2.utils.events]:  eta: 0:48:01  iter: 11979  total_loss: 0.03331  time: 0.3607  data_time: 0.0085  lr: 6.9412e-05  max_mem: 6658M
[12/10 01:16:20 d2.utils.events]:  eta: 0:47:54  iter: 11999  total_loss: 0.0307  time: 0.3607  data_time: 0.0079  lr: 6.9113e-05  max_mem: 6658M
[12/10 01:16:28 d2.utils.events]:  eta: 0:47:46  iter: 12019  total_loss: 0.02868  time: 0.3607  data_time: 0.0084  lr: 6.8815e-05  max_mem: 6658M
[12/10 01:16:35 d2.utils.events]:  eta: 0:47:39  iter: 12039  total_loss: 0.03191  time: 0.3607  data_time: 0.0088  lr: 6.8516e-05  max_mem: 6658M
[12/10 01:16:42 d2.utils.events]:  eta: 0:47:31  iter: 12059  total_loss: 0.03229  time: 0.3607  data_time: 0.0086  lr: 6.8218e-05  max_mem: 6658M
[12/10 01:16:49 d2.utils.events]:  eta: 0:47:24  iter: 12079  total_loss: 0.03139  time: 0.3607  data_time: 0.0087  lr: 6.7921e-05  max_mem: 6658M
[12/10 01:16:57 d2.utils.events]:  eta: 0:47:17  iter: 12099  total_loss: 0.03202  time: 0.3607  data_time: 0.0085  lr: 6.7623e-05  max_mem: 6658M
[12/10 01:17:04 d2.utils.events]:  eta: 0:47:10  iter: 12119  total_loss: 0.03284  time: 0.3607  data_time: 0.0086  lr: 6.7326e-05  max_mem: 6658M
[12/10 01:17:11 d2.utils.events]:  eta: 0:47:03  iter: 12139  total_loss: 0.02981  time: 0.3607  data_time: 0.0084  lr: 6.7029e-05  max_mem: 6658M
[12/10 01:17:18 d2.utils.events]:  eta: 0:46:56  iter: 12159  total_loss: 0.03123  time: 0.3607  data_time: 0.0083  lr: 6.6733e-05  max_mem: 6658M
[12/10 01:17:26 d2.utils.events]:  eta: 0:46:48  iter: 12179  total_loss: 0.02908  time: 0.3607  data_time: 0.0082  lr: 6.6437e-05  max_mem: 6658M
[12/10 01:17:33 d2.utils.events]:  eta: 0:46:41  iter: 12199  total_loss: 0.03025  time: 0.3607  data_time: 0.0086  lr: 6.6141e-05  max_mem: 6658M
[12/10 01:17:40 d2.utils.events]:  eta: 0:46:34  iter: 12219  total_loss: 0.03016  time: 0.3607  data_time: 0.0090  lr: 6.5846e-05  max_mem: 6658M
[12/10 01:17:47 d2.utils.events]:  eta: 0:46:27  iter: 12239  total_loss: 0.03371  time: 0.3607  data_time: 0.0086  lr: 6.555e-05  max_mem: 6658M
[12/10 01:17:55 d2.utils.events]:  eta: 0:46:19  iter: 12259  total_loss: 0.03517  time: 0.3607  data_time: 0.0086  lr: 6.5256e-05  max_mem: 6658M
[12/10 01:18:02 d2.utils.events]:  eta: 0:46:12  iter: 12279  total_loss: 0.03226  time: 0.3607  data_time: 0.0087  lr: 6.4961e-05  max_mem: 6658M
[12/10 01:18:09 d2.utils.events]:  eta: 0:46:05  iter: 12299  total_loss: 0.02995  time: 0.3607  data_time: 0.0085  lr: 6.4667e-05  max_mem: 6658M
[12/10 01:18:16 d2.utils.events]:  eta: 0:45:58  iter: 12319  total_loss: 0.0323  time: 0.3607  data_time: 0.0081  lr: 6.4373e-05  max_mem: 6658M
[12/10 01:18:24 d2.utils.events]:  eta: 0:45:50  iter: 12339  total_loss: 0.03152  time: 0.3607  data_time: 0.0079  lr: 6.408e-05  max_mem: 6658M
[12/10 01:18:31 d2.utils.events]:  eta: 0:45:43  iter: 12359  total_loss: 0.03227  time: 0.3607  data_time: 0.0091  lr: 6.3787e-05  max_mem: 6658M
[12/10 01:18:38 d2.utils.events]:  eta: 0:45:35  iter: 12379  total_loss: 0.03406  time: 0.3607  data_time: 0.0081  lr: 6.3494e-05  max_mem: 6658M
[12/10 01:18:45 d2.utils.events]:  eta: 0:45:28  iter: 12399  total_loss: 0.03275  time: 0.3607  data_time: 0.0084  lr: 6.3202e-05  max_mem: 6658M
[12/10 01:18:53 d2.utils.events]:  eta: 0:45:21  iter: 12419  total_loss: 0.03318  time: 0.3607  data_time: 0.0084  lr: 6.291e-05  max_mem: 6658M
[12/10 01:19:00 d2.utils.events]:  eta: 0:45:13  iter: 12439  total_loss: 0.03162  time: 0.3607  data_time: 0.0081  lr: 6.2619e-05  max_mem: 6658M
[12/10 01:19:07 d2.utils.events]:  eta: 0:45:06  iter: 12459  total_loss: 0.03283  time: 0.3607  data_time: 0.0085  lr: 6.2327e-05  max_mem: 6658M
[12/10 01:19:14 d2.utils.events]:  eta: 0:44:59  iter: 12479  total_loss: 0.02868  time: 0.3607  data_time: 0.0085  lr: 6.2037e-05  max_mem: 6658M
[12/10 01:19:22 d2.utils.events]:  eta: 0:44:52  iter: 12499  total_loss: 0.02971  time: 0.3607  data_time: 0.0087  lr: 6.1746e-05  max_mem: 6658M
[12/10 01:19:29 d2.utils.events]:  eta: 0:44:45  iter: 12519  total_loss: 0.03016  time: 0.3607  data_time: 0.0079  lr: 6.1456e-05  max_mem: 6658M
[12/10 01:19:36 d2.utils.events]:  eta: 0:44:37  iter: 12539  total_loss: 0.02684  time: 0.3607  data_time: 0.0079  lr: 6.1166e-05  max_mem: 6658M
[12/10 01:19:43 d2.utils.events]:  eta: 0:44:30  iter: 12559  total_loss: 0.02921  time: 0.3607  data_time: 0.0081  lr: 6.0877e-05  max_mem: 6658M
[12/10 01:19:50 d2.utils.events]:  eta: 0:44:22  iter: 12579  total_loss: 0.03026  time: 0.3607  data_time: 0.0081  lr: 6.0588e-05  max_mem: 6658M
[12/10 01:19:58 d2.utils.events]:  eta: 0:44:15  iter: 12599  total_loss: 0.03198  time: 0.3607  data_time: 0.0086  lr: 6.03e-05  max_mem: 6658M
[12/10 01:20:05 d2.utils.events]:  eta: 0:44:08  iter: 12619  total_loss: 0.02958  time: 0.3607  data_time: 0.0080  lr: 6.0011e-05  max_mem: 6658M
[12/10 01:20:12 d2.utils.events]:  eta: 0:44:00  iter: 12639  total_loss: 0.03388  time: 0.3607  data_time: 0.0080  lr: 5.9724e-05  max_mem: 6658M
[12/10 01:20:19 d2.utils.events]:  eta: 0:43:53  iter: 12659  total_loss: 0.03055  time: 0.3607  data_time: 0.0082  lr: 5.9436e-05  max_mem: 6658M
[12/10 01:20:27 d2.utils.events]:  eta: 0:43:46  iter: 12679  total_loss: 0.03175  time: 0.3607  data_time: 0.0085  lr: 5.9149e-05  max_mem: 6658M
[12/10 01:20:34 d2.utils.events]:  eta: 0:43:39  iter: 12699  total_loss: 0.02649  time: 0.3607  data_time: 0.0087  lr: 5.8863e-05  max_mem: 6658M
[12/10 01:20:41 d2.utils.events]:  eta: 0:43:32  iter: 12719  total_loss: 0.02956  time: 0.3607  data_time: 0.0087  lr: 5.8577e-05  max_mem: 6658M
[12/10 01:20:48 d2.utils.events]:  eta: 0:43:25  iter: 12739  total_loss: 0.03552  time: 0.3607  data_time: 0.0082  lr: 5.8291e-05  max_mem: 6658M
[12/10 01:20:56 d2.utils.events]:  eta: 0:43:18  iter: 12759  total_loss: 0.02978  time: 0.3607  data_time: 0.0082  lr: 5.8006e-05  max_mem: 6658M
[12/10 01:21:03 d2.utils.events]:  eta: 0:43:10  iter: 12779  total_loss: 0.03228  time: 0.3607  data_time: 0.0085  lr: 5.7721e-05  max_mem: 6658M
[12/10 01:21:10 d2.utils.events]:  eta: 0:43:03  iter: 12799  total_loss: 0.0312  time: 0.3607  data_time: 0.0090  lr: 5.7436e-05  max_mem: 6658M
[12/10 01:21:17 d2.utils.events]:  eta: 0:42:56  iter: 12819  total_loss: 0.03152  time: 0.3607  data_time: 0.0083  lr: 5.7152e-05  max_mem: 6658M
[12/10 01:21:25 d2.utils.events]:  eta: 0:42:49  iter: 12839  total_loss: 0.02813  time: 0.3607  data_time: 0.0085  lr: 5.6869e-05  max_mem: 6658M
[12/10 01:21:32 d2.utils.events]:  eta: 0:42:42  iter: 12859  total_loss: 0.03189  time: 0.3607  data_time: 0.0085  lr: 5.6585e-05  max_mem: 6658M
[12/10 01:21:39 d2.utils.events]:  eta: 0:42:35  iter: 12879  total_loss: 0.03046  time: 0.3607  data_time: 0.0087  lr: 5.6303e-05  max_mem: 6658M
[12/10 01:21:46 d2.utils.events]:  eta: 0:42:28  iter: 12899  total_loss: 0.0482  time: 0.3607  data_time: 0.0097  lr: 5.602e-05  max_mem: 6658M
[12/10 01:21:54 d2.utils.events]:  eta: 0:42:21  iter: 12919  total_loss: 0.03544  time: 0.3607  data_time: 0.0086  lr: 5.5738e-05  max_mem: 6658M
[12/10 01:22:01 d2.utils.events]:  eta: 0:42:13  iter: 12939  total_loss: 0.02892  time: 0.3607  data_time: 0.0088  lr: 5.5457e-05  max_mem: 6658M
[12/10 01:22:08 d2.utils.events]:  eta: 0:42:06  iter: 12959  total_loss: 0.0288  time: 0.3607  data_time: 0.0080  lr: 5.5176e-05  max_mem: 6658M
[12/10 01:22:15 d2.utils.events]:  eta: 0:41:59  iter: 12979  total_loss: 0.02915  time: 0.3607  data_time: 0.0082  lr: 5.4895e-05  max_mem: 6658M
[12/10 01:22:23 d2.utils.events]:  eta: 0:41:52  iter: 12999  total_loss: 0.03206  time: 0.3607  data_time: 0.0084  lr: 5.4615e-05  max_mem: 6658M
[12/10 01:22:30 d2.utils.events]:  eta: 0:41:44  iter: 13019  total_loss: 0.02995  time: 0.3607  data_time: 0.0085  lr: 5.4335e-05  max_mem: 6658M
[12/10 01:22:37 d2.utils.events]:  eta: 0:41:37  iter: 13039  total_loss: 0.03153  time: 0.3607  data_time: 0.0091  lr: 5.4056e-05  max_mem: 6658M
[12/10 01:22:44 d2.utils.events]:  eta: 0:41:30  iter: 13059  total_loss: 0.03107  time: 0.3607  data_time: 0.0089  lr: 5.3777e-05  max_mem: 6658M
[12/10 01:22:52 d2.utils.events]:  eta: 0:41:23  iter: 13079  total_loss: 0.02906  time: 0.3607  data_time: 0.0088  lr: 5.3499e-05  max_mem: 6658M
[12/10 01:22:59 d2.utils.events]:  eta: 0:41:16  iter: 13099  total_loss: 0.03023  time: 0.3607  data_time: 0.0088  lr: 5.3221e-05  max_mem: 6658M
[12/10 01:23:06 d2.utils.events]:  eta: 0:41:09  iter: 13119  total_loss: 0.03237  time: 0.3607  data_time: 0.0087  lr: 5.2943e-05  max_mem: 6658M
[12/10 01:23:14 d2.utils.events]:  eta: 0:41:01  iter: 13139  total_loss: 0.03493  time: 0.3607  data_time: 0.0079  lr: 5.2666e-05  max_mem: 6658M
[12/10 01:23:21 d2.utils.events]:  eta: 0:40:54  iter: 13159  total_loss: 0.03176  time: 0.3607  data_time: 0.0081  lr: 5.239e-05  max_mem: 6658M
[12/10 01:23:28 d2.utils.events]:  eta: 0:40:47  iter: 13179  total_loss: 0.0303  time: 0.3607  data_time: 0.0083  lr: 5.2114e-05  max_mem: 6658M
[12/10 01:23:35 d2.utils.events]:  eta: 0:40:39  iter: 13199  total_loss: 0.02736  time: 0.3607  data_time: 0.0089  lr: 5.1838e-05  max_mem: 6658M
[12/10 01:23:43 d2.utils.events]:  eta: 0:40:32  iter: 13219  total_loss: 0.03184  time: 0.3607  data_time: 0.0087  lr: 5.1563e-05  max_mem: 6658M
[12/10 01:23:50 d2.utils.events]:  eta: 0:40:25  iter: 13239  total_loss: 0.02806  time: 0.3607  data_time: 0.0084  lr: 5.1289e-05  max_mem: 6658M
[12/10 01:23:57 d2.utils.events]:  eta: 0:40:18  iter: 13259  total_loss: 0.03802  time: 0.3607  data_time: 0.0086  lr: 5.1015e-05  max_mem: 6658M
[12/10 01:24:04 d2.utils.events]:  eta: 0:40:11  iter: 13279  total_loss: 0.02813  time: 0.3607  data_time: 0.0085  lr: 5.0741e-05  max_mem: 6658M
[12/10 01:24:11 d2.utils.events]:  eta: 0:40:04  iter: 13299  total_loss: 0.03208  time: 0.3607  data_time: 0.0085  lr: 5.0468e-05  max_mem: 6658M
[12/10 01:24:19 d2.utils.events]:  eta: 0:39:56  iter: 13319  total_loss: 0.03092  time: 0.3607  data_time: 0.0084  lr: 5.0195e-05  max_mem: 6658M
[12/10 01:24:26 d2.utils.events]:  eta: 0:39:50  iter: 13339  total_loss: 0.03116  time: 0.3607  data_time: 0.0085  lr: 4.9923e-05  max_mem: 6658M
[12/10 01:24:33 d2.utils.events]:  eta: 0:39:43  iter: 13359  total_loss: 0.02864  time: 0.3607  data_time: 0.0084  lr: 4.9651e-05  max_mem: 6658M
[12/10 01:24:41 d2.utils.events]:  eta: 0:39:36  iter: 13379  total_loss: 0.03125  time: 0.3607  data_time: 0.0085  lr: 4.938e-05  max_mem: 6658M
[12/10 01:24:48 d2.utils.events]:  eta: 0:39:29  iter: 13399  total_loss: 0.02984  time: 0.3607  data_time: 0.0088  lr: 4.9109e-05  max_mem: 6658M
[12/10 01:24:55 d2.utils.events]:  eta: 0:39:21  iter: 13419  total_loss: 0.03052  time: 0.3607  data_time: 0.0081  lr: 4.8839e-05  max_mem: 6658M
[12/10 01:25:02 d2.utils.events]:  eta: 0:39:14  iter: 13439  total_loss: 0.0295  time: 0.3607  data_time: 0.0080  lr: 4.857e-05  max_mem: 6658M
[12/10 01:25:10 d2.utils.events]:  eta: 0:39:07  iter: 13459  total_loss: 0.02991  time: 0.3607  data_time: 0.0083  lr: 4.83e-05  max_mem: 6658M
[12/10 01:25:17 d2.utils.events]:  eta: 0:38:59  iter: 13479  total_loss: 0.03432  time: 0.3607  data_time: 0.0080  lr: 4.8032e-05  max_mem: 6658M
[12/10 01:25:24 d2.utils.events]:  eta: 0:38:52  iter: 13499  total_loss: 0.02992  time: 0.3607  data_time: 0.0082  lr: 4.7764e-05  max_mem: 6658M
[12/10 01:25:31 d2.utils.events]:  eta: 0:38:45  iter: 13519  total_loss: 0.03713  time: 0.3607  data_time: 0.0082  lr: 4.7496e-05  max_mem: 6658M
[12/10 01:25:38 d2.utils.events]:  eta: 0:38:38  iter: 13539  total_loss: 0.02775  time: 0.3607  data_time: 0.0090  lr: 4.7229e-05  max_mem: 6658M
[12/10 01:25:46 d2.utils.events]:  eta: 0:38:31  iter: 13559  total_loss: 0.03466  time: 0.3607  data_time: 0.0083  lr: 4.6962e-05  max_mem: 6658M
[12/10 01:25:53 d2.utils.events]:  eta: 0:38:24  iter: 13579  total_loss: 0.03068  time: 0.3607  data_time: 0.0085  lr: 4.6696e-05  max_mem: 6658M
[12/10 01:26:00 d2.utils.events]:  eta: 0:38:17  iter: 13599  total_loss: 0.03219  time: 0.3607  data_time: 0.0087  lr: 4.6431e-05  max_mem: 6658M
[12/10 01:26:07 d2.utils.events]:  eta: 0:38:10  iter: 13619  total_loss: 0.02974  time: 0.3607  data_time: 0.0086  lr: 4.6166e-05  max_mem: 6658M
[12/10 01:26:15 d2.utils.events]:  eta: 0:38:03  iter: 13639  total_loss: 0.0303  time: 0.3607  data_time: 0.0085  lr: 4.5901e-05  max_mem: 6658M
[12/10 01:26:22 d2.utils.events]:  eta: 0:37:56  iter: 13659  total_loss: 0.02875  time: 0.3607  data_time: 0.0090  lr: 4.5637e-05  max_mem: 6658M
[12/10 01:26:29 d2.utils.events]:  eta: 0:37:48  iter: 13679  total_loss: 0.03088  time: 0.3607  data_time: 0.0083  lr: 4.5374e-05  max_mem: 6658M
[12/10 01:26:36 d2.utils.events]:  eta: 0:37:41  iter: 13699  total_loss: 0.02862  time: 0.3607  data_time: 0.0090  lr: 4.5111e-05  max_mem: 6658M
[12/10 01:26:44 d2.utils.events]:  eta: 0:37:34  iter: 13719  total_loss: 0.02778  time: 0.3607  data_time: 0.0088  lr: 4.4849e-05  max_mem: 6658M
[12/10 01:26:51 d2.utils.events]:  eta: 0:37:27  iter: 13739  total_loss: 0.03058  time: 0.3607  data_time: 0.0082  lr: 4.4587e-05  max_mem: 6658M
[12/10 01:26:58 d2.utils.events]:  eta: 0:37:20  iter: 13759  total_loss: 0.03377  time: 0.3607  data_time: 0.0083  lr: 4.4325e-05  max_mem: 6658M
[12/10 01:27:05 d2.utils.events]:  eta: 0:37:13  iter: 13779  total_loss: 0.03552  time: 0.3607  data_time: 0.0089  lr: 4.4065e-05  max_mem: 6658M
[12/10 01:27:13 d2.utils.events]:  eta: 0:37:05  iter: 13799  total_loss: 0.02913  time: 0.3607  data_time: 0.0079  lr: 4.3805e-05  max_mem: 6658M
[12/10 01:27:20 d2.utils.events]:  eta: 0:36:58  iter: 13819  total_loss: 0.03071  time: 0.3607  data_time: 0.0080  lr: 4.3545e-05  max_mem: 6658M
[12/10 01:27:27 d2.utils.events]:  eta: 0:36:51  iter: 13839  total_loss: 0.031  time: 0.3607  data_time: 0.0085  lr: 4.3286e-05  max_mem: 6658M
[12/10 01:27:34 d2.utils.events]:  eta: 0:36:44  iter: 13859  total_loss: 0.03098  time: 0.3607  data_time: 0.0084  lr: 4.3028e-05  max_mem: 6658M
[12/10 01:27:42 d2.utils.events]:  eta: 0:36:36  iter: 13879  total_loss: 0.03453  time: 0.3607  data_time: 0.0078  lr: 4.277e-05  max_mem: 6658M
[12/10 01:27:49 d2.utils.events]:  eta: 0:36:29  iter: 13899  total_loss: 0.03232  time: 0.3607  data_time: 0.0083  lr: 4.2512e-05  max_mem: 6658M
[12/10 01:27:56 d2.utils.events]:  eta: 0:36:22  iter: 13919  total_loss: 0.03036  time: 0.3607  data_time: 0.0084  lr: 4.2256e-05  max_mem: 6658M
[12/10 01:28:03 d2.utils.events]:  eta: 0:36:15  iter: 13939  total_loss: 0.03422  time: 0.3607  data_time: 0.0090  lr: 4.1999e-05  max_mem: 6658M
[12/10 01:28:11 d2.utils.events]:  eta: 0:36:07  iter: 13959  total_loss: 0.02853  time: 0.3607  data_time: 0.0091  lr: 4.1744e-05  max_mem: 6658M
[12/10 01:28:18 d2.utils.events]:  eta: 0:36:00  iter: 13979  total_loss: 0.02788  time: 0.3607  data_time: 0.0080  lr: 4.1489e-05  max_mem: 6658M
[12/10 01:28:25 d2.utils.events]:  eta: 0:35:53  iter: 13999  total_loss: 0.02766  time: 0.3607  data_time: 0.0079  lr: 4.1234e-05  max_mem: 6658M
[12/10 01:28:32 d2.utils.events]:  eta: 0:35:46  iter: 14019  total_loss: 0.03043  time: 0.3607  data_time: 0.0079  lr: 4.098e-05  max_mem: 6658M
[12/10 01:28:39 d2.utils.events]:  eta: 0:35:38  iter: 14039  total_loss: 0.02735  time: 0.3607  data_time: 0.0082  lr: 4.0727e-05  max_mem: 6658M
[12/10 01:28:47 d2.utils.events]:  eta: 0:35:31  iter: 14059  total_loss: 0.02904  time: 0.3607  data_time: 0.0084  lr: 4.0474e-05  max_mem: 6658M
[12/10 01:28:54 d2.utils.events]:  eta: 0:35:23  iter: 14079  total_loss: 0.03064  time: 0.3607  data_time: 0.0083  lr: 4.0222e-05  max_mem: 6658M
[12/10 01:29:01 d2.utils.events]:  eta: 0:35:16  iter: 14099  total_loss: 0.03003  time: 0.3607  data_time: 0.0086  lr: 3.9971e-05  max_mem: 6658M
[12/10 01:29:09 d2.utils.events]:  eta: 0:35:09  iter: 14119  total_loss: 0.03091  time: 0.3607  data_time: 0.0082  lr: 3.972e-05  max_mem: 6658M
[12/10 01:29:16 d2.utils.events]:  eta: 0:35:02  iter: 14139  total_loss: 0.03071  time: 0.3607  data_time: 0.0084  lr: 3.9469e-05  max_mem: 6658M
[12/10 01:29:23 d2.utils.events]:  eta: 0:34:55  iter: 14159  total_loss: 0.02838  time: 0.3607  data_time: 0.0087  lr: 3.9219e-05  max_mem: 6658M
[12/10 01:29:30 d2.utils.events]:  eta: 0:34:48  iter: 14179  total_loss: 0.02776  time: 0.3607  data_time: 0.0085  lr: 3.897e-05  max_mem: 6658M
[12/10 01:29:38 d2.utils.events]:  eta: 0:34:41  iter: 14199  total_loss: 0.03206  time: 0.3607  data_time: 0.0084  lr: 3.8722e-05  max_mem: 6658M
[12/10 01:29:45 d2.utils.events]:  eta: 0:34:33  iter: 14219  total_loss: 0.03321  time: 0.3607  data_time: 0.0079  lr: 3.8474e-05  max_mem: 6658M
[12/10 01:29:52 d2.utils.events]:  eta: 0:34:26  iter: 14239  total_loss: 0.03344  time: 0.3607  data_time: 0.0086  lr: 3.8226e-05  max_mem: 6658M
[12/10 01:29:59 d2.utils.events]:  eta: 0:34:19  iter: 14259  total_loss: 0.02983  time: 0.3607  data_time: 0.0088  lr: 3.798e-05  max_mem: 6658M
[12/10 01:30:07 d2.utils.events]:  eta: 0:34:12  iter: 14279  total_loss: 0.02848  time: 0.3607  data_time: 0.0086  lr: 3.7734e-05  max_mem: 6658M
[12/10 01:30:14 d2.utils.events]:  eta: 0:34:04  iter: 14299  total_loss: 0.03007  time: 0.3607  data_time: 0.0086  lr: 3.7488e-05  max_mem: 6658M
[12/10 01:30:21 d2.utils.events]:  eta: 0:33:57  iter: 14319  total_loss: 0.03052  time: 0.3607  data_time: 0.0080  lr: 3.7243e-05  max_mem: 6658M
[12/10 01:30:28 d2.utils.events]:  eta: 0:33:50  iter: 14339  total_loss: 0.03167  time: 0.3607  data_time: 0.0081  lr: 3.6999e-05  max_mem: 6658M
[12/10 01:30:36 d2.utils.events]:  eta: 0:33:43  iter: 14359  total_loss: 0.03041  time: 0.3607  data_time: 0.0083  lr: 3.6755e-05  max_mem: 6658M
[12/10 01:30:43 d2.utils.events]:  eta: 0:33:35  iter: 14379  total_loss: 0.02952  time: 0.3607  data_time: 0.0081  lr: 3.6512e-05  max_mem: 6658M
[12/10 01:30:50 d2.utils.events]:  eta: 0:33:28  iter: 14399  total_loss: 0.03367  time: 0.3607  data_time: 0.0084  lr: 3.627e-05  max_mem: 6658M
[12/10 01:30:57 d2.utils.events]:  eta: 0:33:21  iter: 14419  total_loss: 0.03152  time: 0.3607  data_time: 0.0083  lr: 3.6028e-05  max_mem: 6658M
[12/10 01:31:05 d2.utils.events]:  eta: 0:33:14  iter: 14439  total_loss: 0.03229  time: 0.3607  data_time: 0.0087  lr: 3.5787e-05  max_mem: 6658M
[12/10 01:31:12 d2.utils.events]:  eta: 0:33:07  iter: 14459  total_loss: 0.02853  time: 0.3607  data_time: 0.0086  lr: 3.5546e-05  max_mem: 6658M
[12/10 01:31:19 d2.utils.events]:  eta: 0:33:00  iter: 14479  total_loss: 0.03502  time: 0.3607  data_time: 0.0084  lr: 3.5306e-05  max_mem: 6658M
[12/10 01:31:26 d2.utils.events]:  eta: 0:32:52  iter: 14499  total_loss: 0.03247  time: 0.3607  data_time: 0.0080  lr: 3.5067e-05  max_mem: 6658M
[12/10 01:31:34 d2.utils.events]:  eta: 0:32:45  iter: 14519  total_loss: 0.03042  time: 0.3607  data_time: 0.0082  lr: 3.4829e-05  max_mem: 6658M
[12/10 01:31:41 d2.utils.events]:  eta: 0:32:38  iter: 14539  total_loss: 0.03401  time: 0.3607  data_time: 0.0081  lr: 3.4591e-05  max_mem: 6658M
[12/10 01:31:48 d2.utils.events]:  eta: 0:32:31  iter: 14559  total_loss: 0.0277  time: 0.3607  data_time: 0.0087  lr: 3.4353e-05  max_mem: 6658M
[12/10 01:31:55 d2.utils.events]:  eta: 0:32:23  iter: 14579  total_loss: 0.03365  time: 0.3607  data_time: 0.0085  lr: 3.4117e-05  max_mem: 6658M
[12/10 01:32:03 d2.utils.events]:  eta: 0:32:16  iter: 14599  total_loss: 0.02874  time: 0.3607  data_time: 0.0088  lr: 3.3881e-05  max_mem: 6658M
[12/10 01:32:10 d2.utils.events]:  eta: 0:32:09  iter: 14619  total_loss: 0.02792  time: 0.3607  data_time: 0.0083  lr: 3.3645e-05  max_mem: 6658M
[12/10 01:32:17 d2.utils.events]:  eta: 0:32:02  iter: 14639  total_loss: 0.0295  time: 0.3607  data_time: 0.0085  lr: 3.3411e-05  max_mem: 6658M
[12/10 01:32:24 d2.utils.events]:  eta: 0:31:55  iter: 14659  total_loss: 0.02622  time: 0.3607  data_time: 0.0079  lr: 3.3176e-05  max_mem: 6658M
[12/10 01:32:31 d2.utils.events]:  eta: 0:31:48  iter: 14679  total_loss: 0.03094  time: 0.3607  data_time: 0.0083  lr: 3.2943e-05  max_mem: 6658M
[12/10 01:32:39 d2.utils.events]:  eta: 0:31:41  iter: 14699  total_loss: 0.03161  time: 0.3607  data_time: 0.0086  lr: 3.271e-05  max_mem: 6658M
[12/10 01:32:46 d2.utils.events]:  eta: 0:31:33  iter: 14719  total_loss: 0.02984  time: 0.3607  data_time: 0.0087  lr: 3.2478e-05  max_mem: 6658M
[12/10 01:32:53 d2.utils.events]:  eta: 0:31:26  iter: 14739  total_loss: 0.02973  time: 0.3607  data_time: 0.0086  lr: 3.2247e-05  max_mem: 6658M
[12/10 01:33:00 d2.utils.events]:  eta: 0:31:19  iter: 14759  total_loss: 0.03087  time: 0.3607  data_time: 0.0084  lr: 3.2016e-05  max_mem: 6658M
[12/10 01:33:08 d2.utils.events]:  eta: 0:31:12  iter: 14779  total_loss: 0.03071  time: 0.3607  data_time: 0.0089  lr: 3.1786e-05  max_mem: 6658M
[12/10 01:33:15 d2.utils.events]:  eta: 0:31:05  iter: 14799  total_loss: 0.0341  time: 0.3607  data_time: 0.0087  lr: 3.1557e-05  max_mem: 6658M
[12/10 01:33:22 d2.utils.events]:  eta: 0:30:58  iter: 14819  total_loss: 0.03089  time: 0.3607  data_time: 0.0086  lr: 3.1328e-05  max_mem: 6658M
[12/10 01:33:29 d2.utils.events]:  eta: 0:30:51  iter: 14839  total_loss: 0.03148  time: 0.3607  data_time: 0.0081  lr: 3.11e-05  max_mem: 6658M
[12/10 01:33:37 d2.utils.events]:  eta: 0:30:43  iter: 14859  total_loss: 0.02812  time: 0.3607  data_time: 0.0082  lr: 3.0873e-05  max_mem: 6658M
[12/10 01:33:44 d2.utils.events]:  eta: 0:30:36  iter: 14879  total_loss: 0.03247  time: 0.3607  data_time: 0.0083  lr: 3.0646e-05  max_mem: 6658M
[12/10 01:33:51 d2.utils.events]:  eta: 0:30:29  iter: 14899  total_loss: 0.03361  time: 0.3607  data_time: 0.0085  lr: 3.042e-05  max_mem: 6658M
[12/10 01:33:58 d2.utils.events]:  eta: 0:30:22  iter: 14919  total_loss: 0.03021  time: 0.3607  data_time: 0.0082  lr: 3.0195e-05  max_mem: 6658M
[12/10 01:34:06 d2.utils.events]:  eta: 0:30:15  iter: 14939  total_loss: 0.02708  time: 0.3607  data_time: 0.0084  lr: 2.997e-05  max_mem: 6658M
[12/10 01:34:13 d2.utils.events]:  eta: 0:30:08  iter: 14959  total_loss: 0.03036  time: 0.3607  data_time: 0.0077  lr: 2.9746e-05  max_mem: 6658M
[12/10 01:34:20 d2.utils.events]:  eta: 0:30:01  iter: 14979  total_loss: 0.03056  time: 0.3607  data_time: 0.0080  lr: 2.9523e-05  max_mem: 6658M
[12/10 01:34:27 fvcore.common.checkpoint]: Saving checkpoint to outputs/gta_seen7_eva_b16_r512/model_0014999.pth
[12/10 01:34:28 d2.data.dataset_mapper]: [DatasetMapper] Augmentations used in inference: [ResizeShortestEdge(short_edge_length=(512, 512), max_size=1024, sample_style='choice')]
[12/10 01:34:28 d2.data.common]: Serializing 998 elements to byte tensors and concatenating them all ...
[12/10 01:34:28 d2.data.common]: Serialized dataset takes 0.27 MiB
[12/10 01:34:28 d2.evaluation.evaluator]: Start inference on 998 batches
[12/10 01:34:33 d2.evaluation.evaluator]: Inference done 11/998. Dataloading: 0.0014 s/iter. Inference: 0.0810 s/iter. Eval: 0.1874 s/iter. Total: 0.2698 s/iter. ETA=0:04:26
[12/10 01:34:38 d2.evaluation.evaluator]: Inference done 30/998. Dataloading: 0.0015 s/iter. Inference: 0.0818 s/iter. Eval: 0.1840 s/iter. Total: 0.2674 s/iter. ETA=0:04:18
[12/10 01:34:43 d2.evaluation.evaluator]: Inference done 49/998. Dataloading: 0.0017 s/iter. Inference: 0.0817 s/iter. Eval: 0.1837 s/iter. Total: 0.2671 s/iter. ETA=0:04:13
[12/10 01:34:48 d2.evaluation.evaluator]: Inference done 69/998. Dataloading: 0.0017 s/iter. Inference: 0.0817 s/iter. Eval: 0.1815 s/iter. Total: 0.2651 s/iter. ETA=0:04:06
[12/10 01:34:53 d2.evaluation.evaluator]: Inference done 88/998. Dataloading: 0.0018 s/iter. Inference: 0.0817 s/iter. Eval: 0.1819 s/iter. Total: 0.2654 s/iter. ETA=0:04:01
[12/10 01:34:59 d2.evaluation.evaluator]: Inference done 107/998. Dataloading: 0.0018 s/iter. Inference: 0.0816 s/iter. Eval: 0.1829 s/iter. Total: 0.2664 s/iter. ETA=0:03:57
[12/10 01:35:04 d2.evaluation.evaluator]: Inference done 126/998. Dataloading: 0.0018 s/iter. Inference: 0.0817 s/iter. Eval: 0.1828 s/iter. Total: 0.2664 s/iter. ETA=0:03:52
[12/10 01:35:09 d2.evaluation.evaluator]: Inference done 144/998. Dataloading: 0.0018 s/iter. Inference: 0.0817 s/iter. Eval: 0.1825 s/iter. Total: 0.2694 s/iter. ETA=0:03:50
[12/10 01:35:14 d2.evaluation.evaluator]: Inference done 164/998. Dataloading: 0.0018 s/iter. Inference: 0.0817 s/iter. Eval: 0.1819 s/iter. Total: 0.2683 s/iter. ETA=0:03:43
[12/10 01:35:19 d2.evaluation.evaluator]: Inference done 183/998. Dataloading: 0.0018 s/iter. Inference: 0.0817 s/iter. Eval: 0.1817 s/iter. Total: 0.2679 s/iter. ETA=0:03:38
[12/10 01:35:24 d2.evaluation.evaluator]: Inference done 202/998. Dataloading: 0.0018 s/iter. Inference: 0.0818 s/iter. Eval: 0.1820 s/iter. Total: 0.2680 s/iter. ETA=0:03:33
[12/10 01:35:29 d2.evaluation.evaluator]: Inference done 221/998. Dataloading: 0.0018 s/iter. Inference: 0.0818 s/iter. Eval: 0.1821 s/iter. Total: 0.2679 s/iter. ETA=0:03:28
[12/10 01:35:34 d2.evaluation.evaluator]: Inference done 240/998. Dataloading: 0.0018 s/iter. Inference: 0.0817 s/iter. Eval: 0.1823 s/iter. Total: 0.2679 s/iter. ETA=0:03:23
[12/10 01:35:39 d2.evaluation.evaluator]: Inference done 259/998. Dataloading: 0.0018 s/iter. Inference: 0.0817 s/iter. Eval: 0.1823 s/iter. Total: 0.2678 s/iter. ETA=0:03:17
[12/10 01:35:44 d2.evaluation.evaluator]: Inference done 278/998. Dataloading: 0.0018 s/iter. Inference: 0.0817 s/iter. Eval: 0.1824 s/iter. Total: 0.2677 s/iter. ETA=0:03:12
[12/10 01:35:49 d2.evaluation.evaluator]: Inference done 296/998. Dataloading: 0.0018 s/iter. Inference: 0.0817 s/iter. Eval: 0.1831 s/iter. Total: 0.2683 s/iter. ETA=0:03:08
[12/10 01:35:55 d2.evaluation.evaluator]: Inference done 315/998. Dataloading: 0.0018 s/iter. Inference: 0.0817 s/iter. Eval: 0.1833 s/iter. Total: 0.2684 s/iter. ETA=0:03:03
[12/10 01:36:00 d2.evaluation.evaluator]: Inference done 334/998. Dataloading: 0.0019 s/iter. Inference: 0.0816 s/iter. Eval: 0.1836 s/iter. Total: 0.2685 s/iter. ETA=0:02:58
[12/10 01:36:05 d2.evaluation.evaluator]: Inference done 353/998. Dataloading: 0.0019 s/iter. Inference: 0.0816 s/iter. Eval: 0.1840 s/iter. Total: 0.2689 s/iter. ETA=0:02:53
[12/10 01:36:10 d2.evaluation.evaluator]: Inference done 372/998. Dataloading: 0.0019 s/iter. Inference: 0.0816 s/iter. Eval: 0.1845 s/iter. Total: 0.2692 s/iter. ETA=0:02:48
[12/10 01:36:15 d2.evaluation.evaluator]: Inference done 391/998. Dataloading: 0.0019 s/iter. Inference: 0.0816 s/iter. Eval: 0.1846 s/iter. Total: 0.2693 s/iter. ETA=0:02:43
[12/10 01:36:20 d2.evaluation.evaluator]: Inference done 410/998. Dataloading: 0.0019 s/iter. Inference: 0.0815 s/iter. Eval: 0.1848 s/iter. Total: 0.2694 s/iter. ETA=0:02:38
[12/10 01:36:26 d2.evaluation.evaluator]: Inference done 429/998. Dataloading: 0.0019 s/iter. Inference: 0.0816 s/iter. Eval: 0.1850 s/iter. Total: 0.2696 s/iter. ETA=0:02:33
[12/10 01:36:31 d2.evaluation.evaluator]: Inference done 447/998. Dataloading: 0.0019 s/iter. Inference: 0.0817 s/iter. Eval: 0.1853 s/iter. Total: 0.2699 s/iter. ETA=0:02:28
[12/10 01:36:36 d2.evaluation.evaluator]: Inference done 466/998. Dataloading: 0.0019 s/iter. Inference: 0.0817 s/iter. Eval: 0.1853 s/iter. Total: 0.2699 s/iter. ETA=0:02:23
[12/10 01:36:41 d2.evaluation.evaluator]: Inference done 484/998. Dataloading: 0.0019 s/iter. Inference: 0.0817 s/iter. Eval: 0.1857 s/iter. Total: 0.2703 s/iter. ETA=0:02:18
[12/10 01:36:46 d2.evaluation.evaluator]: Inference done 503/998. Dataloading: 0.0019 s/iter. Inference: 0.0817 s/iter. Eval: 0.1858 s/iter. Total: 0.2703 s/iter. ETA=0:02:13
[12/10 01:36:51 d2.evaluation.evaluator]: Inference done 521/998. Dataloading: 0.0019 s/iter. Inference: 0.0817 s/iter. Eval: 0.1862 s/iter. Total: 0.2707 s/iter. ETA=0:02:09
[12/10 01:36:56 d2.evaluation.evaluator]: Inference done 540/998. Dataloading: 0.0019 s/iter. Inference: 0.0817 s/iter. Eval: 0.1860 s/iter. Total: 0.2705 s/iter. ETA=0:02:03
[12/10 01:37:01 d2.evaluation.evaluator]: Inference done 559/998. Dataloading: 0.0019 s/iter. Inference: 0.0817 s/iter. Eval: 0.1862 s/iter. Total: 0.2707 s/iter. ETA=0:01:58
[12/10 01:37:07 d2.evaluation.evaluator]: Inference done 578/998. Dataloading: 0.0019 s/iter. Inference: 0.0817 s/iter. Eval: 0.1864 s/iter. Total: 0.2708 s/iter. ETA=0:01:53
[12/10 01:37:12 d2.evaluation.evaluator]: Inference done 597/998. Dataloading: 0.0019 s/iter. Inference: 0.0816 s/iter. Eval: 0.1865 s/iter. Total: 0.2709 s/iter. ETA=0:01:48
[12/10 01:37:17 d2.evaluation.evaluator]: Inference done 616/998. Dataloading: 0.0019 s/iter. Inference: 0.0816 s/iter. Eval: 0.1865 s/iter. Total: 0.2708 s/iter. ETA=0:01:43
[12/10 01:37:22 d2.evaluation.evaluator]: Inference done 635/998. Dataloading: 0.0019 s/iter. Inference: 0.0816 s/iter. Eval: 0.1863 s/iter. Total: 0.2706 s/iter. ETA=0:01:38
[12/10 01:37:27 d2.evaluation.evaluator]: Inference done 654/998. Dataloading: 0.0019 s/iter. Inference: 0.0816 s/iter. Eval: 0.1862 s/iter. Total: 0.2705 s/iter. ETA=0:01:33
[12/10 01:37:32 d2.evaluation.evaluator]: Inference done 672/998. Dataloading: 0.0019 s/iter. Inference: 0.0817 s/iter. Eval: 0.1864 s/iter. Total: 0.2707 s/iter. ETA=0:01:28
[12/10 01:37:37 d2.evaluation.evaluator]: Inference done 691/998. Dataloading: 0.0019 s/iter. Inference: 0.0817 s/iter. Eval: 0.1865 s/iter. Total: 0.2708 s/iter. ETA=0:01:23
[12/10 01:37:42 d2.evaluation.evaluator]: Inference done 710/998. Dataloading: 0.0019 s/iter. Inference: 0.0817 s/iter. Eval: 0.1865 s/iter. Total: 0.2708 s/iter. ETA=0:01:17
[12/10 01:37:47 d2.evaluation.evaluator]: Inference done 729/998. Dataloading: 0.0019 s/iter. Inference: 0.0817 s/iter. Eval: 0.1864 s/iter. Total: 0.2707 s/iter. ETA=0:01:12
[12/10 01:37:52 d2.evaluation.evaluator]: Inference done 748/998. Dataloading: 0.0019 s/iter. Inference: 0.0816 s/iter. Eval: 0.1865 s/iter. Total: 0.2707 s/iter. ETA=0:01:07
[12/10 01:37:58 d2.evaluation.evaluator]: Inference done 767/998. Dataloading: 0.0019 s/iter. Inference: 0.0816 s/iter. Eval: 0.1865 s/iter. Total: 0.2707 s/iter. ETA=0:01:02
[12/10 01:38:03 d2.evaluation.evaluator]: Inference done 787/998. Dataloading: 0.0019 s/iter. Inference: 0.0816 s/iter. Eval: 0.1863 s/iter. Total: 0.2704 s/iter. ETA=0:00:57
[12/10 01:38:08 d2.evaluation.evaluator]: Inference done 806/998. Dataloading: 0.0019 s/iter. Inference: 0.0816 s/iter. Eval: 0.1863 s/iter. Total: 0.2704 s/iter. ETA=0:00:51
[12/10 01:38:13 d2.evaluation.evaluator]: Inference done 825/998. Dataloading: 0.0019 s/iter. Inference: 0.0816 s/iter. Eval: 0.1863 s/iter. Total: 0.2705 s/iter. ETA=0:00:46
[12/10 01:38:18 d2.evaluation.evaluator]: Inference done 844/998. Dataloading: 0.0019 s/iter. Inference: 0.0816 s/iter. Eval: 0.1864 s/iter. Total: 0.2705 s/iter. ETA=0:00:41
[12/10 01:38:23 d2.evaluation.evaluator]: Inference done 863/998. Dataloading: 0.0019 s/iter. Inference: 0.0816 s/iter. Eval: 0.1864 s/iter. Total: 0.2705 s/iter. ETA=0:00:36
[12/10 01:38:29 d2.evaluation.evaluator]: Inference done 883/998. Dataloading: 0.0019 s/iter. Inference: 0.0816 s/iter. Eval: 0.1862 s/iter. Total: 0.2703 s/iter. ETA=0:00:31
[12/10 01:38:34 d2.evaluation.evaluator]: Inference done 902/998. Dataloading: 0.0019 s/iter. Inference: 0.0816 s/iter. Eval: 0.1862 s/iter. Total: 0.2703 s/iter. ETA=0:00:25
[12/10 01:38:39 d2.evaluation.evaluator]: Inference done 921/998. Dataloading: 0.0019 s/iter. Inference: 0.0816 s/iter. Eval: 0.1863 s/iter. Total: 0.2704 s/iter. ETA=0:00:20
[12/10 01:38:44 d2.evaluation.evaluator]: Inference done 940/998. Dataloading: 0.0019 s/iter. Inference: 0.0816 s/iter. Eval: 0.1864 s/iter. Total: 0.2705 s/iter. ETA=0:00:15
[12/10 01:38:49 d2.evaluation.evaluator]: Inference done 959/998. Dataloading: 0.0019 s/iter. Inference: 0.0816 s/iter. Eval: 0.1863 s/iter. Total: 0.2703 s/iter. ETA=0:00:10
[12/10 01:38:54 d2.evaluation.evaluator]: Inference done 978/998. Dataloading: 0.0019 s/iter. Inference: 0.0816 s/iter. Eval: 0.1863 s/iter. Total: 0.2703 s/iter. ETA=0:00:05
[12/10 01:39:00 d2.evaluation.evaluator]: Inference done 997/998. Dataloading: 0.0019 s/iter. Inference: 0.0816 s/iter. Eval: 0.1864 s/iter. Total: 0.2704 s/iter. ETA=0:00:00
[12/10 01:39:00 d2.evaluation.evaluator]: Total inference time: 0:04:28.572706 (0.270466 s / iter per device, on 1 devices)
[12/10 01:39:00 d2.evaluation.evaluator]: Total inference pure compute time: 0:01:21 (0.081572 s / iter per device, on 1 devices)
[12/10 01:39:00 d2.evaluation.sem_seg_evaluation]: OrderedDict([('sem_seg', {'mIoU': 50.792035127133396, 'fwIoU': 68.62167985194259, 'IoU-road': 77.56890492581162, 'IoU-sidewalk': 9.696266951156264, 'IoU-building': 79.43082124579259, 'IoU-wall': 31.040021927443295, 'IoU-fence': 13.496245292004641, 'IoU-pole': 16.84217282153498, 'IoU-traffic light': 29.320131628178935, 'IoU-traffic sign': 25.731582108242012, 'IoU-vegetation': 63.914327287442084, 'IoU-terrain': 32.532201669451055, 'IoU-sky': 82.35773154210423, 'IoU-person': 35.54309783775943, 'IoU-rider': 5.1151933709502, 'IoU-car': 70.90143128116827, 'IoU-truck': 44.92665145666367, 'IoU-bus': 28.042736491913, 'IoU-train': 0.024708900512643777, 'IoU-motorcycle': 23.41617965723291, 'IoU-bicycle': 18.33725796049375, 'IoU-bag': 80.08173860904691, 'IoU-ball': 60.22086135543103, 'IoU-barrel': 78.94240113627869, 'IoU-bench': 3.885251759544267, 'IoU-bird': 73.68582346384473, 'IoU-bottle': 80.9654247165368, 'IoU-cart': 53.096989893206434, 'IoU-cat': 78.32268099769787, 'IoU-chair': 55.915053977267135, 'IoU-cow': 69.88918546725516, 'IoU-deer': 57.979916176509846, 'IoU-dog': 64.64045408538985, 'IoU-drone': 47.730731097899785, 'IoU-elephant': 79.1821250947198, 'IoU-hat': 61.320948680936006, 'IoU-horse': 75.7519694963836, 'IoU-robot': 66.30310671679955, 'IoU-sheep': 68.80290187600976, 'IoU-table': 22.048156912696086, 'IoU-toy': 65.4021155283606, 'IoU-umbrella': 75.62750501068929, 'IoU-zebra': 74.44043380411078, 'mACC': 68.3399135985288, 'pACC': 80.60853463645188, 'ACC-road': 97.75260877979406, 'ACC-sidewalk': 10.201255616841152, 'ACC-building': 90.42618115478396, 'ACC-wall': 48.03717797807748, 'ACC-fence': 16.757526999404636, 'ACC-pole': 37.31422062529924, 'ACC-traffic light': 50.32545660966703, 'ACC-traffic sign': 28.316885585845036, 'ACC-vegetation': 75.73048595016895, 'ACC-terrain': 56.506602125013586, 'ACC-sky': 88.798365401679, 'ACC-person': 45.503868199448185, 'ACC-rider': 10.471071289473123, 'ACC-car': 81.3323692117042, 'ACC-truck': 82.73618485323024, 'ACC-bus': 86.09718232636861, 'ACC-train': 0.02533954934680614, 'ACC-motorcycle': 31.04255742052674, 'ACC-bicycle': 21.424728686110026, 'ACC-bag': 95.24590689142079, 'ACC-ball': 97.09146396417395, 'ACC-barrel': 85.43162094579687, 'ACC-bench': 84.5712250186254, 'ACC-bird': 85.34073348158758, 'ACC-bottle': 86.79912055632425, 'ACC-cart': 90.61135152294865, 'ACC-cat': 94.37041773730812, 'ACC-chair': 68.57950931427736, 'ACC-cow': 95.80776473612374, 'ACC-deer': 86.8486865014637, 'ACC-dog': 79.54996329423292, 'ACC-drone': 58.660556873888815, 'ACC-elephant': 90.00933004543249, 'ACC-hat': 94.35680271548385, 'ACC-horse': 91.02999991526644, 'ACC-robot': 94.27691502770578, 'ACC-sheep': 78.4939561330323, 'ACC-table': 23.68464002969104, 'ACC-toy': 78.04750927652204, 'ACC-umbrella': 96.41504228556637, 'ACC-zebra': 87.91387291002577})])
[12/10 01:39:00 d2.engine.defaults]: Evaluation results for acdc_inpaint41_test in csv format:
[12/10 01:39:00 d2.evaluation.testing]: copypaste: Task: sem_seg
[12/10 01:39:00 d2.evaluation.testing]: copypaste: mIoU,fwIoU,mACC,pACC
[12/10 01:39:00 d2.evaluation.testing]: copypaste: 50.7920,68.6217,68.3399,80.6085
[12/10 01:39:00 d2.utils.events]:  eta: 0:29:53  iter: 14999  total_loss: 0.02759  time: 0.3607  data_time: 0.0086  lr: 2.93e-05  max_mem: 2333M
[12/10 01:39:08 d2.utils.events]:  eta: 0:29:46  iter: 15019  total_loss: 0.02959  time: 0.3607  data_time: 0.0078  lr: 2.9079e-05  max_mem: 6657M
[12/10 01:39:15 d2.utils.events]:  eta: 0:29:39  iter: 15039  total_loss: 0.02896  time: 0.3607  data_time: 0.0087  lr: 2.8857e-05  max_mem: 6657M
[12/10 01:39:22 d2.utils.events]:  eta: 0:29:32  iter: 15059  total_loss: 0.02946  time: 0.3607  data_time: 0.0088  lr: 2.8637e-05  max_mem: 6657M
[12/10 01:39:29 d2.utils.events]:  eta: 0:29:25  iter: 15079  total_loss: 0.03577  time: 0.3607  data_time: 0.0086  lr: 2.8417e-05  max_mem: 6657M
[12/10 01:39:37 d2.utils.events]:  eta: 0:29:17  iter: 15099  total_loss: 0.03237  time: 0.3607  data_time: 0.0086  lr: 2.8198e-05  max_mem: 6657M
[12/10 01:39:45 d2.utils.events]:  eta: 0:29:10  iter: 15119  total_loss: 0.02721  time: 0.3607  data_time: 0.0084  lr: 2.798e-05  max_mem: 6657M
[12/10 01:39:52 d2.utils.events]:  eta: 0:29:03  iter: 15139  total_loss: 0.03149  time: 0.3607  data_time: 0.0086  lr: 2.7762e-05  max_mem: 6657M
[12/10 01:39:59 d2.utils.events]:  eta: 0:28:56  iter: 15159  total_loss: 0.0298  time: 0.3607  data_time: 0.0085  lr: 2.7546e-05  max_mem: 6657M
[12/10 01:40:06 d2.utils.events]:  eta: 0:28:48  iter: 15179  total_loss: 0.02803  time: 0.3607  data_time: 0.0089  lr: 2.7329e-05  max_mem: 6657M
[12/10 01:40:14 d2.utils.events]:  eta: 0:28:41  iter: 15199  total_loss: 0.02738  time: 0.3607  data_time: 0.0091  lr: 2.7114e-05  max_mem: 6657M
[12/10 01:40:21 d2.utils.events]:  eta: 0:28:34  iter: 15219  total_loss: 0.02731  time: 0.3607  data_time: 0.0087  lr: 2.6899e-05  max_mem: 6657M
[12/10 01:40:28 d2.utils.events]:  eta: 0:28:27  iter: 15239  total_loss: 0.02862  time: 0.3607  data_time: 0.0088  lr: 2.6685e-05  max_mem: 6657M
[12/10 01:40:35 d2.utils.events]:  eta: 0:28:20  iter: 15259  total_loss: 0.03328  time: 0.3607  data_time: 0.0085  lr: 2.6472e-05  max_mem: 6657M
[12/10 01:40:43 d2.utils.events]:  eta: 0:28:13  iter: 15279  total_loss: 0.03038  time: 0.3607  data_time: 0.0086  lr: 2.6259e-05  max_mem: 6657M
[12/10 01:40:50 d2.utils.events]:  eta: 0:28:05  iter: 15299  total_loss: 0.03392  time: 0.3607  data_time: 0.0088  lr: 2.6047e-05  max_mem: 6657M
[12/10 01:40:57 d2.utils.events]:  eta: 0:27:59  iter: 15319  total_loss: 0.02764  time: 0.3607  data_time: 0.0088  lr: 2.5836e-05  max_mem: 6657M
[12/10 01:41:05 d2.utils.events]:  eta: 0:27:52  iter: 15339  total_loss: 0.02895  time: 0.3607  data_time: 0.0089  lr: 2.5626e-05  max_mem: 6657M
[12/10 01:41:12 d2.utils.events]:  eta: 0:27:45  iter: 15359  total_loss: 0.03072  time: 0.3607  data_time: 0.0087  lr: 2.5416e-05  max_mem: 6657M
[12/10 01:41:19 d2.utils.events]:  eta: 0:27:37  iter: 15379  total_loss: 0.02628  time: 0.3607  data_time: 0.0087  lr: 2.5207e-05  max_mem: 6657M
[12/10 01:41:26 d2.utils.events]:  eta: 0:27:30  iter: 15399  total_loss: 0.02853  time: 0.3607  data_time: 0.0088  lr: 2.4999e-05  max_mem: 6657M
[12/10 01:41:34 d2.utils.events]:  eta: 0:27:23  iter: 15419  total_loss: 0.03043  time: 0.3607  data_time: 0.0089  lr: 2.4792e-05  max_mem: 6657M
[12/10 01:41:41 d2.utils.events]:  eta: 0:27:16  iter: 15439  total_loss: 0.03014  time: 0.3607  data_time: 0.0089  lr: 2.4585e-05  max_mem: 6657M
[12/10 01:41:48 d2.utils.events]:  eta: 0:27:09  iter: 15459  total_loss: 0.02933  time: 0.3607  data_time: 0.0084  lr: 2.4379e-05  max_mem: 6657M
[12/10 01:41:56 d2.utils.events]:  eta: 0:27:02  iter: 15479  total_loss: 0.02943  time: 0.3607  data_time: 0.0086  lr: 2.4174e-05  max_mem: 6657M
[12/10 01:42:03 d2.utils.events]:  eta: 0:26:55  iter: 15499  total_loss: 0.03352  time: 0.3608  data_time: 0.0087  lr: 2.397e-05  max_mem: 6657M
[12/10 01:42:10 d2.utils.events]:  eta: 0:26:48  iter: 15519  total_loss: 0.03035  time: 0.3608  data_time: 0.0083  lr: 2.3766e-05  max_mem: 6657M
[12/10 01:42:17 d2.utils.events]:  eta: 0:26:41  iter: 15539  total_loss: 0.03047  time: 0.3608  data_time: 0.0086  lr: 2.3563e-05  max_mem: 6657M
[12/10 01:42:25 d2.utils.events]:  eta: 0:26:34  iter: 15559  total_loss: 0.03064  time: 0.3608  data_time: 0.0084  lr: 2.3361e-05  max_mem: 6657M
[12/10 01:42:32 d2.utils.events]:  eta: 0:26:27  iter: 15579  total_loss: 0.03486  time: 0.3608  data_time: 0.0089  lr: 2.3159e-05  max_mem: 6657M
[12/10 01:42:39 d2.utils.events]:  eta: 0:26:20  iter: 15599  total_loss: 0.02993  time: 0.3608  data_time: 0.0087  lr: 2.2959e-05  max_mem: 6657M
[12/10 01:42:46 d2.utils.events]:  eta: 0:26:12  iter: 15619  total_loss: 0.0312  time: 0.3608  data_time: 0.0088  lr: 2.2759e-05  max_mem: 6657M
[12/10 01:42:54 d2.utils.events]:  eta: 0:26:05  iter: 15639  total_loss: 0.0266  time: 0.3608  data_time: 0.0088  lr: 2.256e-05  max_mem: 6657M
[12/10 01:43:01 d2.utils.events]:  eta: 0:25:58  iter: 15659  total_loss: 0.02943  time: 0.3608  data_time: 0.0085  lr: 2.2361e-05  max_mem: 6657M
[12/10 01:43:08 d2.utils.events]:  eta: 0:25:51  iter: 15679  total_loss: 0.03056  time: 0.3608  data_time: 0.0085  lr: 2.2164e-05  max_mem: 6657M
[12/10 01:43:15 d2.utils.events]:  eta: 0:25:44  iter: 15699  total_loss: 0.03214  time: 0.3608  data_time: 0.0087  lr: 2.1967e-05  max_mem: 6657M
[12/10 01:43:23 d2.utils.events]:  eta: 0:25:37  iter: 15719  total_loss: 0.02877  time: 0.3608  data_time: 0.0089  lr: 2.1771e-05  max_mem: 6657M
[12/10 01:43:30 d2.utils.events]:  eta: 0:25:30  iter: 15739  total_loss: 0.03366  time: 0.3608  data_time: 0.0087  lr: 2.1575e-05  max_mem: 6657M
[12/10 01:43:37 d2.utils.events]:  eta: 0:25:23  iter: 15759  total_loss: 0.03302  time: 0.3608  data_time: 0.0085  lr: 2.1381e-05  max_mem: 6657M
[12/10 01:43:45 d2.utils.events]:  eta: 0:25:16  iter: 15779  total_loss: 0.03052  time: 0.3608  data_time: 0.0088  lr: 2.1187e-05  max_mem: 6657M
[12/10 01:43:52 d2.utils.events]:  eta: 0:25:09  iter: 15799  total_loss: 0.03106  time: 0.3608  data_time: 0.0086  lr: 2.0994e-05  max_mem: 6657M
[12/10 01:43:59 d2.utils.events]:  eta: 0:25:01  iter: 15819  total_loss: 0.02653  time: 0.3608  data_time: 0.0085  lr: 2.0802e-05  max_mem: 6657M
[12/10 01:44:06 d2.utils.events]:  eta: 0:24:54  iter: 15839  total_loss: 0.03173  time: 0.3608  data_time: 0.0082  lr: 2.0611e-05  max_mem: 6657M
[12/10 01:44:14 d2.utils.events]:  eta: 0:24:47  iter: 15859  total_loss: 0.0288  time: 0.3608  data_time: 0.0082  lr: 2.042e-05  max_mem: 6657M
[12/10 01:44:21 d2.utils.events]:  eta: 0:24:40  iter: 15879  total_loss: 0.03113  time: 0.3608  data_time: 0.0092  lr: 2.023e-05  max_mem: 6657M
[12/10 01:44:28 d2.utils.events]:  eta: 0:24:33  iter: 15899  total_loss: 0.03102  time: 0.3608  data_time: 0.0086  lr: 2.0041e-05  max_mem: 6657M
[12/10 01:44:35 d2.utils.events]:  eta: 0:24:26  iter: 15919  total_loss: 0.02991  time: 0.3608  data_time: 0.0084  lr: 1.9853e-05  max_mem: 6657M
[12/10 01:44:43 d2.utils.events]:  eta: 0:24:18  iter: 15939  total_loss: 0.03099  time: 0.3608  data_time: 0.0087  lr: 1.9665e-05  max_mem: 6657M
[12/10 01:44:50 d2.utils.events]:  eta: 0:24:11  iter: 15959  total_loss: 0.03112  time: 0.3608  data_time: 0.0089  lr: 1.9479e-05  max_mem: 6657M
[12/10 01:44:57 d2.utils.events]:  eta: 0:24:04  iter: 15979  total_loss: 0.03073  time: 0.3608  data_time: 0.0084  lr: 1.9293e-05  max_mem: 6657M
[12/10 01:45:04 d2.utils.events]:  eta: 0:23:57  iter: 15999  total_loss: 0.03472  time: 0.3608  data_time: 0.0085  lr: 1.9108e-05  max_mem: 6657M
[12/10 01:45:12 d2.utils.events]:  eta: 0:23:50  iter: 16019  total_loss: 0.02895  time: 0.3608  data_time: 0.0096  lr: 1.8923e-05  max_mem: 6657M
[12/10 01:45:19 d2.utils.events]:  eta: 0:23:43  iter: 16039  total_loss: 0.02796  time: 0.3608  data_time: 0.0088  lr: 1.874e-05  max_mem: 6657M
[12/10 01:45:26 d2.utils.events]:  eta: 0:23:36  iter: 16059  total_loss: 0.0286  time: 0.3608  data_time: 0.0087  lr: 1.8557e-05  max_mem: 6657M
[12/10 01:45:33 d2.utils.events]:  eta: 0:23:29  iter: 16079  total_loss: 0.02854  time: 0.3608  data_time: 0.0087  lr: 1.8375e-05  max_mem: 6657M
[12/10 01:45:41 d2.utils.events]:  eta: 0:23:21  iter: 16099  total_loss: 0.03328  time: 0.3608  data_time: 0.0082  lr: 1.8194e-05  max_mem: 6657M
[12/10 01:45:48 d2.utils.events]:  eta: 0:23:14  iter: 16119  total_loss: 0.03637  time: 0.3608  data_time: 0.0081  lr: 1.8014e-05  max_mem: 6657M
[12/10 01:45:55 d2.utils.events]:  eta: 0:23:07  iter: 16139  total_loss: 0.02976  time: 0.3608  data_time: 0.0085  lr: 1.7834e-05  max_mem: 6657M
[12/10 01:46:03 d2.utils.events]:  eta: 0:23:00  iter: 16159  total_loss: 0.0341  time: 0.3608  data_time: 0.0086  lr: 1.7656e-05  max_mem: 6657M
[12/10 01:46:10 d2.utils.events]:  eta: 0:22:53  iter: 16179  total_loss: 0.03143  time: 0.3608  data_time: 0.0088  lr: 1.7478e-05  max_mem: 6657M
[12/10 01:46:17 d2.utils.events]:  eta: 0:22:46  iter: 16199  total_loss: 0.03008  time: 0.3608  data_time: 0.0088  lr: 1.7301e-05  max_mem: 6657M
[12/10 01:46:24 d2.utils.events]:  eta: 0:22:39  iter: 16219  total_loss: 0.03389  time: 0.3608  data_time: 0.0088  lr: 1.7125e-05  max_mem: 6657M
[12/10 01:46:32 d2.utils.events]:  eta: 0:22:32  iter: 16239  total_loss: 0.02568  time: 0.3608  data_time: 0.0089  lr: 1.6949e-05  max_mem: 6657M
[12/10 01:46:39 d2.utils.events]:  eta: 0:22:25  iter: 16259  total_loss: 0.02808  time: 0.3608  data_time: 0.0096  lr: 1.6775e-05  max_mem: 6657M
[12/10 01:46:46 d2.utils.events]:  eta: 0:22:18  iter: 16279  total_loss: 0.0287  time: 0.3608  data_time: 0.0094  lr: 1.6601e-05  max_mem: 6658M
[12/10 01:46:54 d2.utils.events]:  eta: 0:22:11  iter: 16299  total_loss: 0.03385  time: 0.3608  data_time: 0.0090  lr: 1.6428e-05  max_mem: 6658M
[12/10 01:47:01 d2.utils.events]:  eta: 0:22:04  iter: 16319  total_loss: 0.02998  time: 0.3608  data_time: 0.0092  lr: 1.6256e-05  max_mem: 6658M
[12/10 01:47:08 d2.utils.events]:  eta: 0:21:56  iter: 16339  total_loss: 0.03136  time: 0.3608  data_time: 0.0083  lr: 1.6084e-05  max_mem: 6658M
[12/10 01:47:15 d2.utils.events]:  eta: 0:21:49  iter: 16359  total_loss: 0.02782  time: 0.3608  data_time: 0.0083  lr: 1.5914e-05  max_mem: 6658M
[12/10 01:47:23 d2.utils.events]:  eta: 0:21:42  iter: 16379  total_loss: 0.03368  time: 0.3608  data_time: 0.0088  lr: 1.5744e-05  max_mem: 6658M
[12/10 01:47:30 d2.utils.events]:  eta: 0:21:35  iter: 16399  total_loss: 0.03153  time: 0.3608  data_time: 0.0101  lr: 1.5576e-05  max_mem: 6658M
[12/10 01:47:37 d2.utils.events]:  eta: 0:21:27  iter: 16419  total_loss: 0.02864  time: 0.3608  data_time: 0.0086  lr: 1.5408e-05  max_mem: 6658M
[12/10 01:47:44 d2.utils.events]:  eta: 0:21:20  iter: 16439  total_loss: 0.03088  time: 0.3608  data_time: 0.0091  lr: 1.5241e-05  max_mem: 6658M
[12/10 01:47:52 d2.utils.events]:  eta: 0:21:12  iter: 16459  total_loss: 0.03281  time: 0.3608  data_time: 0.0089  lr: 1.5074e-05  max_mem: 6658M
[12/10 01:47:59 d2.utils.events]:  eta: 0:21:05  iter: 16479  total_loss: 0.03139  time: 0.3608  data_time: 0.0087  lr: 1.4909e-05  max_mem: 6658M
[12/10 01:48:06 d2.utils.events]:  eta: 0:20:58  iter: 16499  total_loss: 0.02915  time: 0.3608  data_time: 0.0089  lr: 1.4744e-05  max_mem: 6658M
[12/10 01:48:13 d2.utils.events]:  eta: 0:20:51  iter: 16519  total_loss: 0.03321  time: 0.3608  data_time: 0.0086  lr: 1.458e-05  max_mem: 6658M
[12/10 01:48:21 d2.utils.events]:  eta: 0:20:44  iter: 16539  total_loss: 0.03183  time: 0.3608  data_time: 0.0090  lr: 1.4417e-05  max_mem: 6658M
[12/10 01:48:28 d2.utils.events]:  eta: 0:20:37  iter: 16559  total_loss: 0.0294  time: 0.3608  data_time: 0.0091  lr: 1.4255e-05  max_mem: 6658M
[12/10 01:48:35 d2.utils.events]:  eta: 0:20:30  iter: 16579  total_loss: 0.03276  time: 0.3608  data_time: 0.0090  lr: 1.4094e-05  max_mem: 6658M
[12/10 01:48:43 d2.utils.events]:  eta: 0:20:23  iter: 16599  total_loss: 0.02823  time: 0.3608  data_time: 0.0089  lr: 1.3934e-05  max_mem: 6658M
[12/10 01:48:50 d2.utils.events]:  eta: 0:20:15  iter: 16619  total_loss: 0.03279  time: 0.3608  data_time: 0.0084  lr: 1.3774e-05  max_mem: 6658M
[12/10 01:48:57 d2.utils.events]:  eta: 0:20:08  iter: 16639  total_loss: 0.03039  time: 0.3608  data_time: 0.0085  lr: 1.3616e-05  max_mem: 6658M
[12/10 01:49:04 d2.utils.events]:  eta: 0:20:01  iter: 16659  total_loss: 0.03163  time: 0.3608  data_time: 0.0090  lr: 1.3458e-05  max_mem: 6658M
[12/10 01:49:12 d2.utils.events]:  eta: 0:19:54  iter: 16679  total_loss: 0.03113  time: 0.3608  data_time: 0.0094  lr: 1.3301e-05  max_mem: 6658M
[12/10 01:49:19 d2.utils.events]:  eta: 0:19:47  iter: 16699  total_loss: 0.03034  time: 0.3608  data_time: 0.0091  lr: 1.3145e-05  max_mem: 6658M
[12/10 01:49:26 d2.utils.events]:  eta: 0:19:39  iter: 16719  total_loss: 0.02777  time: 0.3608  data_time: 0.0087  lr: 1.2989e-05  max_mem: 6658M
[12/10 01:49:33 d2.utils.events]:  eta: 0:19:32  iter: 16739  total_loss: 0.02738  time: 0.3608  data_time: 0.0091  lr: 1.2835e-05  max_mem: 6658M
[12/10 01:49:41 d2.utils.events]:  eta: 0:19:25  iter: 16759  total_loss: 0.02838  time: 0.3608  data_time: 0.0087  lr: 1.2681e-05  max_mem: 6658M
[12/10 01:49:48 d2.utils.events]:  eta: 0:19:18  iter: 16779  total_loss: 0.03458  time: 0.3608  data_time: 0.0080  lr: 1.2529e-05  max_mem: 6658M
[12/10 01:49:55 d2.utils.events]:  eta: 0:19:11  iter: 16799  total_loss: 0.0278  time: 0.3608  data_time: 0.0084  lr: 1.2377e-05  max_mem: 6658M
[12/10 01:50:02 d2.utils.events]:  eta: 0:19:03  iter: 16819  total_loss: 0.02986  time: 0.3608  data_time: 0.0093  lr: 1.2226e-05  max_mem: 6658M
[12/10 01:50:10 d2.utils.events]:  eta: 0:18:56  iter: 16839  total_loss: 0.03001  time: 0.3608  data_time: 0.0080  lr: 1.2076e-05  max_mem: 6658M
[12/10 01:50:17 d2.utils.events]:  eta: 0:18:49  iter: 16859  total_loss: 0.03842  time: 0.3608  data_time: 0.0079  lr: 1.1927e-05  max_mem: 6658M
[12/10 01:50:24 d2.utils.events]:  eta: 0:18:41  iter: 16879  total_loss: 0.0301  time: 0.3608  data_time: 0.0082  lr: 1.1778e-05  max_mem: 6658M
[12/10 01:50:31 d2.utils.events]:  eta: 0:18:34  iter: 16899  total_loss: 0.02839  time: 0.3608  data_time: 0.0084  lr: 1.1631e-05  max_mem: 6658M
[12/10 01:50:39 d2.utils.events]:  eta: 0:18:27  iter: 16919  total_loss: 0.03276  time: 0.3608  data_time: 0.0086  lr: 1.1484e-05  max_mem: 6658M
[12/10 01:50:46 d2.utils.events]:  eta: 0:18:20  iter: 16939  total_loss: 0.03047  time: 0.3608  data_time: 0.0085  lr: 1.1338e-05  max_mem: 6658M
[12/10 01:50:53 d2.utils.events]:  eta: 0:18:13  iter: 16959  total_loss: 0.03192  time: 0.3608  data_time: 0.0087  lr: 1.1194e-05  max_mem: 6658M
[12/10 01:51:00 d2.utils.events]:  eta: 0:18:06  iter: 16979  total_loss: 0.02627  time: 0.3608  data_time: 0.0082  lr: 1.105e-05  max_mem: 6658M
[12/10 01:51:08 d2.utils.events]:  eta: 0:17:59  iter: 16999  total_loss: 0.032  time: 0.3608  data_time: 0.0094  lr: 1.0906e-05  max_mem: 6658M
[12/10 01:51:15 d2.utils.events]:  eta: 0:17:51  iter: 17019  total_loss: 0.03666  time: 0.3608  data_time: 0.0089  lr: 1.0764e-05  max_mem: 6658M
[12/10 01:51:22 d2.utils.events]:  eta: 0:17:44  iter: 17039  total_loss: 0.03193  time: 0.3608  data_time: 0.0087  lr: 1.0623e-05  max_mem: 6658M
[12/10 01:51:29 d2.utils.events]:  eta: 0:17:37  iter: 17059  total_loss: 0.03494  time: 0.3608  data_time: 0.0082  lr: 1.0482e-05  max_mem: 6658M
[12/10 01:51:37 d2.utils.events]:  eta: 0:17:29  iter: 17079  total_loss: 0.03136  time: 0.3608  data_time: 0.0079  lr: 1.0343e-05  max_mem: 6658M
[12/10 01:51:44 d2.utils.events]:  eta: 0:17:22  iter: 17099  total_loss: 0.03322  time: 0.3608  data_time: 0.0080  lr: 1.0204e-05  max_mem: 6658M
[12/10 01:51:51 d2.utils.events]:  eta: 0:17:15  iter: 17119  total_loss: 0.03023  time: 0.3608  data_time: 0.0086  lr: 1.0066e-05  max_mem: 6658M
[12/10 01:51:59 d2.utils.events]:  eta: 0:17:08  iter: 17139  total_loss: 0.0279  time: 0.3608  data_time: 0.0083  lr: 9.9294e-06  max_mem: 6658M
[12/10 01:52:06 d2.utils.events]:  eta: 0:17:01  iter: 17159  total_loss: 0.03161  time: 0.3608  data_time: 0.0083  lr: 9.7934e-06  max_mem: 6658M
[12/10 01:52:13 d2.utils.events]:  eta: 0:16:53  iter: 17179  total_loss: 0.03126  time: 0.3608  data_time: 0.0080  lr: 9.6582e-06  max_mem: 6658M
[12/10 01:52:20 d2.utils.events]:  eta: 0:16:46  iter: 17199  total_loss: 0.03139  time: 0.3608  data_time: 0.0081  lr: 9.524e-06  max_mem: 6658M
[12/10 01:52:27 d2.utils.events]:  eta: 0:16:39  iter: 17219  total_loss: 0.0301  time: 0.3608  data_time: 0.0082  lr: 9.3906e-06  max_mem: 6658M
[12/10 01:52:35 d2.utils.events]:  eta: 0:16:31  iter: 17239  total_loss: 0.02577  time: 0.3608  data_time: 0.0088  lr: 9.2582e-06  max_mem: 6658M
[12/10 01:52:42 d2.utils.events]:  eta: 0:16:24  iter: 17259  total_loss: 0.02905  time: 0.3608  data_time: 0.0082  lr: 9.1266e-06  max_mem: 6658M
[12/10 01:52:49 d2.utils.events]:  eta: 0:16:17  iter: 17279  total_loss: 0.03094  time: 0.3608  data_time: 0.0085  lr: 8.9959e-06  max_mem: 6658M
[12/10 01:52:56 d2.utils.events]:  eta: 0:16:09  iter: 17299  total_loss: 0.02922  time: 0.3608  data_time: 0.0085  lr: 8.8661e-06  max_mem: 6658M
[12/10 01:53:04 d2.utils.events]:  eta: 0:16:02  iter: 17319  total_loss: 0.03146  time: 0.3608  data_time: 0.0090  lr: 8.7373e-06  max_mem: 6658M
[12/10 01:53:11 d2.utils.events]:  eta: 0:15:55  iter: 17339  total_loss: 0.02993  time: 0.3608  data_time: 0.0084  lr: 8.6093e-06  max_mem: 6658M
[12/10 01:53:18 d2.utils.events]:  eta: 0:15:48  iter: 17359  total_loss: 0.03292  time: 0.3608  data_time: 0.0083  lr: 8.4822e-06  max_mem: 6658M
[12/10 01:53:25 d2.utils.events]:  eta: 0:15:41  iter: 17379  total_loss: 0.03109  time: 0.3608  data_time: 0.0082  lr: 8.356e-06  max_mem: 6658M
[12/10 01:53:33 d2.utils.events]:  eta: 0:15:33  iter: 17399  total_loss: 0.02945  time: 0.3608  data_time: 0.0083  lr: 8.2308e-06  max_mem: 6658M
[12/10 01:53:40 d2.utils.events]:  eta: 0:15:26  iter: 17419  total_loss: 0.02965  time: 0.3608  data_time: 0.0084  lr: 8.1064e-06  max_mem: 6658M
[12/10 01:53:47 d2.utils.events]:  eta: 0:15:19  iter: 17439  total_loss: 0.02949  time: 0.3608  data_time: 0.0083  lr: 7.983e-06  max_mem: 6658M
[12/10 01:53:54 d2.utils.events]:  eta: 0:15:12  iter: 17459  total_loss: 0.03186  time: 0.3608  data_time: 0.0088  lr: 7.8604e-06  max_mem: 6658M
[12/10 01:54:02 d2.utils.events]:  eta: 0:15:05  iter: 17479  total_loss: 0.03028  time: 0.3608  data_time: 0.0088  lr: 7.7388e-06  max_mem: 6658M
[12/10 01:54:09 d2.utils.events]:  eta: 0:14:57  iter: 17499  total_loss: 0.03616  time: 0.3608  data_time: 0.0084  lr: 7.6181e-06  max_mem: 6658M
[12/10 01:54:16 d2.utils.events]:  eta: 0:14:50  iter: 17519  total_loss: 0.02892  time: 0.3608  data_time: 0.0086  lr: 7.4982e-06  max_mem: 6658M
[12/10 01:54:23 d2.utils.events]:  eta: 0:14:43  iter: 17539  total_loss: 0.02876  time: 0.3608  data_time: 0.0085  lr: 7.3793e-06  max_mem: 6658M
[12/10 01:54:31 d2.utils.events]:  eta: 0:14:36  iter: 17559  total_loss: 0.02721  time: 0.3608  data_time: 0.0086  lr: 7.2614e-06  max_mem: 6658M
[12/10 01:54:38 d2.utils.events]:  eta: 0:14:28  iter: 17579  total_loss: 0.03067  time: 0.3608  data_time: 0.0088  lr: 7.1443e-06  max_mem: 6658M
[12/10 01:54:45 d2.utils.events]:  eta: 0:14:21  iter: 17599  total_loss: 0.03232  time: 0.3608  data_time: 0.0090  lr: 7.0281e-06  max_mem: 6658M
[12/10 01:54:53 d2.utils.events]:  eta: 0:14:14  iter: 17619  total_loss: 0.03285  time: 0.3608  data_time: 0.0091  lr: 6.9129e-06  max_mem: 6658M
[12/10 01:55:00 d2.utils.events]:  eta: 0:14:07  iter: 17639  total_loss: 0.03046  time: 0.3608  data_time: 0.0086  lr: 6.7986e-06  max_mem: 6658M
[12/10 01:55:07 d2.utils.events]:  eta: 0:14:00  iter: 17659  total_loss: 0.03218  time: 0.3608  data_time: 0.0086  lr: 6.6852e-06  max_mem: 6658M
[12/10 01:55:14 d2.utils.events]:  eta: 0:13:52  iter: 17679  total_loss: 0.02875  time: 0.3608  data_time: 0.0081  lr: 6.5727e-06  max_mem: 6658M
[12/10 01:55:22 d2.utils.events]:  eta: 0:13:45  iter: 17699  total_loss: 0.03385  time: 0.3608  data_time: 0.0080  lr: 6.4612e-06  max_mem: 6658M
[12/10 01:55:29 d2.utils.events]:  eta: 0:13:38  iter: 17719  total_loss: 0.02753  time: 0.3608  data_time: 0.0083  lr: 6.3505e-06  max_mem: 6658M
[12/10 01:55:36 d2.utils.events]:  eta: 0:13:31  iter: 17739  total_loss: 0.02894  time: 0.3608  data_time: 0.0088  lr: 6.2408e-06  max_mem: 6658M
[12/10 01:55:43 d2.utils.events]:  eta: 0:13:24  iter: 17759  total_loss: 0.02705  time: 0.3609  data_time: 0.0092  lr: 6.132e-06  max_mem: 6658M
[12/10 01:55:51 d2.utils.events]:  eta: 0:13:17  iter: 17779  total_loss: 0.02895  time: 0.3609  data_time: 0.0085  lr: 6.0242e-06  max_mem: 6658M
[12/10 01:55:58 d2.utils.events]:  eta: 0:13:09  iter: 17799  total_loss: 0.02936  time: 0.3609  data_time: 0.0090  lr: 5.9172e-06  max_mem: 6658M
[12/10 01:56:05 d2.utils.events]:  eta: 0:13:02  iter: 17819  total_loss: 0.0297  time: 0.3609  data_time: 0.0077  lr: 5.8112e-06  max_mem: 6658M
[12/10 01:56:12 d2.utils.events]:  eta: 0:12:55  iter: 17839  total_loss: 0.02852  time: 0.3609  data_time: 0.0079  lr: 5.7062e-06  max_mem: 6658M
[12/10 01:56:20 d2.utils.events]:  eta: 0:12:48  iter: 17859  total_loss: 0.03306  time: 0.3609  data_time: 0.0081  lr: 5.602e-06  max_mem: 6658M
[12/10 01:56:27 d2.utils.events]:  eta: 0:12:41  iter: 17879  total_loss: 0.02787  time: 0.3609  data_time: 0.0080  lr: 5.4988e-06  max_mem: 6658M
[12/10 01:56:34 d2.utils.events]:  eta: 0:12:34  iter: 17899  total_loss: 0.03069  time: 0.3609  data_time: 0.0081  lr: 5.3966e-06  max_mem: 6658M
[12/10 01:56:45 d2.utils.events]:  eta: 0:12:26  iter: 17919  total_loss: 0.03291  time: 0.3609  data_time: 0.0083  lr: 5.2952e-06  max_mem: 6658M
[12/10 01:56:52 d2.utils.events]:  eta: 0:12:19  iter: 17939  total_loss: 0.02933  time: 0.3609  data_time: 0.0088  lr: 5.1948e-06  max_mem: 6658M
[12/10 01:57:00 d2.utils.events]:  eta: 0:12:12  iter: 17959  total_loss: 0.03225  time: 0.3609  data_time: 0.0086  lr: 5.0953e-06  max_mem: 6658M
[12/10 01:57:07 d2.utils.events]:  eta: 0:12:05  iter: 17979  total_loss: 0.02837  time: 0.3609  data_time: 0.0082  lr: 4.9968e-06  max_mem: 6658M
[12/10 01:57:14 d2.utils.events]:  eta: 0:11:58  iter: 17999  total_loss: 0.02836  time: 0.3609  data_time: 0.0085  lr: 4.8992e-06  max_mem: 6658M
[12/10 01:57:24 d2.utils.events]:  eta: 0:11:51  iter: 18019  total_loss: 0.03226  time: 0.3609  data_time: 0.0079  lr: 4.8025e-06  max_mem: 6658M
[12/10 01:57:31 d2.utils.events]:  eta: 0:11:43  iter: 18039  total_loss: 0.0297  time: 0.3609  data_time: 0.0084  lr: 4.7068e-06  max_mem: 6658M
[12/10 01:57:38 d2.utils.events]:  eta: 0:11:36  iter: 18059  total_loss: 0.03042  time: 0.3609  data_time: 0.0082  lr: 4.612e-06  max_mem: 6658M
[12/10 01:57:45 d2.utils.events]:  eta: 0:11:29  iter: 18079  total_loss: 0.02821  time: 0.3609  data_time: 0.0083  lr: 4.5182e-06  max_mem: 6658M
[12/10 01:57:53 d2.utils.events]:  eta: 0:11:22  iter: 18099  total_loss: 0.0272  time: 0.3609  data_time: 0.0084  lr: 4.4253e-06  max_mem: 6658M
[12/10 01:58:00 d2.utils.events]:  eta: 0:11:15  iter: 18119  total_loss: 0.02992  time: 0.3609  data_time: 0.0089  lr: 4.3334e-06  max_mem: 6658M
[12/10 01:58:07 d2.utils.events]:  eta: 0:11:07  iter: 18139  total_loss: 0.03186  time: 0.3609  data_time: 0.0084  lr: 4.2424e-06  max_mem: 6658M
[12/10 01:58:14 d2.utils.events]:  eta: 0:11:00  iter: 18159  total_loss: 0.02898  time: 0.3609  data_time: 0.0086  lr: 4.1523e-06  max_mem: 6658M
[12/10 01:58:21 d2.utils.events]:  eta: 0:10:53  iter: 18179  total_loss: 0.03275  time: 0.3609  data_time: 0.0083  lr: 4.0632e-06  max_mem: 6658M
[12/10 01:58:29 d2.utils.events]:  eta: 0:10:46  iter: 18199  total_loss: 0.0333  time: 0.3609  data_time: 0.0087  lr: 3.975e-06  max_mem: 6658M
[12/10 01:58:36 d2.utils.events]:  eta: 0:10:39  iter: 18219  total_loss: 0.03084  time: 0.3609  data_time: 0.0088  lr: 3.8878e-06  max_mem: 6658M
[12/10 01:58:43 d2.utils.events]:  eta: 0:10:32  iter: 18239  total_loss: 0.02862  time: 0.3609  data_time: 0.0081  lr: 3.8015e-06  max_mem: 6658M
[12/10 01:58:50 d2.utils.events]:  eta: 0:10:24  iter: 18259  total_loss: 0.0296  time: 0.3609  data_time: 0.0083  lr: 3.7162e-06  max_mem: 6658M
[12/10 01:58:58 d2.utils.events]:  eta: 0:10:17  iter: 18279  total_loss: 0.02895  time: 0.3609  data_time: 0.0088  lr: 3.6318e-06  max_mem: 6658M
[12/10 01:59:05 d2.utils.events]:  eta: 0:10:10  iter: 18299  total_loss: 0.02974  time: 0.3609  data_time: 0.0087  lr: 3.5484e-06  max_mem: 6658M
[12/10 01:59:12 d2.utils.events]:  eta: 0:10:03  iter: 18319  total_loss: 0.03339  time: 0.3609  data_time: 0.0085  lr: 3.4659e-06  max_mem: 6658M
[12/10 01:59:19 d2.utils.events]:  eta: 0:09:56  iter: 18339  total_loss: 0.0336  time: 0.3609  data_time: 0.0086  lr: 3.3844e-06  max_mem: 6658M
[12/10 01:59:27 d2.utils.events]:  eta: 0:09:48  iter: 18359  total_loss: 0.03196  time: 0.3609  data_time: 0.0085  lr: 3.3039e-06  max_mem: 6658M
[12/10 01:59:34 d2.utils.events]:  eta: 0:09:41  iter: 18379  total_loss: 0.03065  time: 0.3609  data_time: 0.0087  lr: 3.2242e-06  max_mem: 6658M
[12/10 01:59:41 d2.utils.events]:  eta: 0:09:34  iter: 18399  total_loss: 0.0287  time: 0.3609  data_time: 0.0083  lr: 3.1456e-06  max_mem: 6658M
[12/10 01:59:48 d2.utils.events]:  eta: 0:09:27  iter: 18419  total_loss: 0.03086  time: 0.3609  data_time: 0.0081  lr: 3.0679e-06  max_mem: 6658M
[12/10 01:59:56 d2.utils.events]:  eta: 0:09:20  iter: 18439  total_loss: 0.03054  time: 0.3609  data_time: 0.0085  lr: 2.9912e-06  max_mem: 6658M
[12/10 02:00:03 d2.utils.events]:  eta: 0:09:12  iter: 18459  total_loss: 0.0315  time: 0.3609  data_time: 0.0085  lr: 2.9154e-06  max_mem: 6658M
[12/10 02:00:10 d2.utils.events]:  eta: 0:09:05  iter: 18479  total_loss: 0.03496  time: 0.3609  data_time: 0.0083  lr: 2.8405e-06  max_mem: 6658M
[12/10 02:00:17 d2.utils.events]:  eta: 0:08:58  iter: 18499  total_loss: 0.02957  time: 0.3609  data_time: 0.0083  lr: 2.7667e-06  max_mem: 6658M
[12/10 02:00:25 d2.utils.events]:  eta: 0:08:51  iter: 18519  total_loss: 0.0312  time: 0.3609  data_time: 0.0085  lr: 2.6938e-06  max_mem: 6658M
[12/10 02:00:32 d2.utils.events]:  eta: 0:08:44  iter: 18539  total_loss: 0.02971  time: 0.3609  data_time: 0.0086  lr: 2.6218e-06  max_mem: 6658M
[12/10 02:00:39 d2.utils.events]:  eta: 0:08:36  iter: 18559  total_loss: 0.0327  time: 0.3609  data_time: 0.0080  lr: 2.5508e-06  max_mem: 6658M
[12/10 02:00:46 d2.utils.events]:  eta: 0:08:29  iter: 18579  total_loss: 0.03025  time: 0.3608  data_time: 0.0086  lr: 2.4808e-06  max_mem: 6658M
[12/10 02:00:53 d2.utils.events]:  eta: 0:08:22  iter: 18599  total_loss: 0.03063  time: 0.3608  data_time: 0.0087  lr: 2.4118e-06  max_mem: 6658M
[12/10 02:01:01 d2.utils.events]:  eta: 0:08:15  iter: 18619  total_loss: 0.02778  time: 0.3608  data_time: 0.0081  lr: 2.3437e-06  max_mem: 6658M
[12/10 02:01:08 d2.utils.events]:  eta: 0:08:07  iter: 18639  total_loss: 0.02993  time: 0.3608  data_time: 0.0080  lr: 2.2765e-06  max_mem: 6658M
[12/10 02:01:15 d2.utils.events]:  eta: 0:08:00  iter: 18659  total_loss: 0.02898  time: 0.3608  data_time: 0.0084  lr: 2.2103e-06  max_mem: 6658M
[12/10 02:01:22 d2.utils.events]:  eta: 0:07:53  iter: 18679  total_loss: 0.02962  time: 0.3608  data_time: 0.0081  lr: 2.1451e-06  max_mem: 6658M
[12/10 02:01:30 d2.utils.events]:  eta: 0:07:46  iter: 18699  total_loss: 0.03132  time: 0.3608  data_time: 0.0085  lr: 2.0809e-06  max_mem: 6658M
[12/10 02:01:37 d2.utils.events]:  eta: 0:07:39  iter: 18719  total_loss: 0.03136  time: 0.3608  data_time: 0.0097  lr: 2.0176e-06  max_mem: 6658M
[12/10 02:01:44 d2.utils.events]:  eta: 0:07:31  iter: 18739  total_loss: 0.03209  time: 0.3608  data_time: 0.0086  lr: 1.9553e-06  max_mem: 6658M
[12/10 02:01:51 d2.utils.events]:  eta: 0:07:24  iter: 18759  total_loss: 0.02858  time: 0.3608  data_time: 0.0084  lr: 1.894e-06  max_mem: 6658M
[12/10 02:01:58 d2.utils.events]:  eta: 0:07:17  iter: 18779  total_loss: 0.0339  time: 0.3608  data_time: 0.0080  lr: 1.8336e-06  max_mem: 6658M
[12/10 02:02:06 d2.utils.events]:  eta: 0:07:10  iter: 18799  total_loss: 0.02621  time: 0.3608  data_time: 0.0086  lr: 1.7742e-06  max_mem: 6658M
[12/10 02:02:13 d2.utils.events]:  eta: 0:07:02  iter: 18819  total_loss: 0.03269  time: 0.3608  data_time: 0.0081  lr: 1.7158e-06  max_mem: 6658M
[12/10 02:02:20 d2.utils.events]:  eta: 0:06:55  iter: 18839  total_loss: 0.02809  time: 0.3608  data_time: 0.0082  lr: 1.6583e-06  max_mem: 6658M
[12/10 02:02:27 d2.utils.events]:  eta: 0:06:48  iter: 18859  total_loss: 0.03103  time: 0.3608  data_time: 0.0082  lr: 1.6018e-06  max_mem: 6658M
[12/10 02:02:35 d2.utils.events]:  eta: 0:06:41  iter: 18879  total_loss: 0.03113  time: 0.3608  data_time: 0.0088  lr: 1.5463e-06  max_mem: 6658M
[12/10 02:02:42 d2.utils.events]:  eta: 0:06:34  iter: 18899  total_loss: 0.03451  time: 0.3608  data_time: 0.0085  lr: 1.4918e-06  max_mem: 6658M
[12/10 02:02:49 d2.utils.events]:  eta: 0:06:27  iter: 18919  total_loss: 0.03273  time: 0.3608  data_time: 0.0085  lr: 1.4382e-06  max_mem: 6658M
[12/10 02:02:57 d2.utils.events]:  eta: 0:06:19  iter: 18939  total_loss: 0.02985  time: 0.3608  data_time: 0.0090  lr: 1.3856e-06  max_mem: 6658M
[12/10 02:03:04 d2.utils.events]:  eta: 0:06:12  iter: 18959  total_loss: 0.02719  time: 0.3608  data_time: 0.0081  lr: 1.334e-06  max_mem: 6658M
[12/10 02:03:11 d2.utils.events]:  eta: 0:06:05  iter: 18979  total_loss: 0.02838  time: 0.3608  data_time: 0.0087  lr: 1.2833e-06  max_mem: 6658M
[12/10 02:03:18 d2.utils.events]:  eta: 0:05:58  iter: 18999  total_loss: 0.03434  time: 0.3608  data_time: 0.0081  lr: 1.2336e-06  max_mem: 6658M
[12/10 02:03:26 d2.utils.events]:  eta: 0:05:51  iter: 19019  total_loss: 0.0305  time: 0.3608  data_time: 0.0080  lr: 1.1849e-06  max_mem: 6658M
[12/10 02:03:33 d2.utils.events]:  eta: 0:05:44  iter: 19039  total_loss: 0.02651  time: 0.3608  data_time: 0.0091  lr: 1.1372e-06  max_mem: 6658M
[12/10 02:03:40 d2.utils.events]:  eta: 0:05:36  iter: 19059  total_loss: 0.02617  time: 0.3608  data_time: 0.0087  lr: 1.0904e-06  max_mem: 6658M
[12/10 02:03:47 d2.utils.events]:  eta: 0:05:29  iter: 19079  total_loss: 0.02888  time: 0.3608  data_time: 0.0093  lr: 1.0447e-06  max_mem: 6658M
[12/10 02:03:55 d2.utils.events]:  eta: 0:05:22  iter: 19099  total_loss: 0.03155  time: 0.3608  data_time: 0.0084  lr: 9.9985e-07  max_mem: 6658M
[12/10 02:04:02 d2.utils.events]:  eta: 0:05:15  iter: 19119  total_loss: 0.03288  time: 0.3608  data_time: 0.0089  lr: 9.5602e-07  max_mem: 6658M
[12/10 02:04:09 d2.utils.events]:  eta: 0:05:08  iter: 19139  total_loss: 0.03435  time: 0.3609  data_time: 0.0083  lr: 9.1317e-07  max_mem: 6658M
[12/10 02:04:17 d2.utils.events]:  eta: 0:05:01  iter: 19159  total_loss: 0.02786  time: 0.3609  data_time: 0.0089  lr: 8.713e-07  max_mem: 6658M
[12/10 02:04:24 d2.utils.events]:  eta: 0:04:54  iter: 19179  total_loss: 0.03381  time: 0.3609  data_time: 0.0088  lr: 8.3041e-07  max_mem: 6658M
[12/10 02:04:31 d2.utils.events]:  eta: 0:04:46  iter: 19199  total_loss: 0.0326  time: 0.3609  data_time: 0.0082  lr: 7.905e-07  max_mem: 6658M
[12/10 02:04:38 d2.utils.events]:  eta: 0:04:39  iter: 19219  total_loss: 0.02941  time: 0.3609  data_time: 0.0088  lr: 7.5157e-07  max_mem: 6658M
[12/10 02:04:46 d2.utils.events]:  eta: 0:04:32  iter: 19239  total_loss: 0.02667  time: 0.3609  data_time: 0.0090  lr: 7.1361e-07  max_mem: 6658M
[12/10 02:04:53 d2.utils.events]:  eta: 0:04:25  iter: 19259  total_loss: 0.02841  time: 0.3609  data_time: 0.0086  lr: 6.7664e-07  max_mem: 6658M
[12/10 02:05:00 d2.utils.events]:  eta: 0:04:18  iter: 19279  total_loss: 0.02938  time: 0.3609  data_time: 0.0086  lr: 6.4064e-07  max_mem: 6658M
[12/10 02:05:08 d2.utils.events]:  eta: 0:04:11  iter: 19299  total_loss: 0.03357  time: 0.3609  data_time: 0.0089  lr: 6.0563e-07  max_mem: 6658M
[12/10 02:05:15 d2.utils.events]:  eta: 0:04:04  iter: 19319  total_loss: 0.03238  time: 0.3609  data_time: 0.0085  lr: 5.716e-07  max_mem: 6658M
[12/10 02:05:22 d2.utils.events]:  eta: 0:03:57  iter: 19339  total_loss: 0.03009  time: 0.3609  data_time: 0.0083  lr: 5.3855e-07  max_mem: 6658M
[12/10 02:05:30 d2.utils.events]:  eta: 0:03:49  iter: 19359  total_loss: 0.02939  time: 0.3609  data_time: 0.0086  lr: 5.0648e-07  max_mem: 6658M
[12/10 02:05:37 d2.utils.events]:  eta: 0:03:42  iter: 19379  total_loss: 0.03096  time: 0.3609  data_time: 0.0085  lr: 4.7539e-07  max_mem: 6658M
[12/10 02:05:44 d2.utils.events]:  eta: 0:03:35  iter: 19399  total_loss: 0.0295  time: 0.3609  data_time: 0.0087  lr: 4.4528e-07  max_mem: 6658M
[12/10 02:05:51 d2.utils.events]:  eta: 0:03:28  iter: 19419  total_loss: 0.02815  time: 0.3609  data_time: 0.0088  lr: 4.1616e-07  max_mem: 6658M
[12/10 02:05:59 d2.utils.events]:  eta: 0:03:21  iter: 19439  total_loss: 0.02938  time: 0.3609  data_time: 0.0087  lr: 3.8802e-07  max_mem: 6658M
[12/10 02:06:06 d2.utils.events]:  eta: 0:03:14  iter: 19459  total_loss: 0.03012  time: 0.3609  data_time: 0.0086  lr: 3.6086e-07  max_mem: 6658M
[12/10 02:06:13 d2.utils.events]:  eta: 0:03:07  iter: 19479  total_loss: 0.03091  time: 0.3609  data_time: 0.0086  lr: 3.3469e-07  max_mem: 6658M
[12/10 02:06:20 d2.utils.events]:  eta: 0:02:59  iter: 19499  total_loss: 0.03041  time: 0.3609  data_time: 0.0085  lr: 3.095e-07  max_mem: 6658M
[12/10 02:06:28 d2.utils.events]:  eta: 0:02:52  iter: 19519  total_loss: 0.02819  time: 0.3609  data_time: 0.0088  lr: 2.8529e-07  max_mem: 6658M
[12/10 02:06:35 d2.utils.events]:  eta: 0:02:45  iter: 19539  total_loss: 0.03059  time: 0.3609  data_time: 0.0084  lr: 2.6207e-07  max_mem: 6658M
[12/10 02:06:42 d2.utils.events]:  eta: 0:02:38  iter: 19559  total_loss: 0.02937  time: 0.3609  data_time: 0.0088  lr: 2.3984e-07  max_mem: 6658M
[12/10 02:06:50 d2.utils.events]:  eta: 0:02:31  iter: 19579  total_loss: 0.02816  time: 0.3609  data_time: 0.0086  lr: 2.1858e-07  max_mem: 6658M
[12/10 02:06:57 d2.utils.events]:  eta: 0:02:23  iter: 19599  total_loss: 0.03022  time: 0.3609  data_time: 0.0082  lr: 1.9831e-07  max_mem: 6658M
[12/10 02:07:04 d2.utils.events]:  eta: 0:02:16  iter: 19619  total_loss: 0.02507  time: 0.3609  data_time: 0.0082  lr: 1.7903e-07  max_mem: 6658M
[12/10 02:07:11 d2.utils.events]:  eta: 0:02:09  iter: 19639  total_loss: 0.03153  time: 0.3609  data_time: 0.0086  lr: 1.6073e-07  max_mem: 6658M
[12/10 02:07:19 d2.utils.events]:  eta: 0:02:02  iter: 19659  total_loss: 0.03115  time: 0.3609  data_time: 0.0083  lr: 1.4342e-07  max_mem: 6658M
[12/10 02:07:26 d2.utils.events]:  eta: 0:01:55  iter: 19679  total_loss: 0.02832  time: 0.3609  data_time: 0.0095  lr: 1.2709e-07  max_mem: 6658M
[12/10 02:07:33 d2.utils.events]:  eta: 0:01:47  iter: 19699  total_loss: 0.02873  time: 0.3609  data_time: 0.0083  lr: 1.1175e-07  max_mem: 6658M
[12/10 02:07:40 d2.utils.events]:  eta: 0:01:40  iter: 19719  total_loss: 0.02875  time: 0.3609  data_time: 0.0089  lr: 9.7398e-08  max_mem: 6658M
[12/10 02:07:48 d2.utils.events]:  eta: 0:01:33  iter: 19739  total_loss: 0.03009  time: 0.3609  data_time: 0.0085  lr: 8.4029e-08  max_mem: 6658M
[12/10 02:07:55 d2.utils.events]:  eta: 0:01:26  iter: 19759  total_loss: 0.02769  time: 0.3609  data_time: 0.0080  lr: 7.1646e-08  max_mem: 6658M
[12/10 02:08:02 d2.utils.events]:  eta: 0:01:19  iter: 19779  total_loss: 0.02579  time: 0.3609  data_time: 0.0089  lr: 6.0249e-08  max_mem: 6658M
[12/10 02:08:09 d2.utils.events]:  eta: 0:01:12  iter: 19799  total_loss: 0.02915  time: 0.3609  data_time: 0.0093  lr: 4.9839e-08  max_mem: 6658M
[12/10 02:08:17 d2.utils.events]:  eta: 0:01:04  iter: 19819  total_loss: 0.02939  time: 0.3609  data_time: 0.0088  lr: 4.0415e-08  max_mem: 6658M
[12/10 02:08:24 d2.utils.events]:  eta: 0:00:57  iter: 19839  total_loss: 0.02895  time: 0.3609  data_time: 0.0084  lr: 3.1977e-08  max_mem: 6658M
[12/10 02:08:31 d2.utils.events]:  eta: 0:00:50  iter: 19859  total_loss: 0.02894  time: 0.3609  data_time: 0.0082  lr: 2.4526e-08  max_mem: 6658M
[12/10 02:08:39 d2.utils.events]:  eta: 0:00:43  iter: 19879  total_loss: 0.028  time: 0.3609  data_time: 0.0088  lr: 1.8062e-08  max_mem: 6658M
[12/10 02:08:46 d2.utils.events]:  eta: 0:00:35  iter: 19899  total_loss: 0.02968  time: 0.3609  data_time: 0.0081  lr: 1.2585e-08  max_mem: 6658M
[12/10 02:08:53 d2.utils.events]:  eta: 0:00:28  iter: 19919  total_loss: 0.03113  time: 0.3609  data_time: 0.0085  lr: 8.0942e-09  max_mem: 6658M
[12/10 02:09:00 d2.utils.events]:  eta: 0:00:21  iter: 19939  total_loss: 0.03452  time: 0.3609  data_time: 0.0083  lr: 4.5906e-09  max_mem: 6658M
[12/10 02:09:08 d2.utils.events]:  eta: 0:00:14  iter: 19959  total_loss: 0.0296  time: 0.3609  data_time: 0.0086  lr: 2.0738e-09  max_mem: 6658M
[12/10 02:09:15 d2.utils.events]:  eta: 0:00:07  iter: 19979  total_loss: 0.02864  time: 0.3609  data_time: 0.0081  lr: 5.4406e-10  max_mem: 6658M
[12/10 02:09:22 fvcore.common.checkpoint]: Saving checkpoint to outputs/gta_seen7_eva_b16_r512/model_0019999.pth
[12/10 02:09:23 fvcore.common.checkpoint]: Saving checkpoint to outputs/gta_seen7_eva_b16_r512/model_final.pth
[12/10 02:09:23 d2.utils.events]:  eta: 0:00:00  iter: 19999  total_loss: 0.03363  time: 0.3609  data_time: 0.0079  lr: 1.2337e-12  max_mem: 6658M
[12/10 02:09:24 d2.engine.hooks]: Overall training speed: 19998 iterations in 2:00:17 (0.3609 s / it)
[12/10 02:09:24 d2.engine.hooks]: Total training time: 2:14:52 (0:14:35 on hooks)
[12/10 02:09:24 d2.data.dataset_mapper]: [DatasetMapper] Augmentations used in inference: [ResizeShortestEdge(short_edge_length=(512, 512), max_size=1024, sample_style='choice')]
[12/10 02:09:24 d2.data.common]: Serializing 998 elements to byte tensors and concatenating them all ...
[12/10 02:09:24 d2.data.common]: Serialized dataset takes 0.27 MiB
[12/10 02:09:24 d2.evaluation.evaluator]: Start inference on 998 batches
[12/10 02:09:27 d2.evaluation.evaluator]: Inference done 11/998. Dataloading: 0.0012 s/iter. Inference: 0.0820 s/iter. Eval: 0.1796 s/iter. Total: 0.2628 s/iter. ETA=0:04:19
[12/10 02:09:32 d2.evaluation.evaluator]: Inference done 30/998. Dataloading: 0.0016 s/iter. Inference: 0.0824 s/iter. Eval: 0.1798 s/iter. Total: 0.2638 s/iter. ETA=0:04:15
[12/10 02:09:37 d2.evaluation.evaluator]: Inference done 50/998. Dataloading: 0.0017 s/iter. Inference: 0.0822 s/iter. Eval: 0.1742 s/iter. Total: 0.2582 s/iter. ETA=0:04:04
[12/10 02:09:43 d2.evaluation.evaluator]: Inference done 70/998. Dataloading: 0.0018 s/iter. Inference: 0.0824 s/iter. Eval: 0.1742 s/iter. Total: 0.2585 s/iter. ETA=0:03:59
[12/10 02:09:48 d2.evaluation.evaluator]: Inference done 90/998. Dataloading: 0.0018 s/iter. Inference: 0.0821 s/iter. Eval: 0.1728 s/iter. Total: 0.2567 s/iter. ETA=0:03:53
[12/10 02:09:53 d2.evaluation.evaluator]: Inference done 110/998. Dataloading: 0.0018 s/iter. Inference: 0.0820 s/iter. Eval: 0.1728 s/iter. Total: 0.2566 s/iter. ETA=0:03:47
[12/10 02:09:58 d2.evaluation.evaluator]: Inference done 130/998. Dataloading: 0.0018 s/iter. Inference: 0.0820 s/iter. Eval: 0.1724 s/iter. Total: 0.2563 s/iter. ETA=0:03:42
[12/10 02:10:03 d2.evaluation.evaluator]: Inference done 150/998. Dataloading: 0.0019 s/iter. Inference: 0.0820 s/iter. Eval: 0.1717 s/iter. Total: 0.2556 s/iter. ETA=0:03:36
[12/10 02:10:08 d2.evaluation.evaluator]: Inference done 170/998. Dataloading: 0.0019 s/iter. Inference: 0.0820 s/iter. Eval: 0.1715 s/iter. Total: 0.2555 s/iter. ETA=0:03:31
[12/10 02:10:13 d2.evaluation.evaluator]: Inference done 191/998. Dataloading: 0.0019 s/iter. Inference: 0.0819 s/iter. Eval: 0.1708 s/iter. Total: 0.2546 s/iter. ETA=0:03:25
[12/10 02:10:18 d2.evaluation.evaluator]: Inference done 211/998. Dataloading: 0.0019 s/iter. Inference: 0.0819 s/iter. Eval: 0.1707 s/iter. Total: 0.2546 s/iter. ETA=0:03:20
[12/10 02:10:23 d2.evaluation.evaluator]: Inference done 231/998. Dataloading: 0.0019 s/iter. Inference: 0.0818 s/iter. Eval: 0.1707 s/iter. Total: 0.2545 s/iter. ETA=0:03:15
[12/10 02:10:29 d2.evaluation.evaluator]: Inference done 251/998. Dataloading: 0.0019 s/iter. Inference: 0.0819 s/iter. Eval: 0.1708 s/iter. Total: 0.2548 s/iter. ETA=0:03:10
[12/10 02:10:34 d2.evaluation.evaluator]: Inference done 271/998. Dataloading: 0.0019 s/iter. Inference: 0.0819 s/iter. Eval: 0.1709 s/iter. Total: 0.2547 s/iter. ETA=0:03:05
[12/10 02:10:39 d2.evaluation.evaluator]: Inference done 291/998. Dataloading: 0.0019 s/iter. Inference: 0.0819 s/iter. Eval: 0.1714 s/iter. Total: 0.2553 s/iter. ETA=0:03:00
[12/10 02:10:44 d2.evaluation.evaluator]: Inference done 311/998. Dataloading: 0.0019 s/iter. Inference: 0.0819 s/iter. Eval: 0.1718 s/iter. Total: 0.2557 s/iter. ETA=0:02:55
[12/10 02:10:49 d2.evaluation.evaluator]: Inference done 331/998. Dataloading: 0.0019 s/iter. Inference: 0.0820 s/iter. Eval: 0.1722 s/iter. Total: 0.2562 s/iter. ETA=0:02:50
[12/10 02:10:55 d2.evaluation.evaluator]: Inference done 350/998. Dataloading: 0.0019 s/iter. Inference: 0.0821 s/iter. Eval: 0.1729 s/iter. Total: 0.2570 s/iter. ETA=0:02:46
[12/10 02:11:00 d2.evaluation.evaluator]: Inference done 370/998. Dataloading: 0.0019 s/iter. Inference: 0.0821 s/iter. Eval: 0.1730 s/iter. Total: 0.2571 s/iter. ETA=0:02:41
[12/10 02:11:05 d2.evaluation.evaluator]: Inference done 389/998. Dataloading: 0.0019 s/iter. Inference: 0.0821 s/iter. Eval: 0.1735 s/iter. Total: 0.2577 s/iter. ETA=0:02:36
[12/10 02:11:10 d2.evaluation.evaluator]: Inference done 409/998. Dataloading: 0.0019 s/iter. Inference: 0.0821 s/iter. Eval: 0.1736 s/iter. Total: 0.2577 s/iter. ETA=0:02:31
[12/10 02:11:15 d2.evaluation.evaluator]: Inference done 429/998. Dataloading: 0.0019 s/iter. Inference: 0.0821 s/iter. Eval: 0.1734 s/iter. Total: 0.2575 s/iter. ETA=0:02:26
[12/10 02:11:20 d2.evaluation.evaluator]: Inference done 448/998. Dataloading: 0.0019 s/iter. Inference: 0.0822 s/iter. Eval: 0.1737 s/iter. Total: 0.2578 s/iter. ETA=0:02:21
[12/10 02:11:25 d2.evaluation.evaluator]: Inference done 468/998. Dataloading: 0.0019 s/iter. Inference: 0.0822 s/iter. Eval: 0.1733 s/iter. Total: 0.2575 s/iter. ETA=0:02:16
[12/10 02:11:30 d2.evaluation.evaluator]: Inference done 488/998. Dataloading: 0.0019 s/iter. Inference: 0.0822 s/iter. Eval: 0.1734 s/iter. Total: 0.2576 s/iter. ETA=0:02:11
[12/10 02:11:35 d2.evaluation.evaluator]: Inference done 508/998. Dataloading: 0.0019 s/iter. Inference: 0.0822 s/iter. Eval: 0.1734 s/iter. Total: 0.2576 s/iter. ETA=0:02:06
[12/10 02:11:41 d2.evaluation.evaluator]: Inference done 528/998. Dataloading: 0.0019 s/iter. Inference: 0.0822 s/iter. Eval: 0.1736 s/iter. Total: 0.2578 s/iter. ETA=0:02:01
[12/10 02:11:46 d2.evaluation.evaluator]: Inference done 548/998. Dataloading: 0.0019 s/iter. Inference: 0.0822 s/iter. Eval: 0.1736 s/iter. Total: 0.2578 s/iter. ETA=0:01:56
[12/10 02:11:51 d2.evaluation.evaluator]: Inference done 567/998. Dataloading: 0.0019 s/iter. Inference: 0.0822 s/iter. Eval: 0.1741 s/iter. Total: 0.2583 s/iter. ETA=0:01:51
[12/10 02:11:56 d2.evaluation.evaluator]: Inference done 587/998. Dataloading: 0.0019 s/iter. Inference: 0.0822 s/iter. Eval: 0.1740 s/iter. Total: 0.2582 s/iter. ETA=0:01:46
[12/10 02:12:01 d2.evaluation.evaluator]: Inference done 607/998. Dataloading: 0.0019 s/iter. Inference: 0.0822 s/iter. Eval: 0.1740 s/iter. Total: 0.2582 s/iter. ETA=0:01:40
[12/10 02:12:07 d2.evaluation.evaluator]: Inference done 627/998. Dataloading: 0.0019 s/iter. Inference: 0.0821 s/iter. Eval: 0.1741 s/iter. Total: 0.2583 s/iter. ETA=0:01:35
[12/10 02:12:12 d2.evaluation.evaluator]: Inference done 647/998. Dataloading: 0.0020 s/iter. Inference: 0.0821 s/iter. Eval: 0.1739 s/iter. Total: 0.2581 s/iter. ETA=0:01:30
[12/10 02:12:17 d2.evaluation.evaluator]: Inference done 667/998. Dataloading: 0.0020 s/iter. Inference: 0.0821 s/iter. Eval: 0.1741 s/iter. Total: 0.2582 s/iter. ETA=0:01:25
[12/10 02:12:22 d2.evaluation.evaluator]: Inference done 687/998. Dataloading: 0.0020 s/iter. Inference: 0.0822 s/iter. Eval: 0.1741 s/iter. Total: 0.2583 s/iter. ETA=0:01:20
[12/10 02:12:27 d2.evaluation.evaluator]: Inference done 706/998. Dataloading: 0.0020 s/iter. Inference: 0.0822 s/iter. Eval: 0.1743 s/iter. Total: 0.2585 s/iter. ETA=0:01:15
[12/10 02:12:32 d2.evaluation.evaluator]: Inference done 726/998. Dataloading: 0.0020 s/iter. Inference: 0.0822 s/iter. Eval: 0.1741 s/iter. Total: 0.2584 s/iter. ETA=0:01:10
[12/10 02:12:37 d2.evaluation.evaluator]: Inference done 746/998. Dataloading: 0.0020 s/iter. Inference: 0.0822 s/iter. Eval: 0.1742 s/iter. Total: 0.2585 s/iter. ETA=0:01:05
[12/10 02:12:43 d2.evaluation.evaluator]: Inference done 766/998. Dataloading: 0.0020 s/iter. Inference: 0.0822 s/iter. Eval: 0.1742 s/iter. Total: 0.2584 s/iter. ETA=0:00:59
[12/10 02:12:48 d2.evaluation.evaluator]: Inference done 786/998. Dataloading: 0.0020 s/iter. Inference: 0.0822 s/iter. Eval: 0.1740 s/iter. Total: 0.2583 s/iter. ETA=0:00:54
[12/10 02:12:53 d2.evaluation.evaluator]: Inference done 806/998. Dataloading: 0.0020 s/iter. Inference: 0.0823 s/iter. Eval: 0.1739 s/iter. Total: 0.2582 s/iter. ETA=0:00:49
[12/10 02:12:58 d2.evaluation.evaluator]: Inference done 826/998. Dataloading: 0.0020 s/iter. Inference: 0.0823 s/iter. Eval: 0.1739 s/iter. Total: 0.2583 s/iter. ETA=0:00:44
[12/10 02:13:03 d2.evaluation.evaluator]: Inference done 846/998. Dataloading: 0.0020 s/iter. Inference: 0.0824 s/iter. Eval: 0.1738 s/iter. Total: 0.2582 s/iter. ETA=0:00:39
[12/10 02:13:08 d2.evaluation.evaluator]: Inference done 866/998. Dataloading: 0.0020 s/iter. Inference: 0.0824 s/iter. Eval: 0.1737 s/iter. Total: 0.2581 s/iter. ETA=0:00:34
[12/10 02:13:13 d2.evaluation.evaluator]: Inference done 887/998. Dataloading: 0.0020 s/iter. Inference: 0.0824 s/iter. Eval: 0.1734 s/iter. Total: 0.2579 s/iter. ETA=0:00:28
[12/10 02:13:18 d2.evaluation.evaluator]: Inference done 907/998. Dataloading: 0.0020 s/iter. Inference: 0.0825 s/iter. Eval: 0.1733 s/iter. Total: 0.2578 s/iter. ETA=0:00:23
[12/10 02:13:24 d2.evaluation.evaluator]: Inference done 927/998. Dataloading: 0.0020 s/iter. Inference: 0.0825 s/iter. Eval: 0.1732 s/iter. Total: 0.2578 s/iter. ETA=0:00:18
[12/10 02:13:29 d2.evaluation.evaluator]: Inference done 947/998. Dataloading: 0.0020 s/iter. Inference: 0.0826 s/iter. Eval: 0.1732 s/iter. Total: 0.2579 s/iter. ETA=0:00:13
[12/10 02:13:34 d2.evaluation.evaluator]: Inference done 966/998. Dataloading: 0.0020 s/iter. Inference: 0.0826 s/iter. Eval: 0.1733 s/iter. Total: 0.2580 s/iter. ETA=0:00:08
[12/10 02:13:39 d2.evaluation.evaluator]: Inference done 987/998. Dataloading: 0.0020 s/iter. Inference: 0.0826 s/iter. Eval: 0.1731 s/iter. Total: 0.2578 s/iter. ETA=0:00:02
[12/10 02:13:42 d2.evaluation.evaluator]: Total inference time: 0:04:16.207295 (0.258013 s / iter per device, on 1 devices)
[12/10 02:13:42 d2.evaluation.evaluator]: Total inference pure compute time: 0:01:22 (0.082627 s / iter per device, on 1 devices)
[12/10 02:13:42 d2.evaluation.sem_seg_evaluation]: OrderedDict([('sem_seg', {'mIoU': 50.402470386233745, 'fwIoU': 68.12959814913515, 'IoU-road': 77.40825143873079, 'IoU-sidewalk': 9.051203866434832, 'IoU-building': 79.40994181609503, 'IoU-wall': 31.027464440628442, 'IoU-fence': 13.504462927160898, 'IoU-pole': 14.593960418295756, 'IoU-traffic light': 27.748516205926858, 'IoU-traffic sign': 24.695116767683473, 'IoU-vegetation': 63.58439879160819, 'IoU-terrain': 31.69260729358981, 'IoU-sky': 81.11338982036304, 'IoU-person': 34.928944806488275, 'IoU-rider': 5.267501444874496, 'IoU-car': 70.83516561630348, 'IoU-truck': 43.431173569939745, 'IoU-bus': 26.81018095408782, 'IoU-train': 0.019049722172569863, 'IoU-motorcycle': 23.461722959323932, 'IoU-bicycle': 17.423223875608628, 'IoU-bag': 80.57038146184777, 'IoU-ball': 58.14379407102892, 'IoU-barrel': 79.22083903737158, 'IoU-bench': 3.878896673116011, 'IoU-bird': 73.52643482483637, 'IoU-bottle': 81.06523521105609, 'IoU-cart': 53.24185015607025, 'IoU-cat': 78.57304939878594, 'IoU-chair': 55.24950026810035, 'IoU-cow': 70.28296712432123, 'IoU-deer': 58.49545489336221, 'IoU-dog': 64.34738366986214, 'IoU-drone': 46.89067109707605, 'IoU-elephant': 79.25452259242644, 'IoU-hat': 57.14307984223975, 'IoU-horse': 75.78199124044853, 'IoU-robot': 66.6953739757793, 'IoU-sheep': 69.07363413353241, 'IoU-table': 22.42219223596092, 'IoU-toy': 67.04300193525108, 'IoU-umbrella': 75.25853004049057, 'IoU-zebra': 74.33622521730341, 'mACC': 68.01479098051722, 'pACC': 80.10388712343456, 'ACC-road': 97.82516204712542, 'ACC-sidewalk': 9.48614263927506, 'ACC-building': 90.10784714319354, 'ACC-wall': 48.38165436971681, 'ACC-fence': 16.815066819785592, 'ACC-pole': 37.765659536351954, 'ACC-traffic light': 48.5884298334824, 'ACC-traffic sign': 27.290053732247827, 'ACC-vegetation': 75.4091724691678, 'ACC-terrain': 57.932253996621256, 'ACC-sky': 87.30932102017194, 'ACC-person': 43.27409847598048, 'ACC-rider': 11.885389639958223, 'ACC-car': 80.67124230124871, 'ACC-truck': 82.56993596123917, 'ACC-bus': 86.11932204197905, 'ACC-train': 0.01952693691177253, 'ACC-motorcycle': 30.583802558407097, 'ACC-bicycle': 20.09773082928385, 'ACC-bag': 95.006277009533, 'ACC-ball': 96.78814831389441, 'ACC-barrel': 85.38620651614328, 'ACC-bench': 84.43460261124734, 'ACC-bird': 84.65128842988705, 'ACC-bottle': 86.52991407065103, 'ACC-cart': 90.5930393811298, 'ACC-cat': 94.15837887223464, 'ACC-chair': 67.13224771809743, 'ACC-cow': 95.68267308984171, 'ACC-deer': 86.5874363327674, 'ACC-dog': 78.82006890918075, 'ACC-drone': 57.10672548334065, 'ACC-elephant': 89.84708395787332, 'ACC-hat': 94.22392855377416, 'ACC-horse': 89.92814594507571, 'ACC-robot': 93.89288504071257, 'ACC-sheep': 78.60472788053146, 'ACC-table': 24.111001558332383, 'ACC-toy': 79.49959937871289, 'ACC-umbrella': 96.2889519378472, 'ACC-zebra': 87.20128685825019})])
[12/10 02:13:42 d2.engine.defaults]: Evaluation results for acdc_inpaint41_test in csv format:
[12/10 02:13:42 d2.evaluation.testing]: copypaste: Task: sem_seg
[12/10 02:13:42 d2.evaluation.testing]: copypaste: mIoU,fwIoU,mACC,pACC
[12/10 02:13:42 d2.evaluation.testing]: copypaste: 50.4025,68.1296,68.0148,80.1039
/data/zd/TTA_VLM/S2_Corr/train_net.py:16: FutureWarning: In the future `np.bool` will be defined as the corresponding NumPy scalar.
  if not hasattr(np, _name):
/data/zd/TTA_VLM/S2_Corr/train_net.py:16: FutureWarning: In the future `np.object` will be defined as the corresponding NumPy scalar.
  if not hasattr(np, _name):
/data/zd/TTA_VLM/S2_Corr/train_net.py:18: FutureWarning: In the future `np.long` will be defined as the corresponding NumPy scalar.
  if not hasattr(np, "long"):
/data2/anaconda3/envs/DeCLIP_CATSeg/lib/python3.10/site-packages/torchvision/datapoints/__init__.py:12: UserWarning: The torchvision.datapoints and torchvision.transforms.v2 namespaces are still Beta. While we do not expect major breaking changes, some APIs may still change according to user feedback. Please submit any feedback you may have in this issue: https://github.com/pytorch/vision/issues/6753, and you can also check out https://github.com/pytorch/vision/issues/7319 to learn more about the APIs that we suspect might involve future changes. You can silence this warning by calling torchvision.disable_beta_transforms_warning().
  warnings.warn(_BETA_TRANSFORMS_WARNING)
/data2/anaconda3/envs/DeCLIP_CATSeg/lib/python3.10/site-packages/torchvision/transforms/v2/__init__.py:54: UserWarning: The torchvision.datapoints and torchvision.transforms.v2 namespaces are still Beta. While we do not expect major breaking changes, some APIs may still change according to user feedback. Please submit any feedback you may have in this issue: https://github.com/pytorch/vision/issues/6753, and you can also check out https://github.com/pytorch/vision/issues/7319 to learn more about the APIs that we suspect might involve future changes. You can silence this warning by calling torchvision.disable_beta_transforms_warning().
  warnings.warn(_BETA_TRANSFORMS_WARNING)
Please 'pip install apex'
Command Line Args: Namespace(config_file='configs/gta5_seen7_catseg.yaml', resume=False, eval_only=True, num_gpus=1, num_machines=1, machine_rank=0, dist_url='auto', opts=['OUTPUT_DIR', 'outputs/gta_seen7_eva_b16_r512/eval', 'MODEL.SEM_SEG_HEAD.TEST_CLASS_JSON', 'datasets/cityscapes_19.json', 'MODEL.SEM_SEG_HEAD.ENABLE_HIGH_RES', 'False', 'DATASETS.TEST', '("cityscapes19_val",)', 'TEST.SLIDING_WINDOW', 'True', 'MODEL.SEM_SEG_HEAD.POOLING_SIZES', '[1,1]', 'MODEL.WEIGHTS', 'outputs/gta_seen7_eva_b16_r512/model_0019999.pth'])
[12/10 02:13:47 detectron2]: Rank of current process: 0. World size: 1
[12/10 02:13:48 detectron2]: Environment info:
----------------------  ------------------------------------------------------------------------------------------
sys.platform            linux
Python                  3.10.0 (default, Mar  3 2022, 09:58:08) [GCC 7.5.0]
numpy                   1.26.4
detectron2              0.6 @/data2/anaconda3/envs/DeCLIP_CATSeg/lib/python3.10/site-packages/detectron2
Compiler                GCC 7.5
CUDA compiler           CUDA 11.6
detectron2 arch flags   8.0
DETECTRON2_ENV_MODULE   <not set>
PyTorch                 2.0.0+cu117 @/data2/anaconda3/envs/DeCLIP_CATSeg/lib/python3.10/site-packages/torch
PyTorch debug build     False
GPU available           Yes
GPU 0                   GeForce RTX 3090 (arch=8.6)
Driver version          460.84
CUDA_HOME               /usr/local/cuda-11.6
TORCH_CUDA_ARCH_LIST    8.0
Pillow                  9.1.0
torchvision             0.15.1+cu117 @/data2/anaconda3/envs/DeCLIP_CATSeg/lib/python3.10/site-packages/torchvision
torchvision arch flags  3.5, 5.0, 6.0, 7.0, 7.5, 8.0, 8.6
fvcore                  0.1.5.post20221221
iopath                  0.1.9
cv2                     4.11.0
----------------------  ------------------------------------------------------------------------------------------
PyTorch built with:
  - GCC 9.3
  - C++ Version: 201703
  - Intel(R) oneAPI Math Kernel Library Version 2022.2-Product Build 20220804 for Intel(R) 64 architecture applications
  - Intel(R) MKL-DNN v2.7.3 (Git Hash 6dbeffbae1f23cbbeae17adb7b5b13f1f37c080e)
  - OpenMP 201511 (a.k.a. OpenMP 4.5)
  - LAPACK is enabled (usually provided by MKL)
  - NNPACK is enabled
  - CPU capability usage: AVX2
  - CUDA Runtime 11.7
  - NVCC architecture flags: -gencode;arch=compute_37,code=sm_37;-gencode;arch=compute_50,code=sm_50;-gencode;arch=compute_60,code=sm_60;-gencode;arch=compute_70,code=sm_70;-gencode;arch=compute_75,code=sm_75;-gencode;arch=compute_80,code=sm_80;-gencode;arch=compute_86,code=sm_86
  - CuDNN 8.5
  - Magma 2.6.1
  - Build settings: BLAS_INFO=mkl, BUILD_TYPE=Release, CUDA_VERSION=11.7, CUDNN_VERSION=8.5.0, CXX_COMPILER=/opt/rh/devtoolset-9/root/usr/bin/c++, CXX_FLAGS= -D_GLIBCXX_USE_CXX11_ABI=0 -fabi-version=11 -Wno-deprecated -fvisibility-inlines-hidden -DUSE_PTHREADPOOL -DNDEBUG -DUSE_KINETO -DLIBKINETO_NOROCTRACER -DUSE_FBGEMM -DUSE_QNNPACK -DUSE_PYTORCH_QNNPACK -DUSE_XNNPACK -DSYMBOLICATE_MOBILE_DEBUG_HANDLE -O2 -fPIC -Wall -Wextra -Werror=return-type -Werror=non-virtual-dtor -Werror=bool-operation -Wnarrowing -Wno-missing-field-initializers -Wno-type-limits -Wno-array-bounds -Wno-unknown-pragmas -Wunused-local-typedefs -Wno-unused-parameter -Wno-unused-function -Wno-unused-result -Wno-strict-overflow -Wno-strict-aliasing -Wno-error=deprecated-declarations -Wno-stringop-overflow -Wno-psabi -Wno-error=pedantic -Wno-error=redundant-decls -Wno-error=old-style-cast -fdiagnostics-color=always -faligned-new -Wno-unused-but-set-variable -Wno-maybe-uninitialized -fno-math-errno -fno-trapping-math -Werror=format -Werror=cast-function-type -Wno-stringop-overflow, LAPACK_INFO=mkl, PERF_WITH_AVX=1, PERF_WITH_AVX2=1, PERF_WITH_AVX512=1, TORCH_DISABLE_GPU_ASSERTS=ON, TORCH_VERSION=2.0.0, USE_CUDA=ON, USE_CUDNN=ON, USE_EXCEPTION_PTR=1, USE_GFLAGS=OFF, USE_GLOG=OFF, USE_MKL=ON, USE_MKLDNN=ON, USE_MPI=OFF, USE_NCCL=1, USE_NNPACK=ON, USE_OPENMP=ON, USE_ROCM=OFF, 

[12/10 02:13:48 detectron2]: Command line arguments: Namespace(config_file='configs/gta5_seen7_catseg.yaml', resume=False, eval_only=True, num_gpus=1, num_machines=1, machine_rank=0, dist_url='auto', opts=['OUTPUT_DIR', 'outputs/gta_seen7_eva_b16_r512/eval', 'MODEL.SEM_SEG_HEAD.TEST_CLASS_JSON', 'datasets/cityscapes_19.json', 'MODEL.SEM_SEG_HEAD.ENABLE_HIGH_RES', 'False', 'DATASETS.TEST', '("cityscapes19_val",)', 'TEST.SLIDING_WINDOW', 'True', 'MODEL.SEM_SEG_HEAD.POOLING_SIZES', '[1,1]', 'MODEL.WEIGHTS', 'outputs/gta_seen7_eva_b16_r512/model_0019999.pth'])
[12/10 02:13:48 detectron2]: Contents of args.config_file=configs/gta5_seen7_catseg.yaml:
_BASE_: config.yaml
DATASETS:
  TRAIN: ("gta5_seen7_train_seg",)
  TEST:  ("acdc_inpaint41_test",)
MODEL:
  META_ARCHITECTURE: "CATSeg"
  PIXEL_MEAN: [123.675, 116.280, 103.530]
  PIXEL_STD: [58.395, 57.120, 57.375]
  SEM_SEG_HEAD:
    NAME: "CATSegHead"
    IN_FEATURES: [ "res2", "res3", "res4" ]
    IGNORE_VALUE: 255
    NUM_CLASSES: 19
    TRAIN_CLASS_JSON: "datasets/cityscapes_seen_7.json"
    TEST_CLASS_JSON:  "datasets/inpaint41_vocab.json"
    CLIP_PRETRAINED: "EVA02-CLIP-B-16"
    PROMPT_DEPTH: 0
    PROMPT_LENGTH: 0
    TEXT_GUIDANCE_DIM: 512
    TEXT_GUIDANCE_PROJ_DIM: 128
    APPEARANCE_GUIDANCE_DIM: 512
    APPEARANCE_GUIDANCE_PROJ_DIM: 128
    DECODER_DIMS: [ 64, 32 ]
    DECODER_GUIDANCE_DIMS: [ 256, 128 ]
    DECODER_GUIDANCE_PROJ_DIMS: [ 32, 16 ]
    NUM_LAYERS: 1
    NUM_HEADS: 4
    HIDDEN_DIMS: 128
    POOLING_SIZES: [ 1, 1 ]
    FEATURE_RESOLUTION: [ 32, 32 ]
    WINDOW_SIZES: 16
    ATTENTION_TYPE: "linear"
    CLIP_FINETUNE: "vision_text"
    CACHE_DIR: "/data/zd/TTA_VLM/DeCLIP-ZSSS/Pretrain/EVA02_CLIP_B_psz16_s8B.pt"
    ENABLE_HIGH_RES: "False"
  PROMPT_ENSEMBLE_TYPE: "multi_domain"
INPUT:
  MIN_SIZE_TRAIN: (512, 768)
  MIN_SIZE_TRAIN_SAMPLING: "choice"
  MAX_SIZE_TRAIN: 1024
  MIN_SIZE_TEST: 512
  MAX_SIZE_TEST: 1024
  CROP:
    ENABLED: True
    TYPE: "absolute"
    SIZE: (512, 512)
  SIZE_DIVISIBILITY: 32
  FORMAT: "RGB"
  DATASET_MAPPER_NAME: "mask_former_semantic"
SOLVER:
  IMS_PER_BATCH: 4
  LR_SCHEDULER_NAME: "WarmupCosineLR"
  BASE_LR: 0.0002
  MAX_ITER: 20000
  BACKBONE_MULTIPLIER: 0.0
  CLIP_MULTIPLIER: 0.01
TEST:
  EVAL_PERIOD: 5000
  SLIDING_WINDOW: True
  SW_KERNEL: 512
  SW_OVERLAP: 0.333
  SW_OUT_RES: [512, 1024]
[12/10 02:13:48 detectron2]: Running with full config:
CUDNN_BENCHMARK: true
DATALOADER:
  ASPECT_RATIO_GROUPING: true
  FILTER_EMPTY_ANNOTATIONS: true
  NUM_WORKERS: 8
  REPEAT_THRESHOLD: 0.0
  SAMPLER_TRAIN: TrainingSampler
DATASETS:
  PRECOMPUTED_PROPOSAL_TOPK_TEST: 1000
  PRECOMPUTED_PROPOSAL_TOPK_TRAIN: 2000
  PROPOSAL_FILES_TEST: []
  PROPOSAL_FILES_TRAIN: []
  TEST:
  - cityscapes19_val
  TRAIN:
  - gta5_seen7_train_seg
  VAL_ALL:
  - coco_2017_val_all_stuff_sem_seg
DDP:
  BROADCAST_BUFFERS: false
  FIND_UNUSED_PARAMETERS: true
GLOBAL:
  HACK: 1.0
INPUT:
  COLOR_AUG_SSD: true
  CROP:
    ENABLED: true
    SINGLE_CATEGORY_MAX_AREA: 1.0
    SIZE:
    - 512
    - 512
    TYPE: absolute
  DATASET_MAPPER_NAME: mask_former_semantic
  FORMAT: RGB
  MASK_FORMAT: polygon
  MAX_SIZE_TEST: 1024
  MAX_SIZE_TRAIN: 1024
  MIN_SIZE_TEST: 512
  MIN_SIZE_TRAIN:
  - 512
  - 768
  MIN_SIZE_TRAIN_SAMPLING: choice
  RANDOM_FLIP: horizontal
  SIZE_DIVISIBILITY: 32
MODEL:
  ANCHOR_GENERATOR:
    ANGLES:
    - - -90
      - 0
      - 90
    ASPECT_RATIOS:
    - - 0.5
      - 1.0
      - 2.0
    NAME: DefaultAnchorGenerator
    OFFSET: 0.0
    SIZES:
    - - 32
      - 64
      - 128
      - 256
      - 512
  BACKBONE:
    FREEZE_AT: 2
    NAME: build_resnet_backbone
  CLIP_PIXEL_MEAN:
  - 122.7709383
  - 116.7460125
  - 104.09373615
  CLIP_PIXEL_STD:
  - 68.5005327
  - 66.6321579
  - 70.323163
  DEVICE: cuda
  FPN:
    FUSE_TYPE: sum
    IN_FEATURES: []
    NORM: ''
    OUT_CHANNELS: 256
  KEYPOINT_ON: false
  LOAD_PROPOSALS: false
  MASK_FORMER:
    SIZE_DIVISIBILITY: 32
  MASK_ON: false
  META_ARCHITECTURE: CATSeg
  PANOPTIC_FPN:
    COMBINE:
      ENABLED: true
      INSTANCES_CONFIDENCE_THRESH: 0.5
      OVERLAP_THRESH: 0.5
      STUFF_AREA_LIMIT: 4096
    INSTANCE_LOSS_WEIGHT: 1.0
  PIXEL_MEAN:
  - 123.675
  - 116.28
  - 103.53
  PIXEL_STD:
  - 58.395
  - 57.12
  - 57.375
  PROMPT_ENSEMBLE: false
  PROMPT_ENSEMBLE_TYPE: multi_domain
  PROPOSAL_GENERATOR:
    MIN_SIZE: 0
    NAME: RPN
  RESNETS:
    DEFORM_MODULATED: false
    DEFORM_NUM_GROUPS: 1
    DEFORM_ON_PER_STAGE:
    - false
    - false
    - false
    - false
    DEPTH: 50
    NORM: FrozenBN
    NUM_GROUPS: 1
    OUT_FEATURES:
    - res4
    RES2_OUT_CHANNELS: 256
    RES4_DILATION: 1
    RES5_DILATION: 1
    RES5_MULTI_GRID:
    - 1
    - 2
    - 4
    STEM_OUT_CHANNELS: 64
    STEM_TYPE: deeplab
    STRIDE_IN_1X1: true
    WIDTH_PER_GROUP: 64
  RETINANET:
    BBOX_REG_LOSS_TYPE: smooth_l1
    BBOX_REG_WEIGHTS: &id002
    - 1.0
    - 1.0
    - 1.0
    - 1.0
    FOCAL_LOSS_ALPHA: 0.25
    FOCAL_LOSS_GAMMA: 2.0
    IN_FEATURES:
    - p3
    - p4
    - p5
    - p6
    - p7
    IOU_LABELS:
    - 0
    - -1
    - 1
    IOU_THRESHOLDS:
    - 0.4
    - 0.5
    NMS_THRESH_TEST: 0.5
    NORM: ''
    NUM_CLASSES: 80
    NUM_CONVS: 4
    PRIOR_PROB: 0.01
    SCORE_THRESH_TEST: 0.05
    SMOOTH_L1_LOSS_BETA: 0.1
    TOPK_CANDIDATES_TEST: 1000
  ROI_BOX_CASCADE_HEAD:
    BBOX_REG_WEIGHTS:
    - &id001
      - 10.0
      - 10.0
      - 5.0
      - 5.0
    - - 20.0
      - 20.0
      - 10.0
      - 10.0
    - - 30.0
      - 30.0
      - 15.0
      - 15.0
    IOUS:
    - 0.5
    - 0.6
    - 0.7
  ROI_BOX_HEAD:
    BBOX_REG_LOSS_TYPE: smooth_l1
    BBOX_REG_LOSS_WEIGHT: 1.0
    BBOX_REG_WEIGHTS: *id001
    CLS_AGNOSTIC_BBOX_REG: false
    CONV_DIM: 256
    FC_DIM: 1024
    NAME: ''
    NORM: ''
    NUM_CONV: 0
    NUM_FC: 0
    POOLER_RESOLUTION: 14
    POOLER_SAMPLING_RATIO: 0
    POOLER_TYPE: ROIAlignV2
    SMOOTH_L1_BETA: 0.0
    TRAIN_ON_PRED_BOXES: false
  ROI_HEADS:
    BATCH_SIZE_PER_IMAGE: 512
    IN_FEATURES:
    - res4
    IOU_LABELS:
    - 0
    - 1
    IOU_THRESHOLDS:
    - 0.5
    NAME: Res5ROIHeads
    NMS_THRESH_TEST: 0.5
    NUM_CLASSES: 80
    POSITIVE_FRACTION: 0.25
    PROPOSAL_APPEND_GT: true
    SCORE_THRESH_TEST: 0.05
  ROI_KEYPOINT_HEAD:
    CONV_DIMS:
    - 512
    - 512
    - 512
    - 512
    - 512
    - 512
    - 512
    - 512
    LOSS_WEIGHT: 1.0
    MIN_KEYPOINTS_PER_IMAGE: 1
    NAME: KRCNNConvDeconvUpsampleHead
    NORMALIZE_LOSS_BY_VISIBLE_KEYPOINTS: true
    NUM_KEYPOINTS: 17
    POOLER_RESOLUTION: 14
    POOLER_SAMPLING_RATIO: 0
    POOLER_TYPE: ROIAlignV2
  ROI_MASK_HEAD:
    CLS_AGNOSTIC_MASK: false
    CONV_DIM: 256
    NAME: MaskRCNNConvUpsampleHead
    NORM: ''
    NUM_CONV: 0
    POOLER_RESOLUTION: 14
    POOLER_SAMPLING_RATIO: 0
    POOLER_TYPE: ROIAlignV2
  RPN:
    BATCH_SIZE_PER_IMAGE: 256
    BBOX_REG_LOSS_TYPE: smooth_l1
    BBOX_REG_LOSS_WEIGHT: 1.0
    BBOX_REG_WEIGHTS: *id002
    BOUNDARY_THRESH: -1
    CONV_DIMS:
    - -1
    HEAD_NAME: StandardRPNHead
    IN_FEATURES:
    - res4
    IOU_LABELS:
    - 0
    - -1
    - 1
    IOU_THRESHOLDS:
    - 0.3
    - 0.7
    LOSS_WEIGHT: 1.0
    NMS_THRESH: 0.7
    POSITIVE_FRACTION: 0.5
    POST_NMS_TOPK_TEST: 1000
    POST_NMS_TOPK_TRAIN: 2000
    PRE_NMS_TOPK_TEST: 6000
    PRE_NMS_TOPK_TRAIN: 12000
    SMOOTH_L1_BETA: 0.0
  SEM_SEG_HEAD:
    APPEARANCE_GUIDANCE_DIM: 512
    APPEARANCE_GUIDANCE_PROJ_DIM: 128
    ASPP_CHANNELS: 256
    ASPP_DILATIONS:
    - 6
    - 12
    - 18
    ASPP_DROPOUT: 0.1
    ATTENTION_TYPE: linear
    CACHE_DIR: /data/zd/TTA_VLM/DeCLIP-ZSSS/Pretrain/EVA02_CLIP_B_psz16_s8B.pt
    CLIP_FINETUNE: vision_text
    CLIP_PRETRAINED: EVA02-CLIP-B-16
    COMMON_STRIDE: 4
    CONVS_DIM: 128
    DECODER_DIMS:
    - 64
    - 32
    DECODER_GUIDANCE_DIMS:
    - 256
    - 128
    DECODER_GUIDANCE_PROJ_DIMS:
    - 32
    - 16
    ENABLE_HIGH_RES: false
    FEATURE_RESOLUTION:
    - 32
    - 32
    HIDDEN_DIMS: 128
    IGNORE_VALUE: 255
    IN_FEATURES:
    - res2
    - res3
    - res4
    LOSS_TYPE: hard_pixel_mining
    LOSS_WEIGHT: 1.0
    NAME: CATSegHead
    NORM: GN
    NUM_CLASSES: 19
    NUM_HEADS: 4
    NUM_LAYERS: 1
    POOLING_SIZES:
    - 1
    - 1
    PROJECT_CHANNELS:
    - 48
    PROJECT_FEATURES:
    - res2
    PROMPT_DEPTH: 0
    PROMPT_LENGTH: 0
    TEST_CLASS_INDEXES: datasets/coco/coco_stuff/split/unseen_indexes.json
    TEST_CLASS_JSON: datasets/cityscapes_19.json
    TEXT_GUIDANCE_DIM: 512
    TEXT_GUIDANCE_PROJ_DIM: 128
    TRAIN_CLASS_INDEXES: datasets/coco/coco_stuff/split/seen_indexes.json
    TRAIN_CLASS_JSON: datasets/cityscapes_seen_7.json
    USE_DEPTHWISE_SEPARABLE_CONV: false
    WINDOW_SIZES: 16
  SWIN:
    APE: false
    ATTN_DROP_RATE: 0.0
    DEPTHS:
    - 2
    - 2
    - 6
    - 2
    DROP_PATH_RATE: 0.3
    DROP_RATE: 0.0
    EMBED_DIM: 96
    MLP_RATIO: 4.0
    NUM_HEADS:
    - 3
    - 6
    - 12
    - 24
    OUT_FEATURES:
    - res2
    - res3
    - res4
    - res5
    PATCH_NORM: true
    PATCH_SIZE: 4
    PRETRAIN_IMG_SIZE: 224
    QKV_BIAS: true
    QK_SCALE: null
    WINDOW_SIZE: 7
  WEIGHTS: outputs/gta_seen7_eva_b16_r512/model_0019999.pth
OUTPUT_DIR: outputs/gta_seen7_eva_b16_r512/eval
SEED: -1
SOLVER:
  AMP:
    ENABLED: false
  BACKBONE_MULTIPLIER: 0.0
  BASE_LR: 0.0002
  BIAS_LR_FACTOR: 1.0
  CHECKPOINT_PERIOD: 5000
  CLIP_GRADIENTS:
    CLIP_TYPE: full_model
    CLIP_VALUE: 0.01
    ENABLED: true
    NORM_TYPE: 2.0
  CLIP_MULTIPLIER: 0.01
  GAMMA: 0.1
  IMS_PER_BATCH: 4
  LR_SCHEDULER_NAME: WarmupCosineLR
  MAX_ITER: 20000
  MOMENTUM: 0.9
  NESTEROV: false
  OPTIMIZER: ADAMW
  POLY_LR_CONSTANT_ENDING: 0.0
  POLY_LR_POWER: 0.9
  REFERENCE_WORLD_SIZE: 0
  STEPS:
  - 30000
  WARMUP_FACTOR: 1.0
  WARMUP_ITERS: 0
  WARMUP_METHOD: linear
  WEIGHT_DECAY: 0.0001
  WEIGHT_DECAY_BIAS: null
  WEIGHT_DECAY_EMBED: 0.0
  WEIGHT_DECAY_NORM: 0.0
TEST:
  AUG:
    ENABLED: false
    FLIP: true
    MAX_SIZE: 4000
    MIN_SIZES:
    - 400
    - 500
    - 600
    - 700
    - 800
    - 900
    - 1000
    - 1100
    - 1200
  DETECTIONS_PER_IMAGE: 100
  EVAL_PERIOD: 5000
  EXPECTED_RESULTS: []
  KEYPOINT_OKS_SIGMAS: []
  PRECISE_BN:
    ENABLED: false
    NUM_ITER: 200
  SLIDING_WINDOW: true
  SW_KERNEL: 512
  SW_OUT_RES:
  - 512
  - 1024
  SW_OVERLAP: 0.333
VERSION: 2
VIS_PERIOD: 0

[12/10 02:13:48 detectron2]: Full config saved to outputs/gta_seen7_eva_b16_r512/eval/config.yaml
[12/10 02:13:48 d2.utils.env]: Using a generated random seed 48723206
Freeze text encoder parameters
[12/10 02:13:53 d2.engine.defaults]: Model:
CATSeg(
  (sem_seg_head): CATSegHead(
    (predictor): CATSegPredictor(
      (clip_model): CustomCLIP(
        (visual): EVAVisionTransformer(
          (patch_embed): PatchEmbed(
            (proj): Conv2d(3, 768, kernel_size=(16, 16), stride=(16, 16))
          )
          (pos_drop): Dropout(p=0.0, inplace=False)
          (rope): VisionRotaryEmbeddingFast()
          (blocks): ModuleList(
            (0-11): 12 x Block(
              (norm1): LayerNorm((768,), eps=1e-06, elementwise_affine=True)
              (attn): Attention(
                (q_proj): Linear(in_features=768, out_features=768, bias=False)
                (k_proj): Linear(in_features=768, out_features=768, bias=False)
                (v_proj): Linear(in_features=768, out_features=768, bias=False)
                (attn_drop): Dropout(p=0.0, inplace=False)
                (inner_attn_ln): LayerNorm((768,), eps=1e-06, elementwise_affine=True)
                (proj): Linear(in_features=768, out_features=768, bias=True)
                (proj_drop): Dropout(p=0.0, inplace=False)
                (rope): VisionRotaryEmbeddingFast()
              )
              (drop_path): Identity()
              (norm2): LayerNorm((768,), eps=1e-06, elementwise_affine=True)
              (mlp): SwiGLU(
                (w1): Linear(in_features=768, out_features=2048, bias=True)
                (w2): Linear(in_features=768, out_features=2048, bias=True)
                (act): SiLU()
                (ffn_ln): LayerNorm((2048,), eps=1e-06, elementwise_affine=True)
                (w3): Linear(in_features=2048, out_features=768, bias=True)
                (drop): Dropout(p=0.0, inplace=False)
              )
            )
          )
          (norm): LayerNorm((768,), eps=1e-06, elementwise_affine=True)
          (head): Linear(in_features=768, out_features=512, bias=True)
          (patch_dropout): Identity()
        )
        (text): TextTransformer(
          (token_embedding): Embedding(49408, 512)
          (transformer): Transformer(
            (resblocks): ModuleList(
              (0-11): 12 x ResidualAttentionBlock(
                (ln_1): LayerNorm((512,), eps=1e-05, elementwise_affine=True)
                (attn): Attention(
                  (attn_drop): Dropout(p=0.0, inplace=False)
                  (out_proj): Linear(in_features=512, out_features=512, bias=True)
                  (out_drop): Dropout(p=0.0, inplace=False)
                )
                (ls_1): Identity()
                (ln_2): LayerNorm((512,), eps=1e-05, elementwise_affine=True)
                (mlp): Sequential(
                  (c_fc): Linear(in_features=512, out_features=2048, bias=True)
                  (gelu): GELU(approximate='none')
                  (c_proj): Linear(in_features=2048, out_features=512, bias=True)
                )
                (ls_2): Identity()
              )
            )
          )
          (ln_final): LayerNorm((512,), eps=1e-05, elementwise_affine=True)
        )
      )
      (transformer): AggregatorMambaLite(
        (layers): ModuleList(
          (0): Sequential(
            (0): AxialMambaBlockLite_v2(
              (film): FiLM2D(
                (pool): AdaptiveAvgPool2d(output_size=1)
                (fc): Conv2d(128, 256, kernel_size=(1, 1), stride=(1, 1))
              )
              (pre_mix): Sequential(
                (0): Conv2d(128, 128, kernel_size=(3, 3), stride=(1, 1), padding=(1, 1), groups=128)
                (1): Conv2d(128, 128, kernel_size=(1, 1), stride=(1, 1))
                (2): GELU(approximate='none')
              )
              (seq_row): Mamba1DWithDecayPrior(
                (out_norm): LayerNorm((128,), eps=1e-05, elementwise_affine=True)
                (gate): Sequential(
                  (0): Linear(in_features=128, out_features=128, bias=True)
                  (1): SiLU()
                )
                (proj_in): Linear(in_features=128, out_features=384, bias=True)
                (drop): Dropout(p=0.0, inplace=False)
              )
              (post_proj): Conv2d(128, 128, kernel_size=(1, 1), stride=(1, 1))
              (norm_tok): LayerNorm((128,), eps=1e-05, elementwise_affine=True)
              (ffn): Sequential(
                (0): Linear(in_features=128, out_features=384, bias=True)
                (1): GELU(approximate='none')
                (2): Linear(in_features=384, out_features=128, bias=True)
              )
              (down): Identity()
            )
            (1): ClassMambaLayerLite(
              (pool): AvgPool2d(kernel_size=[1, 1], stride=[1, 1], padding=0)
              (guid_proj): Linear(in_features=128, out_features=256, bias=True)
              (seq_block): _Mamba1DAdapterLite(
                (blocks): ModuleList(
                  (0): PseudoMamba1D(
                    (gate): Sequential(
                      (0): Linear(in_features=128, out_features=128, bias=True)
                      (1): SiLU()
                    )
                    (proj_in): Linear(in_features=128, out_features=384, bias=True)
                    (out_norm): LayerNorm((128,), eps=1e-05, elementwise_affine=True)
                    (drop): Dropout(p=0.0, inplace=False)
                  )
                )
                (norm): LayerNorm((128,), eps=1e-05, elementwise_affine=True)
              )
              (norm1): LayerNorm((128,), eps=1e-05, elementwise_affine=True)
              (norm2): LayerNorm((128,), eps=1e-05, elementwise_affine=True)
              (ffn): Sequential(
                (0): Linear(in_features=128, out_features=384, bias=True)
                (1): GELU(approximate='none')
                (2): Linear(in_features=384, out_features=128, bias=True)
              )
            )
          )
        )
        (conv1): Conv2d(1, 128, kernel_size=(7, 7), stride=(1, 1), padding=(3, 3))
        (guidance_projection): Sequential(
          (0): Conv2d(512, 128, kernel_size=(3, 3), stride=(1, 1), padding=(1, 1))
          (1): ReLU()
        )
        (text_guidance_projection): Sequential(
          (0): Linear(in_features=512, out_features=128, bias=True)
          (1): ReLU()
        )
        (decoder_guidance_projection): ModuleList(
          (0): Sequential(
            (0): Conv2d(256, 32, kernel_size=(3, 3), stride=(1, 1), padding=(1, 1))
            (1): ReLU()
          )
          (1): Sequential(
            (0): Conv2d(128, 16, kernel_size=(3, 3), stride=(1, 1), padding=(1, 1))
            (1): ReLU()
          )
        )
        (decoder1): UpLite(
          (up): ConvTranspose2d(128, 96, kernel_size=(2, 2), stride=(2, 2))
          (conv): Sequential(
            (0): Conv2d(128, 64, kernel_size=(3, 3), stride=(1, 1), padding=(1, 1), bias=False)
            (1): GroupNorm(4, 64, eps=1e-05, affine=True)
            (2): ReLU()
          )
        )
        (decoder2): UpLite(
          (up): ConvTranspose2d(64, 48, kernel_size=(2, 2), stride=(2, 2))
          (conv): Sequential(
            (0): Conv2d(64, 32, kernel_size=(3, 3), stride=(1, 1), padding=(1, 1), bias=False)
            (1): GroupNorm(2, 32, eps=1e-05, affine=True)
            (2): ReLU()
          )
        )
        (head): Conv2d(32, 1, kernel_size=(3, 3), stride=(1, 1), padding=(1, 1))
      )
    )
  )
  (upsample1): ConvTranspose2d(768, 256, kernel_size=(2, 2), stride=(2, 2))
  (upsample2): ConvTranspose2d(768, 128, kernel_size=(4, 4), stride=(4, 4))
)
[12/10 02:13:53 fvcore.common.checkpoint]: [Checkpointer] Loading from outputs/gta_seen7_eva_b16_r512/model_0019999.pth ...
[12/10 02:13:54 d2.data.dataset_mapper]: [DatasetMapper] Augmentations used in inference: [ResizeShortestEdge(short_edge_length=(512, 512), max_size=1024, sample_style='choice')]
[12/10 02:13:54 d2.data.common]: Serializing 500 elements to byte tensors and concatenating them all ...
[12/10 02:13:54 d2.data.common]: Serialized dataset takes 0.15 MiB
[12/10 02:13:54 d2.evaluation.evaluator]: Start inference on 500 batches
Add a new rope freq of shape: torch.Size([1024, 64])
[12/10 02:14:00 d2.evaluation.evaluator]: Inference done 11/500. Dataloading: 0.0018 s/iter. Inference: 0.0986 s/iter. Eval: 0.3013 s/iter. Total: 0.4016 s/iter. ETA=0:03:16
[12/10 02:14:05 d2.evaluation.evaluator]: Inference done 26/500. Dataloading: 0.0018 s/iter. Inference: 0.0783 s/iter. Eval: 0.2806 s/iter. Total: 0.3608 s/iter. ETA=0:02:51
[12/10 02:14:11 d2.evaluation.evaluator]: Inference done 42/500. Dataloading: 0.0019 s/iter. Inference: 0.0740 s/iter. Eval: 0.2695 s/iter. Total: 0.3455 s/iter. ETA=0:02:38
[12/10 02:14:16 d2.evaluation.evaluator]: Inference done 58/500. Dataloading: 0.0019 s/iter. Inference: 0.0722 s/iter. Eval: 0.2664 s/iter. Total: 0.3406 s/iter. ETA=0:02:30
[12/10 02:14:21 d2.evaluation.evaluator]: Inference done 74/500. Dataloading: 0.0019 s/iter. Inference: 0.0713 s/iter. Eval: 0.2656 s/iter. Total: 0.3389 s/iter. ETA=0:02:24
[12/10 02:14:26 d2.evaluation.evaluator]: Inference done 91/500. Dataloading: 0.0019 s/iter. Inference: 0.0710 s/iter. Eval: 0.2603 s/iter. Total: 0.3334 s/iter. ETA=0:02:16
[12/10 02:14:32 d2.evaluation.evaluator]: Inference done 107/500. Dataloading: 0.0019 s/iter. Inference: 0.0707 s/iter. Eval: 0.2585 s/iter. Total: 0.3312 s/iter. ETA=0:02:10
[12/10 02:14:37 d2.evaluation.evaluator]: Inference done 124/500. Dataloading: 0.0020 s/iter. Inference: 0.0705 s/iter. Eval: 0.2554 s/iter. Total: 0.3280 s/iter. ETA=0:02:03
[12/10 02:14:42 d2.evaluation.evaluator]: Inference done 140/500. Dataloading: 0.0020 s/iter. Inference: 0.0703 s/iter. Eval: 0.2556 s/iter. Total: 0.3279 s/iter. ETA=0:01:58
[12/10 02:14:47 d2.evaluation.evaluator]: Inference done 156/500. Dataloading: 0.0020 s/iter. Inference: 0.0700 s/iter. Eval: 0.2549 s/iter. Total: 0.3269 s/iter. ETA=0:01:52
[12/10 02:14:52 d2.evaluation.evaluator]: Inference done 172/500. Dataloading: 0.0020 s/iter. Inference: 0.0698 s/iter. Eval: 0.2548 s/iter. Total: 0.3266 s/iter. ETA=0:01:47
[12/10 02:14:58 d2.evaluation.evaluator]: Inference done 189/500. Dataloading: 0.0020 s/iter. Inference: 0.0695 s/iter. Eval: 0.2535 s/iter. Total: 0.3251 s/iter. ETA=0:01:41
[12/10 02:15:03 d2.evaluation.evaluator]: Inference done 205/500. Dataloading: 0.0020 s/iter. Inference: 0.0693 s/iter. Eval: 0.2531 s/iter. Total: 0.3244 s/iter. ETA=0:01:35
[12/10 02:15:08 d2.evaluation.evaluator]: Inference done 221/500. Dataloading: 0.0020 s/iter. Inference: 0.0692 s/iter. Eval: 0.2531 s/iter. Total: 0.3244 s/iter. ETA=0:01:30
[12/10 02:15:13 d2.evaluation.evaluator]: Inference done 237/500. Dataloading: 0.0020 s/iter. Inference: 0.0690 s/iter. Eval: 0.2529 s/iter. Total: 0.3240 s/iter. ETA=0:01:25
[12/10 02:15:18 d2.evaluation.evaluator]: Inference done 254/500. Dataloading: 0.0020 s/iter. Inference: 0.0689 s/iter. Eval: 0.2522 s/iter. Total: 0.3232 s/iter. ETA=0:01:19
[12/10 02:15:24 d2.evaluation.evaluator]: Inference done 270/500. Dataloading: 0.0020 s/iter. Inference: 0.0688 s/iter. Eval: 0.2528 s/iter. Total: 0.3237 s/iter. ETA=0:01:14
[12/10 02:15:29 d2.evaluation.evaluator]: Inference done 286/500. Dataloading: 0.0020 s/iter. Inference: 0.0688 s/iter. Eval: 0.2527 s/iter. Total: 0.3236 s/iter. ETA=0:01:09
[12/10 02:15:34 d2.evaluation.evaluator]: Inference done 304/500. Dataloading: 0.0020 s/iter. Inference: 0.0688 s/iter. Eval: 0.2507 s/iter. Total: 0.3216 s/iter. ETA=0:01:03
[12/10 02:15:39 d2.evaluation.evaluator]: Inference done 322/500. Dataloading: 0.0020 s/iter. Inference: 0.0688 s/iter. Eval: 0.2484 s/iter. Total: 0.3192 s/iter. ETA=0:00:56
[12/10 02:15:44 d2.evaluation.evaluator]: Inference done 340/500. Dataloading: 0.0020 s/iter. Inference: 0.0688 s/iter. Eval: 0.2467 s/iter. Total: 0.3176 s/iter. ETA=0:00:50
[12/10 02:15:49 d2.evaluation.evaluator]: Inference done 357/500. Dataloading: 0.0020 s/iter. Inference: 0.0689 s/iter. Eval: 0.2458 s/iter. Total: 0.3168 s/iter. ETA=0:00:45
[12/10 02:15:54 d2.evaluation.evaluator]: Inference done 373/500. Dataloading: 0.0020 s/iter. Inference: 0.0690 s/iter. Eval: 0.2456 s/iter. Total: 0.3166 s/iter. ETA=0:00:40
[12/10 02:15:59 d2.evaluation.evaluator]: Inference done 390/500. Dataloading: 0.0020 s/iter. Inference: 0.0690 s/iter. Eval: 0.2451 s/iter. Total: 0.3162 s/iter. ETA=0:00:34
[12/10 02:16:05 d2.evaluation.evaluator]: Inference done 407/500. Dataloading: 0.0020 s/iter. Inference: 0.0690 s/iter. Eval: 0.2449 s/iter. Total: 0.3159 s/iter. ETA=0:00:29
[12/10 02:16:10 d2.evaluation.evaluator]: Inference done 423/500. Dataloading: 0.0020 s/iter. Inference: 0.0691 s/iter. Eval: 0.2447 s/iter. Total: 0.3159 s/iter. ETA=0:00:24
[12/10 02:16:15 d2.evaluation.evaluator]: Inference done 439/500. Dataloading: 0.0020 s/iter. Inference: 0.0691 s/iter. Eval: 0.2450 s/iter. Total: 0.3162 s/iter. ETA=0:00:19
[12/10 02:16:20 d2.evaluation.evaluator]: Inference done 455/500. Dataloading: 0.0020 s/iter. Inference: 0.0691 s/iter. Eval: 0.2452 s/iter. Total: 0.3164 s/iter. ETA=0:00:14
[12/10 02:16:25 d2.evaluation.evaluator]: Inference done 473/500. Dataloading: 0.0020 s/iter. Inference: 0.0691 s/iter. Eval: 0.2437 s/iter. Total: 0.3149 s/iter. ETA=0:00:08
[12/10 02:16:30 d2.evaluation.evaluator]: Inference done 491/500. Dataloading: 0.0020 s/iter. Inference: 0.0691 s/iter. Eval: 0.2428 s/iter. Total: 0.3140 s/iter. ETA=0:00:02
[12/10 02:16:33 d2.evaluation.evaluator]: Total inference time: 0:02:35.487560 (0.314116 s / iter per device, on 1 devices)
[12/10 02:16:33 d2.evaluation.evaluator]: Total inference pure compute time: 0:00:34 (0.069140 s / iter per device, on 1 devices)
[12/10 02:16:33 d2.evaluation.sem_seg_evaluation]: OrderedDict([('sem_seg', {'mIoU': 48.73458335193151, 'fwIoU': 82.3348346221561, 'IoU-road': 90.3816929927808, 'IoU-sidewalk': 49.51405409994713, 'IoU-building': 86.82972909852772, 'IoU-wall': 48.342073188731824, 'IoU-fence': 30.23383186424895, 'IoU-pole': 21.781067650089916, 'IoU-traffic light': 22.909233046235915, 'IoU-traffic sign': 20.496576318952695, 'IoU-vegetation': 86.98037101993569, 'IoU-terrain': 36.35455652344452, 'IoU-sky': 87.86741117941999, 'IoU-person': 65.31647271639183, 'IoU-rider': 5.680537814872931, 'IoU-car': 85.11194769973342, 'IoU-truck': 39.42445021434797, 'IoU-bus': 54.100042547198576, 'IoU-train': 0.0, 'IoU-motorcycle': 36.66299917357689, 'IoU-bicycle': 57.97003653826206, 'mACC': 61.27283045798107, 'pACC': 89.63291477248366, 'ACC-road': 94.40229968647428, 'ACC-sidewalk': 70.23897990066342, 'ACC-building': 94.877167786401, 'ACC-wall': 62.620077460209764, 'ACC-fence': 39.478561498383385, 'ACC-pole': 24.32383516521593, 'ACC-traffic light': 29.665116617577493, 'ACC-traffic sign': 21.057996912465466, 'ACC-vegetation': 94.59243529194487, 'ACC-terrain': 46.6696730037963, 'ACC-sky': 98.51151096623028, 'ACC-person': 78.85145876123441, 'ACC-rider': 6.125062990251926, 'ACC-car': 89.91114234135972, 'ACC-truck': 87.28914379447706, 'ACC-bus': 91.93674057277019, 'ACC-train': 0.0, 'ACC-motorcycle': 60.986157033297204, 'ACC-bicycle': 72.64641891888773})])
[12/10 02:16:33 d2.engine.defaults]: Evaluation results for cityscapes19_val in csv format:
[12/10 02:16:33 d2.evaluation.testing]: copypaste: Task: sem_seg
[12/10 02:16:33 d2.evaluation.testing]: copypaste: mIoU,fwIoU,mACC,pACC
[12/10 02:16:33 d2.evaluation.testing]: copypaste: 48.7346,82.3348,61.2728,89.6329
/data/zd/TTA_VLM/S2_Corr/train_net.py:16: FutureWarning: In the future `np.bool` will be defined as the corresponding NumPy scalar.
  if not hasattr(np, _name):
/data/zd/TTA_VLM/S2_Corr/train_net.py:16: FutureWarning: In the future `np.object` will be defined as the corresponding NumPy scalar.
  if not hasattr(np, _name):
/data/zd/TTA_VLM/S2_Corr/train_net.py:18: FutureWarning: In the future `np.long` will be defined as the corresponding NumPy scalar.
  if not hasattr(np, "long"):
/data2/anaconda3/envs/DeCLIP_CATSeg/lib/python3.10/site-packages/torchvision/datapoints/__init__.py:12: UserWarning: The torchvision.datapoints and torchvision.transforms.v2 namespaces are still Beta. While we do not expect major breaking changes, some APIs may still change according to user feedback. Please submit any feedback you may have in this issue: https://github.com/pytorch/vision/issues/6753, and you can also check out https://github.com/pytorch/vision/issues/7319 to learn more about the APIs that we suspect might involve future changes. You can silence this warning by calling torchvision.disable_beta_transforms_warning().
  warnings.warn(_BETA_TRANSFORMS_WARNING)
/data2/anaconda3/envs/DeCLIP_CATSeg/lib/python3.10/site-packages/torchvision/transforms/v2/__init__.py:54: UserWarning: The torchvision.datapoints and torchvision.transforms.v2 namespaces are still Beta. While we do not expect major breaking changes, some APIs may still change according to user feedback. Please submit any feedback you may have in this issue: https://github.com/pytorch/vision/issues/6753, and you can also check out https://github.com/pytorch/vision/issues/7319 to learn more about the APIs that we suspect might involve future changes. You can silence this warning by calling torchvision.disable_beta_transforms_warning().
  warnings.warn(_BETA_TRANSFORMS_WARNING)
Please 'pip install apex'
Command Line Args: Namespace(config_file='configs/gta5_seen7_catseg.yaml', resume=False, eval_only=True, num_gpus=1, num_machines=1, machine_rank=0, dist_url='auto', opts=['OUTPUT_DIR', 'outputs/gta_seen7_eva_b16_r512/eval', 'MODEL.SEM_SEG_HEAD.TEST_CLASS_JSON', 'datasets/cityscapes_19.json', 'MODEL.SEM_SEG_HEAD.ENABLE_HIGH_RES', 'False', 'DATASETS.TEST', '("ACDC_train_seg",)', 'TEST.SLIDING_WINDOW', 'True', 'MODEL.SEM_SEG_HEAD.POOLING_SIZES', '[1,1]', 'MODEL.WEIGHTS', 'outputs/gta_seen7_eva_b16_r512/model_0019999.pth'])
[12/10 02:16:38 detectron2]: Rank of current process: 0. World size: 1
[12/10 02:16:38 detectron2]: Environment info:
----------------------  ------------------------------------------------------------------------------------------
sys.platform            linux
Python                  3.10.0 (default, Mar  3 2022, 09:58:08) [GCC 7.5.0]
numpy                   1.26.4
detectron2              0.6 @/data2/anaconda3/envs/DeCLIP_CATSeg/lib/python3.10/site-packages/detectron2
Compiler                GCC 7.5
CUDA compiler           CUDA 11.6
detectron2 arch flags   8.0
DETECTRON2_ENV_MODULE   <not set>
PyTorch                 2.0.0+cu117 @/data2/anaconda3/envs/DeCLIP_CATSeg/lib/python3.10/site-packages/torch
PyTorch debug build     False
GPU available           Yes
GPU 0                   GeForce RTX 3090 (arch=8.6)
Driver version          460.84
CUDA_HOME               /usr/local/cuda-11.6
TORCH_CUDA_ARCH_LIST    8.0
Pillow                  9.1.0
torchvision             0.15.1+cu117 @/data2/anaconda3/envs/DeCLIP_CATSeg/lib/python3.10/site-packages/torchvision
torchvision arch flags  3.5, 5.0, 6.0, 7.0, 7.5, 8.0, 8.6
fvcore                  0.1.5.post20221221
iopath                  0.1.9
cv2                     4.11.0
----------------------  ------------------------------------------------------------------------------------------
PyTorch built with:
  - GCC 9.3
  - C++ Version: 201703
  - Intel(R) oneAPI Math Kernel Library Version 2022.2-Product Build 20220804 for Intel(R) 64 architecture applications
  - Intel(R) MKL-DNN v2.7.3 (Git Hash 6dbeffbae1f23cbbeae17adb7b5b13f1f37c080e)
  - OpenMP 201511 (a.k.a. OpenMP 4.5)
  - LAPACK is enabled (usually provided by MKL)
  - NNPACK is enabled
  - CPU capability usage: AVX2
  - CUDA Runtime 11.7
  - NVCC architecture flags: -gencode;arch=compute_37,code=sm_37;-gencode;arch=compute_50,code=sm_50;-gencode;arch=compute_60,code=sm_60;-gencode;arch=compute_70,code=sm_70;-gencode;arch=compute_75,code=sm_75;-gencode;arch=compute_80,code=sm_80;-gencode;arch=compute_86,code=sm_86
  - CuDNN 8.5
  - Magma 2.6.1
  - Build settings: BLAS_INFO=mkl, BUILD_TYPE=Release, CUDA_VERSION=11.7, CUDNN_VERSION=8.5.0, CXX_COMPILER=/opt/rh/devtoolset-9/root/usr/bin/c++, CXX_FLAGS= -D_GLIBCXX_USE_CXX11_ABI=0 -fabi-version=11 -Wno-deprecated -fvisibility-inlines-hidden -DUSE_PTHREADPOOL -DNDEBUG -DUSE_KINETO -DLIBKINETO_NOROCTRACER -DUSE_FBGEMM -DUSE_QNNPACK -DUSE_PYTORCH_QNNPACK -DUSE_XNNPACK -DSYMBOLICATE_MOBILE_DEBUG_HANDLE -O2 -fPIC -Wall -Wextra -Werror=return-type -Werror=non-virtual-dtor -Werror=bool-operation -Wnarrowing -Wno-missing-field-initializers -Wno-type-limits -Wno-array-bounds -Wno-unknown-pragmas -Wunused-local-typedefs -Wno-unused-parameter -Wno-unused-function -Wno-unused-result -Wno-strict-overflow -Wno-strict-aliasing -Wno-error=deprecated-declarations -Wno-stringop-overflow -Wno-psabi -Wno-error=pedantic -Wno-error=redundant-decls -Wno-error=old-style-cast -fdiagnostics-color=always -faligned-new -Wno-unused-but-set-variable -Wno-maybe-uninitialized -fno-math-errno -fno-trapping-math -Werror=format -Werror=cast-function-type -Wno-stringop-overflow, LAPACK_INFO=mkl, PERF_WITH_AVX=1, PERF_WITH_AVX2=1, PERF_WITH_AVX512=1, TORCH_DISABLE_GPU_ASSERTS=ON, TORCH_VERSION=2.0.0, USE_CUDA=ON, USE_CUDNN=ON, USE_EXCEPTION_PTR=1, USE_GFLAGS=OFF, USE_GLOG=OFF, USE_MKL=ON, USE_MKLDNN=ON, USE_MPI=OFF, USE_NCCL=1, USE_NNPACK=ON, USE_OPENMP=ON, USE_ROCM=OFF, 

[12/10 02:16:38 detectron2]: Command line arguments: Namespace(config_file='configs/gta5_seen7_catseg.yaml', resume=False, eval_only=True, num_gpus=1, num_machines=1, machine_rank=0, dist_url='auto', opts=['OUTPUT_DIR', 'outputs/gta_seen7_eva_b16_r512/eval', 'MODEL.SEM_SEG_HEAD.TEST_CLASS_JSON', 'datasets/cityscapes_19.json', 'MODEL.SEM_SEG_HEAD.ENABLE_HIGH_RES', 'False', 'DATASETS.TEST', '("ACDC_train_seg",)', 'TEST.SLIDING_WINDOW', 'True', 'MODEL.SEM_SEG_HEAD.POOLING_SIZES', '[1,1]', 'MODEL.WEIGHTS', 'outputs/gta_seen7_eva_b16_r512/model_0019999.pth'])
[12/10 02:16:38 detectron2]: Contents of args.config_file=configs/gta5_seen7_catseg.yaml:
_BASE_: config.yaml
DATASETS:
  TRAIN: ("gta5_seen7_train_seg",)
  TEST:  ("acdc_inpaint41_test",)
MODEL:
  META_ARCHITECTURE: "CATSeg"
  PIXEL_MEAN: [123.675, 116.280, 103.530]
  PIXEL_STD: [58.395, 57.120, 57.375]
  SEM_SEG_HEAD:
    NAME: "CATSegHead"
    IN_FEATURES: [ "res2", "res3", "res4" ]
    IGNORE_VALUE: 255
    NUM_CLASSES: 19
    TRAIN_CLASS_JSON: "datasets/cityscapes_seen_7.json"
    TEST_CLASS_JSON:  "datasets/inpaint41_vocab.json"
    CLIP_PRETRAINED: "EVA02-CLIP-B-16"
    PROMPT_DEPTH: 0
    PROMPT_LENGTH: 0
    TEXT_GUIDANCE_DIM: 512
    TEXT_GUIDANCE_PROJ_DIM: 128
    APPEARANCE_GUIDANCE_DIM: 512
    APPEARANCE_GUIDANCE_PROJ_DIM: 128
    DECODER_DIMS: [ 64, 32 ]
    DECODER_GUIDANCE_DIMS: [ 256, 128 ]
    DECODER_GUIDANCE_PROJ_DIMS: [ 32, 16 ]
    NUM_LAYERS: 1
    NUM_HEADS: 4
    HIDDEN_DIMS: 128
    POOLING_SIZES: [ 1, 1 ]
    FEATURE_RESOLUTION: [ 32, 32 ]
    WINDOW_SIZES: 16
    ATTENTION_TYPE: "linear"
    CLIP_FINETUNE: "vision_text"
    CACHE_DIR: "/data/zd/TTA_VLM/DeCLIP-ZSSS/Pretrain/EVA02_CLIP_B_psz16_s8B.pt"
    ENABLE_HIGH_RES: "False"
  PROMPT_ENSEMBLE_TYPE: "multi_domain"
INPUT:
  MIN_SIZE_TRAIN: (512, 768)
  MIN_SIZE_TRAIN_SAMPLING: "choice"
  MAX_SIZE_TRAIN: 1024
  MIN_SIZE_TEST: 512
  MAX_SIZE_TEST: 1024
  CROP:
    ENABLED: True
    TYPE: "absolute"
    SIZE: (512, 512)
  SIZE_DIVISIBILITY: 32
  FORMAT: "RGB"
  DATASET_MAPPER_NAME: "mask_former_semantic"
SOLVER:
  IMS_PER_BATCH: 4
  LR_SCHEDULER_NAME: "WarmupCosineLR"
  BASE_LR: 0.0002
  MAX_ITER: 20000
  BACKBONE_MULTIPLIER: 0.0
  CLIP_MULTIPLIER: 0.01
TEST:
  EVAL_PERIOD: 5000
  SLIDING_WINDOW: True
  SW_KERNEL: 512
  SW_OVERLAP: 0.333
  SW_OUT_RES: [512, 1024]
[12/10 02:16:38 detectron2]: Running with full config:
CUDNN_BENCHMARK: true
DATALOADER:
  ASPECT_RATIO_GROUPING: true
  FILTER_EMPTY_ANNOTATIONS: true
  NUM_WORKERS: 8
  REPEAT_THRESHOLD: 0.0
  SAMPLER_TRAIN: TrainingSampler
DATASETS:
  PRECOMPUTED_PROPOSAL_TOPK_TEST: 1000
  PRECOMPUTED_PROPOSAL_TOPK_TRAIN: 2000
  PROPOSAL_FILES_TEST: []
  PROPOSAL_FILES_TRAIN: []
  TEST:
  - ACDC_train_seg
  TRAIN:
  - gta5_seen7_train_seg
  VAL_ALL:
  - coco_2017_val_all_stuff_sem_seg
DDP:
  BROADCAST_BUFFERS: false
  FIND_UNUSED_PARAMETERS: true
GLOBAL:
  HACK: 1.0
INPUT:
  COLOR_AUG_SSD: true
  CROP:
    ENABLED: true
    SINGLE_CATEGORY_MAX_AREA: 1.0
    SIZE:
    - 512
    - 512
    TYPE: absolute
  DATASET_MAPPER_NAME: mask_former_semantic
  FORMAT: RGB
  MASK_FORMAT: polygon
  MAX_SIZE_TEST: 1024
  MAX_SIZE_TRAIN: 1024
  MIN_SIZE_TEST: 512
  MIN_SIZE_TRAIN:
  - 512
  - 768
  MIN_SIZE_TRAIN_SAMPLING: choice
  RANDOM_FLIP: horizontal
  SIZE_DIVISIBILITY: 32
MODEL:
  ANCHOR_GENERATOR:
    ANGLES:
    - - -90
      - 0
      - 90
    ASPECT_RATIOS:
    - - 0.5
      - 1.0
      - 2.0
    NAME: DefaultAnchorGenerator
    OFFSET: 0.0
    SIZES:
    - - 32
      - 64
      - 128
      - 256
      - 512
  BACKBONE:
    FREEZE_AT: 2
    NAME: build_resnet_backbone
  CLIP_PIXEL_MEAN:
  - 122.7709383
  - 116.7460125
  - 104.09373615
  CLIP_PIXEL_STD:
  - 68.5005327
  - 66.6321579
  - 70.323163
  DEVICE: cuda
  FPN:
    FUSE_TYPE: sum
    IN_FEATURES: []
    NORM: ''
    OUT_CHANNELS: 256
  KEYPOINT_ON: false
  LOAD_PROPOSALS: false
  MASK_FORMER:
    SIZE_DIVISIBILITY: 32
  MASK_ON: false
  META_ARCHITECTURE: CATSeg
  PANOPTIC_FPN:
    COMBINE:
      ENABLED: true
      INSTANCES_CONFIDENCE_THRESH: 0.5
      OVERLAP_THRESH: 0.5
      STUFF_AREA_LIMIT: 4096
    INSTANCE_LOSS_WEIGHT: 1.0
  PIXEL_MEAN:
  - 123.675
  - 116.28
  - 103.53
  PIXEL_STD:
  - 58.395
  - 57.12
  - 57.375
  PROMPT_ENSEMBLE: false
  PROMPT_ENSEMBLE_TYPE: multi_domain
  PROPOSAL_GENERATOR:
    MIN_SIZE: 0
    NAME: RPN
  RESNETS:
    DEFORM_MODULATED: false
    DEFORM_NUM_GROUPS: 1
    DEFORM_ON_PER_STAGE:
    - false
    - false
    - false
    - false
    DEPTH: 50
    NORM: FrozenBN
    NUM_GROUPS: 1
    OUT_FEATURES:
    - res4
    RES2_OUT_CHANNELS: 256
    RES4_DILATION: 1
    RES5_DILATION: 1
    RES5_MULTI_GRID:
    - 1
    - 2
    - 4
    STEM_OUT_CHANNELS: 64
    STEM_TYPE: deeplab
    STRIDE_IN_1X1: true
    WIDTH_PER_GROUP: 64
  RETINANET:
    BBOX_REG_LOSS_TYPE: smooth_l1
    BBOX_REG_WEIGHTS: &id002
    - 1.0
    - 1.0
    - 1.0
    - 1.0
    FOCAL_LOSS_ALPHA: 0.25
    FOCAL_LOSS_GAMMA: 2.0
    IN_FEATURES:
    - p3
    - p4
    - p5
    - p6
    - p7
    IOU_LABELS:
    - 0
    - -1
    - 1
    IOU_THRESHOLDS:
    - 0.4
    - 0.5
    NMS_THRESH_TEST: 0.5
    NORM: ''
    NUM_CLASSES: 80
    NUM_CONVS: 4
    PRIOR_PROB: 0.01
    SCORE_THRESH_TEST: 0.05
    SMOOTH_L1_LOSS_BETA: 0.1
    TOPK_CANDIDATES_TEST: 1000
  ROI_BOX_CASCADE_HEAD:
    BBOX_REG_WEIGHTS:
    - &id001
      - 10.0
      - 10.0
      - 5.0
      - 5.0
    - - 20.0
      - 20.0
      - 10.0
      - 10.0
    - - 30.0
      - 30.0
      - 15.0
      - 15.0
    IOUS:
    - 0.5
    - 0.6
    - 0.7
  ROI_BOX_HEAD:
    BBOX_REG_LOSS_TYPE: smooth_l1
    BBOX_REG_LOSS_WEIGHT: 1.0
    BBOX_REG_WEIGHTS: *id001
    CLS_AGNOSTIC_BBOX_REG: false
    CONV_DIM: 256
    FC_DIM: 1024
    NAME: ''
    NORM: ''
    NUM_CONV: 0
    NUM_FC: 0
    POOLER_RESOLUTION: 14
    POOLER_SAMPLING_RATIO: 0
    POOLER_TYPE: ROIAlignV2
    SMOOTH_L1_BETA: 0.0
    TRAIN_ON_PRED_BOXES: false
  ROI_HEADS:
    BATCH_SIZE_PER_IMAGE: 512
    IN_FEATURES:
    - res4
    IOU_LABELS:
    - 0
    - 1
    IOU_THRESHOLDS:
    - 0.5
    NAME: Res5ROIHeads
    NMS_THRESH_TEST: 0.5
    NUM_CLASSES: 80
    POSITIVE_FRACTION: 0.25
    PROPOSAL_APPEND_GT: true
    SCORE_THRESH_TEST: 0.05
  ROI_KEYPOINT_HEAD:
    CONV_DIMS:
    - 512
    - 512
    - 512
    - 512
    - 512
    - 512
    - 512
    - 512
    LOSS_WEIGHT: 1.0
    MIN_KEYPOINTS_PER_IMAGE: 1
    NAME: KRCNNConvDeconvUpsampleHead
    NORMALIZE_LOSS_BY_VISIBLE_KEYPOINTS: true
    NUM_KEYPOINTS: 17
    POOLER_RESOLUTION: 14
    POOLER_SAMPLING_RATIO: 0
    POOLER_TYPE: ROIAlignV2
  ROI_MASK_HEAD:
    CLS_AGNOSTIC_MASK: false
    CONV_DIM: 256
    NAME: MaskRCNNConvUpsampleHead
    NORM: ''
    NUM_CONV: 0
    POOLER_RESOLUTION: 14
    POOLER_SAMPLING_RATIO: 0
    POOLER_TYPE: ROIAlignV2
  RPN:
    BATCH_SIZE_PER_IMAGE: 256
    BBOX_REG_LOSS_TYPE: smooth_l1
    BBOX_REG_LOSS_WEIGHT: 1.0
    BBOX_REG_WEIGHTS: *id002
    BOUNDARY_THRESH: -1
    CONV_DIMS:
    - -1
    HEAD_NAME: StandardRPNHead
    IN_FEATURES:
    - res4
    IOU_LABELS:
    - 0
    - -1
    - 1
    IOU_THRESHOLDS:
    - 0.3
    - 0.7
    LOSS_WEIGHT: 1.0
    NMS_THRESH: 0.7
    POSITIVE_FRACTION: 0.5
    POST_NMS_TOPK_TEST: 1000
    POST_NMS_TOPK_TRAIN: 2000
    PRE_NMS_TOPK_TEST: 6000
    PRE_NMS_TOPK_TRAIN: 12000
    SMOOTH_L1_BETA: 0.0
  SEM_SEG_HEAD:
    APPEARANCE_GUIDANCE_DIM: 512
    APPEARANCE_GUIDANCE_PROJ_DIM: 128
    ASPP_CHANNELS: 256
    ASPP_DILATIONS:
    - 6
    - 12
    - 18
    ASPP_DROPOUT: 0.1
    ATTENTION_TYPE: linear
    CACHE_DIR: /data/zd/TTA_VLM/DeCLIP-ZSSS/Pretrain/EVA02_CLIP_B_psz16_s8B.pt
    CLIP_FINETUNE: vision_text
    CLIP_PRETRAINED: EVA02-CLIP-B-16
    COMMON_STRIDE: 4
    CONVS_DIM: 128
    DECODER_DIMS:
    - 64
    - 32
    DECODER_GUIDANCE_DIMS:
    - 256
    - 128
    DECODER_GUIDANCE_PROJ_DIMS:
    - 32
    - 16
    ENABLE_HIGH_RES: false
    FEATURE_RESOLUTION:
    - 32
    - 32
    HIDDEN_DIMS: 128
    IGNORE_VALUE: 255
    IN_FEATURES:
    - res2
    - res3
    - res4
    LOSS_TYPE: hard_pixel_mining
    LOSS_WEIGHT: 1.0
    NAME: CATSegHead
    NORM: GN
    NUM_CLASSES: 19
    NUM_HEADS: 4
    NUM_LAYERS: 1
    POOLING_SIZES:
    - 1
    - 1
    PROJECT_CHANNELS:
    - 48
    PROJECT_FEATURES:
    - res2
    PROMPT_DEPTH: 0
    PROMPT_LENGTH: 0
    TEST_CLASS_INDEXES: datasets/coco/coco_stuff/split/unseen_indexes.json
    TEST_CLASS_JSON: datasets/cityscapes_19.json
    TEXT_GUIDANCE_DIM: 512
    TEXT_GUIDANCE_PROJ_DIM: 128
    TRAIN_CLASS_INDEXES: datasets/coco/coco_stuff/split/seen_indexes.json
    TRAIN_CLASS_JSON: datasets/cityscapes_seen_7.json
    USE_DEPTHWISE_SEPARABLE_CONV: false
    WINDOW_SIZES: 16
  SWIN:
    APE: false
    ATTN_DROP_RATE: 0.0
    DEPTHS:
    - 2
    - 2
    - 6
    - 2
    DROP_PATH_RATE: 0.3
    DROP_RATE: 0.0
    EMBED_DIM: 96
    MLP_RATIO: 4.0
    NUM_HEADS:
    - 3
    - 6
    - 12
    - 24
    OUT_FEATURES:
    - res2
    - res3
    - res4
    - res5
    PATCH_NORM: true
    PATCH_SIZE: 4
    PRETRAIN_IMG_SIZE: 224
    QKV_BIAS: true
    QK_SCALE: null
    WINDOW_SIZE: 7
  WEIGHTS: outputs/gta_seen7_eva_b16_r512/model_0019999.pth
OUTPUT_DIR: outputs/gta_seen7_eva_b16_r512/eval
SEED: -1
SOLVER:
  AMP:
    ENABLED: false
  BACKBONE_MULTIPLIER: 0.0
  BASE_LR: 0.0002
  BIAS_LR_FACTOR: 1.0
  CHECKPOINT_PERIOD: 5000
  CLIP_GRADIENTS:
    CLIP_TYPE: full_model
    CLIP_VALUE: 0.01
    ENABLED: true
    NORM_TYPE: 2.0
  CLIP_MULTIPLIER: 0.01
  GAMMA: 0.1
  IMS_PER_BATCH: 4
  LR_SCHEDULER_NAME: WarmupCosineLR
  MAX_ITER: 20000
  MOMENTUM: 0.9
  NESTEROV: false
  OPTIMIZER: ADAMW
  POLY_LR_CONSTANT_ENDING: 0.0
  POLY_LR_POWER: 0.9
  REFERENCE_WORLD_SIZE: 0
  STEPS:
  - 30000
  WARMUP_FACTOR: 1.0
  WARMUP_ITERS: 0
  WARMUP_METHOD: linear
  WEIGHT_DECAY: 0.0001
  WEIGHT_DECAY_BIAS: null
  WEIGHT_DECAY_EMBED: 0.0
  WEIGHT_DECAY_NORM: 0.0
TEST:
  AUG:
    ENABLED: false
    FLIP: true
    MAX_SIZE: 4000
    MIN_SIZES:
    - 400
    - 500
    - 600
    - 700
    - 800
    - 900
    - 1000
    - 1100
    - 1200
  DETECTIONS_PER_IMAGE: 100
  EVAL_PERIOD: 5000
  EXPECTED_RESULTS: []
  KEYPOINT_OKS_SIGMAS: []
  PRECISE_BN:
    ENABLED: false
    NUM_ITER: 200
  SLIDING_WINDOW: true
  SW_KERNEL: 512
  SW_OUT_RES:
  - 512
  - 1024
  SW_OVERLAP: 0.333
VERSION: 2
VIS_PERIOD: 0

[12/10 02:16:38 detectron2]: Full config saved to outputs/gta_seen7_eva_b16_r512/eval/config.yaml
[12/10 02:16:38 d2.utils.env]: Using a generated random seed 39015766
Freeze text encoder parameters
[12/10 02:16:43 d2.engine.defaults]: Model:
CATSeg(
  (sem_seg_head): CATSegHead(
    (predictor): CATSegPredictor(
      (clip_model): CustomCLIP(
        (visual): EVAVisionTransformer(
          (patch_embed): PatchEmbed(
            (proj): Conv2d(3, 768, kernel_size=(16, 16), stride=(16, 16))
          )
          (pos_drop): Dropout(p=0.0, inplace=False)
          (rope): VisionRotaryEmbeddingFast()
          (blocks): ModuleList(
            (0-11): 12 x Block(
              (norm1): LayerNorm((768,), eps=1e-06, elementwise_affine=True)
              (attn): Attention(
                (q_proj): Linear(in_features=768, out_features=768, bias=False)
                (k_proj): Linear(in_features=768, out_features=768, bias=False)
                (v_proj): Linear(in_features=768, out_features=768, bias=False)
                (attn_drop): Dropout(p=0.0, inplace=False)
                (inner_attn_ln): LayerNorm((768,), eps=1e-06, elementwise_affine=True)
                (proj): Linear(in_features=768, out_features=768, bias=True)
                (proj_drop): Dropout(p=0.0, inplace=False)
                (rope): VisionRotaryEmbeddingFast()
              )
              (drop_path): Identity()
              (norm2): LayerNorm((768,), eps=1e-06, elementwise_affine=True)
              (mlp): SwiGLU(
                (w1): Linear(in_features=768, out_features=2048, bias=True)
                (w2): Linear(in_features=768, out_features=2048, bias=True)
                (act): SiLU()
                (ffn_ln): LayerNorm((2048,), eps=1e-06, elementwise_affine=True)
                (w3): Linear(in_features=2048, out_features=768, bias=True)
                (drop): Dropout(p=0.0, inplace=False)
              )
            )
          )
          (norm): LayerNorm((768,), eps=1e-06, elementwise_affine=True)
          (head): Linear(in_features=768, out_features=512, bias=True)
          (patch_dropout): Identity()
        )
        (text): TextTransformer(
          (token_embedding): Embedding(49408, 512)
          (transformer): Transformer(
            (resblocks): ModuleList(
              (0-11): 12 x ResidualAttentionBlock(
                (ln_1): LayerNorm((512,), eps=1e-05, elementwise_affine=True)
                (attn): Attention(
                  (attn_drop): Dropout(p=0.0, inplace=False)
                  (out_proj): Linear(in_features=512, out_features=512, bias=True)
                  (out_drop): Dropout(p=0.0, inplace=False)
                )
                (ls_1): Identity()
                (ln_2): LayerNorm((512,), eps=1e-05, elementwise_affine=True)
                (mlp): Sequential(
                  (c_fc): Linear(in_features=512, out_features=2048, bias=True)
                  (gelu): GELU(approximate='none')
                  (c_proj): Linear(in_features=2048, out_features=512, bias=True)
                )
                (ls_2): Identity()
              )
            )
          )
          (ln_final): LayerNorm((512,), eps=1e-05, elementwise_affine=True)
        )
      )
      (transformer): AggregatorMambaLite(
        (layers): ModuleList(
          (0): Sequential(
            (0): AxialMambaBlockLite_v2(
              (film): FiLM2D(
                (pool): AdaptiveAvgPool2d(output_size=1)
                (fc): Conv2d(128, 256, kernel_size=(1, 1), stride=(1, 1))
              )
              (pre_mix): Sequential(
                (0): Conv2d(128, 128, kernel_size=(3, 3), stride=(1, 1), padding=(1, 1), groups=128)
                (1): Conv2d(128, 128, kernel_size=(1, 1), stride=(1, 1))
                (2): GELU(approximate='none')
              )
              (seq_row): Mamba1DWithDecayPrior(
                (out_norm): LayerNorm((128,), eps=1e-05, elementwise_affine=True)
                (gate): Sequential(
                  (0): Linear(in_features=128, out_features=128, bias=True)
                  (1): SiLU()
                )
                (proj_in): Linear(in_features=128, out_features=384, bias=True)
                (drop): Dropout(p=0.0, inplace=False)
              )
              (post_proj): Conv2d(128, 128, kernel_size=(1, 1), stride=(1, 1))
              (norm_tok): LayerNorm((128,), eps=1e-05, elementwise_affine=True)
              (ffn): Sequential(
                (0): Linear(in_features=128, out_features=384, bias=True)
                (1): GELU(approximate='none')
                (2): Linear(in_features=384, out_features=128, bias=True)
              )
              (down): Identity()
            )
            (1): ClassMambaLayerLite(
              (pool): AvgPool2d(kernel_size=[1, 1], stride=[1, 1], padding=0)
              (guid_proj): Linear(in_features=128, out_features=256, bias=True)
              (seq_block): _Mamba1DAdapterLite(
                (blocks): ModuleList(
                  (0): PseudoMamba1D(
                    (gate): Sequential(
                      (0): Linear(in_features=128, out_features=128, bias=True)
                      (1): SiLU()
                    )
                    (proj_in): Linear(in_features=128, out_features=384, bias=True)
                    (out_norm): LayerNorm((128,), eps=1e-05, elementwise_affine=True)
                    (drop): Dropout(p=0.0, inplace=False)
                  )
                )
                (norm): LayerNorm((128,), eps=1e-05, elementwise_affine=True)
              )
              (norm1): LayerNorm((128,), eps=1e-05, elementwise_affine=True)
              (norm2): LayerNorm((128,), eps=1e-05, elementwise_affine=True)
              (ffn): Sequential(
                (0): Linear(in_features=128, out_features=384, bias=True)
                (1): GELU(approximate='none')
                (2): Linear(in_features=384, out_features=128, bias=True)
              )
            )
          )
        )
        (conv1): Conv2d(1, 128, kernel_size=(7, 7), stride=(1, 1), padding=(3, 3))
        (guidance_projection): Sequential(
          (0): Conv2d(512, 128, kernel_size=(3, 3), stride=(1, 1), padding=(1, 1))
          (1): ReLU()
        )
        (text_guidance_projection): Sequential(
          (0): Linear(in_features=512, out_features=128, bias=True)
          (1): ReLU()
        )
        (decoder_guidance_projection): ModuleList(
          (0): Sequential(
            (0): Conv2d(256, 32, kernel_size=(3, 3), stride=(1, 1), padding=(1, 1))
            (1): ReLU()
          )
          (1): Sequential(
            (0): Conv2d(128, 16, kernel_size=(3, 3), stride=(1, 1), padding=(1, 1))
            (1): ReLU()
          )
        )
        (decoder1): UpLite(
          (up): ConvTranspose2d(128, 96, kernel_size=(2, 2), stride=(2, 2))
          (conv): Sequential(
            (0): Conv2d(128, 64, kernel_size=(3, 3), stride=(1, 1), padding=(1, 1), bias=False)
            (1): GroupNorm(4, 64, eps=1e-05, affine=True)
            (2): ReLU()
          )
        )
        (decoder2): UpLite(
          (up): ConvTranspose2d(64, 48, kernel_size=(2, 2), stride=(2, 2))
          (conv): Sequential(
            (0): Conv2d(64, 32, kernel_size=(3, 3), stride=(1, 1), padding=(1, 1), bias=False)
            (1): GroupNorm(2, 32, eps=1e-05, affine=True)
            (2): ReLU()
          )
        )
        (head): Conv2d(32, 1, kernel_size=(3, 3), stride=(1, 1), padding=(1, 1))
      )
    )
  )
  (upsample1): ConvTranspose2d(768, 256, kernel_size=(2, 2), stride=(2, 2))
  (upsample2): ConvTranspose2d(768, 128, kernel_size=(4, 4), stride=(4, 4))
)
[12/10 02:16:43 fvcore.common.checkpoint]: [Checkpointer] Loading from outputs/gta_seen7_eva_b16_r512/model_0019999.pth ...
[12/10 02:16:44 d2.data.datasets.coco]: Loaded 1600 images with semantic segmentation from /data/zd/data/ACDC/rgb_anon/train/
[12/10 02:16:44 d2.data.dataset_mapper]: [DatasetMapper] Augmentations used in inference: [ResizeShortestEdge(short_edge_length=(512, 512), max_size=1024, sample_style='choice')]
[12/10 02:16:44 d2.data.common]: Serializing 1600 elements to byte tensors and concatenating them all ...
[12/10 02:16:44 d2.data.common]: Serialized dataset takes 0.29 MiB
[12/10 02:16:44 d2.data.datasets.coco]: Loaded 1600 images with semantic segmentation from /data/zd/data/ACDC/rgb_anon/train/
[12/10 02:16:44 d2.evaluation.evaluator]: Start inference on 1600 batches
Add a new rope freq of shape: torch.Size([1024, 64])
[12/10 02:16:49 d2.evaluation.evaluator]: Inference done 11/1600. Dataloading: 0.0016 s/iter. Inference: 0.0676 s/iter. Eval: 0.1598 s/iter. Total: 0.2291 s/iter. ETA=0:06:04
[12/10 02:16:54 d2.evaluation.evaluator]: Inference done 33/1600. Dataloading: 0.0018 s/iter. Inference: 0.0674 s/iter. Eval: 0.1595 s/iter. Total: 0.2287 s/iter. ETA=0:05:58
[12/10 02:16:59 d2.evaluation.evaluator]: Inference done 56/1600. Dataloading: 0.0019 s/iter. Inference: 0.0679 s/iter. Eval: 0.1561 s/iter. Total: 0.2259 s/iter. ETA=0:05:48
[12/10 02:17:04 d2.evaluation.evaluator]: Inference done 79/1600. Dataloading: 0.0019 s/iter. Inference: 0.0680 s/iter. Eval: 0.1560 s/iter. Total: 0.2260 s/iter. ETA=0:05:43
[12/10 02:17:09 d2.evaluation.evaluator]: Inference done 102/1600. Dataloading: 0.0019 s/iter. Inference: 0.0680 s/iter. Eval: 0.1550 s/iter. Total: 0.2250 s/iter. ETA=0:05:37
[12/10 02:17:14 d2.evaluation.evaluator]: Inference done 126/1600. Dataloading: 0.0019 s/iter. Inference: 0.0679 s/iter. Eval: 0.1534 s/iter. Total: 0.2233 s/iter. ETA=0:05:29
[12/10 02:17:19 d2.evaluation.evaluator]: Inference done 149/1600. Dataloading: 0.0019 s/iter. Inference: 0.0679 s/iter. Eval: 0.1526 s/iter. Total: 0.2225 s/iter. ETA=0:05:22
[12/10 02:17:24 d2.evaluation.evaluator]: Inference done 173/1600. Dataloading: 0.0019 s/iter. Inference: 0.0678 s/iter. Eval: 0.1519 s/iter. Total: 0.2217 s/iter. ETA=0:05:16
[12/10 02:17:30 d2.evaluation.evaluator]: Inference done 197/1600. Dataloading: 0.0020 s/iter. Inference: 0.0679 s/iter. Eval: 0.1513 s/iter. Total: 0.2212 s/iter. ETA=0:05:10
[12/10 02:17:35 d2.evaluation.evaluator]: Inference done 220/1600. Dataloading: 0.0020 s/iter. Inference: 0.0678 s/iter. Eval: 0.1511 s/iter. Total: 0.2209 s/iter. ETA=0:05:04
[12/10 02:17:40 d2.evaluation.evaluator]: Inference done 244/1600. Dataloading: 0.0020 s/iter. Inference: 0.0679 s/iter. Eval: 0.1504 s/iter. Total: 0.2203 s/iter. ETA=0:04:58
[12/10 02:17:45 d2.evaluation.evaluator]: Inference done 268/1600. Dataloading: 0.0020 s/iter. Inference: 0.0679 s/iter. Eval: 0.1500 s/iter. Total: 0.2200 s/iter. ETA=0:04:52
[12/10 02:17:50 d2.evaluation.evaluator]: Inference done 292/1600. Dataloading: 0.0020 s/iter. Inference: 0.0678 s/iter. Eval: 0.1500 s/iter. Total: 0.2198 s/iter. ETA=0:04:47
[12/10 02:17:55 d2.evaluation.evaluator]: Inference done 315/1600. Dataloading: 0.0020 s/iter. Inference: 0.0678 s/iter. Eval: 0.1502 s/iter. Total: 0.2200 s/iter. ETA=0:04:42
[12/10 02:18:00 d2.evaluation.evaluator]: Inference done 338/1600. Dataloading: 0.0020 s/iter. Inference: 0.0678 s/iter. Eval: 0.1500 s/iter. Total: 0.2199 s/iter. ETA=0:04:37
[12/10 02:18:05 d2.evaluation.evaluator]: Inference done 361/1600. Dataloading: 0.0020 s/iter. Inference: 0.0678 s/iter. Eval: 0.1500 s/iter. Total: 0.2198 s/iter. ETA=0:04:32
[12/10 02:18:11 d2.evaluation.evaluator]: Inference done 384/1600. Dataloading: 0.0020 s/iter. Inference: 0.0677 s/iter. Eval: 0.1500 s/iter. Total: 0.2197 s/iter. ETA=0:04:27
[12/10 02:18:16 d2.evaluation.evaluator]: Inference done 407/1600. Dataloading: 0.0020 s/iter. Inference: 0.0677 s/iter. Eval: 0.1499 s/iter. Total: 0.2197 s/iter. ETA=0:04:22
[12/10 02:18:21 d2.evaluation.evaluator]: Inference done 430/1600. Dataloading: 0.0020 s/iter. Inference: 0.0677 s/iter. Eval: 0.1502 s/iter. Total: 0.2199 s/iter. ETA=0:04:17
[12/10 02:18:26 d2.evaluation.evaluator]: Inference done 453/1600. Dataloading: 0.0020 s/iter. Inference: 0.0676 s/iter. Eval: 0.1505 s/iter. Total: 0.2201 s/iter. ETA=0:04:12
[12/10 02:18:31 d2.evaluation.evaluator]: Inference done 476/1600. Dataloading: 0.0020 s/iter. Inference: 0.0676 s/iter. Eval: 0.1505 s/iter. Total: 0.2201 s/iter. ETA=0:04:07
[12/10 02:18:36 d2.evaluation.evaluator]: Inference done 499/1600. Dataloading: 0.0020 s/iter. Inference: 0.0676 s/iter. Eval: 0.1504 s/iter. Total: 0.2200 s/iter. ETA=0:04:02
[12/10 02:18:41 d2.evaluation.evaluator]: Inference done 523/1600. Dataloading: 0.0020 s/iter. Inference: 0.0676 s/iter. Eval: 0.1499 s/iter. Total: 0.2196 s/iter. ETA=0:03:56
[12/10 02:18:46 d2.evaluation.evaluator]: Inference done 547/1600. Dataloading: 0.0020 s/iter. Inference: 0.0675 s/iter. Eval: 0.1499 s/iter. Total: 0.2195 s/iter. ETA=0:03:51
[12/10 02:18:51 d2.evaluation.evaluator]: Inference done 571/1600. Dataloading: 0.0020 s/iter. Inference: 0.0675 s/iter. Eval: 0.1496 s/iter. Total: 0.2192 s/iter. ETA=0:03:45
[12/10 02:18:56 d2.evaluation.evaluator]: Inference done 594/1600. Dataloading: 0.0020 s/iter. Inference: 0.0675 s/iter. Eval: 0.1496 s/iter. Total: 0.2192 s/iter. ETA=0:03:40
[12/10 02:19:01 d2.evaluation.evaluator]: Inference done 618/1600. Dataloading: 0.0020 s/iter. Inference: 0.0674 s/iter. Eval: 0.1495 s/iter. Total: 0.2190 s/iter. ETA=0:03:35
[12/10 02:19:07 d2.evaluation.evaluator]: Inference done 641/1600. Dataloading: 0.0020 s/iter. Inference: 0.0674 s/iter. Eval: 0.1496 s/iter. Total: 0.2191 s/iter. ETA=0:03:30
[12/10 02:19:12 d2.evaluation.evaluator]: Inference done 665/1600. Dataloading: 0.0020 s/iter. Inference: 0.0674 s/iter. Eval: 0.1494 s/iter. Total: 0.2189 s/iter. ETA=0:03:24
[12/10 02:19:17 d2.evaluation.evaluator]: Inference done 689/1600. Dataloading: 0.0020 s/iter. Inference: 0.0674 s/iter. Eval: 0.1494 s/iter. Total: 0.2188 s/iter. ETA=0:03:19
[12/10 02:19:22 d2.evaluation.evaluator]: Inference done 710/1600. Dataloading: 0.0020 s/iter. Inference: 0.0674 s/iter. Eval: 0.1501 s/iter. Total: 0.2195 s/iter. ETA=0:03:15
[12/10 02:19:27 d2.evaluation.evaluator]: Inference done 730/1600. Dataloading: 0.0020 s/iter. Inference: 0.0674 s/iter. Eval: 0.1511 s/iter. Total: 0.2206 s/iter. ETA=0:03:11
[12/10 02:19:32 d2.evaluation.evaluator]: Inference done 751/1600. Dataloading: 0.0020 s/iter. Inference: 0.0675 s/iter. Eval: 0.1517 s/iter. Total: 0.2212 s/iter. ETA=0:03:07
[12/10 02:19:37 d2.evaluation.evaluator]: Inference done 772/1600. Dataloading: 0.0020 s/iter. Inference: 0.0675 s/iter. Eval: 0.1522 s/iter. Total: 0.2218 s/iter. ETA=0:03:03
[12/10 02:19:42 d2.evaluation.evaluator]: Inference done 793/1600. Dataloading: 0.0020 s/iter. Inference: 0.0675 s/iter. Eval: 0.1529 s/iter. Total: 0.2224 s/iter. ETA=0:02:59
[12/10 02:19:48 d2.evaluation.evaluator]: Inference done 814/1600. Dataloading: 0.0020 s/iter. Inference: 0.0675 s/iter. Eval: 0.1534 s/iter. Total: 0.2230 s/iter. ETA=0:02:55
[12/10 02:19:53 d2.evaluation.evaluator]: Inference done 835/1600. Dataloading: 0.0020 s/iter. Inference: 0.0675 s/iter. Eval: 0.1540 s/iter. Total: 0.2235 s/iter. ETA=0:02:50
[12/10 02:19:58 d2.evaluation.evaluator]: Inference done 856/1600. Dataloading: 0.0020 s/iter. Inference: 0.0675 s/iter. Eval: 0.1545 s/iter. Total: 0.2240 s/iter. ETA=0:02:46
[12/10 02:20:03 d2.evaluation.evaluator]: Inference done 877/1600. Dataloading: 0.0020 s/iter. Inference: 0.0675 s/iter. Eval: 0.1550 s/iter. Total: 0.2245 s/iter. ETA=0:02:42
[12/10 02:20:08 d2.evaluation.evaluator]: Inference done 898/1600. Dataloading: 0.0020 s/iter. Inference: 0.0675 s/iter. Eval: 0.1554 s/iter. Total: 0.2249 s/iter. ETA=0:02:37
[12/10 02:20:13 d2.evaluation.evaluator]: Inference done 918/1600. Dataloading: 0.0020 s/iter. Inference: 0.0675 s/iter. Eval: 0.1559 s/iter. Total: 0.2255 s/iter. ETA=0:02:33
[12/10 02:20:18 d2.evaluation.evaluator]: Inference done 939/1600. Dataloading: 0.0020 s/iter. Inference: 0.0675 s/iter. Eval: 0.1564 s/iter. Total: 0.2260 s/iter. ETA=0:02:29
[12/10 02:20:23 d2.evaluation.evaluator]: Inference done 960/1600. Dataloading: 0.0020 s/iter. Inference: 0.0675 s/iter. Eval: 0.1569 s/iter. Total: 0.2265 s/iter. ETA=0:02:24
[12/10 02:20:29 d2.evaluation.evaluator]: Inference done 980/1600. Dataloading: 0.0020 s/iter. Inference: 0.0675 s/iter. Eval: 0.1574 s/iter. Total: 0.2270 s/iter. ETA=0:02:20
[12/10 02:20:34 d2.evaluation.evaluator]: Inference done 1000/1600. Dataloading: 0.0020 s/iter. Inference: 0.0676 s/iter. Eval: 0.1579 s/iter. Total: 0.2276 s/iter. ETA=0:02:16
[12/10 02:20:39 d2.evaluation.evaluator]: Inference done 1021/1600. Dataloading: 0.0020 s/iter. Inference: 0.0676 s/iter. Eval: 0.1583 s/iter. Total: 0.2279 s/iter. ETA=0:02:11
[12/10 02:20:44 d2.evaluation.evaluator]: Inference done 1042/1600. Dataloading: 0.0020 s/iter. Inference: 0.0676 s/iter. Eval: 0.1585 s/iter. Total: 0.2281 s/iter. ETA=0:02:07
[12/10 02:20:49 d2.evaluation.evaluator]: Inference done 1062/1600. Dataloading: 0.0020 s/iter. Inference: 0.0676 s/iter. Eval: 0.1591 s/iter. Total: 0.2287 s/iter. ETA=0:02:03
[12/10 02:20:54 d2.evaluation.evaluator]: Inference done 1083/1600. Dataloading: 0.0020 s/iter. Inference: 0.0676 s/iter. Eval: 0.1594 s/iter. Total: 0.2291 s/iter. ETA=0:01:58
[12/10 02:20:59 d2.evaluation.evaluator]: Inference done 1104/1600. Dataloading: 0.0020 s/iter. Inference: 0.0676 s/iter. Eval: 0.1597 s/iter. Total: 0.2294 s/iter. ETA=0:01:53
[12/10 02:21:05 d2.evaluation.evaluator]: Inference done 1125/1600. Dataloading: 0.0020 s/iter. Inference: 0.0676 s/iter. Eval: 0.1601 s/iter. Total: 0.2298 s/iter. ETA=0:01:49
[12/10 02:21:10 d2.evaluation.evaluator]: Inference done 1146/1600. Dataloading: 0.0020 s/iter. Inference: 0.0676 s/iter. Eval: 0.1603 s/iter. Total: 0.2300 s/iter. ETA=0:01:44
[12/10 02:21:15 d2.evaluation.evaluator]: Inference done 1167/1600. Dataloading: 0.0020 s/iter. Inference: 0.0676 s/iter. Eval: 0.1607 s/iter. Total: 0.2304 s/iter. ETA=0:01:39
[12/10 02:21:20 d2.evaluation.evaluator]: Inference done 1187/1600. Dataloading: 0.0020 s/iter. Inference: 0.0676 s/iter. Eval: 0.1611 s/iter. Total: 0.2308 s/iter. ETA=0:01:35
[12/10 02:21:25 d2.evaluation.evaluator]: Inference done 1207/1600. Dataloading: 0.0020 s/iter. Inference: 0.0676 s/iter. Eval: 0.1616 s/iter. Total: 0.2313 s/iter. ETA=0:01:30
[12/10 02:21:30 d2.evaluation.evaluator]: Inference done 1227/1600. Dataloading: 0.0020 s/iter. Inference: 0.0677 s/iter. Eval: 0.1620 s/iter. Total: 0.2317 s/iter. ETA=0:01:26
[12/10 02:21:36 d2.evaluation.evaluator]: Inference done 1249/1600. Dataloading: 0.0020 s/iter. Inference: 0.0677 s/iter. Eval: 0.1621 s/iter. Total: 0.2318 s/iter. ETA=0:01:21
[12/10 02:21:41 d2.evaluation.evaluator]: Inference done 1270/1600. Dataloading: 0.0020 s/iter. Inference: 0.0677 s/iter. Eval: 0.1623 s/iter. Total: 0.2320 s/iter. ETA=0:01:16
[12/10 02:21:46 d2.evaluation.evaluator]: Inference done 1291/1600. Dataloading: 0.0020 s/iter. Inference: 0.0677 s/iter. Eval: 0.1625 s/iter. Total: 0.2322 s/iter. ETA=0:01:11
[12/10 02:21:51 d2.evaluation.evaluator]: Inference done 1312/1600. Dataloading: 0.0020 s/iter. Inference: 0.0677 s/iter. Eval: 0.1627 s/iter. Total: 0.2324 s/iter. ETA=0:01:06
[12/10 02:21:56 d2.evaluation.evaluator]: Inference done 1333/1600. Dataloading: 0.0020 s/iter. Inference: 0.0677 s/iter. Eval: 0.1630 s/iter. Total: 0.2327 s/iter. ETA=0:01:02
[12/10 02:22:01 d2.evaluation.evaluator]: Inference done 1353/1600. Dataloading: 0.0020 s/iter. Inference: 0.0677 s/iter. Eval: 0.1633 s/iter. Total: 0.2330 s/iter. ETA=0:00:57
[12/10 02:22:06 d2.evaluation.evaluator]: Inference done 1373/1600. Dataloading: 0.0020 s/iter. Inference: 0.0677 s/iter. Eval: 0.1635 s/iter. Total: 0.2333 s/iter. ETA=0:00:52
[12/10 02:22:11 d2.evaluation.evaluator]: Inference done 1394/1600. Dataloading: 0.0020 s/iter. Inference: 0.0677 s/iter. Eval: 0.1637 s/iter. Total: 0.2334 s/iter. ETA=0:00:48
[12/10 02:22:17 d2.evaluation.evaluator]: Inference done 1415/1600. Dataloading: 0.0020 s/iter. Inference: 0.0677 s/iter. Eval: 0.1638 s/iter. Total: 0.2336 s/iter. ETA=0:00:43
[12/10 02:22:22 d2.evaluation.evaluator]: Inference done 1436/1600. Dataloading: 0.0020 s/iter. Inference: 0.0677 s/iter. Eval: 0.1640 s/iter. Total: 0.2337 s/iter. ETA=0:00:38
[12/10 02:22:27 d2.evaluation.evaluator]: Inference done 1457/1600. Dataloading: 0.0020 s/iter. Inference: 0.0677 s/iter. Eval: 0.1642 s/iter. Total: 0.2339 s/iter. ETA=0:00:33
[12/10 02:22:32 d2.evaluation.evaluator]: Inference done 1477/1600. Dataloading: 0.0020 s/iter. Inference: 0.0677 s/iter. Eval: 0.1644 s/iter. Total: 0.2342 s/iter. ETA=0:00:28
[12/10 02:22:37 d2.evaluation.evaluator]: Inference done 1498/1600. Dataloading: 0.0020 s/iter. Inference: 0.0677 s/iter. Eval: 0.1645 s/iter. Total: 0.2343 s/iter. ETA=0:00:23
[12/10 02:22:42 d2.evaluation.evaluator]: Inference done 1520/1600. Dataloading: 0.0020 s/iter. Inference: 0.0677 s/iter. Eval: 0.1646 s/iter. Total: 0.2343 s/iter. ETA=0:00:18
[12/10 02:22:47 d2.evaluation.evaluator]: Inference done 1541/1600. Dataloading: 0.0020 s/iter. Inference: 0.0677 s/iter. Eval: 0.1647 s/iter. Total: 0.2345 s/iter. ETA=0:00:13
[12/10 02:22:53 d2.evaluation.evaluator]: Inference done 1562/1600. Dataloading: 0.0020 s/iter. Inference: 0.0677 s/iter. Eval: 0.1649 s/iter. Total: 0.2347 s/iter. ETA=0:00:08
[12/10 02:22:58 d2.evaluation.evaluator]: Inference done 1583/1600. Dataloading: 0.0020 s/iter. Inference: 0.0677 s/iter. Eval: 0.1651 s/iter. Total: 0.2349 s/iter. ETA=0:00:03
[12/10 02:23:02 d2.evaluation.evaluator]: Total inference time: 0:06:14.818116 (0.234996 s / iter per device, on 1 devices)
[12/10 02:23:02 d2.evaluation.evaluator]: Total inference pure compute time: 0:01:48 (0.067717 s / iter per device, on 1 devices)
[12/10 02:23:03 d2.evaluation.sem_seg_evaluation]: OrderedDict([('sem_seg', {'mIoU': 40.84092119471558, 'fwIoU': 72.70718404331298, 'IoU-road': 78.1737100165789, 'IoU-sidewalk': 11.704160982730302, 'IoU-building': 82.96915163614186, 'IoU-wall': 38.82661288686878, 'IoU-fence': 19.206622146448268, 'IoU-pole': 23.123776518748322, 'IoU-traffic light': 34.81414371531273, 'IoU-traffic sign': 34.29061673220202, 'IoU-vegetation': 67.95531110145143, 'IoU-terrain': 37.83723980336545, 'IoU-sky': 87.82243987738556, 'IoU-person': 50.22766581304433, 'IoU-rider': 10.164310412541619, 'IoU-car': 75.85465840930371, 'IoU-truck': 39.01094610563981, 'IoU-bus': 29.210937476585375, 'IoU-train': 0.2775162942871522, 'IoU-motorcycle': 20.84186433482155, 'IoU-bicycle': 33.66581843613882, 'mACC': 56.04371857303555, 'pACC': 83.62891159764135, 'ACC-road': 98.83594357983453, 'ACC-sidewalk': 12.391812362800017, 'ACC-building': 93.11333452726826, 'ACC-wall': 60.995561031771494, 'ACC-fence': 23.990174718416654, 'ACC-pole': 40.17991226989116, 'ACC-traffic light': 56.613206115266344, 'ACC-traffic sign': 38.0868319797321, 'ACC-vegetation': 75.49770562861661, 'ACC-terrain': 58.99160096684586, 'ACC-sky': 95.19014831584175, 'ACC-person': 62.126101351378104, 'ACC-rider': 13.784040496950558, 'ACC-car': 84.68226170821839, 'ACC-truck': 81.99396570171807, 'ACC-bus': 91.53974041785028, 'ACC-train': 0.2831615326155581, 'ACC-motorcycle': 27.15428313977219, 'ACC-bicycle': 49.380867042887715})])
[12/10 02:23:03 d2.engine.defaults]: Evaluation results for ACDC_train_seg in csv format:
[12/10 02:23:03 d2.evaluation.testing]: copypaste: Task: sem_seg
[12/10 02:23:03 d2.evaluation.testing]: copypaste: mIoU,fwIoU,mACC,pACC
[12/10 02:23:03 d2.evaluation.testing]: copypaste: 40.8409,72.7072,56.0437,83.6289
/data/zd/TTA_VLM/S2_Corr/train_net.py:16: FutureWarning: In the future `np.bool` will be defined as the corresponding NumPy scalar.
  if not hasattr(np, _name):
/data/zd/TTA_VLM/S2_Corr/train_net.py:16: FutureWarning: In the future `np.object` will be defined as the corresponding NumPy scalar.
  if not hasattr(np, _name):
/data/zd/TTA_VLM/S2_Corr/train_net.py:18: FutureWarning: In the future `np.long` will be defined as the corresponding NumPy scalar.
  if not hasattr(np, "long"):
/data2/anaconda3/envs/DeCLIP_CATSeg/lib/python3.10/site-packages/torchvision/datapoints/__init__.py:12: UserWarning: The torchvision.datapoints and torchvision.transforms.v2 namespaces are still Beta. While we do not expect major breaking changes, some APIs may still change according to user feedback. Please submit any feedback you may have in this issue: https://github.com/pytorch/vision/issues/6753, and you can also check out https://github.com/pytorch/vision/issues/7319 to learn more about the APIs that we suspect might involve future changes. You can silence this warning by calling torchvision.disable_beta_transforms_warning().
  warnings.warn(_BETA_TRANSFORMS_WARNING)
/data2/anaconda3/envs/DeCLIP_CATSeg/lib/python3.10/site-packages/torchvision/transforms/v2/__init__.py:54: UserWarning: The torchvision.datapoints and torchvision.transforms.v2 namespaces are still Beta. While we do not expect major breaking changes, some APIs may still change according to user feedback. Please submit any feedback you may have in this issue: https://github.com/pytorch/vision/issues/6753, and you can also check out https://github.com/pytorch/vision/issues/7319 to learn more about the APIs that we suspect might involve future changes. You can silence this warning by calling torchvision.disable_beta_transforms_warning().
  warnings.warn(_BETA_TRANSFORMS_WARNING)
Please 'pip install apex'
Command Line Args: Namespace(config_file='configs/gta5_seen7_catseg.yaml', resume=False, eval_only=True, num_gpus=1, num_machines=1, machine_rank=0, dist_url='auto', opts=['OUTPUT_DIR', 'outputs/gta_seen7_eva_b16_r512/eval', 'MODEL.SEM_SEG_HEAD.TEST_CLASS_JSON', 'datasets/cityscapes_19.json', 'MODEL.SEM_SEG_HEAD.ENABLE_HIGH_RES', 'False', 'DATASETS.TEST', '("bdd100k_val_seg",)', 'TEST.SLIDING_WINDOW', 'True', 'MODEL.SEM_SEG_HEAD.POOLING_SIZES', '[1,1]', 'MODEL.WEIGHTS', 'outputs/gta_seen7_eva_b16_r512/model_0019999.pth'])
[12/10 02:23:07 detectron2]: Rank of current process: 0. World size: 1
[12/10 02:23:07 detectron2]: Environment info:
----------------------  ------------------------------------------------------------------------------------------
sys.platform            linux
Python                  3.10.0 (default, Mar  3 2022, 09:58:08) [GCC 7.5.0]
numpy                   1.26.4
detectron2              0.6 @/data2/anaconda3/envs/DeCLIP_CATSeg/lib/python3.10/site-packages/detectron2
Compiler                GCC 7.5
CUDA compiler           CUDA 11.6
detectron2 arch flags   8.0
DETECTRON2_ENV_MODULE   <not set>
PyTorch                 2.0.0+cu117 @/data2/anaconda3/envs/DeCLIP_CATSeg/lib/python3.10/site-packages/torch
PyTorch debug build     False
GPU available           Yes
GPU 0                   GeForce RTX 3090 (arch=8.6)
Driver version          460.84
CUDA_HOME               /usr/local/cuda-11.6
TORCH_CUDA_ARCH_LIST    8.0
Pillow                  9.1.0
torchvision             0.15.1+cu117 @/data2/anaconda3/envs/DeCLIP_CATSeg/lib/python3.10/site-packages/torchvision
torchvision arch flags  3.5, 5.0, 6.0, 7.0, 7.5, 8.0, 8.6
fvcore                  0.1.5.post20221221
iopath                  0.1.9
cv2                     4.11.0
----------------------  ------------------------------------------------------------------------------------------
PyTorch built with:
  - GCC 9.3
  - C++ Version: 201703
  - Intel(R) oneAPI Math Kernel Library Version 2022.2-Product Build 20220804 for Intel(R) 64 architecture applications
  - Intel(R) MKL-DNN v2.7.3 (Git Hash 6dbeffbae1f23cbbeae17adb7b5b13f1f37c080e)
  - OpenMP 201511 (a.k.a. OpenMP 4.5)
  - LAPACK is enabled (usually provided by MKL)
  - NNPACK is enabled
  - CPU capability usage: AVX2
  - CUDA Runtime 11.7
  - NVCC architecture flags: -gencode;arch=compute_37,code=sm_37;-gencode;arch=compute_50,code=sm_50;-gencode;arch=compute_60,code=sm_60;-gencode;arch=compute_70,code=sm_70;-gencode;arch=compute_75,code=sm_75;-gencode;arch=compute_80,code=sm_80;-gencode;arch=compute_86,code=sm_86
  - CuDNN 8.5
  - Magma 2.6.1
  - Build settings: BLAS_INFO=mkl, BUILD_TYPE=Release, CUDA_VERSION=11.7, CUDNN_VERSION=8.5.0, CXX_COMPILER=/opt/rh/devtoolset-9/root/usr/bin/c++, CXX_FLAGS= -D_GLIBCXX_USE_CXX11_ABI=0 -fabi-version=11 -Wno-deprecated -fvisibility-inlines-hidden -DUSE_PTHREADPOOL -DNDEBUG -DUSE_KINETO -DLIBKINETO_NOROCTRACER -DUSE_FBGEMM -DUSE_QNNPACK -DUSE_PYTORCH_QNNPACK -DUSE_XNNPACK -DSYMBOLICATE_MOBILE_DEBUG_HANDLE -O2 -fPIC -Wall -Wextra -Werror=return-type -Werror=non-virtual-dtor -Werror=bool-operation -Wnarrowing -Wno-missing-field-initializers -Wno-type-limits -Wno-array-bounds -Wno-unknown-pragmas -Wunused-local-typedefs -Wno-unused-parameter -Wno-unused-function -Wno-unused-result -Wno-strict-overflow -Wno-strict-aliasing -Wno-error=deprecated-declarations -Wno-stringop-overflow -Wno-psabi -Wno-error=pedantic -Wno-error=redundant-decls -Wno-error=old-style-cast -fdiagnostics-color=always -faligned-new -Wno-unused-but-set-variable -Wno-maybe-uninitialized -fno-math-errno -fno-trapping-math -Werror=format -Werror=cast-function-type -Wno-stringop-overflow, LAPACK_INFO=mkl, PERF_WITH_AVX=1, PERF_WITH_AVX2=1, PERF_WITH_AVX512=1, TORCH_DISABLE_GPU_ASSERTS=ON, TORCH_VERSION=2.0.0, USE_CUDA=ON, USE_CUDNN=ON, USE_EXCEPTION_PTR=1, USE_GFLAGS=OFF, USE_GLOG=OFF, USE_MKL=ON, USE_MKLDNN=ON, USE_MPI=OFF, USE_NCCL=1, USE_NNPACK=ON, USE_OPENMP=ON, USE_ROCM=OFF, 

[12/10 02:23:07 detectron2]: Command line arguments: Namespace(config_file='configs/gta5_seen7_catseg.yaml', resume=False, eval_only=True, num_gpus=1, num_machines=1, machine_rank=0, dist_url='auto', opts=['OUTPUT_DIR', 'outputs/gta_seen7_eva_b16_r512/eval', 'MODEL.SEM_SEG_HEAD.TEST_CLASS_JSON', 'datasets/cityscapes_19.json', 'MODEL.SEM_SEG_HEAD.ENABLE_HIGH_RES', 'False', 'DATASETS.TEST', '("bdd100k_val_seg",)', 'TEST.SLIDING_WINDOW', 'True', 'MODEL.SEM_SEG_HEAD.POOLING_SIZES', '[1,1]', 'MODEL.WEIGHTS', 'outputs/gta_seen7_eva_b16_r512/model_0019999.pth'])
[12/10 02:23:07 detectron2]: Contents of args.config_file=configs/gta5_seen7_catseg.yaml:
_BASE_: config.yaml
DATASETS:
  TRAIN: ("gta5_seen7_train_seg",)
  TEST:  ("acdc_inpaint41_test",)
MODEL:
  META_ARCHITECTURE: "CATSeg"
  PIXEL_MEAN: [123.675, 116.280, 103.530]
  PIXEL_STD: [58.395, 57.120, 57.375]
  SEM_SEG_HEAD:
    NAME: "CATSegHead"
    IN_FEATURES: [ "res2", "res3", "res4" ]
    IGNORE_VALUE: 255
    NUM_CLASSES: 19
    TRAIN_CLASS_JSON: "datasets/cityscapes_seen_7.json"
    TEST_CLASS_JSON:  "datasets/inpaint41_vocab.json"
    CLIP_PRETRAINED: "EVA02-CLIP-B-16"
    PROMPT_DEPTH: 0
    PROMPT_LENGTH: 0
    TEXT_GUIDANCE_DIM: 512
    TEXT_GUIDANCE_PROJ_DIM: 128
    APPEARANCE_GUIDANCE_DIM: 512
    APPEARANCE_GUIDANCE_PROJ_DIM: 128
    DECODER_DIMS: [ 64, 32 ]
    DECODER_GUIDANCE_DIMS: [ 256, 128 ]
    DECODER_GUIDANCE_PROJ_DIMS: [ 32, 16 ]
    NUM_LAYERS: 1
    NUM_HEADS: 4
    HIDDEN_DIMS: 128
    POOLING_SIZES: [ 1, 1 ]
    FEATURE_RESOLUTION: [ 32, 32 ]
    WINDOW_SIZES: 16
    ATTENTION_TYPE: "linear"
    CLIP_FINETUNE: "vision_text"
    CACHE_DIR: "/data/zd/TTA_VLM/DeCLIP-ZSSS/Pretrain/EVA02_CLIP_B_psz16_s8B.pt"
    ENABLE_HIGH_RES: "False"
  PROMPT_ENSEMBLE_TYPE: "multi_domain"
INPUT:
  MIN_SIZE_TRAIN: (512, 768)
  MIN_SIZE_TRAIN_SAMPLING: "choice"
  MAX_SIZE_TRAIN: 1024
  MIN_SIZE_TEST: 512
  MAX_SIZE_TEST: 1024
  CROP:
    ENABLED: True
    TYPE: "absolute"
    SIZE: (512, 512)
  SIZE_DIVISIBILITY: 32
  FORMAT: "RGB"
  DATASET_MAPPER_NAME: "mask_former_semantic"
SOLVER:
  IMS_PER_BATCH: 4
  LR_SCHEDULER_NAME: "WarmupCosineLR"
  BASE_LR: 0.0002
  MAX_ITER: 20000
  BACKBONE_MULTIPLIER: 0.0
  CLIP_MULTIPLIER: 0.01
TEST:
  EVAL_PERIOD: 5000
  SLIDING_WINDOW: True
  SW_KERNEL: 512
  SW_OVERLAP: 0.333
  SW_OUT_RES: [512, 1024]
[12/10 02:23:07 detectron2]: Running with full config:
CUDNN_BENCHMARK: true
DATALOADER:
  ASPECT_RATIO_GROUPING: true
  FILTER_EMPTY_ANNOTATIONS: true
  NUM_WORKERS: 8
  REPEAT_THRESHOLD: 0.0
  SAMPLER_TRAIN: TrainingSampler
DATASETS:
  PRECOMPUTED_PROPOSAL_TOPK_TEST: 1000
  PRECOMPUTED_PROPOSAL_TOPK_TRAIN: 2000
  PROPOSAL_FILES_TEST: []
  PROPOSAL_FILES_TRAIN: []
  TEST:
  - bdd100k_val_seg
  TRAIN:
  - gta5_seen7_train_seg
  VAL_ALL:
  - coco_2017_val_all_stuff_sem_seg
DDP:
  BROADCAST_BUFFERS: false
  FIND_UNUSED_PARAMETERS: true
GLOBAL:
  HACK: 1.0
INPUT:
  COLOR_AUG_SSD: true
  CROP:
    ENABLED: true
    SINGLE_CATEGORY_MAX_AREA: 1.0
    SIZE:
    - 512
    - 512
    TYPE: absolute
  DATASET_MAPPER_NAME: mask_former_semantic
  FORMAT: RGB
  MASK_FORMAT: polygon
  MAX_SIZE_TEST: 1024
  MAX_SIZE_TRAIN: 1024
  MIN_SIZE_TEST: 512
  MIN_SIZE_TRAIN:
  - 512
  - 768
  MIN_SIZE_TRAIN_SAMPLING: choice
  RANDOM_FLIP: horizontal
  SIZE_DIVISIBILITY: 32
MODEL:
  ANCHOR_GENERATOR:
    ANGLES:
    - - -90
      - 0
      - 90
    ASPECT_RATIOS:
    - - 0.5
      - 1.0
      - 2.0
    NAME: DefaultAnchorGenerator
    OFFSET: 0.0
    SIZES:
    - - 32
      - 64
      - 128
      - 256
      - 512
  BACKBONE:
    FREEZE_AT: 2
    NAME: build_resnet_backbone
  CLIP_PIXEL_MEAN:
  - 122.7709383
  - 116.7460125
  - 104.09373615
  CLIP_PIXEL_STD:
  - 68.5005327
  - 66.6321579
  - 70.323163
  DEVICE: cuda
  FPN:
    FUSE_TYPE: sum
    IN_FEATURES: []
    NORM: ''
    OUT_CHANNELS: 256
  KEYPOINT_ON: false
  LOAD_PROPOSALS: false
  MASK_FORMER:
    SIZE_DIVISIBILITY: 32
  MASK_ON: false
  META_ARCHITECTURE: CATSeg
  PANOPTIC_FPN:
    COMBINE:
      ENABLED: true
      INSTANCES_CONFIDENCE_THRESH: 0.5
      OVERLAP_THRESH: 0.5
      STUFF_AREA_LIMIT: 4096
    INSTANCE_LOSS_WEIGHT: 1.0
  PIXEL_MEAN:
  - 123.675
  - 116.28
  - 103.53
  PIXEL_STD:
  - 58.395
  - 57.12
  - 57.375
  PROMPT_ENSEMBLE: false
  PROMPT_ENSEMBLE_TYPE: multi_domain
  PROPOSAL_GENERATOR:
    MIN_SIZE: 0
    NAME: RPN
  RESNETS:
    DEFORM_MODULATED: false
    DEFORM_NUM_GROUPS: 1
    DEFORM_ON_PER_STAGE:
    - false
    - false
    - false
    - false
    DEPTH: 50
    NORM: FrozenBN
    NUM_GROUPS: 1
    OUT_FEATURES:
    - res4
    RES2_OUT_CHANNELS: 256
    RES4_DILATION: 1
    RES5_DILATION: 1
    RES5_MULTI_GRID:
    - 1
    - 2
    - 4
    STEM_OUT_CHANNELS: 64
    STEM_TYPE: deeplab
    STRIDE_IN_1X1: true
    WIDTH_PER_GROUP: 64
  RETINANET:
    BBOX_REG_LOSS_TYPE: smooth_l1
    BBOX_REG_WEIGHTS: &id002
    - 1.0
    - 1.0
    - 1.0
    - 1.0
    FOCAL_LOSS_ALPHA: 0.25
    FOCAL_LOSS_GAMMA: 2.0
    IN_FEATURES:
    - p3
    - p4
    - p5
    - p6
    - p7
    IOU_LABELS:
    - 0
    - -1
    - 1
    IOU_THRESHOLDS:
    - 0.4
    - 0.5
    NMS_THRESH_TEST: 0.5
    NORM: ''
    NUM_CLASSES: 80
    NUM_CONVS: 4
    PRIOR_PROB: 0.01
    SCORE_THRESH_TEST: 0.05
    SMOOTH_L1_LOSS_BETA: 0.1
    TOPK_CANDIDATES_TEST: 1000
  ROI_BOX_CASCADE_HEAD:
    BBOX_REG_WEIGHTS:
    - &id001
      - 10.0
      - 10.0
      - 5.0
      - 5.0
    - - 20.0
      - 20.0
      - 10.0
      - 10.0
    - - 30.0
      - 30.0
      - 15.0
      - 15.0
    IOUS:
    - 0.5
    - 0.6
    - 0.7
  ROI_BOX_HEAD:
    BBOX_REG_LOSS_TYPE: smooth_l1
    BBOX_REG_LOSS_WEIGHT: 1.0
    BBOX_REG_WEIGHTS: *id001
    CLS_AGNOSTIC_BBOX_REG: false
    CONV_DIM: 256
    FC_DIM: 1024
    NAME: ''
    NORM: ''
    NUM_CONV: 0
    NUM_FC: 0
    POOLER_RESOLUTION: 14
    POOLER_SAMPLING_RATIO: 0
    POOLER_TYPE: ROIAlignV2
    SMOOTH_L1_BETA: 0.0
    TRAIN_ON_PRED_BOXES: false
  ROI_HEADS:
    BATCH_SIZE_PER_IMAGE: 512
    IN_FEATURES:
    - res4
    IOU_LABELS:
    - 0
    - 1
    IOU_THRESHOLDS:
    - 0.5
    NAME: Res5ROIHeads
    NMS_THRESH_TEST: 0.5
    NUM_CLASSES: 80
    POSITIVE_FRACTION: 0.25
    PROPOSAL_APPEND_GT: true
    SCORE_THRESH_TEST: 0.05
  ROI_KEYPOINT_HEAD:
    CONV_DIMS:
    - 512
    - 512
    - 512
    - 512
    - 512
    - 512
    - 512
    - 512
    LOSS_WEIGHT: 1.0
    MIN_KEYPOINTS_PER_IMAGE: 1
    NAME: KRCNNConvDeconvUpsampleHead
    NORMALIZE_LOSS_BY_VISIBLE_KEYPOINTS: true
    NUM_KEYPOINTS: 17
    POOLER_RESOLUTION: 14
    POOLER_SAMPLING_RATIO: 0
    POOLER_TYPE: ROIAlignV2
  ROI_MASK_HEAD:
    CLS_AGNOSTIC_MASK: false
    CONV_DIM: 256
    NAME: MaskRCNNConvUpsampleHead
    NORM: ''
    NUM_CONV: 0
    POOLER_RESOLUTION: 14
    POOLER_SAMPLING_RATIO: 0
    POOLER_TYPE: ROIAlignV2
  RPN:
    BATCH_SIZE_PER_IMAGE: 256
    BBOX_REG_LOSS_TYPE: smooth_l1
    BBOX_REG_LOSS_WEIGHT: 1.0
    BBOX_REG_WEIGHTS: *id002
    BOUNDARY_THRESH: -1
    CONV_DIMS:
    - -1
    HEAD_NAME: StandardRPNHead
    IN_FEATURES:
    - res4
    IOU_LABELS:
    - 0
    - -1
    - 1
    IOU_THRESHOLDS:
    - 0.3
    - 0.7
    LOSS_WEIGHT: 1.0
    NMS_THRESH: 0.7
    POSITIVE_FRACTION: 0.5
    POST_NMS_TOPK_TEST: 1000
    POST_NMS_TOPK_TRAIN: 2000
    PRE_NMS_TOPK_TEST: 6000
    PRE_NMS_TOPK_TRAIN: 12000
    SMOOTH_L1_BETA: 0.0
  SEM_SEG_HEAD:
    APPEARANCE_GUIDANCE_DIM: 512
    APPEARANCE_GUIDANCE_PROJ_DIM: 128
    ASPP_CHANNELS: 256
    ASPP_DILATIONS:
    - 6
    - 12
    - 18
    ASPP_DROPOUT: 0.1
    ATTENTION_TYPE: linear
    CACHE_DIR: /data/zd/TTA_VLM/DeCLIP-ZSSS/Pretrain/EVA02_CLIP_B_psz16_s8B.pt
    CLIP_FINETUNE: vision_text
    CLIP_PRETRAINED: EVA02-CLIP-B-16
    COMMON_STRIDE: 4
    CONVS_DIM: 128
    DECODER_DIMS:
    - 64
    - 32
    DECODER_GUIDANCE_DIMS:
    - 256
    - 128
    DECODER_GUIDANCE_PROJ_DIMS:
    - 32
    - 16
    ENABLE_HIGH_RES: false
    FEATURE_RESOLUTION:
    - 32
    - 32
    HIDDEN_DIMS: 128
    IGNORE_VALUE: 255
    IN_FEATURES:
    - res2
    - res3
    - res4
    LOSS_TYPE: hard_pixel_mining
    LOSS_WEIGHT: 1.0
    NAME: CATSegHead
    NORM: GN
    NUM_CLASSES: 19
    NUM_HEADS: 4
    NUM_LAYERS: 1
    POOLING_SIZES:
    - 1
    - 1
    PROJECT_CHANNELS:
    - 48
    PROJECT_FEATURES:
    - res2
    PROMPT_DEPTH: 0
    PROMPT_LENGTH: 0
    TEST_CLASS_INDEXES: datasets/coco/coco_stuff/split/unseen_indexes.json
    TEST_CLASS_JSON: datasets/cityscapes_19.json
    TEXT_GUIDANCE_DIM: 512
    TEXT_GUIDANCE_PROJ_DIM: 128
    TRAIN_CLASS_INDEXES: datasets/coco/coco_stuff/split/seen_indexes.json
    TRAIN_CLASS_JSON: datasets/cityscapes_seen_7.json
    USE_DEPTHWISE_SEPARABLE_CONV: false
    WINDOW_SIZES: 16
  SWIN:
    APE: false
    ATTN_DROP_RATE: 0.0
    DEPTHS:
    - 2
    - 2
    - 6
    - 2
    DROP_PATH_RATE: 0.3
    DROP_RATE: 0.0
    EMBED_DIM: 96
    MLP_RATIO: 4.0
    NUM_HEADS:
    - 3
    - 6
    - 12
    - 24
    OUT_FEATURES:
    - res2
    - res3
    - res4
    - res5
    PATCH_NORM: true
    PATCH_SIZE: 4
    PRETRAIN_IMG_SIZE: 224
    QKV_BIAS: true
    QK_SCALE: null
    WINDOW_SIZE: 7
  WEIGHTS: outputs/gta_seen7_eva_b16_r512/model_0019999.pth
OUTPUT_DIR: outputs/gta_seen7_eva_b16_r512/eval
SEED: -1
SOLVER:
  AMP:
    ENABLED: false
  BACKBONE_MULTIPLIER: 0.0
  BASE_LR: 0.0002
  BIAS_LR_FACTOR: 1.0
  CHECKPOINT_PERIOD: 5000
  CLIP_GRADIENTS:
    CLIP_TYPE: full_model
    CLIP_VALUE: 0.01
    ENABLED: true
    NORM_TYPE: 2.0
  CLIP_MULTIPLIER: 0.01
  GAMMA: 0.1
  IMS_PER_BATCH: 4
  LR_SCHEDULER_NAME: WarmupCosineLR
  MAX_ITER: 20000
  MOMENTUM: 0.9
  NESTEROV: false
  OPTIMIZER: ADAMW
  POLY_LR_CONSTANT_ENDING: 0.0
  POLY_LR_POWER: 0.9
  REFERENCE_WORLD_SIZE: 0
  STEPS:
  - 30000
  WARMUP_FACTOR: 1.0
  WARMUP_ITERS: 0
  WARMUP_METHOD: linear
  WEIGHT_DECAY: 0.0001
  WEIGHT_DECAY_BIAS: null
  WEIGHT_DECAY_EMBED: 0.0
  WEIGHT_DECAY_NORM: 0.0
TEST:
  AUG:
    ENABLED: false
    FLIP: true
    MAX_SIZE: 4000
    MIN_SIZES:
    - 400
    - 500
    - 600
    - 700
    - 800
    - 900
    - 1000
    - 1100
    - 1200
  DETECTIONS_PER_IMAGE: 100
  EVAL_PERIOD: 5000
  EXPECTED_RESULTS: []
  KEYPOINT_OKS_SIGMAS: []
  PRECISE_BN:
    ENABLED: false
    NUM_ITER: 200
  SLIDING_WINDOW: true
  SW_KERNEL: 512
  SW_OUT_RES:
  - 512
  - 1024
  SW_OVERLAP: 0.333
VERSION: 2
VIS_PERIOD: 0

[12/10 02:23:08 detectron2]: Full config saved to outputs/gta_seen7_eva_b16_r512/eval/config.yaml
[12/10 02:23:08 d2.utils.env]: Using a generated random seed 8193531
Freeze text encoder parameters
[12/10 02:23:12 d2.engine.defaults]: Model:
CATSeg(
  (sem_seg_head): CATSegHead(
    (predictor): CATSegPredictor(
      (clip_model): CustomCLIP(
        (visual): EVAVisionTransformer(
          (patch_embed): PatchEmbed(
            (proj): Conv2d(3, 768, kernel_size=(16, 16), stride=(16, 16))
          )
          (pos_drop): Dropout(p=0.0, inplace=False)
          (rope): VisionRotaryEmbeddingFast()
          (blocks): ModuleList(
            (0-11): 12 x Block(
              (norm1): LayerNorm((768,), eps=1e-06, elementwise_affine=True)
              (attn): Attention(
                (q_proj): Linear(in_features=768, out_features=768, bias=False)
                (k_proj): Linear(in_features=768, out_features=768, bias=False)
                (v_proj): Linear(in_features=768, out_features=768, bias=False)
                (attn_drop): Dropout(p=0.0, inplace=False)
                (inner_attn_ln): LayerNorm((768,), eps=1e-06, elementwise_affine=True)
                (proj): Linear(in_features=768, out_features=768, bias=True)
                (proj_drop): Dropout(p=0.0, inplace=False)
                (rope): VisionRotaryEmbeddingFast()
              )
              (drop_path): Identity()
              (norm2): LayerNorm((768,), eps=1e-06, elementwise_affine=True)
              (mlp): SwiGLU(
                (w1): Linear(in_features=768, out_features=2048, bias=True)
                (w2): Linear(in_features=768, out_features=2048, bias=True)
                (act): SiLU()
                (ffn_ln): LayerNorm((2048,), eps=1e-06, elementwise_affine=True)
                (w3): Linear(in_features=2048, out_features=768, bias=True)
                (drop): Dropout(p=0.0, inplace=False)
              )
            )
          )
          (norm): LayerNorm((768,), eps=1e-06, elementwise_affine=True)
          (head): Linear(in_features=768, out_features=512, bias=True)
          (patch_dropout): Identity()
        )
        (text): TextTransformer(
          (token_embedding): Embedding(49408, 512)
          (transformer): Transformer(
            (resblocks): ModuleList(
              (0-11): 12 x ResidualAttentionBlock(
                (ln_1): LayerNorm((512,), eps=1e-05, elementwise_affine=True)
                (attn): Attention(
                  (attn_drop): Dropout(p=0.0, inplace=False)
                  (out_proj): Linear(in_features=512, out_features=512, bias=True)
                  (out_drop): Dropout(p=0.0, inplace=False)
                )
                (ls_1): Identity()
                (ln_2): LayerNorm((512,), eps=1e-05, elementwise_affine=True)
                (mlp): Sequential(
                  (c_fc): Linear(in_features=512, out_features=2048, bias=True)
                  (gelu): GELU(approximate='none')
                  (c_proj): Linear(in_features=2048, out_features=512, bias=True)
                )
                (ls_2): Identity()
              )
            )
          )
          (ln_final): LayerNorm((512,), eps=1e-05, elementwise_affine=True)
        )
      )
      (transformer): AggregatorMambaLite(
        (layers): ModuleList(
          (0): Sequential(
            (0): AxialMambaBlockLite_v2(
              (film): FiLM2D(
                (pool): AdaptiveAvgPool2d(output_size=1)
                (fc): Conv2d(128, 256, kernel_size=(1, 1), stride=(1, 1))
              )
              (pre_mix): Sequential(
                (0): Conv2d(128, 128, kernel_size=(3, 3), stride=(1, 1), padding=(1, 1), groups=128)
                (1): Conv2d(128, 128, kernel_size=(1, 1), stride=(1, 1))
                (2): GELU(approximate='none')
              )
              (seq_row): Mamba1DWithDecayPrior(
                (out_norm): LayerNorm((128,), eps=1e-05, elementwise_affine=True)
                (gate): Sequential(
                  (0): Linear(in_features=128, out_features=128, bias=True)
                  (1): SiLU()
                )
                (proj_in): Linear(in_features=128, out_features=384, bias=True)
                (drop): Dropout(p=0.0, inplace=False)
              )
              (post_proj): Conv2d(128, 128, kernel_size=(1, 1), stride=(1, 1))
              (norm_tok): LayerNorm((128,), eps=1e-05, elementwise_affine=True)
              (ffn): Sequential(
                (0): Linear(in_features=128, out_features=384, bias=True)
                (1): GELU(approximate='none')
                (2): Linear(in_features=384, out_features=128, bias=True)
              )
              (down): Identity()
            )
            (1): ClassMambaLayerLite(
              (pool): AvgPool2d(kernel_size=[1, 1], stride=[1, 1], padding=0)
              (guid_proj): Linear(in_features=128, out_features=256, bias=True)
              (seq_block): _Mamba1DAdapterLite(
                (blocks): ModuleList(
                  (0): PseudoMamba1D(
                    (gate): Sequential(
                      (0): Linear(in_features=128, out_features=128, bias=True)
                      (1): SiLU()
                    )
                    (proj_in): Linear(in_features=128, out_features=384, bias=True)
                    (out_norm): LayerNorm((128,), eps=1e-05, elementwise_affine=True)
                    (drop): Dropout(p=0.0, inplace=False)
                  )
                )
                (norm): LayerNorm((128,), eps=1e-05, elementwise_affine=True)
              )
              (norm1): LayerNorm((128,), eps=1e-05, elementwise_affine=True)
              (norm2): LayerNorm((128,), eps=1e-05, elementwise_affine=True)
              (ffn): Sequential(
                (0): Linear(in_features=128, out_features=384, bias=True)
                (1): GELU(approximate='none')
                (2): Linear(in_features=384, out_features=128, bias=True)
              )
            )
          )
        )
        (conv1): Conv2d(1, 128, kernel_size=(7, 7), stride=(1, 1), padding=(3, 3))
        (guidance_projection): Sequential(
          (0): Conv2d(512, 128, kernel_size=(3, 3), stride=(1, 1), padding=(1, 1))
          (1): ReLU()
        )
        (text_guidance_projection): Sequential(
          (0): Linear(in_features=512, out_features=128, bias=True)
          (1): ReLU()
        )
        (decoder_guidance_projection): ModuleList(
          (0): Sequential(
            (0): Conv2d(256, 32, kernel_size=(3, 3), stride=(1, 1), padding=(1, 1))
            (1): ReLU()
          )
          (1): Sequential(
            (0): Conv2d(128, 16, kernel_size=(3, 3), stride=(1, 1), padding=(1, 1))
            (1): ReLU()
          )
        )
        (decoder1): UpLite(
          (up): ConvTranspose2d(128, 96, kernel_size=(2, 2), stride=(2, 2))
          (conv): Sequential(
            (0): Conv2d(128, 64, kernel_size=(3, 3), stride=(1, 1), padding=(1, 1), bias=False)
            (1): GroupNorm(4, 64, eps=1e-05, affine=True)
            (2): ReLU()
          )
        )
        (decoder2): UpLite(
          (up): ConvTranspose2d(64, 48, kernel_size=(2, 2), stride=(2, 2))
          (conv): Sequential(
            (0): Conv2d(64, 32, kernel_size=(3, 3), stride=(1, 1), padding=(1, 1), bias=False)
            (1): GroupNorm(2, 32, eps=1e-05, affine=True)
            (2): ReLU()
          )
        )
        (head): Conv2d(32, 1, kernel_size=(3, 3), stride=(1, 1), padding=(1, 1))
      )
    )
  )
  (upsample1): ConvTranspose2d(768, 256, kernel_size=(2, 2), stride=(2, 2))
  (upsample2): ConvTranspose2d(768, 128, kernel_size=(4, 4), stride=(4, 4))
)
[12/10 02:23:12 fvcore.common.checkpoint]: [Checkpointer] Loading from outputs/gta_seen7_eva_b16_r512/model_0019999.pth ...
[12/10 02:23:13 d2.data.datasets.coco]: Loaded 1000 images with semantic segmentation from /data/zd/data/BDD/bdd-100k/bdd100k/images/10k/val/
[12/10 02:23:13 d2.data.dataset_mapper]: [DatasetMapper] Augmentations used in inference: [ResizeShortestEdge(short_edge_length=(512, 512), max_size=1024, sample_style='choice')]
[12/10 02:23:13 d2.data.common]: Serializing 1000 elements to byte tensors and concatenating them all ...
[12/10 02:23:13 d2.data.common]: Serialized dataset takes 0.20 MiB
[12/10 02:23:13 d2.data.datasets.coco]: Loaded 1000 images with semantic segmentation from /data/zd/data/BDD/bdd-100k/bdd100k/images/10k/val/
[12/10 02:23:13 d2.evaluation.evaluator]: Start inference on 1000 batches
Add a new rope freq of shape: torch.Size([1024, 64])
[12/10 02:23:16 d2.evaluation.evaluator]: Inference done 11/1000. Dataloading: 0.0010 s/iter. Inference: 0.0636 s/iter. Eval: 0.0611 s/iter. Total: 0.1258 s/iter. ETA=0:02:04
[12/10 02:23:21 d2.evaluation.evaluator]: Inference done 50/1000. Dataloading: 0.0017 s/iter. Inference: 0.0672 s/iter. Eval: 0.0594 s/iter. Total: 0.1284 s/iter. ETA=0:02:01
[12/10 02:23:26 d2.evaluation.evaluator]: Inference done 89/1000. Dataloading: 0.0019 s/iter. Inference: 0.0653 s/iter. Eval: 0.0611 s/iter. Total: 0.1283 s/iter. ETA=0:01:56
[12/10 02:23:31 d2.evaluation.evaluator]: Inference done 128/1000. Dataloading: 0.0019 s/iter. Inference: 0.0657 s/iter. Eval: 0.0610 s/iter. Total: 0.1287 s/iter. ETA=0:01:52
[12/10 02:23:36 d2.evaluation.evaluator]: Inference done 168/1000. Dataloading: 0.0019 s/iter. Inference: 0.0653 s/iter. Eval: 0.0610 s/iter. Total: 0.1283 s/iter. ETA=0:01:46
[12/10 02:23:41 d2.evaluation.evaluator]: Inference done 208/1000. Dataloading: 0.0019 s/iter. Inference: 0.0649 s/iter. Eval: 0.0608 s/iter. Total: 0.1277 s/iter. ETA=0:01:41
[12/10 02:23:46 d2.evaluation.evaluator]: Inference done 247/1000. Dataloading: 0.0019 s/iter. Inference: 0.0649 s/iter. Eval: 0.0610 s/iter. Total: 0.1279 s/iter. ETA=0:01:36
[12/10 02:23:51 d2.evaluation.evaluator]: Inference done 286/1000. Dataloading: 0.0019 s/iter. Inference: 0.0653 s/iter. Eval: 0.0611 s/iter. Total: 0.1283 s/iter. ETA=0:01:31
[12/10 02:23:56 d2.evaluation.evaluator]: Inference done 326/1000. Dataloading: 0.0019 s/iter. Inference: 0.0653 s/iter. Eval: 0.0608 s/iter. Total: 0.1281 s/iter. ETA=0:01:26
[12/10 02:24:02 d2.evaluation.evaluator]: Inference done 366/1000. Dataloading: 0.0019 s/iter. Inference: 0.0653 s/iter. Eval: 0.0606 s/iter. Total: 0.1279 s/iter. ETA=0:01:21
[12/10 02:24:07 d2.evaluation.evaluator]: Inference done 405/1000. Dataloading: 0.0019 s/iter. Inference: 0.0655 s/iter. Eval: 0.0605 s/iter. Total: 0.1280 s/iter. ETA=0:01:16
[12/10 02:24:12 d2.evaluation.evaluator]: Inference done 445/1000. Dataloading: 0.0020 s/iter. Inference: 0.0653 s/iter. Eval: 0.0605 s/iter. Total: 0.1279 s/iter. ETA=0:01:10
[12/10 02:24:17 d2.evaluation.evaluator]: Inference done 486/1000. Dataloading: 0.0020 s/iter. Inference: 0.0651 s/iter. Eval: 0.0603 s/iter. Total: 0.1274 s/iter. ETA=0:01:05
[12/10 02:24:22 d2.evaluation.evaluator]: Inference done 527/1000. Dataloading: 0.0020 s/iter. Inference: 0.0649 s/iter. Eval: 0.0602 s/iter. Total: 0.1272 s/iter. ETA=0:01:00
[12/10 02:24:27 d2.evaluation.evaluator]: Inference done 568/1000. Dataloading: 0.0020 s/iter. Inference: 0.0648 s/iter. Eval: 0.0601 s/iter. Total: 0.1269 s/iter. ETA=0:00:54
[12/10 02:24:32 d2.evaluation.evaluator]: Inference done 609/1000. Dataloading: 0.0020 s/iter. Inference: 0.0647 s/iter. Eval: 0.0600 s/iter. Total: 0.1266 s/iter. ETA=0:00:49
[12/10 02:24:37 d2.evaluation.evaluator]: Inference done 651/1000. Dataloading: 0.0020 s/iter. Inference: 0.0645 s/iter. Eval: 0.0598 s/iter. Total: 0.1263 s/iter. ETA=0:00:44
[12/10 02:24:42 d2.evaluation.evaluator]: Inference done 692/1000. Dataloading: 0.0020 s/iter. Inference: 0.0644 s/iter. Eval: 0.0597 s/iter. Total: 0.1262 s/iter. ETA=0:00:38
[12/10 02:24:47 d2.evaluation.evaluator]: Inference done 732/1000. Dataloading: 0.0020 s/iter. Inference: 0.0644 s/iter. Eval: 0.0597 s/iter. Total: 0.1262 s/iter. ETA=0:00:33
[12/10 02:24:52 d2.evaluation.evaluator]: Inference done 771/1000. Dataloading: 0.0020 s/iter. Inference: 0.0644 s/iter. Eval: 0.0599 s/iter. Total: 0.1263 s/iter. ETA=0:00:28
[12/10 02:24:57 d2.evaluation.evaluator]: Inference done 810/1000. Dataloading: 0.0020 s/iter. Inference: 0.0643 s/iter. Eval: 0.0601 s/iter. Total: 0.1264 s/iter. ETA=0:00:24
[12/10 02:25:02 d2.evaluation.evaluator]: Inference done 849/1000. Dataloading: 0.0020 s/iter. Inference: 0.0643 s/iter. Eval: 0.0603 s/iter. Total: 0.1266 s/iter. ETA=0:00:19
[12/10 02:25:07 d2.evaluation.evaluator]: Inference done 888/1000. Dataloading: 0.0020 s/iter. Inference: 0.0642 s/iter. Eval: 0.0605 s/iter. Total: 0.1267 s/iter. ETA=0:00:14
[12/10 02:25:12 d2.evaluation.evaluator]: Inference done 927/1000. Dataloading: 0.0020 s/iter. Inference: 0.0643 s/iter. Eval: 0.0606 s/iter. Total: 0.1269 s/iter. ETA=0:00:09
[12/10 02:25:18 d2.evaluation.evaluator]: Inference done 966/1000. Dataloading: 0.0020 s/iter. Inference: 0.0642 s/iter. Eval: 0.0608 s/iter. Total: 0.1271 s/iter. ETA=0:00:04
[12/10 02:25:22 d2.evaluation.evaluator]: Total inference time: 0:02:06.682946 (0.127320 s / iter per device, on 1 devices)
[12/10 02:25:22 d2.evaluation.evaluator]: Total inference pure compute time: 0:01:03 (0.064214 s / iter per device, on 1 devices)
[12/10 02:25:22 d2.evaluation.sem_seg_evaluation]: OrderedDict([('sem_seg', {'mIoU': 48.02432516246101, 'fwIoU': 81.38946575295839, 'IoU-road': 92.19036711957904, 'IoU-sidewalk': 53.358877437193264, 'IoU-building': 83.04176341070264, 'IoU-wall': 31.30357197620216, 'IoU-fence': 33.628130047810664, 'IoU-pole': 27.404267900854766, 'IoU-traffic light': 24.860529685160213, 'IoU-traffic sign': 25.23082452939724, 'IoU-vegetation': 73.55359657396897, 'IoU-terrain': 36.13260847254481, 'IoU-sky': 87.61913964556933, 'IoU-person': 60.77528721725118, 'IoU-rider': 6.405193561897923, 'IoU-car': 85.35190867173283, 'IoU-truck': 45.257755397985356, 'IoU-bus': 68.8497415936028, 'IoU-train': 0.0, 'IoU-motorcycle': 30.9778522034774, 'IoU-bicycle': 46.520762641828625, 'mACC': 60.679390735041885, 'pACC': 89.1810951200775, 'ACC-road': 96.70494875688873, 'ACC-sidewalk': 62.12989117227252, 'ACC-building': 92.08599557801301, 'ACC-wall': 59.59115786913159, 'ACC-fence': 45.277265603702155, 'ACC-pole': 32.42071733405425, 'ACC-traffic light': 44.10771643289642, 'ACC-traffic sign': 27.505192845923883, 'ACC-vegetation': 80.05518474366116, 'ACC-terrain': 56.27622967499376, 'ACC-sky': 97.48368385696028, 'ACC-person': 70.09916620776575, 'ACC-rider': 14.131857735338446, 'ACC-car': 91.90121971430878, 'ACC-truck': 72.8473411894535, 'ACC-bus': 82.35307621592007, 'ACC-train': 0.0, 'ACC-motorcycle': 61.88632991419908, 'ACC-bicycle': 66.05144912031253})])
[12/10 02:25:22 d2.engine.defaults]: Evaluation results for bdd100k_val_seg in csv format:
[12/10 02:25:22 d2.evaluation.testing]: copypaste: Task: sem_seg
[12/10 02:25:22 d2.evaluation.testing]: copypaste: mIoU,fwIoU,mACC,pACC
[12/10 02:25:22 d2.evaluation.testing]: copypaste: 48.0243,81.3895,60.6794,89.1811
/data/zd/TTA_VLM/S2_Corr/train_net.py:16: FutureWarning: In the future `np.bool` will be defined as the corresponding NumPy scalar.
  if not hasattr(np, _name):
/data/zd/TTA_VLM/S2_Corr/train_net.py:16: FutureWarning: In the future `np.object` will be defined as the corresponding NumPy scalar.
  if not hasattr(np, _name):
/data/zd/TTA_VLM/S2_Corr/train_net.py:18: FutureWarning: In the future `np.long` will be defined as the corresponding NumPy scalar.
  if not hasattr(np, "long"):
/data2/anaconda3/envs/DeCLIP_CATSeg/lib/python3.10/site-packages/torchvision/datapoints/__init__.py:12: UserWarning: The torchvision.datapoints and torchvision.transforms.v2 namespaces are still Beta. While we do not expect major breaking changes, some APIs may still change according to user feedback. Please submit any feedback you may have in this issue: https://github.com/pytorch/vision/issues/6753, and you can also check out https://github.com/pytorch/vision/issues/7319 to learn more about the APIs that we suspect might involve future changes. You can silence this warning by calling torchvision.disable_beta_transforms_warning().
  warnings.warn(_BETA_TRANSFORMS_WARNING)
/data2/anaconda3/envs/DeCLIP_CATSeg/lib/python3.10/site-packages/torchvision/transforms/v2/__init__.py:54: UserWarning: The torchvision.datapoints and torchvision.transforms.v2 namespaces are still Beta. While we do not expect major breaking changes, some APIs may still change according to user feedback. Please submit any feedback you may have in this issue: https://github.com/pytorch/vision/issues/6753, and you can also check out https://github.com/pytorch/vision/issues/7319 to learn more about the APIs that we suspect might involve future changes. You can silence this warning by calling torchvision.disable_beta_transforms_warning().
  warnings.warn(_BETA_TRANSFORMS_WARNING)
Please 'pip install apex'
Command Line Args: Namespace(config_file='configs/gta5_seen7_catseg.yaml', resume=False, eval_only=True, num_gpus=1, num_machines=1, machine_rank=0, dist_url='auto', opts=['OUTPUT_DIR', 'outputs/gta_seen7_eva_b16_r512/eval', 'MODEL.SEM_SEG_HEAD.TEST_CLASS_JSON', 'datasets/cityscapes_19.json', 'MODEL.SEM_SEG_HEAD.ENABLE_HIGH_RES', 'False', 'DATASETS.TEST', '("mapillary_val_seg",)', 'TEST.SLIDING_WINDOW', 'True', 'MODEL.SEM_SEG_HEAD.POOLING_SIZES', '[1,1]', 'MODEL.WEIGHTS', 'outputs/gta_seen7_eva_b16_r512/model_0019999.pth'])
[12/10 02:25:27 detectron2]: Rank of current process: 0. World size: 1
[12/10 02:25:27 detectron2]: Environment info:
----------------------  ------------------------------------------------------------------------------------------
sys.platform            linux
Python                  3.10.0 (default, Mar  3 2022, 09:58:08) [GCC 7.5.0]
numpy                   1.26.4
detectron2              0.6 @/data2/anaconda3/envs/DeCLIP_CATSeg/lib/python3.10/site-packages/detectron2
Compiler                GCC 7.5
CUDA compiler           CUDA 11.6
detectron2 arch flags   8.0
DETECTRON2_ENV_MODULE   <not set>
PyTorch                 2.0.0+cu117 @/data2/anaconda3/envs/DeCLIP_CATSeg/lib/python3.10/site-packages/torch
PyTorch debug build     False
GPU available           Yes
GPU 0                   GeForce RTX 3090 (arch=8.6)
Driver version          460.84
CUDA_HOME               /usr/local/cuda-11.6
TORCH_CUDA_ARCH_LIST    8.0
Pillow                  9.1.0
torchvision             0.15.1+cu117 @/data2/anaconda3/envs/DeCLIP_CATSeg/lib/python3.10/site-packages/torchvision
torchvision arch flags  3.5, 5.0, 6.0, 7.0, 7.5, 8.0, 8.6
fvcore                  0.1.5.post20221221
iopath                  0.1.9
cv2                     4.11.0
----------------------  ------------------------------------------------------------------------------------------
PyTorch built with:
  - GCC 9.3
  - C++ Version: 201703
  - Intel(R) oneAPI Math Kernel Library Version 2022.2-Product Build 20220804 for Intel(R) 64 architecture applications
  - Intel(R) MKL-DNN v2.7.3 (Git Hash 6dbeffbae1f23cbbeae17adb7b5b13f1f37c080e)
  - OpenMP 201511 (a.k.a. OpenMP 4.5)
  - LAPACK is enabled (usually provided by MKL)
  - NNPACK is enabled
  - CPU capability usage: AVX2
  - CUDA Runtime 11.7
  - NVCC architecture flags: -gencode;arch=compute_37,code=sm_37;-gencode;arch=compute_50,code=sm_50;-gencode;arch=compute_60,code=sm_60;-gencode;arch=compute_70,code=sm_70;-gencode;arch=compute_75,code=sm_75;-gencode;arch=compute_80,code=sm_80;-gencode;arch=compute_86,code=sm_86
  - CuDNN 8.5
  - Magma 2.6.1
  - Build settings: BLAS_INFO=mkl, BUILD_TYPE=Release, CUDA_VERSION=11.7, CUDNN_VERSION=8.5.0, CXX_COMPILER=/opt/rh/devtoolset-9/root/usr/bin/c++, CXX_FLAGS= -D_GLIBCXX_USE_CXX11_ABI=0 -fabi-version=11 -Wno-deprecated -fvisibility-inlines-hidden -DUSE_PTHREADPOOL -DNDEBUG -DUSE_KINETO -DLIBKINETO_NOROCTRACER -DUSE_FBGEMM -DUSE_QNNPACK -DUSE_PYTORCH_QNNPACK -DUSE_XNNPACK -DSYMBOLICATE_MOBILE_DEBUG_HANDLE -O2 -fPIC -Wall -Wextra -Werror=return-type -Werror=non-virtual-dtor -Werror=bool-operation -Wnarrowing -Wno-missing-field-initializers -Wno-type-limits -Wno-array-bounds -Wno-unknown-pragmas -Wunused-local-typedefs -Wno-unused-parameter -Wno-unused-function -Wno-unused-result -Wno-strict-overflow -Wno-strict-aliasing -Wno-error=deprecated-declarations -Wno-stringop-overflow -Wno-psabi -Wno-error=pedantic -Wno-error=redundant-decls -Wno-error=old-style-cast -fdiagnostics-color=always -faligned-new -Wno-unused-but-set-variable -Wno-maybe-uninitialized -fno-math-errno -fno-trapping-math -Werror=format -Werror=cast-function-type -Wno-stringop-overflow, LAPACK_INFO=mkl, PERF_WITH_AVX=1, PERF_WITH_AVX2=1, PERF_WITH_AVX512=1, TORCH_DISABLE_GPU_ASSERTS=ON, TORCH_VERSION=2.0.0, USE_CUDA=ON, USE_CUDNN=ON, USE_EXCEPTION_PTR=1, USE_GFLAGS=OFF, USE_GLOG=OFF, USE_MKL=ON, USE_MKLDNN=ON, USE_MPI=OFF, USE_NCCL=1, USE_NNPACK=ON, USE_OPENMP=ON, USE_ROCM=OFF, 

[12/10 02:25:27 detectron2]: Command line arguments: Namespace(config_file='configs/gta5_seen7_catseg.yaml', resume=False, eval_only=True, num_gpus=1, num_machines=1, machine_rank=0, dist_url='auto', opts=['OUTPUT_DIR', 'outputs/gta_seen7_eva_b16_r512/eval', 'MODEL.SEM_SEG_HEAD.TEST_CLASS_JSON', 'datasets/cityscapes_19.json', 'MODEL.SEM_SEG_HEAD.ENABLE_HIGH_RES', 'False', 'DATASETS.TEST', '("mapillary_val_seg",)', 'TEST.SLIDING_WINDOW', 'True', 'MODEL.SEM_SEG_HEAD.POOLING_SIZES', '[1,1]', 'MODEL.WEIGHTS', 'outputs/gta_seen7_eva_b16_r512/model_0019999.pth'])
[12/10 02:25:27 detectron2]: Contents of args.config_file=configs/gta5_seen7_catseg.yaml:
_BASE_: config.yaml
DATASETS:
  TRAIN: ("gta5_seen7_train_seg",)
  TEST:  ("acdc_inpaint41_test",)
MODEL:
  META_ARCHITECTURE: "CATSeg"
  PIXEL_MEAN: [123.675, 116.280, 103.530]
  PIXEL_STD: [58.395, 57.120, 57.375]
  SEM_SEG_HEAD:
    NAME: "CATSegHead"
    IN_FEATURES: [ "res2", "res3", "res4" ]
    IGNORE_VALUE: 255
    NUM_CLASSES: 19
    TRAIN_CLASS_JSON: "datasets/cityscapes_seen_7.json"
    TEST_CLASS_JSON:  "datasets/inpaint41_vocab.json"
    CLIP_PRETRAINED: "EVA02-CLIP-B-16"
    PROMPT_DEPTH: 0
    PROMPT_LENGTH: 0
    TEXT_GUIDANCE_DIM: 512
    TEXT_GUIDANCE_PROJ_DIM: 128
    APPEARANCE_GUIDANCE_DIM: 512
    APPEARANCE_GUIDANCE_PROJ_DIM: 128
    DECODER_DIMS: [ 64, 32 ]
    DECODER_GUIDANCE_DIMS: [ 256, 128 ]
    DECODER_GUIDANCE_PROJ_DIMS: [ 32, 16 ]
    NUM_LAYERS: 1
    NUM_HEADS: 4
    HIDDEN_DIMS: 128
    POOLING_SIZES: [ 1, 1 ]
    FEATURE_RESOLUTION: [ 32, 32 ]
    WINDOW_SIZES: 16
    ATTENTION_TYPE: "linear"
    CLIP_FINETUNE: "vision_text"
    CACHE_DIR: "/data/zd/TTA_VLM/DeCLIP-ZSSS/Pretrain/EVA02_CLIP_B_psz16_s8B.pt"
    ENABLE_HIGH_RES: "False"
  PROMPT_ENSEMBLE_TYPE: "multi_domain"
INPUT:
  MIN_SIZE_TRAIN: (512, 768)
  MIN_SIZE_TRAIN_SAMPLING: "choice"
  MAX_SIZE_TRAIN: 1024
  MIN_SIZE_TEST: 512
  MAX_SIZE_TEST: 1024
  CROP:
    ENABLED: True
    TYPE: "absolute"
    SIZE: (512, 512)
  SIZE_DIVISIBILITY: 32
  FORMAT: "RGB"
  DATASET_MAPPER_NAME: "mask_former_semantic"
SOLVER:
  IMS_PER_BATCH: 4
  LR_SCHEDULER_NAME: "WarmupCosineLR"
  BASE_LR: 0.0002
  MAX_ITER: 20000
  BACKBONE_MULTIPLIER: 0.0
  CLIP_MULTIPLIER: 0.01
TEST:
  EVAL_PERIOD: 5000
  SLIDING_WINDOW: True
  SW_KERNEL: 512
  SW_OVERLAP: 0.333
  SW_OUT_RES: [512, 1024]
[12/10 02:25:27 detectron2]: Running with full config:
CUDNN_BENCHMARK: true
DATALOADER:
  ASPECT_RATIO_GROUPING: true
  FILTER_EMPTY_ANNOTATIONS: true
  NUM_WORKERS: 8
  REPEAT_THRESHOLD: 0.0
  SAMPLER_TRAIN: TrainingSampler
DATASETS:
  PRECOMPUTED_PROPOSAL_TOPK_TEST: 1000
  PRECOMPUTED_PROPOSAL_TOPK_TRAIN: 2000
  PROPOSAL_FILES_TEST: []
  PROPOSAL_FILES_TRAIN: []
  TEST:
  - mapillary_val_seg
  TRAIN:
  - gta5_seen7_train_seg
  VAL_ALL:
  - coco_2017_val_all_stuff_sem_seg
DDP:
  BROADCAST_BUFFERS: false
  FIND_UNUSED_PARAMETERS: true
GLOBAL:
  HACK: 1.0
INPUT:
  COLOR_AUG_SSD: true
  CROP:
    ENABLED: true
    SINGLE_CATEGORY_MAX_AREA: 1.0
    SIZE:
    - 512
    - 512
    TYPE: absolute
  DATASET_MAPPER_NAME: mask_former_semantic
  FORMAT: RGB
  MASK_FORMAT: polygon
  MAX_SIZE_TEST: 1024
  MAX_SIZE_TRAIN: 1024
  MIN_SIZE_TEST: 512
  MIN_SIZE_TRAIN:
  - 512
  - 768
  MIN_SIZE_TRAIN_SAMPLING: choice
  RANDOM_FLIP: horizontal
  SIZE_DIVISIBILITY: 32
MODEL:
  ANCHOR_GENERATOR:
    ANGLES:
    - - -90
      - 0
      - 90
    ASPECT_RATIOS:
    - - 0.5
      - 1.0
      - 2.0
    NAME: DefaultAnchorGenerator
    OFFSET: 0.0
    SIZES:
    - - 32
      - 64
      - 128
      - 256
      - 512
  BACKBONE:
    FREEZE_AT: 2
    NAME: build_resnet_backbone
  CLIP_PIXEL_MEAN:
  - 122.7709383
  - 116.7460125
  - 104.09373615
  CLIP_PIXEL_STD:
  - 68.5005327
  - 66.6321579
  - 70.323163
  DEVICE: cuda
  FPN:
    FUSE_TYPE: sum
    IN_FEATURES: []
    NORM: ''
    OUT_CHANNELS: 256
  KEYPOINT_ON: false
  LOAD_PROPOSALS: false
  MASK_FORMER:
    SIZE_DIVISIBILITY: 32
  MASK_ON: false
  META_ARCHITECTURE: CATSeg
  PANOPTIC_FPN:
    COMBINE:
      ENABLED: true
      INSTANCES_CONFIDENCE_THRESH: 0.5
      OVERLAP_THRESH: 0.5
      STUFF_AREA_LIMIT: 4096
    INSTANCE_LOSS_WEIGHT: 1.0
  PIXEL_MEAN:
  - 123.675
  - 116.28
  - 103.53
  PIXEL_STD:
  - 58.395
  - 57.12
  - 57.375
  PROMPT_ENSEMBLE: false
  PROMPT_ENSEMBLE_TYPE: multi_domain
  PROPOSAL_GENERATOR:
    MIN_SIZE: 0
    NAME: RPN
  RESNETS:
    DEFORM_MODULATED: false
    DEFORM_NUM_GROUPS: 1
    DEFORM_ON_PER_STAGE:
    - false
    - false
    - false
    - false
    DEPTH: 50
    NORM: FrozenBN
    NUM_GROUPS: 1
    OUT_FEATURES:
    - res4
    RES2_OUT_CHANNELS: 256
    RES4_DILATION: 1
    RES5_DILATION: 1
    RES5_MULTI_GRID:
    - 1
    - 2
    - 4
    STEM_OUT_CHANNELS: 64
    STEM_TYPE: deeplab
    STRIDE_IN_1X1: true
    WIDTH_PER_GROUP: 64
  RETINANET:
    BBOX_REG_LOSS_TYPE: smooth_l1
    BBOX_REG_WEIGHTS: &id002
    - 1.0
    - 1.0
    - 1.0
    - 1.0
    FOCAL_LOSS_ALPHA: 0.25
    FOCAL_LOSS_GAMMA: 2.0
    IN_FEATURES:
    - p3
    - p4
    - p5
    - p6
    - p7
    IOU_LABELS:
    - 0
    - -1
    - 1
    IOU_THRESHOLDS:
    - 0.4
    - 0.5
    NMS_THRESH_TEST: 0.5
    NORM: ''
    NUM_CLASSES: 80
    NUM_CONVS: 4
    PRIOR_PROB: 0.01
    SCORE_THRESH_TEST: 0.05
    SMOOTH_L1_LOSS_BETA: 0.1
    TOPK_CANDIDATES_TEST: 1000
  ROI_BOX_CASCADE_HEAD:
    BBOX_REG_WEIGHTS:
    - &id001
      - 10.0
      - 10.0
      - 5.0
      - 5.0
    - - 20.0
      - 20.0
      - 10.0
      - 10.0
    - - 30.0
      - 30.0
      - 15.0
      - 15.0
    IOUS:
    - 0.5
    - 0.6
    - 0.7
  ROI_BOX_HEAD:
    BBOX_REG_LOSS_TYPE: smooth_l1
    BBOX_REG_LOSS_WEIGHT: 1.0
    BBOX_REG_WEIGHTS: *id001
    CLS_AGNOSTIC_BBOX_REG: false
    CONV_DIM: 256
    FC_DIM: 1024
    NAME: ''
    NORM: ''
    NUM_CONV: 0
    NUM_FC: 0
    POOLER_RESOLUTION: 14
    POOLER_SAMPLING_RATIO: 0
    POOLER_TYPE: ROIAlignV2
    SMOOTH_L1_BETA: 0.0
    TRAIN_ON_PRED_BOXES: false
  ROI_HEADS:
    BATCH_SIZE_PER_IMAGE: 512
    IN_FEATURES:
    - res4
    IOU_LABELS:
    - 0
    - 1
    IOU_THRESHOLDS:
    - 0.5
    NAME: Res5ROIHeads
    NMS_THRESH_TEST: 0.5
    NUM_CLASSES: 80
    POSITIVE_FRACTION: 0.25
    PROPOSAL_APPEND_GT: true
    SCORE_THRESH_TEST: 0.05
  ROI_KEYPOINT_HEAD:
    CONV_DIMS:
    - 512
    - 512
    - 512
    - 512
    - 512
    - 512
    - 512
    - 512
    LOSS_WEIGHT: 1.0
    MIN_KEYPOINTS_PER_IMAGE: 1
    NAME: KRCNNConvDeconvUpsampleHead
    NORMALIZE_LOSS_BY_VISIBLE_KEYPOINTS: true
    NUM_KEYPOINTS: 17
    POOLER_RESOLUTION: 14
    POOLER_SAMPLING_RATIO: 0
    POOLER_TYPE: ROIAlignV2
  ROI_MASK_HEAD:
    CLS_AGNOSTIC_MASK: false
    CONV_DIM: 256
    NAME: MaskRCNNConvUpsampleHead
    NORM: ''
    NUM_CONV: 0
    POOLER_RESOLUTION: 14
    POOLER_SAMPLING_RATIO: 0
    POOLER_TYPE: ROIAlignV2
  RPN:
    BATCH_SIZE_PER_IMAGE: 256
    BBOX_REG_LOSS_TYPE: smooth_l1
    BBOX_REG_LOSS_WEIGHT: 1.0
    BBOX_REG_WEIGHTS: *id002
    BOUNDARY_THRESH: -1
    CONV_DIMS:
    - -1
    HEAD_NAME: StandardRPNHead
    IN_FEATURES:
    - res4
    IOU_LABELS:
    - 0
    - -1
    - 1
    IOU_THRESHOLDS:
    - 0.3
    - 0.7
    LOSS_WEIGHT: 1.0
    NMS_THRESH: 0.7
    POSITIVE_FRACTION: 0.5
    POST_NMS_TOPK_TEST: 1000
    POST_NMS_TOPK_TRAIN: 2000
    PRE_NMS_TOPK_TEST: 6000
    PRE_NMS_TOPK_TRAIN: 12000
    SMOOTH_L1_BETA: 0.0
  SEM_SEG_HEAD:
    APPEARANCE_GUIDANCE_DIM: 512
    APPEARANCE_GUIDANCE_PROJ_DIM: 128
    ASPP_CHANNELS: 256
    ASPP_DILATIONS:
    - 6
    - 12
    - 18
    ASPP_DROPOUT: 0.1
    ATTENTION_TYPE: linear
    CACHE_DIR: /data/zd/TTA_VLM/DeCLIP-ZSSS/Pretrain/EVA02_CLIP_B_psz16_s8B.pt
    CLIP_FINETUNE: vision_text
    CLIP_PRETRAINED: EVA02-CLIP-B-16
    COMMON_STRIDE: 4
    CONVS_DIM: 128
    DECODER_DIMS:
    - 64
    - 32
    DECODER_GUIDANCE_DIMS:
    - 256
    - 128
    DECODER_GUIDANCE_PROJ_DIMS:
    - 32
    - 16
    ENABLE_HIGH_RES: false
    FEATURE_RESOLUTION:
    - 32
    - 32
    HIDDEN_DIMS: 128
    IGNORE_VALUE: 255
    IN_FEATURES:
    - res2
    - res3
    - res4
    LOSS_TYPE: hard_pixel_mining
    LOSS_WEIGHT: 1.0
    NAME: CATSegHead
    NORM: GN
    NUM_CLASSES: 19
    NUM_HEADS: 4
    NUM_LAYERS: 1
    POOLING_SIZES:
    - 1
    - 1
    PROJECT_CHANNELS:
    - 48
    PROJECT_FEATURES:
    - res2
    PROMPT_DEPTH: 0
    PROMPT_LENGTH: 0
    TEST_CLASS_INDEXES: datasets/coco/coco_stuff/split/unseen_indexes.json
    TEST_CLASS_JSON: datasets/cityscapes_19.json
    TEXT_GUIDANCE_DIM: 512
    TEXT_GUIDANCE_PROJ_DIM: 128
    TRAIN_CLASS_INDEXES: datasets/coco/coco_stuff/split/seen_indexes.json
    TRAIN_CLASS_JSON: datasets/cityscapes_seen_7.json
    USE_DEPTHWISE_SEPARABLE_CONV: false
    WINDOW_SIZES: 16
  SWIN:
    APE: false
    ATTN_DROP_RATE: 0.0
    DEPTHS:
    - 2
    - 2
    - 6
    - 2
    DROP_PATH_RATE: 0.3
    DROP_RATE: 0.0
    EMBED_DIM: 96
    MLP_RATIO: 4.0
    NUM_HEADS:
    - 3
    - 6
    - 12
    - 24
    OUT_FEATURES:
    - res2
    - res3
    - res4
    - res5
    PATCH_NORM: true
    PATCH_SIZE: 4
    PRETRAIN_IMG_SIZE: 224
    QKV_BIAS: true
    QK_SCALE: null
    WINDOW_SIZE: 7
  WEIGHTS: outputs/gta_seen7_eva_b16_r512/model_0019999.pth
OUTPUT_DIR: outputs/gta_seen7_eva_b16_r512/eval
SEED: -1
SOLVER:
  AMP:
    ENABLED: false
  BACKBONE_MULTIPLIER: 0.0
  BASE_LR: 0.0002
  BIAS_LR_FACTOR: 1.0
  CHECKPOINT_PERIOD: 5000
  CLIP_GRADIENTS:
    CLIP_TYPE: full_model
    CLIP_VALUE: 0.01
    ENABLED: true
    NORM_TYPE: 2.0
  CLIP_MULTIPLIER: 0.01
  GAMMA: 0.1
  IMS_PER_BATCH: 4
  LR_SCHEDULER_NAME: WarmupCosineLR
  MAX_ITER: 20000
  MOMENTUM: 0.9
  NESTEROV: false
  OPTIMIZER: ADAMW
  POLY_LR_CONSTANT_ENDING: 0.0
  POLY_LR_POWER: 0.9
  REFERENCE_WORLD_SIZE: 0
  STEPS:
  - 30000
  WARMUP_FACTOR: 1.0
  WARMUP_ITERS: 0
  WARMUP_METHOD: linear
  WEIGHT_DECAY: 0.0001
  WEIGHT_DECAY_BIAS: null
  WEIGHT_DECAY_EMBED: 0.0
  WEIGHT_DECAY_NORM: 0.0
TEST:
  AUG:
    ENABLED: false
    FLIP: true
    MAX_SIZE: 4000
    MIN_SIZES:
    - 400
    - 500
    - 600
    - 700
    - 800
    - 900
    - 1000
    - 1100
    - 1200
  DETECTIONS_PER_IMAGE: 100
  EVAL_PERIOD: 5000
  EXPECTED_RESULTS: []
  KEYPOINT_OKS_SIGMAS: []
  PRECISE_BN:
    ENABLED: false
    NUM_ITER: 200
  SLIDING_WINDOW: true
  SW_KERNEL: 512
  SW_OUT_RES:
  - 512
  - 1024
  SW_OVERLAP: 0.333
VERSION: 2
VIS_PERIOD: 0

[12/10 02:25:27 detectron2]: Full config saved to outputs/gta_seen7_eva_b16_r512/eval/config.yaml
[12/10 02:25:27 d2.utils.env]: Using a generated random seed 27925513
Freeze text encoder parameters
[12/10 02:25:32 d2.engine.defaults]: Model:
CATSeg(
  (sem_seg_head): CATSegHead(
    (predictor): CATSegPredictor(
      (clip_model): CustomCLIP(
        (visual): EVAVisionTransformer(
          (patch_embed): PatchEmbed(
            (proj): Conv2d(3, 768, kernel_size=(16, 16), stride=(16, 16))
          )
          (pos_drop): Dropout(p=0.0, inplace=False)
          (rope): VisionRotaryEmbeddingFast()
          (blocks): ModuleList(
            (0-11): 12 x Block(
              (norm1): LayerNorm((768,), eps=1e-06, elementwise_affine=True)
              (attn): Attention(
                (q_proj): Linear(in_features=768, out_features=768, bias=False)
                (k_proj): Linear(in_features=768, out_features=768, bias=False)
                (v_proj): Linear(in_features=768, out_features=768, bias=False)
                (attn_drop): Dropout(p=0.0, inplace=False)
                (inner_attn_ln): LayerNorm((768,), eps=1e-06, elementwise_affine=True)
                (proj): Linear(in_features=768, out_features=768, bias=True)
                (proj_drop): Dropout(p=0.0, inplace=False)
                (rope): VisionRotaryEmbeddingFast()
              )
              (drop_path): Identity()
              (norm2): LayerNorm((768,), eps=1e-06, elementwise_affine=True)
              (mlp): SwiGLU(
                (w1): Linear(in_features=768, out_features=2048, bias=True)
                (w2): Linear(in_features=768, out_features=2048, bias=True)
                (act): SiLU()
                (ffn_ln): LayerNorm((2048,), eps=1e-06, elementwise_affine=True)
                (w3): Linear(in_features=2048, out_features=768, bias=True)
                (drop): Dropout(p=0.0, inplace=False)
              )
            )
          )
          (norm): LayerNorm((768,), eps=1e-06, elementwise_affine=True)
          (head): Linear(in_features=768, out_features=512, bias=True)
          (patch_dropout): Identity()
        )
        (text): TextTransformer(
          (token_embedding): Embedding(49408, 512)
          (transformer): Transformer(
            (resblocks): ModuleList(
              (0-11): 12 x ResidualAttentionBlock(
                (ln_1): LayerNorm((512,), eps=1e-05, elementwise_affine=True)
                (attn): Attention(
                  (attn_drop): Dropout(p=0.0, inplace=False)
                  (out_proj): Linear(in_features=512, out_features=512, bias=True)
                  (out_drop): Dropout(p=0.0, inplace=False)
                )
                (ls_1): Identity()
                (ln_2): LayerNorm((512,), eps=1e-05, elementwise_affine=True)
                (mlp): Sequential(
                  (c_fc): Linear(in_features=512, out_features=2048, bias=True)
                  (gelu): GELU(approximate='none')
                  (c_proj): Linear(in_features=2048, out_features=512, bias=True)
                )
                (ls_2): Identity()
              )
            )
          )
          (ln_final): LayerNorm((512,), eps=1e-05, elementwise_affine=True)
        )
      )
      (transformer): AggregatorMambaLite(
        (layers): ModuleList(
          (0): Sequential(
            (0): AxialMambaBlockLite_v2(
              (film): FiLM2D(
                (pool): AdaptiveAvgPool2d(output_size=1)
                (fc): Conv2d(128, 256, kernel_size=(1, 1), stride=(1, 1))
              )
              (pre_mix): Sequential(
                (0): Conv2d(128, 128, kernel_size=(3, 3), stride=(1, 1), padding=(1, 1), groups=128)
                (1): Conv2d(128, 128, kernel_size=(1, 1), stride=(1, 1))
                (2): GELU(approximate='none')
              )
              (seq_row): Mamba1DWithDecayPrior(
                (out_norm): LayerNorm((128,), eps=1e-05, elementwise_affine=True)
                (gate): Sequential(
                  (0): Linear(in_features=128, out_features=128, bias=True)
                  (1): SiLU()
                )
                (proj_in): Linear(in_features=128, out_features=384, bias=True)
                (drop): Dropout(p=0.0, inplace=False)
              )
              (post_proj): Conv2d(128, 128, kernel_size=(1, 1), stride=(1, 1))
              (norm_tok): LayerNorm((128,), eps=1e-05, elementwise_affine=True)
              (ffn): Sequential(
                (0): Linear(in_features=128, out_features=384, bias=True)
                (1): GELU(approximate='none')
                (2): Linear(in_features=384, out_features=128, bias=True)
              )
              (down): Identity()
            )
            (1): ClassMambaLayerLite(
              (pool): AvgPool2d(kernel_size=[1, 1], stride=[1, 1], padding=0)
              (guid_proj): Linear(in_features=128, out_features=256, bias=True)
              (seq_block): _Mamba1DAdapterLite(
                (blocks): ModuleList(
                  (0): PseudoMamba1D(
                    (gate): Sequential(
                      (0): Linear(in_features=128, out_features=128, bias=True)
                      (1): SiLU()
                    )
                    (proj_in): Linear(in_features=128, out_features=384, bias=True)
                    (out_norm): LayerNorm((128,), eps=1e-05, elementwise_affine=True)
                    (drop): Dropout(p=0.0, inplace=False)
                  )
                )
                (norm): LayerNorm((128,), eps=1e-05, elementwise_affine=True)
              )
              (norm1): LayerNorm((128,), eps=1e-05, elementwise_affine=True)
              (norm2): LayerNorm((128,), eps=1e-05, elementwise_affine=True)
              (ffn): Sequential(
                (0): Linear(in_features=128, out_features=384, bias=True)
                (1): GELU(approximate='none')
                (2): Linear(in_features=384, out_features=128, bias=True)
              )
            )
          )
        )
        (conv1): Conv2d(1, 128, kernel_size=(7, 7), stride=(1, 1), padding=(3, 3))
        (guidance_projection): Sequential(
          (0): Conv2d(512, 128, kernel_size=(3, 3), stride=(1, 1), padding=(1, 1))
          (1): ReLU()
        )
        (text_guidance_projection): Sequential(
          (0): Linear(in_features=512, out_features=128, bias=True)
          (1): ReLU()
        )
        (decoder_guidance_projection): ModuleList(
          (0): Sequential(
            (0): Conv2d(256, 32, kernel_size=(3, 3), stride=(1, 1), padding=(1, 1))
            (1): ReLU()
          )
          (1): Sequential(
            (0): Conv2d(128, 16, kernel_size=(3, 3), stride=(1, 1), padding=(1, 1))
            (1): ReLU()
          )
        )
        (decoder1): UpLite(
          (up): ConvTranspose2d(128, 96, kernel_size=(2, 2), stride=(2, 2))
          (conv): Sequential(
            (0): Conv2d(128, 64, kernel_size=(3, 3), stride=(1, 1), padding=(1, 1), bias=False)
            (1): GroupNorm(4, 64, eps=1e-05, affine=True)
            (2): ReLU()
          )
        )
        (decoder2): UpLite(
          (up): ConvTranspose2d(64, 48, kernel_size=(2, 2), stride=(2, 2))
          (conv): Sequential(
            (0): Conv2d(64, 32, kernel_size=(3, 3), stride=(1, 1), padding=(1, 1), bias=False)
            (1): GroupNorm(2, 32, eps=1e-05, affine=True)
            (2): ReLU()
          )
        )
        (head): Conv2d(32, 1, kernel_size=(3, 3), stride=(1, 1), padding=(1, 1))
      )
    )
  )
  (upsample1): ConvTranspose2d(768, 256, kernel_size=(2, 2), stride=(2, 2))
  (upsample2): ConvTranspose2d(768, 128, kernel_size=(4, 4), stride=(4, 4))
)
[12/10 02:25:32 fvcore.common.checkpoint]: [Checkpointer] Loading from outputs/gta_seen7_eva_b16_r512/model_0019999.pth ...
[12/10 02:25:33 d2.data.datasets.coco]: Loaded 2000 images with semantic segmentation from /data/zd/data/Mapillary/mapillary/val/images/
[12/10 02:25:33 d2.data.dataset_mapper]: [DatasetMapper] Augmentations used in inference: [ResizeShortestEdge(short_edge_length=(512, 512), max_size=1024, sample_style='choice')]
[12/10 02:25:33 d2.data.common]: Serializing 2000 elements to byte tensors and concatenating them all ...
[12/10 02:25:33 d2.data.common]: Serialized dataset takes 0.42 MiB
[12/10 02:25:33 d2.data.datasets.coco]: Loaded 2000 images with semantic segmentation from /data/zd/data/Mapillary/mapillary/val/images/
[12/10 02:25:33 d2.evaluation.evaluator]: Start inference on 2000 batches
Add a new rope freq of shape: torch.Size([1024, 64])
[12/10 02:25:50 d2.evaluation.evaluator]: Inference done 11/2000. Dataloading: 0.0011 s/iter. Inference: 0.0691 s/iter. Eval: 1.5348 s/iter. Total: 1.6050 s/iter. ETA=0:53:12
[12/10 02:25:56 d2.evaluation.evaluator]: Inference done 16/2000. Dataloading: 0.0011 s/iter. Inference: 0.0682 s/iter. Eval: 1.3228 s/iter. Total: 1.3922 s/iter. ETA=0:46:02
[12/10 02:26:02 d2.evaluation.evaluator]: Inference done 21/2000. Dataloading: 0.0013 s/iter. Inference: 0.0684 s/iter. Eval: 1.2739 s/iter. Total: 1.3436 s/iter. ETA=0:44:18
[12/10 02:26:08 d2.evaluation.evaluator]: Inference done 25/2000. Dataloading: 0.0014 s/iter. Inference: 0.0683 s/iter. Eval: 1.3130 s/iter. Total: 1.3828 s/iter. ETA=0:45:31
[12/10 02:26:14 d2.evaluation.evaluator]: Inference done 30/2000. Dataloading: 0.0015 s/iter. Inference: 0.0680 s/iter. Eval: 1.2742 s/iter. Total: 1.3438 s/iter. ETA=0:44:07
[12/10 02:26:19 d2.evaluation.evaluator]: Inference done 33/2000. Dataloading: 0.0015 s/iter. Inference: 0.0680 s/iter. Eval: 1.3195 s/iter. Total: 1.3891 s/iter. ETA=0:45:32
[12/10 02:26:27 d2.evaluation.evaluator]: Inference done 38/2000. Dataloading: 0.0016 s/iter. Inference: 0.0678 s/iter. Eval: 1.3394 s/iter. Total: 1.4089 s/iter. ETA=0:46:04
[12/10 02:26:35 d2.evaluation.evaluator]: Inference done 43/2000. Dataloading: 0.0016 s/iter. Inference: 0.0680 s/iter. Eval: 1.3591 s/iter. Total: 1.4288 s/iter. ETA=0:46:36
[12/10 02:26:41 d2.evaluation.evaluator]: Inference done 48/2000. Dataloading: 0.0017 s/iter. Inference: 0.0679 s/iter. Eval: 1.3485 s/iter. Total: 1.4181 s/iter. ETA=0:46:08
[12/10 02:26:48 d2.evaluation.evaluator]: Inference done 53/2000. Dataloading: 0.0017 s/iter. Inference: 0.0683 s/iter. Eval: 1.3306 s/iter. Total: 1.4007 s/iter. ETA=0:45:27
[12/10 02:26:53 d2.evaluation.evaluator]: Inference done 58/2000. Dataloading: 0.0017 s/iter. Inference: 0.0684 s/iter. Eval: 1.2999 s/iter. Total: 1.3701 s/iter. ETA=0:44:20
[12/10 02:26:59 d2.evaluation.evaluator]: Inference done 61/2000. Dataloading: 0.0017 s/iter. Inference: 0.0684 s/iter. Eval: 1.3235 s/iter. Total: 1.3937 s/iter. ETA=0:45:02
[12/10 02:27:04 d2.evaluation.evaluator]: Inference done 65/2000. Dataloading: 0.0017 s/iter. Inference: 0.0684 s/iter. Eval: 1.3171 s/iter. Total: 1.3873 s/iter. ETA=0:44:44
[12/10 02:27:09 d2.evaluation.evaluator]: Inference done 69/2000. Dataloading: 0.0017 s/iter. Inference: 0.0683 s/iter. Eval: 1.3167 s/iter. Total: 1.3869 s/iter. ETA=0:44:38
[12/10 02:27:14 d2.evaluation.evaluator]: Inference done 73/2000. Dataloading: 0.0017 s/iter. Inference: 0.0682 s/iter. Eval: 1.3092 s/iter. Total: 1.3793 s/iter. ETA=0:44:17
[12/10 02:27:21 d2.evaluation.evaluator]: Inference done 77/2000. Dataloading: 0.0017 s/iter. Inference: 0.0681 s/iter. Eval: 1.3285 s/iter. Total: 1.3985 s/iter. ETA=0:44:49
[12/10 02:27:26 d2.evaluation.evaluator]: Inference done 80/2000. Dataloading: 0.0017 s/iter. Inference: 0.0681 s/iter. Eval: 1.3430 s/iter. Total: 1.4130 s/iter. ETA=0:45:12
[12/10 02:27:33 d2.evaluation.evaluator]: Inference done 83/2000. Dataloading: 0.0018 s/iter. Inference: 0.0682 s/iter. Eval: 1.3697 s/iter. Total: 1.4398 s/iter. ETA=0:46:00
[12/10 02:27:39 d2.evaluation.evaluator]: Inference done 88/2000. Dataloading: 0.0018 s/iter. Inference: 0.0683 s/iter. Eval: 1.3609 s/iter. Total: 1.4311 s/iter. ETA=0:45:36
[12/10 02:27:45 d2.evaluation.evaluator]: Inference done 92/2000. Dataloading: 0.0018 s/iter. Inference: 0.0684 s/iter. Eval: 1.3578 s/iter. Total: 1.4280 s/iter. ETA=0:45:24
[12/10 02:27:51 d2.evaluation.evaluator]: Inference done 97/2000. Dataloading: 0.0018 s/iter. Inference: 0.0685 s/iter. Eval: 1.3530 s/iter. Total: 1.4233 s/iter. ETA=0:45:08
[12/10 02:27:56 d2.evaluation.evaluator]: Inference done 100/2000. Dataloading: 0.0018 s/iter. Inference: 0.0685 s/iter. Eval: 1.3612 s/iter. Total: 1.4316 s/iter. ETA=0:45:20
[12/10 02:28:03 d2.evaluation.evaluator]: Inference done 105/2000. Dataloading: 0.0018 s/iter. Inference: 0.0687 s/iter. Eval: 1.3502 s/iter. Total: 1.4208 s/iter. ETA=0:44:52
[12/10 02:28:08 d2.evaluation.evaluator]: Inference done 111/2000. Dataloading: 0.0018 s/iter. Inference: 0.0687 s/iter. Eval: 1.3210 s/iter. Total: 1.3916 s/iter. ETA=0:43:48
[12/10 02:28:15 d2.evaluation.evaluator]: Inference done 115/2000. Dataloading: 0.0018 s/iter. Inference: 0.0687 s/iter. Eval: 1.3339 s/iter. Total: 1.4046 s/iter. ETA=0:44:07
[12/10 02:28:20 d2.evaluation.evaluator]: Inference done 119/2000. Dataloading: 0.0018 s/iter. Inference: 0.0688 s/iter. Eval: 1.3323 s/iter. Total: 1.4030 s/iter. ETA=0:43:59
[12/10 02:28:26 d2.evaluation.evaluator]: Inference done 124/2000. Dataloading: 0.0019 s/iter. Inference: 0.0688 s/iter. Eval: 1.3220 s/iter. Total: 1.3928 s/iter. ETA=0:43:32
[12/10 02:28:32 d2.evaluation.evaluator]: Inference done 130/2000. Dataloading: 0.0018 s/iter. Inference: 0.0687 s/iter. Eval: 1.2979 s/iter. Total: 1.3686 s/iter. ETA=0:42:39
[12/10 02:28:38 d2.evaluation.evaluator]: Inference done 135/2000. Dataloading: 0.0019 s/iter. Inference: 0.0688 s/iter. Eval: 1.2920 s/iter. Total: 1.3628 s/iter. ETA=0:42:21
[12/10 02:28:44 d2.evaluation.evaluator]: Inference done 140/2000. Dataloading: 0.0019 s/iter. Inference: 0.0688 s/iter. Eval: 1.2869 s/iter. Total: 1.3577 s/iter. ETA=0:42:05
[12/10 02:28:50 d2.evaluation.evaluator]: Inference done 144/2000. Dataloading: 0.0019 s/iter. Inference: 0.0688 s/iter. Eval: 1.2926 s/iter. Total: 1.3634 s/iter. ETA=0:42:10
[12/10 02:28:56 d2.evaluation.evaluator]: Inference done 148/2000. Dataloading: 0.0019 s/iter. Inference: 0.0688 s/iter. Eval: 1.2953 s/iter. Total: 1.3661 s/iter. ETA=0:42:09
[12/10 02:29:01 d2.evaluation.evaluator]: Inference done 151/2000. Dataloading: 0.0019 s/iter. Inference: 0.0688 s/iter. Eval: 1.3034 s/iter. Total: 1.3741 s/iter. ETA=0:42:20
[12/10 02:29:09 d2.evaluation.evaluator]: Inference done 156/2000. Dataloading: 0.0019 s/iter. Inference: 0.0688 s/iter. Eval: 1.3094 s/iter. Total: 1.3801 s/iter. ETA=0:42:24
[12/10 02:29:14 d2.evaluation.evaluator]: Inference done 160/2000. Dataloading: 0.0019 s/iter. Inference: 0.0688 s/iter. Eval: 1.3096 s/iter. Total: 1.3803 s/iter. ETA=0:42:19
[12/10 02:29:20 d2.evaluation.evaluator]: Inference done 163/2000. Dataloading: 0.0019 s/iter. Inference: 0.0688 s/iter. Eval: 1.3209 s/iter. Total: 1.3917 s/iter. ETA=0:42:36
[12/10 02:29:26 d2.evaluation.evaluator]: Inference done 167/2000. Dataloading: 0.0019 s/iter. Inference: 0.0687 s/iter. Eval: 1.3201 s/iter. Total: 1.3908 s/iter. ETA=0:42:29
[12/10 02:29:32 d2.evaluation.evaluator]: Inference done 171/2000. Dataloading: 0.0019 s/iter. Inference: 0.0688 s/iter. Eval: 1.3214 s/iter. Total: 1.3922 s/iter. ETA=0:42:26
[12/10 02:29:37 d2.evaluation.evaluator]: Inference done 175/2000. Dataloading: 0.0019 s/iter. Inference: 0.0688 s/iter. Eval: 1.3185 s/iter. Total: 1.3893 s/iter. ETA=0:42:15
[12/10 02:29:42 d2.evaluation.evaluator]: Inference done 178/2000. Dataloading: 0.0019 s/iter. Inference: 0.0688 s/iter. Eval: 1.3279 s/iter. Total: 1.3987 s/iter. ETA=0:42:28
[12/10 02:29:48 d2.evaluation.evaluator]: Inference done 181/2000. Dataloading: 0.0019 s/iter. Inference: 0.0688 s/iter. Eval: 1.3354 s/iter. Total: 1.4063 s/iter. ETA=0:42:38
[12/10 02:29:54 d2.evaluation.evaluator]: Inference done 185/2000. Dataloading: 0.0019 s/iter. Inference: 0.0688 s/iter. Eval: 1.3381 s/iter. Total: 1.4090 s/iter. ETA=0:42:37
[12/10 02:29:59 d2.evaluation.evaluator]: Inference done 190/2000. Dataloading: 0.0019 s/iter. Inference: 0.0688 s/iter. Eval: 1.3281 s/iter. Total: 1.3990 s/iter. ETA=0:42:12
[12/10 02:30:06 d2.evaluation.evaluator]: Inference done 194/2000. Dataloading: 0.0019 s/iter. Inference: 0.0688 s/iter. Eval: 1.3322 s/iter. Total: 1.4031 s/iter. ETA=0:42:13
[12/10 02:30:11 d2.evaluation.evaluator]: Inference done 199/2000. Dataloading: 0.0019 s/iter. Inference: 0.0689 s/iter. Eval: 1.3240 s/iter. Total: 1.3949 s/iter. ETA=0:41:52
[12/10 02:30:17 d2.evaluation.evaluator]: Inference done 203/2000. Dataloading: 0.0019 s/iter. Inference: 0.0689 s/iter. Eval: 1.3244 s/iter. Total: 1.3953 s/iter. ETA=0:41:47
[12/10 02:30:22 d2.evaluation.evaluator]: Inference done 207/2000. Dataloading: 0.0019 s/iter. Inference: 0.0689 s/iter. Eval: 1.3217 s/iter. Total: 1.3926 s/iter. ETA=0:41:36
[12/10 02:30:28 d2.evaluation.evaluator]: Inference done 213/2000. Dataloading: 0.0019 s/iter. Inference: 0.0688 s/iter. Eval: 1.3133 s/iter. Total: 1.3841 s/iter. ETA=0:41:13
[12/10 02:30:35 d2.evaluation.evaluator]: Inference done 217/2000. Dataloading: 0.0019 s/iter. Inference: 0.0689 s/iter. Eval: 1.3164 s/iter. Total: 1.3873 s/iter. ETA=0:41:13
[12/10 02:30:40 d2.evaluation.evaluator]: Inference done 223/2000. Dataloading: 0.0019 s/iter. Inference: 0.0688 s/iter. Eval: 1.3052 s/iter. Total: 1.3760 s/iter. ETA=0:40:45
[12/10 02:30:46 d2.evaluation.evaluator]: Inference done 226/2000. Dataloading: 0.0019 s/iter. Inference: 0.0688 s/iter. Eval: 1.3102 s/iter. Total: 1.3810 s/iter. ETA=0:40:49
[12/10 02:30:51 d2.evaluation.evaluator]: Inference done 229/2000. Dataloading: 0.0019 s/iter. Inference: 0.0688 s/iter. Eval: 1.3170 s/iter. Total: 1.3878 s/iter. ETA=0:40:57
[12/10 02:30:57 d2.evaluation.evaluator]: Inference done 234/2000. Dataloading: 0.0019 s/iter. Inference: 0.0688 s/iter. Eval: 1.3104 s/iter. Total: 1.3813 s/iter. ETA=0:40:39
[12/10 02:31:02 d2.evaluation.evaluator]: Inference done 237/2000. Dataloading: 0.0019 s/iter. Inference: 0.0688 s/iter. Eval: 1.3162 s/iter. Total: 1.3870 s/iter. ETA=0:40:45
[12/10 02:31:10 d2.evaluation.evaluator]: Inference done 240/2000. Dataloading: 0.0019 s/iter. Inference: 0.0688 s/iter. Eval: 1.3296 s/iter. Total: 1.4004 s/iter. ETA=0:41:04
[12/10 02:31:16 d2.evaluation.evaluator]: Inference done 245/2000. Dataloading: 0.0019 s/iter. Inference: 0.0688 s/iter. Eval: 1.3261 s/iter. Total: 1.3969 s/iter. ETA=0:40:51
[12/10 02:31:21 d2.evaluation.evaluator]: Inference done 248/2000. Dataloading: 0.0019 s/iter. Inference: 0.0688 s/iter. Eval: 1.3297 s/iter. Total: 1.4005 s/iter. ETA=0:40:53
[12/10 02:31:26 d2.evaluation.evaluator]: Inference done 254/2000. Dataloading: 0.0019 s/iter. Inference: 0.0688 s/iter. Eval: 1.3185 s/iter. Total: 1.3893 s/iter. ETA=0:40:25
[12/10 02:31:32 d2.evaluation.evaluator]: Inference done 257/2000. Dataloading: 0.0019 s/iter. Inference: 0.0688 s/iter. Eval: 1.3236 s/iter. Total: 1.3945 s/iter. ETA=0:40:30
[12/10 02:31:38 d2.evaluation.evaluator]: Inference done 260/2000. Dataloading: 0.0019 s/iter. Inference: 0.0688 s/iter. Eval: 1.3296 s/iter. Total: 1.4004 s/iter. ETA=0:40:36
[12/10 02:31:43 d2.evaluation.evaluator]: Inference done 265/2000. Dataloading: 0.0019 s/iter. Inference: 0.0688 s/iter. Eval: 1.3219 s/iter. Total: 1.3927 s/iter. ETA=0:40:16
[12/10 02:31:48 d2.evaluation.evaluator]: Inference done 269/2000. Dataloading: 0.0019 s/iter. Inference: 0.0688 s/iter. Eval: 1.3199 s/iter. Total: 1.3907 s/iter. ETA=0:40:07
[12/10 02:31:53 d2.evaluation.evaluator]: Inference done 272/2000. Dataloading: 0.0019 s/iter. Inference: 0.0688 s/iter. Eval: 1.3245 s/iter. Total: 1.3953 s/iter. ETA=0:40:11
[12/10 02:31:58 d2.evaluation.evaluator]: Inference done 277/2000. Dataloading: 0.0019 s/iter. Inference: 0.0688 s/iter. Eval: 1.3178 s/iter. Total: 1.3887 s/iter. ETA=0:39:52
[12/10 02:32:03 d2.evaluation.evaluator]: Inference done 282/2000. Dataloading: 0.0019 s/iter. Inference: 0.0688 s/iter. Eval: 1.3116 s/iter. Total: 1.3825 s/iter. ETA=0:39:35
[12/10 02:32:08 d2.evaluation.evaluator]: Inference done 286/2000. Dataloading: 0.0019 s/iter. Inference: 0.0688 s/iter. Eval: 1.3099 s/iter. Total: 1.3807 s/iter. ETA=0:39:26
[12/10 02:32:14 d2.evaluation.evaluator]: Inference done 291/2000. Dataloading: 0.0019 s/iter. Inference: 0.0688 s/iter. Eval: 1.3046 s/iter. Total: 1.3754 s/iter. ETA=0:39:10
[12/10 02:32:20 d2.evaluation.evaluator]: Inference done 297/2000. Dataloading: 0.0019 s/iter. Inference: 0.0688 s/iter. Eval: 1.2988 s/iter. Total: 1.3696 s/iter. ETA=0:38:52
[12/10 02:32:26 d2.evaluation.evaluator]: Inference done 301/2000. Dataloading: 0.0019 s/iter. Inference: 0.0688 s/iter. Eval: 1.2978 s/iter. Total: 1.3686 s/iter. ETA=0:38:45
[12/10 02:32:32 d2.evaluation.evaluator]: Inference done 306/2000. Dataloading: 0.0019 s/iter. Inference: 0.0688 s/iter. Eval: 1.2950 s/iter. Total: 1.3658 s/iter. ETA=0:38:33
[12/10 02:32:38 d2.evaluation.evaluator]: Inference done 311/2000. Dataloading: 0.0019 s/iter. Inference: 0.0688 s/iter. Eval: 1.2923 s/iter. Total: 1.3632 s/iter. ETA=0:38:22
[12/10 02:32:44 d2.evaluation.evaluator]: Inference done 314/2000. Dataloading: 0.0019 s/iter. Inference: 0.0688 s/iter. Eval: 1.2981 s/iter. Total: 1.3690 s/iter. ETA=0:38:28
[12/10 02:32:50 d2.evaluation.evaluator]: Inference done 318/2000. Dataloading: 0.0019 s/iter. Inference: 0.0688 s/iter. Eval: 1.3022 s/iter. Total: 1.3730 s/iter. ETA=0:38:29
[12/10 02:32:56 d2.evaluation.evaluator]: Inference done 321/2000. Dataloading: 0.0019 s/iter. Inference: 0.0688 s/iter. Eval: 1.3070 s/iter. Total: 1.3779 s/iter. ETA=0:38:33
[12/10 02:33:01 d2.evaluation.evaluator]: Inference done 326/2000. Dataloading: 0.0019 s/iter. Inference: 0.0688 s/iter. Eval: 1.3016 s/iter. Total: 1.3724 s/iter. ETA=0:38:17
[12/10 02:33:08 d2.evaluation.evaluator]: Inference done 331/2000. Dataloading: 0.0019 s/iter. Inference: 0.0688 s/iter. Eval: 1.3029 s/iter. Total: 1.3738 s/iter. ETA=0:38:12
[12/10 02:33:14 d2.evaluation.evaluator]: Inference done 337/2000. Dataloading: 0.0019 s/iter. Inference: 0.0688 s/iter. Eval: 1.2944 s/iter. Total: 1.3652 s/iter. ETA=0:37:50
[12/10 02:33:19 d2.evaluation.evaluator]: Inference done 341/2000. Dataloading: 0.0019 s/iter. Inference: 0.0688 s/iter. Eval: 1.2933 s/iter. Total: 1.3642 s/iter. ETA=0:37:43
[12/10 02:33:25 d2.evaluation.evaluator]: Inference done 346/2000. Dataloading: 0.0019 s/iter. Inference: 0.0688 s/iter. Eval: 1.2921 s/iter. Total: 1.3629 s/iter. ETA=0:37:34
[12/10 02:33:31 d2.evaluation.evaluator]: Inference done 349/2000. Dataloading: 0.0019 s/iter. Inference: 0.0688 s/iter. Eval: 1.2969 s/iter. Total: 1.3677 s/iter. ETA=0:37:37
[12/10 02:33:37 d2.evaluation.evaluator]: Inference done 353/2000. Dataloading: 0.0019 s/iter. Inference: 0.0688 s/iter. Eval: 1.2984 s/iter. Total: 1.3692 s/iter. ETA=0:37:35
[12/10 02:33:43 d2.evaluation.evaluator]: Inference done 360/2000. Dataloading: 0.0019 s/iter. Inference: 0.0687 s/iter. Eval: 1.2884 s/iter. Total: 1.3591 s/iter. ETA=0:37:08
[12/10 02:33:50 d2.evaluation.evaluator]: Inference done 365/2000. Dataloading: 0.0019 s/iter. Inference: 0.0688 s/iter. Eval: 1.2895 s/iter. Total: 1.3603 s/iter. ETA=0:37:04
[12/10 02:33:57 d2.evaluation.evaluator]: Inference done 369/2000. Dataloading: 0.0019 s/iter. Inference: 0.0688 s/iter. Eval: 1.2943 s/iter. Total: 1.3651 s/iter. ETA=0:37:06
[12/10 02:34:04 d2.evaluation.evaluator]: Inference done 373/2000. Dataloading: 0.0019 s/iter. Inference: 0.0687 s/iter. Eval: 1.2983 s/iter. Total: 1.3691 s/iter. ETA=0:37:07
[12/10 02:34:09 d2.evaluation.evaluator]: Inference done 377/2000. Dataloading: 0.0019 s/iter. Inference: 0.0687 s/iter. Eval: 1.2971 s/iter. Total: 1.3678 s/iter. ETA=0:36:59
[12/10 02:34:14 d2.evaluation.evaluator]: Inference done 382/2000. Dataloading: 0.0019 s/iter. Inference: 0.0687 s/iter. Eval: 1.2926 s/iter. Total: 1.3634 s/iter. ETA=0:36:45
[12/10 02:34:20 d2.evaluation.evaluator]: Inference done 388/2000. Dataloading: 0.0019 s/iter. Inference: 0.0687 s/iter. Eval: 1.2867 s/iter. Total: 1.3574 s/iter. ETA=0:36:28
[12/10 02:34:27 d2.evaluation.evaluator]: Inference done 392/2000. Dataloading: 0.0019 s/iter. Inference: 0.0687 s/iter. Eval: 1.2890 s/iter. Total: 1.3597 s/iter. ETA=0:36:26
[12/10 02:34:32 d2.evaluation.evaluator]: Inference done 397/2000. Dataloading: 0.0019 s/iter. Inference: 0.0687 s/iter. Eval: 1.2845 s/iter. Total: 1.3552 s/iter. ETA=0:36:12
[12/10 02:34:38 d2.evaluation.evaluator]: Inference done 402/2000. Dataloading: 0.0019 s/iter. Inference: 0.0687 s/iter. Eval: 1.2823 s/iter. Total: 1.3530 s/iter. ETA=0:36:02
[12/10 02:34:43 d2.evaluation.evaluator]: Inference done 406/2000. Dataloading: 0.0019 s/iter. Inference: 0.0687 s/iter. Eval: 1.2828 s/iter. Total: 1.3535 s/iter. ETA=0:35:57
[12/10 02:34:49 d2.evaluation.evaluator]: Inference done 412/2000. Dataloading: 0.0019 s/iter. Inference: 0.0687 s/iter. Eval: 1.2759 s/iter. Total: 1.3466 s/iter. ETA=0:35:38
[12/10 02:34:54 d2.evaluation.evaluator]: Inference done 415/2000. Dataloading: 0.0019 s/iter. Inference: 0.0687 s/iter. Eval: 1.2789 s/iter. Total: 1.3496 s/iter. ETA=0:35:39
[12/10 02:35:00 d2.evaluation.evaluator]: Inference done 419/2000. Dataloading: 0.0019 s/iter. Inference: 0.0687 s/iter. Eval: 1.2800 s/iter. Total: 1.3507 s/iter. ETA=0:35:35
[12/10 02:35:06 d2.evaluation.evaluator]: Inference done 424/2000. Dataloading: 0.0019 s/iter. Inference: 0.0687 s/iter. Eval: 1.2786 s/iter. Total: 1.3493 s/iter. ETA=0:35:26
[12/10 02:35:13 d2.evaluation.evaluator]: Inference done 429/2000. Dataloading: 0.0019 s/iter. Inference: 0.0687 s/iter. Eval: 1.2791 s/iter. Total: 1.3498 s/iter. ETA=0:35:20
[12/10 02:35:19 d2.evaluation.evaluator]: Inference done 433/2000. Dataloading: 0.0019 s/iter. Inference: 0.0687 s/iter. Eval: 1.2810 s/iter. Total: 1.3517 s/iter. ETA=0:35:18
[12/10 02:35:26 d2.evaluation.evaluator]: Inference done 437/2000. Dataloading: 0.0019 s/iter. Inference: 0.0687 s/iter. Eval: 1.2836 s/iter. Total: 1.3543 s/iter. ETA=0:35:16
[12/10 02:35:31 d2.evaluation.evaluator]: Inference done 440/2000. Dataloading: 0.0019 s/iter. Inference: 0.0687 s/iter. Eval: 1.2868 s/iter. Total: 1.3576 s/iter. ETA=0:35:17
[12/10 02:35:36 d2.evaluation.evaluator]: Inference done 443/2000. Dataloading: 0.0019 s/iter. Inference: 0.0687 s/iter. Eval: 1.2895 s/iter. Total: 1.3602 s/iter. ETA=0:35:17
[12/10 02:35:42 d2.evaluation.evaluator]: Inference done 448/2000. Dataloading: 0.0019 s/iter. Inference: 0.0687 s/iter. Eval: 1.2862 s/iter. Total: 1.3569 s/iter. ETA=0:35:05
[12/10 02:35:47 d2.evaluation.evaluator]: Inference done 451/2000. Dataloading: 0.0019 s/iter. Inference: 0.0687 s/iter. Eval: 1.2896 s/iter. Total: 1.3603 s/iter. ETA=0:35:07
[12/10 02:35:54 d2.evaluation.evaluator]: Inference done 457/2000. Dataloading: 0.0019 s/iter. Inference: 0.0687 s/iter. Eval: 1.2868 s/iter. Total: 1.3575 s/iter. ETA=0:34:54
[12/10 02:36:01 d2.evaluation.evaluator]: Inference done 461/2000. Dataloading: 0.0019 s/iter. Inference: 0.0687 s/iter. Eval: 1.2890 s/iter. Total: 1.3597 s/iter. ETA=0:34:52
[12/10 02:36:06 d2.evaluation.evaluator]: Inference done 465/2000. Dataloading: 0.0019 s/iter. Inference: 0.0687 s/iter. Eval: 1.2884 s/iter. Total: 1.3591 s/iter. ETA=0:34:46
[12/10 02:36:11 d2.evaluation.evaluator]: Inference done 468/2000. Dataloading: 0.0019 s/iter. Inference: 0.0687 s/iter. Eval: 1.2912 s/iter. Total: 1.3619 s/iter. ETA=0:34:46
[12/10 02:36:17 d2.evaluation.evaluator]: Inference done 474/2000. Dataloading: 0.0019 s/iter. Inference: 0.0687 s/iter. Eval: 1.2866 s/iter. Total: 1.3573 s/iter. ETA=0:34:31
[12/10 02:36:24 d2.evaluation.evaluator]: Inference done 478/2000. Dataloading: 0.0019 s/iter. Inference: 0.0687 s/iter. Eval: 1.2889 s/iter. Total: 1.3596 s/iter. ETA=0:34:29
[12/10 02:36:31 d2.evaluation.evaluator]: Inference done 482/2000. Dataloading: 0.0019 s/iter. Inference: 0.0687 s/iter. Eval: 1.2921 s/iter. Total: 1.3627 s/iter. ETA=0:34:28
[12/10 02:36:37 d2.evaluation.evaluator]: Inference done 486/2000. Dataloading: 0.0019 s/iter. Inference: 0.0687 s/iter. Eval: 1.2934 s/iter. Total: 1.3641 s/iter. ETA=0:34:25
[12/10 02:36:42 d2.evaluation.evaluator]: Inference done 490/2000. Dataloading: 0.0019 s/iter. Inference: 0.0687 s/iter. Eval: 1.2934 s/iter. Total: 1.3641 s/iter. ETA=0:34:19
[12/10 02:36:49 d2.evaluation.evaluator]: Inference done 494/2000. Dataloading: 0.0019 s/iter. Inference: 0.0687 s/iter. Eval: 1.2962 s/iter. Total: 1.3669 s/iter. ETA=0:34:18
[12/10 02:36:55 d2.evaluation.evaluator]: Inference done 497/2000. Dataloading: 0.0019 s/iter. Inference: 0.0687 s/iter. Eval: 1.3004 s/iter. Total: 1.3711 s/iter. ETA=0:34:20
[12/10 02:37:02 d2.evaluation.evaluator]: Inference done 501/2000. Dataloading: 0.0019 s/iter. Inference: 0.0687 s/iter. Eval: 1.3029 s/iter. Total: 1.3736 s/iter. ETA=0:34:19
[12/10 02:37:08 d2.evaluation.evaluator]: Inference done 506/2000. Dataloading: 0.0019 s/iter. Inference: 0.0687 s/iter. Eval: 1.3025 s/iter. Total: 1.3732 s/iter. ETA=0:34:11
[12/10 02:37:14 d2.evaluation.evaluator]: Inference done 512/2000. Dataloading: 0.0019 s/iter. Inference: 0.0687 s/iter. Eval: 1.2976 s/iter. Total: 1.3683 s/iter. ETA=0:33:55
[12/10 02:37:19 d2.evaluation.evaluator]: Inference done 517/2000. Dataloading: 0.0019 s/iter. Inference: 0.0687 s/iter. Eval: 1.2941 s/iter. Total: 1.3647 s/iter. ETA=0:33:43
[12/10 02:37:24 d2.evaluation.evaluator]: Inference done 519/2000. Dataloading: 0.0019 s/iter. Inference: 0.0687 s/iter. Eval: 1.2986 s/iter. Total: 1.3693 s/iter. ETA=0:33:47
[12/10 02:37:31 d2.evaluation.evaluator]: Inference done 525/2000. Dataloading: 0.0019 s/iter. Inference: 0.0687 s/iter. Eval: 1.2954 s/iter. Total: 1.3661 s/iter. ETA=0:33:34
[12/10 02:37:36 d2.evaluation.evaluator]: Inference done 529/2000. Dataloading: 0.0019 s/iter. Inference: 0.0687 s/iter. Eval: 1.2949 s/iter. Total: 1.3656 s/iter. ETA=0:33:28
[12/10 02:37:42 d2.evaluation.evaluator]: Inference done 533/2000. Dataloading: 0.0019 s/iter. Inference: 0.0687 s/iter. Eval: 1.2959 s/iter. Total: 1.3666 s/iter. ETA=0:33:24
[12/10 02:37:48 d2.evaluation.evaluator]: Inference done 537/2000. Dataloading: 0.0019 s/iter. Inference: 0.0687 s/iter. Eval: 1.2967 s/iter. Total: 1.3674 s/iter. ETA=0:33:20
[12/10 02:37:54 d2.evaluation.evaluator]: Inference done 543/2000. Dataloading: 0.0019 s/iter. Inference: 0.0687 s/iter. Eval: 1.2926 s/iter. Total: 1.3633 s/iter. ETA=0:33:06
[12/10 02:38:00 d2.evaluation.evaluator]: Inference done 549/2000. Dataloading: 0.0019 s/iter. Inference: 0.0687 s/iter. Eval: 1.2879 s/iter. Total: 1.3587 s/iter. ETA=0:32:51
[12/10 02:38:05 d2.evaluation.evaluator]: Inference done 553/2000. Dataloading: 0.0019 s/iter. Inference: 0.0687 s/iter. Eval: 1.2884 s/iter. Total: 1.3592 s/iter. ETA=0:32:46
[12/10 02:38:11 d2.evaluation.evaluator]: Inference done 557/2000. Dataloading: 0.0019 s/iter. Inference: 0.0687 s/iter. Eval: 1.2894 s/iter. Total: 1.3602 s/iter. ETA=0:32:42
[12/10 02:38:17 d2.evaluation.evaluator]: Inference done 562/2000. Dataloading: 0.0019 s/iter. Inference: 0.0687 s/iter. Eval: 1.2871 s/iter. Total: 1.3578 s/iter. ETA=0:32:32
[12/10 02:38:23 d2.evaluation.evaluator]: Inference done 568/2000. Dataloading: 0.0019 s/iter. Inference: 0.0687 s/iter. Eval: 1.2837 s/iter. Total: 1.3544 s/iter. ETA=0:32:19
[12/10 02:38:28 d2.evaluation.evaluator]: Inference done 572/2000. Dataloading: 0.0019 s/iter. Inference: 0.0687 s/iter. Eval: 1.2833 s/iter. Total: 1.3541 s/iter. ETA=0:32:13
[12/10 02:38:33 d2.evaluation.evaluator]: Inference done 575/2000. Dataloading: 0.0019 s/iter. Inference: 0.0687 s/iter. Eval: 1.2853 s/iter. Total: 1.3561 s/iter. ETA=0:32:12
[12/10 02:38:39 d2.evaluation.evaluator]: Inference done 578/2000. Dataloading: 0.0019 s/iter. Inference: 0.0687 s/iter. Eval: 1.2874 s/iter. Total: 1.3581 s/iter. ETA=0:32:11
[12/10 02:38:45 d2.evaluation.evaluator]: Inference done 582/2000. Dataloading: 0.0019 s/iter. Inference: 0.0687 s/iter. Eval: 1.2881 s/iter. Total: 1.3589 s/iter. ETA=0:32:06
[12/10 02:38:50 d2.evaluation.evaluator]: Inference done 585/2000. Dataloading: 0.0019 s/iter. Inference: 0.0687 s/iter. Eval: 1.2908 s/iter. Total: 1.3615 s/iter. ETA=0:32:06
[12/10 02:38:57 d2.evaluation.evaluator]: Inference done 589/2000. Dataloading: 0.0019 s/iter. Inference: 0.0687 s/iter. Eval: 1.2928 s/iter. Total: 1.3635 s/iter. ETA=0:32:03
[12/10 02:39:02 d2.evaluation.evaluator]: Inference done 593/2000. Dataloading: 0.0019 s/iter. Inference: 0.0687 s/iter. Eval: 1.2926 s/iter. Total: 1.3634 s/iter. ETA=0:31:58
[12/10 02:39:08 d2.evaluation.evaluator]: Inference done 597/2000. Dataloading: 0.0019 s/iter. Inference: 0.0687 s/iter. Eval: 1.2933 s/iter. Total: 1.3641 s/iter. ETA=0:31:53
[12/10 02:39:16 d2.evaluation.evaluator]: Inference done 605/2000. Dataloading: 0.0019 s/iter. Inference: 0.0687 s/iter. Eval: 1.2886 s/iter. Total: 1.3594 s/iter. ETA=0:31:36
[12/10 02:39:23 d2.evaluation.evaluator]: Inference done 611/2000. Dataloading: 0.0019 s/iter. Inference: 0.0687 s/iter. Eval: 1.2864 s/iter. Total: 1.3571 s/iter. ETA=0:31:25
[12/10 02:39:30 d2.evaluation.evaluator]: Inference done 615/2000. Dataloading: 0.0019 s/iter. Inference: 0.0687 s/iter. Eval: 1.2891 s/iter. Total: 1.3598 s/iter. ETA=0:31:23
[12/10 02:39:36 d2.evaluation.evaluator]: Inference done 620/2000. Dataloading: 0.0019 s/iter. Inference: 0.0687 s/iter. Eval: 1.2871 s/iter. Total: 1.3578 s/iter. ETA=0:31:13
[12/10 02:39:41 d2.evaluation.evaluator]: Inference done 625/2000. Dataloading: 0.0019 s/iter. Inference: 0.0687 s/iter. Eval: 1.2854 s/iter. Total: 1.3562 s/iter. ETA=0:31:04
[12/10 02:39:48 d2.evaluation.evaluator]: Inference done 630/2000. Dataloading: 0.0019 s/iter. Inference: 0.0687 s/iter. Eval: 1.2847 s/iter. Total: 1.3554 s/iter. ETA=0:30:56
[12/10 02:39:54 d2.evaluation.evaluator]: Inference done 635/2000. Dataloading: 0.0019 s/iter. Inference: 0.0687 s/iter. Eval: 1.2842 s/iter. Total: 1.3549 s/iter. ETA=0:30:49
[12/10 02:40:00 d2.evaluation.evaluator]: Inference done 638/2000. Dataloading: 0.0019 s/iter. Inference: 0.0687 s/iter. Eval: 1.2871 s/iter. Total: 1.3578 s/iter. ETA=0:30:49
[12/10 02:40:05 d2.evaluation.evaluator]: Inference done 642/2000. Dataloading: 0.0019 s/iter. Inference: 0.0687 s/iter. Eval: 1.2867 s/iter. Total: 1.3574 s/iter. ETA=0:30:43
[12/10 02:40:11 d2.evaluation.evaluator]: Inference done 646/2000. Dataloading: 0.0019 s/iter. Inference: 0.0687 s/iter. Eval: 1.2871 s/iter. Total: 1.3578 s/iter. ETA=0:30:38
[12/10 02:40:17 d2.evaluation.evaluator]: Inference done 649/2000. Dataloading: 0.0019 s/iter. Inference: 0.0687 s/iter. Eval: 1.2896 s/iter. Total: 1.3603 s/iter. ETA=0:30:37
[12/10 02:40:23 d2.evaluation.evaluator]: Inference done 654/2000. Dataloading: 0.0019 s/iter. Inference: 0.0687 s/iter. Eval: 1.2891 s/iter. Total: 1.3598 s/iter. ETA=0:30:30
[12/10 02:40:29 d2.evaluation.evaluator]: Inference done 659/2000. Dataloading: 0.0019 s/iter. Inference: 0.0687 s/iter. Eval: 1.2877 s/iter. Total: 1.3584 s/iter. ETA=0:30:21
[12/10 02:40:34 d2.evaluation.evaluator]: Inference done 665/2000. Dataloading: 0.0019 s/iter. Inference: 0.0687 s/iter. Eval: 1.2836 s/iter. Total: 1.3543 s/iter. ETA=0:30:07
[12/10 02:40:40 d2.evaluation.evaluator]: Inference done 670/2000. Dataloading: 0.0019 s/iter. Inference: 0.0687 s/iter. Eval: 1.2815 s/iter. Total: 1.3523 s/iter. ETA=0:29:58
[12/10 02:40:46 d2.evaluation.evaluator]: Inference done 674/2000. Dataloading: 0.0019 s/iter. Inference: 0.0687 s/iter. Eval: 1.2825 s/iter. Total: 1.3533 s/iter. ETA=0:29:54
[12/10 02:40:52 d2.evaluation.evaluator]: Inference done 678/2000. Dataloading: 0.0019 s/iter. Inference: 0.0688 s/iter. Eval: 1.2829 s/iter. Total: 1.3537 s/iter. ETA=0:29:49
[12/10 02:40:57 d2.evaluation.evaluator]: Inference done 682/2000. Dataloading: 0.0019 s/iter. Inference: 0.0688 s/iter. Eval: 1.2829 s/iter. Total: 1.3536 s/iter. ETA=0:29:44
[12/10 02:41:03 d2.evaluation.evaluator]: Inference done 686/2000. Dataloading: 0.0019 s/iter. Inference: 0.0688 s/iter. Eval: 1.2836 s/iter. Total: 1.3544 s/iter. ETA=0:29:39
[12/10 02:41:09 d2.evaluation.evaluator]: Inference done 691/2000. Dataloading: 0.0019 s/iter. Inference: 0.0688 s/iter. Eval: 1.2822 s/iter. Total: 1.3530 s/iter. ETA=0:29:31
[12/10 02:41:14 d2.evaluation.evaluator]: Inference done 695/2000. Dataloading: 0.0019 s/iter. Inference: 0.0688 s/iter. Eval: 1.2818 s/iter. Total: 1.3526 s/iter. ETA=0:29:25
[12/10 02:41:19 d2.evaluation.evaluator]: Inference done 699/2000. Dataloading: 0.0019 s/iter. Inference: 0.0689 s/iter. Eval: 1.2820 s/iter. Total: 1.3529 s/iter. ETA=0:29:20
[12/10 02:41:25 d2.evaluation.evaluator]: Inference done 703/2000. Dataloading: 0.0019 s/iter. Inference: 0.0689 s/iter. Eval: 1.2823 s/iter. Total: 1.3532 s/iter. ETA=0:29:15
[12/10 02:41:31 d2.evaluation.evaluator]: Inference done 706/2000. Dataloading: 0.0019 s/iter. Inference: 0.0689 s/iter. Eval: 1.2852 s/iter. Total: 1.3561 s/iter. ETA=0:29:14
[12/10 02:41:38 d2.evaluation.evaluator]: Inference done 710/2000. Dataloading: 0.0019 s/iter. Inference: 0.0689 s/iter. Eval: 1.2872 s/iter. Total: 1.3581 s/iter. ETA=0:29:11
[12/10 02:41:43 d2.evaluation.evaluator]: Inference done 715/2000. Dataloading: 0.0019 s/iter. Inference: 0.0689 s/iter. Eval: 1.2851 s/iter. Total: 1.3560 s/iter. ETA=0:29:02
[12/10 02:41:49 d2.evaluation.evaluator]: Inference done 721/2000. Dataloading: 0.0019 s/iter. Inference: 0.0689 s/iter. Eval: 1.2821 s/iter. Total: 1.3530 s/iter. ETA=0:28:50
[12/10 02:41:54 d2.evaluation.evaluator]: Inference done 724/2000. Dataloading: 0.0019 s/iter. Inference: 0.0689 s/iter. Eval: 1.2837 s/iter. Total: 1.3546 s/iter. ETA=0:28:48
[12/10 02:42:00 d2.evaluation.evaluator]: Inference done 729/2000. Dataloading: 0.0019 s/iter. Inference: 0.0689 s/iter. Eval: 1.2813 s/iter. Total: 1.3523 s/iter. ETA=0:28:38
[12/10 02:42:05 d2.evaluation.evaluator]: Inference done 733/2000. Dataloading: 0.0019 s/iter. Inference: 0.0689 s/iter. Eval: 1.2813 s/iter. Total: 1.3522 s/iter. ETA=0:28:33
[12/10 02:42:11 d2.evaluation.evaluator]: Inference done 738/2000. Dataloading: 0.0019 s/iter. Inference: 0.0689 s/iter. Eval: 1.2801 s/iter. Total: 1.3510 s/iter. ETA=0:28:24
[12/10 02:42:17 d2.evaluation.evaluator]: Inference done 743/2000. Dataloading: 0.0019 s/iter. Inference: 0.0689 s/iter. Eval: 1.2789 s/iter. Total: 1.3498 s/iter. ETA=0:28:16
[12/10 02:42:22 d2.evaluation.evaluator]: Inference done 748/2000. Dataloading: 0.0019 s/iter. Inference: 0.0689 s/iter. Eval: 1.2773 s/iter. Total: 1.3482 s/iter. ETA=0:28:07
[12/10 02:42:28 d2.evaluation.evaluator]: Inference done 754/2000. Dataloading: 0.0019 s/iter. Inference: 0.0690 s/iter. Eval: 1.2743 s/iter. Total: 1.3453 s/iter. ETA=0:27:56
[12/10 02:42:33 d2.evaluation.evaluator]: Inference done 761/2000. Dataloading: 0.0019 s/iter. Inference: 0.0690 s/iter. Eval: 1.2687 s/iter. Total: 1.3397 s/iter. ETA=0:27:39
[12/10 02:42:39 d2.evaluation.evaluator]: Inference done 767/2000. Dataloading: 0.0019 s/iter. Inference: 0.0690 s/iter. Eval: 1.2651 s/iter. Total: 1.3361 s/iter. ETA=0:27:27
[12/10 02:42:44 d2.evaluation.evaluator]: Inference done 770/2000. Dataloading: 0.0019 s/iter. Inference: 0.0690 s/iter. Eval: 1.2664 s/iter. Total: 1.3374 s/iter. ETA=0:27:24
[12/10 02:42:50 d2.evaluation.evaluator]: Inference done 775/2000. Dataloading: 0.0019 s/iter. Inference: 0.0690 s/iter. Eval: 1.2655 s/iter. Total: 1.3365 s/iter. ETA=0:27:17
[12/10 02:42:56 d2.evaluation.evaluator]: Inference done 779/2000. Dataloading: 0.0019 s/iter. Inference: 0.0690 s/iter. Eval: 1.2667 s/iter. Total: 1.3378 s/iter. ETA=0:27:13
[12/10 02:43:01 d2.evaluation.evaluator]: Inference done 783/2000. Dataloading: 0.0019 s/iter. Inference: 0.0690 s/iter. Eval: 1.2668 s/iter. Total: 1.3378 s/iter. ETA=0:27:08
[12/10 02:43:07 d2.evaluation.evaluator]: Inference done 788/2000. Dataloading: 0.0019 s/iter. Inference: 0.0690 s/iter. Eval: 1.2656 s/iter. Total: 1.3366 s/iter. ETA=0:27:00
[12/10 02:43:13 d2.evaluation.evaluator]: Inference done 794/2000. Dataloading: 0.0019 s/iter. Inference: 0.0690 s/iter. Eval: 1.2629 s/iter. Total: 1.3339 s/iter. ETA=0:26:48
[12/10 02:43:19 d2.evaluation.evaluator]: Inference done 799/2000. Dataloading: 0.0019 s/iter. Inference: 0.0690 s/iter. Eval: 1.2618 s/iter. Total: 1.3328 s/iter. ETA=0:26:40
[12/10 02:43:25 d2.evaluation.evaluator]: Inference done 804/2000. Dataloading: 0.0019 s/iter. Inference: 0.0690 s/iter. Eval: 1.2608 s/iter. Total: 1.3319 s/iter. ETA=0:26:32
[12/10 02:43:31 d2.evaluation.evaluator]: Inference done 809/2000. Dataloading: 0.0019 s/iter. Inference: 0.0690 s/iter. Eval: 1.2603 s/iter. Total: 1.3314 s/iter. ETA=0:26:25
[12/10 02:43:37 d2.evaluation.evaluator]: Inference done 814/2000. Dataloading: 0.0019 s/iter. Inference: 0.0690 s/iter. Eval: 1.2593 s/iter. Total: 1.3303 s/iter. ETA=0:26:17
[12/10 02:43:43 d2.evaluation.evaluator]: Inference done 819/2000. Dataloading: 0.0019 s/iter. Inference: 0.0690 s/iter. Eval: 1.2591 s/iter. Total: 1.3302 s/iter. ETA=0:26:10
[12/10 02:43:50 d2.evaluation.evaluator]: Inference done 822/2000. Dataloading: 0.0019 s/iter. Inference: 0.0690 s/iter. Eval: 1.2620 s/iter. Total: 1.3330 s/iter. ETA=0:26:10
[12/10 02:43:56 d2.evaluation.evaluator]: Inference done 825/2000. Dataloading: 0.0019 s/iter. Inference: 0.0690 s/iter. Eval: 1.2649 s/iter. Total: 1.3359 s/iter. ETA=0:26:09
[12/10 02:44:02 d2.evaluation.evaluator]: Inference done 831/2000. Dataloading: 0.0019 s/iter. Inference: 0.0690 s/iter. Eval: 1.2622 s/iter. Total: 1.3332 s/iter. ETA=0:25:58
[12/10 02:44:07 d2.evaluation.evaluator]: Inference done 835/2000. Dataloading: 0.0019 s/iter. Inference: 0.0690 s/iter. Eval: 1.2619 s/iter. Total: 1.3329 s/iter. ETA=0:25:52
[12/10 02:44:13 d2.evaluation.evaluator]: Inference done 841/2000. Dataloading: 0.0019 s/iter. Inference: 0.0690 s/iter. Eval: 1.2599 s/iter. Total: 1.3310 s/iter. ETA=0:25:42
[12/10 02:44:18 d2.evaluation.evaluator]: Inference done 844/2000. Dataloading: 0.0019 s/iter. Inference: 0.0690 s/iter. Eval: 1.2611 s/iter. Total: 1.3322 s/iter. ETA=0:25:39
[12/10 02:44:24 d2.evaluation.evaluator]: Inference done 849/2000. Dataloading: 0.0019 s/iter. Inference: 0.0691 s/iter. Eval: 1.2606 s/iter. Total: 1.3317 s/iter. ETA=0:25:32
[12/10 02:44:30 d2.evaluation.evaluator]: Inference done 856/2000. Dataloading: 0.0019 s/iter. Inference: 0.0690 s/iter. Eval: 1.2564 s/iter. Total: 1.3274 s/iter. ETA=0:25:18
[12/10 02:44:36 d2.evaluation.evaluator]: Inference done 861/2000. Dataloading: 0.0019 s/iter. Inference: 0.0691 s/iter. Eval: 1.2550 s/iter. Total: 1.3260 s/iter. ETA=0:25:10
[12/10 02:44:41 d2.evaluation.evaluator]: Inference done 866/2000. Dataloading: 0.0019 s/iter. Inference: 0.0691 s/iter. Eval: 1.2535 s/iter. Total: 1.3245 s/iter. ETA=0:25:02
[12/10 02:44:47 d2.evaluation.evaluator]: Inference done 870/2000. Dataloading: 0.0019 s/iter. Inference: 0.0691 s/iter. Eval: 1.2546 s/iter. Total: 1.3256 s/iter. ETA=0:24:57
[12/10 02:44:52 d2.evaluation.evaluator]: Inference done 875/2000. Dataloading: 0.0019 s/iter. Inference: 0.0691 s/iter. Eval: 1.2529 s/iter. Total: 1.3240 s/iter. ETA=0:24:49
[12/10 02:44:59 d2.evaluation.evaluator]: Inference done 879/2000. Dataloading: 0.0019 s/iter. Inference: 0.0691 s/iter. Eval: 1.2540 s/iter. Total: 1.3251 s/iter. ETA=0:24:45
[12/10 02:45:04 d2.evaluation.evaluator]: Inference done 883/2000. Dataloading: 0.0019 s/iter. Inference: 0.0691 s/iter. Eval: 1.2546 s/iter. Total: 1.3257 s/iter. ETA=0:24:40
[12/10 02:45:11 d2.evaluation.evaluator]: Inference done 887/2000. Dataloading: 0.0019 s/iter. Inference: 0.0691 s/iter. Eval: 1.2557 s/iter. Total: 1.3267 s/iter. ETA=0:24:36
[12/10 02:45:17 d2.evaluation.evaluator]: Inference done 891/2000. Dataloading: 0.0019 s/iter. Inference: 0.0691 s/iter. Eval: 1.2563 s/iter. Total: 1.3274 s/iter. ETA=0:24:32
[12/10 02:45:22 d2.evaluation.evaluator]: Inference done 895/2000. Dataloading: 0.0019 s/iter. Inference: 0.0691 s/iter. Eval: 1.2562 s/iter. Total: 1.3273 s/iter. ETA=0:24:26
[12/10 02:45:29 d2.evaluation.evaluator]: Inference done 899/2000. Dataloading: 0.0019 s/iter. Inference: 0.0691 s/iter. Eval: 1.2580 s/iter. Total: 1.3291 s/iter. ETA=0:24:23
[12/10 02:45:34 d2.evaluation.evaluator]: Inference done 904/2000. Dataloading: 0.0019 s/iter. Inference: 0.0691 s/iter. Eval: 1.2570 s/iter. Total: 1.3280 s/iter. ETA=0:24:15
[12/10 02:45:40 d2.evaluation.evaluator]: Inference done 909/2000. Dataloading: 0.0019 s/iter. Inference: 0.0691 s/iter. Eval: 1.2553 s/iter. Total: 1.3264 s/iter. ETA=0:24:07
[12/10 02:45:46 d2.evaluation.evaluator]: Inference done 913/2000. Dataloading: 0.0019 s/iter. Inference: 0.0691 s/iter. Eval: 1.2569 s/iter. Total: 1.3280 s/iter. ETA=0:24:03
[12/10 02:45:52 d2.evaluation.evaluator]: Inference done 919/2000. Dataloading: 0.0019 s/iter. Inference: 0.0691 s/iter. Eval: 1.2549 s/iter. Total: 1.3260 s/iter. ETA=0:23:53
[12/10 02:45:59 d2.evaluation.evaluator]: Inference done 925/2000. Dataloading: 0.0019 s/iter. Inference: 0.0691 s/iter. Eval: 1.2535 s/iter. Total: 1.3246 s/iter. ETA=0:23:43
[12/10 02:46:05 d2.evaluation.evaluator]: Inference done 928/2000. Dataloading: 0.0019 s/iter. Inference: 0.0691 s/iter. Eval: 1.2550 s/iter. Total: 1.3261 s/iter. ETA=0:23:41
[12/10 02:46:10 d2.evaluation.evaluator]: Inference done 932/2000. Dataloading: 0.0019 s/iter. Inference: 0.0691 s/iter. Eval: 1.2553 s/iter. Total: 1.3264 s/iter. ETA=0:23:36
[12/10 02:46:15 d2.evaluation.evaluator]: Inference done 936/2000. Dataloading: 0.0019 s/iter. Inference: 0.0691 s/iter. Eval: 1.2554 s/iter. Total: 1.3265 s/iter. ETA=0:23:31
[12/10 02:46:22 d2.evaluation.evaluator]: Inference done 940/2000. Dataloading: 0.0019 s/iter. Inference: 0.0691 s/iter. Eval: 1.2564 s/iter. Total: 1.3275 s/iter. ETA=0:23:27
[12/10 02:46:28 d2.evaluation.evaluator]: Inference done 943/2000. Dataloading: 0.0019 s/iter. Inference: 0.0691 s/iter. Eval: 1.2584 s/iter. Total: 1.3296 s/iter. ETA=0:23:25
[12/10 02:46:34 d2.evaluation.evaluator]: Inference done 948/2000. Dataloading: 0.0019 s/iter. Inference: 0.0691 s/iter. Eval: 1.2577 s/iter. Total: 1.3289 s/iter. ETA=0:23:17
[12/10 02:46:39 d2.evaluation.evaluator]: Inference done 951/2000. Dataloading: 0.0019 s/iter. Inference: 0.0691 s/iter. Eval: 1.2590 s/iter. Total: 1.3301 s/iter. ETA=0:23:15
[12/10 02:46:45 d2.evaluation.evaluator]: Inference done 956/2000. Dataloading: 0.0019 s/iter. Inference: 0.0691 s/iter. Eval: 1.2585 s/iter. Total: 1.3297 s/iter. ETA=0:23:08
[12/10 02:46:52 d2.evaluation.evaluator]: Inference done 960/2000. Dataloading: 0.0019 s/iter. Inference: 0.0691 s/iter. Eval: 1.2606 s/iter. Total: 1.3318 s/iter. ETA=0:23:05
[12/10 02:46:58 d2.evaluation.evaluator]: Inference done 964/2000. Dataloading: 0.0019 s/iter. Inference: 0.0691 s/iter. Eval: 1.2611 s/iter. Total: 1.3322 s/iter. ETA=0:23:00
[12/10 02:47:04 d2.evaluation.evaluator]: Inference done 969/2000. Dataloading: 0.0019 s/iter. Inference: 0.0691 s/iter. Eval: 1.2599 s/iter. Total: 1.3310 s/iter. ETA=0:22:52
[12/10 02:47:10 d2.evaluation.evaluator]: Inference done 974/2000. Dataloading: 0.0019 s/iter. Inference: 0.0691 s/iter. Eval: 1.2595 s/iter. Total: 1.3306 s/iter. ETA=0:22:45
[12/10 02:47:16 d2.evaluation.evaluator]: Inference done 977/2000. Dataloading: 0.0019 s/iter. Inference: 0.0691 s/iter. Eval: 1.2615 s/iter. Total: 1.3326 s/iter. ETA=0:22:43
[12/10 02:47:23 d2.evaluation.evaluator]: Inference done 981/2000. Dataloading: 0.0019 s/iter. Inference: 0.0691 s/iter. Eval: 1.2630 s/iter. Total: 1.3342 s/iter. ETA=0:22:39
[12/10 02:47:28 d2.evaluation.evaluator]: Inference done 987/2000. Dataloading: 0.0019 s/iter. Inference: 0.0691 s/iter. Eval: 1.2603 s/iter. Total: 1.3314 s/iter. ETA=0:22:28
[12/10 02:47:33 d2.evaluation.evaluator]: Inference done 991/2000. Dataloading: 0.0019 s/iter. Inference: 0.0691 s/iter. Eval: 1.2601 s/iter. Total: 1.3312 s/iter. ETA=0:22:23
[12/10 02:47:38 d2.evaluation.evaluator]: Inference done 995/2000. Dataloading: 0.0019 s/iter. Inference: 0.0691 s/iter. Eval: 1.2601 s/iter. Total: 1.3312 s/iter. ETA=0:22:17
[12/10 02:47:44 d2.evaluation.evaluator]: Inference done 999/2000. Dataloading: 0.0019 s/iter. Inference: 0.0691 s/iter. Eval: 1.2605 s/iter. Total: 1.3316 s/iter. ETA=0:22:12
[12/10 02:47:50 d2.evaluation.evaluator]: Inference done 1003/2000. Dataloading: 0.0019 s/iter. Inference: 0.0691 s/iter. Eval: 1.2607 s/iter. Total: 1.3318 s/iter. ETA=0:22:07
[12/10 02:47:56 d2.evaluation.evaluator]: Inference done 1006/2000. Dataloading: 0.0019 s/iter. Inference: 0.0691 s/iter. Eval: 1.2628 s/iter. Total: 1.3339 s/iter. ETA=0:22:05
[12/10 02:48:02 d2.evaluation.evaluator]: Inference done 1012/2000. Dataloading: 0.0019 s/iter. Inference: 0.0691 s/iter. Eval: 1.2608 s/iter. Total: 1.3319 s/iter. ETA=0:21:55
[12/10 02:48:08 d2.evaluation.evaluator]: Inference done 1017/2000. Dataloading: 0.0019 s/iter. Inference: 0.0691 s/iter. Eval: 1.2601 s/iter. Total: 1.3312 s/iter. ETA=0:21:48
[12/10 02:48:15 d2.evaluation.evaluator]: Inference done 1023/2000. Dataloading: 0.0019 s/iter. Inference: 0.0691 s/iter. Eval: 1.2592 s/iter. Total: 1.3303 s/iter. ETA=0:21:39
[12/10 02:48:21 d2.evaluation.evaluator]: Inference done 1028/2000. Dataloading: 0.0019 s/iter. Inference: 0.0691 s/iter. Eval: 1.2586 s/iter. Total: 1.3296 s/iter. ETA=0:21:32
[12/10 02:48:27 d2.evaluation.evaluator]: Inference done 1033/2000. Dataloading: 0.0019 s/iter. Inference: 0.0691 s/iter. Eval: 1.2585 s/iter. Total: 1.3296 s/iter. ETA=0:21:25
[12/10 02:48:33 d2.evaluation.evaluator]: Inference done 1037/2000. Dataloading: 0.0019 s/iter. Inference: 0.0691 s/iter. Eval: 1.2587 s/iter. Total: 1.3298 s/iter. ETA=0:21:20
[12/10 02:48:38 d2.evaluation.evaluator]: Inference done 1040/2000. Dataloading: 0.0019 s/iter. Inference: 0.0691 s/iter. Eval: 1.2601 s/iter. Total: 1.3312 s/iter. ETA=0:21:17
[12/10 02:48:46 d2.evaluation.evaluator]: Inference done 1044/2000. Dataloading: 0.0019 s/iter. Inference: 0.0691 s/iter. Eval: 1.2626 s/iter. Total: 1.3337 s/iter. ETA=0:21:14
[12/10 02:48:53 d2.evaluation.evaluator]: Inference done 1049/2000. Dataloading: 0.0019 s/iter. Inference: 0.0691 s/iter. Eval: 1.2628 s/iter. Total: 1.3339 s/iter. ETA=0:21:08
[12/10 02:48:58 d2.evaluation.evaluator]: Inference done 1054/2000. Dataloading: 0.0019 s/iter. Inference: 0.0691 s/iter. Eval: 1.2613 s/iter. Total: 1.3324 s/iter. ETA=0:21:00
[12/10 02:49:04 d2.evaluation.evaluator]: Inference done 1060/2000. Dataloading: 0.0019 s/iter. Inference: 0.0691 s/iter. Eval: 1.2595 s/iter. Total: 1.3305 s/iter. ETA=0:20:50
[12/10 02:49:10 d2.evaluation.evaluator]: Inference done 1066/2000. Dataloading: 0.0019 s/iter. Inference: 0.0691 s/iter. Eval: 1.2576 s/iter. Total: 1.3287 s/iter. ETA=0:20:41
[12/10 02:49:15 d2.evaluation.evaluator]: Inference done 1069/2000. Dataloading: 0.0019 s/iter. Inference: 0.0691 s/iter. Eval: 1.2586 s/iter. Total: 1.3297 s/iter. ETA=0:20:37
[12/10 02:49:21 d2.evaluation.evaluator]: Inference done 1071/2000. Dataloading: 0.0019 s/iter. Inference: 0.0691 s/iter. Eval: 1.2613 s/iter. Total: 1.3324 s/iter. ETA=0:20:37
[12/10 02:49:27 d2.evaluation.evaluator]: Inference done 1075/2000. Dataloading: 0.0019 s/iter. Inference: 0.0691 s/iter. Eval: 1.2617 s/iter. Total: 1.3328 s/iter. ETA=0:20:32
[12/10 02:49:33 d2.evaluation.evaluator]: Inference done 1080/2000. Dataloading: 0.0019 s/iter. Inference: 0.0691 s/iter. Eval: 1.2618 s/iter. Total: 1.3329 s/iter. ETA=0:20:26
[12/10 02:49:40 d2.evaluation.evaluator]: Inference done 1084/2000. Dataloading: 0.0019 s/iter. Inference: 0.0691 s/iter. Eval: 1.2627 s/iter. Total: 1.3338 s/iter. ETA=0:20:21
[12/10 02:49:46 d2.evaluation.evaluator]: Inference done 1091/2000. Dataloading: 0.0019 s/iter. Inference: 0.0691 s/iter. Eval: 1.2601 s/iter. Total: 1.3312 s/iter. ETA=0:20:10
[12/10 02:49:52 d2.evaluation.evaluator]: Inference done 1097/2000. Dataloading: 0.0019 s/iter. Inference: 0.0691 s/iter. Eval: 1.2583 s/iter. Total: 1.3294 s/iter. ETA=0:20:00
[12/10 02:49:59 d2.evaluation.evaluator]: Inference done 1103/2000. Dataloading: 0.0019 s/iter. Inference: 0.0691 s/iter. Eval: 1.2572 s/iter. Total: 1.3284 s/iter. ETA=0:19:51
[12/10 02:50:05 d2.evaluation.evaluator]: Inference done 1108/2000. Dataloading: 0.0019 s/iter. Inference: 0.0691 s/iter. Eval: 1.2571 s/iter. Total: 1.3282 s/iter. ETA=0:19:44
[12/10 02:50:11 d2.evaluation.evaluator]: Inference done 1112/2000. Dataloading: 0.0019 s/iter. Inference: 0.0691 s/iter. Eval: 1.2576 s/iter. Total: 1.3287 s/iter. ETA=0:19:39
[12/10 02:50:17 d2.evaluation.evaluator]: Inference done 1115/2000. Dataloading: 0.0019 s/iter. Inference: 0.0691 s/iter. Eval: 1.2588 s/iter. Total: 1.3299 s/iter. ETA=0:19:36
[12/10 02:50:22 d2.evaluation.evaluator]: Inference done 1120/2000. Dataloading: 0.0019 s/iter. Inference: 0.0691 s/iter. Eval: 1.2577 s/iter. Total: 1.3288 s/iter. ETA=0:19:29
[12/10 02:50:28 d2.evaluation.evaluator]: Inference done 1124/2000. Dataloading: 0.0019 s/iter. Inference: 0.0691 s/iter. Eval: 1.2579 s/iter. Total: 1.3291 s/iter. ETA=0:19:24
[12/10 02:50:33 d2.evaluation.evaluator]: Inference done 1129/2000. Dataloading: 0.0019 s/iter. Inference: 0.0691 s/iter. Eval: 1.2569 s/iter. Total: 1.3280 s/iter. ETA=0:19:16
[12/10 02:50:39 d2.evaluation.evaluator]: Inference done 1134/2000. Dataloading: 0.0019 s/iter. Inference: 0.0691 s/iter. Eval: 1.2562 s/iter. Total: 1.3273 s/iter. ETA=0:19:09
[12/10 02:50:45 d2.evaluation.evaluator]: Inference done 1137/2000. Dataloading: 0.0019 s/iter. Inference: 0.0691 s/iter. Eval: 1.2578 s/iter. Total: 1.3290 s/iter. ETA=0:19:06
[12/10 02:50:50 d2.evaluation.evaluator]: Inference done 1142/2000. Dataloading: 0.0019 s/iter. Inference: 0.0692 s/iter. Eval: 1.2567 s/iter. Total: 1.3278 s/iter. ETA=0:18:59
[12/10 02:50:56 d2.evaluation.evaluator]: Inference done 1146/2000. Dataloading: 0.0019 s/iter. Inference: 0.0692 s/iter. Eval: 1.2573 s/iter. Total: 1.3284 s/iter. ETA=0:18:54
[12/10 02:51:02 d2.evaluation.evaluator]: Inference done 1150/2000. Dataloading: 0.0019 s/iter. Inference: 0.0692 s/iter. Eval: 1.2578 s/iter. Total: 1.3289 s/iter. ETA=0:18:49
[12/10 02:51:08 d2.evaluation.evaluator]: Inference done 1155/2000. Dataloading: 0.0019 s/iter. Inference: 0.0692 s/iter. Eval: 1.2568 s/iter. Total: 1.3280 s/iter. ETA=0:18:42
[12/10 02:51:13 d2.evaluation.evaluator]: Inference done 1158/2000. Dataloading: 0.0019 s/iter. Inference: 0.0692 s/iter. Eval: 1.2582 s/iter. Total: 1.3293 s/iter. ETA=0:18:39
[12/10 02:51:20 d2.evaluation.evaluator]: Inference done 1162/2000. Dataloading: 0.0019 s/iter. Inference: 0.0692 s/iter. Eval: 1.2599 s/iter. Total: 1.3310 s/iter. ETA=0:18:35
[12/10 02:51:27 d2.evaluation.evaluator]: Inference done 1166/2000. Dataloading: 0.0019 s/iter. Inference: 0.0692 s/iter. Eval: 1.2606 s/iter. Total: 1.3318 s/iter. ETA=0:18:30
[12/10 02:51:33 d2.evaluation.evaluator]: Inference done 1171/2000. Dataloading: 0.0019 s/iter. Inference: 0.0692 s/iter. Eval: 1.2600 s/iter. Total: 1.3311 s/iter. ETA=0:18:23
[12/10 02:51:39 d2.evaluation.evaluator]: Inference done 1176/2000. Dataloading: 0.0019 s/iter. Inference: 0.0692 s/iter. Eval: 1.2596 s/iter. Total: 1.3308 s/iter. ETA=0:18:16
[12/10 02:51:44 d2.evaluation.evaluator]: Inference done 1179/2000. Dataloading: 0.0019 s/iter. Inference: 0.0692 s/iter. Eval: 1.2609 s/iter. Total: 1.3321 s/iter. ETA=0:18:13
[12/10 02:51:50 d2.evaluation.evaluator]: Inference done 1182/2000. Dataloading: 0.0019 s/iter. Inference: 0.0692 s/iter. Eval: 1.2622 s/iter. Total: 1.3334 s/iter. ETA=0:18:10
[12/10 02:51:55 d2.evaluation.evaluator]: Inference done 1186/2000. Dataloading: 0.0019 s/iter. Inference: 0.0692 s/iter. Eval: 1.2621 s/iter. Total: 1.3332 s/iter. ETA=0:18:05
[12/10 02:52:01 d2.evaluation.evaluator]: Inference done 1189/2000. Dataloading: 0.0019 s/iter. Inference: 0.0692 s/iter. Eval: 1.2640 s/iter. Total: 1.3352 s/iter. ETA=0:18:02
[12/10 02:52:08 d2.evaluation.evaluator]: Inference done 1193/2000. Dataloading: 0.0019 s/iter. Inference: 0.0692 s/iter. Eval: 1.2652 s/iter. Total: 1.3364 s/iter. ETA=0:17:58
[12/10 02:52:14 d2.evaluation.evaluator]: Inference done 1197/2000. Dataloading: 0.0019 s/iter. Inference: 0.0692 s/iter. Eval: 1.2654 s/iter. Total: 1.3366 s/iter. ETA=0:17:53
[12/10 02:52:19 d2.evaluation.evaluator]: Inference done 1204/2000. Dataloading: 0.0019 s/iter. Inference: 0.0692 s/iter. Eval: 1.2623 s/iter. Total: 1.3334 s/iter. ETA=0:17:41
[12/10 02:52:26 d2.evaluation.evaluator]: Inference done 1209/2000. Dataloading: 0.0019 s/iter. Inference: 0.0692 s/iter. Eval: 1.2619 s/iter. Total: 1.3331 s/iter. ETA=0:17:34
[12/10 02:52:31 d2.evaluation.evaluator]: Inference done 1216/2000. Dataloading: 0.0019 s/iter. Inference: 0.0692 s/iter. Eval: 1.2590 s/iter. Total: 1.3302 s/iter. ETA=0:17:22
[12/10 02:52:37 d2.evaluation.evaluator]: Inference done 1220/2000. Dataloading: 0.0019 s/iter. Inference: 0.0692 s/iter. Eval: 1.2596 s/iter. Total: 1.3308 s/iter. ETA=0:17:18
[12/10 02:52:43 d2.evaluation.evaluator]: Inference done 1226/2000. Dataloading: 0.0019 s/iter. Inference: 0.0692 s/iter. Eval: 1.2576 s/iter. Total: 1.3288 s/iter. ETA=0:17:08
[12/10 02:52:50 d2.evaluation.evaluator]: Inference done 1231/2000. Dataloading: 0.0019 s/iter. Inference: 0.0692 s/iter. Eval: 1.2578 s/iter. Total: 1.3289 s/iter. ETA=0:17:01
[12/10 02:52:55 d2.evaluation.evaluator]: Inference done 1237/2000. Dataloading: 0.0019 s/iter. Inference: 0.0692 s/iter. Eval: 1.2558 s/iter. Total: 1.3270 s/iter. ETA=0:16:52
[12/10 02:53:01 d2.evaluation.evaluator]: Inference done 1242/2000. Dataloading: 0.0019 s/iter. Inference: 0.0692 s/iter. Eval: 1.2547 s/iter. Total: 1.3258 s/iter. ETA=0:16:44
[12/10 02:53:07 d2.evaluation.evaluator]: Inference done 1248/2000. Dataloading: 0.0019 s/iter. Inference: 0.0692 s/iter. Eval: 1.2533 s/iter. Total: 1.3245 s/iter. ETA=0:16:36
[12/10 02:53:14 d2.evaluation.evaluator]: Inference done 1255/2000. Dataloading: 0.0019 s/iter. Inference: 0.0692 s/iter. Eval: 1.2513 s/iter. Total: 1.3225 s/iter. ETA=0:16:25
[12/10 02:53:20 d2.evaluation.evaluator]: Inference done 1260/2000. Dataloading: 0.0019 s/iter. Inference: 0.0692 s/iter. Eval: 1.2508 s/iter. Total: 1.3220 s/iter. ETA=0:16:18
[12/10 02:53:26 d2.evaluation.evaluator]: Inference done 1266/2000. Dataloading: 0.0019 s/iter. Inference: 0.0692 s/iter. Eval: 1.2499 s/iter. Total: 1.3211 s/iter. ETA=0:16:09
[12/10 02:53:31 d2.evaluation.evaluator]: Inference done 1270/2000. Dataloading: 0.0019 s/iter. Inference: 0.0692 s/iter. Eval: 1.2497 s/iter. Total: 1.3209 s/iter. ETA=0:16:04
[12/10 02:53:36 d2.evaluation.evaluator]: Inference done 1275/2000. Dataloading: 0.0019 s/iter. Inference: 0.0692 s/iter. Eval: 1.2485 s/iter. Total: 1.3196 s/iter. ETA=0:15:56
[12/10 02:53:41 d2.evaluation.evaluator]: Inference done 1279/2000. Dataloading: 0.0019 s/iter. Inference: 0.0692 s/iter. Eval: 1.2483 s/iter. Total: 1.3194 s/iter. ETA=0:15:51
[12/10 02:53:47 d2.evaluation.evaluator]: Inference done 1283/2000. Dataloading: 0.0019 s/iter. Inference: 0.0692 s/iter. Eval: 1.2483 s/iter. Total: 1.3194 s/iter. ETA=0:15:46
[12/10 02:53:53 d2.evaluation.evaluator]: Inference done 1288/2000. Dataloading: 0.0019 s/iter. Inference: 0.0691 s/iter. Eval: 1.2483 s/iter. Total: 1.3194 s/iter. ETA=0:15:39
[12/10 02:53:59 d2.evaluation.evaluator]: Inference done 1291/2000. Dataloading: 0.0019 s/iter. Inference: 0.0691 s/iter. Eval: 1.2495 s/iter. Total: 1.3206 s/iter. ETA=0:15:36
[12/10 02:54:05 d2.evaluation.evaluator]: Inference done 1296/2000. Dataloading: 0.0019 s/iter. Inference: 0.0691 s/iter. Eval: 1.2489 s/iter. Total: 1.3200 s/iter. ETA=0:15:29
[12/10 02:54:11 d2.evaluation.evaluator]: Inference done 1300/2000. Dataloading: 0.0019 s/iter. Inference: 0.0691 s/iter. Eval: 1.2496 s/iter. Total: 1.3207 s/iter. ETA=0:15:24
[12/10 02:54:18 d2.evaluation.evaluator]: Inference done 1306/2000. Dataloading: 0.0019 s/iter. Inference: 0.0691 s/iter. Eval: 1.2486 s/iter. Total: 1.3198 s/iter. ETA=0:15:15
[12/10 02:54:24 d2.evaluation.evaluator]: Inference done 1312/2000. Dataloading: 0.0019 s/iter. Inference: 0.0691 s/iter. Eval: 1.2475 s/iter. Total: 1.3186 s/iter. ETA=0:15:07
[12/10 02:54:30 d2.evaluation.evaluator]: Inference done 1316/2000. Dataloading: 0.0019 s/iter. Inference: 0.0691 s/iter. Eval: 1.2481 s/iter. Total: 1.3192 s/iter. ETA=0:15:02
[12/10 02:54:35 d2.evaluation.evaluator]: Inference done 1319/2000. Dataloading: 0.0019 s/iter. Inference: 0.0691 s/iter. Eval: 1.2490 s/iter. Total: 1.3201 s/iter. ETA=0:14:58
[12/10 02:54:41 d2.evaluation.evaluator]: Inference done 1322/2000. Dataloading: 0.0019 s/iter. Inference: 0.0691 s/iter. Eval: 1.2502 s/iter. Total: 1.3213 s/iter. ETA=0:14:55
[12/10 02:54:46 d2.evaluation.evaluator]: Inference done 1326/2000. Dataloading: 0.0019 s/iter. Inference: 0.0691 s/iter. Eval: 1.2501 s/iter. Total: 1.3212 s/iter. ETA=0:14:50
[12/10 02:54:52 d2.evaluation.evaluator]: Inference done 1331/2000. Dataloading: 0.0019 s/iter. Inference: 0.0691 s/iter. Eval: 1.2495 s/iter. Total: 1.3207 s/iter. ETA=0:14:43
[12/10 02:54:57 d2.evaluation.evaluator]: Inference done 1334/2000. Dataloading: 0.0019 s/iter. Inference: 0.0691 s/iter. Eval: 1.2504 s/iter. Total: 1.3215 s/iter. ETA=0:14:40
[12/10 02:55:03 d2.evaluation.evaluator]: Inference done 1339/2000. Dataloading: 0.0019 s/iter. Inference: 0.0691 s/iter. Eval: 1.2500 s/iter. Total: 1.3211 s/iter. ETA=0:14:33
[12/10 02:55:09 d2.evaluation.evaluator]: Inference done 1342/2000. Dataloading: 0.0019 s/iter. Inference: 0.0691 s/iter. Eval: 1.2513 s/iter. Total: 1.3225 s/iter. ETA=0:14:30
[12/10 02:55:15 d2.evaluation.evaluator]: Inference done 1346/2000. Dataloading: 0.0019 s/iter. Inference: 0.0691 s/iter. Eval: 1.2523 s/iter. Total: 1.3234 s/iter. ETA=0:14:25
[12/10 02:55:22 d2.evaluation.evaluator]: Inference done 1351/2000. Dataloading: 0.0019 s/iter. Inference: 0.0691 s/iter. Eval: 1.2524 s/iter. Total: 1.3235 s/iter. ETA=0:14:18
[12/10 02:55:29 d2.evaluation.evaluator]: Inference done 1354/2000. Dataloading: 0.0019 s/iter. Inference: 0.0691 s/iter. Eval: 1.2545 s/iter. Total: 1.3256 s/iter. ETA=0:14:16
[12/10 02:55:34 d2.evaluation.evaluator]: Inference done 1359/2000. Dataloading: 0.0019 s/iter. Inference: 0.0691 s/iter. Eval: 1.2536 s/iter. Total: 1.3247 s/iter. ETA=0:14:09
[12/10 02:55:40 d2.evaluation.evaluator]: Inference done 1364/2000. Dataloading: 0.0019 s/iter. Inference: 0.0691 s/iter. Eval: 1.2528 s/iter. Total: 1.3239 s/iter. ETA=0:14:02
[12/10 02:55:45 d2.evaluation.evaluator]: Inference done 1367/2000. Dataloading: 0.0019 s/iter. Inference: 0.0691 s/iter. Eval: 1.2536 s/iter. Total: 1.3247 s/iter. ETA=0:13:58
[12/10 02:55:51 d2.evaluation.evaluator]: Inference done 1373/2000. Dataloading: 0.0019 s/iter. Inference: 0.0691 s/iter. Eval: 1.2526 s/iter. Total: 1.3238 s/iter. ETA=0:13:50
[12/10 02:55:57 d2.evaluation.evaluator]: Inference done 1377/2000. Dataloading: 0.0019 s/iter. Inference: 0.0691 s/iter. Eval: 1.2528 s/iter. Total: 1.3239 s/iter. ETA=0:13:44
[12/10 02:56:03 d2.evaluation.evaluator]: Inference done 1383/2000. Dataloading: 0.0019 s/iter. Inference: 0.0692 s/iter. Eval: 1.2513 s/iter. Total: 1.3224 s/iter. ETA=0:13:35
[12/10 02:56:09 d2.evaluation.evaluator]: Inference done 1388/2000. Dataloading: 0.0019 s/iter. Inference: 0.0692 s/iter. Eval: 1.2509 s/iter. Total: 1.3220 s/iter. ETA=0:13:29
[12/10 02:56:14 d2.evaluation.evaluator]: Inference done 1393/2000. Dataloading: 0.0019 s/iter. Inference: 0.0692 s/iter. Eval: 1.2500 s/iter. Total: 1.3212 s/iter. ETA=0:13:21
[12/10 02:56:20 d2.evaluation.evaluator]: Inference done 1398/2000. Dataloading: 0.0019 s/iter. Inference: 0.0692 s/iter. Eval: 1.2492 s/iter. Total: 1.3203 s/iter. ETA=0:13:14
[12/10 02:56:26 d2.evaluation.evaluator]: Inference done 1403/2000. Dataloading: 0.0019 s/iter. Inference: 0.0692 s/iter. Eval: 1.2491 s/iter. Total: 1.3202 s/iter. ETA=0:13:08
[12/10 02:56:31 d2.evaluation.evaluator]: Inference done 1408/2000. Dataloading: 0.0019 s/iter. Inference: 0.0692 s/iter. Eval: 1.2481 s/iter. Total: 1.3192 s/iter. ETA=0:13:00
[12/10 02:56:37 d2.evaluation.evaluator]: Inference done 1411/2000. Dataloading: 0.0019 s/iter. Inference: 0.0692 s/iter. Eval: 1.2490 s/iter. Total: 1.3201 s/iter. ETA=0:12:57
[12/10 02:56:42 d2.evaluation.evaluator]: Inference done 1417/2000. Dataloading: 0.0019 s/iter. Inference: 0.0692 s/iter. Eval: 1.2475 s/iter. Total: 1.3186 s/iter. ETA=0:12:48
[12/10 02:56:48 d2.evaluation.evaluator]: Inference done 1422/2000. Dataloading: 0.0019 s/iter. Inference: 0.0692 s/iter. Eval: 1.2468 s/iter. Total: 1.3179 s/iter. ETA=0:12:41
[12/10 02:56:53 d2.evaluation.evaluator]: Inference done 1425/2000. Dataloading: 0.0019 s/iter. Inference: 0.0692 s/iter. Eval: 1.2475 s/iter. Total: 1.3187 s/iter. ETA=0:12:38
[12/10 02:56:59 d2.evaluation.evaluator]: Inference done 1432/2000. Dataloading: 0.0019 s/iter. Inference: 0.0691 s/iter. Eval: 1.2451 s/iter. Total: 1.3163 s/iter. ETA=0:12:27
[12/10 02:57:04 d2.evaluation.evaluator]: Inference done 1440/2000. Dataloading: 0.0019 s/iter. Inference: 0.0691 s/iter. Eval: 1.2414 s/iter. Total: 1.3125 s/iter. ETA=0:12:15
[12/10 02:57:10 d2.evaluation.evaluator]: Inference done 1445/2000. Dataloading: 0.0019 s/iter. Inference: 0.0691 s/iter. Eval: 1.2408 s/iter. Total: 1.3119 s/iter. ETA=0:12:08
[12/10 02:57:16 d2.evaluation.evaluator]: Inference done 1450/2000. Dataloading: 0.0019 s/iter. Inference: 0.0691 s/iter. Eval: 1.2404 s/iter. Total: 1.3115 s/iter. ETA=0:12:01
[12/10 02:57:21 d2.evaluation.evaluator]: Inference done 1454/2000. Dataloading: 0.0019 s/iter. Inference: 0.0691 s/iter. Eval: 1.2407 s/iter. Total: 1.3118 s/iter. ETA=0:11:56
[12/10 02:57:27 d2.evaluation.evaluator]: Inference done 1457/2000. Dataloading: 0.0019 s/iter. Inference: 0.0691 s/iter. Eval: 1.2419 s/iter. Total: 1.3130 s/iter. ETA=0:11:52
[12/10 02:57:33 d2.evaluation.evaluator]: Inference done 1463/2000. Dataloading: 0.0019 s/iter. Inference: 0.0691 s/iter. Eval: 1.2409 s/iter. Total: 1.3120 s/iter. ETA=0:11:44
[12/10 02:57:39 d2.evaluation.evaluator]: Inference done 1467/2000. Dataloading: 0.0019 s/iter. Inference: 0.0691 s/iter. Eval: 1.2410 s/iter. Total: 1.3121 s/iter. ETA=0:11:39
[12/10 02:57:45 d2.evaluation.evaluator]: Inference done 1473/2000. Dataloading: 0.0019 s/iter. Inference: 0.0691 s/iter. Eval: 1.2397 s/iter. Total: 1.3108 s/iter. ETA=0:11:30
[12/10 02:57:50 d2.evaluation.evaluator]: Inference done 1478/2000. Dataloading: 0.0019 s/iter. Inference: 0.0691 s/iter. Eval: 1.2389 s/iter. Total: 1.3100 s/iter. ETA=0:11:23
[12/10 02:57:56 d2.evaluation.evaluator]: Inference done 1485/2000. Dataloading: 0.0019 s/iter. Inference: 0.0691 s/iter. Eval: 1.2370 s/iter. Total: 1.3081 s/iter. ETA=0:11:13
[12/10 02:58:02 d2.evaluation.evaluator]: Inference done 1489/2000. Dataloading: 0.0019 s/iter. Inference: 0.0691 s/iter. Eval: 1.2374 s/iter. Total: 1.3085 s/iter. ETA=0:11:08
[12/10 02:58:08 d2.evaluation.evaluator]: Inference done 1495/2000. Dataloading: 0.0019 s/iter. Inference: 0.0691 s/iter. Eval: 1.2361 s/iter. Total: 1.3072 s/iter. ETA=0:11:00
[12/10 02:58:14 d2.evaluation.evaluator]: Inference done 1502/2000. Dataloading: 0.0019 s/iter. Inference: 0.0691 s/iter. Eval: 1.2335 s/iter. Total: 1.3046 s/iter. ETA=0:10:49
[12/10 02:58:19 d2.evaluation.evaluator]: Inference done 1508/2000. Dataloading: 0.0019 s/iter. Inference: 0.0691 s/iter. Eval: 1.2318 s/iter. Total: 1.3029 s/iter. ETA=0:10:41
[12/10 02:58:25 d2.evaluation.evaluator]: Inference done 1512/2000. Dataloading: 0.0019 s/iter. Inference: 0.0691 s/iter. Eval: 1.2323 s/iter. Total: 1.3034 s/iter. ETA=0:10:36
[12/10 02:58:31 d2.evaluation.evaluator]: Inference done 1515/2000. Dataloading: 0.0019 s/iter. Inference: 0.0691 s/iter. Eval: 1.2335 s/iter. Total: 1.3046 s/iter. ETA=0:10:32
[12/10 02:58:36 d2.evaluation.evaluator]: Inference done 1521/2000. Dataloading: 0.0019 s/iter. Inference: 0.0691 s/iter. Eval: 1.2320 s/iter. Total: 1.3031 s/iter. ETA=0:10:24
[12/10 02:58:41 d2.evaluation.evaluator]: Inference done 1524/2000. Dataloading: 0.0019 s/iter. Inference: 0.0691 s/iter. Eval: 1.2330 s/iter. Total: 1.3041 s/iter. ETA=0:10:20
[12/10 02:58:47 d2.evaluation.evaluator]: Inference done 1531/2000. Dataloading: 0.0019 s/iter. Inference: 0.0691 s/iter. Eval: 1.2304 s/iter. Total: 1.3015 s/iter. ETA=0:10:10
[12/10 02:58:52 d2.evaluation.evaluator]: Inference done 1535/2000. Dataloading: 0.0019 s/iter. Inference: 0.0691 s/iter. Eval: 1.2307 s/iter. Total: 1.3018 s/iter. ETA=0:10:05
[12/10 02:58:57 d2.evaluation.evaluator]: Inference done 1541/2000. Dataloading: 0.0019 s/iter. Inference: 0.0691 s/iter. Eval: 1.2289 s/iter. Total: 1.3000 s/iter. ETA=0:09:56
[12/10 02:59:03 d2.evaluation.evaluator]: Inference done 1546/2000. Dataloading: 0.0019 s/iter. Inference: 0.0691 s/iter. Eval: 1.2285 s/iter. Total: 1.2997 s/iter. ETA=0:09:50
[12/10 02:59:09 d2.evaluation.evaluator]: Inference done 1550/2000. Dataloading: 0.0019 s/iter. Inference: 0.0691 s/iter. Eval: 1.2290 s/iter. Total: 1.3001 s/iter. ETA=0:09:45
[12/10 02:59:15 d2.evaluation.evaluator]: Inference done 1555/2000. Dataloading: 0.0019 s/iter. Inference: 0.0691 s/iter. Eval: 1.2286 s/iter. Total: 1.2997 s/iter. ETA=0:09:38
[12/10 02:59:20 d2.evaluation.evaluator]: Inference done 1559/2000. Dataloading: 0.0019 s/iter. Inference: 0.0691 s/iter. Eval: 1.2286 s/iter. Total: 1.2997 s/iter. ETA=0:09:33
[12/10 02:59:26 d2.evaluation.evaluator]: Inference done 1565/2000. Dataloading: 0.0019 s/iter. Inference: 0.0691 s/iter. Eval: 1.2271 s/iter. Total: 1.2982 s/iter. ETA=0:09:24
[12/10 02:59:31 d2.evaluation.evaluator]: Inference done 1570/2000. Dataloading: 0.0019 s/iter. Inference: 0.0691 s/iter. Eval: 1.2265 s/iter. Total: 1.2976 s/iter. ETA=0:09:17
[12/10 02:59:37 d2.evaluation.evaluator]: Inference done 1575/2000. Dataloading: 0.0019 s/iter. Inference: 0.0691 s/iter. Eval: 1.2258 s/iter. Total: 1.2970 s/iter. ETA=0:09:11
[12/10 02:59:42 d2.evaluation.evaluator]: Inference done 1582/2000. Dataloading: 0.0019 s/iter. Inference: 0.0691 s/iter. Eval: 1.2233 s/iter. Total: 1.2944 s/iter. ETA=0:09:01
[12/10 02:59:48 d2.evaluation.evaluator]: Inference done 1587/2000. Dataloading: 0.0019 s/iter. Inference: 0.0691 s/iter. Eval: 1.2231 s/iter. Total: 1.2942 s/iter. ETA=0:08:54
[12/10 02:59:54 d2.evaluation.evaluator]: Inference done 1592/2000. Dataloading: 0.0019 s/iter. Inference: 0.0691 s/iter. Eval: 1.2226 s/iter. Total: 1.2937 s/iter. ETA=0:08:47
[12/10 02:59:59 d2.evaluation.evaluator]: Inference done 1597/2000. Dataloading: 0.0019 s/iter. Inference: 0.0691 s/iter. Eval: 1.2217 s/iter. Total: 1.2928 s/iter. ETA=0:08:40
[12/10 03:00:05 d2.evaluation.evaluator]: Inference done 1601/2000. Dataloading: 0.0019 s/iter. Inference: 0.0691 s/iter. Eval: 1.2222 s/iter. Total: 1.2933 s/iter. ETA=0:08:36
[12/10 03:00:10 d2.evaluation.evaluator]: Inference done 1605/2000. Dataloading: 0.0019 s/iter. Inference: 0.0691 s/iter. Eval: 1.2224 s/iter. Total: 1.2935 s/iter. ETA=0:08:30
[12/10 03:00:16 d2.evaluation.evaluator]: Inference done 1612/2000. Dataloading: 0.0019 s/iter. Inference: 0.0691 s/iter. Eval: 1.2207 s/iter. Total: 1.2918 s/iter. ETA=0:08:21
[12/10 03:00:22 d2.evaluation.evaluator]: Inference done 1617/2000. Dataloading: 0.0019 s/iter. Inference: 0.0691 s/iter. Eval: 1.2199 s/iter. Total: 1.2910 s/iter. ETA=0:08:14
[12/10 03:00:27 d2.evaluation.evaluator]: Inference done 1622/2000. Dataloading: 0.0019 s/iter. Inference: 0.0691 s/iter. Eval: 1.2191 s/iter. Total: 1.2902 s/iter. ETA=0:08:07
[12/10 03:00:32 d2.evaluation.evaluator]: Inference done 1626/2000. Dataloading: 0.0019 s/iter. Inference: 0.0691 s/iter. Eval: 1.2193 s/iter. Total: 1.2904 s/iter. ETA=0:08:02
[12/10 03:00:37 d2.evaluation.evaluator]: Inference done 1629/2000. Dataloading: 0.0019 s/iter. Inference: 0.0691 s/iter. Eval: 1.2201 s/iter. Total: 1.2912 s/iter. ETA=0:07:59
[12/10 03:00:43 d2.evaluation.evaluator]: Inference done 1632/2000. Dataloading: 0.0019 s/iter. Inference: 0.0691 s/iter. Eval: 1.2213 s/iter. Total: 1.2924 s/iter. ETA=0:07:55
[12/10 03:00:48 d2.evaluation.evaluator]: Inference done 1637/2000. Dataloading: 0.0019 s/iter. Inference: 0.0691 s/iter. Eval: 1.2205 s/iter. Total: 1.2916 s/iter. ETA=0:07:48
[12/10 03:00:55 d2.evaluation.evaluator]: Inference done 1640/2000. Dataloading: 0.0019 s/iter. Inference: 0.0691 s/iter. Eval: 1.2219 s/iter. Total: 1.2930 s/iter. ETA=0:07:45
[12/10 03:01:00 d2.evaluation.evaluator]: Inference done 1645/2000. Dataloading: 0.0019 s/iter. Inference: 0.0691 s/iter. Eval: 1.2212 s/iter. Total: 1.2923 s/iter. ETA=0:07:38
[12/10 03:01:05 d2.evaluation.evaluator]: Inference done 1648/2000. Dataloading: 0.0019 s/iter. Inference: 0.0691 s/iter. Eval: 1.2222 s/iter. Total: 1.2933 s/iter. ETA=0:07:35
[12/10 03:01:11 d2.evaluation.evaluator]: Inference done 1654/2000. Dataloading: 0.0019 s/iter. Inference: 0.0691 s/iter. Eval: 1.2206 s/iter. Total: 1.2917 s/iter. ETA=0:07:26
[12/10 03:01:16 d2.evaluation.evaluator]: Inference done 1660/2000. Dataloading: 0.0019 s/iter. Inference: 0.0691 s/iter. Eval: 1.2191 s/iter. Total: 1.2902 s/iter. ETA=0:07:18
[12/10 03:01:21 d2.evaluation.evaluator]: Inference done 1665/2000. Dataloading: 0.0019 s/iter. Inference: 0.0691 s/iter. Eval: 1.2185 s/iter. Total: 1.2896 s/iter. ETA=0:07:12
[12/10 03:01:26 d2.evaluation.evaluator]: Inference done 1670/2000. Dataloading: 0.0019 s/iter. Inference: 0.0691 s/iter. Eval: 1.2177 s/iter. Total: 1.2887 s/iter. ETA=0:07:05
[12/10 03:01:31 d2.evaluation.evaluator]: Inference done 1673/2000. Dataloading: 0.0019 s/iter. Inference: 0.0691 s/iter. Eval: 1.2183 s/iter. Total: 1.2894 s/iter. ETA=0:07:01
[12/10 03:01:37 d2.evaluation.evaluator]: Inference done 1679/2000. Dataloading: 0.0019 s/iter. Inference: 0.0691 s/iter. Eval: 1.2170 s/iter. Total: 1.2881 s/iter. ETA=0:06:53
[12/10 03:01:42 d2.evaluation.evaluator]: Inference done 1683/2000. Dataloading: 0.0019 s/iter. Inference: 0.0691 s/iter. Eval: 1.2170 s/iter. Total: 1.2881 s/iter. ETA=0:06:48
[12/10 03:01:47 d2.evaluation.evaluator]: Inference done 1685/2000. Dataloading: 0.0019 s/iter. Inference: 0.0691 s/iter. Eval: 1.2184 s/iter. Total: 1.2895 s/iter. ETA=0:06:46
[12/10 03:01:53 d2.evaluation.evaluator]: Inference done 1689/2000. Dataloading: 0.0019 s/iter. Inference: 0.0691 s/iter. Eval: 1.2188 s/iter. Total: 1.2898 s/iter. ETA=0:06:41
[12/10 03:01:59 d2.evaluation.evaluator]: Inference done 1693/2000. Dataloading: 0.0019 s/iter. Inference: 0.0691 s/iter. Eval: 1.2197 s/iter. Total: 1.2908 s/iter. ETA=0:06:36
[12/10 03:02:05 d2.evaluation.evaluator]: Inference done 1697/2000. Dataloading: 0.0019 s/iter. Inference: 0.0691 s/iter. Eval: 1.2198 s/iter. Total: 1.2909 s/iter. ETA=0:06:31
[12/10 03:02:11 d2.evaluation.evaluator]: Inference done 1701/2000. Dataloading: 0.0019 s/iter. Inference: 0.0691 s/iter. Eval: 1.2202 s/iter. Total: 1.2913 s/iter. ETA=0:06:26
[12/10 03:02:16 d2.evaluation.evaluator]: Inference done 1705/2000. Dataloading: 0.0019 s/iter. Inference: 0.0691 s/iter. Eval: 1.2204 s/iter. Total: 1.2915 s/iter. ETA=0:06:20
[12/10 03:02:23 d2.evaluation.evaluator]: Inference done 1710/2000. Dataloading: 0.0019 s/iter. Inference: 0.0691 s/iter. Eval: 1.2208 s/iter. Total: 1.2919 s/iter. ETA=0:06:14
[12/10 03:02:29 d2.evaluation.evaluator]: Inference done 1715/2000. Dataloading: 0.0019 s/iter. Inference: 0.0691 s/iter. Eval: 1.2207 s/iter. Total: 1.2918 s/iter. ETA=0:06:08
[12/10 03:02:35 d2.evaluation.evaluator]: Inference done 1721/2000. Dataloading: 0.0019 s/iter. Inference: 0.0691 s/iter. Eval: 1.2195 s/iter. Total: 1.2906 s/iter. ETA=0:06:00
[12/10 03:02:41 d2.evaluation.evaluator]: Inference done 1726/2000. Dataloading: 0.0019 s/iter. Inference: 0.0691 s/iter. Eval: 1.2192 s/iter. Total: 1.2903 s/iter. ETA=0:05:53
[12/10 03:02:47 d2.evaluation.evaluator]: Inference done 1732/2000. Dataloading: 0.0019 s/iter. Inference: 0.0691 s/iter. Eval: 1.2183 s/iter. Total: 1.2894 s/iter. ETA=0:05:45
[12/10 03:02:53 d2.evaluation.evaluator]: Inference done 1737/2000. Dataloading: 0.0019 s/iter. Inference: 0.0691 s/iter. Eval: 1.2178 s/iter. Total: 1.2889 s/iter. ETA=0:05:38
[12/10 03:02:58 d2.evaluation.evaluator]: Inference done 1742/2000. Dataloading: 0.0019 s/iter. Inference: 0.0691 s/iter. Eval: 1.2172 s/iter. Total: 1.2883 s/iter. ETA=0:05:32
[12/10 03:03:04 d2.evaluation.evaluator]: Inference done 1748/2000. Dataloading: 0.0019 s/iter. Inference: 0.0691 s/iter. Eval: 1.2162 s/iter. Total: 1.2873 s/iter. ETA=0:05:24
[12/10 03:03:10 d2.evaluation.evaluator]: Inference done 1753/2000. Dataloading: 0.0019 s/iter. Inference: 0.0691 s/iter. Eval: 1.2159 s/iter. Total: 1.2870 s/iter. ETA=0:05:17
[12/10 03:03:16 d2.evaluation.evaluator]: Inference done 1758/2000. Dataloading: 0.0019 s/iter. Inference: 0.0691 s/iter. Eval: 1.2153 s/iter. Total: 1.2864 s/iter. ETA=0:05:11
[12/10 03:03:21 d2.evaluation.evaluator]: Inference done 1763/2000. Dataloading: 0.0019 s/iter. Inference: 0.0691 s/iter. Eval: 1.2149 s/iter. Total: 1.2860 s/iter. ETA=0:05:04
[12/10 03:03:27 d2.evaluation.evaluator]: Inference done 1768/2000. Dataloading: 0.0019 s/iter. Inference: 0.0691 s/iter. Eval: 1.2146 s/iter. Total: 1.2858 s/iter. ETA=0:04:58
[12/10 03:03:34 d2.evaluation.evaluator]: Inference done 1773/2000. Dataloading: 0.0019 s/iter. Inference: 0.0691 s/iter. Eval: 1.2149 s/iter. Total: 1.2860 s/iter. ETA=0:04:51
[12/10 03:03:39 d2.evaluation.evaluator]: Inference done 1777/2000. Dataloading: 0.0019 s/iter. Inference: 0.0691 s/iter. Eval: 1.2148 s/iter. Total: 1.2860 s/iter. ETA=0:04:46
[12/10 03:03:44 d2.evaluation.evaluator]: Inference done 1781/2000. Dataloading: 0.0019 s/iter. Inference: 0.0691 s/iter. Eval: 1.2148 s/iter. Total: 1.2859 s/iter. ETA=0:04:41
[12/10 03:03:49 d2.evaluation.evaluator]: Inference done 1784/2000. Dataloading: 0.0019 s/iter. Inference: 0.0691 s/iter. Eval: 1.2155 s/iter. Total: 1.2866 s/iter. ETA=0:04:37
[12/10 03:03:55 d2.evaluation.evaluator]: Inference done 1791/2000. Dataloading: 0.0019 s/iter. Inference: 0.0691 s/iter. Eval: 1.2138 s/iter. Total: 1.2849 s/iter. ETA=0:04:28
[12/10 03:04:01 d2.evaluation.evaluator]: Inference done 1796/2000. Dataloading: 0.0019 s/iter. Inference: 0.0691 s/iter. Eval: 1.2133 s/iter. Total: 1.2844 s/iter. ETA=0:04:22
[12/10 03:04:06 d2.evaluation.evaluator]: Inference done 1802/2000. Dataloading: 0.0019 s/iter. Inference: 0.0691 s/iter. Eval: 1.2120 s/iter. Total: 1.2831 s/iter. ETA=0:04:14
[12/10 03:04:13 d2.evaluation.evaluator]: Inference done 1806/2000. Dataloading: 0.0019 s/iter. Inference: 0.0691 s/iter. Eval: 1.2132 s/iter. Total: 1.2843 s/iter. ETA=0:04:09
[12/10 03:04:19 d2.evaluation.evaluator]: Inference done 1811/2000. Dataloading: 0.0019 s/iter. Inference: 0.0691 s/iter. Eval: 1.2125 s/iter. Total: 1.2837 s/iter. ETA=0:04:02
[12/10 03:04:25 d2.evaluation.evaluator]: Inference done 1817/2000. Dataloading: 0.0019 s/iter. Inference: 0.0691 s/iter. Eval: 1.2115 s/iter. Total: 1.2826 s/iter. ETA=0:03:54
[12/10 03:04:32 d2.evaluation.evaluator]: Inference done 1821/2000. Dataloading: 0.0019 s/iter. Inference: 0.0691 s/iter. Eval: 1.2126 s/iter. Total: 1.2837 s/iter. ETA=0:03:49
[12/10 03:04:38 d2.evaluation.evaluator]: Inference done 1825/2000. Dataloading: 0.0019 s/iter. Inference: 0.0691 s/iter. Eval: 1.2131 s/iter. Total: 1.2842 s/iter. ETA=0:03:44
[12/10 03:04:43 d2.evaluation.evaluator]: Inference done 1830/2000. Dataloading: 0.0019 s/iter. Inference: 0.0691 s/iter. Eval: 1.2124 s/iter. Total: 1.2835 s/iter. ETA=0:03:38
[12/10 03:04:49 d2.evaluation.evaluator]: Inference done 1834/2000. Dataloading: 0.0019 s/iter. Inference: 0.0691 s/iter. Eval: 1.2129 s/iter. Total: 1.2840 s/iter. ETA=0:03:33
[12/10 03:04:54 d2.evaluation.evaluator]: Inference done 1838/2000. Dataloading: 0.0019 s/iter. Inference: 0.0691 s/iter. Eval: 1.2131 s/iter. Total: 1.2842 s/iter. ETA=0:03:28
[12/10 03:05:00 d2.evaluation.evaluator]: Inference done 1844/2000. Dataloading: 0.0019 s/iter. Inference: 0.0691 s/iter. Eval: 1.2118 s/iter. Total: 1.2829 s/iter. ETA=0:03:20
[12/10 03:05:07 d2.evaluation.evaluator]: Inference done 1850/2000. Dataloading: 0.0019 s/iter. Inference: 0.0691 s/iter. Eval: 1.2114 s/iter. Total: 1.2825 s/iter. ETA=0:03:12
[12/10 03:05:13 d2.evaluation.evaluator]: Inference done 1855/2000. Dataloading: 0.0019 s/iter. Inference: 0.0691 s/iter. Eval: 1.2113 s/iter. Total: 1.2824 s/iter. ETA=0:03:05
[12/10 03:05:18 d2.evaluation.evaluator]: Inference done 1860/2000. Dataloading: 0.0019 s/iter. Inference: 0.0691 s/iter. Eval: 1.2106 s/iter. Total: 1.2817 s/iter. ETA=0:02:59
[12/10 03:05:23 d2.evaluation.evaluator]: Inference done 1864/2000. Dataloading: 0.0019 s/iter. Inference: 0.0691 s/iter. Eval: 1.2106 s/iter. Total: 1.2817 s/iter. ETA=0:02:54
[12/10 03:05:29 d2.evaluation.evaluator]: Inference done 1870/2000. Dataloading: 0.0019 s/iter. Inference: 0.0691 s/iter. Eval: 1.2094 s/iter. Total: 1.2805 s/iter. ETA=0:02:46
[12/10 03:05:34 d2.evaluation.evaluator]: Inference done 1875/2000. Dataloading: 0.0019 s/iter. Inference: 0.0691 s/iter. Eval: 1.2087 s/iter. Total: 1.2798 s/iter. ETA=0:02:39
[12/10 03:05:40 d2.evaluation.evaluator]: Inference done 1880/2000. Dataloading: 0.0019 s/iter. Inference: 0.0691 s/iter. Eval: 1.2084 s/iter. Total: 1.2795 s/iter. ETA=0:02:33
[12/10 03:05:45 d2.evaluation.evaluator]: Inference done 1883/2000. Dataloading: 0.0019 s/iter. Inference: 0.0691 s/iter. Eval: 1.2091 s/iter. Total: 1.2802 s/iter. ETA=0:02:29
[12/10 03:05:50 d2.evaluation.evaluator]: Inference done 1887/2000. Dataloading: 0.0019 s/iter. Inference: 0.0691 s/iter. Eval: 1.2091 s/iter. Total: 1.2802 s/iter. ETA=0:02:24
[12/10 03:05:57 d2.evaluation.evaluator]: Inference done 1892/2000. Dataloading: 0.0019 s/iter. Inference: 0.0691 s/iter. Eval: 1.2093 s/iter. Total: 1.2804 s/iter. ETA=0:02:18
[12/10 03:06:02 d2.evaluation.evaluator]: Inference done 1898/2000. Dataloading: 0.0019 s/iter. Inference: 0.0691 s/iter. Eval: 1.2081 s/iter. Total: 1.2792 s/iter. ETA=0:02:10
[12/10 03:06:07 d2.evaluation.evaluator]: Inference done 1904/2000. Dataloading: 0.0019 s/iter. Inference: 0.0691 s/iter. Eval: 1.2068 s/iter. Total: 1.2779 s/iter. ETA=0:02:02
[12/10 03:06:13 d2.evaluation.evaluator]: Inference done 1908/2000. Dataloading: 0.0019 s/iter. Inference: 0.0691 s/iter. Eval: 1.2069 s/iter. Total: 1.2780 s/iter. ETA=0:01:57
[12/10 03:06:18 d2.evaluation.evaluator]: Inference done 1914/2000. Dataloading: 0.0019 s/iter. Inference: 0.0691 s/iter. Eval: 1.2057 s/iter. Total: 1.2769 s/iter. ETA=0:01:49
[12/10 03:06:23 d2.evaluation.evaluator]: Inference done 1919/2000. Dataloading: 0.0019 s/iter. Inference: 0.0691 s/iter. Eval: 1.2053 s/iter. Total: 1.2764 s/iter. ETA=0:01:43
[12/10 03:06:29 d2.evaluation.evaluator]: Inference done 1924/2000. Dataloading: 0.0019 s/iter. Inference: 0.0691 s/iter. Eval: 1.2048 s/iter. Total: 1.2759 s/iter. ETA=0:01:36
[12/10 03:06:35 d2.evaluation.evaluator]: Inference done 1930/2000. Dataloading: 0.0019 s/iter. Inference: 0.0691 s/iter. Eval: 1.2037 s/iter. Total: 1.2749 s/iter. ETA=0:01:29
[12/10 03:06:40 d2.evaluation.evaluator]: Inference done 1934/2000. Dataloading: 0.0019 s/iter. Inference: 0.0691 s/iter. Eval: 1.2039 s/iter. Total: 1.2750 s/iter. ETA=0:01:24
[12/10 03:06:46 d2.evaluation.evaluator]: Inference done 1939/2000. Dataloading: 0.0019 s/iter. Inference: 0.0691 s/iter. Eval: 1.2035 s/iter. Total: 1.2746 s/iter. ETA=0:01:17
[12/10 03:06:51 d2.evaluation.evaluator]: Inference done 1945/2000. Dataloading: 0.0019 s/iter. Inference: 0.0691 s/iter. Eval: 1.2024 s/iter. Total: 1.2736 s/iter. ETA=0:01:10
[12/10 03:06:57 d2.evaluation.evaluator]: Inference done 1949/2000. Dataloading: 0.0019 s/iter. Inference: 0.0691 s/iter. Eval: 1.2026 s/iter. Total: 1.2737 s/iter. ETA=0:01:04
[12/10 03:07:03 d2.evaluation.evaluator]: Inference done 1955/2000. Dataloading: 0.0019 s/iter. Inference: 0.0691 s/iter. Eval: 1.2020 s/iter. Total: 1.2731 s/iter. ETA=0:00:57
[12/10 03:07:08 d2.evaluation.evaluator]: Inference done 1961/2000. Dataloading: 0.0019 s/iter. Inference: 0.0691 s/iter. Eval: 1.2007 s/iter. Total: 1.2718 s/iter. ETA=0:00:49
[12/10 03:07:16 d2.evaluation.evaluator]: Inference done 1967/2000. Dataloading: 0.0019 s/iter. Inference: 0.0691 s/iter. Eval: 1.2008 s/iter. Total: 1.2720 s/iter. ETA=0:00:41
[12/10 03:07:22 d2.evaluation.evaluator]: Inference done 1974/2000. Dataloading: 0.0019 s/iter. Inference: 0.0691 s/iter. Eval: 1.1993 s/iter. Total: 1.2704 s/iter. ETA=0:00:33
[12/10 03:07:28 d2.evaluation.evaluator]: Inference done 1980/2000. Dataloading: 0.0019 s/iter. Inference: 0.0691 s/iter. Eval: 1.1985 s/iter. Total: 1.2696 s/iter. ETA=0:00:25
[12/10 03:07:33 d2.evaluation.evaluator]: Inference done 1986/2000. Dataloading: 0.0019 s/iter. Inference: 0.0691 s/iter. Eval: 1.1974 s/iter. Total: 1.2686 s/iter. ETA=0:00:17
[12/10 03:07:40 d2.evaluation.evaluator]: Inference done 1992/2000. Dataloading: 0.0019 s/iter. Inference: 0.0691 s/iter. Eval: 1.1968 s/iter. Total: 1.2679 s/iter. ETA=0:00:10
[12/10 03:07:45 d2.evaluation.evaluator]: Inference done 1996/2000. Dataloading: 0.0019 s/iter. Inference: 0.0691 s/iter. Eval: 1.1969 s/iter. Total: 1.2680 s/iter. ETA=0:00:05
[12/10 03:07:50 d2.evaluation.evaluator]: Total inference time: 0:42:09.656893 (1.267998 s / iter per device, on 1 devices)
[12/10 03:07:50 d2.evaluation.evaluator]: Total inference pure compute time: 0:02:17 (0.069124 s / iter per device, on 1 devices)
[12/10 03:07:51 d2.evaluation.sem_seg_evaluation]: OrderedDict([('sem_seg', {'mIoU': 54.015908332321395, 'fwIoU': 83.18345785605906, 'IoU-road': 89.57194032429162, 'IoU-sidewalk': 55.46304116419793, 'IoU-building': 84.26933259566692, 'IoU-wall': 49.51741486591026, 'IoU-fence': 36.939813960071376, 'IoU-pole': 36.478279661859794, 'IoU-traffic light': 37.974955786526706, 'IoU-traffic sign': 49.35076167031313, 'IoU-vegetation': 77.0215667084582, 'IoU-terrain': 47.47213900069428, 'IoU-sky': 93.74180048363469, 'IoU-person': 66.69000455655234, 'IoU-rider': 8.590380876815248, 'IoU-car': 83.56176985901871, 'IoU-truck': 50.499218374884535, 'IoU-bus': 65.10089068182701, 'IoU-train': 13.796119382535931, 'IoU-motorcycle': 46.58213741701055, 'IoU-bicycle': 33.68069094383734, 'mACC': 66.94218551942237, 'pACC': 90.39844771080836, 'ACC-road': 96.42109310905619, 'ACC-sidewalk': 66.50909267841935, 'ACC-building': 93.75145890847614, 'ACC-wall': 68.29217458919062, 'ACC-fence': 45.29858039028402, 'ACC-pole': 40.98936893370319, 'ACC-traffic light': 52.13899375790003, 'ACC-traffic sign': 52.72049963143114, 'ACC-vegetation': 81.48407830409883, 'ACC-terrain': 70.05812585352092, 'ACC-sky': 99.69563884275591, 'ACC-person': 78.74745238514434, 'ACC-rider': 9.705584427120431, 'ACC-car': 90.00543371600826, 'ACC-truck': 86.28135628205685, 'ACC-bus': 88.05770622246783, 'ACC-train': 14.864463672668805, 'ACC-motorcycle': 72.36732582166631, 'ACC-bicycle': 64.51309734305579})])
[12/10 03:07:51 d2.engine.defaults]: Evaluation results for mapillary_val_seg in csv format:
[12/10 03:07:51 d2.evaluation.testing]: copypaste: Task: sem_seg
[12/10 03:07:51 d2.evaluation.testing]: copypaste: mIoU,fwIoU,mACC,pACC
[12/10 03:07:51 d2.evaluation.testing]: copypaste: 54.0159,83.1835,66.9422,90.3984
[12/10 02:16:33] d2.evaluation.testing INFO: copypaste: Task: sem_seg
[12/10 02:16:33] d2.evaluation.testing INFO: copypaste: mIoU,fwIoU,mACC,pACC
[12/10 02:16:33] d2.evaluation.testing INFO: copypaste: 48.7346,82.3348,61.2728,89.6329
[12/10 02:23:03] d2.evaluation.testing INFO: copypaste: Task: sem_seg
[12/10 02:23:03] d2.evaluation.testing INFO: copypaste: mIoU,fwIoU,mACC,pACC
[12/10 02:23:03] d2.evaluation.testing INFO: copypaste: 40.8409,72.7072,56.0437,83.6289
[12/10 02:25:22] d2.evaluation.testing INFO: copypaste: Task: sem_seg
[12/10 02:25:22] d2.evaluation.testing INFO: copypaste: mIoU,fwIoU,mACC,pACC
[12/10 02:25:22] d2.evaluation.testing INFO: copypaste: 48.0243,81.3895,60.6794,89.1811
[12/10 03:07:51] d2.evaluation.testing INFO: copypaste: Task: sem_seg
[12/10 03:07:51] d2.evaluation.testing INFO: copypaste: mIoU,fwIoU,mACC,pACC
[12/10 03:07:51] d2.evaluation.testing INFO: copypaste: 54.0159,83.1835,66.9422,90.3984
/data/zd/TTA_VLM/S2_Corr/train_net.py:16: FutureWarning: In the future `np.bool` will be defined as the corresponding NumPy scalar.
  if not hasattr(np, _name):
/data/zd/TTA_VLM/S2_Corr/train_net.py:16: FutureWarning: In the future `np.object` will be defined as the corresponding NumPy scalar.
  if not hasattr(np, _name):
/data/zd/TTA_VLM/S2_Corr/train_net.py:18: FutureWarning: In the future `np.long` will be defined as the corresponding NumPy scalar.
  if not hasattr(np, "long"):
/data2/anaconda3/envs/DeCLIP_CATSeg/lib/python3.10/site-packages/torchvision/datapoints/__init__.py:12: UserWarning: The torchvision.datapoints and torchvision.transforms.v2 namespaces are still Beta. While we do not expect major breaking changes, some APIs may still change according to user feedback. Please submit any feedback you may have in this issue: https://github.com/pytorch/vision/issues/6753, and you can also check out https://github.com/pytorch/vision/issues/7319 to learn more about the APIs that we suspect might involve future changes. You can silence this warning by calling torchvision.disable_beta_transforms_warning().
  warnings.warn(_BETA_TRANSFORMS_WARNING)
/data2/anaconda3/envs/DeCLIP_CATSeg/lib/python3.10/site-packages/torchvision/transforms/v2/__init__.py:54: UserWarning: The torchvision.datapoints and torchvision.transforms.v2 namespaces are still Beta. While we do not expect major breaking changes, some APIs may still change according to user feedback. Please submit any feedback you may have in this issue: https://github.com/pytorch/vision/issues/6753, and you can also check out https://github.com/pytorch/vision/issues/7319 to learn more about the APIs that we suspect might involve future changes. You can silence this warning by calling torchvision.disable_beta_transforms_warning().
  warnings.warn(_BETA_TRANSFORMS_WARNING)
Please 'pip install apex'
Command Line Args: Namespace(config_file='configs/gta5_seen7_catseg.yaml', resume=False, eval_only=True, num_gpus=1, num_machines=1, machine_rank=0, dist_url='auto', opts=['OUTPUT_DIR', 'outputs/gta_seen7_eva_b16_r512/eval', 'MODEL.SEM_SEG_HEAD.TEST_CLASS_JSON', 'datasets/mapi_30.json', 'MODEL.SEM_SEG_HEAD.ENABLE_HIGH_RES', 'False', 'DATASETS.TEST', '("mapillary_train_val_seg_30",)', 'TEST.SLIDING_WINDOW', 'True', 'MODEL.SEM_SEG_HEAD.POOLING_SIZES', '[1,1]', 'MODEL.WEIGHTS', 'outputs/gta_seen7_eva_b16_r512/model_0019999.pth'])
[12/10 03:07:56 detectron2]: Rank of current process: 0. World size: 1
[12/10 03:07:56 detectron2]: Environment info:
----------------------  ------------------------------------------------------------------------------------------
sys.platform            linux
Python                  3.10.0 (default, Mar  3 2022, 09:58:08) [GCC 7.5.0]
numpy                   1.26.4
detectron2              0.6 @/data2/anaconda3/envs/DeCLIP_CATSeg/lib/python3.10/site-packages/detectron2
Compiler                GCC 7.5
CUDA compiler           CUDA 11.6
detectron2 arch flags   8.0
DETECTRON2_ENV_MODULE   <not set>
PyTorch                 2.0.0+cu117 @/data2/anaconda3/envs/DeCLIP_CATSeg/lib/python3.10/site-packages/torch
PyTorch debug build     False
GPU available           Yes
GPU 0                   GeForce RTX 3090 (arch=8.6)
Driver version          460.84
CUDA_HOME               /usr/local/cuda-11.6
TORCH_CUDA_ARCH_LIST    8.0
Pillow                  9.1.0
torchvision             0.15.1+cu117 @/data2/anaconda3/envs/DeCLIP_CATSeg/lib/python3.10/site-packages/torchvision
torchvision arch flags  3.5, 5.0, 6.0, 7.0, 7.5, 8.0, 8.6
fvcore                  0.1.5.post20221221
iopath                  0.1.9
cv2                     4.11.0
----------------------  ------------------------------------------------------------------------------------------
PyTorch built with:
  - GCC 9.3
  - C++ Version: 201703
  - Intel(R) oneAPI Math Kernel Library Version 2022.2-Product Build 20220804 for Intel(R) 64 architecture applications
  - Intel(R) MKL-DNN v2.7.3 (Git Hash 6dbeffbae1f23cbbeae17adb7b5b13f1f37c080e)
  - OpenMP 201511 (a.k.a. OpenMP 4.5)
  - LAPACK is enabled (usually provided by MKL)
  - NNPACK is enabled
  - CPU capability usage: AVX2
  - CUDA Runtime 11.7
  - NVCC architecture flags: -gencode;arch=compute_37,code=sm_37;-gencode;arch=compute_50,code=sm_50;-gencode;arch=compute_60,code=sm_60;-gencode;arch=compute_70,code=sm_70;-gencode;arch=compute_75,code=sm_75;-gencode;arch=compute_80,code=sm_80;-gencode;arch=compute_86,code=sm_86
  - CuDNN 8.5
  - Magma 2.6.1
  - Build settings: BLAS_INFO=mkl, BUILD_TYPE=Release, CUDA_VERSION=11.7, CUDNN_VERSION=8.5.0, CXX_COMPILER=/opt/rh/devtoolset-9/root/usr/bin/c++, CXX_FLAGS= -D_GLIBCXX_USE_CXX11_ABI=0 -fabi-version=11 -Wno-deprecated -fvisibility-inlines-hidden -DUSE_PTHREADPOOL -DNDEBUG -DUSE_KINETO -DLIBKINETO_NOROCTRACER -DUSE_FBGEMM -DUSE_QNNPACK -DUSE_PYTORCH_QNNPACK -DUSE_XNNPACK -DSYMBOLICATE_MOBILE_DEBUG_HANDLE -O2 -fPIC -Wall -Wextra -Werror=return-type -Werror=non-virtual-dtor -Werror=bool-operation -Wnarrowing -Wno-missing-field-initializers -Wno-type-limits -Wno-array-bounds -Wno-unknown-pragmas -Wunused-local-typedefs -Wno-unused-parameter -Wno-unused-function -Wno-unused-result -Wno-strict-overflow -Wno-strict-aliasing -Wno-error=deprecated-declarations -Wno-stringop-overflow -Wno-psabi -Wno-error=pedantic -Wno-error=redundant-decls -Wno-error=old-style-cast -fdiagnostics-color=always -faligned-new -Wno-unused-but-set-variable -Wno-maybe-uninitialized -fno-math-errno -fno-trapping-math -Werror=format -Werror=cast-function-type -Wno-stringop-overflow, LAPACK_INFO=mkl, PERF_WITH_AVX=1, PERF_WITH_AVX2=1, PERF_WITH_AVX512=1, TORCH_DISABLE_GPU_ASSERTS=ON, TORCH_VERSION=2.0.0, USE_CUDA=ON, USE_CUDNN=ON, USE_EXCEPTION_PTR=1, USE_GFLAGS=OFF, USE_GLOG=OFF, USE_MKL=ON, USE_MKLDNN=ON, USE_MPI=OFF, USE_NCCL=1, USE_NNPACK=ON, USE_OPENMP=ON, USE_ROCM=OFF, 

[12/10 03:07:56 detectron2]: Command line arguments: Namespace(config_file='configs/gta5_seen7_catseg.yaml', resume=False, eval_only=True, num_gpus=1, num_machines=1, machine_rank=0, dist_url='auto', opts=['OUTPUT_DIR', 'outputs/gta_seen7_eva_b16_r512/eval', 'MODEL.SEM_SEG_HEAD.TEST_CLASS_JSON', 'datasets/mapi_30.json', 'MODEL.SEM_SEG_HEAD.ENABLE_HIGH_RES', 'False', 'DATASETS.TEST', '("mapillary_train_val_seg_30",)', 'TEST.SLIDING_WINDOW', 'True', 'MODEL.SEM_SEG_HEAD.POOLING_SIZES', '[1,1]', 'MODEL.WEIGHTS', 'outputs/gta_seen7_eva_b16_r512/model_0019999.pth'])
[12/10 03:07:56 detectron2]: Contents of args.config_file=configs/gta5_seen7_catseg.yaml:
_BASE_: config.yaml
DATASETS:
  TRAIN: ("gta5_seen7_train_seg",)
  TEST:  ("acdc_inpaint41_test",)
MODEL:
  META_ARCHITECTURE: "CATSeg"
  PIXEL_MEAN: [123.675, 116.280, 103.530]
  PIXEL_STD: [58.395, 57.120, 57.375]
  SEM_SEG_HEAD:
    NAME: "CATSegHead"
    IN_FEATURES: [ "res2", "res3", "res4" ]
    IGNORE_VALUE: 255
    NUM_CLASSES: 19
    TRAIN_CLASS_JSON: "datasets/cityscapes_seen_7.json"
    TEST_CLASS_JSON:  "datasets/inpaint41_vocab.json"
    CLIP_PRETRAINED: "EVA02-CLIP-B-16"
    PROMPT_DEPTH: 0
    PROMPT_LENGTH: 0
    TEXT_GUIDANCE_DIM: 512
    TEXT_GUIDANCE_PROJ_DIM: 128
    APPEARANCE_GUIDANCE_DIM: 512
    APPEARANCE_GUIDANCE_PROJ_DIM: 128
    DECODER_DIMS: [ 64, 32 ]
    DECODER_GUIDANCE_DIMS: [ 256, 128 ]
    DECODER_GUIDANCE_PROJ_DIMS: [ 32, 16 ]
    NUM_LAYERS: 1
    NUM_HEADS: 4
    HIDDEN_DIMS: 128
    POOLING_SIZES: [ 1, 1 ]
    FEATURE_RESOLUTION: [ 32, 32 ]
    WINDOW_SIZES: 16
    ATTENTION_TYPE: "linear"
    CLIP_FINETUNE: "vision_text"
    CACHE_DIR: "/data/zd/TTA_VLM/DeCLIP-ZSSS/Pretrain/EVA02_CLIP_B_psz16_s8B.pt"
    ENABLE_HIGH_RES: "False"
  PROMPT_ENSEMBLE_TYPE: "multi_domain"
INPUT:
  MIN_SIZE_TRAIN: (512, 768)
  MIN_SIZE_TRAIN_SAMPLING: "choice"
  MAX_SIZE_TRAIN: 1024
  MIN_SIZE_TEST: 512
  MAX_SIZE_TEST: 1024
  CROP:
    ENABLED: True
    TYPE: "absolute"
    SIZE: (512, 512)
  SIZE_DIVISIBILITY: 32
  FORMAT: "RGB"
  DATASET_MAPPER_NAME: "mask_former_semantic"
SOLVER:
  IMS_PER_BATCH: 4
  LR_SCHEDULER_NAME: "WarmupCosineLR"
  BASE_LR: 0.0002
  MAX_ITER: 20000
  BACKBONE_MULTIPLIER: 0.0
  CLIP_MULTIPLIER: 0.01
TEST:
  EVAL_PERIOD: 5000
  SLIDING_WINDOW: True
  SW_KERNEL: 512
  SW_OVERLAP: 0.333
  SW_OUT_RES: [512, 1024]
[12/10 03:07:56 detectron2]: Running with full config:
CUDNN_BENCHMARK: true
DATALOADER:
  ASPECT_RATIO_GROUPING: true
  FILTER_EMPTY_ANNOTATIONS: true
  NUM_WORKERS: 8
  REPEAT_THRESHOLD: 0.0
  SAMPLER_TRAIN: TrainingSampler
DATASETS:
  PRECOMPUTED_PROPOSAL_TOPK_TEST: 1000
  PRECOMPUTED_PROPOSAL_TOPK_TRAIN: 2000
  PROPOSAL_FILES_TEST: []
  PROPOSAL_FILES_TRAIN: []
  TEST:
  - mapillary_train_val_seg_30
  TRAIN:
  - gta5_seen7_train_seg
  VAL_ALL:
  - coco_2017_val_all_stuff_sem_seg
DDP:
  BROADCAST_BUFFERS: false
  FIND_UNUSED_PARAMETERS: true
GLOBAL:
  HACK: 1.0
INPUT:
  COLOR_AUG_SSD: true
  CROP:
    ENABLED: true
    SINGLE_CATEGORY_MAX_AREA: 1.0
    SIZE:
    - 512
    - 512
    TYPE: absolute
  DATASET_MAPPER_NAME: mask_former_semantic
  FORMAT: RGB
  MASK_FORMAT: polygon
  MAX_SIZE_TEST: 1024
  MAX_SIZE_TRAIN: 1024
  MIN_SIZE_TEST: 512
  MIN_SIZE_TRAIN:
  - 512
  - 768
  MIN_SIZE_TRAIN_SAMPLING: choice
  RANDOM_FLIP: horizontal
  SIZE_DIVISIBILITY: 32
MODEL:
  ANCHOR_GENERATOR:
    ANGLES:
    - - -90
      - 0
      - 90
    ASPECT_RATIOS:
    - - 0.5
      - 1.0
      - 2.0
    NAME: DefaultAnchorGenerator
    OFFSET: 0.0
    SIZES:
    - - 32
      - 64
      - 128
      - 256
      - 512
  BACKBONE:
    FREEZE_AT: 2
    NAME: build_resnet_backbone
  CLIP_PIXEL_MEAN:
  - 122.7709383
  - 116.7460125
  - 104.09373615
  CLIP_PIXEL_STD:
  - 68.5005327
  - 66.6321579
  - 70.323163
  DEVICE: cuda
  FPN:
    FUSE_TYPE: sum
    IN_FEATURES: []
    NORM: ''
    OUT_CHANNELS: 256
  KEYPOINT_ON: false
  LOAD_PROPOSALS: false
  MASK_FORMER:
    SIZE_DIVISIBILITY: 32
  MASK_ON: false
  META_ARCHITECTURE: CATSeg
  PANOPTIC_FPN:
    COMBINE:
      ENABLED: true
      INSTANCES_CONFIDENCE_THRESH: 0.5
      OVERLAP_THRESH: 0.5
      STUFF_AREA_LIMIT: 4096
    INSTANCE_LOSS_WEIGHT: 1.0
  PIXEL_MEAN:
  - 123.675
  - 116.28
  - 103.53
  PIXEL_STD:
  - 58.395
  - 57.12
  - 57.375
  PROMPT_ENSEMBLE: false
  PROMPT_ENSEMBLE_TYPE: multi_domain
  PROPOSAL_GENERATOR:
    MIN_SIZE: 0
    NAME: RPN
  RESNETS:
    DEFORM_MODULATED: false
    DEFORM_NUM_GROUPS: 1
    DEFORM_ON_PER_STAGE:
    - false
    - false
    - false
    - false
    DEPTH: 50
    NORM: FrozenBN
    NUM_GROUPS: 1
    OUT_FEATURES:
    - res4
    RES2_OUT_CHANNELS: 256
    RES4_DILATION: 1
    RES5_DILATION: 1
    RES5_MULTI_GRID:
    - 1
    - 2
    - 4
    STEM_OUT_CHANNELS: 64
    STEM_TYPE: deeplab
    STRIDE_IN_1X1: true
    WIDTH_PER_GROUP: 64
  RETINANET:
    BBOX_REG_LOSS_TYPE: smooth_l1
    BBOX_REG_WEIGHTS: &id002
    - 1.0
    - 1.0
    - 1.0
    - 1.0
    FOCAL_LOSS_ALPHA: 0.25
    FOCAL_LOSS_GAMMA: 2.0
    IN_FEATURES:
    - p3
    - p4
    - p5
    - p6
    - p7
    IOU_LABELS:
    - 0
    - -1
    - 1
    IOU_THRESHOLDS:
    - 0.4
    - 0.5
    NMS_THRESH_TEST: 0.5
    NORM: ''
    NUM_CLASSES: 80
    NUM_CONVS: 4
    PRIOR_PROB: 0.01
    SCORE_THRESH_TEST: 0.05
    SMOOTH_L1_LOSS_BETA: 0.1
    TOPK_CANDIDATES_TEST: 1000
  ROI_BOX_CASCADE_HEAD:
    BBOX_REG_WEIGHTS:
    - &id001
      - 10.0
      - 10.0
      - 5.0
      - 5.0
    - - 20.0
      - 20.0
      - 10.0
      - 10.0
    - - 30.0
      - 30.0
      - 15.0
      - 15.0
    IOUS:
    - 0.5
    - 0.6
    - 0.7
  ROI_BOX_HEAD:
    BBOX_REG_LOSS_TYPE: smooth_l1
    BBOX_REG_LOSS_WEIGHT: 1.0
    BBOX_REG_WEIGHTS: *id001
    CLS_AGNOSTIC_BBOX_REG: false
    CONV_DIM: 256
    FC_DIM: 1024
    NAME: ''
    NORM: ''
    NUM_CONV: 0
    NUM_FC: 0
    POOLER_RESOLUTION: 14
    POOLER_SAMPLING_RATIO: 0
    POOLER_TYPE: ROIAlignV2
    SMOOTH_L1_BETA: 0.0
    TRAIN_ON_PRED_BOXES: false
  ROI_HEADS:
    BATCH_SIZE_PER_IMAGE: 512
    IN_FEATURES:
    - res4
    IOU_LABELS:
    - 0
    - 1
    IOU_THRESHOLDS:
    - 0.5
    NAME: Res5ROIHeads
    NMS_THRESH_TEST: 0.5
    NUM_CLASSES: 80
    POSITIVE_FRACTION: 0.25
    PROPOSAL_APPEND_GT: true
    SCORE_THRESH_TEST: 0.05
  ROI_KEYPOINT_HEAD:
    CONV_DIMS:
    - 512
    - 512
    - 512
    - 512
    - 512
    - 512
    - 512
    - 512
    LOSS_WEIGHT: 1.0
    MIN_KEYPOINTS_PER_IMAGE: 1
    NAME: KRCNNConvDeconvUpsampleHead
    NORMALIZE_LOSS_BY_VISIBLE_KEYPOINTS: true
    NUM_KEYPOINTS: 17
    POOLER_RESOLUTION: 14
    POOLER_SAMPLING_RATIO: 0
    POOLER_TYPE: ROIAlignV2
  ROI_MASK_HEAD:
    CLS_AGNOSTIC_MASK: false
    CONV_DIM: 256
    NAME: MaskRCNNConvUpsampleHead
    NORM: ''
    NUM_CONV: 0
    POOLER_RESOLUTION: 14
    POOLER_SAMPLING_RATIO: 0
    POOLER_TYPE: ROIAlignV2
  RPN:
    BATCH_SIZE_PER_IMAGE: 256
    BBOX_REG_LOSS_TYPE: smooth_l1
    BBOX_REG_LOSS_WEIGHT: 1.0
    BBOX_REG_WEIGHTS: *id002
    BOUNDARY_THRESH: -1
    CONV_DIMS:
    - -1
    HEAD_NAME: StandardRPNHead
    IN_FEATURES:
    - res4
    IOU_LABELS:
    - 0
    - -1
    - 1
    IOU_THRESHOLDS:
    - 0.3
    - 0.7
    LOSS_WEIGHT: 1.0
    NMS_THRESH: 0.7
    POSITIVE_FRACTION: 0.5
    POST_NMS_TOPK_TEST: 1000
    POST_NMS_TOPK_TRAIN: 2000
    PRE_NMS_TOPK_TEST: 6000
    PRE_NMS_TOPK_TRAIN: 12000
    SMOOTH_L1_BETA: 0.0
  SEM_SEG_HEAD:
    APPEARANCE_GUIDANCE_DIM: 512
    APPEARANCE_GUIDANCE_PROJ_DIM: 128
    ASPP_CHANNELS: 256
    ASPP_DILATIONS:
    - 6
    - 12
    - 18
    ASPP_DROPOUT: 0.1
    ATTENTION_TYPE: linear
    CACHE_DIR: /data/zd/TTA_VLM/DeCLIP-ZSSS/Pretrain/EVA02_CLIP_B_psz16_s8B.pt
    CLIP_FINETUNE: vision_text
    CLIP_PRETRAINED: EVA02-CLIP-B-16
    COMMON_STRIDE: 4
    CONVS_DIM: 128
    DECODER_DIMS:
    - 64
    - 32
    DECODER_GUIDANCE_DIMS:
    - 256
    - 128
    DECODER_GUIDANCE_PROJ_DIMS:
    - 32
    - 16
    ENABLE_HIGH_RES: false
    FEATURE_RESOLUTION:
    - 32
    - 32
    HIDDEN_DIMS: 128
    IGNORE_VALUE: 255
    IN_FEATURES:
    - res2
    - res3
    - res4
    LOSS_TYPE: hard_pixel_mining
    LOSS_WEIGHT: 1.0
    NAME: CATSegHead
    NORM: GN
    NUM_CLASSES: 19
    NUM_HEADS: 4
    NUM_LAYERS: 1
    POOLING_SIZES:
    - 1
    - 1
    PROJECT_CHANNELS:
    - 48
    PROJECT_FEATURES:
    - res2
    PROMPT_DEPTH: 0
    PROMPT_LENGTH: 0
    TEST_CLASS_INDEXES: datasets/coco/coco_stuff/split/unseen_indexes.json
    TEST_CLASS_JSON: datasets/mapi_30.json
    TEXT_GUIDANCE_DIM: 512
    TEXT_GUIDANCE_PROJ_DIM: 128
    TRAIN_CLASS_INDEXES: datasets/coco/coco_stuff/split/seen_indexes.json
    TRAIN_CLASS_JSON: datasets/cityscapes_seen_7.json
    USE_DEPTHWISE_SEPARABLE_CONV: false
    WINDOW_SIZES: 16
  SWIN:
    APE: false
    ATTN_DROP_RATE: 0.0
    DEPTHS:
    - 2
    - 2
    - 6
    - 2
    DROP_PATH_RATE: 0.3
    DROP_RATE: 0.0
    EMBED_DIM: 96
    MLP_RATIO: 4.0
    NUM_HEADS:
    - 3
    - 6
    - 12
    - 24
    OUT_FEATURES:
    - res2
    - res3
    - res4
    - res5
    PATCH_NORM: true
    PATCH_SIZE: 4
    PRETRAIN_IMG_SIZE: 224
    QKV_BIAS: true
    QK_SCALE: null
    WINDOW_SIZE: 7
  WEIGHTS: outputs/gta_seen7_eva_b16_r512/model_0019999.pth
OUTPUT_DIR: outputs/gta_seen7_eva_b16_r512/eval
SEED: -1
SOLVER:
  AMP:
    ENABLED: false
  BACKBONE_MULTIPLIER: 0.0
  BASE_LR: 0.0002
  BIAS_LR_FACTOR: 1.0
  CHECKPOINT_PERIOD: 5000
  CLIP_GRADIENTS:
    CLIP_TYPE: full_model
    CLIP_VALUE: 0.01
    ENABLED: true
    NORM_TYPE: 2.0
  CLIP_MULTIPLIER: 0.01
  GAMMA: 0.1
  IMS_PER_BATCH: 4
  LR_SCHEDULER_NAME: WarmupCosineLR
  MAX_ITER: 20000
  MOMENTUM: 0.9
  NESTEROV: false
  OPTIMIZER: ADAMW
  POLY_LR_CONSTANT_ENDING: 0.0
  POLY_LR_POWER: 0.9
  REFERENCE_WORLD_SIZE: 0
  STEPS:
  - 30000
  WARMUP_FACTOR: 1.0
  WARMUP_ITERS: 0
  WARMUP_METHOD: linear
  WEIGHT_DECAY: 0.0001
  WEIGHT_DECAY_BIAS: null
  WEIGHT_DECAY_EMBED: 0.0
  WEIGHT_DECAY_NORM: 0.0
TEST:
  AUG:
    ENABLED: false
    FLIP: true
    MAX_SIZE: 4000
    MIN_SIZES:
    - 400
    - 500
    - 600
    - 700
    - 800
    - 900
    - 1000
    - 1100
    - 1200
  DETECTIONS_PER_IMAGE: 100
  EVAL_PERIOD: 5000
  EXPECTED_RESULTS: []
  KEYPOINT_OKS_SIGMAS: []
  PRECISE_BN:
    ENABLED: false
    NUM_ITER: 200
  SLIDING_WINDOW: true
  SW_KERNEL: 512
  SW_OUT_RES:
  - 512
  - 1024
  SW_OVERLAP: 0.333
VERSION: 2
VIS_PERIOD: 0

[12/10 03:07:56 detectron2]: Full config saved to outputs/gta_seen7_eva_b16_r512/eval/config.yaml
[12/10 03:07:56 d2.utils.env]: Using a generated random seed 57010374
Freeze text encoder parameters
[12/10 03:08:01 d2.engine.defaults]: Model:
CATSeg(
  (sem_seg_head): CATSegHead(
    (predictor): CATSegPredictor(
      (clip_model): CustomCLIP(
        (visual): EVAVisionTransformer(
          (patch_embed): PatchEmbed(
            (proj): Conv2d(3, 768, kernel_size=(16, 16), stride=(16, 16))
          )
          (pos_drop): Dropout(p=0.0, inplace=False)
          (rope): VisionRotaryEmbeddingFast()
          (blocks): ModuleList(
            (0-11): 12 x Block(
              (norm1): LayerNorm((768,), eps=1e-06, elementwise_affine=True)
              (attn): Attention(
                (q_proj): Linear(in_features=768, out_features=768, bias=False)
                (k_proj): Linear(in_features=768, out_features=768, bias=False)
                (v_proj): Linear(in_features=768, out_features=768, bias=False)
                (attn_drop): Dropout(p=0.0, inplace=False)
                (inner_attn_ln): LayerNorm((768,), eps=1e-06, elementwise_affine=True)
                (proj): Linear(in_features=768, out_features=768, bias=True)
                (proj_drop): Dropout(p=0.0, inplace=False)
                (rope): VisionRotaryEmbeddingFast()
              )
              (drop_path): Identity()
              (norm2): LayerNorm((768,), eps=1e-06, elementwise_affine=True)
              (mlp): SwiGLU(
                (w1): Linear(in_features=768, out_features=2048, bias=True)
                (w2): Linear(in_features=768, out_features=2048, bias=True)
                (act): SiLU()
                (ffn_ln): LayerNorm((2048,), eps=1e-06, elementwise_affine=True)
                (w3): Linear(in_features=2048, out_features=768, bias=True)
                (drop): Dropout(p=0.0, inplace=False)
              )
            )
          )
          (norm): LayerNorm((768,), eps=1e-06, elementwise_affine=True)
          (head): Linear(in_features=768, out_features=512, bias=True)
          (patch_dropout): Identity()
        )
        (text): TextTransformer(
          (token_embedding): Embedding(49408, 512)
          (transformer): Transformer(
            (resblocks): ModuleList(
              (0-11): 12 x ResidualAttentionBlock(
                (ln_1): LayerNorm((512,), eps=1e-05, elementwise_affine=True)
                (attn): Attention(
                  (attn_drop): Dropout(p=0.0, inplace=False)
                  (out_proj): Linear(in_features=512, out_features=512, bias=True)
                  (out_drop): Dropout(p=0.0, inplace=False)
                )
                (ls_1): Identity()
                (ln_2): LayerNorm((512,), eps=1e-05, elementwise_affine=True)
                (mlp): Sequential(
                  (c_fc): Linear(in_features=512, out_features=2048, bias=True)
                  (gelu): GELU(approximate='none')
                  (c_proj): Linear(in_features=2048, out_features=512, bias=True)
                )
                (ls_2): Identity()
              )
            )
          )
          (ln_final): LayerNorm((512,), eps=1e-05, elementwise_affine=True)
        )
      )
      (transformer): AggregatorMambaLite(
        (layers): ModuleList(
          (0): Sequential(
            (0): AxialMambaBlockLite_v2(
              (film): FiLM2D(
                (pool): AdaptiveAvgPool2d(output_size=1)
                (fc): Conv2d(128, 256, kernel_size=(1, 1), stride=(1, 1))
              )
              (pre_mix): Sequential(
                (0): Conv2d(128, 128, kernel_size=(3, 3), stride=(1, 1), padding=(1, 1), groups=128)
                (1): Conv2d(128, 128, kernel_size=(1, 1), stride=(1, 1))
                (2): GELU(approximate='none')
              )
              (seq_row): Mamba1DWithDecayPrior(
                (out_norm): LayerNorm((128,), eps=1e-05, elementwise_affine=True)
                (gate): Sequential(
                  (0): Linear(in_features=128, out_features=128, bias=True)
                  (1): SiLU()
                )
                (proj_in): Linear(in_features=128, out_features=384, bias=True)
                (drop): Dropout(p=0.0, inplace=False)
              )
              (post_proj): Conv2d(128, 128, kernel_size=(1, 1), stride=(1, 1))
              (norm_tok): LayerNorm((128,), eps=1e-05, elementwise_affine=True)
              (ffn): Sequential(
                (0): Linear(in_features=128, out_features=384, bias=True)
                (1): GELU(approximate='none')
                (2): Linear(in_features=384, out_features=128, bias=True)
              )
              (down): Identity()
            )
            (1): ClassMambaLayerLite(
              (pool): AvgPool2d(kernel_size=[1, 1], stride=[1, 1], padding=0)
              (guid_proj): Linear(in_features=128, out_features=256, bias=True)
              (seq_block): _Mamba1DAdapterLite(
                (blocks): ModuleList(
                  (0): PseudoMamba1D(
                    (gate): Sequential(
                      (0): Linear(in_features=128, out_features=128, bias=True)
                      (1): SiLU()
                    )
                    (proj_in): Linear(in_features=128, out_features=384, bias=True)
                    (out_norm): LayerNorm((128,), eps=1e-05, elementwise_affine=True)
                    (drop): Dropout(p=0.0, inplace=False)
                  )
                )
                (norm): LayerNorm((128,), eps=1e-05, elementwise_affine=True)
              )
              (norm1): LayerNorm((128,), eps=1e-05, elementwise_affine=True)
              (norm2): LayerNorm((128,), eps=1e-05, elementwise_affine=True)
              (ffn): Sequential(
                (0): Linear(in_features=128, out_features=384, bias=True)
                (1): GELU(approximate='none')
                (2): Linear(in_features=384, out_features=128, bias=True)
              )
            )
          )
        )
        (conv1): Conv2d(1, 128, kernel_size=(7, 7), stride=(1, 1), padding=(3, 3))
        (guidance_projection): Sequential(
          (0): Conv2d(512, 128, kernel_size=(3, 3), stride=(1, 1), padding=(1, 1))
          (1): ReLU()
        )
        (text_guidance_projection): Sequential(
          (0): Linear(in_features=512, out_features=128, bias=True)
          (1): ReLU()
        )
        (decoder_guidance_projection): ModuleList(
          (0): Sequential(
            (0): Conv2d(256, 32, kernel_size=(3, 3), stride=(1, 1), padding=(1, 1))
            (1): ReLU()
          )
          (1): Sequential(
            (0): Conv2d(128, 16, kernel_size=(3, 3), stride=(1, 1), padding=(1, 1))
            (1): ReLU()
          )
        )
        (decoder1): UpLite(
          (up): ConvTranspose2d(128, 96, kernel_size=(2, 2), stride=(2, 2))
          (conv): Sequential(
            (0): Conv2d(128, 64, kernel_size=(3, 3), stride=(1, 1), padding=(1, 1), bias=False)
            (1): GroupNorm(4, 64, eps=1e-05, affine=True)
            (2): ReLU()
          )
        )
        (decoder2): UpLite(
          (up): ConvTranspose2d(64, 48, kernel_size=(2, 2), stride=(2, 2))
          (conv): Sequential(
            (0): Conv2d(64, 32, kernel_size=(3, 3), stride=(1, 1), padding=(1, 1), bias=False)
            (1): GroupNorm(2, 32, eps=1e-05, affine=True)
            (2): ReLU()
          )
        )
        (head): Conv2d(32, 1, kernel_size=(3, 3), stride=(1, 1), padding=(1, 1))
      )
    )
  )
  (upsample1): ConvTranspose2d(768, 256, kernel_size=(2, 2), stride=(2, 2))
  (upsample2): ConvTranspose2d(768, 128, kernel_size=(4, 4), stride=(4, 4))
)
[12/10 03:08:01 fvcore.common.checkpoint]: [Checkpointer] Loading from outputs/gta_seen7_eva_b16_r512/model_0019999.pth ...
[12/10 03:08:02 d2.data.datasets.coco]: Loaded 3943 images with semantic segmentation from /data/zd/data/Mapillary/mapillary/OV_30/images/
[12/10 03:08:02 d2.data.dataset_mapper]: [DatasetMapper] Augmentations used in inference: [ResizeShortestEdge(short_edge_length=(512, 512), max_size=1024, sample_style='choice')]
[12/10 03:08:02 d2.data.common]: Serializing 3943 elements to byte tensors and concatenating them all ...
[12/10 03:08:02 d2.data.common]: Serialized dataset takes 0.75 MiB
[12/10 03:08:02 d2.data.datasets.coco]: Loaded 3943 images with semantic segmentation from /data/zd/data/Mapillary/mapillary/OV_30/images/
[12/10 03:08:02 d2.evaluation.evaluator]: Start inference on 3943 batches
Add a new rope freq of shape: torch.Size([1024, 64])
[12/10 03:08:18 d2.evaluation.evaluator]: Inference done 11/3943. Dataloading: 0.0015 s/iter. Inference: 0.0783 s/iter. Eval: 1.5547 s/iter. Total: 1.6346 s/iter. ETA=1:47:07
[12/10 03:08:24 d2.evaluation.evaluator]: Inference done 17/3943. Dataloading: 0.0012 s/iter. Inference: 0.0771 s/iter. Eval: 1.2100 s/iter. Total: 1.2883 s/iter. ETA=1:24:17
[12/10 03:08:29 d2.evaluation.evaluator]: Inference done 20/3943. Dataloading: 0.0012 s/iter. Inference: 0.0766 s/iter. Eval: 1.3132 s/iter. Total: 1.3911 s/iter. ETA=1:30:57
[12/10 03:08:35 d2.evaluation.evaluator]: Inference done 26/3943. Dataloading: 0.0013 s/iter. Inference: 0.0760 s/iter. Eval: 1.1808 s/iter. Total: 1.2582 s/iter. ETA=1:22:08
[12/10 03:08:40 d2.evaluation.evaluator]: Inference done 30/3943. Dataloading: 0.0014 s/iter. Inference: 0.0759 s/iter. Eval: 1.1859 s/iter. Total: 1.2633 s/iter. ETA=1:22:23
[12/10 03:08:45 d2.evaluation.evaluator]: Inference done 34/3943. Dataloading: 0.0014 s/iter. Inference: 0.0761 s/iter. Eval: 1.1935 s/iter. Total: 1.2712 s/iter. ETA=1:22:49
[12/10 03:08:51 d2.evaluation.evaluator]: Inference done 39/3943. Dataloading: 0.0014 s/iter. Inference: 0.0767 s/iter. Eval: 1.1721 s/iter. Total: 1.2503 s/iter. ETA=1:21:21
[12/10 03:08:57 d2.evaluation.evaluator]: Inference done 44/3943. Dataloading: 0.0015 s/iter. Inference: 0.0765 s/iter. Eval: 1.1707 s/iter. Total: 1.2488 s/iter. ETA=1:21:08
[12/10 03:09:03 d2.evaluation.evaluator]: Inference done 48/3943. Dataloading: 0.0015 s/iter. Inference: 0.0766 s/iter. Eval: 1.1913 s/iter. Total: 1.2695 s/iter. ETA=1:22:24
[12/10 03:09:08 d2.evaluation.evaluator]: Inference done 51/3943. Dataloading: 0.0016 s/iter. Inference: 0.0768 s/iter. Eval: 1.2189 s/iter. Total: 1.2974 s/iter. ETA=1:24:09
[12/10 03:09:13 d2.evaluation.evaluator]: Inference done 56/3943. Dataloading: 0.0016 s/iter. Inference: 0.0769 s/iter. Eval: 1.1917 s/iter. Total: 1.2703 s/iter. ETA=1:22:17
[12/10 03:09:19 d2.evaluation.evaluator]: Inference done 60/3943. Dataloading: 0.0016 s/iter. Inference: 0.0769 s/iter. Eval: 1.2043 s/iter. Total: 1.2829 s/iter. ETA=1:23:01
[12/10 03:09:24 d2.evaluation.evaluator]: Inference done 65/3943. Dataloading: 0.0016 s/iter. Inference: 0.0774 s/iter. Eval: 1.1832 s/iter. Total: 1.2623 s/iter. ETA=1:21:35
[12/10 03:09:30 d2.evaluation.evaluator]: Inference done 70/3943. Dataloading: 0.0016 s/iter. Inference: 0.0773 s/iter. Eval: 1.1848 s/iter. Total: 1.2638 s/iter. ETA=1:21:34
[12/10 03:09:35 d2.evaluation.evaluator]: Inference done 76/3943. Dataloading: 0.0016 s/iter. Inference: 0.0793 s/iter. Eval: 1.1480 s/iter. Total: 1.2291 s/iter. ETA=1:19:12
[12/10 03:09:41 d2.evaluation.evaluator]: Inference done 80/3943. Dataloading: 0.0016 s/iter. Inference: 0.0793 s/iter. Eval: 1.1517 s/iter. Total: 1.2328 s/iter. ETA=1:19:22
[12/10 03:09:46 d2.evaluation.evaluator]: Inference done 84/3943. Dataloading: 0.0017 s/iter. Inference: 0.0792 s/iter. Eval: 1.1635 s/iter. Total: 1.2444 s/iter. ETA=1:20:02
[12/10 03:09:53 d2.evaluation.evaluator]: Inference done 90/3943. Dataloading: 0.0017 s/iter. Inference: 0.0791 s/iter. Eval: 1.1514 s/iter. Total: 1.2323 s/iter. ETA=1:19:08
[12/10 03:09:59 d2.evaluation.evaluator]: Inference done 95/3943. Dataloading: 0.0017 s/iter. Inference: 0.0791 s/iter. Eval: 1.1494 s/iter. Total: 1.2302 s/iter. ETA=1:18:53
[12/10 03:10:05 d2.evaluation.evaluator]: Inference done 101/3943. Dataloading: 0.0017 s/iter. Inference: 0.0790 s/iter. Eval: 1.1376 s/iter. Total: 1.2184 s/iter. ETA=1:18:01
[12/10 03:10:10 d2.evaluation.evaluator]: Inference done 109/3943. Dataloading: 0.0017 s/iter. Inference: 0.0790 s/iter. Eval: 1.0954 s/iter. Total: 1.1762 s/iter. ETA=1:15:09
[12/10 03:10:17 d2.evaluation.evaluator]: Inference done 114/3943. Dataloading: 0.0017 s/iter. Inference: 0.0791 s/iter. Eval: 1.0977 s/iter. Total: 1.1786 s/iter. ETA=1:15:12
[12/10 03:10:23 d2.evaluation.evaluator]: Inference done 119/3943. Dataloading: 0.0017 s/iter. Inference: 0.0791 s/iter. Eval: 1.1050 s/iter. Total: 1.1859 s/iter. ETA=1:15:34
[12/10 03:10:29 d2.evaluation.evaluator]: Inference done 127/3943. Dataloading: 0.0017 s/iter. Inference: 0.0790 s/iter. Eval: 1.0753 s/iter. Total: 1.1561 s/iter. ETA=1:13:31
[12/10 03:10:34 d2.evaluation.evaluator]: Inference done 135/3943. Dataloading: 0.0017 s/iter. Inference: 0.0788 s/iter. Eval: 1.0439 s/iter. Total: 1.1245 s/iter. ETA=1:11:22
[12/10 03:10:40 d2.evaluation.evaluator]: Inference done 142/3943. Dataloading: 0.0017 s/iter. Inference: 0.0788 s/iter. Eval: 1.0266 s/iter. Total: 1.1072 s/iter. ETA=1:10:08
[12/10 03:10:45 d2.evaluation.evaluator]: Inference done 147/3943. Dataloading: 0.0017 s/iter. Inference: 0.0788 s/iter. Eval: 1.0270 s/iter. Total: 1.1076 s/iter. ETA=1:10:04
[12/10 03:10:51 d2.evaluation.evaluator]: Inference done 151/3943. Dataloading: 0.0017 s/iter. Inference: 0.0787 s/iter. Eval: 1.0328 s/iter. Total: 1.1133 s/iter. ETA=1:10:21
[12/10 03:10:57 d2.evaluation.evaluator]: Inference done 155/3943. Dataloading: 0.0017 s/iter. Inference: 0.0787 s/iter. Eval: 1.0465 s/iter. Total: 1.1270 s/iter. ETA=1:11:08
[12/10 03:11:04 d2.evaluation.evaluator]: Inference done 160/3943. Dataloading: 0.0017 s/iter. Inference: 0.0786 s/iter. Eval: 1.0517 s/iter. Total: 1.1320 s/iter. ETA=1:11:22
[12/10 03:11:11 d2.evaluation.evaluator]: Inference done 164/3943. Dataloading: 0.0017 s/iter. Inference: 0.0786 s/iter. Eval: 1.0684 s/iter. Total: 1.1488 s/iter. ETA=1:12:21
[12/10 03:11:16 d2.evaluation.evaluator]: Inference done 171/3943. Dataloading: 0.0017 s/iter. Inference: 0.0785 s/iter. Eval: 1.0544 s/iter. Total: 1.1347 s/iter. ETA=1:11:20
[12/10 03:11:22 d2.evaluation.evaluator]: Inference done 174/3943. Dataloading: 0.0017 s/iter. Inference: 0.0785 s/iter. Eval: 1.0650 s/iter. Total: 1.1453 s/iter. ETA=1:11:56
[12/10 03:11:27 d2.evaluation.evaluator]: Inference done 178/3943. Dataloading: 0.0017 s/iter. Inference: 0.0785 s/iter. Eval: 1.0686 s/iter. Total: 1.1489 s/iter. ETA=1:12:05
[12/10 03:11:32 d2.evaluation.evaluator]: Inference done 183/3943. Dataloading: 0.0017 s/iter. Inference: 0.0786 s/iter. Eval: 1.0652 s/iter. Total: 1.1455 s/iter. ETA=1:11:47
[12/10 03:11:39 d2.evaluation.evaluator]: Inference done 189/3943. Dataloading: 0.0017 s/iter. Inference: 0.0786 s/iter. Eval: 1.0651 s/iter. Total: 1.1455 s/iter. ETA=1:11:40
[12/10 03:11:44 d2.evaluation.evaluator]: Inference done 193/3943. Dataloading: 0.0017 s/iter. Inference: 0.0786 s/iter. Eval: 1.0695 s/iter. Total: 1.1499 s/iter. ETA=1:11:52
[12/10 03:11:50 d2.evaluation.evaluator]: Inference done 199/3943. Dataloading: 0.0017 s/iter. Inference: 0.0787 s/iter. Eval: 1.0638 s/iter. Total: 1.1443 s/iter. ETA=1:11:24
[12/10 03:11:55 d2.evaluation.evaluator]: Inference done 204/3943. Dataloading: 0.0017 s/iter. Inference: 0.0787 s/iter. Eval: 1.0622 s/iter. Total: 1.1427 s/iter. ETA=1:11:12
[12/10 03:12:02 d2.evaluation.evaluator]: Inference done 211/3943. Dataloading: 0.0017 s/iter. Inference: 0.0786 s/iter. Eval: 1.0533 s/iter. Total: 1.1337 s/iter. ETA=1:10:31
[12/10 03:12:08 d2.evaluation.evaluator]: Inference done 217/3943. Dataloading: 0.0017 s/iter. Inference: 0.0785 s/iter. Eval: 1.0505 s/iter. Total: 1.1308 s/iter. ETA=1:10:13
[12/10 03:12:13 d2.evaluation.evaluator]: Inference done 223/3943. Dataloading: 0.0017 s/iter. Inference: 0.0785 s/iter. Eval: 1.0427 s/iter. Total: 1.1230 s/iter. ETA=1:09:37
[12/10 03:12:18 d2.evaluation.evaluator]: Inference done 232/3943. Dataloading: 0.0017 s/iter. Inference: 0.0785 s/iter. Eval: 1.0203 s/iter. Total: 1.1005 s/iter. ETA=1:08:04
[12/10 03:12:25 d2.evaluation.evaluator]: Inference done 238/3943. Dataloading: 0.0017 s/iter. Inference: 0.0785 s/iter. Eval: 1.0243 s/iter. Total: 1.1047 s/iter. ETA=1:08:12
[12/10 03:12:33 d2.evaluation.evaluator]: Inference done 244/3943. Dataloading: 0.0017 s/iter. Inference: 0.0786 s/iter. Eval: 1.0282 s/iter. Total: 1.1086 s/iter. ETA=1:08:20
[12/10 03:12:38 d2.evaluation.evaluator]: Inference done 249/3943. Dataloading: 0.0017 s/iter. Inference: 0.0787 s/iter. Eval: 1.0265 s/iter. Total: 1.1070 s/iter. ETA=1:08:09
[12/10 03:12:44 d2.evaluation.evaluator]: Inference done 253/3943. Dataloading: 0.0017 s/iter. Inference: 0.0787 s/iter. Eval: 1.0323 s/iter. Total: 1.1128 s/iter. ETA=1:08:26
[12/10 03:12:50 d2.evaluation.evaluator]: Inference done 259/3943. Dataloading: 0.0017 s/iter. Inference: 0.0787 s/iter. Eval: 1.0279 s/iter. Total: 1.1084 s/iter. ETA=1:08:03
[12/10 03:12:55 d2.evaluation.evaluator]: Inference done 265/3943. Dataloading: 0.0017 s/iter. Inference: 0.0787 s/iter. Eval: 1.0222 s/iter. Total: 1.1026 s/iter. ETA=1:07:35
[12/10 03:13:01 d2.evaluation.evaluator]: Inference done 272/3943. Dataloading: 0.0017 s/iter. Inference: 0.0786 s/iter. Eval: 1.0163 s/iter. Total: 1.0967 s/iter. ETA=1:07:06
[12/10 03:13:06 d2.evaluation.evaluator]: Inference done 278/3943. Dataloading: 0.0017 s/iter. Inference: 0.0786 s/iter. Eval: 1.0105 s/iter. Total: 1.0910 s/iter. ETA=1:06:38
[12/10 03:13:12 d2.evaluation.evaluator]: Inference done 284/3943. Dataloading: 0.0017 s/iter. Inference: 0.0786 s/iter. Eval: 1.0082 s/iter. Total: 1.0887 s/iter. ETA=1:06:23
[12/10 03:13:18 d2.evaluation.evaluator]: Inference done 289/3943. Dataloading: 0.0017 s/iter. Inference: 0.0786 s/iter. Eval: 1.0098 s/iter. Total: 1.0902 s/iter. ETA=1:06:23
[12/10 03:13:23 d2.evaluation.evaluator]: Inference done 296/3943. Dataloading: 0.0017 s/iter. Inference: 0.0787 s/iter. Eval: 1.0025 s/iter. Total: 1.0830 s/iter. ETA=1:05:49
[12/10 03:13:30 d2.evaluation.evaluator]: Inference done 301/3943. Dataloading: 0.0017 s/iter. Inference: 0.0787 s/iter. Eval: 1.0079 s/iter. Total: 1.0884 s/iter. ETA=1:06:03
[12/10 03:13:36 d2.evaluation.evaluator]: Inference done 305/3943. Dataloading: 0.0017 s/iter. Inference: 0.0787 s/iter. Eval: 1.0133 s/iter. Total: 1.0938 s/iter. ETA=1:06:19
[12/10 03:13:42 d2.evaluation.evaluator]: Inference done 309/3943. Dataloading: 0.0017 s/iter. Inference: 0.0787 s/iter. Eval: 1.0173 s/iter. Total: 1.0979 s/iter. ETA=1:06:29
[12/10 03:13:47 d2.evaluation.evaluator]: Inference done 315/3943. Dataloading: 0.0017 s/iter. Inference: 0.0787 s/iter. Eval: 1.0144 s/iter. Total: 1.0949 s/iter. ETA=1:06:12
[12/10 03:13:53 d2.evaluation.evaluator]: Inference done 319/3943. Dataloading: 0.0017 s/iter. Inference: 0.0787 s/iter. Eval: 1.0175 s/iter. Total: 1.0981 s/iter. ETA=1:06:19
[12/10 03:13:58 d2.evaluation.evaluator]: Inference done 322/3943. Dataloading: 0.0017 s/iter. Inference: 0.0788 s/iter. Eval: 1.0233 s/iter. Total: 1.1039 s/iter. ETA=1:06:37
[12/10 03:14:04 d2.evaluation.evaluator]: Inference done 327/3943. Dataloading: 0.0017 s/iter. Inference: 0.0787 s/iter. Eval: 1.0234 s/iter. Total: 1.1040 s/iter. ETA=1:06:32
[12/10 03:14:09 d2.evaluation.evaluator]: Inference done 331/3943. Dataloading: 0.0017 s/iter. Inference: 0.0788 s/iter. Eval: 1.0268 s/iter. Total: 1.1074 s/iter. ETA=1:06:40
[12/10 03:14:17 d2.evaluation.evaluator]: Inference done 335/3943. Dataloading: 0.0017 s/iter. Inference: 0.0788 s/iter. Eval: 1.0362 s/iter. Total: 1.1167 s/iter. ETA=1:07:09
[12/10 03:14:22 d2.evaluation.evaluator]: Inference done 339/3943. Dataloading: 0.0017 s/iter. Inference: 0.0788 s/iter. Eval: 1.0391 s/iter. Total: 1.1197 s/iter. ETA=1:07:15
[12/10 03:14:28 d2.evaluation.evaluator]: Inference done 345/3943. Dataloading: 0.0017 s/iter. Inference: 0.0788 s/iter. Eval: 1.0366 s/iter. Total: 1.1172 s/iter. ETA=1:06:59
[12/10 03:14:34 d2.evaluation.evaluator]: Inference done 350/3943. Dataloading: 0.0017 s/iter. Inference: 0.0788 s/iter. Eval: 1.0387 s/iter. Total: 1.1194 s/iter. ETA=1:07:01
[12/10 03:14:39 d2.evaluation.evaluator]: Inference done 356/3943. Dataloading: 0.0017 s/iter. Inference: 0.0788 s/iter. Eval: 1.0341 s/iter. Total: 1.1148 s/iter. ETA=1:06:38
[12/10 03:14:47 d2.evaluation.evaluator]: Inference done 362/3943. Dataloading: 0.0017 s/iter. Inference: 0.0788 s/iter. Eval: 1.0361 s/iter. Total: 1.1167 s/iter. ETA=1:06:39
[12/10 03:14:53 d2.evaluation.evaluator]: Inference done 367/3943. Dataloading: 0.0017 s/iter. Inference: 0.0788 s/iter. Eval: 1.0371 s/iter. Total: 1.1177 s/iter. ETA=1:06:37
[12/10 03:14:58 d2.evaluation.evaluator]: Inference done 372/3943. Dataloading: 0.0017 s/iter. Inference: 0.0787 s/iter. Eval: 1.0366 s/iter. Total: 1.1171 s/iter. ETA=1:06:29
[12/10 03:15:04 d2.evaluation.evaluator]: Inference done 376/3943. Dataloading: 0.0017 s/iter. Inference: 0.0787 s/iter. Eval: 1.0395 s/iter. Total: 1.1201 s/iter. ETA=1:06:35
[12/10 03:15:10 d2.evaluation.evaluator]: Inference done 382/3943. Dataloading: 0.0017 s/iter. Inference: 0.0787 s/iter. Eval: 1.0393 s/iter. Total: 1.1199 s/iter. ETA=1:06:27
[12/10 03:15:15 d2.evaluation.evaluator]: Inference done 385/3943. Dataloading: 0.0017 s/iter. Inference: 0.0787 s/iter. Eval: 1.0441 s/iter. Total: 1.1246 s/iter. ETA=1:06:41
[12/10 03:15:21 d2.evaluation.evaluator]: Inference done 391/3943. Dataloading: 0.0017 s/iter. Inference: 0.0787 s/iter. Eval: 1.0405 s/iter. Total: 1.1210 s/iter. ETA=1:06:21
[12/10 03:15:26 d2.evaluation.evaluator]: Inference done 397/3943. Dataloading: 0.0017 s/iter. Inference: 0.0787 s/iter. Eval: 1.0371 s/iter. Total: 1.1176 s/iter. ETA=1:06:03
[12/10 03:15:32 d2.evaluation.evaluator]: Inference done 404/3943. Dataloading: 0.0017 s/iter. Inference: 0.0787 s/iter. Eval: 1.0312 s/iter. Total: 1.1117 s/iter. ETA=1:05:34
[12/10 03:15:38 d2.evaluation.evaluator]: Inference done 410/3943. Dataloading: 0.0017 s/iter. Inference: 0.0787 s/iter. Eval: 1.0301 s/iter. Total: 1.1106 s/iter. ETA=1:05:23
[12/10 03:15:44 d2.evaluation.evaluator]: Inference done 415/3943. Dataloading: 0.0017 s/iter. Inference: 0.0787 s/iter. Eval: 1.0325 s/iter. Total: 1.1131 s/iter. ETA=1:05:26
[12/10 03:15:50 d2.evaluation.evaluator]: Inference done 421/3943. Dataloading: 0.0017 s/iter. Inference: 0.0787 s/iter. Eval: 1.0292 s/iter. Total: 1.1098 s/iter. ETA=1:05:08
[12/10 03:15:55 d2.evaluation.evaluator]: Inference done 425/3943. Dataloading: 0.0017 s/iter. Inference: 0.0787 s/iter. Eval: 1.0312 s/iter. Total: 1.1117 s/iter. ETA=1:05:11
[12/10 03:16:01 d2.evaluation.evaluator]: Inference done 431/3943. Dataloading: 0.0017 s/iter. Inference: 0.0787 s/iter. Eval: 1.0287 s/iter. Total: 1.1092 s/iter. ETA=1:04:55
[12/10 03:16:06 d2.evaluation.evaluator]: Inference done 439/3943. Dataloading: 0.0017 s/iter. Inference: 0.0787 s/iter. Eval: 1.0211 s/iter. Total: 1.1016 s/iter. ETA=1:04:19
[12/10 03:16:12 d2.evaluation.evaluator]: Inference done 443/3943. Dataloading: 0.0017 s/iter. Inference: 0.0787 s/iter. Eval: 1.0232 s/iter. Total: 1.1037 s/iter. ETA=1:04:23
[12/10 03:16:17 d2.evaluation.evaluator]: Inference done 448/3943. Dataloading: 0.0017 s/iter. Inference: 0.0787 s/iter. Eval: 1.0221 s/iter. Total: 1.1026 s/iter. ETA=1:04:13
[12/10 03:16:22 d2.evaluation.evaluator]: Inference done 454/3943. Dataloading: 0.0017 s/iter. Inference: 0.0787 s/iter. Eval: 1.0200 s/iter. Total: 1.1006 s/iter. ETA=1:03:59
[12/10 03:16:27 d2.evaluation.evaluator]: Inference done 459/3943. Dataloading: 0.0017 s/iter. Inference: 0.0787 s/iter. Eval: 1.0194 s/iter. Total: 1.1000 s/iter. ETA=1:03:52
[12/10 03:16:33 d2.evaluation.evaluator]: Inference done 464/3943. Dataloading: 0.0017 s/iter. Inference: 0.0787 s/iter. Eval: 1.0196 s/iter. Total: 1.1001 s/iter. ETA=1:03:47
[12/10 03:16:39 d2.evaluation.evaluator]: Inference done 469/3943. Dataloading: 0.0017 s/iter. Inference: 0.0787 s/iter. Eval: 1.0201 s/iter. Total: 1.1006 s/iter. ETA=1:03:43
[12/10 03:16:44 d2.evaluation.evaluator]: Inference done 474/3943. Dataloading: 0.0017 s/iter. Inference: 0.0787 s/iter. Eval: 1.0202 s/iter. Total: 1.1008 s/iter. ETA=1:03:38
[12/10 03:16:50 d2.evaluation.evaluator]: Inference done 478/3943. Dataloading: 0.0017 s/iter. Inference: 0.0788 s/iter. Eval: 1.0236 s/iter. Total: 1.1042 s/iter. ETA=1:03:46
[12/10 03:16:55 d2.evaluation.evaluator]: Inference done 484/3943. Dataloading: 0.0017 s/iter. Inference: 0.0788 s/iter. Eval: 1.0204 s/iter. Total: 1.1010 s/iter. ETA=1:03:28
[12/10 03:17:03 d2.evaluation.evaluator]: Inference done 489/3943. Dataloading: 0.0017 s/iter. Inference: 0.0788 s/iter. Eval: 1.0249 s/iter. Total: 1.1056 s/iter. ETA=1:03:38
[12/10 03:17:09 d2.evaluation.evaluator]: Inference done 494/3943. Dataloading: 0.0017 s/iter. Inference: 0.0789 s/iter. Eval: 1.0248 s/iter. Total: 1.1056 s/iter. ETA=1:03:33
[12/10 03:17:14 d2.evaluation.evaluator]: Inference done 497/3943. Dataloading: 0.0017 s/iter. Inference: 0.0789 s/iter. Eval: 1.0287 s/iter. Total: 1.1094 s/iter. ETA=1:03:43
[12/10 03:17:19 d2.evaluation.evaluator]: Inference done 499/3943. Dataloading: 0.0017 s/iter. Inference: 0.0789 s/iter. Eval: 1.0348 s/iter. Total: 1.1155 s/iter. ETA=1:04:01
[12/10 03:17:25 d2.evaluation.evaluator]: Inference done 503/3943. Dataloading: 0.0017 s/iter. Inference: 0.0789 s/iter. Eval: 1.0369 s/iter. Total: 1.1177 s/iter. ETA=1:04:04
[12/10 03:17:30 d2.evaluation.evaluator]: Inference done 508/3943. Dataloading: 0.0017 s/iter. Inference: 0.0789 s/iter. Eval: 1.0369 s/iter. Total: 1.1176 s/iter. ETA=1:03:59
[12/10 03:17:36 d2.evaluation.evaluator]: Inference done 514/3943. Dataloading: 0.0017 s/iter. Inference: 0.0788 s/iter. Eval: 1.0356 s/iter. Total: 1.1163 s/iter. ETA=1:03:47
[12/10 03:17:41 d2.evaluation.evaluator]: Inference done 520/3943. Dataloading: 0.0017 s/iter. Inference: 0.0788 s/iter. Eval: 1.0323 s/iter. Total: 1.1130 s/iter. ETA=1:03:29
[12/10 03:17:47 d2.evaluation.evaluator]: Inference done 523/3943. Dataloading: 0.0017 s/iter. Inference: 0.0789 s/iter. Eval: 1.0362 s/iter. Total: 1.1169 s/iter. ETA=1:03:39
[12/10 03:17:53 d2.evaluation.evaluator]: Inference done 529/3943. Dataloading: 0.0017 s/iter. Inference: 0.0788 s/iter. Eval: 1.0357 s/iter. Total: 1.1164 s/iter. ETA=1:03:31
[12/10 03:17:59 d2.evaluation.evaluator]: Inference done 534/3943. Dataloading: 0.0017 s/iter. Inference: 0.0788 s/iter. Eval: 1.0360 s/iter. Total: 1.1166 s/iter. ETA=1:03:26
[12/10 03:18:04 d2.evaluation.evaluator]: Inference done 540/3943. Dataloading: 0.0017 s/iter. Inference: 0.0788 s/iter. Eval: 1.0338 s/iter. Total: 1.1144 s/iter. ETA=1:03:12
[12/10 03:18:10 d2.evaluation.evaluator]: Inference done 546/3943. Dataloading: 0.0017 s/iter. Inference: 0.0787 s/iter. Eval: 1.0328 s/iter. Total: 1.1134 s/iter. ETA=1:03:02
[12/10 03:18:16 d2.evaluation.evaluator]: Inference done 551/3943. Dataloading: 0.0017 s/iter. Inference: 0.0787 s/iter. Eval: 1.0322 s/iter. Total: 1.1128 s/iter. ETA=1:02:54
[12/10 03:18:21 d2.evaluation.evaluator]: Inference done 555/3943. Dataloading: 0.0017 s/iter. Inference: 0.0787 s/iter. Eval: 1.0334 s/iter. Total: 1.1139 s/iter. ETA=1:02:53
[12/10 03:18:26 d2.evaluation.evaluator]: Inference done 559/3943. Dataloading: 0.0017 s/iter. Inference: 0.0787 s/iter. Eval: 1.0354 s/iter. Total: 1.1159 s/iter. ETA=1:02:56
[12/10 03:18:32 d2.evaluation.evaluator]: Inference done 567/3943. Dataloading: 0.0017 s/iter. Inference: 0.0786 s/iter. Eval: 1.0300 s/iter. Total: 1.1105 s/iter. ETA=1:02:28
[12/10 03:18:38 d2.evaluation.evaluator]: Inference done 570/3943. Dataloading: 0.0017 s/iter. Inference: 0.0786 s/iter. Eval: 1.0342 s/iter. Total: 1.1146 s/iter. ETA=1:02:39
[12/10 03:18:44 d2.evaluation.evaluator]: Inference done 578/3943. Dataloading: 0.0017 s/iter. Inference: 0.0786 s/iter. Eval: 1.0288 s/iter. Total: 1.1093 s/iter. ETA=1:02:12
[12/10 03:18:50 d2.evaluation.evaluator]: Inference done 585/3943. Dataloading: 0.0017 s/iter. Inference: 0.0786 s/iter. Eval: 1.0267 s/iter. Total: 1.1070 s/iter. ETA=1:01:57
[12/10 03:18:55 d2.evaluation.evaluator]: Inference done 590/3943. Dataloading: 0.0017 s/iter. Inference: 0.0785 s/iter. Eval: 1.0263 s/iter. Total: 1.1067 s/iter. ETA=1:01:50
[12/10 03:19:01 d2.evaluation.evaluator]: Inference done 596/3943. Dataloading: 0.0017 s/iter. Inference: 0.0785 s/iter. Eval: 1.0237 s/iter. Total: 1.1040 s/iter. ETA=1:01:35
[12/10 03:19:07 d2.evaluation.evaluator]: Inference done 601/3943. Dataloading: 0.0017 s/iter. Inference: 0.0785 s/iter. Eval: 1.0254 s/iter. Total: 1.1057 s/iter. ETA=1:01:35
[12/10 03:19:13 d2.evaluation.evaluator]: Inference done 607/3943. Dataloading: 0.0017 s/iter. Inference: 0.0785 s/iter. Eval: 1.0248 s/iter. Total: 1.1051 s/iter. ETA=1:01:26
[12/10 03:19:20 d2.evaluation.evaluator]: Inference done 613/3943. Dataloading: 0.0017 s/iter. Inference: 0.0785 s/iter. Eval: 1.0249 s/iter. Total: 1.1052 s/iter. ETA=1:01:20
[12/10 03:19:27 d2.evaluation.evaluator]: Inference done 618/3943. Dataloading: 0.0017 s/iter. Inference: 0.0785 s/iter. Eval: 1.0265 s/iter. Total: 1.1068 s/iter. ETA=1:01:20
[12/10 03:19:32 d2.evaluation.evaluator]: Inference done 623/3943. Dataloading: 0.0017 s/iter. Inference: 0.0785 s/iter. Eval: 1.0259 s/iter. Total: 1.1062 s/iter. ETA=1:01:12
[12/10 03:19:37 d2.evaluation.evaluator]: Inference done 628/3943. Dataloading: 0.0017 s/iter. Inference: 0.0785 s/iter. Eval: 1.0261 s/iter. Total: 1.1064 s/iter. ETA=1:01:07
[12/10 03:19:43 d2.evaluation.evaluator]: Inference done 633/3943. Dataloading: 0.0017 s/iter. Inference: 0.0784 s/iter. Eval: 1.0256 s/iter. Total: 1.1059 s/iter. ETA=1:01:00
[12/10 03:19:48 d2.evaluation.evaluator]: Inference done 636/3943. Dataloading: 0.0017 s/iter. Inference: 0.0784 s/iter. Eval: 1.0288 s/iter. Total: 1.1091 s/iter. ETA=1:01:07
[12/10 03:19:53 d2.evaluation.evaluator]: Inference done 639/3943. Dataloading: 0.0017 s/iter. Inference: 0.0784 s/iter. Eval: 1.0319 s/iter. Total: 1.1122 s/iter. ETA=1:01:14
[12/10 03:19:59 d2.evaluation.evaluator]: Inference done 644/3943. Dataloading: 0.0017 s/iter. Inference: 0.0784 s/iter. Eval: 1.0316 s/iter. Total: 1.1118 s/iter. ETA=1:01:07
[12/10 03:20:05 d2.evaluation.evaluator]: Inference done 650/3943. Dataloading: 0.0017 s/iter. Inference: 0.0784 s/iter. Eval: 1.0307 s/iter. Total: 1.1109 s/iter. ETA=1:00:58
[12/10 03:20:11 d2.evaluation.evaluator]: Inference done 656/3943. Dataloading: 0.0017 s/iter. Inference: 0.0784 s/iter. Eval: 1.0307 s/iter. Total: 1.1109 s/iter. ETA=1:00:51
[12/10 03:20:17 d2.evaluation.evaluator]: Inference done 661/3943. Dataloading: 0.0017 s/iter. Inference: 0.0784 s/iter. Eval: 1.0306 s/iter. Total: 1.1107 s/iter. ETA=1:00:45
[12/10 03:20:22 d2.evaluation.evaluator]: Inference done 666/3943. Dataloading: 0.0017 s/iter. Inference: 0.0783 s/iter. Eval: 1.0308 s/iter. Total: 1.1109 s/iter. ETA=1:00:40
[12/10 03:20:28 d2.evaluation.evaluator]: Inference done 671/3943. Dataloading: 0.0017 s/iter. Inference: 0.0783 s/iter. Eval: 1.0310 s/iter. Total: 1.1111 s/iter. ETA=1:00:35
[12/10 03:20:34 d2.evaluation.evaluator]: Inference done 676/3943. Dataloading: 0.0017 s/iter. Inference: 0.0783 s/iter. Eval: 1.0309 s/iter. Total: 1.1110 s/iter. ETA=1:00:29
[12/10 03:20:39 d2.evaluation.evaluator]: Inference done 681/3943. Dataloading: 0.0017 s/iter. Inference: 0.0783 s/iter. Eval: 1.0301 s/iter. Total: 1.1102 s/iter. ETA=1:00:21
[12/10 03:20:44 d2.evaluation.evaluator]: Inference done 687/3943. Dataloading: 0.0017 s/iter. Inference: 0.0783 s/iter. Eval: 1.0289 s/iter. Total: 1.1090 s/iter. ETA=1:00:10
[12/10 03:20:50 d2.evaluation.evaluator]: Inference done 693/3943. Dataloading: 0.0017 s/iter. Inference: 0.0783 s/iter. Eval: 1.0270 s/iter. Total: 1.1072 s/iter. ETA=0:59:58
[12/10 03:20:56 d2.evaluation.evaluator]: Inference done 697/3943. Dataloading: 0.0017 s/iter. Inference: 0.0783 s/iter. Eval: 1.0297 s/iter. Total: 1.1098 s/iter. ETA=1:00:02
[12/10 03:21:01 d2.evaluation.evaluator]: Inference done 702/3943. Dataloading: 0.0017 s/iter. Inference: 0.0783 s/iter. Eval: 1.0292 s/iter. Total: 1.1094 s/iter. ETA=0:59:55
[12/10 03:21:06 d2.evaluation.evaluator]: Inference done 707/3943. Dataloading: 0.0017 s/iter. Inference: 0.0783 s/iter. Eval: 1.0286 s/iter. Total: 1.1088 s/iter. ETA=0:59:48
[12/10 03:21:13 d2.evaluation.evaluator]: Inference done 711/3943. Dataloading: 0.0017 s/iter. Inference: 0.0783 s/iter. Eval: 1.0322 s/iter. Total: 1.1123 s/iter. ETA=0:59:54
[12/10 03:21:21 d2.evaluation.evaluator]: Inference done 716/3943. Dataloading: 0.0017 s/iter. Inference: 0.0784 s/iter. Eval: 1.0351 s/iter. Total: 1.1153 s/iter. ETA=0:59:59
[12/10 03:21:26 d2.evaluation.evaluator]: Inference done 720/3943. Dataloading: 0.0017 s/iter. Inference: 0.0784 s/iter. Eval: 1.0361 s/iter. Total: 1.1163 s/iter. ETA=0:59:57
[12/10 03:21:32 d2.evaluation.evaluator]: Inference done 726/3943. Dataloading: 0.0017 s/iter. Inference: 0.0784 s/iter. Eval: 1.0348 s/iter. Total: 1.1150 s/iter. ETA=0:59:46
[12/10 03:21:37 d2.evaluation.evaluator]: Inference done 732/3943. Dataloading: 0.0017 s/iter. Inference: 0.0784 s/iter. Eval: 1.0327 s/iter. Total: 1.1129 s/iter. ETA=0:59:33
[12/10 03:21:42 d2.evaluation.evaluator]: Inference done 735/3943. Dataloading: 0.0017 s/iter. Inference: 0.0784 s/iter. Eval: 1.0352 s/iter. Total: 1.1154 s/iter. ETA=0:59:38
[12/10 03:21:48 d2.evaluation.evaluator]: Inference done 740/3943. Dataloading: 0.0017 s/iter. Inference: 0.0784 s/iter. Eval: 1.0358 s/iter. Total: 1.1160 s/iter. ETA=0:59:34
[12/10 03:21:54 d2.evaluation.evaluator]: Inference done 745/3943. Dataloading: 0.0017 s/iter. Inference: 0.0784 s/iter. Eval: 1.0354 s/iter. Total: 1.1156 s/iter. ETA=0:59:27
[12/10 03:22:01 d2.evaluation.evaluator]: Inference done 749/3943. Dataloading: 0.0017 s/iter. Inference: 0.0784 s/iter. Eval: 1.0394 s/iter. Total: 1.1196 s/iter. ETA=0:59:35
[12/10 03:22:07 d2.evaluation.evaluator]: Inference done 753/3943. Dataloading: 0.0017 s/iter. Inference: 0.0784 s/iter. Eval: 1.0412 s/iter. Total: 1.1215 s/iter. ETA=0:59:37
[12/10 03:22:13 d2.evaluation.evaluator]: Inference done 757/3943. Dataloading: 0.0017 s/iter. Inference: 0.0784 s/iter. Eval: 1.0434 s/iter. Total: 1.1236 s/iter. ETA=0:59:39
[12/10 03:22:19 d2.evaluation.evaluator]: Inference done 761/3943. Dataloading: 0.0017 s/iter. Inference: 0.0784 s/iter. Eval: 1.0448 s/iter. Total: 1.1250 s/iter. ETA=0:59:39
[12/10 03:22:24 d2.evaluation.evaluator]: Inference done 766/3943. Dataloading: 0.0017 s/iter. Inference: 0.0784 s/iter. Eval: 1.0441 s/iter. Total: 1.1244 s/iter. ETA=0:59:32
[12/10 03:22:29 d2.evaluation.evaluator]: Inference done 770/3943. Dataloading: 0.0017 s/iter. Inference: 0.0785 s/iter. Eval: 1.0457 s/iter. Total: 1.1260 s/iter. ETA=0:59:32
[12/10 03:22:36 d2.evaluation.evaluator]: Inference done 776/3943. Dataloading: 0.0017 s/iter. Inference: 0.0785 s/iter. Eval: 1.0448 s/iter. Total: 1.1251 s/iter. ETA=0:59:23
[12/10 03:22:41 d2.evaluation.evaluator]: Inference done 782/3943. Dataloading: 0.0017 s/iter. Inference: 0.0785 s/iter. Eval: 1.0434 s/iter. Total: 1.1237 s/iter. ETA=0:59:12
[12/10 03:22:47 d2.evaluation.evaluator]: Inference done 788/3943. Dataloading: 0.0017 s/iter. Inference: 0.0785 s/iter. Eval: 1.0417 s/iter. Total: 1.1219 s/iter. ETA=0:58:59
[12/10 03:22:52 d2.evaluation.evaluator]: Inference done 793/3943. Dataloading: 0.0017 s/iter. Inference: 0.0785 s/iter. Eval: 1.0414 s/iter. Total: 1.1217 s/iter. ETA=0:58:53
[12/10 03:22:58 d2.evaluation.evaluator]: Inference done 798/3943. Dataloading: 0.0017 s/iter. Inference: 0.0784 s/iter. Eval: 1.0413 s/iter. Total: 1.1216 s/iter. ETA=0:58:47
[12/10 03:23:05 d2.evaluation.evaluator]: Inference done 802/3943. Dataloading: 0.0017 s/iter. Inference: 0.0784 s/iter. Eval: 1.0456 s/iter. Total: 1.1258 s/iter. ETA=0:58:56
[12/10 03:23:11 d2.evaluation.evaluator]: Inference done 807/3943. Dataloading: 0.0017 s/iter. Inference: 0.0784 s/iter. Eval: 1.0459 s/iter. Total: 1.1262 s/iter. ETA=0:58:51
[12/10 03:23:17 d2.evaluation.evaluator]: Inference done 812/3943. Dataloading: 0.0017 s/iter. Inference: 0.0784 s/iter. Eval: 1.0455 s/iter. Total: 1.1258 s/iter. ETA=0:58:44
[12/10 03:23:22 d2.evaluation.evaluator]: Inference done 817/3943. Dataloading: 0.0017 s/iter. Inference: 0.0784 s/iter. Eval: 1.0455 s/iter. Total: 1.1258 s/iter. ETA=0:58:39
[12/10 03:23:27 d2.evaluation.evaluator]: Inference done 821/3943. Dataloading: 0.0017 s/iter. Inference: 0.0784 s/iter. Eval: 1.0462 s/iter. Total: 1.1264 s/iter. ETA=0:58:36
[12/10 03:23:33 d2.evaluation.evaluator]: Inference done 825/3943. Dataloading: 0.0017 s/iter. Inference: 0.0784 s/iter. Eval: 1.0482 s/iter. Total: 1.1284 s/iter. ETA=0:58:38
[12/10 03:23:38 d2.evaluation.evaluator]: Inference done 828/3943. Dataloading: 0.0017 s/iter. Inference: 0.0784 s/iter. Eval: 1.0502 s/iter. Total: 1.1305 s/iter. ETA=0:58:41
[12/10 03:23:45 d2.evaluation.evaluator]: Inference done 835/3943. Dataloading: 0.0017 s/iter. Inference: 0.0784 s/iter. Eval: 1.0483 s/iter. Total: 1.1285 s/iter. ETA=0:58:27
[12/10 03:23:50 d2.evaluation.evaluator]: Inference done 842/3943. Dataloading: 0.0017 s/iter. Inference: 0.0784 s/iter. Eval: 1.0455 s/iter. Total: 1.1257 s/iter. ETA=0:58:10
[12/10 03:23:56 d2.evaluation.evaluator]: Inference done 846/3943. Dataloading: 0.0017 s/iter. Inference: 0.0784 s/iter. Eval: 1.0475 s/iter. Total: 1.1277 s/iter. ETA=0:58:12
[12/10 03:24:04 d2.evaluation.evaluator]: Inference done 851/3943. Dataloading: 0.0017 s/iter. Inference: 0.0784 s/iter. Eval: 1.0499 s/iter. Total: 1.1301 s/iter. ETA=0:58:14
[12/10 03:24:10 d2.evaluation.evaluator]: Inference done 854/3943. Dataloading: 0.0017 s/iter. Inference: 0.0784 s/iter. Eval: 1.0525 s/iter. Total: 1.1327 s/iter. ETA=0:58:18
[12/10 03:24:15 d2.evaluation.evaluator]: Inference done 859/3943. Dataloading: 0.0017 s/iter. Inference: 0.0784 s/iter. Eval: 1.0518 s/iter. Total: 1.1320 s/iter. ETA=0:58:11
[12/10 03:24:20 d2.evaluation.evaluator]: Inference done 865/3943. Dataloading: 0.0017 s/iter. Inference: 0.0784 s/iter. Eval: 1.0501 s/iter. Total: 1.1303 s/iter. ETA=0:57:59
[12/10 03:24:25 d2.evaluation.evaluator]: Inference done 870/3943. Dataloading: 0.0017 s/iter. Inference: 0.0783 s/iter. Eval: 1.0497 s/iter. Total: 1.1299 s/iter. ETA=0:57:52
[12/10 03:24:30 d2.evaluation.evaluator]: Inference done 874/3943. Dataloading: 0.0017 s/iter. Inference: 0.0783 s/iter. Eval: 1.0503 s/iter. Total: 1.1305 s/iter. ETA=0:57:49
[12/10 03:24:36 d2.evaluation.evaluator]: Inference done 879/3943. Dataloading: 0.0017 s/iter. Inference: 0.0783 s/iter. Eval: 1.0498 s/iter. Total: 1.1300 s/iter. ETA=0:57:42
[12/10 03:24:41 d2.evaluation.evaluator]: Inference done 882/3943. Dataloading: 0.0017 s/iter. Inference: 0.0783 s/iter. Eval: 1.0520 s/iter. Total: 1.1321 s/iter. ETA=0:57:45
[12/10 03:24:46 d2.evaluation.evaluator]: Inference done 886/3943. Dataloading: 0.0017 s/iter. Inference: 0.0783 s/iter. Eval: 1.0529 s/iter. Total: 1.1331 s/iter. ETA=0:57:43
[12/10 03:24:53 d2.evaluation.evaluator]: Inference done 891/3943. Dataloading: 0.0017 s/iter. Inference: 0.0783 s/iter. Eval: 1.0542 s/iter. Total: 1.1344 s/iter. ETA=0:57:42
[12/10 03:24:59 d2.evaluation.evaluator]: Inference done 894/3943. Dataloading: 0.0017 s/iter. Inference: 0.0783 s/iter. Eval: 1.0573 s/iter. Total: 1.1374 s/iter. ETA=0:57:47
[12/10 03:25:04 d2.evaluation.evaluator]: Inference done 898/3943. Dataloading: 0.0017 s/iter. Inference: 0.0783 s/iter. Eval: 1.0581 s/iter. Total: 1.1382 s/iter. ETA=0:57:45
[12/10 03:25:10 d2.evaluation.evaluator]: Inference done 902/3943. Dataloading: 0.0017 s/iter. Inference: 0.0783 s/iter. Eval: 1.0589 s/iter. Total: 1.1390 s/iter. ETA=0:57:43
[12/10 03:25:16 d2.evaluation.evaluator]: Inference done 906/3943. Dataloading: 0.0017 s/iter. Inference: 0.0783 s/iter. Eval: 1.0603 s/iter. Total: 1.1404 s/iter. ETA=0:57:43
[12/10 03:25:21 d2.evaluation.evaluator]: Inference done 910/3943. Dataloading: 0.0017 s/iter. Inference: 0.0783 s/iter. Eval: 1.0610 s/iter. Total: 1.1412 s/iter. ETA=0:57:41
[12/10 03:25:27 d2.evaluation.evaluator]: Inference done 914/3943. Dataloading: 0.0017 s/iter. Inference: 0.0783 s/iter. Eval: 1.0632 s/iter. Total: 1.1434 s/iter. ETA=0:57:43
[12/10 03:25:33 d2.evaluation.evaluator]: Inference done 920/3943. Dataloading: 0.0017 s/iter. Inference: 0.0783 s/iter. Eval: 1.0619 s/iter. Total: 1.1420 s/iter. ETA=0:57:32
[12/10 03:25:38 d2.evaluation.evaluator]: Inference done 924/3943. Dataloading: 0.0017 s/iter. Inference: 0.0783 s/iter. Eval: 1.0626 s/iter. Total: 1.1427 s/iter. ETA=0:57:29
[12/10 03:25:45 d2.evaluation.evaluator]: Inference done 929/3943. Dataloading: 0.0017 s/iter. Inference: 0.0783 s/iter. Eval: 1.0632 s/iter. Total: 1.1433 s/iter. ETA=0:57:25
[12/10 03:25:50 d2.evaluation.evaluator]: Inference done 933/3943. Dataloading: 0.0017 s/iter. Inference: 0.0783 s/iter. Eval: 1.0638 s/iter. Total: 1.1439 s/iter. ETA=0:57:23
[12/10 03:25:56 d2.evaluation.evaluator]: Inference done 939/3943. Dataloading: 0.0017 s/iter. Inference: 0.0783 s/iter. Eval: 1.0633 s/iter. Total: 1.1434 s/iter. ETA=0:57:14
[12/10 03:26:02 d2.evaluation.evaluator]: Inference done 943/3943. Dataloading: 0.0017 s/iter. Inference: 0.0783 s/iter. Eval: 1.0647 s/iter. Total: 1.1448 s/iter. ETA=0:57:14
[12/10 03:26:07 d2.evaluation.evaluator]: Inference done 946/3943. Dataloading: 0.0017 s/iter. Inference: 0.0783 s/iter. Eval: 1.0670 s/iter. Total: 1.1471 s/iter. ETA=0:57:17
[12/10 03:26:13 d2.evaluation.evaluator]: Inference done 950/3943. Dataloading: 0.0017 s/iter. Inference: 0.0782 s/iter. Eval: 1.0679 s/iter. Total: 1.1479 s/iter. ETA=0:57:15
[12/10 03:26:18 d2.evaluation.evaluator]: Inference done 955/3943. Dataloading: 0.0017 s/iter. Inference: 0.0782 s/iter. Eval: 1.0672 s/iter. Total: 1.1472 s/iter. ETA=0:57:07
[12/10 03:26:24 d2.evaluation.evaluator]: Inference done 958/3943. Dataloading: 0.0017 s/iter. Inference: 0.0782 s/iter. Eval: 1.0700 s/iter. Total: 1.1500 s/iter. ETA=0:57:12
[12/10 03:26:30 d2.evaluation.evaluator]: Inference done 962/3943. Dataloading: 0.0017 s/iter. Inference: 0.0782 s/iter. Eval: 1.0711 s/iter. Total: 1.1511 s/iter. ETA=0:57:11
[12/10 03:26:36 d2.evaluation.evaluator]: Inference done 967/3943. Dataloading: 0.0017 s/iter. Inference: 0.0782 s/iter. Eval: 1.0714 s/iter. Total: 1.1515 s/iter. ETA=0:57:06
[12/10 03:26:42 d2.evaluation.evaluator]: Inference done 973/3943. Dataloading: 0.0017 s/iter. Inference: 0.0782 s/iter. Eval: 1.0706 s/iter. Total: 1.1507 s/iter. ETA=0:56:57
[12/10 03:26:48 d2.evaluation.evaluator]: Inference done 976/3943. Dataloading: 0.0017 s/iter. Inference: 0.0782 s/iter. Eval: 1.0730 s/iter. Total: 1.1530 s/iter. ETA=0:57:01
[12/10 03:26:54 d2.evaluation.evaluator]: Inference done 980/3943. Dataloading: 0.0017 s/iter. Inference: 0.0782 s/iter. Eval: 1.0748 s/iter. Total: 1.1549 s/iter. ETA=0:57:01
[12/10 03:26:59 d2.evaluation.evaluator]: Inference done 983/3943. Dataloading: 0.0017 s/iter. Inference: 0.0782 s/iter. Eval: 1.0767 s/iter. Total: 1.1568 s/iter. ETA=0:57:04
[12/10 03:27:05 d2.evaluation.evaluator]: Inference done 989/3943. Dataloading: 0.0017 s/iter. Inference: 0.0782 s/iter. Eval: 1.0757 s/iter. Total: 1.1558 s/iter. ETA=0:56:54
[12/10 03:27:11 d2.evaluation.evaluator]: Inference done 993/3943. Dataloading: 0.0017 s/iter. Inference: 0.0782 s/iter. Eval: 1.0766 s/iter. Total: 1.1566 s/iter. ETA=0:56:51
[12/10 03:27:17 d2.evaluation.evaluator]: Inference done 996/3943. Dataloading: 0.0017 s/iter. Inference: 0.0782 s/iter. Eval: 1.0791 s/iter. Total: 1.1591 s/iter. ETA=0:56:56
[12/10 03:27:22 d2.evaluation.evaluator]: Inference done 1002/3943. Dataloading: 0.0017 s/iter. Inference: 0.0782 s/iter. Eval: 1.0772 s/iter. Total: 1.1572 s/iter. ETA=0:56:43
[12/10 03:27:28 d2.evaluation.evaluator]: Inference done 1007/3943. Dataloading: 0.0017 s/iter. Inference: 0.0782 s/iter. Eval: 1.0778 s/iter. Total: 1.1578 s/iter. ETA=0:56:39
[12/10 03:27:33 d2.evaluation.evaluator]: Inference done 1011/3943. Dataloading: 0.0017 s/iter. Inference: 0.0782 s/iter. Eval: 1.0782 s/iter. Total: 1.1582 s/iter. ETA=0:56:35
[12/10 03:27:41 d2.evaluation.evaluator]: Inference done 1015/3943. Dataloading: 0.0017 s/iter. Inference: 0.0782 s/iter. Eval: 1.0810 s/iter. Total: 1.1610 s/iter. ETA=0:56:39
[12/10 03:27:48 d2.evaluation.evaluator]: Inference done 1019/3943. Dataloading: 0.0017 s/iter. Inference: 0.0782 s/iter. Eval: 1.0840 s/iter. Total: 1.1640 s/iter. ETA=0:56:43
[12/10 03:27:54 d2.evaluation.evaluator]: Inference done 1022/3943. Dataloading: 0.0017 s/iter. Inference: 0.0782 s/iter. Eval: 1.0856 s/iter. Total: 1.1656 s/iter. ETA=0:56:44
[12/10 03:27:59 d2.evaluation.evaluator]: Inference done 1026/3943. Dataloading: 0.0017 s/iter. Inference: 0.0782 s/iter. Eval: 1.0867 s/iter. Total: 1.1667 s/iter. ETA=0:56:43
[12/10 03:28:04 d2.evaluation.evaluator]: Inference done 1029/3943. Dataloading: 0.0017 s/iter. Inference: 0.0782 s/iter. Eval: 1.0884 s/iter. Total: 1.1684 s/iter. ETA=0:56:44
[12/10 03:28:10 d2.evaluation.evaluator]: Inference done 1032/3943. Dataloading: 0.0017 s/iter. Inference: 0.0782 s/iter. Eval: 1.0905 s/iter. Total: 1.1704 s/iter. ETA=0:56:47
[12/10 03:28:16 d2.evaluation.evaluator]: Inference done 1036/3943. Dataloading: 0.0017 s/iter. Inference: 0.0782 s/iter. Eval: 1.0913 s/iter. Total: 1.1713 s/iter. ETA=0:56:44
[12/10 03:28:21 d2.evaluation.evaluator]: Inference done 1040/3943. Dataloading: 0.0017 s/iter. Inference: 0.0782 s/iter. Eval: 1.0923 s/iter. Total: 1.1722 s/iter. ETA=0:56:42
[12/10 03:28:27 d2.evaluation.evaluator]: Inference done 1047/3943. Dataloading: 0.0017 s/iter. Inference: 0.0781 s/iter. Eval: 1.0901 s/iter. Total: 1.1700 s/iter. ETA=0:56:28
[12/10 03:28:33 d2.evaluation.evaluator]: Inference done 1050/3943. Dataloading: 0.0017 s/iter. Inference: 0.0782 s/iter. Eval: 1.0923 s/iter. Total: 1.1723 s/iter. ETA=0:56:31
[12/10 03:28:39 d2.evaluation.evaluator]: Inference done 1056/3943. Dataloading: 0.0017 s/iter. Inference: 0.0782 s/iter. Eval: 1.0909 s/iter. Total: 1.1709 s/iter. ETA=0:56:20
[12/10 03:28:45 d2.evaluation.evaluator]: Inference done 1062/3943. Dataloading: 0.0017 s/iter. Inference: 0.0781 s/iter. Eval: 1.0907 s/iter. Total: 1.1706 s/iter. ETA=0:56:12
[12/10 03:28:51 d2.evaluation.evaluator]: Inference done 1069/3943. Dataloading: 0.0017 s/iter. Inference: 0.0781 s/iter. Eval: 1.0884 s/iter. Total: 1.1684 s/iter. ETA=0:55:57
[12/10 03:28:57 d2.evaluation.evaluator]: Inference done 1073/3943. Dataloading: 0.0017 s/iter. Inference: 0.0781 s/iter. Eval: 1.0892 s/iter. Total: 1.1691 s/iter. ETA=0:55:55
[12/10 03:29:02 d2.evaluation.evaluator]: Inference done 1076/3943. Dataloading: 0.0017 s/iter. Inference: 0.0781 s/iter. Eval: 1.0910 s/iter. Total: 1.1709 s/iter. ETA=0:55:57
[12/10 03:29:09 d2.evaluation.evaluator]: Inference done 1082/3943. Dataloading: 0.0017 s/iter. Inference: 0.0781 s/iter. Eval: 1.0909 s/iter. Total: 1.1708 s/iter. ETA=0:55:49
[12/10 03:29:15 d2.evaluation.evaluator]: Inference done 1086/3943. Dataloading: 0.0017 s/iter. Inference: 0.0781 s/iter. Eval: 1.0918 s/iter. Total: 1.1716 s/iter. ETA=0:55:47
[12/10 03:29:21 d2.evaluation.evaluator]: Inference done 1090/3943. Dataloading: 0.0017 s/iter. Inference: 0.0781 s/iter. Eval: 1.0932 s/iter. Total: 1.1731 s/iter. ETA=0:55:46
[12/10 03:29:26 d2.evaluation.evaluator]: Inference done 1094/3943. Dataloading: 0.0017 s/iter. Inference: 0.0781 s/iter. Eval: 1.0941 s/iter. Total: 1.1739 s/iter. ETA=0:55:44
[12/10 03:29:32 d2.evaluation.evaluator]: Inference done 1098/3943. Dataloading: 0.0017 s/iter. Inference: 0.0781 s/iter. Eval: 1.0946 s/iter. Total: 1.1746 s/iter. ETA=0:55:41
[12/10 03:29:38 d2.evaluation.evaluator]: Inference done 1103/3943. Dataloading: 0.0017 s/iter. Inference: 0.0781 s/iter. Eval: 1.0945 s/iter. Total: 1.1744 s/iter. ETA=0:55:35
[12/10 03:29:43 d2.evaluation.evaluator]: Inference done 1107/3943. Dataloading: 0.0017 s/iter. Inference: 0.0781 s/iter. Eval: 1.0954 s/iter. Total: 1.1753 s/iter. ETA=0:55:33
[12/10 03:29:50 d2.evaluation.evaluator]: Inference done 1111/3943. Dataloading: 0.0017 s/iter. Inference: 0.0781 s/iter. Eval: 1.0972 s/iter. Total: 1.1771 s/iter. ETA=0:55:33
[12/10 03:29:56 d2.evaluation.evaluator]: Inference done 1116/3943. Dataloading: 0.0017 s/iter. Inference: 0.0781 s/iter. Eval: 1.0972 s/iter. Total: 1.1771 s/iter. ETA=0:55:27
[12/10 03:30:03 d2.evaluation.evaluator]: Inference done 1120/3943. Dataloading: 0.0017 s/iter. Inference: 0.0781 s/iter. Eval: 1.0992 s/iter. Total: 1.1792 s/iter. ETA=0:55:28
[12/10 03:30:08 d2.evaluation.evaluator]: Inference done 1126/3943. Dataloading: 0.0017 s/iter. Inference: 0.0781 s/iter. Eval: 1.0977 s/iter. Total: 1.1776 s/iter. ETA=0:55:17
[12/10 03:30:13 d2.evaluation.evaluator]: Inference done 1129/3943. Dataloading: 0.0017 s/iter. Inference: 0.0781 s/iter. Eval: 1.0992 s/iter. Total: 1.1791 s/iter. ETA=0:55:18
[12/10 03:30:18 d2.evaluation.evaluator]: Inference done 1133/3943. Dataloading: 0.0017 s/iter. Inference: 0.0782 s/iter. Eval: 1.0994 s/iter. Total: 1.1794 s/iter. ETA=0:55:14
[12/10 03:30:25 d2.evaluation.evaluator]: Inference done 1140/3943. Dataloading: 0.0017 s/iter. Inference: 0.0782 s/iter. Eval: 1.0978 s/iter. Total: 1.1777 s/iter. ETA=0:55:01
[12/10 03:30:30 d2.evaluation.evaluator]: Inference done 1144/3943. Dataloading: 0.0017 s/iter. Inference: 0.0782 s/iter. Eval: 1.0982 s/iter. Total: 1.1782 s/iter. ETA=0:54:57
[12/10 03:30:35 d2.evaluation.evaluator]: Inference done 1147/3943. Dataloading: 0.0017 s/iter. Inference: 0.0782 s/iter. Eval: 1.0997 s/iter. Total: 1.1797 s/iter. ETA=0:54:58
[12/10 03:30:41 d2.evaluation.evaluator]: Inference done 1152/3943. Dataloading: 0.0017 s/iter. Inference: 0.0782 s/iter. Eval: 1.0993 s/iter. Total: 1.1793 s/iter. ETA=0:54:51
[12/10 03:30:47 d2.evaluation.evaluator]: Inference done 1156/3943. Dataloading: 0.0017 s/iter. Inference: 0.0782 s/iter. Eval: 1.1003 s/iter. Total: 1.1803 s/iter. ETA=0:54:49
[12/10 03:30:52 d2.evaluation.evaluator]: Inference done 1161/3943. Dataloading: 0.0017 s/iter. Inference: 0.0782 s/iter. Eval: 1.0996 s/iter. Total: 1.1796 s/iter. ETA=0:54:41
[12/10 03:30:57 d2.evaluation.evaluator]: Inference done 1165/3943. Dataloading: 0.0017 s/iter. Inference: 0.0782 s/iter. Eval: 1.1002 s/iter. Total: 1.1802 s/iter. ETA=0:54:38
[12/10 03:31:03 d2.evaluation.evaluator]: Inference done 1171/3943. Dataloading: 0.0017 s/iter. Inference: 0.0782 s/iter. Eval: 1.0990 s/iter. Total: 1.1790 s/iter. ETA=0:54:28
[12/10 03:31:08 d2.evaluation.evaluator]: Inference done 1176/3943. Dataloading: 0.0017 s/iter. Inference: 0.0782 s/iter. Eval: 1.0989 s/iter. Total: 1.1788 s/iter. ETA=0:54:21
[12/10 03:31:15 d2.evaluation.evaluator]: Inference done 1181/3943. Dataloading: 0.0017 s/iter. Inference: 0.0782 s/iter. Eval: 1.0991 s/iter. Total: 1.1791 s/iter. ETA=0:54:16
[12/10 03:31:22 d2.evaluation.evaluator]: Inference done 1186/3943. Dataloading: 0.0017 s/iter. Inference: 0.0781 s/iter. Eval: 1.1000 s/iter. Total: 1.1800 s/iter. ETA=0:54:13
[12/10 03:31:28 d2.evaluation.evaluator]: Inference done 1191/3943. Dataloading: 0.0017 s/iter. Inference: 0.0781 s/iter. Eval: 1.1001 s/iter. Total: 1.1800 s/iter. ETA=0:54:07
[12/10 03:31:33 d2.evaluation.evaluator]: Inference done 1196/3943. Dataloading: 0.0017 s/iter. Inference: 0.0781 s/iter. Eval: 1.0997 s/iter. Total: 1.1796 s/iter. ETA=0:54:00
[12/10 03:31:38 d2.evaluation.evaluator]: Inference done 1200/3943. Dataloading: 0.0017 s/iter. Inference: 0.0781 s/iter. Eval: 1.1000 s/iter. Total: 1.1799 s/iter. ETA=0:53:56
[12/10 03:31:43 d2.evaluation.evaluator]: Inference done 1205/3943. Dataloading: 0.0017 s/iter. Inference: 0.0781 s/iter. Eval: 1.0996 s/iter. Total: 1.1795 s/iter. ETA=0:53:49
[12/10 03:31:49 d2.evaluation.evaluator]: Inference done 1210/3943. Dataloading: 0.0017 s/iter. Inference: 0.0781 s/iter. Eval: 1.0990 s/iter. Total: 1.1789 s/iter. ETA=0:53:42
[12/10 03:31:54 d2.evaluation.evaluator]: Inference done 1214/3943. Dataloading: 0.0017 s/iter. Inference: 0.0781 s/iter. Eval: 1.0994 s/iter. Total: 1.1793 s/iter. ETA=0:53:38
[12/10 03:31:59 d2.evaluation.evaluator]: Inference done 1219/3943. Dataloading: 0.0017 s/iter. Inference: 0.0781 s/iter. Eval: 1.0987 s/iter. Total: 1.1786 s/iter. ETA=0:53:30
[12/10 03:32:04 d2.evaluation.evaluator]: Inference done 1224/3943. Dataloading: 0.0017 s/iter. Inference: 0.0781 s/iter. Eval: 1.0983 s/iter. Total: 1.1782 s/iter. ETA=0:53:23
[12/10 03:32:10 d2.evaluation.evaluator]: Inference done 1231/3943. Dataloading: 0.0017 s/iter. Inference: 0.0781 s/iter. Eval: 1.0958 s/iter. Total: 1.1757 s/iter. ETA=0:53:08
[12/10 03:32:16 d2.evaluation.evaluator]: Inference done 1237/3943. Dataloading: 0.0017 s/iter. Inference: 0.0781 s/iter. Eval: 1.0953 s/iter. Total: 1.1752 s/iter. ETA=0:53:00
[12/10 03:32:21 d2.evaluation.evaluator]: Inference done 1245/3943. Dataloading: 0.0017 s/iter. Inference: 0.0781 s/iter. Eval: 1.0919 s/iter. Total: 1.1718 s/iter. ETA=0:52:41
[12/10 03:32:26 d2.evaluation.evaluator]: Inference done 1248/3943. Dataloading: 0.0017 s/iter. Inference: 0.0781 s/iter. Eval: 1.0934 s/iter. Total: 1.1733 s/iter. ETA=0:52:41
[12/10 03:32:32 d2.evaluation.evaluator]: Inference done 1254/3943. Dataloading: 0.0017 s/iter. Inference: 0.0781 s/iter. Eval: 1.0921 s/iter. Total: 1.1719 s/iter. ETA=0:52:31
[12/10 03:32:37 d2.evaluation.evaluator]: Inference done 1259/3943. Dataloading: 0.0017 s/iter. Inference: 0.0781 s/iter. Eval: 1.0917 s/iter. Total: 1.1716 s/iter. ETA=0:52:24
[12/10 03:32:43 d2.evaluation.evaluator]: Inference done 1263/3943. Dataloading: 0.0017 s/iter. Inference: 0.0781 s/iter. Eval: 1.0926 s/iter. Total: 1.1725 s/iter. ETA=0:52:22
[12/10 03:32:48 d2.evaluation.evaluator]: Inference done 1267/3943. Dataloading: 0.0017 s/iter. Inference: 0.0781 s/iter. Eval: 1.0931 s/iter. Total: 1.1730 s/iter. ETA=0:52:18
[12/10 03:32:54 d2.evaluation.evaluator]: Inference done 1272/3943. Dataloading: 0.0017 s/iter. Inference: 0.0781 s/iter. Eval: 1.0930 s/iter. Total: 1.1729 s/iter. ETA=0:52:12
[12/10 03:32:59 d2.evaluation.evaluator]: Inference done 1277/3943. Dataloading: 0.0017 s/iter. Inference: 0.0781 s/iter. Eval: 1.0925 s/iter. Total: 1.1724 s/iter. ETA=0:52:05
[12/10 03:33:04 d2.evaluation.evaluator]: Inference done 1282/3943. Dataloading: 0.0017 s/iter. Inference: 0.0781 s/iter. Eval: 1.0918 s/iter. Total: 1.1717 s/iter. ETA=0:51:58
[12/10 03:33:09 d2.evaluation.evaluator]: Inference done 1287/3943. Dataloading: 0.0017 s/iter. Inference: 0.0781 s/iter. Eval: 1.0912 s/iter. Total: 1.1711 s/iter. ETA=0:51:50
[12/10 03:33:14 d2.evaluation.evaluator]: Inference done 1293/3943. Dataloading: 0.0017 s/iter. Inference: 0.0781 s/iter. Eval: 1.0896 s/iter. Total: 1.1696 s/iter. ETA=0:51:39
[12/10 03:33:20 d2.evaluation.evaluator]: Inference done 1299/3943. Dataloading: 0.0017 s/iter. Inference: 0.0781 s/iter. Eval: 1.0882 s/iter. Total: 1.1682 s/iter. ETA=0:51:28
[12/10 03:33:25 d2.evaluation.evaluator]: Inference done 1306/3943. Dataloading: 0.0017 s/iter. Inference: 0.0781 s/iter. Eval: 1.0864 s/iter. Total: 1.1663 s/iter. ETA=0:51:15
[12/10 03:33:31 d2.evaluation.evaluator]: Inference done 1309/3943. Dataloading: 0.0017 s/iter. Inference: 0.0781 s/iter. Eval: 1.0877 s/iter. Total: 1.1676 s/iter. ETA=0:51:15
[12/10 03:33:36 d2.evaluation.evaluator]: Inference done 1313/3943. Dataloading: 0.0017 s/iter. Inference: 0.0781 s/iter. Eval: 1.0881 s/iter. Total: 1.1680 s/iter. ETA=0:51:11
[12/10 03:33:41 d2.evaluation.evaluator]: Inference done 1320/3943. Dataloading: 0.0017 s/iter. Inference: 0.0781 s/iter. Eval: 1.0859 s/iter. Total: 1.1658 s/iter. ETA=0:50:57
[12/10 03:33:47 d2.evaluation.evaluator]: Inference done 1324/3943. Dataloading: 0.0017 s/iter. Inference: 0.0781 s/iter. Eval: 1.0867 s/iter. Total: 1.1666 s/iter. ETA=0:50:55
[12/10 03:33:53 d2.evaluation.evaluator]: Inference done 1327/3943. Dataloading: 0.0017 s/iter. Inference: 0.0781 s/iter. Eval: 1.0888 s/iter. Total: 1.1687 s/iter. ETA=0:50:57
[12/10 03:33:58 d2.evaluation.evaluator]: Inference done 1332/3943. Dataloading: 0.0017 s/iter. Inference: 0.0781 s/iter. Eval: 1.0882 s/iter. Total: 1.1681 s/iter. ETA=0:50:49
[12/10 03:34:04 d2.evaluation.evaluator]: Inference done 1339/3943. Dataloading: 0.0017 s/iter. Inference: 0.0781 s/iter. Eval: 1.0862 s/iter. Total: 1.1661 s/iter. ETA=0:50:36
[12/10 03:34:09 d2.evaluation.evaluator]: Inference done 1344/3943. Dataloading: 0.0017 s/iter. Inference: 0.0781 s/iter. Eval: 1.0858 s/iter. Total: 1.1658 s/iter. ETA=0:50:29
[12/10 03:34:15 d2.evaluation.evaluator]: Inference done 1349/3943. Dataloading: 0.0017 s/iter. Inference: 0.0781 s/iter. Eval: 1.0858 s/iter. Total: 1.1657 s/iter. ETA=0:50:23
[12/10 03:34:20 d2.evaluation.evaluator]: Inference done 1356/3943. Dataloading: 0.0017 s/iter. Inference: 0.0781 s/iter. Eval: 1.0835 s/iter. Total: 1.1634 s/iter. ETA=0:50:09
[12/10 03:34:25 d2.evaluation.evaluator]: Inference done 1360/3943. Dataloading: 0.0017 s/iter. Inference: 0.0781 s/iter. Eval: 1.0839 s/iter. Total: 1.1638 s/iter. ETA=0:50:06
[12/10 03:34:30 d2.evaluation.evaluator]: Inference done 1365/3943. Dataloading: 0.0017 s/iter. Inference: 0.0781 s/iter. Eval: 1.0834 s/iter. Total: 1.1633 s/iter. ETA=0:49:59
[12/10 03:34:35 d2.evaluation.evaluator]: Inference done 1369/3943. Dataloading: 0.0017 s/iter. Inference: 0.0781 s/iter. Eval: 1.0838 s/iter. Total: 1.1637 s/iter. ETA=0:49:55
[12/10 03:34:41 d2.evaluation.evaluator]: Inference done 1374/3943. Dataloading: 0.0017 s/iter. Inference: 0.0781 s/iter. Eval: 1.0835 s/iter. Total: 1.1634 s/iter. ETA=0:49:48
[12/10 03:34:47 d2.evaluation.evaluator]: Inference done 1378/3943. Dataloading: 0.0017 s/iter. Inference: 0.0781 s/iter. Eval: 1.0843 s/iter. Total: 1.1642 s/iter. ETA=0:49:46
[12/10 03:34:53 d2.evaluation.evaluator]: Inference done 1383/3943. Dataloading: 0.0017 s/iter. Inference: 0.0781 s/iter. Eval: 1.0847 s/iter. Total: 1.1646 s/iter. ETA=0:49:41
[12/10 03:34:59 d2.evaluation.evaluator]: Inference done 1387/3943. Dataloading: 0.0017 s/iter. Inference: 0.0781 s/iter. Eval: 1.0855 s/iter. Total: 1.1654 s/iter. ETA=0:49:38
[12/10 03:35:04 d2.evaluation.evaluator]: Inference done 1392/3943. Dataloading: 0.0017 s/iter. Inference: 0.0781 s/iter. Eval: 1.0849 s/iter. Total: 1.1648 s/iter. ETA=0:49:31
[12/10 03:35:10 d2.evaluation.evaluator]: Inference done 1397/3943. Dataloading: 0.0017 s/iter. Inference: 0.0781 s/iter. Eval: 1.0852 s/iter. Total: 1.1651 s/iter. ETA=0:49:26
[12/10 03:35:16 d2.evaluation.evaluator]: Inference done 1402/3943. Dataloading: 0.0017 s/iter. Inference: 0.0781 s/iter. Eval: 1.0855 s/iter. Total: 1.1654 s/iter. ETA=0:49:21
[12/10 03:35:21 d2.evaluation.evaluator]: Inference done 1406/3943. Dataloading: 0.0017 s/iter. Inference: 0.0781 s/iter. Eval: 1.0857 s/iter. Total: 1.1657 s/iter. ETA=0:49:17
[12/10 03:35:27 d2.evaluation.evaluator]: Inference done 1410/3943. Dataloading: 0.0017 s/iter. Inference: 0.0781 s/iter. Eval: 1.0868 s/iter. Total: 1.1667 s/iter. ETA=0:49:15
[12/10 03:35:32 d2.evaluation.evaluator]: Inference done 1414/3943. Dataloading: 0.0017 s/iter. Inference: 0.0781 s/iter. Eval: 1.0872 s/iter. Total: 1.1671 s/iter. ETA=0:49:11
[12/10 03:35:38 d2.evaluation.evaluator]: Inference done 1420/3943. Dataloading: 0.0017 s/iter. Inference: 0.0781 s/iter. Eval: 1.0859 s/iter. Total: 1.1658 s/iter. ETA=0:49:01
[12/10 03:35:43 d2.evaluation.evaluator]: Inference done 1424/3943. Dataloading: 0.0017 s/iter. Inference: 0.0781 s/iter. Eval: 1.0863 s/iter. Total: 1.1662 s/iter. ETA=0:48:57
[12/10 03:35:48 d2.evaluation.evaluator]: Inference done 1428/3943. Dataloading: 0.0017 s/iter. Inference: 0.0781 s/iter. Eval: 1.0869 s/iter. Total: 1.1668 s/iter. ETA=0:48:54
[12/10 03:35:54 d2.evaluation.evaluator]: Inference done 1432/3943. Dataloading: 0.0017 s/iter. Inference: 0.0781 s/iter. Eval: 1.0878 s/iter. Total: 1.1677 s/iter. ETA=0:48:52
[12/10 03:36:01 d2.evaluation.evaluator]: Inference done 1438/3943. Dataloading: 0.0017 s/iter. Inference: 0.0781 s/iter. Eval: 1.0872 s/iter. Total: 1.1671 s/iter. ETA=0:48:43
[12/10 03:36:06 d2.evaluation.evaluator]: Inference done 1442/3943. Dataloading: 0.0017 s/iter. Inference: 0.0781 s/iter. Eval: 1.0879 s/iter. Total: 1.1678 s/iter. ETA=0:48:40
[12/10 03:36:11 d2.evaluation.evaluator]: Inference done 1447/3943. Dataloading: 0.0017 s/iter. Inference: 0.0781 s/iter. Eval: 1.0875 s/iter. Total: 1.1674 s/iter. ETA=0:48:33
[12/10 03:36:18 d2.evaluation.evaluator]: Inference done 1456/3943. Dataloading: 0.0017 s/iter. Inference: 0.0781 s/iter. Eval: 1.0847 s/iter. Total: 1.1646 s/iter. ETA=0:48:16
[12/10 03:36:24 d2.evaluation.evaluator]: Inference done 1460/3943. Dataloading: 0.0017 s/iter. Inference: 0.0781 s/iter. Eval: 1.0857 s/iter. Total: 1.1656 s/iter. ETA=0:48:14
[12/10 03:36:29 d2.evaluation.evaluator]: Inference done 1464/3943. Dataloading: 0.0017 s/iter. Inference: 0.0781 s/iter. Eval: 1.0861 s/iter. Total: 1.1660 s/iter. ETA=0:48:10
[12/10 03:36:35 d2.evaluation.evaluator]: Inference done 1470/3943. Dataloading: 0.0017 s/iter. Inference: 0.0781 s/iter. Eval: 1.0853 s/iter. Total: 1.1652 s/iter. ETA=0:48:01
[12/10 03:36:42 d2.evaluation.evaluator]: Inference done 1475/3943. Dataloading: 0.0017 s/iter. Inference: 0.0781 s/iter. Eval: 1.0858 s/iter. Total: 1.1657 s/iter. ETA=0:47:56
[12/10 03:36:48 d2.evaluation.evaluator]: Inference done 1480/3943. Dataloading: 0.0017 s/iter. Inference: 0.0781 s/iter. Eval: 1.0864 s/iter. Total: 1.1663 s/iter. ETA=0:47:52
[12/10 03:36:55 d2.evaluation.evaluator]: Inference done 1487/3943. Dataloading: 0.0017 s/iter. Inference: 0.0781 s/iter. Eval: 1.0852 s/iter. Total: 1.1651 s/iter. ETA=0:47:41
[12/10 03:37:01 d2.evaluation.evaluator]: Inference done 1491/3943. Dataloading: 0.0017 s/iter. Inference: 0.0781 s/iter. Eval: 1.0862 s/iter. Total: 1.1661 s/iter. ETA=0:47:39
[12/10 03:37:06 d2.evaluation.evaluator]: Inference done 1497/3943. Dataloading: 0.0017 s/iter. Inference: 0.0781 s/iter. Eval: 1.0850 s/iter. Total: 1.1649 s/iter. ETA=0:47:29
[12/10 03:37:11 d2.evaluation.evaluator]: Inference done 1500/3943. Dataloading: 0.0017 s/iter. Inference: 0.0781 s/iter. Eval: 1.0863 s/iter. Total: 1.1662 s/iter. ETA=0:47:28
[12/10 03:37:18 d2.evaluation.evaluator]: Inference done 1506/3943. Dataloading: 0.0017 s/iter. Inference: 0.0781 s/iter. Eval: 1.0856 s/iter. Total: 1.1655 s/iter. ETA=0:47:20
[12/10 03:37:24 d2.evaluation.evaluator]: Inference done 1511/3943. Dataloading: 0.0017 s/iter. Inference: 0.0781 s/iter. Eval: 1.0859 s/iter. Total: 1.1658 s/iter. ETA=0:47:15
[12/10 03:37:29 d2.evaluation.evaluator]: Inference done 1516/3943. Dataloading: 0.0017 s/iter. Inference: 0.0781 s/iter. Eval: 1.0857 s/iter. Total: 1.1656 s/iter. ETA=0:47:08
[12/10 03:37:35 d2.evaluation.evaluator]: Inference done 1521/3943. Dataloading: 0.0017 s/iter. Inference: 0.0781 s/iter. Eval: 1.0856 s/iter. Total: 1.1655 s/iter. ETA=0:47:02
[12/10 03:37:41 d2.evaluation.evaluator]: Inference done 1527/3943. Dataloading: 0.0017 s/iter. Inference: 0.0781 s/iter. Eval: 1.0846 s/iter. Total: 1.1645 s/iter. ETA=0:46:53
[12/10 03:37:46 d2.evaluation.evaluator]: Inference done 1535/3943. Dataloading: 0.0017 s/iter. Inference: 0.0781 s/iter. Eval: 1.0823 s/iter. Total: 1.1622 s/iter. ETA=0:46:38
[12/10 03:37:51 d2.evaluation.evaluator]: Inference done 1540/3943. Dataloading: 0.0017 s/iter. Inference: 0.0781 s/iter. Eval: 1.0819 s/iter. Total: 1.1618 s/iter. ETA=0:46:31
[12/10 03:37:57 d2.evaluation.evaluator]: Inference done 1543/3943. Dataloading: 0.0017 s/iter. Inference: 0.0781 s/iter. Eval: 1.0830 s/iter. Total: 1.1629 s/iter. ETA=0:46:30
[12/10 03:38:02 d2.evaluation.evaluator]: Inference done 1549/3943. Dataloading: 0.0017 s/iter. Inference: 0.0781 s/iter. Eval: 1.0822 s/iter. Total: 1.1621 s/iter. ETA=0:46:22
[12/10 03:38:08 d2.evaluation.evaluator]: Inference done 1554/3943. Dataloading: 0.0017 s/iter. Inference: 0.0781 s/iter. Eval: 1.0822 s/iter. Total: 1.1620 s/iter. ETA=0:46:16
[12/10 03:38:13 d2.evaluation.evaluator]: Inference done 1559/3943. Dataloading: 0.0017 s/iter. Inference: 0.0781 s/iter. Eval: 1.0819 s/iter. Total: 1.1617 s/iter. ETA=0:46:09
[12/10 03:38:19 d2.evaluation.evaluator]: Inference done 1564/3943. Dataloading: 0.0017 s/iter. Inference: 0.0781 s/iter. Eval: 1.0817 s/iter. Total: 1.1615 s/iter. ETA=0:46:03
[12/10 03:38:24 d2.evaluation.evaluator]: Inference done 1569/3943. Dataloading: 0.0017 s/iter. Inference: 0.0781 s/iter. Eval: 1.0812 s/iter. Total: 1.1611 s/iter. ETA=0:45:56
[12/10 03:38:29 d2.evaluation.evaluator]: Inference done 1574/3943. Dataloading: 0.0017 s/iter. Inference: 0.0781 s/iter. Eval: 1.0808 s/iter. Total: 1.1607 s/iter. ETA=0:45:49
[12/10 03:38:35 d2.evaluation.evaluator]: Inference done 1579/3943. Dataloading: 0.0017 s/iter. Inference: 0.0781 s/iter. Eval: 1.0806 s/iter. Total: 1.1604 s/iter. ETA=0:45:43
[12/10 03:38:41 d2.evaluation.evaluator]: Inference done 1585/3943. Dataloading: 0.0017 s/iter. Inference: 0.0781 s/iter. Eval: 1.0800 s/iter. Total: 1.1599 s/iter. ETA=0:45:34
[12/10 03:38:47 d2.evaluation.evaluator]: Inference done 1591/3943. Dataloading: 0.0017 s/iter. Inference: 0.0780 s/iter. Eval: 1.0794 s/iter. Total: 1.1592 s/iter. ETA=0:45:26
[12/10 03:38:52 d2.evaluation.evaluator]: Inference done 1595/3943. Dataloading: 0.0017 s/iter. Inference: 0.0780 s/iter. Eval: 1.0797 s/iter. Total: 1.1595 s/iter. ETA=0:45:22
[12/10 03:38:58 d2.evaluation.evaluator]: Inference done 1601/3943. Dataloading: 0.0017 s/iter. Inference: 0.0780 s/iter. Eval: 1.0791 s/iter. Total: 1.1589 s/iter. ETA=0:45:14
[12/10 03:39:03 d2.evaluation.evaluator]: Inference done 1604/3943. Dataloading: 0.0017 s/iter. Inference: 0.0780 s/iter. Eval: 1.0805 s/iter. Total: 1.1603 s/iter. ETA=0:45:13
[12/10 03:39:10 d2.evaluation.evaluator]: Inference done 1611/3943. Dataloading: 0.0017 s/iter. Inference: 0.0780 s/iter. Eval: 1.0794 s/iter. Total: 1.1592 s/iter. ETA=0:45:03
[12/10 03:39:15 d2.evaluation.evaluator]: Inference done 1619/3943. Dataloading: 0.0017 s/iter. Inference: 0.0780 s/iter. Eval: 1.0772 s/iter. Total: 1.1570 s/iter. ETA=0:44:48
[12/10 03:39:21 d2.evaluation.evaluator]: Inference done 1624/3943. Dataloading: 0.0017 s/iter. Inference: 0.0780 s/iter. Eval: 1.0770 s/iter. Total: 1.1568 s/iter. ETA=0:44:42
[12/10 03:39:27 d2.evaluation.evaluator]: Inference done 1628/3943. Dataloading: 0.0017 s/iter. Inference: 0.0780 s/iter. Eval: 1.0777 s/iter. Total: 1.1574 s/iter. ETA=0:44:39
[12/10 03:39:34 d2.evaluation.evaluator]: Inference done 1634/3943. Dataloading: 0.0017 s/iter. Inference: 0.0780 s/iter. Eval: 1.0779 s/iter. Total: 1.1577 s/iter. ETA=0:44:33
[12/10 03:39:39 d2.evaluation.evaluator]: Inference done 1640/3943. Dataloading: 0.0017 s/iter. Inference: 0.0780 s/iter. Eval: 1.0770 s/iter. Total: 1.1568 s/iter. ETA=0:44:24
[12/10 03:39:46 d2.evaluation.evaluator]: Inference done 1645/3943. Dataloading: 0.0017 s/iter. Inference: 0.0780 s/iter. Eval: 1.0776 s/iter. Total: 1.1574 s/iter. ETA=0:44:19
[12/10 03:39:51 d2.evaluation.evaluator]: Inference done 1650/3943. Dataloading: 0.0017 s/iter. Inference: 0.0780 s/iter. Eval: 1.0772 s/iter. Total: 1.1570 s/iter. ETA=0:44:12
[12/10 03:40:00 d2.evaluation.evaluator]: Inference done 1655/3943. Dataloading: 0.0017 s/iter. Inference: 0.0780 s/iter. Eval: 1.0789 s/iter. Total: 1.1586 s/iter. ETA=0:44:10
[12/10 03:40:06 d2.evaluation.evaluator]: Inference done 1658/3943. Dataloading: 0.0017 s/iter. Inference: 0.0780 s/iter. Eval: 1.0806 s/iter. Total: 1.1604 s/iter. ETA=0:44:11
[12/10 03:40:12 d2.evaluation.evaluator]: Inference done 1662/3943. Dataloading: 0.0017 s/iter. Inference: 0.0780 s/iter. Eval: 1.0812 s/iter. Total: 1.1610 s/iter. ETA=0:44:08
[12/10 03:40:17 d2.evaluation.evaluator]: Inference done 1665/3943. Dataloading: 0.0017 s/iter. Inference: 0.0780 s/iter. Eval: 1.0823 s/iter. Total: 1.1621 s/iter. ETA=0:44:07
[12/10 03:40:22 d2.evaluation.evaluator]: Inference done 1669/3943. Dataloading: 0.0017 s/iter. Inference: 0.0780 s/iter. Eval: 1.0826 s/iter. Total: 1.1624 s/iter. ETA=0:44:03
[12/10 03:40:27 d2.evaluation.evaluator]: Inference done 1672/3943. Dataloading: 0.0017 s/iter. Inference: 0.0780 s/iter. Eval: 1.0835 s/iter. Total: 1.1633 s/iter. ETA=0:44:01
[12/10 03:40:33 d2.evaluation.evaluator]: Inference done 1677/3943. Dataloading: 0.0017 s/iter. Inference: 0.0779 s/iter. Eval: 1.0835 s/iter. Total: 1.1633 s/iter. ETA=0:43:55
[12/10 03:40:41 d2.evaluation.evaluator]: Inference done 1682/3943. Dataloading: 0.0017 s/iter. Inference: 0.0779 s/iter. Eval: 1.0847 s/iter. Total: 1.1644 s/iter. ETA=0:43:52
[12/10 03:40:46 d2.evaluation.evaluator]: Inference done 1687/3943. Dataloading: 0.0017 s/iter. Inference: 0.0779 s/iter. Eval: 1.0845 s/iter. Total: 1.1643 s/iter. ETA=0:43:46
[12/10 03:40:52 d2.evaluation.evaluator]: Inference done 1692/3943. Dataloading: 0.0017 s/iter. Inference: 0.0779 s/iter. Eval: 1.0842 s/iter. Total: 1.1639 s/iter. ETA=0:43:40
[12/10 03:40:58 d2.evaluation.evaluator]: Inference done 1695/3943. Dataloading: 0.0017 s/iter. Inference: 0.0779 s/iter. Eval: 1.0859 s/iter. Total: 1.1656 s/iter. ETA=0:43:40
[12/10 03:41:05 d2.evaluation.evaluator]: Inference done 1698/3943. Dataloading: 0.0017 s/iter. Inference: 0.0780 s/iter. Eval: 1.0880 s/iter. Total: 1.1677 s/iter. ETA=0:43:41
[12/10 03:41:10 d2.evaluation.evaluator]: Inference done 1701/3943. Dataloading: 0.0017 s/iter. Inference: 0.0780 s/iter. Eval: 1.0890 s/iter. Total: 1.1687 s/iter. ETA=0:43:40
[12/10 03:41:17 d2.evaluation.evaluator]: Inference done 1705/3943. Dataloading: 0.0017 s/iter. Inference: 0.0780 s/iter. Eval: 1.0900 s/iter. Total: 1.1698 s/iter. ETA=0:43:38
[12/10 03:41:23 d2.evaluation.evaluator]: Inference done 1708/3943. Dataloading: 0.0017 s/iter. Inference: 0.0780 s/iter. Eval: 1.0916 s/iter. Total: 1.1714 s/iter. ETA=0:43:38
[12/10 03:41:29 d2.evaluation.evaluator]: Inference done 1714/3943. Dataloading: 0.0017 s/iter. Inference: 0.0780 s/iter. Eval: 1.0910 s/iter. Total: 1.1708 s/iter. ETA=0:43:29
[12/10 03:41:35 d2.evaluation.evaluator]: Inference done 1719/3943. Dataloading: 0.0017 s/iter. Inference: 0.0780 s/iter. Eval: 1.0909 s/iter. Total: 1.1706 s/iter. ETA=0:43:23
[12/10 03:41:40 d2.evaluation.evaluator]: Inference done 1725/3943. Dataloading: 0.0017 s/iter. Inference: 0.0780 s/iter. Eval: 1.0901 s/iter. Total: 1.1699 s/iter. ETA=0:43:14
[12/10 03:41:46 d2.evaluation.evaluator]: Inference done 1730/3943. Dataloading: 0.0017 s/iter. Inference: 0.0780 s/iter. Eval: 1.0902 s/iter. Total: 1.1700 s/iter. ETA=0:43:09
[12/10 03:41:52 d2.evaluation.evaluator]: Inference done 1733/3943. Dataloading: 0.0017 s/iter. Inference: 0.0780 s/iter. Eval: 1.0913 s/iter. Total: 1.1711 s/iter. ETA=0:43:08
[12/10 03:41:58 d2.evaluation.evaluator]: Inference done 1739/3943. Dataloading: 0.0017 s/iter. Inference: 0.0780 s/iter. Eval: 1.0907 s/iter. Total: 1.1706 s/iter. ETA=0:42:59
[12/10 03:42:03 d2.evaluation.evaluator]: Inference done 1743/3943. Dataloading: 0.0017 s/iter. Inference: 0.0780 s/iter. Eval: 1.0911 s/iter. Total: 1.1709 s/iter. ETA=0:42:56
[12/10 03:42:09 d2.evaluation.evaluator]: Inference done 1746/3943. Dataloading: 0.0017 s/iter. Inference: 0.0780 s/iter. Eval: 1.0923 s/iter. Total: 1.1721 s/iter. ETA=0:42:55
[12/10 03:42:16 d2.evaluation.evaluator]: Inference done 1751/3943. Dataloading: 0.0017 s/iter. Inference: 0.0780 s/iter. Eval: 1.0930 s/iter. Total: 1.1728 s/iter. ETA=0:42:50
[12/10 03:42:21 d2.evaluation.evaluator]: Inference done 1754/3943. Dataloading: 0.0017 s/iter. Inference: 0.0780 s/iter. Eval: 1.0938 s/iter. Total: 1.1737 s/iter. ETA=0:42:49
[12/10 03:42:26 d2.evaluation.evaluator]: Inference done 1758/3943. Dataloading: 0.0017 s/iter. Inference: 0.0781 s/iter. Eval: 1.0943 s/iter. Total: 1.1742 s/iter. ETA=0:42:45
[12/10 03:42:33 d2.evaluation.evaluator]: Inference done 1763/3943. Dataloading: 0.0017 s/iter. Inference: 0.0780 s/iter. Eval: 1.0947 s/iter. Total: 1.1746 s/iter. ETA=0:42:40
[12/10 03:42:39 d2.evaluation.evaluator]: Inference done 1768/3943. Dataloading: 0.0017 s/iter. Inference: 0.0780 s/iter. Eval: 1.0950 s/iter. Total: 1.1748 s/iter. ETA=0:42:35
[12/10 03:42:44 d2.evaluation.evaluator]: Inference done 1772/3943. Dataloading: 0.0017 s/iter. Inference: 0.0780 s/iter. Eval: 1.0952 s/iter. Total: 1.1750 s/iter. ETA=0:42:30
[12/10 03:42:50 d2.evaluation.evaluator]: Inference done 1777/3943. Dataloading: 0.0017 s/iter. Inference: 0.0781 s/iter. Eval: 1.0952 s/iter. Total: 1.1750 s/iter. ETA=0:42:25
[12/10 03:42:59 d2.evaluation.evaluator]: Inference done 1781/3943. Dataloading: 0.0017 s/iter. Inference: 0.0781 s/iter. Eval: 1.0976 s/iter. Total: 1.1775 s/iter. ETA=0:42:25
[12/10 03:43:05 d2.evaluation.evaluator]: Inference done 1785/3943. Dataloading: 0.0017 s/iter. Inference: 0.0781 s/iter. Eval: 1.0982 s/iter. Total: 1.1780 s/iter. ETA=0:42:22
[12/10 03:43:11 d2.evaluation.evaluator]: Inference done 1789/3943. Dataloading: 0.0017 s/iter. Inference: 0.0781 s/iter. Eval: 1.0990 s/iter. Total: 1.1788 s/iter. ETA=0:42:19
[12/10 03:43:16 d2.evaluation.evaluator]: Inference done 1793/3943. Dataloading: 0.0017 s/iter. Inference: 0.0781 s/iter. Eval: 1.0993 s/iter. Total: 1.1792 s/iter. ETA=0:42:15
[12/10 03:43:22 d2.evaluation.evaluator]: Inference done 1796/3943. Dataloading: 0.0017 s/iter. Inference: 0.0781 s/iter. Eval: 1.1002 s/iter. Total: 1.1801 s/iter. ETA=0:42:13
[12/10 03:43:28 d2.evaluation.evaluator]: Inference done 1801/3943. Dataloading: 0.0017 s/iter. Inference: 0.0781 s/iter. Eval: 1.1008 s/iter. Total: 1.1806 s/iter. ETA=0:42:08
[12/10 03:43:34 d2.evaluation.evaluator]: Inference done 1805/3943. Dataloading: 0.0017 s/iter. Inference: 0.0781 s/iter. Eval: 1.1014 s/iter. Total: 1.1813 s/iter. ETA=0:42:05
[12/10 03:43:40 d2.evaluation.evaluator]: Inference done 1810/3943. Dataloading: 0.0017 s/iter. Inference: 0.0781 s/iter. Eval: 1.1015 s/iter. Total: 1.1813 s/iter. ETA=0:41:59
[12/10 03:43:46 d2.evaluation.evaluator]: Inference done 1815/3943. Dataloading: 0.0017 s/iter. Inference: 0.0781 s/iter. Eval: 1.1012 s/iter. Total: 1.1810 s/iter. ETA=0:41:53
[12/10 03:43:51 d2.evaluation.evaluator]: Inference done 1817/3943. Dataloading: 0.0017 s/iter. Inference: 0.0781 s/iter. Eval: 1.1026 s/iter. Total: 1.1825 s/iter. ETA=0:41:53
[12/10 03:43:56 d2.evaluation.evaluator]: Inference done 1823/3943. Dataloading: 0.0017 s/iter. Inference: 0.0781 s/iter. Eval: 1.1016 s/iter. Total: 1.1814 s/iter. ETA=0:41:44
[12/10 03:44:01 d2.evaluation.evaluator]: Inference done 1827/3943. Dataloading: 0.0017 s/iter. Inference: 0.0781 s/iter. Eval: 1.1018 s/iter. Total: 1.1816 s/iter. ETA=0:41:40
[12/10 03:44:07 d2.evaluation.evaluator]: Inference done 1831/3943. Dataloading: 0.0017 s/iter. Inference: 0.0781 s/iter. Eval: 1.1022 s/iter. Total: 1.1821 s/iter. ETA=0:41:36
[12/10 03:44:13 d2.evaluation.evaluator]: Inference done 1835/3943. Dataloading: 0.0017 s/iter. Inference: 0.0781 s/iter. Eval: 1.1029 s/iter. Total: 1.1828 s/iter. ETA=0:41:33
[12/10 03:44:19 d2.evaluation.evaluator]: Inference done 1839/3943. Dataloading: 0.0017 s/iter. Inference: 0.0781 s/iter. Eval: 1.1036 s/iter. Total: 1.1835 s/iter. ETA=0:41:30
[12/10 03:44:25 d2.evaluation.evaluator]: Inference done 1844/3943. Dataloading: 0.0017 s/iter. Inference: 0.0781 s/iter. Eval: 1.1036 s/iter. Total: 1.1835 s/iter. ETA=0:41:24
[12/10 03:44:30 d2.evaluation.evaluator]: Inference done 1849/3943. Dataloading: 0.0017 s/iter. Inference: 0.0781 s/iter. Eval: 1.1036 s/iter. Total: 1.1835 s/iter. ETA=0:41:18
[12/10 03:44:36 d2.evaluation.evaluator]: Inference done 1853/3943. Dataloading: 0.0017 s/iter. Inference: 0.0781 s/iter. Eval: 1.1040 s/iter. Total: 1.1838 s/iter. ETA=0:41:14
[12/10 03:44:43 d2.evaluation.evaluator]: Inference done 1859/3943. Dataloading: 0.0017 s/iter. Inference: 0.0781 s/iter. Eval: 1.1041 s/iter. Total: 1.1840 s/iter. ETA=0:41:07
[12/10 03:44:48 d2.evaluation.evaluator]: Inference done 1862/3943. Dataloading: 0.0017 s/iter. Inference: 0.0781 s/iter. Eval: 1.1049 s/iter. Total: 1.1848 s/iter. ETA=0:41:05
[12/10 03:44:53 d2.evaluation.evaluator]: Inference done 1866/3943. Dataloading: 0.0017 s/iter. Inference: 0.0781 s/iter. Eval: 1.1052 s/iter. Total: 1.1850 s/iter. ETA=0:41:01
[12/10 03:45:00 d2.evaluation.evaluator]: Inference done 1869/3943. Dataloading: 0.0017 s/iter. Inference: 0.0782 s/iter. Eval: 1.1068 s/iter. Total: 1.1867 s/iter. ETA=0:41:01
[12/10 03:45:05 d2.evaluation.evaluator]: Inference done 1875/3943. Dataloading: 0.0017 s/iter. Inference: 0.0782 s/iter. Eval: 1.1058 s/iter. Total: 1.1858 s/iter. ETA=0:40:52
[12/10 03:45:11 d2.evaluation.evaluator]: Inference done 1879/3943. Dataloading: 0.0017 s/iter. Inference: 0.0782 s/iter. Eval: 1.1062 s/iter. Total: 1.1861 s/iter. ETA=0:40:48
[12/10 03:45:16 d2.evaluation.evaluator]: Inference done 1882/3943. Dataloading: 0.0017 s/iter. Inference: 0.0781 s/iter. Eval: 1.1070 s/iter. Total: 1.1869 s/iter. ETA=0:40:46
[12/10 03:45:22 d2.evaluation.evaluator]: Inference done 1888/3943. Dataloading: 0.0017 s/iter. Inference: 0.0781 s/iter. Eval: 1.1065 s/iter. Total: 1.1864 s/iter. ETA=0:40:38
[12/10 03:45:27 d2.evaluation.evaluator]: Inference done 1891/3943. Dataloading: 0.0017 s/iter. Inference: 0.0781 s/iter. Eval: 1.1075 s/iter. Total: 1.1874 s/iter. ETA=0:40:36
[12/10 03:45:34 d2.evaluation.evaluator]: Inference done 1894/3943. Dataloading: 0.0017 s/iter. Inference: 0.0781 s/iter. Eval: 1.1089 s/iter. Total: 1.1888 s/iter. ETA=0:40:35
[12/10 03:45:39 d2.evaluation.evaluator]: Inference done 1898/3943. Dataloading: 0.0017 s/iter. Inference: 0.0781 s/iter. Eval: 1.1091 s/iter. Total: 1.1890 s/iter. ETA=0:40:31
[12/10 03:45:45 d2.evaluation.evaluator]: Inference done 1904/3943. Dataloading: 0.0017 s/iter. Inference: 0.0781 s/iter. Eval: 1.1084 s/iter. Total: 1.1883 s/iter. ETA=0:40:22
[12/10 03:45:51 d2.evaluation.evaluator]: Inference done 1908/3943. Dataloading: 0.0017 s/iter. Inference: 0.0781 s/iter. Eval: 1.1091 s/iter. Total: 1.1890 s/iter. ETA=0:40:19
[12/10 03:45:57 d2.evaluation.evaluator]: Inference done 1912/3943. Dataloading: 0.0017 s/iter. Inference: 0.0781 s/iter. Eval: 1.1097 s/iter. Total: 1.1896 s/iter. ETA=0:40:16
[12/10 03:46:02 d2.evaluation.evaluator]: Inference done 1916/3943. Dataloading: 0.0017 s/iter. Inference: 0.0782 s/iter. Eval: 1.1098 s/iter. Total: 1.1897 s/iter. ETA=0:40:11
[12/10 03:46:07 d2.evaluation.evaluator]: Inference done 1919/3943. Dataloading: 0.0017 s/iter. Inference: 0.0782 s/iter. Eval: 1.1106 s/iter. Total: 1.1905 s/iter. ETA=0:40:09
[12/10 03:46:13 d2.evaluation.evaluator]: Inference done 1923/3943. Dataloading: 0.0017 s/iter. Inference: 0.0782 s/iter. Eval: 1.1111 s/iter. Total: 1.1911 s/iter. ETA=0:40:05
[12/10 03:46:19 d2.evaluation.evaluator]: Inference done 1926/3943. Dataloading: 0.0017 s/iter. Inference: 0.0782 s/iter. Eval: 1.1124 s/iter. Total: 1.1924 s/iter. ETA=0:40:05
[12/10 03:46:24 d2.evaluation.evaluator]: Inference done 1930/3943. Dataloading: 0.0017 s/iter. Inference: 0.0782 s/iter. Eval: 1.1128 s/iter. Total: 1.1927 s/iter. ETA=0:40:00
[12/10 03:46:30 d2.evaluation.evaluator]: Inference done 1934/3943. Dataloading: 0.0017 s/iter. Inference: 0.0782 s/iter. Eval: 1.1133 s/iter. Total: 1.1933 s/iter. ETA=0:39:57
[12/10 03:46:37 d2.evaluation.evaluator]: Inference done 1941/3943. Dataloading: 0.0017 s/iter. Inference: 0.0782 s/iter. Eval: 1.1127 s/iter. Total: 1.1927 s/iter. ETA=0:39:47
[12/10 03:46:42 d2.evaluation.evaluator]: Inference done 1943/3943. Dataloading: 0.0017 s/iter. Inference: 0.0781 s/iter. Eval: 1.1141 s/iter. Total: 1.1940 s/iter. ETA=0:39:48
[12/10 03:46:49 d2.evaluation.evaluator]: Inference done 1946/3943. Dataloading: 0.0017 s/iter. Inference: 0.0781 s/iter. Eval: 1.1159 s/iter. Total: 1.1958 s/iter. ETA=0:39:48
[12/10 03:46:55 d2.evaluation.evaluator]: Inference done 1950/3943. Dataloading: 0.0017 s/iter. Inference: 0.0781 s/iter. Eval: 1.1167 s/iter. Total: 1.1966 s/iter. ETA=0:39:44
[12/10 03:47:02 d2.evaluation.evaluator]: Inference done 1955/3943. Dataloading: 0.0017 s/iter. Inference: 0.0781 s/iter. Eval: 1.1167 s/iter. Total: 1.1967 s/iter. ETA=0:39:38
[12/10 03:47:08 d2.evaluation.evaluator]: Inference done 1958/3943. Dataloading: 0.0017 s/iter. Inference: 0.0781 s/iter. Eval: 1.1180 s/iter. Total: 1.1979 s/iter. ETA=0:39:37
[12/10 03:47:13 d2.evaluation.evaluator]: Inference done 1963/3943. Dataloading: 0.0017 s/iter. Inference: 0.0781 s/iter. Eval: 1.1177 s/iter. Total: 1.1976 s/iter. ETA=0:39:31
[12/10 03:47:18 d2.evaluation.evaluator]: Inference done 1966/3943. Dataloading: 0.0017 s/iter. Inference: 0.0781 s/iter. Eval: 1.1186 s/iter. Total: 1.1985 s/iter. ETA=0:39:29
[12/10 03:47:25 d2.evaluation.evaluator]: Inference done 1972/3943. Dataloading: 0.0017 s/iter. Inference: 0.0781 s/iter. Eval: 1.1183 s/iter. Total: 1.1982 s/iter. ETA=0:39:21
[12/10 03:47:31 d2.evaluation.evaluator]: Inference done 1978/3943. Dataloading: 0.0017 s/iter. Inference: 0.0781 s/iter. Eval: 1.1176 s/iter. Total: 1.1975 s/iter. ETA=0:39:13
[12/10 03:47:36 d2.evaluation.evaluator]: Inference done 1982/3943. Dataloading: 0.0017 s/iter. Inference: 0.0782 s/iter. Eval: 1.1180 s/iter. Total: 1.1979 s/iter. ETA=0:39:09
[12/10 03:47:42 d2.evaluation.evaluator]: Inference done 1986/3943. Dataloading: 0.0017 s/iter. Inference: 0.0782 s/iter. Eval: 1.1183 s/iter. Total: 1.1982 s/iter. ETA=0:39:04
[12/10 03:47:47 d2.evaluation.evaluator]: Inference done 1990/3943. Dataloading: 0.0017 s/iter. Inference: 0.0782 s/iter. Eval: 1.1184 s/iter. Total: 1.1984 s/iter. ETA=0:39:00
[12/10 03:47:52 d2.evaluation.evaluator]: Inference done 1994/3943. Dataloading: 0.0017 s/iter. Inference: 0.0782 s/iter. Eval: 1.1188 s/iter. Total: 1.1987 s/iter. ETA=0:38:56
[12/10 03:47:57 d2.evaluation.evaluator]: Inference done 1997/3943. Dataloading: 0.0017 s/iter. Inference: 0.0782 s/iter. Eval: 1.1195 s/iter. Total: 1.1995 s/iter. ETA=0:38:54
[12/10 03:48:03 d2.evaluation.evaluator]: Inference done 2000/3943. Dataloading: 0.0017 s/iter. Inference: 0.0782 s/iter. Eval: 1.1204 s/iter. Total: 1.2004 s/iter. ETA=0:38:52
[12/10 03:48:09 d2.evaluation.evaluator]: Inference done 2005/3943. Dataloading: 0.0017 s/iter. Inference: 0.0781 s/iter. Eval: 1.1205 s/iter. Total: 1.2004 s/iter. ETA=0:38:46
[12/10 03:48:16 d2.evaluation.evaluator]: Inference done 2009/3943. Dataloading: 0.0017 s/iter. Inference: 0.0781 s/iter. Eval: 1.1217 s/iter. Total: 1.2016 s/iter. ETA=0:38:43
[12/10 03:48:22 d2.evaluation.evaluator]: Inference done 2012/3943. Dataloading: 0.0017 s/iter. Inference: 0.0781 s/iter. Eval: 1.1226 s/iter. Total: 1.2026 s/iter. ETA=0:38:42
[12/10 03:48:27 d2.evaluation.evaluator]: Inference done 2017/3943. Dataloading: 0.0017 s/iter. Inference: 0.0781 s/iter. Eval: 1.1222 s/iter. Total: 1.2021 s/iter. ETA=0:38:35
[12/10 03:48:32 d2.evaluation.evaluator]: Inference done 2021/3943. Dataloading: 0.0017 s/iter. Inference: 0.0781 s/iter. Eval: 1.1226 s/iter. Total: 1.2025 s/iter. ETA=0:38:31
[12/10 03:48:39 d2.evaluation.evaluator]: Inference done 2025/3943. Dataloading: 0.0017 s/iter. Inference: 0.0781 s/iter. Eval: 1.1234 s/iter. Total: 1.2033 s/iter. ETA=0:38:27
[12/10 03:48:45 d2.evaluation.evaluator]: Inference done 2029/3943. Dataloading: 0.0017 s/iter. Inference: 0.0781 s/iter. Eval: 1.1240 s/iter. Total: 1.2040 s/iter. ETA=0:38:24
[12/10 03:48:50 d2.evaluation.evaluator]: Inference done 2034/3943. Dataloading: 0.0017 s/iter. Inference: 0.0781 s/iter. Eval: 1.1236 s/iter. Total: 1.2035 s/iter. ETA=0:38:17
[12/10 03:48:56 d2.evaluation.evaluator]: Inference done 2038/3943. Dataloading: 0.0017 s/iter. Inference: 0.0782 s/iter. Eval: 1.1243 s/iter. Total: 1.2042 s/iter. ETA=0:38:14
[12/10 03:49:01 d2.evaluation.evaluator]: Inference done 2041/3943. Dataloading: 0.0017 s/iter. Inference: 0.0782 s/iter. Eval: 1.1250 s/iter. Total: 1.2049 s/iter. ETA=0:38:11
[12/10 03:49:07 d2.evaluation.evaluator]: Inference done 2044/3943. Dataloading: 0.0017 s/iter. Inference: 0.0782 s/iter. Eval: 1.1261 s/iter. Total: 1.2060 s/iter. ETA=0:38:10
[12/10 03:49:13 d2.evaluation.evaluator]: Inference done 2049/3943. Dataloading: 0.0017 s/iter. Inference: 0.0782 s/iter. Eval: 1.1260 s/iter. Total: 1.2059 s/iter. ETA=0:38:03
[12/10 03:49:19 d2.evaluation.evaluator]: Inference done 2052/3943. Dataloading: 0.0017 s/iter. Inference: 0.0782 s/iter. Eval: 1.1271 s/iter. Total: 1.2071 s/iter. ETA=0:38:02
[12/10 03:49:27 d2.evaluation.evaluator]: Inference done 2055/3943. Dataloading: 0.0017 s/iter. Inference: 0.0782 s/iter. Eval: 1.1293 s/iter. Total: 1.2093 s/iter. ETA=0:38:03
[12/10 03:49:36 d2.evaluation.evaluator]: Inference done 2060/3943. Dataloading: 0.0017 s/iter. Inference: 0.0782 s/iter. Eval: 1.1306 s/iter. Total: 1.2106 s/iter. ETA=0:37:59
[12/10 03:49:41 d2.evaluation.evaluator]: Inference done 2062/3943. Dataloading: 0.0017 s/iter. Inference: 0.0782 s/iter. Eval: 1.1320 s/iter. Total: 1.2120 s/iter. ETA=0:37:59
[12/10 03:49:46 d2.evaluation.evaluator]: Inference done 2067/3943. Dataloading: 0.0017 s/iter. Inference: 0.0782 s/iter. Eval: 1.1317 s/iter. Total: 1.2116 s/iter. ETA=0:37:53
[12/10 03:49:55 d2.evaluation.evaluator]: Inference done 2071/3943. Dataloading: 0.0017 s/iter. Inference: 0.0782 s/iter. Eval: 1.1333 s/iter. Total: 1.2132 s/iter. ETA=0:37:51
[12/10 03:50:01 d2.evaluation.evaluator]: Inference done 2076/3943. Dataloading: 0.0017 s/iter. Inference: 0.0782 s/iter. Eval: 1.1333 s/iter. Total: 1.2133 s/iter. ETA=0:37:45
[12/10 03:50:08 d2.evaluation.evaluator]: Inference done 2080/3943. Dataloading: 0.0017 s/iter. Inference: 0.0782 s/iter. Eval: 1.1343 s/iter. Total: 1.2143 s/iter. ETA=0:37:42
[12/10 03:50:15 d2.evaluation.evaluator]: Inference done 2083/3943. Dataloading: 0.0017 s/iter. Inference: 0.0782 s/iter. Eval: 1.1359 s/iter. Total: 1.2158 s/iter. ETA=0:37:41
[12/10 03:50:22 d2.evaluation.evaluator]: Inference done 2086/3943. Dataloading: 0.0017 s/iter. Inference: 0.0782 s/iter. Eval: 1.1377 s/iter. Total: 1.2176 s/iter. ETA=0:37:41
[12/10 03:50:28 d2.evaluation.evaluator]: Inference done 2091/3943. Dataloading: 0.0017 s/iter. Inference: 0.0781 s/iter. Eval: 1.1377 s/iter. Total: 1.2176 s/iter. ETA=0:37:34
[12/10 03:50:34 d2.evaluation.evaluator]: Inference done 2094/3943. Dataloading: 0.0017 s/iter. Inference: 0.0781 s/iter. Eval: 1.1386 s/iter. Total: 1.2186 s/iter. ETA=0:37:33
[12/10 03:50:39 d2.evaluation.evaluator]: Inference done 2098/3943. Dataloading: 0.0017 s/iter. Inference: 0.0781 s/iter. Eval: 1.1389 s/iter. Total: 1.2188 s/iter. ETA=0:37:28
[12/10 03:50:45 d2.evaluation.evaluator]: Inference done 2102/3943. Dataloading: 0.0017 s/iter. Inference: 0.0781 s/iter. Eval: 1.1393 s/iter. Total: 1.2193 s/iter. ETA=0:37:24
[12/10 03:50:50 d2.evaluation.evaluator]: Inference done 2106/3943. Dataloading: 0.0017 s/iter. Inference: 0.0781 s/iter. Eval: 1.1395 s/iter. Total: 1.2195 s/iter. ETA=0:37:20
[12/10 03:50:57 d2.evaluation.evaluator]: Inference done 2110/3943. Dataloading: 0.0017 s/iter. Inference: 0.0781 s/iter. Eval: 1.1404 s/iter. Total: 1.2204 s/iter. ETA=0:37:16
[12/10 03:51:02 d2.evaluation.evaluator]: Inference done 2114/3943. Dataloading: 0.0017 s/iter. Inference: 0.0781 s/iter. Eval: 1.1407 s/iter. Total: 1.2206 s/iter. ETA=0:37:12
[12/10 03:51:08 d2.evaluation.evaluator]: Inference done 2118/3943. Dataloading: 0.0017 s/iter. Inference: 0.0781 s/iter. Eval: 1.1411 s/iter. Total: 1.2210 s/iter. ETA=0:37:08
[12/10 03:51:15 d2.evaluation.evaluator]: Inference done 2123/3943. Dataloading: 0.0017 s/iter. Inference: 0.0781 s/iter. Eval: 1.1413 s/iter. Total: 1.2213 s/iter. ETA=0:37:02
[12/10 03:51:20 d2.evaluation.evaluator]: Inference done 2126/3943. Dataloading: 0.0017 s/iter. Inference: 0.0781 s/iter. Eval: 1.1422 s/iter. Total: 1.2221 s/iter. ETA=0:37:00
[12/10 03:51:25 d2.evaluation.evaluator]: Inference done 2129/3943. Dataloading: 0.0017 s/iter. Inference: 0.0781 s/iter. Eval: 1.1429 s/iter. Total: 1.2228 s/iter. ETA=0:36:58
[12/10 03:51:31 d2.evaluation.evaluator]: Inference done 2132/3943. Dataloading: 0.0017 s/iter. Inference: 0.0781 s/iter. Eval: 1.1440 s/iter. Total: 1.2239 s/iter. ETA=0:36:56
[12/10 03:51:37 d2.evaluation.evaluator]: Inference done 2135/3943. Dataloading: 0.0017 s/iter. Inference: 0.0781 s/iter. Eval: 1.1447 s/iter. Total: 1.2246 s/iter. ETA=0:36:54
[12/10 03:51:42 d2.evaluation.evaluator]: Inference done 2137/3943. Dataloading: 0.0017 s/iter. Inference: 0.0781 s/iter. Eval: 1.1460 s/iter. Total: 1.2259 s/iter. ETA=0:36:54
[12/10 03:51:50 d2.evaluation.evaluator]: Inference done 2141/3943. Dataloading: 0.0017 s/iter. Inference: 0.0781 s/iter. Eval: 1.1474 s/iter. Total: 1.2273 s/iter. ETA=0:36:51
[12/10 03:51:56 d2.evaluation.evaluator]: Inference done 2145/3943. Dataloading: 0.0017 s/iter. Inference: 0.0781 s/iter. Eval: 1.1480 s/iter. Total: 1.2279 s/iter. ETA=0:36:47
[12/10 03:52:02 d2.evaluation.evaluator]: Inference done 2150/3943. Dataloading: 0.0017 s/iter. Inference: 0.0782 s/iter. Eval: 1.1479 s/iter. Total: 1.2278 s/iter. ETA=0:36:41
[12/10 03:52:08 d2.evaluation.evaluator]: Inference done 2154/3943. Dataloading: 0.0017 s/iter. Inference: 0.0782 s/iter. Eval: 1.1485 s/iter. Total: 1.2285 s/iter. ETA=0:36:37
[12/10 03:52:13 d2.evaluation.evaluator]: Inference done 2157/3943. Dataloading: 0.0017 s/iter. Inference: 0.0782 s/iter. Eval: 1.1491 s/iter. Total: 1.2291 s/iter. ETA=0:36:35
[12/10 03:52:19 d2.evaluation.evaluator]: Inference done 2162/3943. Dataloading: 0.0017 s/iter. Inference: 0.0782 s/iter. Eval: 1.1491 s/iter. Total: 1.2291 s/iter. ETA=0:36:28
[12/10 03:52:25 d2.evaluation.evaluator]: Inference done 2166/3943. Dataloading: 0.0017 s/iter. Inference: 0.0782 s/iter. Eval: 1.1495 s/iter. Total: 1.2295 s/iter. ETA=0:36:24
[12/10 03:52:30 d2.evaluation.evaluator]: Inference done 2171/3943. Dataloading: 0.0017 s/iter. Inference: 0.0782 s/iter. Eval: 1.1491 s/iter. Total: 1.2291 s/iter. ETA=0:36:18
[12/10 03:52:36 d2.evaluation.evaluator]: Inference done 2174/3943. Dataloading: 0.0017 s/iter. Inference: 0.0782 s/iter. Eval: 1.1502 s/iter. Total: 1.2302 s/iter. ETA=0:36:16
[12/10 03:52:41 d2.evaluation.evaluator]: Inference done 2177/3943. Dataloading: 0.0017 s/iter. Inference: 0.0782 s/iter. Eval: 1.1508 s/iter. Total: 1.2308 s/iter. ETA=0:36:13
[12/10 03:52:47 d2.evaluation.evaluator]: Inference done 2182/3943. Dataloading: 0.0017 s/iter. Inference: 0.0782 s/iter. Eval: 1.1504 s/iter. Total: 1.2304 s/iter. ETA=0:36:06
[12/10 03:52:52 d2.evaluation.evaluator]: Inference done 2186/3943. Dataloading: 0.0017 s/iter. Inference: 0.0782 s/iter. Eval: 1.1507 s/iter. Total: 1.2307 s/iter. ETA=0:36:02
[12/10 03:52:58 d2.evaluation.evaluator]: Inference done 2189/3943. Dataloading: 0.0017 s/iter. Inference: 0.0782 s/iter. Eval: 1.1515 s/iter. Total: 1.2315 s/iter. ETA=0:36:00
[12/10 03:53:04 d2.evaluation.evaluator]: Inference done 2194/3943. Dataloading: 0.0017 s/iter. Inference: 0.0782 s/iter. Eval: 1.1517 s/iter. Total: 1.2317 s/iter. ETA=0:35:54
[12/10 03:53:09 d2.evaluation.evaluator]: Inference done 2198/3943. Dataloading: 0.0017 s/iter. Inference: 0.0782 s/iter. Eval: 1.1518 s/iter. Total: 1.2318 s/iter. ETA=0:35:49
[12/10 03:53:16 d2.evaluation.evaluator]: Inference done 2204/3943. Dataloading: 0.0017 s/iter. Inference: 0.0782 s/iter. Eval: 1.1516 s/iter. Total: 1.2316 s/iter. ETA=0:35:41
[12/10 03:53:22 d2.evaluation.evaluator]: Inference done 2208/3943. Dataloading: 0.0017 s/iter. Inference: 0.0782 s/iter. Eval: 1.1520 s/iter. Total: 1.2320 s/iter. ETA=0:35:37
[12/10 03:53:28 d2.evaluation.evaluator]: Inference done 2211/3943. Dataloading: 0.0017 s/iter. Inference: 0.0782 s/iter. Eval: 1.1530 s/iter. Total: 1.2330 s/iter. ETA=0:35:35
[12/10 03:53:34 d2.evaluation.evaluator]: Inference done 2214/3943. Dataloading: 0.0017 s/iter. Inference: 0.0782 s/iter. Eval: 1.1540 s/iter. Total: 1.2340 s/iter. ETA=0:35:33
[12/10 03:53:39 d2.evaluation.evaluator]: Inference done 2218/3943. Dataloading: 0.0017 s/iter. Inference: 0.0782 s/iter. Eval: 1.1541 s/iter. Total: 1.2341 s/iter. ETA=0:35:28
[12/10 03:53:45 d2.evaluation.evaluator]: Inference done 2222/3943. Dataloading: 0.0017 s/iter. Inference: 0.0782 s/iter. Eval: 1.1546 s/iter. Total: 1.2346 s/iter. ETA=0:35:24
[12/10 03:53:52 d2.evaluation.evaluator]: Inference done 2226/3943. Dataloading: 0.0017 s/iter. Inference: 0.0782 s/iter. Eval: 1.1553 s/iter. Total: 1.2353 s/iter. ETA=0:35:20
[12/10 03:53:59 d2.evaluation.evaluator]: Inference done 2233/3943. Dataloading: 0.0017 s/iter. Inference: 0.0782 s/iter. Eval: 1.1545 s/iter. Total: 1.2345 s/iter. ETA=0:35:10
[12/10 03:54:04 d2.evaluation.evaluator]: Inference done 2237/3943. Dataloading: 0.0017 s/iter. Inference: 0.0782 s/iter. Eval: 1.1546 s/iter. Total: 1.2346 s/iter. ETA=0:35:06
[12/10 03:54:10 d2.evaluation.evaluator]: Inference done 2241/3943. Dataloading: 0.0017 s/iter. Inference: 0.0782 s/iter. Eval: 1.1551 s/iter. Total: 1.2351 s/iter. ETA=0:35:02
[12/10 03:54:16 d2.evaluation.evaluator]: Inference done 2245/3943. Dataloading: 0.0017 s/iter. Inference: 0.0782 s/iter. Eval: 1.1558 s/iter. Total: 1.2358 s/iter. ETA=0:34:58
[12/10 03:54:22 d2.evaluation.evaluator]: Inference done 2250/3943. Dataloading: 0.0017 s/iter. Inference: 0.0782 s/iter. Eval: 1.1555 s/iter. Total: 1.2356 s/iter. ETA=0:34:51
[12/10 03:54:27 d2.evaluation.evaluator]: Inference done 2255/3943. Dataloading: 0.0017 s/iter. Inference: 0.0782 s/iter. Eval: 1.1552 s/iter. Total: 1.2353 s/iter. ETA=0:34:45
[12/10 03:54:34 d2.evaluation.evaluator]: Inference done 2261/3943. Dataloading: 0.0017 s/iter. Inference: 0.0782 s/iter. Eval: 1.1547 s/iter. Total: 1.2347 s/iter. ETA=0:34:36
[12/10 03:54:39 d2.evaluation.evaluator]: Inference done 2264/3943. Dataloading: 0.0017 s/iter. Inference: 0.0782 s/iter. Eval: 1.1554 s/iter. Total: 1.2355 s/iter. ETA=0:34:34
[12/10 03:54:45 d2.evaluation.evaluator]: Inference done 2271/3943. Dataloading: 0.0017 s/iter. Inference: 0.0782 s/iter. Eval: 1.1543 s/iter. Total: 1.2344 s/iter. ETA=0:34:23
[12/10 03:54:51 d2.evaluation.evaluator]: Inference done 2276/3943. Dataloading: 0.0017 s/iter. Inference: 0.0782 s/iter. Eval: 1.1541 s/iter. Total: 1.2341 s/iter. ETA=0:34:17
[12/10 03:54:59 d2.evaluation.evaluator]: Inference done 2281/3943. Dataloading: 0.0017 s/iter. Inference: 0.0782 s/iter. Eval: 1.1551 s/iter. Total: 1.2351 s/iter. ETA=0:34:12
[12/10 03:55:05 d2.evaluation.evaluator]: Inference done 2285/3943. Dataloading: 0.0017 s/iter. Inference: 0.0782 s/iter. Eval: 1.1553 s/iter. Total: 1.2353 s/iter. ETA=0:34:08
[12/10 03:55:10 d2.evaluation.evaluator]: Inference done 2290/3943. Dataloading: 0.0017 s/iter. Inference: 0.0783 s/iter. Eval: 1.1551 s/iter. Total: 1.2351 s/iter. ETA=0:34:01
[12/10 03:55:16 d2.evaluation.evaluator]: Inference done 2294/3943. Dataloading: 0.0017 s/iter. Inference: 0.0782 s/iter. Eval: 1.1556 s/iter. Total: 1.2356 s/iter. ETA=0:33:57
[12/10 03:55:22 d2.evaluation.evaluator]: Inference done 2299/3943. Dataloading: 0.0017 s/iter. Inference: 0.0782 s/iter. Eval: 1.1554 s/iter. Total: 1.2355 s/iter. ETA=0:33:51
[12/10 03:55:28 d2.evaluation.evaluator]: Inference done 2303/3943. Dataloading: 0.0017 s/iter. Inference: 0.0782 s/iter. Eval: 1.1557 s/iter. Total: 1.2357 s/iter. ETA=0:33:46
[12/10 03:55:33 d2.evaluation.evaluator]: Inference done 2307/3943. Dataloading: 0.0017 s/iter. Inference: 0.0783 s/iter. Eval: 1.1559 s/iter. Total: 1.2359 s/iter. ETA=0:33:41
[12/10 03:55:39 d2.evaluation.evaluator]: Inference done 2311/3943. Dataloading: 0.0017 s/iter. Inference: 0.0783 s/iter. Eval: 1.1563 s/iter. Total: 1.2364 s/iter. ETA=0:33:37
[12/10 03:55:45 d2.evaluation.evaluator]: Inference done 2314/3943. Dataloading: 0.0017 s/iter. Inference: 0.0783 s/iter. Eval: 1.1571 s/iter. Total: 1.2371 s/iter. ETA=0:33:35
[12/10 03:55:50 d2.evaluation.evaluator]: Inference done 2319/3943. Dataloading: 0.0017 s/iter. Inference: 0.0783 s/iter. Eval: 1.1568 s/iter. Total: 1.2369 s/iter. ETA=0:33:28
[12/10 03:55:56 d2.evaluation.evaluator]: Inference done 2324/3943. Dataloading: 0.0017 s/iter. Inference: 0.0783 s/iter. Eval: 1.1566 s/iter. Total: 1.2366 s/iter. ETA=0:33:22
[12/10 03:56:03 d2.evaluation.evaluator]: Inference done 2328/3943. Dataloading: 0.0017 s/iter. Inference: 0.0783 s/iter. Eval: 1.1576 s/iter. Total: 1.2377 s/iter. ETA=0:33:18
[12/10 03:56:08 d2.evaluation.evaluator]: Inference done 2332/3943. Dataloading: 0.0017 s/iter. Inference: 0.0783 s/iter. Eval: 1.1577 s/iter. Total: 1.2377 s/iter. ETA=0:33:13
[12/10 03:56:16 d2.evaluation.evaluator]: Inference done 2337/3943. Dataloading: 0.0017 s/iter. Inference: 0.0782 s/iter. Eval: 1.1584 s/iter. Total: 1.2385 s/iter. ETA=0:33:08
[12/10 03:56:22 d2.evaluation.evaluator]: Inference done 2339/3943. Dataloading: 0.0017 s/iter. Inference: 0.0783 s/iter. Eval: 1.1597 s/iter. Total: 1.2397 s/iter. ETA=0:33:08
[12/10 03:56:28 d2.evaluation.evaluator]: Inference done 2343/3943. Dataloading: 0.0017 s/iter. Inference: 0.0783 s/iter. Eval: 1.1601 s/iter. Total: 1.2402 s/iter. ETA=0:33:04
[12/10 03:56:35 d2.evaluation.evaluator]: Inference done 2346/3943. Dataloading: 0.0017 s/iter. Inference: 0.0783 s/iter. Eval: 1.1616 s/iter. Total: 1.2417 s/iter. ETA=0:33:02
[12/10 03:56:40 d2.evaluation.evaluator]: Inference done 2350/3943. Dataloading: 0.0017 s/iter. Inference: 0.0783 s/iter. Eval: 1.1619 s/iter. Total: 1.2419 s/iter. ETA=0:32:58
[12/10 03:56:46 d2.evaluation.evaluator]: Inference done 2353/3943. Dataloading: 0.0017 s/iter. Inference: 0.0783 s/iter. Eval: 1.1625 s/iter. Total: 1.2426 s/iter. ETA=0:32:55
[12/10 03:56:53 d2.evaluation.evaluator]: Inference done 2357/3943. Dataloading: 0.0017 s/iter. Inference: 0.0783 s/iter. Eval: 1.1636 s/iter. Total: 1.2437 s/iter. ETA=0:32:52
[12/10 03:56:59 d2.evaluation.evaluator]: Inference done 2362/3943. Dataloading: 0.0017 s/iter. Inference: 0.0783 s/iter. Eval: 1.1636 s/iter. Total: 1.2437 s/iter. ETA=0:32:46
[12/10 03:57:04 d2.evaluation.evaluator]: Inference done 2366/3943. Dataloading: 0.0017 s/iter. Inference: 0.0783 s/iter. Eval: 1.1636 s/iter. Total: 1.2437 s/iter. ETA=0:32:41
[12/10 03:57:10 d2.evaluation.evaluator]: Inference done 2368/3943. Dataloading: 0.0017 s/iter. Inference: 0.0783 s/iter. Eval: 1.1650 s/iter. Total: 1.2450 s/iter. ETA=0:32:40
[12/10 03:57:18 d2.evaluation.evaluator]: Inference done 2371/3943. Dataloading: 0.0017 s/iter. Inference: 0.0783 s/iter. Eval: 1.1668 s/iter. Total: 1.2469 s/iter. ETA=0:32:40
[12/10 03:57:23 d2.evaluation.evaluator]: Inference done 2375/3943. Dataloading: 0.0017 s/iter. Inference: 0.0783 s/iter. Eval: 1.1669 s/iter. Total: 1.2470 s/iter. ETA=0:32:35
[12/10 03:57:29 d2.evaluation.evaluator]: Inference done 2379/3943. Dataloading: 0.0017 s/iter. Inference: 0.0783 s/iter. Eval: 1.1670 s/iter. Total: 1.2471 s/iter. ETA=0:32:30
[12/10 03:57:34 d2.evaluation.evaluator]: Inference done 2383/3943. Dataloading: 0.0017 s/iter. Inference: 0.0783 s/iter. Eval: 1.1673 s/iter. Total: 1.2474 s/iter. ETA=0:32:25
[12/10 03:57:40 d2.evaluation.evaluator]: Inference done 2388/3943. Dataloading: 0.0017 s/iter. Inference: 0.0783 s/iter. Eval: 1.1669 s/iter. Total: 1.2470 s/iter. ETA=0:32:19
[12/10 03:57:46 d2.evaluation.evaluator]: Inference done 2394/3943. Dataloading: 0.0017 s/iter. Inference: 0.0783 s/iter. Eval: 1.1662 s/iter. Total: 1.2464 s/iter. ETA=0:32:10
[12/10 03:57:52 d2.evaluation.evaluator]: Inference done 2397/3943. Dataloading: 0.0017 s/iter. Inference: 0.0783 s/iter. Eval: 1.1674 s/iter. Total: 1.2475 s/iter. ETA=0:32:08
[12/10 03:57:59 d2.evaluation.evaluator]: Inference done 2403/3943. Dataloading: 0.0017 s/iter. Inference: 0.0783 s/iter. Eval: 1.1670 s/iter. Total: 1.2471 s/iter. ETA=0:32:00
[12/10 03:58:04 d2.evaluation.evaluator]: Inference done 2407/3943. Dataloading: 0.0017 s/iter. Inference: 0.0783 s/iter. Eval: 1.1673 s/iter. Total: 1.2474 s/iter. ETA=0:31:56
[12/10 03:58:10 d2.evaluation.evaluator]: Inference done 2413/3943. Dataloading: 0.0017 s/iter. Inference: 0.0783 s/iter. Eval: 1.1665 s/iter. Total: 1.2467 s/iter. ETA=0:31:47
[12/10 03:58:16 d2.evaluation.evaluator]: Inference done 2417/3943. Dataloading: 0.0017 s/iter. Inference: 0.0783 s/iter. Eval: 1.1667 s/iter. Total: 1.2469 s/iter. ETA=0:31:42
[12/10 03:58:21 d2.evaluation.evaluator]: Inference done 2420/3943. Dataloading: 0.0017 s/iter. Inference: 0.0783 s/iter. Eval: 1.1674 s/iter. Total: 1.2476 s/iter. ETA=0:31:40
[12/10 03:58:26 d2.evaluation.evaluator]: Inference done 2423/3943. Dataloading: 0.0017 s/iter. Inference: 0.0783 s/iter. Eval: 1.1680 s/iter. Total: 1.2481 s/iter. ETA=0:31:37
[12/10 03:58:32 d2.evaluation.evaluator]: Inference done 2427/3943. Dataloading: 0.0017 s/iter. Inference: 0.0783 s/iter. Eval: 1.1682 s/iter. Total: 1.2483 s/iter. ETA=0:31:32
[12/10 03:58:37 d2.evaluation.evaluator]: Inference done 2431/3943. Dataloading: 0.0017 s/iter. Inference: 0.0783 s/iter. Eval: 1.1683 s/iter. Total: 1.2484 s/iter. ETA=0:31:27
[12/10 03:58:42 d2.evaluation.evaluator]: Inference done 2435/3943. Dataloading: 0.0017 s/iter. Inference: 0.0783 s/iter. Eval: 1.1683 s/iter. Total: 1.2484 s/iter. ETA=0:31:22
[12/10 03:58:47 d2.evaluation.evaluator]: Inference done 2438/3943. Dataloading: 0.0017 s/iter. Inference: 0.0783 s/iter. Eval: 1.1690 s/iter. Total: 1.2491 s/iter. ETA=0:31:19
[12/10 03:58:53 d2.evaluation.evaluator]: Inference done 2442/3943. Dataloading: 0.0017 s/iter. Inference: 0.0783 s/iter. Eval: 1.1693 s/iter. Total: 1.2494 s/iter. ETA=0:31:15
[12/10 03:58:58 d2.evaluation.evaluator]: Inference done 2446/3943. Dataloading: 0.0017 s/iter. Inference: 0.0783 s/iter. Eval: 1.1694 s/iter. Total: 1.2495 s/iter. ETA=0:31:10
[12/10 03:59:03 d2.evaluation.evaluator]: Inference done 2449/3943. Dataloading: 0.0017 s/iter. Inference: 0.0783 s/iter. Eval: 1.1700 s/iter. Total: 1.2501 s/iter. ETA=0:31:07
[12/10 03:59:09 d2.evaluation.evaluator]: Inference done 2453/3943. Dataloading: 0.0017 s/iter. Inference: 0.0783 s/iter. Eval: 1.1704 s/iter. Total: 1.2505 s/iter. ETA=0:31:03
[12/10 03:59:15 d2.evaluation.evaluator]: Inference done 2457/3943. Dataloading: 0.0017 s/iter. Inference: 0.0783 s/iter. Eval: 1.1707 s/iter. Total: 1.2508 s/iter. ETA=0:30:58
[12/10 03:59:20 d2.evaluation.evaluator]: Inference done 2461/3943. Dataloading: 0.0017 s/iter. Inference: 0.0783 s/iter. Eval: 1.1708 s/iter. Total: 1.2509 s/iter. ETA=0:30:53
[12/10 03:59:25 d2.evaluation.evaluator]: Inference done 2465/3943. Dataloading: 0.0017 s/iter. Inference: 0.0783 s/iter. Eval: 1.1709 s/iter. Total: 1.2510 s/iter. ETA=0:30:48
[12/10 03:59:32 d2.evaluation.evaluator]: Inference done 2469/3943. Dataloading: 0.0017 s/iter. Inference: 0.0783 s/iter. Eval: 1.1714 s/iter. Total: 1.2514 s/iter. ETA=0:30:44
[12/10 03:59:38 d2.evaluation.evaluator]: Inference done 2473/3943. Dataloading: 0.0017 s/iter. Inference: 0.0783 s/iter. Eval: 1.1720 s/iter. Total: 1.2521 s/iter. ETA=0:30:40
[12/10 03:59:43 d2.evaluation.evaluator]: Inference done 2478/3943. Dataloading: 0.0017 s/iter. Inference: 0.0783 s/iter. Eval: 1.1716 s/iter. Total: 1.2516 s/iter. ETA=0:30:33
[12/10 03:59:49 d2.evaluation.evaluator]: Inference done 2482/3943. Dataloading: 0.0017 s/iter. Inference: 0.0783 s/iter. Eval: 1.1717 s/iter. Total: 1.2518 s/iter. ETA=0:30:28
[12/10 03:59:54 d2.evaluation.evaluator]: Inference done 2487/3943. Dataloading: 0.0017 s/iter. Inference: 0.0783 s/iter. Eval: 1.1714 s/iter. Total: 1.2515 s/iter. ETA=0:30:22
[12/10 04:00:00 d2.evaluation.evaluator]: Inference done 2491/3943. Dataloading: 0.0017 s/iter. Inference: 0.0783 s/iter. Eval: 1.1716 s/iter. Total: 1.2516 s/iter. ETA=0:30:17
[12/10 04:00:05 d2.evaluation.evaluator]: Inference done 2494/3943. Dataloading: 0.0017 s/iter. Inference: 0.0783 s/iter. Eval: 1.1721 s/iter. Total: 1.2521 s/iter. ETA=0:30:14
[12/10 04:00:10 d2.evaluation.evaluator]: Inference done 2499/3943. Dataloading: 0.0017 s/iter. Inference: 0.0782 s/iter. Eval: 1.1719 s/iter. Total: 1.2520 s/iter. ETA=0:30:07
[12/10 04:00:16 d2.evaluation.evaluator]: Inference done 2504/3943. Dataloading: 0.0017 s/iter. Inference: 0.0782 s/iter. Eval: 1.1718 s/iter. Total: 1.2519 s/iter. ETA=0:30:01
[12/10 04:00:23 d2.evaluation.evaluator]: Inference done 2508/3943. Dataloading: 0.0017 s/iter. Inference: 0.0782 s/iter. Eval: 1.1722 s/iter. Total: 1.2523 s/iter. ETA=0:29:57
[12/10 04:00:29 d2.evaluation.evaluator]: Inference done 2513/3943. Dataloading: 0.0017 s/iter. Inference: 0.0782 s/iter. Eval: 1.1721 s/iter. Total: 1.2522 s/iter. ETA=0:29:50
[12/10 04:00:34 d2.evaluation.evaluator]: Inference done 2517/3943. Dataloading: 0.0017 s/iter. Inference: 0.0782 s/iter. Eval: 1.1725 s/iter. Total: 1.2525 s/iter. ETA=0:29:46
[12/10 04:00:40 d2.evaluation.evaluator]: Inference done 2521/3943. Dataloading: 0.0017 s/iter. Inference: 0.0782 s/iter. Eval: 1.1727 s/iter. Total: 1.2527 s/iter. ETA=0:29:41
[12/10 04:00:46 d2.evaluation.evaluator]: Inference done 2525/3943. Dataloading: 0.0017 s/iter. Inference: 0.0782 s/iter. Eval: 1.1729 s/iter. Total: 1.2530 s/iter. ETA=0:29:36
[12/10 04:00:52 d2.evaluation.evaluator]: Inference done 2529/3943. Dataloading: 0.0017 s/iter. Inference: 0.0782 s/iter. Eval: 1.1734 s/iter. Total: 1.2534 s/iter. ETA=0:29:32
[12/10 04:00:57 d2.evaluation.evaluator]: Inference done 2533/3943. Dataloading: 0.0017 s/iter. Inference: 0.0782 s/iter. Eval: 1.1737 s/iter. Total: 1.2537 s/iter. ETA=0:29:27
[12/10 04:01:03 d2.evaluation.evaluator]: Inference done 2537/3943. Dataloading: 0.0017 s/iter. Inference: 0.0782 s/iter. Eval: 1.1738 s/iter. Total: 1.2538 s/iter. ETA=0:29:22
[12/10 04:01:08 d2.evaluation.evaluator]: Inference done 2542/3943. Dataloading: 0.0017 s/iter. Inference: 0.0782 s/iter. Eval: 1.1735 s/iter. Total: 1.2535 s/iter. ETA=0:29:16
[12/10 04:01:14 d2.evaluation.evaluator]: Inference done 2546/3943. Dataloading: 0.0017 s/iter. Inference: 0.0782 s/iter. Eval: 1.1738 s/iter. Total: 1.2538 s/iter. ETA=0:29:11
[12/10 04:01:19 d2.evaluation.evaluator]: Inference done 2549/3943. Dataloading: 0.0017 s/iter. Inference: 0.0782 s/iter. Eval: 1.1744 s/iter. Total: 1.2544 s/iter. ETA=0:29:08
[12/10 04:01:27 d2.evaluation.evaluator]: Inference done 2553/3943. Dataloading: 0.0017 s/iter. Inference: 0.0782 s/iter. Eval: 1.1756 s/iter. Total: 1.2556 s/iter. ETA=0:29:05
[12/10 04:01:34 d2.evaluation.evaluator]: Inference done 2556/3943. Dataloading: 0.0017 s/iter. Inference: 0.0782 s/iter. Eval: 1.1768 s/iter. Total: 1.2567 s/iter. ETA=0:29:03
[12/10 04:01:40 d2.evaluation.evaluator]: Inference done 2560/3943. Dataloading: 0.0017 s/iter. Inference: 0.0782 s/iter. Eval: 1.1770 s/iter. Total: 1.2570 s/iter. ETA=0:28:58
[12/10 04:01:45 d2.evaluation.evaluator]: Inference done 2563/3943. Dataloading: 0.0017 s/iter. Inference: 0.0782 s/iter. Eval: 1.1775 s/iter. Total: 1.2575 s/iter. ETA=0:28:55
[12/10 04:01:51 d2.evaluation.evaluator]: Inference done 2567/3943. Dataloading: 0.0017 s/iter. Inference: 0.0782 s/iter. Eval: 1.1779 s/iter. Total: 1.2579 s/iter. ETA=0:28:50
[12/10 04:01:56 d2.evaluation.evaluator]: Inference done 2571/3943. Dataloading: 0.0017 s/iter. Inference: 0.0782 s/iter. Eval: 1.1779 s/iter. Total: 1.2579 s/iter. ETA=0:28:45
[12/10 04:02:01 d2.evaluation.evaluator]: Inference done 2573/3943. Dataloading: 0.0017 s/iter. Inference: 0.0782 s/iter. Eval: 1.1789 s/iter. Total: 1.2589 s/iter. ETA=0:28:44
[12/10 04:02:07 d2.evaluation.evaluator]: Inference done 2578/3943. Dataloading: 0.0017 s/iter. Inference: 0.0782 s/iter. Eval: 1.1788 s/iter. Total: 1.2588 s/iter. ETA=0:28:38
[12/10 04:02:13 d2.evaluation.evaluator]: Inference done 2583/3943. Dataloading: 0.0017 s/iter. Inference: 0.0782 s/iter. Eval: 1.1786 s/iter. Total: 1.2585 s/iter. ETA=0:28:31
[12/10 04:02:18 d2.evaluation.evaluator]: Inference done 2586/3943. Dataloading: 0.0017 s/iter. Inference: 0.0782 s/iter. Eval: 1.1792 s/iter. Total: 1.2592 s/iter. ETA=0:28:28
[12/10 04:02:23 d2.evaluation.evaluator]: Inference done 2590/3943. Dataloading: 0.0017 s/iter. Inference: 0.0782 s/iter. Eval: 1.1793 s/iter. Total: 1.2592 s/iter. ETA=0:28:23
[12/10 04:02:30 d2.evaluation.evaluator]: Inference done 2595/3943. Dataloading: 0.0017 s/iter. Inference: 0.0782 s/iter. Eval: 1.1794 s/iter. Total: 1.2593 s/iter. ETA=0:28:17
[12/10 04:02:36 d2.evaluation.evaluator]: Inference done 2600/3943. Dataloading: 0.0017 s/iter. Inference: 0.0782 s/iter. Eval: 1.1795 s/iter. Total: 1.2595 s/iter. ETA=0:28:11
[12/10 04:02:43 d2.evaluation.evaluator]: Inference done 2603/3943. Dataloading: 0.0017 s/iter. Inference: 0.0782 s/iter. Eval: 1.1806 s/iter. Total: 1.2606 s/iter. ETA=0:28:09
[12/10 04:02:49 d2.evaluation.evaluator]: Inference done 2607/3943. Dataloading: 0.0017 s/iter. Inference: 0.0781 s/iter. Eval: 1.1811 s/iter. Total: 1.2611 s/iter. ETA=0:28:04
[12/10 04:02:55 d2.evaluation.evaluator]: Inference done 2610/3943. Dataloading: 0.0017 s/iter. Inference: 0.0781 s/iter. Eval: 1.1820 s/iter. Total: 1.2619 s/iter. ETA=0:28:02
[12/10 04:03:02 d2.evaluation.evaluator]: Inference done 2614/3943. Dataloading: 0.0017 s/iter. Inference: 0.0781 s/iter. Eval: 1.1825 s/iter. Total: 1.2625 s/iter. ETA=0:27:57
[12/10 04:03:08 d2.evaluation.evaluator]: Inference done 2618/3943. Dataloading: 0.0017 s/iter. Inference: 0.0781 s/iter. Eval: 1.1831 s/iter. Total: 1.2630 s/iter. ETA=0:27:53
[12/10 04:03:15 d2.evaluation.evaluator]: Inference done 2622/3943. Dataloading: 0.0017 s/iter. Inference: 0.0781 s/iter. Eval: 1.1835 s/iter. Total: 1.2635 s/iter. ETA=0:27:49
[12/10 04:03:20 d2.evaluation.evaluator]: Inference done 2625/3943. Dataloading: 0.0017 s/iter. Inference: 0.0781 s/iter. Eval: 1.1840 s/iter. Total: 1.2639 s/iter. ETA=0:27:45
[12/10 04:03:27 d2.evaluation.evaluator]: Inference done 2630/3943. Dataloading: 0.0017 s/iter. Inference: 0.0781 s/iter. Eval: 1.1844 s/iter. Total: 1.2643 s/iter. ETA=0:27:40
[12/10 04:03:33 d2.evaluation.evaluator]: Inference done 2634/3943. Dataloading: 0.0017 s/iter. Inference: 0.0782 s/iter. Eval: 1.1847 s/iter. Total: 1.2646 s/iter. ETA=0:27:35
[12/10 04:03:39 d2.evaluation.evaluator]: Inference done 2637/3943. Dataloading: 0.0017 s/iter. Inference: 0.0782 s/iter. Eval: 1.1855 s/iter. Total: 1.2654 s/iter. ETA=0:27:32
[12/10 04:03:44 d2.evaluation.evaluator]: Inference done 2640/3943. Dataloading: 0.0017 s/iter. Inference: 0.0782 s/iter. Eval: 1.1859 s/iter. Total: 1.2659 s/iter. ETA=0:27:29
[12/10 04:03:51 d2.evaluation.evaluator]: Inference done 2646/3943. Dataloading: 0.0017 s/iter. Inference: 0.0782 s/iter. Eval: 1.1857 s/iter. Total: 1.2656 s/iter. ETA=0:27:21
[12/10 04:03:58 d2.evaluation.evaluator]: Inference done 2649/3943. Dataloading: 0.0017 s/iter. Inference: 0.0782 s/iter. Eval: 1.1872 s/iter. Total: 1.2671 s/iter. ETA=0:27:19
[12/10 04:04:04 d2.evaluation.evaluator]: Inference done 2652/3943. Dataloading: 0.0017 s/iter. Inference: 0.0782 s/iter. Eval: 1.1879 s/iter. Total: 1.2678 s/iter. ETA=0:27:16
[12/10 04:04:10 d2.evaluation.evaluator]: Inference done 2656/3943. Dataloading: 0.0017 s/iter. Inference: 0.0782 s/iter. Eval: 1.1883 s/iter. Total: 1.2682 s/iter. ETA=0:27:12
[12/10 04:04:17 d2.evaluation.evaluator]: Inference done 2661/3943. Dataloading: 0.0017 s/iter. Inference: 0.0782 s/iter. Eval: 1.1883 s/iter. Total: 1.2683 s/iter. ETA=0:27:05
[12/10 04:04:22 d2.evaluation.evaluator]: Inference done 2664/3943. Dataloading: 0.0017 s/iter. Inference: 0.0782 s/iter. Eval: 1.1889 s/iter. Total: 1.2689 s/iter. ETA=0:27:02
[12/10 04:04:28 d2.evaluation.evaluator]: Inference done 2666/3943. Dataloading: 0.0017 s/iter. Inference: 0.0782 s/iter. Eval: 1.1903 s/iter. Total: 1.2703 s/iter. ETA=0:27:02
[12/10 04:04:34 d2.evaluation.evaluator]: Inference done 2669/3943. Dataloading: 0.0017 s/iter. Inference: 0.0782 s/iter. Eval: 1.1908 s/iter. Total: 1.2708 s/iter. ETA=0:26:59
[12/10 04:04:40 d2.evaluation.evaluator]: Inference done 2673/3943. Dataloading: 0.0017 s/iter. Inference: 0.0782 s/iter. Eval: 1.1915 s/iter. Total: 1.2715 s/iter. ETA=0:26:54
[12/10 04:04:47 d2.evaluation.evaluator]: Inference done 2675/3943. Dataloading: 0.0017 s/iter. Inference: 0.0782 s/iter. Eval: 1.1931 s/iter. Total: 1.2730 s/iter. ETA=0:26:54
[12/10 04:04:52 d2.evaluation.evaluator]: Inference done 2678/3943. Dataloading: 0.0017 s/iter. Inference: 0.0782 s/iter. Eval: 1.1936 s/iter. Total: 1.2735 s/iter. ETA=0:26:51
[12/10 04:04:58 d2.evaluation.evaluator]: Inference done 2682/3943. Dataloading: 0.0017 s/iter. Inference: 0.0782 s/iter. Eval: 1.1937 s/iter. Total: 1.2736 s/iter. ETA=0:26:46
[12/10 04:05:04 d2.evaluation.evaluator]: Inference done 2686/3943. Dataloading: 0.0017 s/iter. Inference: 0.0782 s/iter. Eval: 1.1940 s/iter. Total: 1.2740 s/iter. ETA=0:26:41
[12/10 04:05:09 d2.evaluation.evaluator]: Inference done 2689/3943. Dataloading: 0.0017 s/iter. Inference: 0.0782 s/iter. Eval: 1.1945 s/iter. Total: 1.2745 s/iter. ETA=0:26:38
[12/10 04:05:15 d2.evaluation.evaluator]: Inference done 2692/3943. Dataloading: 0.0017 s/iter. Inference: 0.0782 s/iter. Eval: 1.1955 s/iter. Total: 1.2755 s/iter. ETA=0:26:35
[12/10 04:05:22 d2.evaluation.evaluator]: Inference done 2695/3943. Dataloading: 0.0017 s/iter. Inference: 0.0782 s/iter. Eval: 1.1965 s/iter. Total: 1.2765 s/iter. ETA=0:26:33
[12/10 04:05:29 d2.evaluation.evaluator]: Inference done 2700/3943. Dataloading: 0.0017 s/iter. Inference: 0.0782 s/iter. Eval: 1.1967 s/iter. Total: 1.2767 s/iter. ETA=0:26:26
[12/10 04:05:36 d2.evaluation.evaluator]: Inference done 2705/3943. Dataloading: 0.0017 s/iter. Inference: 0.0782 s/iter. Eval: 1.1971 s/iter. Total: 1.2771 s/iter. ETA=0:26:21
[12/10 04:05:43 d2.evaluation.evaluator]: Inference done 2709/3943. Dataloading: 0.0017 s/iter. Inference: 0.0782 s/iter. Eval: 1.1975 s/iter. Total: 1.2775 s/iter. ETA=0:26:16
[12/10 04:05:49 d2.evaluation.evaluator]: Inference done 2712/3943. Dataloading: 0.0017 s/iter. Inference: 0.0782 s/iter. Eval: 1.1984 s/iter. Total: 1.2784 s/iter. ETA=0:26:13
[12/10 04:05:54 d2.evaluation.evaluator]: Inference done 2715/3943. Dataloading: 0.0017 s/iter. Inference: 0.0782 s/iter. Eval: 1.1989 s/iter. Total: 1.2789 s/iter. ETA=0:26:10
[12/10 04:06:00 d2.evaluation.evaluator]: Inference done 2718/3943. Dataloading: 0.0017 s/iter. Inference: 0.0783 s/iter. Eval: 1.1996 s/iter. Total: 1.2796 s/iter. ETA=0:26:07
[12/10 04:06:05 d2.evaluation.evaluator]: Inference done 2722/3943. Dataloading: 0.0017 s/iter. Inference: 0.0783 s/iter. Eval: 1.1996 s/iter. Total: 1.2797 s/iter. ETA=0:26:02
[12/10 04:06:10 d2.evaluation.evaluator]: Inference done 2725/3943. Dataloading: 0.0017 s/iter. Inference: 0.0783 s/iter. Eval: 1.2001 s/iter. Total: 1.2801 s/iter. ETA=0:25:59
[12/10 04:06:16 d2.evaluation.evaluator]: Inference done 2730/3943. Dataloading: 0.0017 s/iter. Inference: 0.0783 s/iter. Eval: 1.2001 s/iter. Total: 1.2801 s/iter. ETA=0:25:52
[12/10 04:06:23 d2.evaluation.evaluator]: Inference done 2734/3943. Dataloading: 0.0017 s/iter. Inference: 0.0783 s/iter. Eval: 1.2007 s/iter. Total: 1.2808 s/iter. ETA=0:25:48
[12/10 04:06:29 d2.evaluation.evaluator]: Inference done 2738/3943. Dataloading: 0.0017 s/iter. Inference: 0.0783 s/iter. Eval: 1.2011 s/iter. Total: 1.2811 s/iter. ETA=0:25:43
[12/10 04:06:36 d2.evaluation.evaluator]: Inference done 2742/3943. Dataloading: 0.0017 s/iter. Inference: 0.0783 s/iter. Eval: 1.2014 s/iter. Total: 1.2815 s/iter. ETA=0:25:39
[12/10 04:06:41 d2.evaluation.evaluator]: Inference done 2745/3943. Dataloading: 0.0017 s/iter. Inference: 0.0783 s/iter. Eval: 1.2019 s/iter. Total: 1.2820 s/iter. ETA=0:25:35
[12/10 04:06:46 d2.evaluation.evaluator]: Inference done 2749/3943. Dataloading: 0.0017 s/iter. Inference: 0.0783 s/iter. Eval: 1.2021 s/iter. Total: 1.2821 s/iter. ETA=0:25:30
[12/10 04:06:52 d2.evaluation.evaluator]: Inference done 2754/3943. Dataloading: 0.0017 s/iter. Inference: 0.0783 s/iter. Eval: 1.2017 s/iter. Total: 1.2818 s/iter. ETA=0:25:24
[12/10 04:06:58 d2.evaluation.evaluator]: Inference done 2758/3943. Dataloading: 0.0017 s/iter. Inference: 0.0783 s/iter. Eval: 1.2020 s/iter. Total: 1.2820 s/iter. ETA=0:25:19
[12/10 04:07:03 d2.evaluation.evaluator]: Inference done 2763/3943. Dataloading: 0.0017 s/iter. Inference: 0.0783 s/iter. Eval: 1.2018 s/iter. Total: 1.2818 s/iter. ETA=0:25:12
[12/10 04:07:09 d2.evaluation.evaluator]: Inference done 2768/3943. Dataloading: 0.0017 s/iter. Inference: 0.0783 s/iter. Eval: 1.2014 s/iter. Total: 1.2814 s/iter. ETA=0:25:05
[12/10 04:07:15 d2.evaluation.evaluator]: Inference done 2772/3943. Dataloading: 0.0017 s/iter. Inference: 0.0783 s/iter. Eval: 1.2020 s/iter. Total: 1.2820 s/iter. ETA=0:25:01
[12/10 04:07:21 d2.evaluation.evaluator]: Inference done 2775/3943. Dataloading: 0.0017 s/iter. Inference: 0.0783 s/iter. Eval: 1.2025 s/iter. Total: 1.2825 s/iter. ETA=0:24:57
[12/10 04:07:26 d2.evaluation.evaluator]: Inference done 2779/3943. Dataloading: 0.0017 s/iter. Inference: 0.0783 s/iter. Eval: 1.2025 s/iter. Total: 1.2825 s/iter. ETA=0:24:52
[12/10 04:07:32 d2.evaluation.evaluator]: Inference done 2785/3943. Dataloading: 0.0017 s/iter. Inference: 0.0783 s/iter. Eval: 1.2019 s/iter. Total: 1.2820 s/iter. ETA=0:24:44
[12/10 04:07:38 d2.evaluation.evaluator]: Inference done 2790/3943. Dataloading: 0.0017 s/iter. Inference: 0.0783 s/iter. Eval: 1.2019 s/iter. Total: 1.2820 s/iter. ETA=0:24:38
[12/10 04:07:44 d2.evaluation.evaluator]: Inference done 2794/3943. Dataloading: 0.0017 s/iter. Inference: 0.0783 s/iter. Eval: 1.2020 s/iter. Total: 1.2820 s/iter. ETA=0:24:33
[12/10 04:07:49 d2.evaluation.evaluator]: Inference done 2799/3943. Dataloading: 0.0017 s/iter. Inference: 0.0783 s/iter. Eval: 1.2017 s/iter. Total: 1.2818 s/iter. ETA=0:24:26
[12/10 04:07:55 d2.evaluation.evaluator]: Inference done 2803/3943. Dataloading: 0.0017 s/iter. Inference: 0.0783 s/iter. Eval: 1.2019 s/iter. Total: 1.2820 s/iter. ETA=0:24:21
[12/10 04:08:00 d2.evaluation.evaluator]: Inference done 2808/3943. Dataloading: 0.0017 s/iter. Inference: 0.0783 s/iter. Eval: 1.2016 s/iter. Total: 1.2816 s/iter. ETA=0:24:14
[12/10 04:08:07 d2.evaluation.evaluator]: Inference done 2813/3943. Dataloading: 0.0017 s/iter. Inference: 0.0783 s/iter. Eval: 1.2015 s/iter. Total: 1.2816 s/iter. ETA=0:24:08
[12/10 04:08:13 d2.evaluation.evaluator]: Inference done 2819/3943. Dataloading: 0.0017 s/iter. Inference: 0.0783 s/iter. Eval: 1.2009 s/iter. Total: 1.2809 s/iter. ETA=0:23:59
[12/10 04:08:18 d2.evaluation.evaluator]: Inference done 2823/3943. Dataloading: 0.0017 s/iter. Inference: 0.0783 s/iter. Eval: 1.2011 s/iter. Total: 1.2811 s/iter. ETA=0:23:54
[12/10 04:08:23 d2.evaluation.evaluator]: Inference done 2828/3943. Dataloading: 0.0017 s/iter. Inference: 0.0783 s/iter. Eval: 1.2006 s/iter. Total: 1.2807 s/iter. ETA=0:23:47
[12/10 04:08:29 d2.evaluation.evaluator]: Inference done 2834/3943. Dataloading: 0.0017 s/iter. Inference: 0.0783 s/iter. Eval: 1.1998 s/iter. Total: 1.2799 s/iter. ETA=0:23:39
[12/10 04:08:36 d2.evaluation.evaluator]: Inference done 2839/3943. Dataloading: 0.0017 s/iter. Inference: 0.0783 s/iter. Eval: 1.2000 s/iter. Total: 1.2800 s/iter. ETA=0:23:33
[12/10 04:08:41 d2.evaluation.evaluator]: Inference done 2844/3943. Dataloading: 0.0017 s/iter. Inference: 0.0782 s/iter. Eval: 1.1997 s/iter. Total: 1.2798 s/iter. ETA=0:23:26
[12/10 04:08:47 d2.evaluation.evaluator]: Inference done 2850/3943. Dataloading: 0.0017 s/iter. Inference: 0.0782 s/iter. Eval: 1.1988 s/iter. Total: 1.2789 s/iter. ETA=0:23:17
[12/10 04:08:52 d2.evaluation.evaluator]: Inference done 2854/3943. Dataloading: 0.0017 s/iter. Inference: 0.0782 s/iter. Eval: 1.1988 s/iter. Total: 1.2789 s/iter. ETA=0:23:12
[12/10 04:08:57 d2.evaluation.evaluator]: Inference done 2859/3943. Dataloading: 0.0017 s/iter. Inference: 0.0782 s/iter. Eval: 1.1984 s/iter. Total: 1.2784 s/iter. ETA=0:23:05
[12/10 04:09:02 d2.evaluation.evaluator]: Inference done 2866/3943. Dataloading: 0.0017 s/iter. Inference: 0.0782 s/iter. Eval: 1.1971 s/iter. Total: 1.2772 s/iter. ETA=0:22:55
[12/10 04:09:07 d2.evaluation.evaluator]: Inference done 2872/3943. Dataloading: 0.0017 s/iter. Inference: 0.0782 s/iter. Eval: 1.1963 s/iter. Total: 1.2763 s/iter. ETA=0:22:46
[12/10 04:09:13 d2.evaluation.evaluator]: Inference done 2877/3943. Dataloading: 0.0017 s/iter. Inference: 0.0782 s/iter. Eval: 1.1959 s/iter. Total: 1.2760 s/iter. ETA=0:22:40
[12/10 04:09:18 d2.evaluation.evaluator]: Inference done 2883/3943. Dataloading: 0.0017 s/iter. Inference: 0.0782 s/iter. Eval: 1.1952 s/iter. Total: 1.2752 s/iter. ETA=0:22:31
[12/10 04:09:23 d2.evaluation.evaluator]: Inference done 2888/3943. Dataloading: 0.0017 s/iter. Inference: 0.0782 s/iter. Eval: 1.1947 s/iter. Total: 1.2748 s/iter. ETA=0:22:24
[12/10 04:09:29 d2.evaluation.evaluator]: Inference done 2892/3943. Dataloading: 0.0017 s/iter. Inference: 0.0782 s/iter. Eval: 1.1951 s/iter. Total: 1.2752 s/iter. ETA=0:22:20
[12/10 04:09:36 d2.evaluation.evaluator]: Inference done 2898/3943. Dataloading: 0.0017 s/iter. Inference: 0.0782 s/iter. Eval: 1.1949 s/iter. Total: 1.2749 s/iter. ETA=0:22:12
[12/10 04:09:42 d2.evaluation.evaluator]: Inference done 2905/3943. Dataloading: 0.0017 s/iter. Inference: 0.0782 s/iter. Eval: 1.1938 s/iter. Total: 1.2739 s/iter. ETA=0:22:02
[12/10 04:09:48 d2.evaluation.evaluator]: Inference done 2908/3943. Dataloading: 0.0017 s/iter. Inference: 0.0782 s/iter. Eval: 1.1944 s/iter. Total: 1.2745 s/iter. ETA=0:21:59
[12/10 04:09:54 d2.evaluation.evaluator]: Inference done 2913/3943. Dataloading: 0.0017 s/iter. Inference: 0.0782 s/iter. Eval: 1.1945 s/iter. Total: 1.2745 s/iter. ETA=0:21:52
[12/10 04:10:00 d2.evaluation.evaluator]: Inference done 2916/3943. Dataloading: 0.0017 s/iter. Inference: 0.0782 s/iter. Eval: 1.1949 s/iter. Total: 1.2750 s/iter. ETA=0:21:49
[12/10 04:10:07 d2.evaluation.evaluator]: Inference done 2922/3943. Dataloading: 0.0017 s/iter. Inference: 0.0782 s/iter. Eval: 1.1947 s/iter. Total: 1.2747 s/iter. ETA=0:21:41
[12/10 04:10:12 d2.evaluation.evaluator]: Inference done 2926/3943. Dataloading: 0.0017 s/iter. Inference: 0.0782 s/iter. Eval: 1.1948 s/iter. Total: 1.2749 s/iter. ETA=0:21:36
[12/10 04:10:18 d2.evaluation.evaluator]: Inference done 2931/3943. Dataloading: 0.0017 s/iter. Inference: 0.0783 s/iter. Eval: 1.1947 s/iter. Total: 1.2748 s/iter. ETA=0:21:30
[12/10 04:10:23 d2.evaluation.evaluator]: Inference done 2936/3943. Dataloading: 0.0017 s/iter. Inference: 0.0783 s/iter. Eval: 1.1942 s/iter. Total: 1.2743 s/iter. ETA=0:21:23
[12/10 04:10:28 d2.evaluation.evaluator]: Inference done 2941/3943. Dataloading: 0.0017 s/iter. Inference: 0.0783 s/iter. Eval: 1.1938 s/iter. Total: 1.2739 s/iter. ETA=0:21:16
[12/10 04:10:35 d2.evaluation.evaluator]: Inference done 2948/3943. Dataloading: 0.0017 s/iter. Inference: 0.0783 s/iter. Eval: 1.1930 s/iter. Total: 1.2731 s/iter. ETA=0:21:06
[12/10 04:10:41 d2.evaluation.evaluator]: Inference done 2952/3943. Dataloading: 0.0017 s/iter. Inference: 0.0783 s/iter. Eval: 1.1934 s/iter. Total: 1.2735 s/iter. ETA=0:21:02
[12/10 04:10:47 d2.evaluation.evaluator]: Inference done 2958/3943. Dataloading: 0.0017 s/iter. Inference: 0.0783 s/iter. Eval: 1.1926 s/iter. Total: 1.2727 s/iter. ETA=0:20:53
[12/10 04:10:53 d2.evaluation.evaluator]: Inference done 2963/3943. Dataloading: 0.0017 s/iter. Inference: 0.0783 s/iter. Eval: 1.1926 s/iter. Total: 1.2727 s/iter. ETA=0:20:47
[12/10 04:10:58 d2.evaluation.evaluator]: Inference done 2969/3943. Dataloading: 0.0017 s/iter. Inference: 0.0783 s/iter. Eval: 1.1919 s/iter. Total: 1.2721 s/iter. ETA=0:20:38
[12/10 04:11:04 d2.evaluation.evaluator]: Inference done 2973/3943. Dataloading: 0.0017 s/iter. Inference: 0.0783 s/iter. Eval: 1.1919 s/iter. Total: 1.2720 s/iter. ETA=0:20:33
[12/10 04:11:09 d2.evaluation.evaluator]: Inference done 2978/3943. Dataloading: 0.0017 s/iter. Inference: 0.0783 s/iter. Eval: 1.1916 s/iter. Total: 1.2718 s/iter. ETA=0:20:27
[12/10 04:11:14 d2.evaluation.evaluator]: Inference done 2984/3943. Dataloading: 0.0017 s/iter. Inference: 0.0783 s/iter. Eval: 1.1908 s/iter. Total: 1.2710 s/iter. ETA=0:20:18
[12/10 04:11:20 d2.evaluation.evaluator]: Inference done 2988/3943. Dataloading: 0.0017 s/iter. Inference: 0.0783 s/iter. Eval: 1.1911 s/iter. Total: 1.2712 s/iter. ETA=0:20:14
[12/10 04:11:26 d2.evaluation.evaluator]: Inference done 2993/3943. Dataloading: 0.0017 s/iter. Inference: 0.0783 s/iter. Eval: 1.1908 s/iter. Total: 1.2709 s/iter. ETA=0:20:07
[12/10 04:11:33 d2.evaluation.evaluator]: Inference done 2999/3943. Dataloading: 0.0017 s/iter. Inference: 0.0783 s/iter. Eval: 1.1908 s/iter. Total: 1.2710 s/iter. ETA=0:19:59
[12/10 04:11:39 d2.evaluation.evaluator]: Inference done 3003/3943. Dataloading: 0.0017 s/iter. Inference: 0.0783 s/iter. Eval: 1.1912 s/iter. Total: 1.2713 s/iter. ETA=0:19:55
[12/10 04:11:47 d2.evaluation.evaluator]: Inference done 3007/3943. Dataloading: 0.0017 s/iter. Inference: 0.0783 s/iter. Eval: 1.1919 s/iter. Total: 1.2721 s/iter. ETA=0:19:50
[12/10 04:11:53 d2.evaluation.evaluator]: Inference done 3010/3943. Dataloading: 0.0017 s/iter. Inference: 0.0783 s/iter. Eval: 1.1927 s/iter. Total: 1.2729 s/iter. ETA=0:19:47
[12/10 04:12:00 d2.evaluation.evaluator]: Inference done 3015/3943. Dataloading: 0.0017 s/iter. Inference: 0.0783 s/iter. Eval: 1.1928 s/iter. Total: 1.2730 s/iter. ETA=0:19:41
[12/10 04:12:05 d2.evaluation.evaluator]: Inference done 3020/3943. Dataloading: 0.0017 s/iter. Inference: 0.0783 s/iter. Eval: 1.1924 s/iter. Total: 1.2726 s/iter. ETA=0:19:34
[12/10 04:12:11 d2.evaluation.evaluator]: Inference done 3023/3943. Dataloading: 0.0017 s/iter. Inference: 0.0783 s/iter. Eval: 1.1931 s/iter. Total: 1.2733 s/iter. ETA=0:19:31
[12/10 04:12:16 d2.evaluation.evaluator]: Inference done 3026/3943. Dataloading: 0.0017 s/iter. Inference: 0.0783 s/iter. Eval: 1.1937 s/iter. Total: 1.2738 s/iter. ETA=0:19:28
[12/10 04:12:22 d2.evaluation.evaluator]: Inference done 3030/3943. Dataloading: 0.0017 s/iter. Inference: 0.0783 s/iter. Eval: 1.1940 s/iter. Total: 1.2741 s/iter. ETA=0:19:23
[12/10 04:12:28 d2.evaluation.evaluator]: Inference done 3035/3943. Dataloading: 0.0017 s/iter. Inference: 0.0783 s/iter. Eval: 1.1938 s/iter. Total: 1.2740 s/iter. ETA=0:19:16
[12/10 04:12:34 d2.evaluation.evaluator]: Inference done 3040/3943. Dataloading: 0.0017 s/iter. Inference: 0.0783 s/iter. Eval: 1.1935 s/iter. Total: 1.2737 s/iter. ETA=0:19:10
[12/10 04:12:40 d2.evaluation.evaluator]: Inference done 3043/3943. Dataloading: 0.0017 s/iter. Inference: 0.0783 s/iter. Eval: 1.1942 s/iter. Total: 1.2743 s/iter. ETA=0:19:06
[12/10 04:12:46 d2.evaluation.evaluator]: Inference done 3051/3943. Dataloading: 0.0017 s/iter. Inference: 0.0783 s/iter. Eval: 1.1928 s/iter. Total: 1.2730 s/iter. ETA=0:18:55
[12/10 04:12:51 d2.evaluation.evaluator]: Inference done 3055/3943. Dataloading: 0.0017 s/iter. Inference: 0.0783 s/iter. Eval: 1.1929 s/iter. Total: 1.2730 s/iter. ETA=0:18:50
[12/10 04:12:57 d2.evaluation.evaluator]: Inference done 3061/3943. Dataloading: 0.0017 s/iter. Inference: 0.0783 s/iter. Eval: 1.1924 s/iter. Total: 1.2725 s/iter. ETA=0:18:42
[12/10 04:13:03 d2.evaluation.evaluator]: Inference done 3065/3943. Dataloading: 0.0017 s/iter. Inference: 0.0783 s/iter. Eval: 1.1929 s/iter. Total: 1.2730 s/iter. ETA=0:18:37
[12/10 04:13:09 d2.evaluation.evaluator]: Inference done 3069/3943. Dataloading: 0.0017 s/iter. Inference: 0.0783 s/iter. Eval: 1.1931 s/iter. Total: 1.2732 s/iter. ETA=0:18:32
[12/10 04:13:15 d2.evaluation.evaluator]: Inference done 3074/3943. Dataloading: 0.0017 s/iter. Inference: 0.0783 s/iter. Eval: 1.1929 s/iter. Total: 1.2731 s/iter. ETA=0:18:26
[12/10 04:13:21 d2.evaluation.evaluator]: Inference done 3077/3943. Dataloading: 0.0017 s/iter. Inference: 0.0783 s/iter. Eval: 1.1935 s/iter. Total: 1.2736 s/iter. ETA=0:18:22
[12/10 04:13:28 d2.evaluation.evaluator]: Inference done 3081/3943. Dataloading: 0.0017 s/iter. Inference: 0.0783 s/iter. Eval: 1.1941 s/iter. Total: 1.2742 s/iter. ETA=0:18:18
[12/10 04:13:33 d2.evaluation.evaluator]: Inference done 3085/3943. Dataloading: 0.0017 s/iter. Inference: 0.0783 s/iter. Eval: 1.1942 s/iter. Total: 1.2744 s/iter. ETA=0:18:13
[12/10 04:13:39 d2.evaluation.evaluator]: Inference done 3089/3943. Dataloading: 0.0017 s/iter. Inference: 0.0783 s/iter. Eval: 1.1944 s/iter. Total: 1.2745 s/iter. ETA=0:18:08
[12/10 04:13:44 d2.evaluation.evaluator]: Inference done 3091/3943. Dataloading: 0.0017 s/iter. Inference: 0.0783 s/iter. Eval: 1.1952 s/iter. Total: 1.2754 s/iter. ETA=0:18:06
[12/10 04:13:50 d2.evaluation.evaluator]: Inference done 3097/3943. Dataloading: 0.0017 s/iter. Inference: 0.0783 s/iter. Eval: 1.1945 s/iter. Total: 1.2747 s/iter. ETA=0:17:58
[12/10 04:13:55 d2.evaluation.evaluator]: Inference done 3102/3943. Dataloading: 0.0017 s/iter. Inference: 0.0783 s/iter. Eval: 1.1942 s/iter. Total: 1.2744 s/iter. ETA=0:17:51
[12/10 04:14:00 d2.evaluation.evaluator]: Inference done 3106/3943. Dataloading: 0.0017 s/iter. Inference: 0.0783 s/iter. Eval: 1.1942 s/iter. Total: 1.2744 s/iter. ETA=0:17:46
[12/10 04:14:05 d2.evaluation.evaluator]: Inference done 3110/3943. Dataloading: 0.0017 s/iter. Inference: 0.0783 s/iter. Eval: 1.1942 s/iter. Total: 1.2744 s/iter. ETA=0:17:41
[12/10 04:14:10 d2.evaluation.evaluator]: Inference done 3114/3943. Dataloading: 0.0017 s/iter. Inference: 0.0783 s/iter. Eval: 1.1942 s/iter. Total: 1.2744 s/iter. ETA=0:17:36
[12/10 04:14:16 d2.evaluation.evaluator]: Inference done 3117/3943. Dataloading: 0.0017 s/iter. Inference: 0.0783 s/iter. Eval: 1.1948 s/iter. Total: 1.2750 s/iter. ETA=0:17:33
[12/10 04:14:22 d2.evaluation.evaluator]: Inference done 3121/3943. Dataloading: 0.0017 s/iter. Inference: 0.0783 s/iter. Eval: 1.1953 s/iter. Total: 1.2755 s/iter. ETA=0:17:28
[12/10 04:14:28 d2.evaluation.evaluator]: Inference done 3124/3943. Dataloading: 0.0017 s/iter. Inference: 0.0783 s/iter. Eval: 1.1958 s/iter. Total: 1.2760 s/iter. ETA=0:17:25
[12/10 04:14:33 d2.evaluation.evaluator]: Inference done 3128/3943. Dataloading: 0.0017 s/iter. Inference: 0.0783 s/iter. Eval: 1.1959 s/iter. Total: 1.2761 s/iter. ETA=0:17:20
[12/10 04:14:40 d2.evaluation.evaluator]: Inference done 3135/3943. Dataloading: 0.0017 s/iter. Inference: 0.0783 s/iter. Eval: 1.1951 s/iter. Total: 1.2753 s/iter. ETA=0:17:10
[12/10 04:14:48 d2.evaluation.evaluator]: Inference done 3140/3943. Dataloading: 0.0017 s/iter. Inference: 0.0783 s/iter. Eval: 1.1957 s/iter. Total: 1.2759 s/iter. ETA=0:17:04
[12/10 04:14:53 d2.evaluation.evaluator]: Inference done 3144/3943. Dataloading: 0.0017 s/iter. Inference: 0.0783 s/iter. Eval: 1.1957 s/iter. Total: 1.2759 s/iter. ETA=0:16:59
[12/10 04:15:00 d2.evaluation.evaluator]: Inference done 3149/3943. Dataloading: 0.0017 s/iter. Inference: 0.0783 s/iter. Eval: 1.1959 s/iter. Total: 1.2761 s/iter. ETA=0:16:53
[12/10 04:15:06 d2.evaluation.evaluator]: Inference done 3152/3943. Dataloading: 0.0017 s/iter. Inference: 0.0783 s/iter. Eval: 1.1965 s/iter. Total: 1.2767 s/iter. ETA=0:16:49
[12/10 04:15:11 d2.evaluation.evaluator]: Inference done 3157/3943. Dataloading: 0.0017 s/iter. Inference: 0.0783 s/iter. Eval: 1.1962 s/iter. Total: 1.2764 s/iter. ETA=0:16:43
[12/10 04:15:17 d2.evaluation.evaluator]: Inference done 3160/3943. Dataloading: 0.0017 s/iter. Inference: 0.0783 s/iter. Eval: 1.1967 s/iter. Total: 1.2769 s/iter. ETA=0:16:39
[12/10 04:15:22 d2.evaluation.evaluator]: Inference done 3164/3943. Dataloading: 0.0017 s/iter. Inference: 0.0783 s/iter. Eval: 1.1968 s/iter. Total: 1.2770 s/iter. ETA=0:16:34
[12/10 04:15:28 d2.evaluation.evaluator]: Inference done 3167/3943. Dataloading: 0.0018 s/iter. Inference: 0.0783 s/iter. Eval: 1.1975 s/iter. Total: 1.2777 s/iter. ETA=0:16:31
[12/10 04:15:33 d2.evaluation.evaluator]: Inference done 3169/3943. Dataloading: 0.0018 s/iter. Inference: 0.0783 s/iter. Eval: 1.1982 s/iter. Total: 1.2784 s/iter. ETA=0:16:29
[12/10 04:15:40 d2.evaluation.evaluator]: Inference done 3173/3943. Dataloading: 0.0018 s/iter. Inference: 0.0783 s/iter. Eval: 1.1987 s/iter. Total: 1.2789 s/iter. ETA=0:16:24
[12/10 04:15:45 d2.evaluation.evaluator]: Inference done 3177/3943. Dataloading: 0.0018 s/iter. Inference: 0.0783 s/iter. Eval: 1.1989 s/iter. Total: 1.2791 s/iter. ETA=0:16:19
[12/10 04:15:51 d2.evaluation.evaluator]: Inference done 3181/3943. Dataloading: 0.0018 s/iter. Inference: 0.0783 s/iter. Eval: 1.1992 s/iter. Total: 1.2794 s/iter. ETA=0:16:14
[12/10 04:15:58 d2.evaluation.evaluator]: Inference done 3185/3943. Dataloading: 0.0018 s/iter. Inference: 0.0783 s/iter. Eval: 1.1997 s/iter. Total: 1.2798 s/iter. ETA=0:16:10
[12/10 04:16:03 d2.evaluation.evaluator]: Inference done 3190/3943. Dataloading: 0.0018 s/iter. Inference: 0.0783 s/iter. Eval: 1.1993 s/iter. Total: 1.2795 s/iter. ETA=0:16:03
[12/10 04:16:09 d2.evaluation.evaluator]: Inference done 3193/3943. Dataloading: 0.0018 s/iter. Inference: 0.0783 s/iter. Eval: 1.2000 s/iter. Total: 1.2802 s/iter. ETA=0:16:00
[12/10 04:16:16 d2.evaluation.evaluator]: Inference done 3197/3943. Dataloading: 0.0018 s/iter. Inference: 0.0783 s/iter. Eval: 1.2004 s/iter. Total: 1.2806 s/iter. ETA=0:15:55
[12/10 04:16:23 d2.evaluation.evaluator]: Inference done 3202/3943. Dataloading: 0.0018 s/iter. Inference: 0.0783 s/iter. Eval: 1.2007 s/iter. Total: 1.2809 s/iter. ETA=0:15:49
[12/10 04:16:28 d2.evaluation.evaluator]: Inference done 3205/3943. Dataloading: 0.0018 s/iter. Inference: 0.0783 s/iter. Eval: 1.2012 s/iter. Total: 1.2814 s/iter. ETA=0:15:45
[12/10 04:16:35 d2.evaluation.evaluator]: Inference done 3210/3943. Dataloading: 0.0018 s/iter. Inference: 0.0783 s/iter. Eval: 1.2011 s/iter. Total: 1.2813 s/iter. ETA=0:15:39
[12/10 04:16:40 d2.evaluation.evaluator]: Inference done 3213/3943. Dataloading: 0.0018 s/iter. Inference: 0.0783 s/iter. Eval: 1.2015 s/iter. Total: 1.2817 s/iter. ETA=0:15:35
[12/10 04:16:45 d2.evaluation.evaluator]: Inference done 3217/3943. Dataloading: 0.0018 s/iter. Inference: 0.0783 s/iter. Eval: 1.2016 s/iter. Total: 1.2818 s/iter. ETA=0:15:30
[12/10 04:16:51 d2.evaluation.evaluator]: Inference done 3220/3943. Dataloading: 0.0018 s/iter. Inference: 0.0783 s/iter. Eval: 1.2023 s/iter. Total: 1.2825 s/iter. ETA=0:15:27
[12/10 04:16:57 d2.evaluation.evaluator]: Inference done 3224/3943. Dataloading: 0.0018 s/iter. Inference: 0.0783 s/iter. Eval: 1.2024 s/iter. Total: 1.2826 s/iter. ETA=0:15:22
[12/10 04:17:02 d2.evaluation.evaluator]: Inference done 3226/3943. Dataloading: 0.0018 s/iter. Inference: 0.0783 s/iter. Eval: 1.2033 s/iter. Total: 1.2835 s/iter. ETA=0:15:20
[12/10 04:17:08 d2.evaluation.evaluator]: Inference done 3229/3943. Dataloading: 0.0018 s/iter. Inference: 0.0783 s/iter. Eval: 1.2040 s/iter. Total: 1.2842 s/iter. ETA=0:15:16
[12/10 04:17:14 d2.evaluation.evaluator]: Inference done 3232/3943. Dataloading: 0.0018 s/iter. Inference: 0.0783 s/iter. Eval: 1.2046 s/iter. Total: 1.2848 s/iter. ETA=0:15:13
[12/10 04:17:20 d2.evaluation.evaluator]: Inference done 3236/3943. Dataloading: 0.0018 s/iter. Inference: 0.0783 s/iter. Eval: 1.2050 s/iter. Total: 1.2851 s/iter. ETA=0:15:08
[12/10 04:17:26 d2.evaluation.evaluator]: Inference done 3239/3943. Dataloading: 0.0018 s/iter. Inference: 0.0783 s/iter. Eval: 1.2055 s/iter. Total: 1.2856 s/iter. ETA=0:15:05
[12/10 04:17:32 d2.evaluation.evaluator]: Inference done 3243/3943. Dataloading: 0.0018 s/iter. Inference: 0.0783 s/iter. Eval: 1.2056 s/iter. Total: 1.2858 s/iter. ETA=0:15:00
[12/10 04:17:37 d2.evaluation.evaluator]: Inference done 3247/3943. Dataloading: 0.0018 s/iter. Inference: 0.0783 s/iter. Eval: 1.2057 s/iter. Total: 1.2859 s/iter. ETA=0:14:54
[12/10 04:17:42 d2.evaluation.evaluator]: Inference done 3250/3943. Dataloading: 0.0018 s/iter. Inference: 0.0783 s/iter. Eval: 1.2062 s/iter. Total: 1.2864 s/iter. ETA=0:14:51
[12/10 04:17:48 d2.evaluation.evaluator]: Inference done 3253/3943. Dataloading: 0.0018 s/iter. Inference: 0.0783 s/iter. Eval: 1.2067 s/iter. Total: 1.2869 s/iter. ETA=0:14:47
[12/10 04:17:53 d2.evaluation.evaluator]: Inference done 3257/3943. Dataloading: 0.0018 s/iter. Inference: 0.0783 s/iter. Eval: 1.2067 s/iter. Total: 1.2869 s/iter. ETA=0:14:42
[12/10 04:17:58 d2.evaluation.evaluator]: Inference done 3261/3943. Dataloading: 0.0018 s/iter. Inference: 0.0783 s/iter. Eval: 1.2068 s/iter. Total: 1.2869 s/iter. ETA=0:14:37
[12/10 04:18:05 d2.evaluation.evaluator]: Inference done 3265/3943. Dataloading: 0.0018 s/iter. Inference: 0.0783 s/iter. Eval: 1.2071 s/iter. Total: 1.2872 s/iter. ETA=0:14:32
[12/10 04:18:11 d2.evaluation.evaluator]: Inference done 3268/3943. Dataloading: 0.0018 s/iter. Inference: 0.0783 s/iter. Eval: 1.2079 s/iter. Total: 1.2880 s/iter. ETA=0:14:29
[12/10 04:18:16 d2.evaluation.evaluator]: Inference done 3272/3943. Dataloading: 0.0018 s/iter. Inference: 0.0783 s/iter. Eval: 1.2080 s/iter. Total: 1.2881 s/iter. ETA=0:14:24
[12/10 04:18:23 d2.evaluation.evaluator]: Inference done 3277/3943. Dataloading: 0.0018 s/iter. Inference: 0.0783 s/iter. Eval: 1.2079 s/iter. Total: 1.2880 s/iter. ETA=0:14:17
[12/10 04:18:29 d2.evaluation.evaluator]: Inference done 3282/3943. Dataloading: 0.0018 s/iter. Inference: 0.0783 s/iter. Eval: 1.2078 s/iter. Total: 1.2879 s/iter. ETA=0:14:11
[12/10 04:18:35 d2.evaluation.evaluator]: Inference done 3288/3943. Dataloading: 0.0018 s/iter. Inference: 0.0783 s/iter. Eval: 1.2074 s/iter. Total: 1.2875 s/iter. ETA=0:14:03
[12/10 04:18:41 d2.evaluation.evaluator]: Inference done 3293/3943. Dataloading: 0.0018 s/iter. Inference: 0.0783 s/iter. Eval: 1.2072 s/iter. Total: 1.2874 s/iter. ETA=0:13:56
[12/10 04:18:46 d2.evaluation.evaluator]: Inference done 3299/3943. Dataloading: 0.0018 s/iter. Inference: 0.0783 s/iter. Eval: 1.2064 s/iter. Total: 1.2865 s/iter. ETA=0:13:48
[12/10 04:18:51 d2.evaluation.evaluator]: Inference done 3304/3943. Dataloading: 0.0018 s/iter. Inference: 0.0782 s/iter. Eval: 1.2060 s/iter. Total: 1.2861 s/iter. ETA=0:13:41
[12/10 04:18:57 d2.evaluation.evaluator]: Inference done 3309/3943. Dataloading: 0.0018 s/iter. Inference: 0.0782 s/iter. Eval: 1.2058 s/iter. Total: 1.2860 s/iter. ETA=0:13:35
[12/10 04:19:02 d2.evaluation.evaluator]: Inference done 3315/3943. Dataloading: 0.0018 s/iter. Inference: 0.0782 s/iter. Eval: 1.2052 s/iter. Total: 1.2853 s/iter. ETA=0:13:27
[12/10 04:19:09 d2.evaluation.evaluator]: Inference done 3319/3943. Dataloading: 0.0018 s/iter. Inference: 0.0782 s/iter. Eval: 1.2057 s/iter. Total: 1.2858 s/iter. ETA=0:13:22
[12/10 04:19:15 d2.evaluation.evaluator]: Inference done 3322/3943. Dataloading: 0.0018 s/iter. Inference: 0.0782 s/iter. Eval: 1.2063 s/iter. Total: 1.2865 s/iter. ETA=0:13:18
[12/10 04:19:21 d2.evaluation.evaluator]: Inference done 3328/3943. Dataloading: 0.0018 s/iter. Inference: 0.0782 s/iter. Eval: 1.2058 s/iter. Total: 1.2859 s/iter. ETA=0:13:10
[12/10 04:19:27 d2.evaluation.evaluator]: Inference done 3333/3943. Dataloading: 0.0018 s/iter. Inference: 0.0782 s/iter. Eval: 1.2056 s/iter. Total: 1.2857 s/iter. ETA=0:13:04
[12/10 04:19:33 d2.evaluation.evaluator]: Inference done 3338/3943. Dataloading: 0.0018 s/iter. Inference: 0.0782 s/iter. Eval: 1.2056 s/iter. Total: 1.2857 s/iter. ETA=0:12:57
[12/10 04:19:39 d2.evaluation.evaluator]: Inference done 3342/3943. Dataloading: 0.0018 s/iter. Inference: 0.0782 s/iter. Eval: 1.2058 s/iter. Total: 1.2859 s/iter. ETA=0:12:52
[12/10 04:19:45 d2.evaluation.evaluator]: Inference done 3346/3943. Dataloading: 0.0018 s/iter. Inference: 0.0782 s/iter. Eval: 1.2060 s/iter. Total: 1.2861 s/iter. ETA=0:12:47
[12/10 04:19:50 d2.evaluation.evaluator]: Inference done 3349/3943. Dataloading: 0.0018 s/iter. Inference: 0.0782 s/iter. Eval: 1.2064 s/iter. Total: 1.2865 s/iter. ETA=0:12:44
[12/10 04:19:55 d2.evaluation.evaluator]: Inference done 3352/3943. Dataloading: 0.0018 s/iter. Inference: 0.0782 s/iter. Eval: 1.2068 s/iter. Total: 1.2869 s/iter. ETA=0:12:40
[12/10 04:20:01 d2.evaluation.evaluator]: Inference done 3357/3943. Dataloading: 0.0018 s/iter. Inference: 0.0782 s/iter. Eval: 1.2065 s/iter. Total: 1.2866 s/iter. ETA=0:12:33
[12/10 04:20:08 d2.evaluation.evaluator]: Inference done 3361/3943. Dataloading: 0.0018 s/iter. Inference: 0.0782 s/iter. Eval: 1.2071 s/iter. Total: 1.2872 s/iter. ETA=0:12:29
[12/10 04:20:14 d2.evaluation.evaluator]: Inference done 3366/3943. Dataloading: 0.0018 s/iter. Inference: 0.0782 s/iter. Eval: 1.2071 s/iter. Total: 1.2872 s/iter. ETA=0:12:22
[12/10 04:20:20 d2.evaluation.evaluator]: Inference done 3371/3943. Dataloading: 0.0018 s/iter. Inference: 0.0782 s/iter. Eval: 1.2068 s/iter. Total: 1.2869 s/iter. ETA=0:12:16
[12/10 04:20:26 d2.evaluation.evaluator]: Inference done 3377/3943. Dataloading: 0.0018 s/iter. Inference: 0.0782 s/iter. Eval: 1.2063 s/iter. Total: 1.2863 s/iter. ETA=0:12:08
[12/10 04:20:31 d2.evaluation.evaluator]: Inference done 3383/3943. Dataloading: 0.0018 s/iter. Inference: 0.0782 s/iter. Eval: 1.2057 s/iter. Total: 1.2858 s/iter. ETA=0:12:00
[12/10 04:20:38 d2.evaluation.evaluator]: Inference done 3386/3943. Dataloading: 0.0018 s/iter. Inference: 0.0782 s/iter. Eval: 1.2064 s/iter. Total: 1.2865 s/iter. ETA=0:11:56
[12/10 04:20:44 d2.evaluation.evaluator]: Inference done 3390/3943. Dataloading: 0.0018 s/iter. Inference: 0.0782 s/iter. Eval: 1.2068 s/iter. Total: 1.2869 s/iter. ETA=0:11:51
[12/10 04:20:50 d2.evaluation.evaluator]: Inference done 3394/3943. Dataloading: 0.0018 s/iter. Inference: 0.0782 s/iter. Eval: 1.2069 s/iter. Total: 1.2870 s/iter. ETA=0:11:46
[12/10 04:20:55 d2.evaluation.evaluator]: Inference done 3398/3943. Dataloading: 0.0018 s/iter. Inference: 0.0782 s/iter. Eval: 1.2070 s/iter. Total: 1.2870 s/iter. ETA=0:11:41
[12/10 04:21:01 d2.evaluation.evaluator]: Inference done 3403/3943. Dataloading: 0.0018 s/iter. Inference: 0.0782 s/iter. Eval: 1.2069 s/iter. Total: 1.2870 s/iter. ETA=0:11:34
[12/10 04:21:08 d2.evaluation.evaluator]: Inference done 3407/3943. Dataloading: 0.0018 s/iter. Inference: 0.0782 s/iter. Eval: 1.2073 s/iter. Total: 1.2873 s/iter. ETA=0:11:30
[12/10 04:21:13 d2.evaluation.evaluator]: Inference done 3411/3943. Dataloading: 0.0018 s/iter. Inference: 0.0782 s/iter. Eval: 1.2073 s/iter. Total: 1.2874 s/iter. ETA=0:11:24
[12/10 04:21:19 d2.evaluation.evaluator]: Inference done 3416/3943. Dataloading: 0.0018 s/iter. Inference: 0.0782 s/iter. Eval: 1.2071 s/iter. Total: 1.2872 s/iter. ETA=0:11:18
[12/10 04:21:25 d2.evaluation.evaluator]: Inference done 3421/3943. Dataloading: 0.0018 s/iter. Inference: 0.0782 s/iter. Eval: 1.2072 s/iter. Total: 1.2873 s/iter. ETA=0:11:11
[12/10 04:21:33 d2.evaluation.evaluator]: Inference done 3426/3943. Dataloading: 0.0018 s/iter. Inference: 0.0782 s/iter. Eval: 1.2075 s/iter. Total: 1.2876 s/iter. ETA=0:11:05
[12/10 04:21:38 d2.evaluation.evaluator]: Inference done 3430/3943. Dataloading: 0.0018 s/iter. Inference: 0.0782 s/iter. Eval: 1.2075 s/iter. Total: 1.2876 s/iter. ETA=0:11:00
[12/10 04:21:44 d2.evaluation.evaluator]: Inference done 3433/3943. Dataloading: 0.0018 s/iter. Inference: 0.0782 s/iter. Eval: 1.2080 s/iter. Total: 1.2881 s/iter. ETA=0:10:56
[12/10 04:21:50 d2.evaluation.evaluator]: Inference done 3438/3943. Dataloading: 0.0018 s/iter. Inference: 0.0782 s/iter. Eval: 1.2079 s/iter. Total: 1.2879 s/iter. ETA=0:10:50
[12/10 04:21:56 d2.evaluation.evaluator]: Inference done 3442/3943. Dataloading: 0.0018 s/iter. Inference: 0.0782 s/iter. Eval: 1.2083 s/iter. Total: 1.2884 s/iter. ETA=0:10:45
[12/10 04:22:02 d2.evaluation.evaluator]: Inference done 3447/3943. Dataloading: 0.0018 s/iter. Inference: 0.0782 s/iter. Eval: 1.2081 s/iter. Total: 1.2881 s/iter. ETA=0:10:38
[12/10 04:22:08 d2.evaluation.evaluator]: Inference done 3453/3943. Dataloading: 0.0018 s/iter. Inference: 0.0782 s/iter. Eval: 1.2076 s/iter. Total: 1.2877 s/iter. ETA=0:10:30
[12/10 04:22:13 d2.evaluation.evaluator]: Inference done 3457/3943. Dataloading: 0.0018 s/iter. Inference: 0.0782 s/iter. Eval: 1.2077 s/iter. Total: 1.2877 s/iter. ETA=0:10:25
[12/10 04:22:19 d2.evaluation.evaluator]: Inference done 3461/3943. Dataloading: 0.0018 s/iter. Inference: 0.0782 s/iter. Eval: 1.2077 s/iter. Total: 1.2877 s/iter. ETA=0:10:20
[12/10 04:22:24 d2.evaluation.evaluator]: Inference done 3465/3943. Dataloading: 0.0018 s/iter. Inference: 0.0782 s/iter. Eval: 1.2077 s/iter. Total: 1.2878 s/iter. ETA=0:10:15
[12/10 04:22:29 d2.evaluation.evaluator]: Inference done 3471/3943. Dataloading: 0.0018 s/iter. Inference: 0.0782 s/iter. Eval: 1.2071 s/iter. Total: 1.2872 s/iter. ETA=0:10:07
[12/10 04:22:35 d2.evaluation.evaluator]: Inference done 3476/3943. Dataloading: 0.0018 s/iter. Inference: 0.0782 s/iter. Eval: 1.2068 s/iter. Total: 1.2869 s/iter. ETA=0:10:00
[12/10 04:22:41 d2.evaluation.evaluator]: Inference done 3481/3943. Dataloading: 0.0018 s/iter. Inference: 0.0782 s/iter. Eval: 1.2067 s/iter. Total: 1.2868 s/iter. ETA=0:09:54
[12/10 04:22:46 d2.evaluation.evaluator]: Inference done 3486/3943. Dataloading: 0.0018 s/iter. Inference: 0.0782 s/iter. Eval: 1.2064 s/iter. Total: 1.2865 s/iter. ETA=0:09:47
[12/10 04:22:51 d2.evaluation.evaluator]: Inference done 3490/3943. Dataloading: 0.0018 s/iter. Inference: 0.0782 s/iter. Eval: 1.2064 s/iter. Total: 1.2864 s/iter. ETA=0:09:42
[12/10 04:22:57 d2.evaluation.evaluator]: Inference done 3496/3943. Dataloading: 0.0018 s/iter. Inference: 0.0782 s/iter. Eval: 1.2059 s/iter. Total: 1.2860 s/iter. ETA=0:09:34
[12/10 04:23:04 d2.evaluation.evaluator]: Inference done 3501/3943. Dataloading: 0.0018 s/iter. Inference: 0.0782 s/iter. Eval: 1.2059 s/iter. Total: 1.2860 s/iter. ETA=0:09:28
[12/10 04:23:09 d2.evaluation.evaluator]: Inference done 3506/3943. Dataloading: 0.0018 s/iter. Inference: 0.0782 s/iter. Eval: 1.2055 s/iter. Total: 1.2856 s/iter. ETA=0:09:21
[12/10 04:23:14 d2.evaluation.evaluator]: Inference done 3509/3943. Dataloading: 0.0018 s/iter. Inference: 0.0782 s/iter. Eval: 1.2059 s/iter. Total: 1.2860 s/iter. ETA=0:09:18
[12/10 04:23:20 d2.evaluation.evaluator]: Inference done 3513/3943. Dataloading: 0.0018 s/iter. Inference: 0.0782 s/iter. Eval: 1.2061 s/iter. Total: 1.2862 s/iter. ETA=0:09:13
[12/10 04:23:26 d2.evaluation.evaluator]: Inference done 3519/3943. Dataloading: 0.0018 s/iter. Inference: 0.0782 s/iter. Eval: 1.2057 s/iter. Total: 1.2858 s/iter. ETA=0:09:05
[12/10 04:23:32 d2.evaluation.evaluator]: Inference done 3525/3943. Dataloading: 0.0018 s/iter. Inference: 0.0782 s/iter. Eval: 1.2051 s/iter. Total: 1.2852 s/iter. ETA=0:08:57
[12/10 04:23:37 d2.evaluation.evaluator]: Inference done 3531/3943. Dataloading: 0.0018 s/iter. Inference: 0.0782 s/iter. Eval: 1.2044 s/iter. Total: 1.2845 s/iter. ETA=0:08:49
[12/10 04:23:42 d2.evaluation.evaluator]: Inference done 3536/3943. Dataloading: 0.0018 s/iter. Inference: 0.0782 s/iter. Eval: 1.2040 s/iter. Total: 1.2841 s/iter. ETA=0:08:42
[12/10 04:23:48 d2.evaluation.evaluator]: Inference done 3542/3943. Dataloading: 0.0018 s/iter. Inference: 0.0782 s/iter. Eval: 1.2035 s/iter. Total: 1.2835 s/iter. ETA=0:08:34
[12/10 04:23:53 d2.evaluation.evaluator]: Inference done 3547/3943. Dataloading: 0.0018 s/iter. Inference: 0.0782 s/iter. Eval: 1.2032 s/iter. Total: 1.2833 s/iter. ETA=0:08:28
[12/10 04:24:00 d2.evaluation.evaluator]: Inference done 3552/3943. Dataloading: 0.0018 s/iter. Inference: 0.0782 s/iter. Eval: 1.2033 s/iter. Total: 1.2834 s/iter. ETA=0:08:21
[12/10 04:24:06 d2.evaluation.evaluator]: Inference done 3558/3943. Dataloading: 0.0018 s/iter. Inference: 0.0782 s/iter. Eval: 1.2027 s/iter. Total: 1.2828 s/iter. ETA=0:08:13
[12/10 04:24:12 d2.evaluation.evaluator]: Inference done 3563/3943. Dataloading: 0.0018 s/iter. Inference: 0.0782 s/iter. Eval: 1.2026 s/iter. Total: 1.2827 s/iter. ETA=0:08:07
[12/10 04:24:17 d2.evaluation.evaluator]: Inference done 3569/3943. Dataloading: 0.0018 s/iter. Inference: 0.0782 s/iter. Eval: 1.2019 s/iter. Total: 1.2820 s/iter. ETA=0:07:59
[12/10 04:24:23 d2.evaluation.evaluator]: Inference done 3575/3943. Dataloading: 0.0018 s/iter. Inference: 0.0782 s/iter. Eval: 1.2014 s/iter. Total: 1.2814 s/iter. ETA=0:07:51
[12/10 04:24:28 d2.evaluation.evaluator]: Inference done 3578/3943. Dataloading: 0.0018 s/iter. Inference: 0.0782 s/iter. Eval: 1.2018 s/iter. Total: 1.2819 s/iter. ETA=0:07:47
[12/10 04:24:33 d2.evaluation.evaluator]: Inference done 3584/3943. Dataloading: 0.0018 s/iter. Inference: 0.0782 s/iter. Eval: 1.2011 s/iter. Total: 1.2812 s/iter. ETA=0:07:39
[12/10 04:24:38 d2.evaluation.evaluator]: Inference done 3590/3943. Dataloading: 0.0018 s/iter. Inference: 0.0781 s/iter. Eval: 1.2004 s/iter. Total: 1.2804 s/iter. ETA=0:07:31
[12/10 04:24:44 d2.evaluation.evaluator]: Inference done 3595/3943. Dataloading: 0.0018 s/iter. Inference: 0.0781 s/iter. Eval: 1.2002 s/iter. Total: 1.2802 s/iter. ETA=0:07:25
[12/10 04:24:50 d2.evaluation.evaluator]: Inference done 3599/3943. Dataloading: 0.0018 s/iter. Inference: 0.0781 s/iter. Eval: 1.2005 s/iter. Total: 1.2806 s/iter. ETA=0:07:20
[12/10 04:24:56 d2.evaluation.evaluator]: Inference done 3603/3943. Dataloading: 0.0018 s/iter. Inference: 0.0781 s/iter. Eval: 1.2007 s/iter. Total: 1.2807 s/iter. ETA=0:07:15
[12/10 04:25:02 d2.evaluation.evaluator]: Inference done 3608/3943. Dataloading: 0.0018 s/iter. Inference: 0.0781 s/iter. Eval: 1.2004 s/iter. Total: 1.2804 s/iter. ETA=0:07:08
[12/10 04:25:07 d2.evaluation.evaluator]: Inference done 3614/3943. Dataloading: 0.0018 s/iter. Inference: 0.0781 s/iter. Eval: 1.1997 s/iter. Total: 1.2797 s/iter. ETA=0:07:01
[12/10 04:25:12 d2.evaluation.evaluator]: Inference done 3619/3943. Dataloading: 0.0018 s/iter. Inference: 0.0781 s/iter. Eval: 1.1994 s/iter. Total: 1.2794 s/iter. ETA=0:06:54
[12/10 04:25:18 d2.evaluation.evaluator]: Inference done 3624/3943. Dataloading: 0.0018 s/iter. Inference: 0.0781 s/iter. Eval: 1.1992 s/iter. Total: 1.2793 s/iter. ETA=0:06:48
[12/10 04:25:23 d2.evaluation.evaluator]: Inference done 3631/3943. Dataloading: 0.0018 s/iter. Inference: 0.0781 s/iter. Eval: 1.1983 s/iter. Total: 1.2783 s/iter. ETA=0:06:38
[12/10 04:25:28 d2.evaluation.evaluator]: Inference done 3635/3943. Dataloading: 0.0018 s/iter. Inference: 0.0781 s/iter. Eval: 1.1983 s/iter. Total: 1.2783 s/iter. ETA=0:06:33
[12/10 04:25:34 d2.evaluation.evaluator]: Inference done 3640/3943. Dataloading: 0.0018 s/iter. Inference: 0.0781 s/iter. Eval: 1.1980 s/iter. Total: 1.2781 s/iter. ETA=0:06:27
[12/10 04:25:39 d2.evaluation.evaluator]: Inference done 3646/3943. Dataloading: 0.0018 s/iter. Inference: 0.0781 s/iter. Eval: 1.1974 s/iter. Total: 1.2774 s/iter. ETA=0:06:19
[12/10 04:25:45 d2.evaluation.evaluator]: Inference done 3652/3943. Dataloading: 0.0018 s/iter. Inference: 0.0781 s/iter. Eval: 1.1970 s/iter. Total: 1.2770 s/iter. ETA=0:06:11
[12/10 04:25:51 d2.evaluation.evaluator]: Inference done 3657/3943. Dataloading: 0.0018 s/iter. Inference: 0.0781 s/iter. Eval: 1.1968 s/iter. Total: 1.2768 s/iter. ETA=0:06:05
[12/10 04:25:56 d2.evaluation.evaluator]: Inference done 3662/3943. Dataloading: 0.0018 s/iter. Inference: 0.0781 s/iter. Eval: 1.1964 s/iter. Total: 1.2764 s/iter. ETA=0:05:58
[12/10 04:26:02 d2.evaluation.evaluator]: Inference done 3666/3943. Dataloading: 0.0018 s/iter. Inference: 0.0781 s/iter. Eval: 1.1968 s/iter. Total: 1.2768 s/iter. ETA=0:05:53
[12/10 04:26:07 d2.evaluation.evaluator]: Inference done 3669/3943. Dataloading: 0.0018 s/iter. Inference: 0.0781 s/iter. Eval: 1.1971 s/iter. Total: 1.2771 s/iter. ETA=0:05:49
[12/10 04:26:13 d2.evaluation.evaluator]: Inference done 3675/3943. Dataloading: 0.0018 s/iter. Inference: 0.0781 s/iter. Eval: 1.1966 s/iter. Total: 1.2766 s/iter. ETA=0:05:42
[12/10 04:26:19 d2.evaluation.evaluator]: Inference done 3680/3943. Dataloading: 0.0018 s/iter. Inference: 0.0781 s/iter. Eval: 1.1964 s/iter. Total: 1.2764 s/iter. ETA=0:05:35
[12/10 04:26:24 d2.evaluation.evaluator]: Inference done 3684/3943. Dataloading: 0.0018 s/iter. Inference: 0.0781 s/iter. Eval: 1.1965 s/iter. Total: 1.2765 s/iter. ETA=0:05:30
[12/10 04:26:30 d2.evaluation.evaluator]: Inference done 3690/3943. Dataloading: 0.0018 s/iter. Inference: 0.0781 s/iter. Eval: 1.1960 s/iter. Total: 1.2760 s/iter. ETA=0:05:22
[12/10 04:26:36 d2.evaluation.evaluator]: Inference done 3693/3943. Dataloading: 0.0018 s/iter. Inference: 0.0781 s/iter. Eval: 1.1966 s/iter. Total: 1.2766 s/iter. ETA=0:05:19
[12/10 04:26:42 d2.evaluation.evaluator]: Inference done 3700/3943. Dataloading: 0.0018 s/iter. Inference: 0.0781 s/iter. Eval: 1.1958 s/iter. Total: 1.2757 s/iter. ETA=0:05:10
[12/10 04:26:48 d2.evaluation.evaluator]: Inference done 3705/3943. Dataloading: 0.0018 s/iter. Inference: 0.0781 s/iter. Eval: 1.1957 s/iter. Total: 1.2757 s/iter. ETA=0:05:03
[12/10 04:26:54 d2.evaluation.evaluator]: Inference done 3709/3943. Dataloading: 0.0018 s/iter. Inference: 0.0781 s/iter. Eval: 1.1960 s/iter. Total: 1.2760 s/iter. ETA=0:04:58
[12/10 04:27:01 d2.evaluation.evaluator]: Inference done 3714/3943. Dataloading: 0.0018 s/iter. Inference: 0.0781 s/iter. Eval: 1.1960 s/iter. Total: 1.2760 s/iter. ETA=0:04:52
[12/10 04:27:06 d2.evaluation.evaluator]: Inference done 3718/3943. Dataloading: 0.0018 s/iter. Inference: 0.0781 s/iter. Eval: 1.1960 s/iter. Total: 1.2760 s/iter. ETA=0:04:47
[12/10 04:27:12 d2.evaluation.evaluator]: Inference done 3722/3943. Dataloading: 0.0018 s/iter. Inference: 0.0780 s/iter. Eval: 1.1964 s/iter. Total: 1.2763 s/iter. ETA=0:04:42
[12/10 04:27:18 d2.evaluation.evaluator]: Inference done 3728/3943. Dataloading: 0.0018 s/iter. Inference: 0.0780 s/iter. Eval: 1.1960 s/iter. Total: 1.2760 s/iter. ETA=0:04:34
[12/10 04:27:25 d2.evaluation.evaluator]: Inference done 3733/3943. Dataloading: 0.0018 s/iter. Inference: 0.0780 s/iter. Eval: 1.1960 s/iter. Total: 1.2760 s/iter. ETA=0:04:27
[12/10 04:27:30 d2.evaluation.evaluator]: Inference done 3737/3943. Dataloading: 0.0018 s/iter. Inference: 0.0780 s/iter. Eval: 1.1961 s/iter. Total: 1.2760 s/iter. ETA=0:04:22
[12/10 04:27:36 d2.evaluation.evaluator]: Inference done 3744/3943. Dataloading: 0.0018 s/iter. Inference: 0.0780 s/iter. Eval: 1.1953 s/iter. Total: 1.2753 s/iter. ETA=0:04:13
[12/10 04:27:42 d2.evaluation.evaluator]: Inference done 3750/3943. Dataloading: 0.0018 s/iter. Inference: 0.0780 s/iter. Eval: 1.1949 s/iter. Total: 1.2748 s/iter. ETA=0:04:06
[12/10 04:27:48 d2.evaluation.evaluator]: Inference done 3754/3943. Dataloading: 0.0018 s/iter. Inference: 0.0780 s/iter. Eval: 1.1949 s/iter. Total: 1.2749 s/iter. ETA=0:04:00
[12/10 04:27:53 d2.evaluation.evaluator]: Inference done 3760/3943. Dataloading: 0.0018 s/iter. Inference: 0.0780 s/iter. Eval: 1.1943 s/iter. Total: 1.2742 s/iter. ETA=0:03:53
[12/10 04:27:58 d2.evaluation.evaluator]: Inference done 3765/3943. Dataloading: 0.0018 s/iter. Inference: 0.0780 s/iter. Eval: 1.1941 s/iter. Total: 1.2740 s/iter. ETA=0:03:46
[12/10 04:28:04 d2.evaluation.evaluator]: Inference done 3770/3943. Dataloading: 0.0018 s/iter. Inference: 0.0780 s/iter. Eval: 1.1938 s/iter. Total: 1.2737 s/iter. ETA=0:03:40
[12/10 04:28:10 d2.evaluation.evaluator]: Inference done 3774/3943. Dataloading: 0.0018 s/iter. Inference: 0.0780 s/iter. Eval: 1.1942 s/iter. Total: 1.2741 s/iter. ETA=0:03:35
[12/10 04:28:16 d2.evaluation.evaluator]: Inference done 3778/3943. Dataloading: 0.0018 s/iter. Inference: 0.0780 s/iter. Eval: 1.1943 s/iter. Total: 1.2742 s/iter. ETA=0:03:30
[12/10 04:28:22 d2.evaluation.evaluator]: Inference done 3782/3943. Dataloading: 0.0018 s/iter. Inference: 0.0780 s/iter. Eval: 1.1945 s/iter. Total: 1.2744 s/iter. ETA=0:03:25
[12/10 04:28:27 d2.evaluation.evaluator]: Inference done 3785/3943. Dataloading: 0.0018 s/iter. Inference: 0.0780 s/iter. Eval: 1.1950 s/iter. Total: 1.2749 s/iter. ETA=0:03:21
[12/10 04:28:33 d2.evaluation.evaluator]: Inference done 3792/3943. Dataloading: 0.0018 s/iter. Inference: 0.0780 s/iter. Eval: 1.1942 s/iter. Total: 1.2741 s/iter. ETA=0:03:12
[12/10 04:28:38 d2.evaluation.evaluator]: Inference done 3799/3943. Dataloading: 0.0018 s/iter. Inference: 0.0780 s/iter. Eval: 1.1932 s/iter. Total: 1.2731 s/iter. ETA=0:03:03
[12/10 04:28:45 d2.evaluation.evaluator]: Inference done 3803/3943. Dataloading: 0.0018 s/iter. Inference: 0.0780 s/iter. Eval: 1.1937 s/iter. Total: 1.2736 s/iter. ETA=0:02:58
[12/10 04:28:51 d2.evaluation.evaluator]: Inference done 3808/3943. Dataloading: 0.0018 s/iter. Inference: 0.0780 s/iter. Eval: 1.1935 s/iter. Total: 1.2734 s/iter. ETA=0:02:51
[12/10 04:28:56 d2.evaluation.evaluator]: Inference done 3812/3943. Dataloading: 0.0018 s/iter. Inference: 0.0780 s/iter. Eval: 1.1936 s/iter. Total: 1.2735 s/iter. ETA=0:02:46
[12/10 04:29:02 d2.evaluation.evaluator]: Inference done 3817/3943. Dataloading: 0.0018 s/iter. Inference: 0.0780 s/iter. Eval: 1.1934 s/iter. Total: 1.2733 s/iter. ETA=0:02:40
[12/10 04:29:08 d2.evaluation.evaluator]: Inference done 3822/3943. Dataloading: 0.0018 s/iter. Inference: 0.0780 s/iter. Eval: 1.1932 s/iter. Total: 1.2731 s/iter. ETA=0:02:34
[12/10 04:29:13 d2.evaluation.evaluator]: Inference done 3828/3943. Dataloading: 0.0018 s/iter. Inference: 0.0780 s/iter. Eval: 1.1928 s/iter. Total: 1.2727 s/iter. ETA=0:02:26
[12/10 04:29:20 d2.evaluation.evaluator]: Inference done 3833/3943. Dataloading: 0.0018 s/iter. Inference: 0.0780 s/iter. Eval: 1.1929 s/iter. Total: 1.2728 s/iter. ETA=0:02:20
[12/10 04:29:26 d2.evaluation.evaluator]: Inference done 3837/3943. Dataloading: 0.0018 s/iter. Inference: 0.0780 s/iter. Eval: 1.1929 s/iter. Total: 1.2728 s/iter. ETA=0:02:14
[12/10 04:29:31 d2.evaluation.evaluator]: Inference done 3841/3943. Dataloading: 0.0018 s/iter. Inference: 0.0780 s/iter. Eval: 1.1931 s/iter. Total: 1.2730 s/iter. ETA=0:02:09
[12/10 04:29:37 d2.evaluation.evaluator]: Inference done 3846/3943. Dataloading: 0.0018 s/iter. Inference: 0.0780 s/iter. Eval: 1.1929 s/iter. Total: 1.2728 s/iter. ETA=0:02:03
[12/10 04:29:42 d2.evaluation.evaluator]: Inference done 3850/3943. Dataloading: 0.0018 s/iter. Inference: 0.0780 s/iter. Eval: 1.1930 s/iter. Total: 1.2729 s/iter. ETA=0:01:58
[12/10 04:29:48 d2.evaluation.evaluator]: Inference done 3854/3943. Dataloading: 0.0018 s/iter. Inference: 0.0780 s/iter. Eval: 1.1930 s/iter. Total: 1.2729 s/iter. ETA=0:01:53
[12/10 04:29:53 d2.evaluation.evaluator]: Inference done 3859/3943. Dataloading: 0.0018 s/iter. Inference: 0.0780 s/iter. Eval: 1.1928 s/iter. Total: 1.2727 s/iter. ETA=0:01:46
[12/10 04:29:58 d2.evaluation.evaluator]: Inference done 3868/3943. Dataloading: 0.0018 s/iter. Inference: 0.0780 s/iter. Eval: 1.1912 s/iter. Total: 1.2711 s/iter. ETA=0:01:35
[12/10 04:30:04 d2.evaluation.evaluator]: Inference done 3872/3943. Dataloading: 0.0018 s/iter. Inference: 0.0779 s/iter. Eval: 1.1913 s/iter. Total: 1.2712 s/iter. ETA=0:01:30
[12/10 04:30:09 d2.evaluation.evaluator]: Inference done 3877/3943. Dataloading: 0.0018 s/iter. Inference: 0.0779 s/iter. Eval: 1.1910 s/iter. Total: 1.2709 s/iter. ETA=0:01:23
[12/10 04:30:15 d2.evaluation.evaluator]: Inference done 3882/3943. Dataloading: 0.0018 s/iter. Inference: 0.0779 s/iter. Eval: 1.1909 s/iter. Total: 1.2707 s/iter. ETA=0:01:17
[12/10 04:30:20 d2.evaluation.evaluator]: Inference done 3885/3943. Dataloading: 0.0018 s/iter. Inference: 0.0779 s/iter. Eval: 1.1912 s/iter. Total: 1.2711 s/iter. ETA=0:01:13
[12/10 04:30:26 d2.evaluation.evaluator]: Inference done 3891/3943. Dataloading: 0.0018 s/iter. Inference: 0.0779 s/iter. Eval: 1.1909 s/iter. Total: 1.2708 s/iter. ETA=0:01:06
[12/10 04:30:32 d2.evaluation.evaluator]: Inference done 3897/3943. Dataloading: 0.0018 s/iter. Inference: 0.0779 s/iter. Eval: 1.1905 s/iter. Total: 1.2704 s/iter. ETA=0:00:58
[12/10 04:30:38 d2.evaluation.evaluator]: Inference done 3902/3943. Dataloading: 0.0018 s/iter. Inference: 0.0779 s/iter. Eval: 1.1902 s/iter. Total: 1.2701 s/iter. ETA=0:00:52
[12/10 04:30:44 d2.evaluation.evaluator]: Inference done 3906/3943. Dataloading: 0.0018 s/iter. Inference: 0.0779 s/iter. Eval: 1.1905 s/iter. Total: 1.2704 s/iter. ETA=0:00:47
[12/10 04:30:49 d2.evaluation.evaluator]: Inference done 3911/3943. Dataloading: 0.0018 s/iter. Inference: 0.0779 s/iter. Eval: 1.1902 s/iter. Total: 1.2701 s/iter. ETA=0:00:40
[12/10 04:30:55 d2.evaluation.evaluator]: Inference done 3917/3943. Dataloading: 0.0018 s/iter. Inference: 0.0779 s/iter. Eval: 1.1898 s/iter. Total: 1.2696 s/iter. ETA=0:00:33
[12/10 04:31:00 d2.evaluation.evaluator]: Inference done 3921/3943. Dataloading: 0.0018 s/iter. Inference: 0.0779 s/iter. Eval: 1.1898 s/iter. Total: 1.2697 s/iter. ETA=0:00:27
[12/10 04:31:06 d2.evaluation.evaluator]: Inference done 3926/3943. Dataloading: 0.0018 s/iter. Inference: 0.0779 s/iter. Eval: 1.1897 s/iter. Total: 1.2695 s/iter. ETA=0:00:21
[12/10 04:31:12 d2.evaluation.evaluator]: Inference done 3932/3943. Dataloading: 0.0018 s/iter. Inference: 0.0779 s/iter. Eval: 1.1892 s/iter. Total: 1.2690 s/iter. ETA=0:00:13
[12/10 04:31:18 d2.evaluation.evaluator]: Inference done 3936/3943. Dataloading: 0.0018 s/iter. Inference: 0.0779 s/iter. Eval: 1.1895 s/iter. Total: 1.2693 s/iter. ETA=0:00:08
[12/10 04:31:23 d2.evaluation.evaluator]: Inference done 3941/3943. Dataloading: 0.0018 s/iter. Inference: 0.0779 s/iter. Eval: 1.1892 s/iter. Total: 1.2691 s/iter. ETA=0:00:02
[12/10 04:31:27 d2.evaluation.evaluator]: Total inference time: 1:23:18.457694 (1.269288 s / iter per device, on 1 devices)
[12/10 04:31:27 d2.evaluation.evaluator]: Total inference pure compute time: 0:05:06 (0.077890 s / iter per device, on 1 devices)
[12/10 04:31:30 d2.evaluation.sem_seg_evaluation]: OrderedDict([('sem_seg', {'mIoU': 40.8835338985255, 'fwIoU': 75.08364790989616, 'IoU-road': 80.47849876184316, 'IoU-sidewalk': 51.07969927873485, 'IoU-building': 81.55822734745871, 'IoU-wall': 37.77637855875299, 'IoU-bridge': 35.26860903531531, 'IoU-tunnel': 49.34730775177679, 'IoU-traffic sign': 1.663780581111021, 'IoU-traffic light': 31.97622652479054, 'IoU-pole': 27.795972177480788, 'IoU-fence': 23.357508697150653, 'IoU-sky': 91.70449102047381, 'IoU-vegetation': 73.5356196879895, 'IoU-terrain': 40.25122870010628, 'IoU-water': 23.82984643100115, 'IoU-snow': 61.20794700540384, 'IoU-sand': 22.890990437180683, 'IoU-person': 64.40811135486857, 'IoU-rider': 6.244434013556196, 'IoU-car': 82.35282105932674, 'IoU-truck': 45.84653413543969, 'IoU-bus': 55.9842229523992, 'IoU-train': 4.892123531388341, 'IoU-bicycle': 29.960964860645273, 'IoU-motorcycle': 48.28156593021838, 'IoU-animal': 41.48823684026657, 'IoU-signboard': 14.104126706783578, 'IoU-railway': 8.443353362850232, 'IoU-boat': 10.253069702420788, 'IoU-chair': 35.505696510598014, 'IoU-trash can': 45.01842399843344, 'mACC': 55.68324393199997, 'pACC': 84.86045508778967, 'ACC-road': 94.88761937305495, 'ACC-sidewalk': 60.30165290644124, 'ACC-building': 93.66055495698593, 'ACC-wall': 55.19801561517854, 'ACC-bridge': 75.91956975352113, 'ACC-tunnel': 55.05511271513739, 'ACC-traffic sign': 1.8719565299393777, 'ACC-traffic light': 37.57887315643484, 'ACC-pole': 30.411326351698353, 'ACC-fence': 30.853771985804052, 'ACC-sky': 99.67478745999708, 'ACC-vegetation': 77.2541670914857, 'ACC-terrain': 51.96065324237145, 'ACC-water': 24.190444082990048, 'ACC-snow': 70.60919797223431, 'ACC-sand': 56.935002626224986, 'ACC-person': 78.36540902628407, 'ACC-rider': 6.901968132355031, 'ACC-car': 90.1676555927394, 'ACC-truck': 83.1201888063905, 'ACC-bus': 87.37792855376581, 'ACC-train': 4.938557395712022, 'ACC-bicycle': 74.6778755255825, 'ACC-motorcycle': 66.08161177711538, 'ACC-animal': 48.59642408686699, 'ACC-signboard': 32.472352501491926, 'ACC-railway': 8.742968886649948, 'ACC-boat': 58.32046445256759, 'ACC-chair': 52.20645827078339, 'ACC-trash can': 62.164749132195354})])
[12/10 04:31:30 d2.engine.defaults]: Evaluation results for mapillary_train_val_seg_30 in csv format:
[12/10 04:31:30 d2.evaluation.testing]: copypaste: Task: sem_seg
[12/10 04:31:30 d2.evaluation.testing]: copypaste: mIoU,fwIoU,mACC,pACC
[12/10 04:31:30 d2.evaluation.testing]: copypaste: 40.8835,75.0836,55.6832,84.8605
/data/zd/TTA_VLM/S2_Corr/train_net.py:16: FutureWarning: In the future `np.bool` will be defined as the corresponding NumPy scalar.
  if not hasattr(np, _name):
/data/zd/TTA_VLM/S2_Corr/train_net.py:16: FutureWarning: In the future `np.object` will be defined as the corresponding NumPy scalar.
  if not hasattr(np, _name):
/data/zd/TTA_VLM/S2_Corr/train_net.py:18: FutureWarning: In the future `np.long` will be defined as the corresponding NumPy scalar.
  if not hasattr(np, "long"):
/data2/anaconda3/envs/DeCLIP_CATSeg/lib/python3.10/site-packages/torchvision/datapoints/__init__.py:12: UserWarning: The torchvision.datapoints and torchvision.transforms.v2 namespaces are still Beta. While we do not expect major breaking changes, some APIs may still change according to user feedback. Please submit any feedback you may have in this issue: https://github.com/pytorch/vision/issues/6753, and you can also check out https://github.com/pytorch/vision/issues/7319 to learn more about the APIs that we suspect might involve future changes. You can silence this warning by calling torchvision.disable_beta_transforms_warning().
  warnings.warn(_BETA_TRANSFORMS_WARNING)
/data2/anaconda3/envs/DeCLIP_CATSeg/lib/python3.10/site-packages/torchvision/transforms/v2/__init__.py:54: UserWarning: The torchvision.datapoints and torchvision.transforms.v2 namespaces are still Beta. While we do not expect major breaking changes, some APIs may still change according to user feedback. Please submit any feedback you may have in this issue: https://github.com/pytorch/vision/issues/6753, and you can also check out https://github.com/pytorch/vision/issues/7319 to learn more about the APIs that we suspect might involve future changes. You can silence this warning by calling torchvision.disable_beta_transforms_warning().
  warnings.warn(_BETA_TRANSFORMS_WARNING)
Please 'pip install apex'
Command Line Args: Namespace(config_file='configs/gta5_seen7_catseg.yaml', resume=False, eval_only=True, num_gpus=1, num_machines=1, machine_rank=0, dist_url='auto', opts=['OUTPUT_DIR', 'outputs/gta_seen7_eva_b16_r512/eval', 'MODEL.SEM_SEG_HEAD.TEST_CLASS_JSON', 'datasets/roadwork_10.json', 'MODEL.SEM_SEG_HEAD.ENABLE_HIGH_RES', 'False', 'DATASETS.TEST', '("roadwork10_semseg_val",)', 'TEST.SLIDING_WINDOW', 'True', 'MODEL.SEM_SEG_HEAD.POOLING_SIZES', '[1,1]', 'MODEL.WEIGHTS', 'outputs/gta_seen7_eva_b16_r512/model_0019999.pth'])
[12/10 04:31:35 detectron2]: Rank of current process: 0. World size: 1
[12/10 04:31:36 detectron2]: Environment info:
----------------------  ------------------------------------------------------------------------------------------
sys.platform            linux
Python                  3.10.0 (default, Mar  3 2022, 09:58:08) [GCC 7.5.0]
numpy                   1.26.4
detectron2              0.6 @/data2/anaconda3/envs/DeCLIP_CATSeg/lib/python3.10/site-packages/detectron2
Compiler                GCC 7.5
CUDA compiler           CUDA 11.6
detectron2 arch flags   8.0
DETECTRON2_ENV_MODULE   <not set>
PyTorch                 2.0.0+cu117 @/data2/anaconda3/envs/DeCLIP_CATSeg/lib/python3.10/site-packages/torch
PyTorch debug build     False
GPU available           Yes
GPU 0                   GeForce RTX 3090 (arch=8.6)
Driver version          460.84
CUDA_HOME               /usr/local/cuda-11.6
TORCH_CUDA_ARCH_LIST    8.0
Pillow                  9.1.0
torchvision             0.15.1+cu117 @/data2/anaconda3/envs/DeCLIP_CATSeg/lib/python3.10/site-packages/torchvision
torchvision arch flags  3.5, 5.0, 6.0, 7.0, 7.5, 8.0, 8.6
fvcore                  0.1.5.post20221221
iopath                  0.1.9
cv2                     4.11.0
----------------------  ------------------------------------------------------------------------------------------
PyTorch built with:
  - GCC 9.3
  - C++ Version: 201703
  - Intel(R) oneAPI Math Kernel Library Version 2022.2-Product Build 20220804 for Intel(R) 64 architecture applications
  - Intel(R) MKL-DNN v2.7.3 (Git Hash 6dbeffbae1f23cbbeae17adb7b5b13f1f37c080e)
  - OpenMP 201511 (a.k.a. OpenMP 4.5)
  - LAPACK is enabled (usually provided by MKL)
  - NNPACK is enabled
  - CPU capability usage: AVX2
  - CUDA Runtime 11.7
  - NVCC architecture flags: -gencode;arch=compute_37,code=sm_37;-gencode;arch=compute_50,code=sm_50;-gencode;arch=compute_60,code=sm_60;-gencode;arch=compute_70,code=sm_70;-gencode;arch=compute_75,code=sm_75;-gencode;arch=compute_80,code=sm_80;-gencode;arch=compute_86,code=sm_86
  - CuDNN 8.5
  - Magma 2.6.1
  - Build settings: BLAS_INFO=mkl, BUILD_TYPE=Release, CUDA_VERSION=11.7, CUDNN_VERSION=8.5.0, CXX_COMPILER=/opt/rh/devtoolset-9/root/usr/bin/c++, CXX_FLAGS= -D_GLIBCXX_USE_CXX11_ABI=0 -fabi-version=11 -Wno-deprecated -fvisibility-inlines-hidden -DUSE_PTHREADPOOL -DNDEBUG -DUSE_KINETO -DLIBKINETO_NOROCTRACER -DUSE_FBGEMM -DUSE_QNNPACK -DUSE_PYTORCH_QNNPACK -DUSE_XNNPACK -DSYMBOLICATE_MOBILE_DEBUG_HANDLE -O2 -fPIC -Wall -Wextra -Werror=return-type -Werror=non-virtual-dtor -Werror=bool-operation -Wnarrowing -Wno-missing-field-initializers -Wno-type-limits -Wno-array-bounds -Wno-unknown-pragmas -Wunused-local-typedefs -Wno-unused-parameter -Wno-unused-function -Wno-unused-result -Wno-strict-overflow -Wno-strict-aliasing -Wno-error=deprecated-declarations -Wno-stringop-overflow -Wno-psabi -Wno-error=pedantic -Wno-error=redundant-decls -Wno-error=old-style-cast -fdiagnostics-color=always -faligned-new -Wno-unused-but-set-variable -Wno-maybe-uninitialized -fno-math-errno -fno-trapping-math -Werror=format -Werror=cast-function-type -Wno-stringop-overflow, LAPACK_INFO=mkl, PERF_WITH_AVX=1, PERF_WITH_AVX2=1, PERF_WITH_AVX512=1, TORCH_DISABLE_GPU_ASSERTS=ON, TORCH_VERSION=2.0.0, USE_CUDA=ON, USE_CUDNN=ON, USE_EXCEPTION_PTR=1, USE_GFLAGS=OFF, USE_GLOG=OFF, USE_MKL=ON, USE_MKLDNN=ON, USE_MPI=OFF, USE_NCCL=1, USE_NNPACK=ON, USE_OPENMP=ON, USE_ROCM=OFF, 

[12/10 04:31:36 detectron2]: Command line arguments: Namespace(config_file='configs/gta5_seen7_catseg.yaml', resume=False, eval_only=True, num_gpus=1, num_machines=1, machine_rank=0, dist_url='auto', opts=['OUTPUT_DIR', 'outputs/gta_seen7_eva_b16_r512/eval', 'MODEL.SEM_SEG_HEAD.TEST_CLASS_JSON', 'datasets/roadwork_10.json', 'MODEL.SEM_SEG_HEAD.ENABLE_HIGH_RES', 'False', 'DATASETS.TEST', '("roadwork10_semseg_val",)', 'TEST.SLIDING_WINDOW', 'True', 'MODEL.SEM_SEG_HEAD.POOLING_SIZES', '[1,1]', 'MODEL.WEIGHTS', 'outputs/gta_seen7_eva_b16_r512/model_0019999.pth'])
[12/10 04:31:36 detectron2]: Contents of args.config_file=configs/gta5_seen7_catseg.yaml:
_BASE_: config.yaml
DATASETS:
  TRAIN: ("gta5_seen7_train_seg",)
  TEST:  ("acdc_inpaint41_test",)
MODEL:
  META_ARCHITECTURE: "CATSeg"
  PIXEL_MEAN: [123.675, 116.280, 103.530]
  PIXEL_STD: [58.395, 57.120, 57.375]
  SEM_SEG_HEAD:
    NAME: "CATSegHead"
    IN_FEATURES: [ "res2", "res3", "res4" ]
    IGNORE_VALUE: 255
    NUM_CLASSES: 19
    TRAIN_CLASS_JSON: "datasets/cityscapes_seen_7.json"
    TEST_CLASS_JSON:  "datasets/inpaint41_vocab.json"
    CLIP_PRETRAINED: "EVA02-CLIP-B-16"
    PROMPT_DEPTH: 0
    PROMPT_LENGTH: 0
    TEXT_GUIDANCE_DIM: 512
    TEXT_GUIDANCE_PROJ_DIM: 128
    APPEARANCE_GUIDANCE_DIM: 512
    APPEARANCE_GUIDANCE_PROJ_DIM: 128
    DECODER_DIMS: [ 64, 32 ]
    DECODER_GUIDANCE_DIMS: [ 256, 128 ]
    DECODER_GUIDANCE_PROJ_DIMS: [ 32, 16 ]
    NUM_LAYERS: 1
    NUM_HEADS: 4
    HIDDEN_DIMS: 128
    POOLING_SIZES: [ 1, 1 ]
    FEATURE_RESOLUTION: [ 32, 32 ]
    WINDOW_SIZES: 16
    ATTENTION_TYPE: "linear"
    CLIP_FINETUNE: "vision_text"
    CACHE_DIR: "/data/zd/TTA_VLM/DeCLIP-ZSSS/Pretrain/EVA02_CLIP_B_psz16_s8B.pt"
    ENABLE_HIGH_RES: "False"
  PROMPT_ENSEMBLE_TYPE: "multi_domain"
INPUT:
  MIN_SIZE_TRAIN: (512, 768)
  MIN_SIZE_TRAIN_SAMPLING: "choice"
  MAX_SIZE_TRAIN: 1024
  MIN_SIZE_TEST: 512
  MAX_SIZE_TEST: 1024
  CROP:
    ENABLED: True
    TYPE: "absolute"
    SIZE: (512, 512)
  SIZE_DIVISIBILITY: 32
  FORMAT: "RGB"
  DATASET_MAPPER_NAME: "mask_former_semantic"
SOLVER:
  IMS_PER_BATCH: 4
  LR_SCHEDULER_NAME: "WarmupCosineLR"
  BASE_LR: 0.0002
  MAX_ITER: 20000
  BACKBONE_MULTIPLIER: 0.0
  CLIP_MULTIPLIER: 0.01
TEST:
  EVAL_PERIOD: 5000
  SLIDING_WINDOW: True
  SW_KERNEL: 512
  SW_OVERLAP: 0.333
  SW_OUT_RES: [512, 1024]
[12/10 04:31:36 detectron2]: Running with full config:
CUDNN_BENCHMARK: true
DATALOADER:
  ASPECT_RATIO_GROUPING: true
  FILTER_EMPTY_ANNOTATIONS: true
  NUM_WORKERS: 8
  REPEAT_THRESHOLD: 0.0
  SAMPLER_TRAIN: TrainingSampler
DATASETS:
  PRECOMPUTED_PROPOSAL_TOPK_TEST: 1000
  PRECOMPUTED_PROPOSAL_TOPK_TRAIN: 2000
  PROPOSAL_FILES_TEST: []
  PROPOSAL_FILES_TRAIN: []
  TEST:
  - roadwork10_semseg_val
  TRAIN:
  - gta5_seen7_train_seg
  VAL_ALL:
  - coco_2017_val_all_stuff_sem_seg
DDP:
  BROADCAST_BUFFERS: false
  FIND_UNUSED_PARAMETERS: true
GLOBAL:
  HACK: 1.0
INPUT:
  COLOR_AUG_SSD: true
  CROP:
    ENABLED: true
    SINGLE_CATEGORY_MAX_AREA: 1.0
    SIZE:
    - 512
    - 512
    TYPE: absolute
  DATASET_MAPPER_NAME: mask_former_semantic
  FORMAT: RGB
  MASK_FORMAT: polygon
  MAX_SIZE_TEST: 1024
  MAX_SIZE_TRAIN: 1024
  MIN_SIZE_TEST: 512
  MIN_SIZE_TRAIN:
  - 512
  - 768
  MIN_SIZE_TRAIN_SAMPLING: choice
  RANDOM_FLIP: horizontal
  SIZE_DIVISIBILITY: 32
MODEL:
  ANCHOR_GENERATOR:
    ANGLES:
    - - -90
      - 0
      - 90
    ASPECT_RATIOS:
    - - 0.5
      - 1.0
      - 2.0
    NAME: DefaultAnchorGenerator
    OFFSET: 0.0
    SIZES:
    - - 32
      - 64
      - 128
      - 256
      - 512
  BACKBONE:
    FREEZE_AT: 2
    NAME: build_resnet_backbone
  CLIP_PIXEL_MEAN:
  - 122.7709383
  - 116.7460125
  - 104.09373615
  CLIP_PIXEL_STD:
  - 68.5005327
  - 66.6321579
  - 70.323163
  DEVICE: cuda
  FPN:
    FUSE_TYPE: sum
    IN_FEATURES: []
    NORM: ''
    OUT_CHANNELS: 256
  KEYPOINT_ON: false
  LOAD_PROPOSALS: false
  MASK_FORMER:
    SIZE_DIVISIBILITY: 32
  MASK_ON: false
  META_ARCHITECTURE: CATSeg
  PANOPTIC_FPN:
    COMBINE:
      ENABLED: true
      INSTANCES_CONFIDENCE_THRESH: 0.5
      OVERLAP_THRESH: 0.5
      STUFF_AREA_LIMIT: 4096
    INSTANCE_LOSS_WEIGHT: 1.0
  PIXEL_MEAN:
  - 123.675
  - 116.28
  - 103.53
  PIXEL_STD:
  - 58.395
  - 57.12
  - 57.375
  PROMPT_ENSEMBLE: false
  PROMPT_ENSEMBLE_TYPE: multi_domain
  PROPOSAL_GENERATOR:
    MIN_SIZE: 0
    NAME: RPN
  RESNETS:
    DEFORM_MODULATED: false
    DEFORM_NUM_GROUPS: 1
    DEFORM_ON_PER_STAGE:
    - false
    - false
    - false
    - false
    DEPTH: 50
    NORM: FrozenBN
    NUM_GROUPS: 1
    OUT_FEATURES:
    - res4
    RES2_OUT_CHANNELS: 256
    RES4_DILATION: 1
    RES5_DILATION: 1
    RES5_MULTI_GRID:
    - 1
    - 2
    - 4
    STEM_OUT_CHANNELS: 64
    STEM_TYPE: deeplab
    STRIDE_IN_1X1: true
    WIDTH_PER_GROUP: 64
  RETINANET:
    BBOX_REG_LOSS_TYPE: smooth_l1
    BBOX_REG_WEIGHTS: &id002
    - 1.0
    - 1.0
    - 1.0
    - 1.0
    FOCAL_LOSS_ALPHA: 0.25
    FOCAL_LOSS_GAMMA: 2.0
    IN_FEATURES:
    - p3
    - p4
    - p5
    - p6
    - p7
    IOU_LABELS:
    - 0
    - -1
    - 1
    IOU_THRESHOLDS:
    - 0.4
    - 0.5
    NMS_THRESH_TEST: 0.5
    NORM: ''
    NUM_CLASSES: 80
    NUM_CONVS: 4
    PRIOR_PROB: 0.01
    SCORE_THRESH_TEST: 0.05
    SMOOTH_L1_LOSS_BETA: 0.1
    TOPK_CANDIDATES_TEST: 1000
  ROI_BOX_CASCADE_HEAD:
    BBOX_REG_WEIGHTS:
    - &id001
      - 10.0
      - 10.0
      - 5.0
      - 5.0
    - - 20.0
      - 20.0
      - 10.0
      - 10.0
    - - 30.0
      - 30.0
      - 15.0
      - 15.0
    IOUS:
    - 0.5
    - 0.6
    - 0.7
  ROI_BOX_HEAD:
    BBOX_REG_LOSS_TYPE: smooth_l1
    BBOX_REG_LOSS_WEIGHT: 1.0
    BBOX_REG_WEIGHTS: *id001
    CLS_AGNOSTIC_BBOX_REG: false
    CONV_DIM: 256
    FC_DIM: 1024
    NAME: ''
    NORM: ''
    NUM_CONV: 0
    NUM_FC: 0
    POOLER_RESOLUTION: 14
    POOLER_SAMPLING_RATIO: 0
    POOLER_TYPE: ROIAlignV2
    SMOOTH_L1_BETA: 0.0
    TRAIN_ON_PRED_BOXES: false
  ROI_HEADS:
    BATCH_SIZE_PER_IMAGE: 512
    IN_FEATURES:
    - res4
    IOU_LABELS:
    - 0
    - 1
    IOU_THRESHOLDS:
    - 0.5
    NAME: Res5ROIHeads
    NMS_THRESH_TEST: 0.5
    NUM_CLASSES: 80
    POSITIVE_FRACTION: 0.25
    PROPOSAL_APPEND_GT: true
    SCORE_THRESH_TEST: 0.05
  ROI_KEYPOINT_HEAD:
    CONV_DIMS:
    - 512
    - 512
    - 512
    - 512
    - 512
    - 512
    - 512
    - 512
    LOSS_WEIGHT: 1.0
    MIN_KEYPOINTS_PER_IMAGE: 1
    NAME: KRCNNConvDeconvUpsampleHead
    NORMALIZE_LOSS_BY_VISIBLE_KEYPOINTS: true
    NUM_KEYPOINTS: 17
    POOLER_RESOLUTION: 14
    POOLER_SAMPLING_RATIO: 0
    POOLER_TYPE: ROIAlignV2
  ROI_MASK_HEAD:
    CLS_AGNOSTIC_MASK: false
    CONV_DIM: 256
    NAME: MaskRCNNConvUpsampleHead
    NORM: ''
    NUM_CONV: 0
    POOLER_RESOLUTION: 14
    POOLER_SAMPLING_RATIO: 0
    POOLER_TYPE: ROIAlignV2
  RPN:
    BATCH_SIZE_PER_IMAGE: 256
    BBOX_REG_LOSS_TYPE: smooth_l1
    BBOX_REG_LOSS_WEIGHT: 1.0
    BBOX_REG_WEIGHTS: *id002
    BOUNDARY_THRESH: -1
    CONV_DIMS:
    - -1
    HEAD_NAME: StandardRPNHead
    IN_FEATURES:
    - res4
    IOU_LABELS:
    - 0
    - -1
    - 1
    IOU_THRESHOLDS:
    - 0.3
    - 0.7
    LOSS_WEIGHT: 1.0
    NMS_THRESH: 0.7
    POSITIVE_FRACTION: 0.5
    POST_NMS_TOPK_TEST: 1000
    POST_NMS_TOPK_TRAIN: 2000
    PRE_NMS_TOPK_TEST: 6000
    PRE_NMS_TOPK_TRAIN: 12000
    SMOOTH_L1_BETA: 0.0
  SEM_SEG_HEAD:
    APPEARANCE_GUIDANCE_DIM: 512
    APPEARANCE_GUIDANCE_PROJ_DIM: 128
    ASPP_CHANNELS: 256
    ASPP_DILATIONS:
    - 6
    - 12
    - 18
    ASPP_DROPOUT: 0.1
    ATTENTION_TYPE: linear
    CACHE_DIR: /data/zd/TTA_VLM/DeCLIP-ZSSS/Pretrain/EVA02_CLIP_B_psz16_s8B.pt
    CLIP_FINETUNE: vision_text
    CLIP_PRETRAINED: EVA02-CLIP-B-16
    COMMON_STRIDE: 4
    CONVS_DIM: 128
    DECODER_DIMS:
    - 64
    - 32
    DECODER_GUIDANCE_DIMS:
    - 256
    - 128
    DECODER_GUIDANCE_PROJ_DIMS:
    - 32
    - 16
    ENABLE_HIGH_RES: false
    FEATURE_RESOLUTION:
    - 32
    - 32
    HIDDEN_DIMS: 128
    IGNORE_VALUE: 255
    IN_FEATURES:
    - res2
    - res3
    - res4
    LOSS_TYPE: hard_pixel_mining
    LOSS_WEIGHT: 1.0
    NAME: CATSegHead
    NORM: GN
    NUM_CLASSES: 19
    NUM_HEADS: 4
    NUM_LAYERS: 1
    POOLING_SIZES:
    - 1
    - 1
    PROJECT_CHANNELS:
    - 48
    PROJECT_FEATURES:
    - res2
    PROMPT_DEPTH: 0
    PROMPT_LENGTH: 0
    TEST_CLASS_INDEXES: datasets/coco/coco_stuff/split/unseen_indexes.json
    TEST_CLASS_JSON: datasets/roadwork_10.json
    TEXT_GUIDANCE_DIM: 512
    TEXT_GUIDANCE_PROJ_DIM: 128
    TRAIN_CLASS_INDEXES: datasets/coco/coco_stuff/split/seen_indexes.json
    TRAIN_CLASS_JSON: datasets/cityscapes_seen_7.json
    USE_DEPTHWISE_SEPARABLE_CONV: false
    WINDOW_SIZES: 16
  SWIN:
    APE: false
    ATTN_DROP_RATE: 0.0
    DEPTHS:
    - 2
    - 2
    - 6
    - 2
    DROP_PATH_RATE: 0.3
    DROP_RATE: 0.0
    EMBED_DIM: 96
    MLP_RATIO: 4.0
    NUM_HEADS:
    - 3
    - 6
    - 12
    - 24
    OUT_FEATURES:
    - res2
    - res3
    - res4
    - res5
    PATCH_NORM: true
    PATCH_SIZE: 4
    PRETRAIN_IMG_SIZE: 224
    QKV_BIAS: true
    QK_SCALE: null
    WINDOW_SIZE: 7
  WEIGHTS: outputs/gta_seen7_eva_b16_r512/model_0019999.pth
OUTPUT_DIR: outputs/gta_seen7_eva_b16_r512/eval
SEED: -1
SOLVER:
  AMP:
    ENABLED: false
  BACKBONE_MULTIPLIER: 0.0
  BASE_LR: 0.0002
  BIAS_LR_FACTOR: 1.0
  CHECKPOINT_PERIOD: 5000
  CLIP_GRADIENTS:
    CLIP_TYPE: full_model
    CLIP_VALUE: 0.01
    ENABLED: true
    NORM_TYPE: 2.0
  CLIP_MULTIPLIER: 0.01
  GAMMA: 0.1
  IMS_PER_BATCH: 4
  LR_SCHEDULER_NAME: WarmupCosineLR
  MAX_ITER: 20000
  MOMENTUM: 0.9
  NESTEROV: false
  OPTIMIZER: ADAMW
  POLY_LR_CONSTANT_ENDING: 0.0
  POLY_LR_POWER: 0.9
  REFERENCE_WORLD_SIZE: 0
  STEPS:
  - 30000
  WARMUP_FACTOR: 1.0
  WARMUP_ITERS: 0
  WARMUP_METHOD: linear
  WEIGHT_DECAY: 0.0001
  WEIGHT_DECAY_BIAS: null
  WEIGHT_DECAY_EMBED: 0.0
  WEIGHT_DECAY_NORM: 0.0
TEST:
  AUG:
    ENABLED: false
    FLIP: true
    MAX_SIZE: 4000
    MIN_SIZES:
    - 400
    - 500
    - 600
    - 700
    - 800
    - 900
    - 1000
    - 1100
    - 1200
  DETECTIONS_PER_IMAGE: 100
  EVAL_PERIOD: 5000
  EXPECTED_RESULTS: []
  KEYPOINT_OKS_SIGMAS: []
  PRECISE_BN:
    ENABLED: false
    NUM_ITER: 200
  SLIDING_WINDOW: true
  SW_KERNEL: 512
  SW_OUT_RES:
  - 512
  - 1024
  SW_OVERLAP: 0.333
VERSION: 2
VIS_PERIOD: 0

[12/10 04:31:36 detectron2]: Full config saved to outputs/gta_seen7_eva_b16_r512/eval/config.yaml
[12/10 04:31:36 d2.utils.env]: Using a generated random seed 36264969
Freeze text encoder parameters
[12/10 04:31:41 d2.engine.defaults]: Model:
CATSeg(
  (sem_seg_head): CATSegHead(
    (predictor): CATSegPredictor(
      (clip_model): CustomCLIP(
        (visual): EVAVisionTransformer(
          (patch_embed): PatchEmbed(
            (proj): Conv2d(3, 768, kernel_size=(16, 16), stride=(16, 16))
          )
          (pos_drop): Dropout(p=0.0, inplace=False)
          (rope): VisionRotaryEmbeddingFast()
          (blocks): ModuleList(
            (0-11): 12 x Block(
              (norm1): LayerNorm((768,), eps=1e-06, elementwise_affine=True)
              (attn): Attention(
                (q_proj): Linear(in_features=768, out_features=768, bias=False)
                (k_proj): Linear(in_features=768, out_features=768, bias=False)
                (v_proj): Linear(in_features=768, out_features=768, bias=False)
                (attn_drop): Dropout(p=0.0, inplace=False)
                (inner_attn_ln): LayerNorm((768,), eps=1e-06, elementwise_affine=True)
                (proj): Linear(in_features=768, out_features=768, bias=True)
                (proj_drop): Dropout(p=0.0, inplace=False)
                (rope): VisionRotaryEmbeddingFast()
              )
              (drop_path): Identity()
              (norm2): LayerNorm((768,), eps=1e-06, elementwise_affine=True)
              (mlp): SwiGLU(
                (w1): Linear(in_features=768, out_features=2048, bias=True)
                (w2): Linear(in_features=768, out_features=2048, bias=True)
                (act): SiLU()
                (ffn_ln): LayerNorm((2048,), eps=1e-06, elementwise_affine=True)
                (w3): Linear(in_features=2048, out_features=768, bias=True)
                (drop): Dropout(p=0.0, inplace=False)
              )
            )
          )
          (norm): LayerNorm((768,), eps=1e-06, elementwise_affine=True)
          (head): Linear(in_features=768, out_features=512, bias=True)
          (patch_dropout): Identity()
        )
        (text): TextTransformer(
          (token_embedding): Embedding(49408, 512)
          (transformer): Transformer(
            (resblocks): ModuleList(
              (0-11): 12 x ResidualAttentionBlock(
                (ln_1): LayerNorm((512,), eps=1e-05, elementwise_affine=True)
                (attn): Attention(
                  (attn_drop): Dropout(p=0.0, inplace=False)
                  (out_proj): Linear(in_features=512, out_features=512, bias=True)
                  (out_drop): Dropout(p=0.0, inplace=False)
                )
                (ls_1): Identity()
                (ln_2): LayerNorm((512,), eps=1e-05, elementwise_affine=True)
                (mlp): Sequential(
                  (c_fc): Linear(in_features=512, out_features=2048, bias=True)
                  (gelu): GELU(approximate='none')
                  (c_proj): Linear(in_features=2048, out_features=512, bias=True)
                )
                (ls_2): Identity()
              )
            )
          )
          (ln_final): LayerNorm((512,), eps=1e-05, elementwise_affine=True)
        )
      )
      (transformer): AggregatorMambaLite(
        (layers): ModuleList(
          (0): Sequential(
            (0): AxialMambaBlockLite_v2(
              (film): FiLM2D(
                (pool): AdaptiveAvgPool2d(output_size=1)
                (fc): Conv2d(128, 256, kernel_size=(1, 1), stride=(1, 1))
              )
              (pre_mix): Sequential(
                (0): Conv2d(128, 128, kernel_size=(3, 3), stride=(1, 1), padding=(1, 1), groups=128)
                (1): Conv2d(128, 128, kernel_size=(1, 1), stride=(1, 1))
                (2): GELU(approximate='none')
              )
              (seq_row): Mamba1DWithDecayPrior(
                (out_norm): LayerNorm((128,), eps=1e-05, elementwise_affine=True)
                (gate): Sequential(
                  (0): Linear(in_features=128, out_features=128, bias=True)
                  (1): SiLU()
                )
                (proj_in): Linear(in_features=128, out_features=384, bias=True)
                (drop): Dropout(p=0.0, inplace=False)
              )
              (post_proj): Conv2d(128, 128, kernel_size=(1, 1), stride=(1, 1))
              (norm_tok): LayerNorm((128,), eps=1e-05, elementwise_affine=True)
              (ffn): Sequential(
                (0): Linear(in_features=128, out_features=384, bias=True)
                (1): GELU(approximate='none')
                (2): Linear(in_features=384, out_features=128, bias=True)
              )
              (down): Identity()
            )
            (1): ClassMambaLayerLite(
              (pool): AvgPool2d(kernel_size=[1, 1], stride=[1, 1], padding=0)
              (guid_proj): Linear(in_features=128, out_features=256, bias=True)
              (seq_block): _Mamba1DAdapterLite(
                (blocks): ModuleList(
                  (0): PseudoMamba1D(
                    (gate): Sequential(
                      (0): Linear(in_features=128, out_features=128, bias=True)
                      (1): SiLU()
                    )
                    (proj_in): Linear(in_features=128, out_features=384, bias=True)
                    (out_norm): LayerNorm((128,), eps=1e-05, elementwise_affine=True)
                    (drop): Dropout(p=0.0, inplace=False)
                  )
                )
                (norm): LayerNorm((128,), eps=1e-05, elementwise_affine=True)
              )
              (norm1): LayerNorm((128,), eps=1e-05, elementwise_affine=True)
              (norm2): LayerNorm((128,), eps=1e-05, elementwise_affine=True)
              (ffn): Sequential(
                (0): Linear(in_features=128, out_features=384, bias=True)
                (1): GELU(approximate='none')
                (2): Linear(in_features=384, out_features=128, bias=True)
              )
            )
          )
        )
        (conv1): Conv2d(1, 128, kernel_size=(7, 7), stride=(1, 1), padding=(3, 3))
        (guidance_projection): Sequential(
          (0): Conv2d(512, 128, kernel_size=(3, 3), stride=(1, 1), padding=(1, 1))
          (1): ReLU()
        )
        (text_guidance_projection): Sequential(
          (0): Linear(in_features=512, out_features=128, bias=True)
          (1): ReLU()
        )
        (decoder_guidance_projection): ModuleList(
          (0): Sequential(
            (0): Conv2d(256, 32, kernel_size=(3, 3), stride=(1, 1), padding=(1, 1))
            (1): ReLU()
          )
          (1): Sequential(
            (0): Conv2d(128, 16, kernel_size=(3, 3), stride=(1, 1), padding=(1, 1))
            (1): ReLU()
          )
        )
        (decoder1): UpLite(
          (up): ConvTranspose2d(128, 96, kernel_size=(2, 2), stride=(2, 2))
          (conv): Sequential(
            (0): Conv2d(128, 64, kernel_size=(3, 3), stride=(1, 1), padding=(1, 1), bias=False)
            (1): GroupNorm(4, 64, eps=1e-05, affine=True)
            (2): ReLU()
          )
        )
        (decoder2): UpLite(
          (up): ConvTranspose2d(64, 48, kernel_size=(2, 2), stride=(2, 2))
          (conv): Sequential(
            (0): Conv2d(64, 32, kernel_size=(3, 3), stride=(1, 1), padding=(1, 1), bias=False)
            (1): GroupNorm(2, 32, eps=1e-05, affine=True)
            (2): ReLU()
          )
        )
        (head): Conv2d(32, 1, kernel_size=(3, 3), stride=(1, 1), padding=(1, 1))
      )
    )
  )
  (upsample1): ConvTranspose2d(768, 256, kernel_size=(2, 2), stride=(2, 2))
  (upsample2): ConvTranspose2d(768, 128, kernel_size=(4, 4), stride=(4, 4))
)
[12/10 04:31:41 fvcore.common.checkpoint]: [Checkpointer] Loading from outputs/gta_seen7_eva_b16_r512/model_0019999.pth ...
[12/10 04:31:41 d2.data.dataset_mapper]: [DatasetMapper] Augmentations used in inference: [ResizeShortestEdge(short_edge_length=(512, 512), max_size=1024, sample_style='choice')]
[12/10 04:31:41 d2.data.common]: Serializing 2098 elements to byte tensors and concatenating them all ...
[12/10 04:31:41 d2.data.common]: Serialized dataset takes 0.50 MiB
[12/10 04:31:41 d2.evaluation.evaluator]: Start inference on 2098 batches
Add a new rope freq of shape: torch.Size([1024, 64])
[12/10 04:31:45 d2.evaluation.evaluator]: Inference done 11/2098. Dataloading: 0.0011 s/iter. Inference: 0.0682 s/iter. Eval: 0.1581 s/iter. Total: 0.2274 s/iter. ETA=0:07:54
[12/10 04:31:50 d2.evaluation.evaluator]: Inference done 36/2098. Dataloading: 0.0016 s/iter. Inference: 0.0668 s/iter. Eval: 0.1413 s/iter. Total: 0.2097 s/iter. ETA=0:07:12
[12/10 04:31:56 d2.evaluation.evaluator]: Inference done 61/2098. Dataloading: 0.0017 s/iter. Inference: 0.0664 s/iter. Eval: 0.1385 s/iter. Total: 0.2067 s/iter. ETA=0:07:01
[12/10 04:32:01 d2.evaluation.evaluator]: Inference done 85/2098. Dataloading: 0.0018 s/iter. Inference: 0.0660 s/iter. Eval: 0.1402 s/iter. Total: 0.2080 s/iter. ETA=0:06:58
[12/10 04:32:06 d2.evaluation.evaluator]: Inference done 111/2098. Dataloading: 0.0018 s/iter. Inference: 0.0660 s/iter. Eval: 0.1380 s/iter. Total: 0.2059 s/iter. ETA=0:06:49
[12/10 04:32:11 d2.evaluation.evaluator]: Inference done 136/2098. Dataloading: 0.0018 s/iter. Inference: 0.0660 s/iter. Eval: 0.1370 s/iter. Total: 0.2049 s/iter. ETA=0:06:42
[12/10 04:32:16 d2.evaluation.evaluator]: Inference done 161/2098. Dataloading: 0.0018 s/iter. Inference: 0.0656 s/iter. Eval: 0.1376 s/iter. Total: 0.2051 s/iter. ETA=0:06:37
[12/10 04:32:21 d2.evaluation.evaluator]: Inference done 187/2098. Dataloading: 0.0019 s/iter. Inference: 0.0651 s/iter. Eval: 0.1366 s/iter. Total: 0.2036 s/iter. ETA=0:06:29
[12/10 04:32:26 d2.evaluation.evaluator]: Inference done 214/2098. Dataloading: 0.0019 s/iter. Inference: 0.0647 s/iter. Eval: 0.1351 s/iter. Total: 0.2018 s/iter. ETA=0:06:20
[12/10 04:32:31 d2.evaluation.evaluator]: Inference done 238/2098. Dataloading: 0.0020 s/iter. Inference: 0.0645 s/iter. Eval: 0.1362 s/iter. Total: 0.2028 s/iter. ETA=0:06:17
[12/10 04:32:36 d2.evaluation.evaluator]: Inference done 263/2098. Dataloading: 0.0020 s/iter. Inference: 0.0642 s/iter. Eval: 0.1368 s/iter. Total: 0.2031 s/iter. ETA=0:06:12
[12/10 04:32:41 d2.evaluation.evaluator]: Inference done 288/2098. Dataloading: 0.0020 s/iter. Inference: 0.0638 s/iter. Eval: 0.1371 s/iter. Total: 0.2031 s/iter. ETA=0:06:07
[12/10 04:32:47 d2.evaluation.evaluator]: Inference done 314/2098. Dataloading: 0.0021 s/iter. Inference: 0.0636 s/iter. Eval: 0.1367 s/iter. Total: 0.2025 s/iter. ETA=0:06:01
[12/10 04:32:52 d2.evaluation.evaluator]: Inference done 340/2098. Dataloading: 0.0021 s/iter. Inference: 0.0634 s/iter. Eval: 0.1363 s/iter. Total: 0.2019 s/iter. ETA=0:05:54
[12/10 04:32:57 d2.evaluation.evaluator]: Inference done 367/2098. Dataloading: 0.0021 s/iter. Inference: 0.0632 s/iter. Eval: 0.1358 s/iter. Total: 0.2012 s/iter. ETA=0:05:48
[12/10 04:33:02 d2.evaluation.evaluator]: Inference done 392/2098. Dataloading: 0.0021 s/iter. Inference: 0.0631 s/iter. Eval: 0.1359 s/iter. Total: 0.2011 s/iter. ETA=0:05:43
[12/10 04:33:07 d2.evaluation.evaluator]: Inference done 419/2098. Dataloading: 0.0021 s/iter. Inference: 0.0629 s/iter. Eval: 0.1354 s/iter. Total: 0.2005 s/iter. ETA=0:05:36
[12/10 04:33:12 d2.evaluation.evaluator]: Inference done 444/2098. Dataloading: 0.0021 s/iter. Inference: 0.0628 s/iter. Eval: 0.1357 s/iter. Total: 0.2007 s/iter. ETA=0:05:31
[12/10 04:33:17 d2.evaluation.evaluator]: Inference done 470/2098. Dataloading: 0.0021 s/iter. Inference: 0.0627 s/iter. Eval: 0.1355 s/iter. Total: 0.2004 s/iter. ETA=0:05:26
[12/10 04:33:22 d2.evaluation.evaluator]: Inference done 496/2098. Dataloading: 0.0021 s/iter. Inference: 0.0625 s/iter. Eval: 0.1353 s/iter. Total: 0.2000 s/iter. ETA=0:05:20
[12/10 04:33:27 d2.evaluation.evaluator]: Inference done 522/2098. Dataloading: 0.0021 s/iter. Inference: 0.0623 s/iter. Eval: 0.1352 s/iter. Total: 0.1997 s/iter. ETA=0:05:14
[12/10 04:33:32 d2.evaluation.evaluator]: Inference done 549/2098. Dataloading: 0.0021 s/iter. Inference: 0.0623 s/iter. Eval: 0.1348 s/iter. Total: 0.1993 s/iter. ETA=0:05:08
[12/10 04:33:38 d2.evaluation.evaluator]: Inference done 575/2098. Dataloading: 0.0021 s/iter. Inference: 0.0622 s/iter. Eval: 0.1348 s/iter. Total: 0.1993 s/iter. ETA=0:05:03
[12/10 04:33:43 d2.evaluation.evaluator]: Inference done 602/2098. Dataloading: 0.0021 s/iter. Inference: 0.0621 s/iter. Eval: 0.1346 s/iter. Total: 0.1989 s/iter. ETA=0:04:57
[12/10 04:33:48 d2.evaluation.evaluator]: Inference done 628/2098. Dataloading: 0.0021 s/iter. Inference: 0.0620 s/iter. Eval: 0.1344 s/iter. Total: 0.1986 s/iter. ETA=0:04:52
[12/10 04:33:53 d2.evaluation.evaluator]: Inference done 655/2098. Dataloading: 0.0021 s/iter. Inference: 0.0620 s/iter. Eval: 0.1341 s/iter. Total: 0.1983 s/iter. ETA=0:04:46
[12/10 04:33:58 d2.evaluation.evaluator]: Inference done 680/2098. Dataloading: 0.0021 s/iter. Inference: 0.0620 s/iter. Eval: 0.1345 s/iter. Total: 0.1986 s/iter. ETA=0:04:41
[12/10 04:34:03 d2.evaluation.evaluator]: Inference done 705/2098. Dataloading: 0.0021 s/iter. Inference: 0.0619 s/iter. Eval: 0.1346 s/iter. Total: 0.1987 s/iter. ETA=0:04:36
[12/10 04:34:08 d2.evaluation.evaluator]: Inference done 731/2098. Dataloading: 0.0021 s/iter. Inference: 0.0619 s/iter. Eval: 0.1346 s/iter. Total: 0.1987 s/iter. ETA=0:04:31
[12/10 04:34:13 d2.evaluation.evaluator]: Inference done 757/2098. Dataloading: 0.0021 s/iter. Inference: 0.0618 s/iter. Eval: 0.1345 s/iter. Total: 0.1985 s/iter. ETA=0:04:26
[12/10 04:34:18 d2.evaluation.evaluator]: Inference done 782/2098. Dataloading: 0.0021 s/iter. Inference: 0.0618 s/iter. Eval: 0.1346 s/iter. Total: 0.1986 s/iter. ETA=0:04:21
[12/10 04:34:23 d2.evaluation.evaluator]: Inference done 808/2098. Dataloading: 0.0021 s/iter. Inference: 0.0618 s/iter. Eval: 0.1346 s/iter. Total: 0.1987 s/iter. ETA=0:04:16
[12/10 04:34:29 d2.evaluation.evaluator]: Inference done 832/2098. Dataloading: 0.0021 s/iter. Inference: 0.0619 s/iter. Eval: 0.1350 s/iter. Total: 0.1990 s/iter. ETA=0:04:11
[12/10 04:34:34 d2.evaluation.evaluator]: Inference done 858/2098. Dataloading: 0.0021 s/iter. Inference: 0.0619 s/iter. Eval: 0.1350 s/iter. Total: 0.1990 s/iter. ETA=0:04:06
[12/10 04:34:39 d2.evaluation.evaluator]: Inference done 883/2098. Dataloading: 0.0021 s/iter. Inference: 0.0619 s/iter. Eval: 0.1351 s/iter. Total: 0.1991 s/iter. ETA=0:04:01
[12/10 04:34:44 d2.evaluation.evaluator]: Inference done 909/2098. Dataloading: 0.0021 s/iter. Inference: 0.0619 s/iter. Eval: 0.1350 s/iter. Total: 0.1991 s/iter. ETA=0:03:56
[12/10 04:34:49 d2.evaluation.evaluator]: Inference done 934/2098. Dataloading: 0.0021 s/iter. Inference: 0.0619 s/iter. Eval: 0.1351 s/iter. Total: 0.1992 s/iter. ETA=0:03:51
[12/10 04:34:54 d2.evaluation.evaluator]: Inference done 959/2098. Dataloading: 0.0021 s/iter. Inference: 0.0618 s/iter. Eval: 0.1352 s/iter. Total: 0.1992 s/iter. ETA=0:03:46
[12/10 04:34:59 d2.evaluation.evaluator]: Inference done 984/2098. Dataloading: 0.0021 s/iter. Inference: 0.0618 s/iter. Eval: 0.1352 s/iter. Total: 0.1993 s/iter. ETA=0:03:41
[12/10 04:35:04 d2.evaluation.evaluator]: Inference done 1010/2098. Dataloading: 0.0021 s/iter. Inference: 0.0618 s/iter. Eval: 0.1352 s/iter. Total: 0.1993 s/iter. ETA=0:03:36
[12/10 04:35:09 d2.evaluation.evaluator]: Inference done 1036/2098. Dataloading: 0.0021 s/iter. Inference: 0.0618 s/iter. Eval: 0.1352 s/iter. Total: 0.1992 s/iter. ETA=0:03:31
[12/10 04:35:14 d2.evaluation.evaluator]: Inference done 1062/2098. Dataloading: 0.0021 s/iter. Inference: 0.0618 s/iter. Eval: 0.1352 s/iter. Total: 0.1992 s/iter. ETA=0:03:26
[12/10 04:35:20 d2.evaluation.evaluator]: Inference done 1088/2098. Dataloading: 0.0021 s/iter. Inference: 0.0617 s/iter. Eval: 0.1351 s/iter. Total: 0.1990 s/iter. ETA=0:03:21
[12/10 04:35:25 d2.evaluation.evaluator]: Inference done 1115/2098. Dataloading: 0.0021 s/iter. Inference: 0.0618 s/iter. Eval: 0.1349 s/iter. Total: 0.1988 s/iter. ETA=0:03:15
[12/10 04:35:30 d2.evaluation.evaluator]: Inference done 1141/2098. Dataloading: 0.0021 s/iter. Inference: 0.0617 s/iter. Eval: 0.1348 s/iter. Total: 0.1987 s/iter. ETA=0:03:10
[12/10 04:35:35 d2.evaluation.evaluator]: Inference done 1167/2098. Dataloading: 0.0021 s/iter. Inference: 0.0617 s/iter. Eval: 0.1347 s/iter. Total: 0.1986 s/iter. ETA=0:03:04
[12/10 04:35:40 d2.evaluation.evaluator]: Inference done 1193/2098. Dataloading: 0.0021 s/iter. Inference: 0.0617 s/iter. Eval: 0.1345 s/iter. Total: 0.1985 s/iter. ETA=0:02:59
[12/10 04:35:45 d2.evaluation.evaluator]: Inference done 1219/2098. Dataloading: 0.0021 s/iter. Inference: 0.0617 s/iter. Eval: 0.1345 s/iter. Total: 0.1984 s/iter. ETA=0:02:54
[12/10 04:35:50 d2.evaluation.evaluator]: Inference done 1245/2098. Dataloading: 0.0021 s/iter. Inference: 0.0617 s/iter. Eval: 0.1345 s/iter. Total: 0.1984 s/iter. ETA=0:02:49
[12/10 04:35:55 d2.evaluation.evaluator]: Inference done 1271/2098. Dataloading: 0.0021 s/iter. Inference: 0.0617 s/iter. Eval: 0.1345 s/iter. Total: 0.1984 s/iter. ETA=0:02:44
[12/10 04:36:00 d2.evaluation.evaluator]: Inference done 1299/2098. Dataloading: 0.0021 s/iter. Inference: 0.0616 s/iter. Eval: 0.1342 s/iter. Total: 0.1980 s/iter. ETA=0:02:38
[12/10 04:36:05 d2.evaluation.evaluator]: Inference done 1325/2098. Dataloading: 0.0021 s/iter. Inference: 0.0617 s/iter. Eval: 0.1341 s/iter. Total: 0.1980 s/iter. ETA=0:02:33
[12/10 04:36:10 d2.evaluation.evaluator]: Inference done 1352/2098. Dataloading: 0.0021 s/iter. Inference: 0.0617 s/iter. Eval: 0.1339 s/iter. Total: 0.1978 s/iter. ETA=0:02:27
[12/10 04:36:15 d2.evaluation.evaluator]: Inference done 1378/2098. Dataloading: 0.0021 s/iter. Inference: 0.0617 s/iter. Eval: 0.1338 s/iter. Total: 0.1977 s/iter. ETA=0:02:22
[12/10 04:36:21 d2.evaluation.evaluator]: Inference done 1405/2098. Dataloading: 0.0021 s/iter. Inference: 0.0617 s/iter. Eval: 0.1336 s/iter. Total: 0.1976 s/iter. ETA=0:02:16
[12/10 04:36:26 d2.evaluation.evaluator]: Inference done 1433/2098. Dataloading: 0.0021 s/iter. Inference: 0.0617 s/iter. Eval: 0.1334 s/iter. Total: 0.1973 s/iter. ETA=0:02:11
[12/10 04:36:31 d2.evaluation.evaluator]: Inference done 1460/2098. Dataloading: 0.0021 s/iter. Inference: 0.0617 s/iter. Eval: 0.1332 s/iter. Total: 0.1971 s/iter. ETA=0:02:05
[12/10 04:36:36 d2.evaluation.evaluator]: Inference done 1486/2098. Dataloading: 0.0021 s/iter. Inference: 0.0617 s/iter. Eval: 0.1332 s/iter. Total: 0.1971 s/iter. ETA=0:02:00
[12/10 04:36:41 d2.evaluation.evaluator]: Inference done 1511/2098. Dataloading: 0.0021 s/iter. Inference: 0.0618 s/iter. Eval: 0.1332 s/iter. Total: 0.1972 s/iter. ETA=0:01:55
[12/10 04:36:46 d2.evaluation.evaluator]: Inference done 1537/2098. Dataloading: 0.0021 s/iter. Inference: 0.0618 s/iter. Eval: 0.1332 s/iter. Total: 0.1972 s/iter. ETA=0:01:50
[12/10 04:36:51 d2.evaluation.evaluator]: Inference done 1563/2098. Dataloading: 0.0021 s/iter. Inference: 0.0618 s/iter. Eval: 0.1332 s/iter. Total: 0.1972 s/iter. ETA=0:01:45
[12/10 04:36:56 d2.evaluation.evaluator]: Inference done 1588/2098. Dataloading: 0.0021 s/iter. Inference: 0.0619 s/iter. Eval: 0.1332 s/iter. Total: 0.1973 s/iter. ETA=0:01:40
[12/10 04:37:01 d2.evaluation.evaluator]: Inference done 1613/2098. Dataloading: 0.0021 s/iter. Inference: 0.0619 s/iter. Eval: 0.1334 s/iter. Total: 0.1975 s/iter. ETA=0:01:35
[12/10 04:37:07 d2.evaluation.evaluator]: Inference done 1638/2098. Dataloading: 0.0021 s/iter. Inference: 0.0619 s/iter. Eval: 0.1334 s/iter. Total: 0.1975 s/iter. ETA=0:01:30
[12/10 04:37:12 d2.evaluation.evaluator]: Inference done 1665/2098. Dataloading: 0.0021 s/iter. Inference: 0.0619 s/iter. Eval: 0.1333 s/iter. Total: 0.1974 s/iter. ETA=0:01:25
[12/10 04:37:17 d2.evaluation.evaluator]: Inference done 1690/2098. Dataloading: 0.0021 s/iter. Inference: 0.0619 s/iter. Eval: 0.1334 s/iter. Total: 0.1975 s/iter. ETA=0:01:20
[12/10 04:37:22 d2.evaluation.evaluator]: Inference done 1715/2098. Dataloading: 0.0021 s/iter. Inference: 0.0620 s/iter. Eval: 0.1335 s/iter. Total: 0.1976 s/iter. ETA=0:01:15
[12/10 04:37:27 d2.evaluation.evaluator]: Inference done 1742/2098. Dataloading: 0.0021 s/iter. Inference: 0.0620 s/iter. Eval: 0.1333 s/iter. Total: 0.1974 s/iter. ETA=0:01:10
[12/10 04:37:32 d2.evaluation.evaluator]: Inference done 1768/2098. Dataloading: 0.0021 s/iter. Inference: 0.0620 s/iter. Eval: 0.1333 s/iter. Total: 0.1974 s/iter. ETA=0:01:05
[12/10 04:37:37 d2.evaluation.evaluator]: Inference done 1794/2098. Dataloading: 0.0021 s/iter. Inference: 0.0620 s/iter. Eval: 0.1332 s/iter. Total: 0.1974 s/iter. ETA=0:00:59
[12/10 04:37:42 d2.evaluation.evaluator]: Inference done 1821/2098. Dataloading: 0.0021 s/iter. Inference: 0.0619 s/iter. Eval: 0.1331 s/iter. Total: 0.1972 s/iter. ETA=0:00:54
[12/10 04:37:47 d2.evaluation.evaluator]: Inference done 1848/2098. Dataloading: 0.0021 s/iter. Inference: 0.0619 s/iter. Eval: 0.1330 s/iter. Total: 0.1971 s/iter. ETA=0:00:49
[12/10 04:37:52 d2.evaluation.evaluator]: Inference done 1874/2098. Dataloading: 0.0021 s/iter. Inference: 0.0619 s/iter. Eval: 0.1330 s/iter. Total: 0.1971 s/iter. ETA=0:00:44
[12/10 04:37:57 d2.evaluation.evaluator]: Inference done 1902/2098. Dataloading: 0.0021 s/iter. Inference: 0.0619 s/iter. Eval: 0.1328 s/iter. Total: 0.1969 s/iter. ETA=0:00:38
[12/10 04:38:03 d2.evaluation.evaluator]: Inference done 1928/2098. Dataloading: 0.0021 s/iter. Inference: 0.0619 s/iter. Eval: 0.1327 s/iter. Total: 0.1969 s/iter. ETA=0:00:33
[12/10 04:38:08 d2.evaluation.evaluator]: Inference done 1955/2098. Dataloading: 0.0021 s/iter. Inference: 0.0619 s/iter. Eval: 0.1326 s/iter. Total: 0.1967 s/iter. ETA=0:00:28
[12/10 04:38:13 d2.evaluation.evaluator]: Inference done 1983/2098. Dataloading: 0.0021 s/iter. Inference: 0.0619 s/iter. Eval: 0.1325 s/iter. Total: 0.1965 s/iter. ETA=0:00:22
[12/10 04:38:18 d2.evaluation.evaluator]: Inference done 2009/2098. Dataloading: 0.0021 s/iter. Inference: 0.0619 s/iter. Eval: 0.1325 s/iter. Total: 0.1965 s/iter. ETA=0:00:17
[12/10 04:38:23 d2.evaluation.evaluator]: Inference done 2036/2098. Dataloading: 0.0021 s/iter. Inference: 0.0618 s/iter. Eval: 0.1324 s/iter. Total: 0.1964 s/iter. ETA=0:00:12
[12/10 04:38:28 d2.evaluation.evaluator]: Inference done 2062/2098. Dataloading: 0.0021 s/iter. Inference: 0.0618 s/iter. Eval: 0.1324 s/iter. Total: 0.1964 s/iter. ETA=0:00:07
[12/10 04:38:33 d2.evaluation.evaluator]: Inference done 2088/2098. Dataloading: 0.0021 s/iter. Inference: 0.0618 s/iter. Eval: 0.1324 s/iter. Total: 0.1964 s/iter. ETA=0:00:01
[12/10 04:38:35 d2.evaluation.evaluator]: Total inference time: 0:06:50.972905 (0.196356 s / iter per device, on 1 devices)
[12/10 04:38:35 d2.evaluation.evaluator]: Total inference pure compute time: 0:02:09 (0.061785 s / iter per device, on 1 devices)
[12/10 04:38:37 d2.evaluation.sem_seg_evaluation]: OrderedDict([('sem_seg', {'mIoU': 34.41178061977035, 'fwIoU': 73.11992482039308, 'IoU-road': 81.13760703603351, 'IoU-sidewalk': 50.035478702701106, 'IoU-barrier': 63.15116005001117, 'IoU-police vehicle': 4.137825002562439, 'IoU-work vehicle': 45.49635696678156, 'IoU-police officer': 31.30715508094824, 'IoU-worker': 35.39866730154711, 'IoU-cone': 16.46813400838368, 'IoU-arrow board': 0.41277697558860704, 'IoU-ttc sign': 16.572645073146035, 'mACC': 57.398994333676065, 'pACC': 80.98079661093185, 'ACC-road': 84.5421983249898, 'ACC-sidewalk': 56.192597001582534, 'ACC-barrier': 83.21327896166909, 'ACC-police vehicle': 72.05367717673327, 'ACC-work vehicle': 86.94824963551088, 'ACC-police officer': 46.42875668821625, 'ACC-worker': 64.48187231393747, 'ACC-cone': 53.22025841946525, 'ACC-arrow board': 1.0580606046631043, 'ACC-ttc sign': 25.85099420999312})])
[12/10 04:38:37 d2.engine.defaults]: Evaluation results for roadwork10_semseg_val in csv format:
[12/10 04:38:37 d2.evaluation.testing]: copypaste: Task: sem_seg
[12/10 04:38:37 d2.evaluation.testing]: copypaste: mIoU,fwIoU,mACC,pACC
[12/10 04:38:37 d2.evaluation.testing]: copypaste: 34.4118,73.1199,57.3990,80.9808
/data/zd/TTA_VLM/S2_Corr/train_net.py:16: FutureWarning: In the future `np.bool` will be defined as the corresponding NumPy scalar.
  if not hasattr(np, _name):
/data/zd/TTA_VLM/S2_Corr/train_net.py:16: FutureWarning: In the future `np.object` will be defined as the corresponding NumPy scalar.
  if not hasattr(np, _name):
/data/zd/TTA_VLM/S2_Corr/train_net.py:18: FutureWarning: In the future `np.long` will be defined as the corresponding NumPy scalar.
  if not hasattr(np, "long"):
/data2/anaconda3/envs/DeCLIP_CATSeg/lib/python3.10/site-packages/torchvision/datapoints/__init__.py:12: UserWarning: The torchvision.datapoints and torchvision.transforms.v2 namespaces are still Beta. While we do not expect major breaking changes, some APIs may still change according to user feedback. Please submit any feedback you may have in this issue: https://github.com/pytorch/vision/issues/6753, and you can also check out https://github.com/pytorch/vision/issues/7319 to learn more about the APIs that we suspect might involve future changes. You can silence this warning by calling torchvision.disable_beta_transforms_warning().
  warnings.warn(_BETA_TRANSFORMS_WARNING)
/data2/anaconda3/envs/DeCLIP_CATSeg/lib/python3.10/site-packages/torchvision/transforms/v2/__init__.py:54: UserWarning: The torchvision.datapoints and torchvision.transforms.v2 namespaces are still Beta. While we do not expect major breaking changes, some APIs may still change according to user feedback. Please submit any feedback you may have in this issue: https://github.com/pytorch/vision/issues/6753, and you can also check out https://github.com/pytorch/vision/issues/7319 to learn more about the APIs that we suspect might involve future changes. You can silence this warning by calling torchvision.disable_beta_transforms_warning().
  warnings.warn(_BETA_TRANSFORMS_WARNING)
Please 'pip install apex'
Command Line Args: Namespace(config_file='configs/gta5_seen7_catseg.yaml', resume=False, eval_only=True, num_gpus=1, num_machines=1, machine_rank=0, dist_url='auto', opts=['OUTPUT_DIR', 'outputs/gta_seen7_eva_b16_r512/eval', 'MODEL.SEM_SEG_HEAD.TEST_CLASS_JSON', 'datasets/inpaint41_vocab.json', 'MODEL.SEM_SEG_HEAD.ENABLE_HIGH_RES', 'False', 'DATASETS.TEST', '("acdc_inpaint41_test",)', 'TEST.SLIDING_WINDOW', 'True', 'MODEL.SEM_SEG_HEAD.POOLING_SIZES', '[1,1]', 'MODEL.WEIGHTS', 'outputs/gta_seen7_eva_b16_r512/model_0019999.pth'])
[12/10 04:38:41 detectron2]: Rank of current process: 0. World size: 1
[12/10 04:38:42 detectron2]: Environment info:
----------------------  ------------------------------------------------------------------------------------------
sys.platform            linux
Python                  3.10.0 (default, Mar  3 2022, 09:58:08) [GCC 7.5.0]
numpy                   1.26.4
detectron2              0.6 @/data2/anaconda3/envs/DeCLIP_CATSeg/lib/python3.10/site-packages/detectron2
Compiler                GCC 7.5
CUDA compiler           CUDA 11.6
detectron2 arch flags   8.0
DETECTRON2_ENV_MODULE   <not set>
PyTorch                 2.0.0+cu117 @/data2/anaconda3/envs/DeCLIP_CATSeg/lib/python3.10/site-packages/torch
PyTorch debug build     False
GPU available           Yes
GPU 0                   GeForce RTX 3090 (arch=8.6)
Driver version          460.84
CUDA_HOME               /usr/local/cuda-11.6
TORCH_CUDA_ARCH_LIST    8.0
Pillow                  9.1.0
torchvision             0.15.1+cu117 @/data2/anaconda3/envs/DeCLIP_CATSeg/lib/python3.10/site-packages/torchvision
torchvision arch flags  3.5, 5.0, 6.0, 7.0, 7.5, 8.0, 8.6
fvcore                  0.1.5.post20221221
iopath                  0.1.9
cv2                     4.11.0
----------------------  ------------------------------------------------------------------------------------------
PyTorch built with:
  - GCC 9.3
  - C++ Version: 201703
  - Intel(R) oneAPI Math Kernel Library Version 2022.2-Product Build 20220804 for Intel(R) 64 architecture applications
  - Intel(R) MKL-DNN v2.7.3 (Git Hash 6dbeffbae1f23cbbeae17adb7b5b13f1f37c080e)
  - OpenMP 201511 (a.k.a. OpenMP 4.5)
  - LAPACK is enabled (usually provided by MKL)
  - NNPACK is enabled
  - CPU capability usage: AVX2
  - CUDA Runtime 11.7
  - NVCC architecture flags: -gencode;arch=compute_37,code=sm_37;-gencode;arch=compute_50,code=sm_50;-gencode;arch=compute_60,code=sm_60;-gencode;arch=compute_70,code=sm_70;-gencode;arch=compute_75,code=sm_75;-gencode;arch=compute_80,code=sm_80;-gencode;arch=compute_86,code=sm_86
  - CuDNN 8.5
  - Magma 2.6.1
  - Build settings: BLAS_INFO=mkl, BUILD_TYPE=Release, CUDA_VERSION=11.7, CUDNN_VERSION=8.5.0, CXX_COMPILER=/opt/rh/devtoolset-9/root/usr/bin/c++, CXX_FLAGS= -D_GLIBCXX_USE_CXX11_ABI=0 -fabi-version=11 -Wno-deprecated -fvisibility-inlines-hidden -DUSE_PTHREADPOOL -DNDEBUG -DUSE_KINETO -DLIBKINETO_NOROCTRACER -DUSE_FBGEMM -DUSE_QNNPACK -DUSE_PYTORCH_QNNPACK -DUSE_XNNPACK -DSYMBOLICATE_MOBILE_DEBUG_HANDLE -O2 -fPIC -Wall -Wextra -Werror=return-type -Werror=non-virtual-dtor -Werror=bool-operation -Wnarrowing -Wno-missing-field-initializers -Wno-type-limits -Wno-array-bounds -Wno-unknown-pragmas -Wunused-local-typedefs -Wno-unused-parameter -Wno-unused-function -Wno-unused-result -Wno-strict-overflow -Wno-strict-aliasing -Wno-error=deprecated-declarations -Wno-stringop-overflow -Wno-psabi -Wno-error=pedantic -Wno-error=redundant-decls -Wno-error=old-style-cast -fdiagnostics-color=always -faligned-new -Wno-unused-but-set-variable -Wno-maybe-uninitialized -fno-math-errno -fno-trapping-math -Werror=format -Werror=cast-function-type -Wno-stringop-overflow, LAPACK_INFO=mkl, PERF_WITH_AVX=1, PERF_WITH_AVX2=1, PERF_WITH_AVX512=1, TORCH_DISABLE_GPU_ASSERTS=ON, TORCH_VERSION=2.0.0, USE_CUDA=ON, USE_CUDNN=ON, USE_EXCEPTION_PTR=1, USE_GFLAGS=OFF, USE_GLOG=OFF, USE_MKL=ON, USE_MKLDNN=ON, USE_MPI=OFF, USE_NCCL=1, USE_NNPACK=ON, USE_OPENMP=ON, USE_ROCM=OFF, 

[12/10 04:38:42 detectron2]: Command line arguments: Namespace(config_file='configs/gta5_seen7_catseg.yaml', resume=False, eval_only=True, num_gpus=1, num_machines=1, machine_rank=0, dist_url='auto', opts=['OUTPUT_DIR', 'outputs/gta_seen7_eva_b16_r512/eval', 'MODEL.SEM_SEG_HEAD.TEST_CLASS_JSON', 'datasets/inpaint41_vocab.json', 'MODEL.SEM_SEG_HEAD.ENABLE_HIGH_RES', 'False', 'DATASETS.TEST', '("acdc_inpaint41_test",)', 'TEST.SLIDING_WINDOW', 'True', 'MODEL.SEM_SEG_HEAD.POOLING_SIZES', '[1,1]', 'MODEL.WEIGHTS', 'outputs/gta_seen7_eva_b16_r512/model_0019999.pth'])
[12/10 04:38:42 detectron2]: Contents of args.config_file=configs/gta5_seen7_catseg.yaml:
_BASE_: config.yaml
DATASETS:
  TRAIN: ("gta5_seen7_train_seg",)
  TEST:  ("acdc_inpaint41_test",)
MODEL:
  META_ARCHITECTURE: "CATSeg"
  PIXEL_MEAN: [123.675, 116.280, 103.530]
  PIXEL_STD: [58.395, 57.120, 57.375]
  SEM_SEG_HEAD:
    NAME: "CATSegHead"
    IN_FEATURES: [ "res2", "res3", "res4" ]
    IGNORE_VALUE: 255
    NUM_CLASSES: 19
    TRAIN_CLASS_JSON: "datasets/cityscapes_seen_7.json"
    TEST_CLASS_JSON:  "datasets/inpaint41_vocab.json"
    CLIP_PRETRAINED: "EVA02-CLIP-B-16"
    PROMPT_DEPTH: 0
    PROMPT_LENGTH: 0
    TEXT_GUIDANCE_DIM: 512
    TEXT_GUIDANCE_PROJ_DIM: 128
    APPEARANCE_GUIDANCE_DIM: 512
    APPEARANCE_GUIDANCE_PROJ_DIM: 128
    DECODER_DIMS: [ 64, 32 ]
    DECODER_GUIDANCE_DIMS: [ 256, 128 ]
    DECODER_GUIDANCE_PROJ_DIMS: [ 32, 16 ]
    NUM_LAYERS: 1
    NUM_HEADS: 4
    HIDDEN_DIMS: 128
    POOLING_SIZES: [ 1, 1 ]
    FEATURE_RESOLUTION: [ 32, 32 ]
    WINDOW_SIZES: 16
    ATTENTION_TYPE: "linear"
    CLIP_FINETUNE: "vision_text"
    CACHE_DIR: "/data/zd/TTA_VLM/DeCLIP-ZSSS/Pretrain/EVA02_CLIP_B_psz16_s8B.pt"
    ENABLE_HIGH_RES: "False"
  PROMPT_ENSEMBLE_TYPE: "multi_domain"
INPUT:
  MIN_SIZE_TRAIN: (512, 768)
  MIN_SIZE_TRAIN_SAMPLING: "choice"
  MAX_SIZE_TRAIN: 1024
  MIN_SIZE_TEST: 512
  MAX_SIZE_TEST: 1024
  CROP:
    ENABLED: True
    TYPE: "absolute"
    SIZE: (512, 512)
  SIZE_DIVISIBILITY: 32
  FORMAT: "RGB"
  DATASET_MAPPER_NAME: "mask_former_semantic"
SOLVER:
  IMS_PER_BATCH: 4
  LR_SCHEDULER_NAME: "WarmupCosineLR"
  BASE_LR: 0.0002
  MAX_ITER: 20000
  BACKBONE_MULTIPLIER: 0.0
  CLIP_MULTIPLIER: 0.01
TEST:
  EVAL_PERIOD: 5000
  SLIDING_WINDOW: True
  SW_KERNEL: 512
  SW_OVERLAP: 0.333
  SW_OUT_RES: [512, 1024]
[12/10 04:38:42 detectron2]: Running with full config:
CUDNN_BENCHMARK: true
DATALOADER:
  ASPECT_RATIO_GROUPING: true
  FILTER_EMPTY_ANNOTATIONS: true
  NUM_WORKERS: 8
  REPEAT_THRESHOLD: 0.0
  SAMPLER_TRAIN: TrainingSampler
DATASETS:
  PRECOMPUTED_PROPOSAL_TOPK_TEST: 1000
  PRECOMPUTED_PROPOSAL_TOPK_TRAIN: 2000
  PROPOSAL_FILES_TEST: []
  PROPOSAL_FILES_TRAIN: []
  TEST:
  - acdc_inpaint41_test
  TRAIN:
  - gta5_seen7_train_seg
  VAL_ALL:
  - coco_2017_val_all_stuff_sem_seg
DDP:
  BROADCAST_BUFFERS: false
  FIND_UNUSED_PARAMETERS: true
GLOBAL:
  HACK: 1.0
INPUT:
  COLOR_AUG_SSD: true
  CROP:
    ENABLED: true
    SINGLE_CATEGORY_MAX_AREA: 1.0
    SIZE:
    - 512
    - 512
    TYPE: absolute
  DATASET_MAPPER_NAME: mask_former_semantic
  FORMAT: RGB
  MASK_FORMAT: polygon
  MAX_SIZE_TEST: 1024
  MAX_SIZE_TRAIN: 1024
  MIN_SIZE_TEST: 512
  MIN_SIZE_TRAIN:
  - 512
  - 768
  MIN_SIZE_TRAIN_SAMPLING: choice
  RANDOM_FLIP: horizontal
  SIZE_DIVISIBILITY: 32
MODEL:
  ANCHOR_GENERATOR:
    ANGLES:
    - - -90
      - 0
      - 90
    ASPECT_RATIOS:
    - - 0.5
      - 1.0
      - 2.0
    NAME: DefaultAnchorGenerator
    OFFSET: 0.0
    SIZES:
    - - 32
      - 64
      - 128
      - 256
      - 512
  BACKBONE:
    FREEZE_AT: 2
    NAME: build_resnet_backbone
  CLIP_PIXEL_MEAN:
  - 122.7709383
  - 116.7460125
  - 104.09373615
  CLIP_PIXEL_STD:
  - 68.5005327
  - 66.6321579
  - 70.323163
  DEVICE: cuda
  FPN:
    FUSE_TYPE: sum
    IN_FEATURES: []
    NORM: ''
    OUT_CHANNELS: 256
  KEYPOINT_ON: false
  LOAD_PROPOSALS: false
  MASK_FORMER:
    SIZE_DIVISIBILITY: 32
  MASK_ON: false
  META_ARCHITECTURE: CATSeg
  PANOPTIC_FPN:
    COMBINE:
      ENABLED: true
      INSTANCES_CONFIDENCE_THRESH: 0.5
      OVERLAP_THRESH: 0.5
      STUFF_AREA_LIMIT: 4096
    INSTANCE_LOSS_WEIGHT: 1.0
  PIXEL_MEAN:
  - 123.675
  - 116.28
  - 103.53
  PIXEL_STD:
  - 58.395
  - 57.12
  - 57.375
  PROMPT_ENSEMBLE: false
  PROMPT_ENSEMBLE_TYPE: multi_domain
  PROPOSAL_GENERATOR:
    MIN_SIZE: 0
    NAME: RPN
  RESNETS:
    DEFORM_MODULATED: false
    DEFORM_NUM_GROUPS: 1
    DEFORM_ON_PER_STAGE:
    - false
    - false
    - false
    - false
    DEPTH: 50
    NORM: FrozenBN
    NUM_GROUPS: 1
    OUT_FEATURES:
    - res4
    RES2_OUT_CHANNELS: 256
    RES4_DILATION: 1
    RES5_DILATION: 1
    RES5_MULTI_GRID:
    - 1
    - 2
    - 4
    STEM_OUT_CHANNELS: 64
    STEM_TYPE: deeplab
    STRIDE_IN_1X1: true
    WIDTH_PER_GROUP: 64
  RETINANET:
    BBOX_REG_LOSS_TYPE: smooth_l1
    BBOX_REG_WEIGHTS: &id002
    - 1.0
    - 1.0
    - 1.0
    - 1.0
    FOCAL_LOSS_ALPHA: 0.25
    FOCAL_LOSS_GAMMA: 2.0
    IN_FEATURES:
    - p3
    - p4
    - p5
    - p6
    - p7
    IOU_LABELS:
    - 0
    - -1
    - 1
    IOU_THRESHOLDS:
    - 0.4
    - 0.5
    NMS_THRESH_TEST: 0.5
    NORM: ''
    NUM_CLASSES: 80
    NUM_CONVS: 4
    PRIOR_PROB: 0.01
    SCORE_THRESH_TEST: 0.05
    SMOOTH_L1_LOSS_BETA: 0.1
    TOPK_CANDIDATES_TEST: 1000
  ROI_BOX_CASCADE_HEAD:
    BBOX_REG_WEIGHTS:
    - &id001
      - 10.0
      - 10.0
      - 5.0
      - 5.0
    - - 20.0
      - 20.0
      - 10.0
      - 10.0
    - - 30.0
      - 30.0
      - 15.0
      - 15.0
    IOUS:
    - 0.5
    - 0.6
    - 0.7
  ROI_BOX_HEAD:
    BBOX_REG_LOSS_TYPE: smooth_l1
    BBOX_REG_LOSS_WEIGHT: 1.0
    BBOX_REG_WEIGHTS: *id001
    CLS_AGNOSTIC_BBOX_REG: false
    CONV_DIM: 256
    FC_DIM: 1024
    NAME: ''
    NORM: ''
    NUM_CONV: 0
    NUM_FC: 0
    POOLER_RESOLUTION: 14
    POOLER_SAMPLING_RATIO: 0
    POOLER_TYPE: ROIAlignV2
    SMOOTH_L1_BETA: 0.0
    TRAIN_ON_PRED_BOXES: false
  ROI_HEADS:
    BATCH_SIZE_PER_IMAGE: 512
    IN_FEATURES:
    - res4
    IOU_LABELS:
    - 0
    - 1
    IOU_THRESHOLDS:
    - 0.5
    NAME: Res5ROIHeads
    NMS_THRESH_TEST: 0.5
    NUM_CLASSES: 80
    POSITIVE_FRACTION: 0.25
    PROPOSAL_APPEND_GT: true
    SCORE_THRESH_TEST: 0.05
  ROI_KEYPOINT_HEAD:
    CONV_DIMS:
    - 512
    - 512
    - 512
    - 512
    - 512
    - 512
    - 512
    - 512
    LOSS_WEIGHT: 1.0
    MIN_KEYPOINTS_PER_IMAGE: 1
    NAME: KRCNNConvDeconvUpsampleHead
    NORMALIZE_LOSS_BY_VISIBLE_KEYPOINTS: true
    NUM_KEYPOINTS: 17
    POOLER_RESOLUTION: 14
    POOLER_SAMPLING_RATIO: 0
    POOLER_TYPE: ROIAlignV2
  ROI_MASK_HEAD:
    CLS_AGNOSTIC_MASK: false
    CONV_DIM: 256
    NAME: MaskRCNNConvUpsampleHead
    NORM: ''
    NUM_CONV: 0
    POOLER_RESOLUTION: 14
    POOLER_SAMPLING_RATIO: 0
    POOLER_TYPE: ROIAlignV2
  RPN:
    BATCH_SIZE_PER_IMAGE: 256
    BBOX_REG_LOSS_TYPE: smooth_l1
    BBOX_REG_LOSS_WEIGHT: 1.0
    BBOX_REG_WEIGHTS: *id002
    BOUNDARY_THRESH: -1
    CONV_DIMS:
    - -1
    HEAD_NAME: StandardRPNHead
    IN_FEATURES:
    - res4
    IOU_LABELS:
    - 0
    - -1
    - 1
    IOU_THRESHOLDS:
    - 0.3
    - 0.7
    LOSS_WEIGHT: 1.0
    NMS_THRESH: 0.7
    POSITIVE_FRACTION: 0.5
    POST_NMS_TOPK_TEST: 1000
    POST_NMS_TOPK_TRAIN: 2000
    PRE_NMS_TOPK_TEST: 6000
    PRE_NMS_TOPK_TRAIN: 12000
    SMOOTH_L1_BETA: 0.0
  SEM_SEG_HEAD:
    APPEARANCE_GUIDANCE_DIM: 512
    APPEARANCE_GUIDANCE_PROJ_DIM: 128
    ASPP_CHANNELS: 256
    ASPP_DILATIONS:
    - 6
    - 12
    - 18
    ASPP_DROPOUT: 0.1
    ATTENTION_TYPE: linear
    CACHE_DIR: /data/zd/TTA_VLM/DeCLIP-ZSSS/Pretrain/EVA02_CLIP_B_psz16_s8B.pt
    CLIP_FINETUNE: vision_text
    CLIP_PRETRAINED: EVA02-CLIP-B-16
    COMMON_STRIDE: 4
    CONVS_DIM: 128
    DECODER_DIMS:
    - 64
    - 32
    DECODER_GUIDANCE_DIMS:
    - 256
    - 128
    DECODER_GUIDANCE_PROJ_DIMS:
    - 32
    - 16
    ENABLE_HIGH_RES: false
    FEATURE_RESOLUTION:
    - 32
    - 32
    HIDDEN_DIMS: 128
    IGNORE_VALUE: 255
    IN_FEATURES:
    - res2
    - res3
    - res4
    LOSS_TYPE: hard_pixel_mining
    LOSS_WEIGHT: 1.0
    NAME: CATSegHead
    NORM: GN
    NUM_CLASSES: 19
    NUM_HEADS: 4
    NUM_LAYERS: 1
    POOLING_SIZES:
    - 1
    - 1
    PROJECT_CHANNELS:
    - 48
    PROJECT_FEATURES:
    - res2
    PROMPT_DEPTH: 0
    PROMPT_LENGTH: 0
    TEST_CLASS_INDEXES: datasets/coco/coco_stuff/split/unseen_indexes.json
    TEST_CLASS_JSON: datasets/inpaint41_vocab.json
    TEXT_GUIDANCE_DIM: 512
    TEXT_GUIDANCE_PROJ_DIM: 128
    TRAIN_CLASS_INDEXES: datasets/coco/coco_stuff/split/seen_indexes.json
    TRAIN_CLASS_JSON: datasets/cityscapes_seen_7.json
    USE_DEPTHWISE_SEPARABLE_CONV: false
    WINDOW_SIZES: 16
  SWIN:
    APE: false
    ATTN_DROP_RATE: 0.0
    DEPTHS:
    - 2
    - 2
    - 6
    - 2
    DROP_PATH_RATE: 0.3
    DROP_RATE: 0.0
    EMBED_DIM: 96
    MLP_RATIO: 4.0
    NUM_HEADS:
    - 3
    - 6
    - 12
    - 24
    OUT_FEATURES:
    - res2
    - res3
    - res4
    - res5
    PATCH_NORM: true
    PATCH_SIZE: 4
    PRETRAIN_IMG_SIZE: 224
    QKV_BIAS: true
    QK_SCALE: null
    WINDOW_SIZE: 7
  WEIGHTS: outputs/gta_seen7_eva_b16_r512/model_0019999.pth
OUTPUT_DIR: outputs/gta_seen7_eva_b16_r512/eval
SEED: -1
SOLVER:
  AMP:
    ENABLED: false
  BACKBONE_MULTIPLIER: 0.0
  BASE_LR: 0.0002
  BIAS_LR_FACTOR: 1.0
  CHECKPOINT_PERIOD: 5000
  CLIP_GRADIENTS:
    CLIP_TYPE: full_model
    CLIP_VALUE: 0.01
    ENABLED: true
    NORM_TYPE: 2.0
  CLIP_MULTIPLIER: 0.01
  GAMMA: 0.1
  IMS_PER_BATCH: 4
  LR_SCHEDULER_NAME: WarmupCosineLR
  MAX_ITER: 20000
  MOMENTUM: 0.9
  NESTEROV: false
  OPTIMIZER: ADAMW
  POLY_LR_CONSTANT_ENDING: 0.0
  POLY_LR_POWER: 0.9
  REFERENCE_WORLD_SIZE: 0
  STEPS:
  - 30000
  WARMUP_FACTOR: 1.0
  WARMUP_ITERS: 0
  WARMUP_METHOD: linear
  WEIGHT_DECAY: 0.0001
  WEIGHT_DECAY_BIAS: null
  WEIGHT_DECAY_EMBED: 0.0
  WEIGHT_DECAY_NORM: 0.0
TEST:
  AUG:
    ENABLED: false
    FLIP: true
    MAX_SIZE: 4000
    MIN_SIZES:
    - 400
    - 500
    - 600
    - 700
    - 800
    - 900
    - 1000
    - 1100
    - 1200
  DETECTIONS_PER_IMAGE: 100
  EVAL_PERIOD: 5000
  EXPECTED_RESULTS: []
  KEYPOINT_OKS_SIGMAS: []
  PRECISE_BN:
    ENABLED: false
    NUM_ITER: 200
  SLIDING_WINDOW: true
  SW_KERNEL: 512
  SW_OUT_RES:
  - 512
  - 1024
  SW_OVERLAP: 0.333
VERSION: 2
VIS_PERIOD: 0

[12/10 04:38:42 detectron2]: Full config saved to outputs/gta_seen7_eva_b16_r512/eval/config.yaml
[12/10 04:38:42 d2.utils.env]: Using a generated random seed 42714127
Freeze text encoder parameters
[12/10 04:38:47 d2.engine.defaults]: Model:
CATSeg(
  (sem_seg_head): CATSegHead(
    (predictor): CATSegPredictor(
      (clip_model): CustomCLIP(
        (visual): EVAVisionTransformer(
          (patch_embed): PatchEmbed(
            (proj): Conv2d(3, 768, kernel_size=(16, 16), stride=(16, 16))
          )
          (pos_drop): Dropout(p=0.0, inplace=False)
          (rope): VisionRotaryEmbeddingFast()
          (blocks): ModuleList(
            (0-11): 12 x Block(
              (norm1): LayerNorm((768,), eps=1e-06, elementwise_affine=True)
              (attn): Attention(
                (q_proj): Linear(in_features=768, out_features=768, bias=False)
                (k_proj): Linear(in_features=768, out_features=768, bias=False)
                (v_proj): Linear(in_features=768, out_features=768, bias=False)
                (attn_drop): Dropout(p=0.0, inplace=False)
                (inner_attn_ln): LayerNorm((768,), eps=1e-06, elementwise_affine=True)
                (proj): Linear(in_features=768, out_features=768, bias=True)
                (proj_drop): Dropout(p=0.0, inplace=False)
                (rope): VisionRotaryEmbeddingFast()
              )
              (drop_path): Identity()
              (norm2): LayerNorm((768,), eps=1e-06, elementwise_affine=True)
              (mlp): SwiGLU(
                (w1): Linear(in_features=768, out_features=2048, bias=True)
                (w2): Linear(in_features=768, out_features=2048, bias=True)
                (act): SiLU()
                (ffn_ln): LayerNorm((2048,), eps=1e-06, elementwise_affine=True)
                (w3): Linear(in_features=2048, out_features=768, bias=True)
                (drop): Dropout(p=0.0, inplace=False)
              )
            )
          )
          (norm): LayerNorm((768,), eps=1e-06, elementwise_affine=True)
          (head): Linear(in_features=768, out_features=512, bias=True)
          (patch_dropout): Identity()
        )
        (text): TextTransformer(
          (token_embedding): Embedding(49408, 512)
          (transformer): Transformer(
            (resblocks): ModuleList(
              (0-11): 12 x ResidualAttentionBlock(
                (ln_1): LayerNorm((512,), eps=1e-05, elementwise_affine=True)
                (attn): Attention(
                  (attn_drop): Dropout(p=0.0, inplace=False)
                  (out_proj): Linear(in_features=512, out_features=512, bias=True)
                  (out_drop): Dropout(p=0.0, inplace=False)
                )
                (ls_1): Identity()
                (ln_2): LayerNorm((512,), eps=1e-05, elementwise_affine=True)
                (mlp): Sequential(
                  (c_fc): Linear(in_features=512, out_features=2048, bias=True)
                  (gelu): GELU(approximate='none')
                  (c_proj): Linear(in_features=2048, out_features=512, bias=True)
                )
                (ls_2): Identity()
              )
            )
          )
          (ln_final): LayerNorm((512,), eps=1e-05, elementwise_affine=True)
        )
      )
      (transformer): AggregatorMambaLite(
        (layers): ModuleList(
          (0): Sequential(
            (0): AxialMambaBlockLite_v2(
              (film): FiLM2D(
                (pool): AdaptiveAvgPool2d(output_size=1)
                (fc): Conv2d(128, 256, kernel_size=(1, 1), stride=(1, 1))
              )
              (pre_mix): Sequential(
                (0): Conv2d(128, 128, kernel_size=(3, 3), stride=(1, 1), padding=(1, 1), groups=128)
                (1): Conv2d(128, 128, kernel_size=(1, 1), stride=(1, 1))
                (2): GELU(approximate='none')
              )
              (seq_row): Mamba1DWithDecayPrior(
                (out_norm): LayerNorm((128,), eps=1e-05, elementwise_affine=True)
                (gate): Sequential(
                  (0): Linear(in_features=128, out_features=128, bias=True)
                  (1): SiLU()
                )
                (proj_in): Linear(in_features=128, out_features=384, bias=True)
                (drop): Dropout(p=0.0, inplace=False)
              )
              (post_proj): Conv2d(128, 128, kernel_size=(1, 1), stride=(1, 1))
              (norm_tok): LayerNorm((128,), eps=1e-05, elementwise_affine=True)
              (ffn): Sequential(
                (0): Linear(in_features=128, out_features=384, bias=True)
                (1): GELU(approximate='none')
                (2): Linear(in_features=384, out_features=128, bias=True)
              )
              (down): Identity()
            )
            (1): ClassMambaLayerLite(
              (pool): AvgPool2d(kernel_size=[1, 1], stride=[1, 1], padding=0)
              (guid_proj): Linear(in_features=128, out_features=256, bias=True)
              (seq_block): _Mamba1DAdapterLite(
                (blocks): ModuleList(
                  (0): PseudoMamba1D(
                    (gate): Sequential(
                      (0): Linear(in_features=128, out_features=128, bias=True)
                      (1): SiLU()
                    )
                    (proj_in): Linear(in_features=128, out_features=384, bias=True)
                    (out_norm): LayerNorm((128,), eps=1e-05, elementwise_affine=True)
                    (drop): Dropout(p=0.0, inplace=False)
                  )
                )
                (norm): LayerNorm((128,), eps=1e-05, elementwise_affine=True)
              )
              (norm1): LayerNorm((128,), eps=1e-05, elementwise_affine=True)
              (norm2): LayerNorm((128,), eps=1e-05, elementwise_affine=True)
              (ffn): Sequential(
                (0): Linear(in_features=128, out_features=384, bias=True)
                (1): GELU(approximate='none')
                (2): Linear(in_features=384, out_features=128, bias=True)
              )
            )
          )
        )
        (conv1): Conv2d(1, 128, kernel_size=(7, 7), stride=(1, 1), padding=(3, 3))
        (guidance_projection): Sequential(
          (0): Conv2d(512, 128, kernel_size=(3, 3), stride=(1, 1), padding=(1, 1))
          (1): ReLU()
        )
        (text_guidance_projection): Sequential(
          (0): Linear(in_features=512, out_features=128, bias=True)
          (1): ReLU()
        )
        (decoder_guidance_projection): ModuleList(
          (0): Sequential(
            (0): Conv2d(256, 32, kernel_size=(3, 3), stride=(1, 1), padding=(1, 1))
            (1): ReLU()
          )
          (1): Sequential(
            (0): Conv2d(128, 16, kernel_size=(3, 3), stride=(1, 1), padding=(1, 1))
            (1): ReLU()
          )
        )
        (decoder1): UpLite(
          (up): ConvTranspose2d(128, 96, kernel_size=(2, 2), stride=(2, 2))
          (conv): Sequential(
            (0): Conv2d(128, 64, kernel_size=(3, 3), stride=(1, 1), padding=(1, 1), bias=False)
            (1): GroupNorm(4, 64, eps=1e-05, affine=True)
            (2): ReLU()
          )
        )
        (decoder2): UpLite(
          (up): ConvTranspose2d(64, 48, kernel_size=(2, 2), stride=(2, 2))
          (conv): Sequential(
            (0): Conv2d(64, 32, kernel_size=(3, 3), stride=(1, 1), padding=(1, 1), bias=False)
            (1): GroupNorm(2, 32, eps=1e-05, affine=True)
            (2): ReLU()
          )
        )
        (head): Conv2d(32, 1, kernel_size=(3, 3), stride=(1, 1), padding=(1, 1))
      )
    )
  )
  (upsample1): ConvTranspose2d(768, 256, kernel_size=(2, 2), stride=(2, 2))
  (upsample2): ConvTranspose2d(768, 128, kernel_size=(4, 4), stride=(4, 4))
)
[12/10 04:38:47 fvcore.common.checkpoint]: [Checkpointer] Loading from outputs/gta_seen7_eva_b16_r512/model_0019999.pth ...
[12/10 04:38:48 d2.data.dataset_mapper]: [DatasetMapper] Augmentations used in inference: [ResizeShortestEdge(short_edge_length=(512, 512), max_size=1024, sample_style='choice')]
[12/10 04:38:48 d2.data.common]: Serializing 998 elements to byte tensors and concatenating them all ...
[12/10 04:38:48 d2.data.common]: Serialized dataset takes 0.27 MiB
[12/10 04:38:48 d2.evaluation.evaluator]: Start inference on 998 batches
Add a new rope freq of shape: torch.Size([1024, 64])
[12/10 04:38:53 d2.evaluation.evaluator]: Inference done 11/998. Dataloading: 0.0014 s/iter. Inference: 0.0795 s/iter. Eval: 0.1905 s/iter. Total: 0.2713 s/iter. ETA=0:04:27
[12/10 04:38:58 d2.evaluation.evaluator]: Inference done 29/998. Dataloading: 0.0017 s/iter. Inference: 0.0904 s/iter. Eval: 0.1893 s/iter. Total: 0.2814 s/iter. ETA=0:04:32
[12/10 04:39:03 d2.evaluation.evaluator]: Inference done 48/998. Dataloading: 0.0018 s/iter. Inference: 0.0880 s/iter. Eval: 0.1860 s/iter. Total: 0.2759 s/iter. ETA=0:04:22
[12/10 04:39:08 d2.evaluation.evaluator]: Inference done 67/998. Dataloading: 0.0018 s/iter. Inference: 0.0871 s/iter. Eval: 0.1834 s/iter. Total: 0.2724 s/iter. ETA=0:04:13
[12/10 04:39:13 d2.evaluation.evaluator]: Inference done 86/998. Dataloading: 0.0018 s/iter. Inference: 0.0870 s/iter. Eval: 0.1821 s/iter. Total: 0.2710 s/iter. ETA=0:04:07
[12/10 04:39:18 d2.evaluation.evaluator]: Inference done 106/998. Dataloading: 0.0019 s/iter. Inference: 0.0861 s/iter. Eval: 0.1800 s/iter. Total: 0.2681 s/iter. ETA=0:03:59
[12/10 04:39:23 d2.evaluation.evaluator]: Inference done 127/998. Dataloading: 0.0019 s/iter. Inference: 0.0853 s/iter. Eval: 0.1773 s/iter. Total: 0.2646 s/iter. ETA=0:03:50
[12/10 04:39:28 d2.evaluation.evaluator]: Inference done 148/998. Dataloading: 0.0020 s/iter. Inference: 0.0848 s/iter. Eval: 0.1744 s/iter. Total: 0.2612 s/iter. ETA=0:03:42
[12/10 04:39:33 d2.evaluation.evaluator]: Inference done 169/998. Dataloading: 0.0020 s/iter. Inference: 0.0843 s/iter. Eval: 0.1729 s/iter. Total: 0.2593 s/iter. ETA=0:03:34
[12/10 04:39:39 d2.evaluation.evaluator]: Inference done 190/998. Dataloading: 0.0021 s/iter. Inference: 0.0840 s/iter. Eval: 0.1718 s/iter. Total: 0.2580 s/iter. ETA=0:03:28
[12/10 04:39:44 d2.evaluation.evaluator]: Inference done 211/998. Dataloading: 0.0021 s/iter. Inference: 0.0838 s/iter. Eval: 0.1706 s/iter. Total: 0.2566 s/iter. ETA=0:03:21
[12/10 04:39:49 d2.evaluation.evaluator]: Inference done 232/998. Dataloading: 0.0021 s/iter. Inference: 0.0836 s/iter. Eval: 0.1698 s/iter. Total: 0.2556 s/iter. ETA=0:03:15
[12/10 04:39:54 d2.evaluation.evaluator]: Inference done 253/998. Dataloading: 0.0021 s/iter. Inference: 0.0834 s/iter. Eval: 0.1691 s/iter. Total: 0.2547 s/iter. ETA=0:03:09
[12/10 04:39:59 d2.evaluation.evaluator]: Inference done 274/998. Dataloading: 0.0021 s/iter. Inference: 0.0832 s/iter. Eval: 0.1690 s/iter. Total: 0.2543 s/iter. ETA=0:03:04
[12/10 04:40:04 d2.evaluation.evaluator]: Inference done 294/998. Dataloading: 0.0021 s/iter. Inference: 0.0831 s/iter. Eval: 0.1689 s/iter. Total: 0.2542 s/iter. ETA=0:02:58
[12/10 04:40:09 d2.evaluation.evaluator]: Inference done 314/998. Dataloading: 0.0021 s/iter. Inference: 0.0829 s/iter. Eval: 0.1688 s/iter. Total: 0.2540 s/iter. ETA=0:02:53
[12/10 04:40:15 d2.evaluation.evaluator]: Inference done 334/998. Dataloading: 0.0021 s/iter. Inference: 0.0829 s/iter. Eval: 0.1689 s/iter. Total: 0.2540 s/iter. ETA=0:02:48
[12/10 04:40:20 d2.evaluation.evaluator]: Inference done 354/998. Dataloading: 0.0021 s/iter. Inference: 0.0829 s/iter. Eval: 0.1692 s/iter. Total: 0.2543 s/iter. ETA=0:02:43
[12/10 04:40:25 d2.evaluation.evaluator]: Inference done 375/998. Dataloading: 0.0021 s/iter. Inference: 0.0828 s/iter. Eval: 0.1690 s/iter. Total: 0.2540 s/iter. ETA=0:02:38
[12/10 04:40:30 d2.evaluation.evaluator]: Inference done 396/998. Dataloading: 0.0021 s/iter. Inference: 0.0827 s/iter. Eval: 0.1688 s/iter. Total: 0.2537 s/iter. ETA=0:02:32
[12/10 04:40:35 d2.evaluation.evaluator]: Inference done 417/998. Dataloading: 0.0021 s/iter. Inference: 0.0826 s/iter. Eval: 0.1684 s/iter. Total: 0.2532 s/iter. ETA=0:02:27
[12/10 04:40:40 d2.evaluation.evaluator]: Inference done 437/998. Dataloading: 0.0021 s/iter. Inference: 0.0826 s/iter. Eval: 0.1684 s/iter. Total: 0.2532 s/iter. ETA=0:02:22
[12/10 04:40:45 d2.evaluation.evaluator]: Inference done 458/998. Dataloading: 0.0021 s/iter. Inference: 0.0825 s/iter. Eval: 0.1680 s/iter. Total: 0.2527 s/iter. ETA=0:02:16
[12/10 04:40:51 d2.evaluation.evaluator]: Inference done 479/998. Dataloading: 0.0021 s/iter. Inference: 0.0824 s/iter. Eval: 0.1676 s/iter. Total: 0.2522 s/iter. ETA=0:02:10
[12/10 04:40:56 d2.evaluation.evaluator]: Inference done 499/998. Dataloading: 0.0021 s/iter. Inference: 0.0823 s/iter. Eval: 0.1677 s/iter. Total: 0.2522 s/iter. ETA=0:02:05
[12/10 04:41:01 d2.evaluation.evaluator]: Inference done 519/998. Dataloading: 0.0021 s/iter. Inference: 0.0823 s/iter. Eval: 0.1677 s/iter. Total: 0.2522 s/iter. ETA=0:02:00
[12/10 04:41:06 d2.evaluation.evaluator]: Inference done 539/998. Dataloading: 0.0021 s/iter. Inference: 0.0822 s/iter. Eval: 0.1678 s/iter. Total: 0.2522 s/iter. ETA=0:01:55
[12/10 04:41:11 d2.evaluation.evaluator]: Inference done 559/998. Dataloading: 0.0021 s/iter. Inference: 0.0822 s/iter. Eval: 0.1680 s/iter. Total: 0.2524 s/iter. ETA=0:01:50
[12/10 04:41:16 d2.evaluation.evaluator]: Inference done 579/998. Dataloading: 0.0021 s/iter. Inference: 0.0821 s/iter. Eval: 0.1681 s/iter. Total: 0.2525 s/iter. ETA=0:01:45
[12/10 04:41:21 d2.evaluation.evaluator]: Inference done 599/998. Dataloading: 0.0021 s/iter. Inference: 0.0821 s/iter. Eval: 0.1681 s/iter. Total: 0.2524 s/iter. ETA=0:01:40
[12/10 04:41:26 d2.evaluation.evaluator]: Inference done 620/998. Dataloading: 0.0021 s/iter. Inference: 0.0820 s/iter. Eval: 0.1679 s/iter. Total: 0.2522 s/iter. ETA=0:01:35
[12/10 04:41:31 d2.evaluation.evaluator]: Inference done 641/998. Dataloading: 0.0021 s/iter. Inference: 0.0820 s/iter. Eval: 0.1677 s/iter. Total: 0.2519 s/iter. ETA=0:01:29
[12/10 04:41:36 d2.evaluation.evaluator]: Inference done 661/998. Dataloading: 0.0021 s/iter. Inference: 0.0819 s/iter. Eval: 0.1677 s/iter. Total: 0.2519 s/iter. ETA=0:01:24
[12/10 04:41:41 d2.evaluation.evaluator]: Inference done 681/998. Dataloading: 0.0021 s/iter. Inference: 0.0819 s/iter. Eval: 0.1679 s/iter. Total: 0.2520 s/iter. ETA=0:01:19
[12/10 04:41:47 d2.evaluation.evaluator]: Inference done 702/998. Dataloading: 0.0021 s/iter. Inference: 0.0819 s/iter. Eval: 0.1678 s/iter. Total: 0.2519 s/iter. ETA=0:01:14
[12/10 04:41:52 d2.evaluation.evaluator]: Inference done 722/998. Dataloading: 0.0021 s/iter. Inference: 0.0818 s/iter. Eval: 0.1680 s/iter. Total: 0.2520 s/iter. ETA=0:01:09
[12/10 04:41:57 d2.evaluation.evaluator]: Inference done 742/998. Dataloading: 0.0021 s/iter. Inference: 0.0818 s/iter. Eval: 0.1681 s/iter. Total: 0.2521 s/iter. ETA=0:01:04
[12/10 04:42:02 d2.evaluation.evaluator]: Inference done 762/998. Dataloading: 0.0021 s/iter. Inference: 0.0818 s/iter. Eval: 0.1680 s/iter. Total: 0.2520 s/iter. ETA=0:00:59
[12/10 04:42:07 d2.evaluation.evaluator]: Inference done 782/998. Dataloading: 0.0021 s/iter. Inference: 0.0817 s/iter. Eval: 0.1681 s/iter. Total: 0.2521 s/iter. ETA=0:00:54
[12/10 04:42:12 d2.evaluation.evaluator]: Inference done 803/998. Dataloading: 0.0021 s/iter. Inference: 0.0817 s/iter. Eval: 0.1679 s/iter. Total: 0.2519 s/iter. ETA=0:00:49
[12/10 04:42:17 d2.evaluation.evaluator]: Inference done 823/998. Dataloading: 0.0021 s/iter. Inference: 0.0817 s/iter. Eval: 0.1679 s/iter. Total: 0.2518 s/iter. ETA=0:00:44
[12/10 04:42:22 d2.evaluation.evaluator]: Inference done 843/998. Dataloading: 0.0021 s/iter. Inference: 0.0817 s/iter. Eval: 0.1681 s/iter. Total: 0.2520 s/iter. ETA=0:00:39
[12/10 04:42:27 d2.evaluation.evaluator]: Inference done 863/998. Dataloading: 0.0021 s/iter. Inference: 0.0817 s/iter. Eval: 0.1681 s/iter. Total: 0.2520 s/iter. ETA=0:00:34
[12/10 04:42:32 d2.evaluation.evaluator]: Inference done 884/998. Dataloading: 0.0021 s/iter. Inference: 0.0816 s/iter. Eval: 0.1681 s/iter. Total: 0.2519 s/iter. ETA=0:00:28
[12/10 04:42:37 d2.evaluation.evaluator]: Inference done 904/998. Dataloading: 0.0021 s/iter. Inference: 0.0816 s/iter. Eval: 0.1681 s/iter. Total: 0.2519 s/iter. ETA=0:00:23
[12/10 04:42:43 d2.evaluation.evaluator]: Inference done 924/998. Dataloading: 0.0021 s/iter. Inference: 0.0816 s/iter. Eval: 0.1682 s/iter. Total: 0.2520 s/iter. ETA=0:00:18
[12/10 04:42:48 d2.evaluation.evaluator]: Inference done 945/998. Dataloading: 0.0021 s/iter. Inference: 0.0816 s/iter. Eval: 0.1681 s/iter. Total: 0.2519 s/iter. ETA=0:00:13
[12/10 04:42:53 d2.evaluation.evaluator]: Inference done 966/998. Dataloading: 0.0021 s/iter. Inference: 0.0815 s/iter. Eval: 0.1680 s/iter. Total: 0.2518 s/iter. ETA=0:00:08
[12/10 04:42:58 d2.evaluation.evaluator]: Inference done 987/998. Dataloading: 0.0021 s/iter. Inference: 0.0815 s/iter. Eval: 0.1680 s/iter. Total: 0.2517 s/iter. ETA=0:00:02
[12/10 04:43:01 d2.evaluation.evaluator]: Total inference time: 0:04:10.126476 (0.251890 s / iter per device, on 1 devices)
[12/10 04:43:01 d2.evaluation.evaluator]: Total inference pure compute time: 0:01:20 (0.081499 s / iter per device, on 1 devices)
[12/10 04:43:01 d2.evaluation.sem_seg_evaluation]: OrderedDict([('sem_seg', {'mIoU': 50.739840829916304, 'fwIoU': 68.56975888505724, 'IoU-road': 77.36298746779238, 'IoU-sidewalk': 8.289954133393834, 'IoU-building': 79.59016840041716, 'IoU-wall': 31.64768987702933, 'IoU-fence': 14.054532244883609, 'IoU-pole': 16.362227295481873, 'IoU-traffic light': 28.921444008604645, 'IoU-traffic sign': 25.165659156514025, 'IoU-vegetation': 64.11943359666807, 'IoU-terrain': 32.1350972452516, 'IoU-sky': 82.5018358987331, 'IoU-person': 35.688354425321954, 'IoU-rider': 4.832621991545869, 'IoU-car': 70.72705080686515, 'IoU-truck': 43.285779190130974, 'IoU-bus': 26.28366595797187, 'IoU-train': 0.026078053675968917, 'IoU-motorcycle': 23.225175782356814, 'IoU-bicycle': 17.939841743571066, 'IoU-bag': 82.41155732623865, 'IoU-ball': 66.70756479529129, 'IoU-barrel': 79.54648293761579, 'IoU-bench': 3.963481707552779, 'IoU-bird': 73.45088830560316, 'IoU-bottle': 81.40233429129206, 'IoU-cart': 52.38005387403385, 'IoU-cat': 78.30768356325639, 'IoU-chair': 56.87666243469128, 'IoU-cow': 70.37176918970732, 'IoU-deer': 58.29527188505331, 'IoU-dog': 64.28469182443786, 'IoU-drone': 46.634978633049656, 'IoU-elephant': 79.1533179332766, 'IoU-hat': 59.03672516783539, 'IoU-horse': 75.79048097827285, 'IoU-robot': 65.94971842045896, 'IoU-sheep': 69.09617896880465, 'IoU-table': 22.431794229250173, 'IoU-toy': 67.23983724475013, 'IoU-umbrella': 70.57436408977557, 'IoU-zebra': 74.26803895011132, 'mACC': 68.43828051376057, 'pACC': 80.50457303148826, 'ACC-road': 97.8286112178768, 'ACC-sidewalk': 8.628330693285994, 'ACC-building': 89.75900546271056, 'ACC-wall': 49.8861533297427, 'ACC-fence': 17.78071046757577, 'ACC-pole': 37.96257299910636, 'ACC-traffic light': 49.33667887290689, 'ACC-traffic sign': 27.928458611378826, 'ACC-vegetation': 75.9713928060171, 'ACC-terrain': 57.88617825036765, 'ACC-sky': 88.84159099092666, 'ACC-person': 45.26710527062268, 'ACC-rider': 10.052918254763322, 'ACC-car': 81.27365202978002, 'ACC-truck': 82.48640104887173, 'ACC-bus': 86.13314819008569, 'ACC-train': 0.02674047496539775, 'ACC-motorcycle': 30.91981655608866, 'ACC-bicycle': 21.146273804037158, 'ACC-bag': 94.57163266323191, 'ACC-ball': 96.64767836110101, 'ACC-barrel': 85.6549238802677, 'ACC-bench': 84.40614865994922, 'ACC-bird': 85.08317314336688, 'ACC-bottle': 87.00805559660223, 'ACC-cart': 90.7240981771399, 'ACC-cat': 94.43558068074307, 'ACC-chair': 70.77314949643352, 'ACC-cow': 95.69386057068641, 'ACC-deer': 86.89117297660245, 'ACC-dog': 79.54027992389037, 'ACC-drone': 57.11788378995604, 'ACC-elephant': 89.77303455698402, 'ACC-hat': 94.2314422712518, 'ACC-horse': 91.01856088529618, 'ACC-robot': 93.98860669877817, 'ACC-sheep': 78.69595499537651, 'ACC-table': 23.936164266566504, 'ACC-toy': 83.04451434068628, 'ACC-umbrella': 96.39106400226159, 'ACC-zebra': 87.22678179590208})])
[12/10 04:43:01 d2.engine.defaults]: Evaluation results for acdc_inpaint41_test in csv format:
[12/10 04:43:01 d2.evaluation.testing]: copypaste: Task: sem_seg
[12/10 04:43:01 d2.evaluation.testing]: copypaste: mIoU,fwIoU,mACC,pACC
[12/10 04:43:01 d2.evaluation.testing]: copypaste: 50.7398,68.5698,68.4383,80.5046
/data/zd/TTA_VLM/S2_Corr/train_net.py:16: FutureWarning: In the future `np.bool` will be defined as the corresponding NumPy scalar.
  if not hasattr(np, _name):
/data/zd/TTA_VLM/S2_Corr/train_net.py:16: FutureWarning: In the future `np.object` will be defined as the corresponding NumPy scalar.
  if not hasattr(np, _name):
/data/zd/TTA_VLM/S2_Corr/train_net.py:18: FutureWarning: In the future `np.long` will be defined as the corresponding NumPy scalar.
  if not hasattr(np, "long"):
/data2/anaconda3/envs/DeCLIP_CATSeg/lib/python3.10/site-packages/torchvision/datapoints/__init__.py:12: UserWarning: The torchvision.datapoints and torchvision.transforms.v2 namespaces are still Beta. While we do not expect major breaking changes, some APIs may still change according to user feedback. Please submit any feedback you may have in this issue: https://github.com/pytorch/vision/issues/6753, and you can also check out https://github.com/pytorch/vision/issues/7319 to learn more about the APIs that we suspect might involve future changes. You can silence this warning by calling torchvision.disable_beta_transforms_warning().
  warnings.warn(_BETA_TRANSFORMS_WARNING)
/data2/anaconda3/envs/DeCLIP_CATSeg/lib/python3.10/site-packages/torchvision/transforms/v2/__init__.py:54: UserWarning: The torchvision.datapoints and torchvision.transforms.v2 namespaces are still Beta. While we do not expect major breaking changes, some APIs may still change according to user feedback. Please submit any feedback you may have in this issue: https://github.com/pytorch/vision/issues/6753, and you can also check out https://github.com/pytorch/vision/issues/7319 to learn more about the APIs that we suspect might involve future changes. You can silence this warning by calling torchvision.disable_beta_transforms_warning().
  warnings.warn(_BETA_TRANSFORMS_WARNING)
Please 'pip install apex'
Command Line Args: Namespace(config_file='configs/gta5_seen7_catseg.yaml', resume=False, eval_only=True, num_gpus=1, num_machines=1, machine_rank=0, dist_url='auto', opts=['OUTPUT_DIR', 'outputs/gta_seen7_eva_b16_r512/eval', 'MODEL.SEM_SEG_HEAD.TEST_CLASS_JSON', 'datasets/inpaint41_vocab.json', 'MODEL.SEM_SEG_HEAD.ENABLE_HIGH_RES', 'False', 'DATASETS.TEST', '("bdd_inpaint41_test",)', 'TEST.SLIDING_WINDOW', 'True', 'MODEL.SEM_SEG_HEAD.POOLING_SIZES', '[1,1]', 'MODEL.WEIGHTS', 'outputs/gta_seen7_eva_b16_r512/model_0019999.pth'])
[12/10 04:43:06 detectron2]: Rank of current process: 0. World size: 1
[12/10 04:43:06 detectron2]: Environment info:
----------------------  ------------------------------------------------------------------------------------------
sys.platform            linux
Python                  3.10.0 (default, Mar  3 2022, 09:58:08) [GCC 7.5.0]
numpy                   1.26.4
detectron2              0.6 @/data2/anaconda3/envs/DeCLIP_CATSeg/lib/python3.10/site-packages/detectron2
Compiler                GCC 7.5
CUDA compiler           CUDA 11.6
detectron2 arch flags   8.0
DETECTRON2_ENV_MODULE   <not set>
PyTorch                 2.0.0+cu117 @/data2/anaconda3/envs/DeCLIP_CATSeg/lib/python3.10/site-packages/torch
PyTorch debug build     False
GPU available           Yes
GPU 0                   GeForce RTX 3090 (arch=8.6)
Driver version          460.84
CUDA_HOME               /usr/local/cuda-11.6
TORCH_CUDA_ARCH_LIST    8.0
Pillow                  9.1.0
torchvision             0.15.1+cu117 @/data2/anaconda3/envs/DeCLIP_CATSeg/lib/python3.10/site-packages/torchvision
torchvision arch flags  3.5, 5.0, 6.0, 7.0, 7.5, 8.0, 8.6
fvcore                  0.1.5.post20221221
iopath                  0.1.9
cv2                     4.11.0
----------------------  ------------------------------------------------------------------------------------------
PyTorch built with:
  - GCC 9.3
  - C++ Version: 201703
  - Intel(R) oneAPI Math Kernel Library Version 2022.2-Product Build 20220804 for Intel(R) 64 architecture applications
  - Intel(R) MKL-DNN v2.7.3 (Git Hash 6dbeffbae1f23cbbeae17adb7b5b13f1f37c080e)
  - OpenMP 201511 (a.k.a. OpenMP 4.5)
  - LAPACK is enabled (usually provided by MKL)
  - NNPACK is enabled
  - CPU capability usage: AVX2
  - CUDA Runtime 11.7
  - NVCC architecture flags: -gencode;arch=compute_37,code=sm_37;-gencode;arch=compute_50,code=sm_50;-gencode;arch=compute_60,code=sm_60;-gencode;arch=compute_70,code=sm_70;-gencode;arch=compute_75,code=sm_75;-gencode;arch=compute_80,code=sm_80;-gencode;arch=compute_86,code=sm_86
  - CuDNN 8.5
  - Magma 2.6.1
  - Build settings: BLAS_INFO=mkl, BUILD_TYPE=Release, CUDA_VERSION=11.7, CUDNN_VERSION=8.5.0, CXX_COMPILER=/opt/rh/devtoolset-9/root/usr/bin/c++, CXX_FLAGS= -D_GLIBCXX_USE_CXX11_ABI=0 -fabi-version=11 -Wno-deprecated -fvisibility-inlines-hidden -DUSE_PTHREADPOOL -DNDEBUG -DUSE_KINETO -DLIBKINETO_NOROCTRACER -DUSE_FBGEMM -DUSE_QNNPACK -DUSE_PYTORCH_QNNPACK -DUSE_XNNPACK -DSYMBOLICATE_MOBILE_DEBUG_HANDLE -O2 -fPIC -Wall -Wextra -Werror=return-type -Werror=non-virtual-dtor -Werror=bool-operation -Wnarrowing -Wno-missing-field-initializers -Wno-type-limits -Wno-array-bounds -Wno-unknown-pragmas -Wunused-local-typedefs -Wno-unused-parameter -Wno-unused-function -Wno-unused-result -Wno-strict-overflow -Wno-strict-aliasing -Wno-error=deprecated-declarations -Wno-stringop-overflow -Wno-psabi -Wno-error=pedantic -Wno-error=redundant-decls -Wno-error=old-style-cast -fdiagnostics-color=always -faligned-new -Wno-unused-but-set-variable -Wno-maybe-uninitialized -fno-math-errno -fno-trapping-math -Werror=format -Werror=cast-function-type -Wno-stringop-overflow, LAPACK_INFO=mkl, PERF_WITH_AVX=1, PERF_WITH_AVX2=1, PERF_WITH_AVX512=1, TORCH_DISABLE_GPU_ASSERTS=ON, TORCH_VERSION=2.0.0, USE_CUDA=ON, USE_CUDNN=ON, USE_EXCEPTION_PTR=1, USE_GFLAGS=OFF, USE_GLOG=OFF, USE_MKL=ON, USE_MKLDNN=ON, USE_MPI=OFF, USE_NCCL=1, USE_NNPACK=ON, USE_OPENMP=ON, USE_ROCM=OFF, 

[12/10 04:43:06 detectron2]: Command line arguments: Namespace(config_file='configs/gta5_seen7_catseg.yaml', resume=False, eval_only=True, num_gpus=1, num_machines=1, machine_rank=0, dist_url='auto', opts=['OUTPUT_DIR', 'outputs/gta_seen7_eva_b16_r512/eval', 'MODEL.SEM_SEG_HEAD.TEST_CLASS_JSON', 'datasets/inpaint41_vocab.json', 'MODEL.SEM_SEG_HEAD.ENABLE_HIGH_RES', 'False', 'DATASETS.TEST', '("bdd_inpaint41_test",)', 'TEST.SLIDING_WINDOW', 'True', 'MODEL.SEM_SEG_HEAD.POOLING_SIZES', '[1,1]', 'MODEL.WEIGHTS', 'outputs/gta_seen7_eva_b16_r512/model_0019999.pth'])
[12/10 04:43:06 detectron2]: Contents of args.config_file=configs/gta5_seen7_catseg.yaml:
_BASE_: config.yaml
DATASETS:
  TRAIN: ("gta5_seen7_train_seg",)
  TEST:  ("acdc_inpaint41_test",)
MODEL:
  META_ARCHITECTURE: "CATSeg"
  PIXEL_MEAN: [123.675, 116.280, 103.530]
  PIXEL_STD: [58.395, 57.120, 57.375]
  SEM_SEG_HEAD:
    NAME: "CATSegHead"
    IN_FEATURES: [ "res2", "res3", "res4" ]
    IGNORE_VALUE: 255
    NUM_CLASSES: 19
    TRAIN_CLASS_JSON: "datasets/cityscapes_seen_7.json"
    TEST_CLASS_JSON:  "datasets/inpaint41_vocab.json"
    CLIP_PRETRAINED: "EVA02-CLIP-B-16"
    PROMPT_DEPTH: 0
    PROMPT_LENGTH: 0
    TEXT_GUIDANCE_DIM: 512
    TEXT_GUIDANCE_PROJ_DIM: 128
    APPEARANCE_GUIDANCE_DIM: 512
    APPEARANCE_GUIDANCE_PROJ_DIM: 128
    DECODER_DIMS: [ 64, 32 ]
    DECODER_GUIDANCE_DIMS: [ 256, 128 ]
    DECODER_GUIDANCE_PROJ_DIMS: [ 32, 16 ]
    NUM_LAYERS: 1
    NUM_HEADS: 4
    HIDDEN_DIMS: 128
    POOLING_SIZES: [ 1, 1 ]
    FEATURE_RESOLUTION: [ 32, 32 ]
    WINDOW_SIZES: 16
    ATTENTION_TYPE: "linear"
    CLIP_FINETUNE: "vision_text"
    CACHE_DIR: "/data/zd/TTA_VLM/DeCLIP-ZSSS/Pretrain/EVA02_CLIP_B_psz16_s8B.pt"
    ENABLE_HIGH_RES: "False"
  PROMPT_ENSEMBLE_TYPE: "multi_domain"
INPUT:
  MIN_SIZE_TRAIN: (512, 768)
  MIN_SIZE_TRAIN_SAMPLING: "choice"
  MAX_SIZE_TRAIN: 1024
  MIN_SIZE_TEST: 512
  MAX_SIZE_TEST: 1024
  CROP:
    ENABLED: True
    TYPE: "absolute"
    SIZE: (512, 512)
  SIZE_DIVISIBILITY: 32
  FORMAT: "RGB"
  DATASET_MAPPER_NAME: "mask_former_semantic"
SOLVER:
  IMS_PER_BATCH: 4
  LR_SCHEDULER_NAME: "WarmupCosineLR"
  BASE_LR: 0.0002
  MAX_ITER: 20000
  BACKBONE_MULTIPLIER: 0.0
  CLIP_MULTIPLIER: 0.01
TEST:
  EVAL_PERIOD: 5000
  SLIDING_WINDOW: True
  SW_KERNEL: 512
  SW_OVERLAP: 0.333
  SW_OUT_RES: [512, 1024]
[12/10 04:43:06 detectron2]: Running with full config:
CUDNN_BENCHMARK: true
DATALOADER:
  ASPECT_RATIO_GROUPING: true
  FILTER_EMPTY_ANNOTATIONS: true
  NUM_WORKERS: 8
  REPEAT_THRESHOLD: 0.0
  SAMPLER_TRAIN: TrainingSampler
DATASETS:
  PRECOMPUTED_PROPOSAL_TOPK_TEST: 1000
  PRECOMPUTED_PROPOSAL_TOPK_TRAIN: 2000
  PROPOSAL_FILES_TEST: []
  PROPOSAL_FILES_TRAIN: []
  TEST:
  - bdd_inpaint41_test
  TRAIN:
  - gta5_seen7_train_seg
  VAL_ALL:
  - coco_2017_val_all_stuff_sem_seg
DDP:
  BROADCAST_BUFFERS: false
  FIND_UNUSED_PARAMETERS: true
GLOBAL:
  HACK: 1.0
INPUT:
  COLOR_AUG_SSD: true
  CROP:
    ENABLED: true
    SINGLE_CATEGORY_MAX_AREA: 1.0
    SIZE:
    - 512
    - 512
    TYPE: absolute
  DATASET_MAPPER_NAME: mask_former_semantic
  FORMAT: RGB
  MASK_FORMAT: polygon
  MAX_SIZE_TEST: 1024
  MAX_SIZE_TRAIN: 1024
  MIN_SIZE_TEST: 512
  MIN_SIZE_TRAIN:
  - 512
  - 768
  MIN_SIZE_TRAIN_SAMPLING: choice
  RANDOM_FLIP: horizontal
  SIZE_DIVISIBILITY: 32
MODEL:
  ANCHOR_GENERATOR:
    ANGLES:
    - - -90
      - 0
      - 90
    ASPECT_RATIOS:
    - - 0.5
      - 1.0
      - 2.0
    NAME: DefaultAnchorGenerator
    OFFSET: 0.0
    SIZES:
    - - 32
      - 64
      - 128
      - 256
      - 512
  BACKBONE:
    FREEZE_AT: 2
    NAME: build_resnet_backbone
  CLIP_PIXEL_MEAN:
  - 122.7709383
  - 116.7460125
  - 104.09373615
  CLIP_PIXEL_STD:
  - 68.5005327
  - 66.6321579
  - 70.323163
  DEVICE: cuda
  FPN:
    FUSE_TYPE: sum
    IN_FEATURES: []
    NORM: ''
    OUT_CHANNELS: 256
  KEYPOINT_ON: false
  LOAD_PROPOSALS: false
  MASK_FORMER:
    SIZE_DIVISIBILITY: 32
  MASK_ON: false
  META_ARCHITECTURE: CATSeg
  PANOPTIC_FPN:
    COMBINE:
      ENABLED: true
      INSTANCES_CONFIDENCE_THRESH: 0.5
      OVERLAP_THRESH: 0.5
      STUFF_AREA_LIMIT: 4096
    INSTANCE_LOSS_WEIGHT: 1.0
  PIXEL_MEAN:
  - 123.675
  - 116.28
  - 103.53
  PIXEL_STD:
  - 58.395
  - 57.12
  - 57.375
  PROMPT_ENSEMBLE: false
  PROMPT_ENSEMBLE_TYPE: multi_domain
  PROPOSAL_GENERATOR:
    MIN_SIZE: 0
    NAME: RPN
  RESNETS:
    DEFORM_MODULATED: false
    DEFORM_NUM_GROUPS: 1
    DEFORM_ON_PER_STAGE:
    - false
    - false
    - false
    - false
    DEPTH: 50
    NORM: FrozenBN
    NUM_GROUPS: 1
    OUT_FEATURES:
    - res4
    RES2_OUT_CHANNELS: 256
    RES4_DILATION: 1
    RES5_DILATION: 1
    RES5_MULTI_GRID:
    - 1
    - 2
    - 4
    STEM_OUT_CHANNELS: 64
    STEM_TYPE: deeplab
    STRIDE_IN_1X1: true
    WIDTH_PER_GROUP: 64
  RETINANET:
    BBOX_REG_LOSS_TYPE: smooth_l1
    BBOX_REG_WEIGHTS: &id002
    - 1.0
    - 1.0
    - 1.0
    - 1.0
    FOCAL_LOSS_ALPHA: 0.25
    FOCAL_LOSS_GAMMA: 2.0
    IN_FEATURES:
    - p3
    - p4
    - p5
    - p6
    - p7
    IOU_LABELS:
    - 0
    - -1
    - 1
    IOU_THRESHOLDS:
    - 0.4
    - 0.5
    NMS_THRESH_TEST: 0.5
    NORM: ''
    NUM_CLASSES: 80
    NUM_CONVS: 4
    PRIOR_PROB: 0.01
    SCORE_THRESH_TEST: 0.05
    SMOOTH_L1_LOSS_BETA: 0.1
    TOPK_CANDIDATES_TEST: 1000
  ROI_BOX_CASCADE_HEAD:
    BBOX_REG_WEIGHTS:
    - &id001
      - 10.0
      - 10.0
      - 5.0
      - 5.0
    - - 20.0
      - 20.0
      - 10.0
      - 10.0
    - - 30.0
      - 30.0
      - 15.0
      - 15.0
    IOUS:
    - 0.5
    - 0.6
    - 0.7
  ROI_BOX_HEAD:
    BBOX_REG_LOSS_TYPE: smooth_l1
    BBOX_REG_LOSS_WEIGHT: 1.0
    BBOX_REG_WEIGHTS: *id001
    CLS_AGNOSTIC_BBOX_REG: false
    CONV_DIM: 256
    FC_DIM: 1024
    NAME: ''
    NORM: ''
    NUM_CONV: 0
    NUM_FC: 0
    POOLER_RESOLUTION: 14
    POOLER_SAMPLING_RATIO: 0
    POOLER_TYPE: ROIAlignV2
    SMOOTH_L1_BETA: 0.0
    TRAIN_ON_PRED_BOXES: false
  ROI_HEADS:
    BATCH_SIZE_PER_IMAGE: 512
    IN_FEATURES:
    - res4
    IOU_LABELS:
    - 0
    - 1
    IOU_THRESHOLDS:
    - 0.5
    NAME: Res5ROIHeads
    NMS_THRESH_TEST: 0.5
    NUM_CLASSES: 80
    POSITIVE_FRACTION: 0.25
    PROPOSAL_APPEND_GT: true
    SCORE_THRESH_TEST: 0.05
  ROI_KEYPOINT_HEAD:
    CONV_DIMS:
    - 512
    - 512
    - 512
    - 512
    - 512
    - 512
    - 512
    - 512
    LOSS_WEIGHT: 1.0
    MIN_KEYPOINTS_PER_IMAGE: 1
    NAME: KRCNNConvDeconvUpsampleHead
    NORMALIZE_LOSS_BY_VISIBLE_KEYPOINTS: true
    NUM_KEYPOINTS: 17
    POOLER_RESOLUTION: 14
    POOLER_SAMPLING_RATIO: 0
    POOLER_TYPE: ROIAlignV2
  ROI_MASK_HEAD:
    CLS_AGNOSTIC_MASK: false
    CONV_DIM: 256
    NAME: MaskRCNNConvUpsampleHead
    NORM: ''
    NUM_CONV: 0
    POOLER_RESOLUTION: 14
    POOLER_SAMPLING_RATIO: 0
    POOLER_TYPE: ROIAlignV2
  RPN:
    BATCH_SIZE_PER_IMAGE: 256
    BBOX_REG_LOSS_TYPE: smooth_l1
    BBOX_REG_LOSS_WEIGHT: 1.0
    BBOX_REG_WEIGHTS: *id002
    BOUNDARY_THRESH: -1
    CONV_DIMS:
    - -1
    HEAD_NAME: StandardRPNHead
    IN_FEATURES:
    - res4
    IOU_LABELS:
    - 0
    - -1
    - 1
    IOU_THRESHOLDS:
    - 0.3
    - 0.7
    LOSS_WEIGHT: 1.0
    NMS_THRESH: 0.7
    POSITIVE_FRACTION: 0.5
    POST_NMS_TOPK_TEST: 1000
    POST_NMS_TOPK_TRAIN: 2000
    PRE_NMS_TOPK_TEST: 6000
    PRE_NMS_TOPK_TRAIN: 12000
    SMOOTH_L1_BETA: 0.0
  SEM_SEG_HEAD:
    APPEARANCE_GUIDANCE_DIM: 512
    APPEARANCE_GUIDANCE_PROJ_DIM: 128
    ASPP_CHANNELS: 256
    ASPP_DILATIONS:
    - 6
    - 12
    - 18
    ASPP_DROPOUT: 0.1
    ATTENTION_TYPE: linear
    CACHE_DIR: /data/zd/TTA_VLM/DeCLIP-ZSSS/Pretrain/EVA02_CLIP_B_psz16_s8B.pt
    CLIP_FINETUNE: vision_text
    CLIP_PRETRAINED: EVA02-CLIP-B-16
    COMMON_STRIDE: 4
    CONVS_DIM: 128
    DECODER_DIMS:
    - 64
    - 32
    DECODER_GUIDANCE_DIMS:
    - 256
    - 128
    DECODER_GUIDANCE_PROJ_DIMS:
    - 32
    - 16
    ENABLE_HIGH_RES: false
    FEATURE_RESOLUTION:
    - 32
    - 32
    HIDDEN_DIMS: 128
    IGNORE_VALUE: 255
    IN_FEATURES:
    - res2
    - res3
    - res4
    LOSS_TYPE: hard_pixel_mining
    LOSS_WEIGHT: 1.0
    NAME: CATSegHead
    NORM: GN
    NUM_CLASSES: 19
    NUM_HEADS: 4
    NUM_LAYERS: 1
    POOLING_SIZES:
    - 1
    - 1
    PROJECT_CHANNELS:
    - 48
    PROJECT_FEATURES:
    - res2
    PROMPT_DEPTH: 0
    PROMPT_LENGTH: 0
    TEST_CLASS_INDEXES: datasets/coco/coco_stuff/split/unseen_indexes.json
    TEST_CLASS_JSON: datasets/inpaint41_vocab.json
    TEXT_GUIDANCE_DIM: 512
    TEXT_GUIDANCE_PROJ_DIM: 128
    TRAIN_CLASS_INDEXES: datasets/coco/coco_stuff/split/seen_indexes.json
    TRAIN_CLASS_JSON: datasets/cityscapes_seen_7.json
    USE_DEPTHWISE_SEPARABLE_CONV: false
    WINDOW_SIZES: 16
  SWIN:
    APE: false
    ATTN_DROP_RATE: 0.0
    DEPTHS:
    - 2
    - 2
    - 6
    - 2
    DROP_PATH_RATE: 0.3
    DROP_RATE: 0.0
    EMBED_DIM: 96
    MLP_RATIO: 4.0
    NUM_HEADS:
    - 3
    - 6
    - 12
    - 24
    OUT_FEATURES:
    - res2
    - res3
    - res4
    - res5
    PATCH_NORM: true
    PATCH_SIZE: 4
    PRETRAIN_IMG_SIZE: 224
    QKV_BIAS: true
    QK_SCALE: null
    WINDOW_SIZE: 7
  WEIGHTS: outputs/gta_seen7_eva_b16_r512/model_0019999.pth
OUTPUT_DIR: outputs/gta_seen7_eva_b16_r512/eval
SEED: -1
SOLVER:
  AMP:
    ENABLED: false
  BACKBONE_MULTIPLIER: 0.0
  BASE_LR: 0.0002
  BIAS_LR_FACTOR: 1.0
  CHECKPOINT_PERIOD: 5000
  CLIP_GRADIENTS:
    CLIP_TYPE: full_model
    CLIP_VALUE: 0.01
    ENABLED: true
    NORM_TYPE: 2.0
  CLIP_MULTIPLIER: 0.01
  GAMMA: 0.1
  IMS_PER_BATCH: 4
  LR_SCHEDULER_NAME: WarmupCosineLR
  MAX_ITER: 20000
  MOMENTUM: 0.9
  NESTEROV: false
  OPTIMIZER: ADAMW
  POLY_LR_CONSTANT_ENDING: 0.0
  POLY_LR_POWER: 0.9
  REFERENCE_WORLD_SIZE: 0
  STEPS:
  - 30000
  WARMUP_FACTOR: 1.0
  WARMUP_ITERS: 0
  WARMUP_METHOD: linear
  WEIGHT_DECAY: 0.0001
  WEIGHT_DECAY_BIAS: null
  WEIGHT_DECAY_EMBED: 0.0
  WEIGHT_DECAY_NORM: 0.0
TEST:
  AUG:
    ENABLED: false
    FLIP: true
    MAX_SIZE: 4000
    MIN_SIZES:
    - 400
    - 500
    - 600
    - 700
    - 800
    - 900
    - 1000
    - 1100
    - 1200
  DETECTIONS_PER_IMAGE: 100
  EVAL_PERIOD: 5000
  EXPECTED_RESULTS: []
  KEYPOINT_OKS_SIGMAS: []
  PRECISE_BN:
    ENABLED: false
    NUM_ITER: 200
  SLIDING_WINDOW: true
  SW_KERNEL: 512
  SW_OUT_RES:
  - 512
  - 1024
  SW_OVERLAP: 0.333
VERSION: 2
VIS_PERIOD: 0

[12/10 04:43:06 detectron2]: Full config saved to outputs/gta_seen7_eva_b16_r512/eval/config.yaml
[12/10 04:43:07 d2.utils.env]: Using a generated random seed 7111330
Freeze text encoder parameters
[12/10 04:43:12 d2.engine.defaults]: Model:
CATSeg(
  (sem_seg_head): CATSegHead(
    (predictor): CATSegPredictor(
      (clip_model): CustomCLIP(
        (visual): EVAVisionTransformer(
          (patch_embed): PatchEmbed(
            (proj): Conv2d(3, 768, kernel_size=(16, 16), stride=(16, 16))
          )
          (pos_drop): Dropout(p=0.0, inplace=False)
          (rope): VisionRotaryEmbeddingFast()
          (blocks): ModuleList(
            (0-11): 12 x Block(
              (norm1): LayerNorm((768,), eps=1e-06, elementwise_affine=True)
              (attn): Attention(
                (q_proj): Linear(in_features=768, out_features=768, bias=False)
                (k_proj): Linear(in_features=768, out_features=768, bias=False)
                (v_proj): Linear(in_features=768, out_features=768, bias=False)
                (attn_drop): Dropout(p=0.0, inplace=False)
                (inner_attn_ln): LayerNorm((768,), eps=1e-06, elementwise_affine=True)
                (proj): Linear(in_features=768, out_features=768, bias=True)
                (proj_drop): Dropout(p=0.0, inplace=False)
                (rope): VisionRotaryEmbeddingFast()
              )
              (drop_path): Identity()
              (norm2): LayerNorm((768,), eps=1e-06, elementwise_affine=True)
              (mlp): SwiGLU(
                (w1): Linear(in_features=768, out_features=2048, bias=True)
                (w2): Linear(in_features=768, out_features=2048, bias=True)
                (act): SiLU()
                (ffn_ln): LayerNorm((2048,), eps=1e-06, elementwise_affine=True)
                (w3): Linear(in_features=2048, out_features=768, bias=True)
                (drop): Dropout(p=0.0, inplace=False)
              )
            )
          )
          (norm): LayerNorm((768,), eps=1e-06, elementwise_affine=True)
          (head): Linear(in_features=768, out_features=512, bias=True)
          (patch_dropout): Identity()
        )
        (text): TextTransformer(
          (token_embedding): Embedding(49408, 512)
          (transformer): Transformer(
            (resblocks): ModuleList(
              (0-11): 12 x ResidualAttentionBlock(
                (ln_1): LayerNorm((512,), eps=1e-05, elementwise_affine=True)
                (attn): Attention(
                  (attn_drop): Dropout(p=0.0, inplace=False)
                  (out_proj): Linear(in_features=512, out_features=512, bias=True)
                  (out_drop): Dropout(p=0.0, inplace=False)
                )
                (ls_1): Identity()
                (ln_2): LayerNorm((512,), eps=1e-05, elementwise_affine=True)
                (mlp): Sequential(
                  (c_fc): Linear(in_features=512, out_features=2048, bias=True)
                  (gelu): GELU(approximate='none')
                  (c_proj): Linear(in_features=2048, out_features=512, bias=True)
                )
                (ls_2): Identity()
              )
            )
          )
          (ln_final): LayerNorm((512,), eps=1e-05, elementwise_affine=True)
        )
      )
      (transformer): AggregatorMambaLite(
        (layers): ModuleList(
          (0): Sequential(
            (0): AxialMambaBlockLite_v2(
              (film): FiLM2D(
                (pool): AdaptiveAvgPool2d(output_size=1)
                (fc): Conv2d(128, 256, kernel_size=(1, 1), stride=(1, 1))
              )
              (pre_mix): Sequential(
                (0): Conv2d(128, 128, kernel_size=(3, 3), stride=(1, 1), padding=(1, 1), groups=128)
                (1): Conv2d(128, 128, kernel_size=(1, 1), stride=(1, 1))
                (2): GELU(approximate='none')
              )
              (seq_row): Mamba1DWithDecayPrior(
                (out_norm): LayerNorm((128,), eps=1e-05, elementwise_affine=True)
                (gate): Sequential(
                  (0): Linear(in_features=128, out_features=128, bias=True)
                  (1): SiLU()
                )
                (proj_in): Linear(in_features=128, out_features=384, bias=True)
                (drop): Dropout(p=0.0, inplace=False)
              )
              (post_proj): Conv2d(128, 128, kernel_size=(1, 1), stride=(1, 1))
              (norm_tok): LayerNorm((128,), eps=1e-05, elementwise_affine=True)
              (ffn): Sequential(
                (0): Linear(in_features=128, out_features=384, bias=True)
                (1): GELU(approximate='none')
                (2): Linear(in_features=384, out_features=128, bias=True)
              )
              (down): Identity()
            )
            (1): ClassMambaLayerLite(
              (pool): AvgPool2d(kernel_size=[1, 1], stride=[1, 1], padding=0)
              (guid_proj): Linear(in_features=128, out_features=256, bias=True)
              (seq_block): _Mamba1DAdapterLite(
                (blocks): ModuleList(
                  (0): PseudoMamba1D(
                    (gate): Sequential(
                      (0): Linear(in_features=128, out_features=128, bias=True)
                      (1): SiLU()
                    )
                    (proj_in): Linear(in_features=128, out_features=384, bias=True)
                    (out_norm): LayerNorm((128,), eps=1e-05, elementwise_affine=True)
                    (drop): Dropout(p=0.0, inplace=False)
                  )
                )
                (norm): LayerNorm((128,), eps=1e-05, elementwise_affine=True)
              )
              (norm1): LayerNorm((128,), eps=1e-05, elementwise_affine=True)
              (norm2): LayerNorm((128,), eps=1e-05, elementwise_affine=True)
              (ffn): Sequential(
                (0): Linear(in_features=128, out_features=384, bias=True)
                (1): GELU(approximate='none')
                (2): Linear(in_features=384, out_features=128, bias=True)
              )
            )
          )
        )
        (conv1): Conv2d(1, 128, kernel_size=(7, 7), stride=(1, 1), padding=(3, 3))
        (guidance_projection): Sequential(
          (0): Conv2d(512, 128, kernel_size=(3, 3), stride=(1, 1), padding=(1, 1))
          (1): ReLU()
        )
        (text_guidance_projection): Sequential(
          (0): Linear(in_features=512, out_features=128, bias=True)
          (1): ReLU()
        )
        (decoder_guidance_projection): ModuleList(
          (0): Sequential(
            (0): Conv2d(256, 32, kernel_size=(3, 3), stride=(1, 1), padding=(1, 1))
            (1): ReLU()
          )
          (1): Sequential(
            (0): Conv2d(128, 16, kernel_size=(3, 3), stride=(1, 1), padding=(1, 1))
            (1): ReLU()
          )
        )
        (decoder1): UpLite(
          (up): ConvTranspose2d(128, 96, kernel_size=(2, 2), stride=(2, 2))
          (conv): Sequential(
            (0): Conv2d(128, 64, kernel_size=(3, 3), stride=(1, 1), padding=(1, 1), bias=False)
            (1): GroupNorm(4, 64, eps=1e-05, affine=True)
            (2): ReLU()
          )
        )
        (decoder2): UpLite(
          (up): ConvTranspose2d(64, 48, kernel_size=(2, 2), stride=(2, 2))
          (conv): Sequential(
            (0): Conv2d(64, 32, kernel_size=(3, 3), stride=(1, 1), padding=(1, 1), bias=False)
            (1): GroupNorm(2, 32, eps=1e-05, affine=True)
            (2): ReLU()
          )
        )
        (head): Conv2d(32, 1, kernel_size=(3, 3), stride=(1, 1), padding=(1, 1))
      )
    )
  )
  (upsample1): ConvTranspose2d(768, 256, kernel_size=(2, 2), stride=(2, 2))
  (upsample2): ConvTranspose2d(768, 128, kernel_size=(4, 4), stride=(4, 4))
)
[12/10 04:43:12 fvcore.common.checkpoint]: [Checkpointer] Loading from outputs/gta_seen7_eva_b16_r512/model_0019999.pth ...
[12/10 04:43:12 d2.data.dataset_mapper]: [DatasetMapper] Augmentations used in inference: [ResizeShortestEdge(short_edge_length=(512, 512), max_size=1024, sample_style='choice')]
[12/10 04:43:12 d2.data.common]: Serializing 1003 elements to byte tensors and concatenating them all ...
[12/10 04:43:12 d2.data.common]: Serialized dataset takes 0.24 MiB
[12/10 04:43:12 d2.evaluation.evaluator]: Start inference on 1003 batches
Add a new rope freq of shape: torch.Size([1024, 64])
[12/10 04:43:16 d2.evaluation.evaluator]: Inference done 11/1003. Dataloading: 0.0013 s/iter. Inference: 0.0803 s/iter. Eval: 0.0808 s/iter. Total: 0.1624 s/iter. ETA=0:02:41
[12/10 04:43:21 d2.evaluation.evaluator]: Inference done 43/1003. Dataloading: 0.0017 s/iter. Inference: 0.0857 s/iter. Eval: 0.0723 s/iter. Total: 0.1597 s/iter. ETA=0:02:33
[12/10 04:43:26 d2.evaluation.evaluator]: Inference done 76/1003. Dataloading: 0.0017 s/iter. Inference: 0.0820 s/iter. Eval: 0.0725 s/iter. Total: 0.1563 s/iter. ETA=0:02:24
[12/10 04:43:31 d2.evaluation.evaluator]: Inference done 110/1003. Dataloading: 0.0018 s/iter. Inference: 0.0802 s/iter. Eval: 0.0723 s/iter. Total: 0.1544 s/iter. ETA=0:02:17
[12/10 04:43:36 d2.evaluation.evaluator]: Inference done 144/1003. Dataloading: 0.0018 s/iter. Inference: 0.0790 s/iter. Eval: 0.0721 s/iter. Total: 0.1529 s/iter. ETA=0:02:11
[12/10 04:43:41 d2.evaluation.evaluator]: Inference done 178/1003. Dataloading: 0.0018 s/iter. Inference: 0.0784 s/iter. Eval: 0.0720 s/iter. Total: 0.1522 s/iter. ETA=0:02:05
[12/10 04:43:46 d2.evaluation.evaluator]: Inference done 213/1003. Dataloading: 0.0018 s/iter. Inference: 0.0778 s/iter. Eval: 0.0714 s/iter. Total: 0.1511 s/iter. ETA=0:01:59
[12/10 04:43:51 d2.evaluation.evaluator]: Inference done 248/1003. Dataloading: 0.0018 s/iter. Inference: 0.0774 s/iter. Eval: 0.0709 s/iter. Total: 0.1502 s/iter. ETA=0:01:53
[12/10 04:43:56 d2.evaluation.evaluator]: Inference done 282/1003. Dataloading: 0.0018 s/iter. Inference: 0.0772 s/iter. Eval: 0.0708 s/iter. Total: 0.1499 s/iter. ETA=0:01:48
[12/10 04:44:01 d2.evaluation.evaluator]: Inference done 316/1003. Dataloading: 0.0019 s/iter. Inference: 0.0771 s/iter. Eval: 0.0707 s/iter. Total: 0.1497 s/iter. ETA=0:01:42
[12/10 04:44:06 d2.evaluation.evaluator]: Inference done 352/1003. Dataloading: 0.0019 s/iter. Inference: 0.0769 s/iter. Eval: 0.0701 s/iter. Total: 0.1489 s/iter. ETA=0:01:36
[12/10 04:44:11 d2.evaluation.evaluator]: Inference done 388/1003. Dataloading: 0.0019 s/iter. Inference: 0.0768 s/iter. Eval: 0.0695 s/iter. Total: 0.1482 s/iter. ETA=0:01:31
[12/10 04:44:16 d2.evaluation.evaluator]: Inference done 424/1003. Dataloading: 0.0020 s/iter. Inference: 0.0766 s/iter. Eval: 0.0690 s/iter. Total: 0.1477 s/iter. ETA=0:01:25
[12/10 04:44:21 d2.evaluation.evaluator]: Inference done 459/1003. Dataloading: 0.0020 s/iter. Inference: 0.0765 s/iter. Eval: 0.0688 s/iter. Total: 0.1474 s/iter. ETA=0:01:20
[12/10 04:44:27 d2.evaluation.evaluator]: Inference done 494/1003. Dataloading: 0.0020 s/iter. Inference: 0.0765 s/iter. Eval: 0.0687 s/iter. Total: 0.1472 s/iter. ETA=0:01:14
[12/10 04:44:32 d2.evaluation.evaluator]: Inference done 530/1003. Dataloading: 0.0020 s/iter. Inference: 0.0764 s/iter. Eval: 0.0684 s/iter. Total: 0.1469 s/iter. ETA=0:01:09
[12/10 04:44:37 d2.evaluation.evaluator]: Inference done 566/1003. Dataloading: 0.0020 s/iter. Inference: 0.0763 s/iter. Eval: 0.0680 s/iter. Total: 0.1464 s/iter. ETA=0:01:03
[12/10 04:44:42 d2.evaluation.evaluator]: Inference done 601/1003. Dataloading: 0.0020 s/iter. Inference: 0.0762 s/iter. Eval: 0.0680 s/iter. Total: 0.1463 s/iter. ETA=0:00:58
[12/10 04:44:47 d2.evaluation.evaluator]: Inference done 636/1003. Dataloading: 0.0020 s/iter. Inference: 0.0762 s/iter. Eval: 0.0679 s/iter. Total: 0.1462 s/iter. ETA=0:00:53
[12/10 04:44:52 d2.evaluation.evaluator]: Inference done 671/1003. Dataloading: 0.0020 s/iter. Inference: 0.0762 s/iter. Eval: 0.0678 s/iter. Total: 0.1461 s/iter. ETA=0:00:48
[12/10 04:44:57 d2.evaluation.evaluator]: Inference done 707/1003. Dataloading: 0.0020 s/iter. Inference: 0.0761 s/iter. Eval: 0.0677 s/iter. Total: 0.1459 s/iter. ETA=0:00:43
[12/10 04:45:02 d2.evaluation.evaluator]: Inference done 742/1003. Dataloading: 0.0020 s/iter. Inference: 0.0761 s/iter. Eval: 0.0677 s/iter. Total: 0.1459 s/iter. ETA=0:00:38
[12/10 04:45:07 d2.evaluation.evaluator]: Inference done 777/1003. Dataloading: 0.0020 s/iter. Inference: 0.0761 s/iter. Eval: 0.0676 s/iter. Total: 0.1458 s/iter. ETA=0:00:32
[12/10 04:45:12 d2.evaluation.evaluator]: Inference done 813/1003. Dataloading: 0.0020 s/iter. Inference: 0.0760 s/iter. Eval: 0.0675 s/iter. Total: 0.1456 s/iter. ETA=0:00:27
[12/10 04:45:17 d2.evaluation.evaluator]: Inference done 849/1003. Dataloading: 0.0020 s/iter. Inference: 0.0760 s/iter. Eval: 0.0673 s/iter. Total: 0.1454 s/iter. ETA=0:00:22
[12/10 04:45:22 d2.evaluation.evaluator]: Inference done 885/1003. Dataloading: 0.0020 s/iter. Inference: 0.0759 s/iter. Eval: 0.0671 s/iter. Total: 0.1452 s/iter. ETA=0:00:17
[12/10 04:45:27 d2.evaluation.evaluator]: Inference done 921/1003. Dataloading: 0.0020 s/iter. Inference: 0.0759 s/iter. Eval: 0.0670 s/iter. Total: 0.1450 s/iter. ETA=0:00:11
[12/10 04:45:32 d2.evaluation.evaluator]: Inference done 956/1003. Dataloading: 0.0020 s/iter. Inference: 0.0759 s/iter. Eval: 0.0670 s/iter. Total: 0.1450 s/iter. ETA=0:00:06
[12/10 04:45:37 d2.evaluation.evaluator]: Inference done 992/1003. Dataloading: 0.0020 s/iter. Inference: 0.0759 s/iter. Eval: 0.0668 s/iter. Total: 0.1448 s/iter. ETA=0:00:01
[12/10 04:45:39 d2.evaluation.evaluator]: Total inference time: 0:02:24.623547 (0.144913 s / iter per device, on 1 devices)
[12/10 04:45:39 d2.evaluation.evaluator]: Total inference pure compute time: 0:01:15 (0.075843 s / iter per device, on 1 devices)
[12/10 04:45:39 d2.evaluation.sem_seg_evaluation]: OrderedDict([('sem_seg', {'mIoU': 57.40343133607294, 'fwIoU': 78.81555847396538, 'IoU-road': 89.2613128204286, 'IoU-sidewalk': 43.130650112850404, 'IoU-building': 80.5652534884181, 'IoU-wall': 39.35152130109958, 'IoU-fence': 26.598997240702776, 'IoU-pole': 27.933843328921743, 'IoU-traffic light': 25.334792518171717, 'IoU-traffic sign': 19.332524077642827, 'IoU-vegetation': 70.67425265983887, 'IoU-terrain': 32.90560251298299, 'IoU-sky': 87.47246875695774, 'IoU-person': 41.592178693046336, 'IoU-rider': 4.885282198681685, 'IoU-car': 76.80247385504492, 'IoU-truck': 44.589011946888455, 'IoU-bus': 75.73042809968784, 'IoU-train': 0.0, 'IoU-motorcycle': 31.261057716906286, 'IoU-bicycle': 37.135081837901794, 'IoU-bag': 84.77611928515589, 'IoU-ball': 81.56684891006996, 'IoU-barrel': 82.66149565698645, 'IoU-bench': 19.999592935079928, 'IoU-bird': 78.51957482570361, 'IoU-bottle': 74.17081121580253, 'IoU-cart': 69.3041822670039, 'IoU-cat': 59.98842029405061, 'IoU-chair': 61.18122202368891, 'IoU-cow': 79.08876738371053, 'IoU-deer': 64.87996228037791, 'IoU-dog': 67.29122672784324, 'IoU-drone': 47.34423228595632, 'IoU-elephant': 76.74615083179546, 'IoU-hat': 76.9513606423519, 'IoU-horse': 79.0764699006429, 'IoU-robot': 72.82493245359856, 'IoU-sheep': 88.68394715618287, 'IoU-table': 29.15396500605504, 'IoU-toy': 57.881656534644065, 'IoU-umbrella': 72.02090336406765, 'IoU-zebra': 74.87210963204994, 'mACC': 72.3145519780371, 'pACC': 87.49380770856871, 'ACC-road': 94.98943502635254, 'ACC-sidewalk': 51.55178473315064, 'ACC-building': 90.5055360021319, 'ACC-wall': 71.77433255395141, 'ACC-fence': 36.49611456656684, 'ACC-pole': 32.42539119020337, 'ACC-traffic light': 44.035348544871624, 'ACC-traffic sign': 22.545923375639376, 'ACC-vegetation': 77.77066479364417, 'ACC-terrain': 56.87281490181062, 'ACC-sky': 97.28718371896579, 'ACC-person': 53.31076093374188, 'ACC-rider': 11.481357712321573, 'ACC-car': 85.96705186712842, 'ACC-truck': 65.02031603253461, 'ACC-bus': 84.40876203611202, 'ACC-train': 0.0, 'ACC-motorcycle': 76.83047089579404, 'ACC-bicycle': 50.68472503337497, 'ACC-bag': 93.16539038644981, 'ACC-ball': 89.73121269647945, 'ACC-barrel': 97.91547803155865, 'ACC-bench': 89.10352673179995, 'ACC-bird': 90.96054961183735, 'ACC-bottle': 79.97324206924212, 'ACC-cart': 90.80205479452054, 'ACC-cat': 72.38155401137082, 'ACC-chair': 83.01546536695098, 'ACC-cow': 91.37814518974665, 'ACC-deer': 83.43622862670345, 'ACC-dog': 75.9795977623906, 'ACC-drone': 56.47008269069962, 'ACC-elephant': 93.22488235859511, 'ACC-hat': 98.15954892612446, 'ACC-horse': 90.53654442010505, 'ACC-robot': 95.64059627425016, 'ACC-sheep': 95.8813668256923, 'ACC-table': 33.92343761388392, 'ACC-toy': 82.5399707435055, 'ACC-umbrella': 95.83261867962656, 'ACC-zebra': 80.88716336969249})])
[12/10 04:45:39 d2.engine.defaults]: Evaluation results for bdd_inpaint41_test in csv format:
[12/10 04:45:39 d2.evaluation.testing]: copypaste: Task: sem_seg
[12/10 04:45:39 d2.evaluation.testing]: copypaste: mIoU,fwIoU,mACC,pACC
[12/10 04:45:39 d2.evaluation.testing]: copypaste: 57.4034,78.8156,72.3146,87.4938
[12/10 02:16:33] d2.evaluation.testing INFO: copypaste: Task: sem_seg
[12/10 02:16:33] d2.evaluation.testing INFO: copypaste: mIoU,fwIoU,mACC,pACC
[12/10 02:16:33] d2.evaluation.testing INFO: copypaste: 48.7346,82.3348,61.2728,89.6329
[12/10 02:23:03] d2.evaluation.testing INFO: copypaste: Task: sem_seg
[12/10 02:23:03] d2.evaluation.testing INFO: copypaste: mIoU,fwIoU,mACC,pACC
[12/10 02:23:03] d2.evaluation.testing INFO: copypaste: 40.8409,72.7072,56.0437,83.6289
[12/10 02:25:22] d2.evaluation.testing INFO: copypaste: Task: sem_seg
[12/10 02:25:22] d2.evaluation.testing INFO: copypaste: mIoU,fwIoU,mACC,pACC
[12/10 02:25:22] d2.evaluation.testing INFO: copypaste: 48.0243,81.3895,60.6794,89.1811
[12/10 03:07:51] d2.evaluation.testing INFO: copypaste: Task: sem_seg
[12/10 03:07:51] d2.evaluation.testing INFO: copypaste: mIoU,fwIoU,mACC,pACC
[12/10 03:07:51] d2.evaluation.testing INFO: copypaste: 54.0159,83.1835,66.9422,90.3984
[12/10 04:31:30] d2.evaluation.testing INFO: copypaste: Task: sem_seg
[12/10 04:31:30] d2.evaluation.testing INFO: copypaste: mIoU,fwIoU,mACC,pACC
[12/10 04:31:30] d2.evaluation.testing INFO: copypaste: 40.8835,75.0836,55.6832,84.8605
[12/10 04:38:37] d2.evaluation.testing INFO: copypaste: Task: sem_seg
[12/10 04:38:37] d2.evaluation.testing INFO: copypaste: mIoU,fwIoU,mACC,pACC
[12/10 04:38:37] d2.evaluation.testing INFO: copypaste: 34.4118,73.1199,57.3990,80.9808
[12/10 04:43:01] d2.evaluation.testing INFO: copypaste: Task: sem_seg
[12/10 04:43:01] d2.evaluation.testing INFO: copypaste: mIoU,fwIoU,mACC,pACC
[12/10 04:43:01] d2.evaluation.testing INFO: copypaste: 50.7398,68.5698,68.4383,80.5046
[12/10 04:45:39] d2.evaluation.testing INFO: copypaste: Task: sem_seg
[12/10 04:45:39] d2.evaluation.testing INFO: copypaste: mIoU,fwIoU,mACC,pACC
[12/10 04:45:39] d2.evaluation.testing INFO: copypaste: 57.4034,78.8156,72.3146,87.4938
